"attempt_id","attempt_order","transition_label","DGP","replication","chain","sentinel","profile","variable","lag","acf"
"one_root_exact_e9c8068",1,"one-root partially collapsed scale update","S03",13,1,FALSE,"standard","log_q_1",1,0.950168121407308
"one_root_exact_e9c8068",1,"one-root partially collapsed scale update","S03",13,1,FALSE,"standard","log_q_1",5,0.814813073666589
"one_root_exact_e9c8068",1,"one-root partially collapsed scale update","S03",13,1,FALSE,"standard","log_q_1",10,0.67235521277141
"one_root_exact_e9c8068",1,"one-root partially collapsed scale update","S03",13,1,FALSE,"standard","log_q_1",25,0.365049489429781
"one_root_exact_e9c8068",1,"one-root partially collapsed scale update","S03",13,1,FALSE,"standard","log_q_1",50,0.163866228611865
"one_root_exact_e9c8068",1,"one-root partially collapsed scale update","S03",13,1,FALSE,"standard","observed_loss",1,0.703546108386018
"one_root_exact_e9c8068",1,"one-root partially collapsed scale update","S03",13,1,FALSE,"standard","observed_loss",5,0.553282976660479
"one_root_exact_e9c8068",1,"one-root partially collapsed scale update","S03",13,1,FALSE,"standard","observed_loss",10,0.454523296878691
"one_root_exact_e9c8068",1,"one-root partially collapsed scale update","S03",13,1,FALSE,"standard","observed_loss",25,0.240347705044074
"one_root_exact_e9c8068",1,"one-root partially collapsed scale update","S03",13,1,FALSE,"standard","observed_loss",50,0.109811235837196
"one_root_exact_e9c8068",1,"one-root partially collapsed scale update","S03",13,1,FALSE,"standard","mean_width",1,0.702451619900153
"one_root_exact_e9c8068",1,"one-root partially collapsed scale update","S03",13,1,FALSE,"standard","mean_width",5,0.19776824368455
"one_root_exact_e9c8068",1,"one-root partially collapsed scale update","S03",13,1,FALSE,"standard","mean_width",10,0.044291868813417
"one_root_exact_e9c8068",1,"one-root partially collapsed scale update","S03",13,1,FALSE,"standard","mean_width",25,-0.0280381334529088
"one_root_exact_e9c8068",1,"one-root partially collapsed scale update","S03",13,1,FALSE,"standard","mean_width",50,-0.000608189871260424
"one_root_exact_e9c8068",1,"one-root partially collapsed scale update","S03",13,1,FALSE,"standard","mean_midpoint",1,0.577950143076674
"one_root_exact_e9c8068",1,"one-root partially collapsed scale update","S03",13,1,FALSE,"standard","mean_midpoint",5,0.13979837945707
"one_root_exact_e9c8068",1,"one-root partially collapsed scale update","S03",13,1,FALSE,"standard","mean_midpoint",10,0.0406984094920965
"one_root_exact_e9c8068",1,"one-root partially collapsed scale update","S03",13,1,FALSE,"standard","mean_midpoint",25,-0.00516258562761503
"one_root_exact_e9c8068",1,"one-root partially collapsed scale update","S03",13,1,FALSE,"standard","mean_midpoint",50,0.00140164936942185
"one_root_exact_e9c8068",1,"one-root partially collapsed scale update","S03",13,1,FALSE,"standard","terminal_width",1,0.663186114507966
"one_root_exact_e9c8068",1,"one-root partially collapsed scale update","S03",13,1,FALSE,"standard","terminal_width",5,0.381082096843742
"one_root_exact_e9c8068",1,"one-root partially collapsed scale update","S03",13,1,FALSE,"standard","terminal_width",10,0.225468465085882
"one_root_exact_e9c8068",1,"one-root partially collapsed scale update","S03",13,1,FALSE,"standard","terminal_width",25,0.0570283467967642
"one_root_exact_e9c8068",1,"one-root partially collapsed scale update","S03",13,1,FALSE,"standard","terminal_width",50,0.015744350592143
"one_root_exact_e9c8068",1,"one-root partially collapsed scale update","S03",13,1,FALSE,"standard","terminal_midpoint",1,0.550935207155768
"one_root_exact_e9c8068",1,"one-root partially collapsed scale update","S03",13,1,FALSE,"standard","terminal_midpoint",5,0.243702478343594
"one_root_exact_e9c8068",1,"one-root partially collapsed scale update","S03",13,1,FALSE,"standard","terminal_midpoint",10,0.119177330318597
"one_root_exact_e9c8068",1,"one-root partially collapsed scale update","S03",13,1,FALSE,"standard","terminal_midpoint",25,0.0361565987087063
"one_root_exact_e9c8068",1,"one-root partially collapsed scale update","S03",13,1,FALSE,"standard","terminal_midpoint",50,0.0256618167582739
"one_root_exact_e9c8068",1,"one-root partially collapsed scale update","S03",103,1,FALSE,"standard","log_q_1",1,0.863980906585201
"one_root_exact_e9c8068",1,"one-root partially collapsed scale update","S03",103,1,FALSE,"standard","log_q_1",5,0.54834569977006
"one_root_exact_e9c8068",1,"one-root partially collapsed scale update","S03",103,1,FALSE,"standard","log_q_1",10,0.335897484152316
"one_root_exact_e9c8068",1,"one-root partially collapsed scale update","S03",103,1,FALSE,"standard","log_q_1",25,0.0513889372437026
"one_root_exact_e9c8068",1,"one-root partially collapsed scale update","S03",103,1,FALSE,"standard","log_q_1",50,0.0152711857611652
"one_root_exact_e9c8068",1,"one-root partially collapsed scale update","S03",103,1,FALSE,"standard","observed_loss",1,0.396464661035003
"one_root_exact_e9c8068",1,"one-root partially collapsed scale update","S03",103,1,FALSE,"standard","observed_loss",5,0.154128819155556
"one_root_exact_e9c8068",1,"one-root partially collapsed scale update","S03",103,1,FALSE,"standard","observed_loss",10,0.096913647231701
"one_root_exact_e9c8068",1,"one-root partially collapsed scale update","S03",103,1,FALSE,"standard","observed_loss",25,0.0205036162781166
"one_root_exact_e9c8068",1,"one-root partially collapsed scale update","S03",103,1,FALSE,"standard","observed_loss",50,0.0220987249184241
"one_root_exact_e9c8068",1,"one-root partially collapsed scale update","S03",103,1,FALSE,"standard","mean_width",1,0.655503599037596
"one_root_exact_e9c8068",1,"one-root partially collapsed scale update","S03",103,1,FALSE,"standard","mean_width",5,0.155726150687098
"one_root_exact_e9c8068",1,"one-root partially collapsed scale update","S03",103,1,FALSE,"standard","mean_width",10,0.0483500149157425
"one_root_exact_e9c8068",1,"one-root partially collapsed scale update","S03",103,1,FALSE,"standard","mean_width",25,0.0164180446180961
"one_root_exact_e9c8068",1,"one-root partially collapsed scale update","S03",103,1,FALSE,"standard","mean_width",50,-0.00921116791205825
"one_root_exact_e9c8068",1,"one-root partially collapsed scale update","S03",103,1,FALSE,"standard","mean_midpoint",1,0.563009979031473
"one_root_exact_e9c8068",1,"one-root partially collapsed scale update","S03",103,1,FALSE,"standard","mean_midpoint",5,0.0771095035492451
"one_root_exact_e9c8068",1,"one-root partially collapsed scale update","S03",103,1,FALSE,"standard","mean_midpoint",10,-0.0246556073524618
"one_root_exact_e9c8068",1,"one-root partially collapsed scale update","S03",103,1,FALSE,"standard","mean_midpoint",25,-0.0146196490808942
"one_root_exact_e9c8068",1,"one-root partially collapsed scale update","S03",103,1,FALSE,"standard","mean_midpoint",50,0.00761165011332165
"one_root_exact_e9c8068",1,"one-root partially collapsed scale update","S03",103,1,FALSE,"standard","terminal_width",1,0.314152061243575
"one_root_exact_e9c8068",1,"one-root partially collapsed scale update","S03",103,1,FALSE,"standard","terminal_width",5,0.027471396511395
"one_root_exact_e9c8068",1,"one-root partially collapsed scale update","S03",103,1,FALSE,"standard","terminal_width",10,-0.0032612520902389
"one_root_exact_e9c8068",1,"one-root partially collapsed scale update","S03",103,1,FALSE,"standard","terminal_width",25,0.0144898389475876
"one_root_exact_e9c8068",1,"one-root partially collapsed scale update","S03",103,1,FALSE,"standard","terminal_width",50,0.00389584062777132
"one_root_exact_e9c8068",1,"one-root partially collapsed scale update","S03",103,1,FALSE,"standard","terminal_midpoint",1,0.234298550855993
"one_root_exact_e9c8068",1,"one-root partially collapsed scale update","S03",103,1,FALSE,"standard","terminal_midpoint",5,0.0147023483033354
"one_root_exact_e9c8068",1,"one-root partially collapsed scale update","S03",103,1,FALSE,"standard","terminal_midpoint",10,-0.00390557003884015
"one_root_exact_e9c8068",1,"one-root partially collapsed scale update","S03",103,1,FALSE,"standard","terminal_midpoint",25,-0.0108202732608976
"one_root_exact_e9c8068",1,"one-root partially collapsed scale update","S03",103,1,FALSE,"standard","terminal_midpoint",50,0.00803867091134373
"one_root_exact_e9c8068",1,"one-root partially collapsed scale update","S03",192,1,FALSE,"standard","log_q_1",1,0.896006829477876
"one_root_exact_e9c8068",1,"one-root partially collapsed scale update","S03",192,1,FALSE,"standard","log_q_1",5,0.645662266453044
"one_root_exact_e9c8068",1,"one-root partially collapsed scale update","S03",192,1,FALSE,"standard","log_q_1",10,0.419246173836314
"one_root_exact_e9c8068",1,"one-root partially collapsed scale update","S03",192,1,FALSE,"standard","log_q_1",25,0.0963136265375835
"one_root_exact_e9c8068",1,"one-root partially collapsed scale update","S03",192,1,FALSE,"standard","log_q_1",50,0.0182596335719383
"one_root_exact_e9c8068",1,"one-root partially collapsed scale update","S03",192,1,FALSE,"standard","observed_loss",1,0.333586631789973
"one_root_exact_e9c8068",1,"one-root partially collapsed scale update","S03",192,1,FALSE,"standard","observed_loss",5,0.112929197748685
"one_root_exact_e9c8068",1,"one-root partially collapsed scale update","S03",192,1,FALSE,"standard","observed_loss",10,0.0547814526951248
"one_root_exact_e9c8068",1,"one-root partially collapsed scale update","S03",192,1,FALSE,"standard","observed_loss",25,0.0165837582530735
"one_root_exact_e9c8068",1,"one-root partially collapsed scale update","S03",192,1,FALSE,"standard","observed_loss",50,0.012640752408315
"one_root_exact_e9c8068",1,"one-root partially collapsed scale update","S03",192,1,FALSE,"standard","mean_width",1,0.614427767113532
"one_root_exact_e9c8068",1,"one-root partially collapsed scale update","S03",192,1,FALSE,"standard","mean_width",5,0.106020490267214
"one_root_exact_e9c8068",1,"one-root partially collapsed scale update","S03",192,1,FALSE,"standard","mean_width",10,0.0140231869072545
"one_root_exact_e9c8068",1,"one-root partially collapsed scale update","S03",192,1,FALSE,"standard","mean_width",25,-0.0466273660144254
"one_root_exact_e9c8068",1,"one-root partially collapsed scale update","S03",192,1,FALSE,"standard","mean_width",50,0.00563562158205904
"one_root_exact_e9c8068",1,"one-root partially collapsed scale update","S03",192,1,FALSE,"standard","mean_midpoint",1,0.481642396159435
"one_root_exact_e9c8068",1,"one-root partially collapsed scale update","S03",192,1,FALSE,"standard","mean_midpoint",5,0.0198069214336388
"one_root_exact_e9c8068",1,"one-root partially collapsed scale update","S03",192,1,FALSE,"standard","mean_midpoint",10,0.00685533876099587
"one_root_exact_e9c8068",1,"one-root partially collapsed scale update","S03",192,1,FALSE,"standard","mean_midpoint",25,0.00393088924115851
"one_root_exact_e9c8068",1,"one-root partially collapsed scale update","S03",192,1,FALSE,"standard","mean_midpoint",50,-0.00306118586660647
"one_root_exact_e9c8068",1,"one-root partially collapsed scale update","S03",192,1,FALSE,"standard","terminal_width",1,0.333122139515718
"one_root_exact_e9c8068",1,"one-root partially collapsed scale update","S03",192,1,FALSE,"standard","terminal_width",5,0.0271184631678122
"one_root_exact_e9c8068",1,"one-root partially collapsed scale update","S03",192,1,FALSE,"standard","terminal_width",10,0.00292005449960386
"one_root_exact_e9c8068",1,"one-root partially collapsed scale update","S03",192,1,FALSE,"standard","terminal_width",25,-0.0193329838975213
"one_root_exact_e9c8068",1,"one-root partially collapsed scale update","S03",192,1,FALSE,"standard","terminal_width",50,-0.0166505914376843
"one_root_exact_e9c8068",1,"one-root partially collapsed scale update","S03",192,1,FALSE,"standard","terminal_midpoint",1,0.296268205022004
"one_root_exact_e9c8068",1,"one-root partially collapsed scale update","S03",192,1,FALSE,"standard","terminal_midpoint",5,0.0405881726205477
"one_root_exact_e9c8068",1,"one-root partially collapsed scale update","S03",192,1,FALSE,"standard","terminal_midpoint",10,0.0189040590925629
"one_root_exact_e9c8068",1,"one-root partially collapsed scale update","S03",192,1,FALSE,"standard","terminal_midpoint",25,-0.00988134327751147
"one_root_exact_e9c8068",1,"one-root partially collapsed scale update","S03",192,1,FALSE,"standard","terminal_midpoint",50,-0.00877463241315692
"one_root_exact_e9c8068",1,"one-root partially collapsed scale update","S04",193,1,TRUE,"A","log_q_1",1,0.891187170938021
"one_root_exact_e9c8068",1,"one-root partially collapsed scale update","S04",193,1,TRUE,"A","log_q_1",5,0.644929160456636
"one_root_exact_e9c8068",1,"one-root partially collapsed scale update","S04",193,1,TRUE,"A","log_q_1",10,0.408392718322715
"one_root_exact_e9c8068",1,"one-root partially collapsed scale update","S04",193,1,TRUE,"A","log_q_1",25,0.123263828988871
"one_root_exact_e9c8068",1,"one-root partially collapsed scale update","S04",193,1,TRUE,"A","log_q_1",50,0.0379386472817214
"one_root_exact_e9c8068",1,"one-root partially collapsed scale update","S04",193,1,TRUE,"A","observed_loss",1,0.430156068260978
"one_root_exact_e9c8068",1,"one-root partially collapsed scale update","S04",193,1,TRUE,"A","observed_loss",5,0.166196819152057
"one_root_exact_e9c8068",1,"one-root partially collapsed scale update","S04",193,1,TRUE,"A","observed_loss",10,0.0943369886954266
"one_root_exact_e9c8068",1,"one-root partially collapsed scale update","S04",193,1,TRUE,"A","observed_loss",25,0.0252533123086222
"one_root_exact_e9c8068",1,"one-root partially collapsed scale update","S04",193,1,TRUE,"A","observed_loss",50,0.0283822734557514
"one_root_exact_e9c8068",1,"one-root partially collapsed scale update","S04",193,1,TRUE,"A","mean_width",1,0.712228327057195
"one_root_exact_e9c8068",1,"one-root partially collapsed scale update","S04",193,1,TRUE,"A","mean_width",5,0.208672908240941
"one_root_exact_e9c8068",1,"one-root partially collapsed scale update","S04",193,1,TRUE,"A","mean_width",10,0.0535147364742096
"one_root_exact_e9c8068",1,"one-root partially collapsed scale update","S04",193,1,TRUE,"A","mean_width",25,-0.000731123159148922
"one_root_exact_e9c8068",1,"one-root partially collapsed scale update","S04",193,1,TRUE,"A","mean_width",50,0.0141590705944194
"one_root_exact_e9c8068",1,"one-root partially collapsed scale update","S04",193,1,TRUE,"A","mean_midpoint",1,0.567136860642956
"one_root_exact_e9c8068",1,"one-root partially collapsed scale update","S04",193,1,TRUE,"A","mean_midpoint",5,0.0767402483895034
"one_root_exact_e9c8068",1,"one-root partially collapsed scale update","S04",193,1,TRUE,"A","mean_midpoint",10,0.00516962857477349
"one_root_exact_e9c8068",1,"one-root partially collapsed scale update","S04",193,1,TRUE,"A","mean_midpoint",25,0.0244976907679537
"one_root_exact_e9c8068",1,"one-root partially collapsed scale update","S04",193,1,TRUE,"A","mean_midpoint",50,-0.0182347381657715
"one_root_exact_e9c8068",1,"one-root partially collapsed scale update","S04",193,1,TRUE,"A","terminal_width",1,0.478218325887497
"one_root_exact_e9c8068",1,"one-root partially collapsed scale update","S04",193,1,TRUE,"A","terminal_width",5,0.0940315239425332
"one_root_exact_e9c8068",1,"one-root partially collapsed scale update","S04",193,1,TRUE,"A","terminal_width",10,-0.00293307391603932
"one_root_exact_e9c8068",1,"one-root partially collapsed scale update","S04",193,1,TRUE,"A","terminal_width",25,-0.00425216310199775
"one_root_exact_e9c8068",1,"one-root partially collapsed scale update","S04",193,1,TRUE,"A","terminal_width",50,-0.00236265820398943
"one_root_exact_e9c8068",1,"one-root partially collapsed scale update","S04",193,1,TRUE,"A","terminal_midpoint",1,0.349325675659075
"one_root_exact_e9c8068",1,"one-root partially collapsed scale update","S04",193,1,TRUE,"A","terminal_midpoint",5,0.0481223743622392
"one_root_exact_e9c8068",1,"one-root partially collapsed scale update","S04",193,1,TRUE,"A","terminal_midpoint",10,0.00392771846787449
"one_root_exact_e9c8068",1,"one-root partially collapsed scale update","S04",193,1,TRUE,"A","terminal_midpoint",25,0.000538159708665375
"one_root_exact_e9c8068",1,"one-root partially collapsed scale update","S04",193,1,TRUE,"A","terminal_midpoint",50,0.00990261240479489
"one_root_exact_e9c8068",1,"one-root partially collapsed scale update","S04",193,2,TRUE,"B","log_q_1",1,0.887600275123041
"one_root_exact_e9c8068",1,"one-root partially collapsed scale update","S04",193,2,TRUE,"B","log_q_1",5,0.661922591108243
"one_root_exact_e9c8068",1,"one-root partially collapsed scale update","S04",193,2,TRUE,"B","log_q_1",10,0.482139068193387
"one_root_exact_e9c8068",1,"one-root partially collapsed scale update","S04",193,2,TRUE,"B","log_q_1",25,0.197202487842552
"one_root_exact_e9c8068",1,"one-root partially collapsed scale update","S04",193,2,TRUE,"B","log_q_1",50,-0.0535165234176183
"one_root_exact_e9c8068",1,"one-root partially collapsed scale update","S04",193,2,TRUE,"B","observed_loss",1,0.415324734370874
"one_root_exact_e9c8068",1,"one-root partially collapsed scale update","S04",193,2,TRUE,"B","observed_loss",5,0.178405946797021
"one_root_exact_e9c8068",1,"one-root partially collapsed scale update","S04",193,2,TRUE,"B","observed_loss",10,0.104773696939697
"one_root_exact_e9c8068",1,"one-root partially collapsed scale update","S04",193,2,TRUE,"B","observed_loss",25,0.0449940397251722
"one_root_exact_e9c8068",1,"one-root partially collapsed scale update","S04",193,2,TRUE,"B","observed_loss",50,-0.0227606258201277
"one_root_exact_e9c8068",1,"one-root partially collapsed scale update","S04",193,2,TRUE,"B","mean_width",1,0.720959763465939
"one_root_exact_e9c8068",1,"one-root partially collapsed scale update","S04",193,2,TRUE,"B","mean_width",5,0.240183035142927
"one_root_exact_e9c8068",1,"one-root partially collapsed scale update","S04",193,2,TRUE,"B","mean_width",10,0.0833298114683735
"one_root_exact_e9c8068",1,"one-root partially collapsed scale update","S04",193,2,TRUE,"B","mean_width",25,0.00234600590204865
"one_root_exact_e9c8068",1,"one-root partially collapsed scale update","S04",193,2,TRUE,"B","mean_width",50,0.0369446066630693
"one_root_exact_e9c8068",1,"one-root partially collapsed scale update","S04",193,2,TRUE,"B","mean_midpoint",1,0.566151393864925
"one_root_exact_e9c8068",1,"one-root partially collapsed scale update","S04",193,2,TRUE,"B","mean_midpoint",5,0.0980433429409694
"one_root_exact_e9c8068",1,"one-root partially collapsed scale update","S04",193,2,TRUE,"B","mean_midpoint",10,0.030194951263003
"one_root_exact_e9c8068",1,"one-root partially collapsed scale update","S04",193,2,TRUE,"B","mean_midpoint",25,0.00959082743798479
"one_root_exact_e9c8068",1,"one-root partially collapsed scale update","S04",193,2,TRUE,"B","mean_midpoint",50,-0.0120469034696554
"one_root_exact_e9c8068",1,"one-root partially collapsed scale update","S04",193,2,TRUE,"B","terminal_width",1,0.485769677008899
"one_root_exact_e9c8068",1,"one-root partially collapsed scale update","S04",193,2,TRUE,"B","terminal_width",5,0.105968793819159
"one_root_exact_e9c8068",1,"one-root partially collapsed scale update","S04",193,2,TRUE,"B","terminal_width",10,-0.00607761017619416
"one_root_exact_e9c8068",1,"one-root partially collapsed scale update","S04",193,2,TRUE,"B","terminal_width",25,-0.00243082150380386
"one_root_exact_e9c8068",1,"one-root partially collapsed scale update","S04",193,2,TRUE,"B","terminal_width",50,0.0152263800659073
"one_root_exact_e9c8068",1,"one-root partially collapsed scale update","S04",193,2,TRUE,"B","terminal_midpoint",1,0.359748932222745
"one_root_exact_e9c8068",1,"one-root partially collapsed scale update","S04",193,2,TRUE,"B","terminal_midpoint",5,0.0490296027577706
"one_root_exact_e9c8068",1,"one-root partially collapsed scale update","S04",193,2,TRUE,"B","terminal_midpoint",10,0.0127580327188853
"one_root_exact_e9c8068",1,"one-root partially collapsed scale update","S04",193,2,TRUE,"B","terminal_midpoint",25,-0.00785954109749896
"one_root_exact_e9c8068",1,"one-root partially collapsed scale update","S04",193,2,TRUE,"B","terminal_midpoint",50,-0.0121038821021189
"one_root_exact_e9c8068",1,"one-root partially collapsed scale update","S04",193,3,TRUE,"C","log_q_1",1,0.875479622226257
"one_root_exact_e9c8068",1,"one-root partially collapsed scale update","S04",193,3,TRUE,"C","log_q_1",5,0.603627653871661
"one_root_exact_e9c8068",1,"one-root partially collapsed scale update","S04",193,3,TRUE,"C","log_q_1",10,0.36576969270125
"one_root_exact_e9c8068",1,"one-root partially collapsed scale update","S04",193,3,TRUE,"C","log_q_1",25,0.0576612786028745
"one_root_exact_e9c8068",1,"one-root partially collapsed scale update","S04",193,3,TRUE,"C","log_q_1",50,-0.00534036567343666
"one_root_exact_e9c8068",1,"one-root partially collapsed scale update","S04",193,3,TRUE,"C","observed_loss",1,0.428882032919605
"one_root_exact_e9c8068",1,"one-root partially collapsed scale update","S04",193,3,TRUE,"C","observed_loss",5,0.163160658193795
"one_root_exact_e9c8068",1,"one-root partially collapsed scale update","S04",193,3,TRUE,"C","observed_loss",10,0.0641392948991997
"one_root_exact_e9c8068",1,"one-root partially collapsed scale update","S04",193,3,TRUE,"C","observed_loss",25,0.00447540713985568
"one_root_exact_e9c8068",1,"one-root partially collapsed scale update","S04",193,3,TRUE,"C","observed_loss",50,-0.0107273570163622
"one_root_exact_e9c8068",1,"one-root partially collapsed scale update","S04",193,3,TRUE,"C","mean_width",1,0.725489778560933
"one_root_exact_e9c8068",1,"one-root partially collapsed scale update","S04",193,3,TRUE,"C","mean_width",5,0.26100153134472
"one_root_exact_e9c8068",1,"one-root partially collapsed scale update","S04",193,3,TRUE,"C","mean_width",10,0.0830456023254191
"one_root_exact_e9c8068",1,"one-root partially collapsed scale update","S04",193,3,TRUE,"C","mean_width",25,0.017137948096114
"one_root_exact_e9c8068",1,"one-root partially collapsed scale update","S04",193,3,TRUE,"C","mean_width",50,-0.000606502194197533
"one_root_exact_e9c8068",1,"one-root partially collapsed scale update","S04",193,3,TRUE,"C","mean_midpoint",1,0.590560018283302
"one_root_exact_e9c8068",1,"one-root partially collapsed scale update","S04",193,3,TRUE,"C","mean_midpoint",5,0.0900418076887971
"one_root_exact_e9c8068",1,"one-root partially collapsed scale update","S04",193,3,TRUE,"C","mean_midpoint",10,-0.0154234904984029
"one_root_exact_e9c8068",1,"one-root partially collapsed scale update","S04",193,3,TRUE,"C","mean_midpoint",25,0.000890141537869157
"one_root_exact_e9c8068",1,"one-root partially collapsed scale update","S04",193,3,TRUE,"C","mean_midpoint",50,0.00289641243473255
"one_root_exact_e9c8068",1,"one-root partially collapsed scale update","S04",193,3,TRUE,"C","terminal_width",1,0.470789747358484
"one_root_exact_e9c8068",1,"one-root partially collapsed scale update","S04",193,3,TRUE,"C","terminal_width",5,0.0815117277780071
"one_root_exact_e9c8068",1,"one-root partially collapsed scale update","S04",193,3,TRUE,"C","terminal_width",10,0.00735036612308471
"one_root_exact_e9c8068",1,"one-root partially collapsed scale update","S04",193,3,TRUE,"C","terminal_width",25,0.0233421697325625
"one_root_exact_e9c8068",1,"one-root partially collapsed scale update","S04",193,3,TRUE,"C","terminal_width",50,-0.0236288602009841
"one_root_exact_e9c8068",1,"one-root partially collapsed scale update","S04",193,3,TRUE,"C","terminal_midpoint",1,0.335260461466534
"one_root_exact_e9c8068",1,"one-root partially collapsed scale update","S04",193,3,TRUE,"C","terminal_midpoint",5,0.0272491110158263
"one_root_exact_e9c8068",1,"one-root partially collapsed scale update","S04",193,3,TRUE,"C","terminal_midpoint",10,0.0167333255940971
"one_root_exact_e9c8068",1,"one-root partially collapsed scale update","S04",193,3,TRUE,"C","terminal_midpoint",25,0.00719723836108023
"one_root_exact_e9c8068",1,"one-root partially collapsed scale update","S04",193,3,TRUE,"C","terminal_midpoint",50,-0.000195569117483652
"one_root_exact_e9c8068",1,"one-root partially collapsed scale update","S04",193,4,TRUE,"D","log_q_1",1,0.89476050543313
"one_root_exact_e9c8068",1,"one-root partially collapsed scale update","S04",193,4,TRUE,"D","log_q_1",5,0.659102003288496
"one_root_exact_e9c8068",1,"one-root partially collapsed scale update","S04",193,4,TRUE,"D","log_q_1",10,0.44479684222656
"one_root_exact_e9c8068",1,"one-root partially collapsed scale update","S04",193,4,TRUE,"D","log_q_1",25,0.141472215108701
"one_root_exact_e9c8068",1,"one-root partially collapsed scale update","S04",193,4,TRUE,"D","log_q_1",50,0.0333426427537568
"one_root_exact_e9c8068",1,"one-root partially collapsed scale update","S04",193,4,TRUE,"D","observed_loss",1,0.431619758292517
"one_root_exact_e9c8068",1,"one-root partially collapsed scale update","S04",193,4,TRUE,"D","observed_loss",5,0.174842121648913
"one_root_exact_e9c8068",1,"one-root partially collapsed scale update","S04",193,4,TRUE,"D","observed_loss",10,0.0991727610611728
"one_root_exact_e9c8068",1,"one-root partially collapsed scale update","S04",193,4,TRUE,"D","observed_loss",25,0.0248687150479106
"one_root_exact_e9c8068",1,"one-root partially collapsed scale update","S04",193,4,TRUE,"D","observed_loss",50,-0.0166746751389036
"one_root_exact_e9c8068",1,"one-root partially collapsed scale update","S04",193,4,TRUE,"D","mean_width",1,0.722095821076091
"one_root_exact_e9c8068",1,"one-root partially collapsed scale update","S04",193,4,TRUE,"D","mean_width",5,0.25270472802979
"one_root_exact_e9c8068",1,"one-root partially collapsed scale update","S04",193,4,TRUE,"D","mean_width",10,0.0627794310308431
"one_root_exact_e9c8068",1,"one-root partially collapsed scale update","S04",193,4,TRUE,"D","mean_width",25,-0.0119691226309772
"one_root_exact_e9c8068",1,"one-root partially collapsed scale update","S04",193,4,TRUE,"D","mean_width",50,0.0190102078481457
"one_root_exact_e9c8068",1,"one-root partially collapsed scale update","S04",193,4,TRUE,"D","mean_midpoint",1,0.586819358838435
"one_root_exact_e9c8068",1,"one-root partially collapsed scale update","S04",193,4,TRUE,"D","mean_midpoint",5,0.0613520369322286
"one_root_exact_e9c8068",1,"one-root partially collapsed scale update","S04",193,4,TRUE,"D","mean_midpoint",10,0.0213820699678919
"one_root_exact_e9c8068",1,"one-root partially collapsed scale update","S04",193,4,TRUE,"D","mean_midpoint",25,0.0210687644795848
"one_root_exact_e9c8068",1,"one-root partially collapsed scale update","S04",193,4,TRUE,"D","mean_midpoint",50,0.00266246874628625
"one_root_exact_e9c8068",1,"one-root partially collapsed scale update","S04",193,4,TRUE,"D","terminal_width",1,0.486497127867914
"one_root_exact_e9c8068",1,"one-root partially collapsed scale update","S04",193,4,TRUE,"D","terminal_width",5,0.0849399449493418
"one_root_exact_e9c8068",1,"one-root partially collapsed scale update","S04",193,4,TRUE,"D","terminal_width",10,-0.0101103080036829
"one_root_exact_e9c8068",1,"one-root partially collapsed scale update","S04",193,4,TRUE,"D","terminal_width",25,-0.00730195807329158
"one_root_exact_e9c8068",1,"one-root partially collapsed scale update","S04",193,4,TRUE,"D","terminal_width",50,0.00376709736531239
"one_root_exact_e9c8068",1,"one-root partially collapsed scale update","S04",193,4,TRUE,"D","terminal_midpoint",1,0.367880154920944
"one_root_exact_e9c8068",1,"one-root partially collapsed scale update","S04",193,4,TRUE,"D","terminal_midpoint",5,0.0463767341149973
"one_root_exact_e9c8068",1,"one-root partially collapsed scale update","S04",193,4,TRUE,"D","terminal_midpoint",10,-0.00107625121623647
"one_root_exact_e9c8068",1,"one-root partially collapsed scale update","S04",193,4,TRUE,"D","terminal_midpoint",25,-0.0200566493139119
"one_root_exact_e9c8068",1,"one-root partially collapsed scale update","S04",193,4,TRUE,"D","terminal_midpoint",50,-0.00046703827889958
"one_root_exact_e9c8068",1,"one-root partially collapsed scale update","S04",16,1,TRUE,"A","log_q_1",1,0.877707404812053
"one_root_exact_e9c8068",1,"one-root partially collapsed scale update","S04",16,1,TRUE,"A","log_q_1",5,0.623589384916128
"one_root_exact_e9c8068",1,"one-root partially collapsed scale update","S04",16,1,TRUE,"A","log_q_1",10,0.389794714363712
"one_root_exact_e9c8068",1,"one-root partially collapsed scale update","S04",16,1,TRUE,"A","log_q_1",25,0.079404483274305
"one_root_exact_e9c8068",1,"one-root partially collapsed scale update","S04",16,1,TRUE,"A","log_q_1",50,-0.0562116742924869
"one_root_exact_e9c8068",1,"one-root partially collapsed scale update","S04",16,1,TRUE,"A","observed_loss",1,0.385901941200238
"one_root_exact_e9c8068",1,"one-root partially collapsed scale update","S04",16,1,TRUE,"A","observed_loss",5,0.0827561105353627
"one_root_exact_e9c8068",1,"one-root partially collapsed scale update","S04",16,1,TRUE,"A","observed_loss",10,0.0397530722905446
"one_root_exact_e9c8068",1,"one-root partially collapsed scale update","S04",16,1,TRUE,"A","observed_loss",25,-0.00126079030067856
"one_root_exact_e9c8068",1,"one-root partially collapsed scale update","S04",16,1,TRUE,"A","observed_loss",50,-0.0202271418334953
"one_root_exact_e9c8068",1,"one-root partially collapsed scale update","S04",16,1,TRUE,"A","mean_width",1,0.71641069163966
"one_root_exact_e9c8068",1,"one-root partially collapsed scale update","S04",16,1,TRUE,"A","mean_width",5,0.209879297493777
"one_root_exact_e9c8068",1,"one-root partially collapsed scale update","S04",16,1,TRUE,"A","mean_width",10,0.0644941048805495
"one_root_exact_e9c8068",1,"one-root partially collapsed scale update","S04",16,1,TRUE,"A","mean_width",25,0.00548395111706498
"one_root_exact_e9c8068",1,"one-root partially collapsed scale update","S04",16,1,TRUE,"A","mean_width",50,0.0051595920343383
"one_root_exact_e9c8068",1,"one-root partially collapsed scale update","S04",16,1,TRUE,"A","mean_midpoint",1,0.584802783906747
"one_root_exact_e9c8068",1,"one-root partially collapsed scale update","S04",16,1,TRUE,"A","mean_midpoint",5,0.0922695699721688
"one_root_exact_e9c8068",1,"one-root partially collapsed scale update","S04",16,1,TRUE,"A","mean_midpoint",10,0.0010794688410187
"one_root_exact_e9c8068",1,"one-root partially collapsed scale update","S04",16,1,TRUE,"A","mean_midpoint",25,0.0174738699989288
"one_root_exact_e9c8068",1,"one-root partially collapsed scale update","S04",16,1,TRUE,"A","mean_midpoint",50,0.0141188402890021
"one_root_exact_e9c8068",1,"one-root partially collapsed scale update","S04",16,1,TRUE,"A","terminal_width",1,0.342377002940459
"one_root_exact_e9c8068",1,"one-root partially collapsed scale update","S04",16,1,TRUE,"A","terminal_width",5,0.0748491486945381
"one_root_exact_e9c8068",1,"one-root partially collapsed scale update","S04",16,1,TRUE,"A","terminal_width",10,0.000266610340436255
"one_root_exact_e9c8068",1,"one-root partially collapsed scale update","S04",16,1,TRUE,"A","terminal_width",25,-0.0121320026957549
"one_root_exact_e9c8068",1,"one-root partially collapsed scale update","S04",16,1,TRUE,"A","terminal_width",50,0.00131201679905672
"one_root_exact_e9c8068",1,"one-root partially collapsed scale update","S04",16,1,TRUE,"A","terminal_midpoint",1,0.266991879827349
"one_root_exact_e9c8068",1,"one-root partially collapsed scale update","S04",16,1,TRUE,"A","terminal_midpoint",5,0.029899163249704
"one_root_exact_e9c8068",1,"one-root partially collapsed scale update","S04",16,1,TRUE,"A","terminal_midpoint",10,-0.0121385449668077
"one_root_exact_e9c8068",1,"one-root partially collapsed scale update","S04",16,1,TRUE,"A","terminal_midpoint",25,0.00765753709996373
"one_root_exact_e9c8068",1,"one-root partially collapsed scale update","S04",16,1,TRUE,"A","terminal_midpoint",50,0.0151510468269782
"one_root_exact_e9c8068",1,"one-root partially collapsed scale update","S04",16,2,TRUE,"B","log_q_1",1,0.885901951945735
"one_root_exact_e9c8068",1,"one-root partially collapsed scale update","S04",16,2,TRUE,"B","log_q_1",5,0.62865964617593
"one_root_exact_e9c8068",1,"one-root partially collapsed scale update","S04",16,2,TRUE,"B","log_q_1",10,0.40786788212698
"one_root_exact_e9c8068",1,"one-root partially collapsed scale update","S04",16,2,TRUE,"B","log_q_1",25,0.0896351962141029
"one_root_exact_e9c8068",1,"one-root partially collapsed scale update","S04",16,2,TRUE,"B","log_q_1",50,0.0175673612587244
"one_root_exact_e9c8068",1,"one-root partially collapsed scale update","S04",16,2,TRUE,"B","observed_loss",1,0.365204745403246
"one_root_exact_e9c8068",1,"one-root partially collapsed scale update","S04",16,2,TRUE,"B","observed_loss",5,0.0720864440657557
"one_root_exact_e9c8068",1,"one-root partially collapsed scale update","S04",16,2,TRUE,"B","observed_loss",10,0.0507901862394882
"one_root_exact_e9c8068",1,"one-root partially collapsed scale update","S04",16,2,TRUE,"B","observed_loss",25,0.0239059210395583
"one_root_exact_e9c8068",1,"one-root partially collapsed scale update","S04",16,2,TRUE,"B","observed_loss",50,0.0135984873357273
"one_root_exact_e9c8068",1,"one-root partially collapsed scale update","S04",16,2,TRUE,"B","mean_width",1,0.693227126993456
"one_root_exact_e9c8068",1,"one-root partially collapsed scale update","S04",16,2,TRUE,"B","mean_width",5,0.141268099207187
"one_root_exact_e9c8068",1,"one-root partially collapsed scale update","S04",16,2,TRUE,"B","mean_width",10,0.0329814693109454
"one_root_exact_e9c8068",1,"one-root partially collapsed scale update","S04",16,2,TRUE,"B","mean_width",25,-0.0050442881643418
"one_root_exact_e9c8068",1,"one-root partially collapsed scale update","S04",16,2,TRUE,"B","mean_width",50,0.0373019202382091
"one_root_exact_e9c8068",1,"one-root partially collapsed scale update","S04",16,2,TRUE,"B","mean_midpoint",1,0.589646550625899
"one_root_exact_e9c8068",1,"one-root partially collapsed scale update","S04",16,2,TRUE,"B","mean_midpoint",5,0.0628942051652951
"one_root_exact_e9c8068",1,"one-root partially collapsed scale update","S04",16,2,TRUE,"B","mean_midpoint",10,0.00542651296407789
"one_root_exact_e9c8068",1,"one-root partially collapsed scale update","S04",16,2,TRUE,"B","mean_midpoint",25,0.00103726210262442
"one_root_exact_e9c8068",1,"one-root partially collapsed scale update","S04",16,2,TRUE,"B","mean_midpoint",50,-0.0199074263516088
"one_root_exact_e9c8068",1,"one-root partially collapsed scale update","S04",16,2,TRUE,"B","terminal_width",1,0.341715594674469
"one_root_exact_e9c8068",1,"one-root partially collapsed scale update","S04",16,2,TRUE,"B","terminal_width",5,0.0218249008238052
"one_root_exact_e9c8068",1,"one-root partially collapsed scale update","S04",16,2,TRUE,"B","terminal_width",10,-0.0222981519940832
"one_root_exact_e9c8068",1,"one-root partially collapsed scale update","S04",16,2,TRUE,"B","terminal_width",25,-0.00136145217210605
"one_root_exact_e9c8068",1,"one-root partially collapsed scale update","S04",16,2,TRUE,"B","terminal_width",50,0.0399208366033099
"one_root_exact_e9c8068",1,"one-root partially collapsed scale update","S04",16,2,TRUE,"B","terminal_midpoint",1,0.26871915862384
"one_root_exact_e9c8068",1,"one-root partially collapsed scale update","S04",16,2,TRUE,"B","terminal_midpoint",5,0.0439538766636564
"one_root_exact_e9c8068",1,"one-root partially collapsed scale update","S04",16,2,TRUE,"B","terminal_midpoint",10,0.00907758385516488
"one_root_exact_e9c8068",1,"one-root partially collapsed scale update","S04",16,2,TRUE,"B","terminal_midpoint",25,0.00136874767735552
"one_root_exact_e9c8068",1,"one-root partially collapsed scale update","S04",16,2,TRUE,"B","terminal_midpoint",50,-0.0013390027243512
"one_root_exact_e9c8068",1,"one-root partially collapsed scale update","S04",16,3,TRUE,"C","log_q_1",1,0.875685474760969
"one_root_exact_e9c8068",1,"one-root partially collapsed scale update","S04",16,3,TRUE,"C","log_q_1",5,0.610820910131328
"one_root_exact_e9c8068",1,"one-root partially collapsed scale update","S04",16,3,TRUE,"C","log_q_1",10,0.38315774376867
"one_root_exact_e9c8068",1,"one-root partially collapsed scale update","S04",16,3,TRUE,"C","log_q_1",25,0.15348975942478
"one_root_exact_e9c8068",1,"one-root partially collapsed scale update","S04",16,3,TRUE,"C","log_q_1",50,0.036456532188951
"one_root_exact_e9c8068",1,"one-root partially collapsed scale update","S04",16,3,TRUE,"C","observed_loss",1,0.370658960047297
"one_root_exact_e9c8068",1,"one-root partially collapsed scale update","S04",16,3,TRUE,"C","observed_loss",5,0.0807184137174164
"one_root_exact_e9c8068",1,"one-root partially collapsed scale update","S04",16,3,TRUE,"C","observed_loss",10,0.0323424058125818
"one_root_exact_e9c8068",1,"one-root partially collapsed scale update","S04",16,3,TRUE,"C","observed_loss",25,-0.0134130658993077
"one_root_exact_e9c8068",1,"one-root partially collapsed scale update","S04",16,3,TRUE,"C","observed_loss",50,0.00616125564770224
"one_root_exact_e9c8068",1,"one-root partially collapsed scale update","S04",16,3,TRUE,"C","mean_width",1,0.708372924528531
"one_root_exact_e9c8068",1,"one-root partially collapsed scale update","S04",16,3,TRUE,"C","mean_width",5,0.183466181630104
"one_root_exact_e9c8068",1,"one-root partially collapsed scale update","S04",16,3,TRUE,"C","mean_width",10,0.0657455527822865
"one_root_exact_e9c8068",1,"one-root partially collapsed scale update","S04",16,3,TRUE,"C","mean_width",25,-0.0261529928921805
"one_root_exact_e9c8068",1,"one-root partially collapsed scale update","S04",16,3,TRUE,"C","mean_width",50,0.04236673742671
"one_root_exact_e9c8068",1,"one-root partially collapsed scale update","S04",16,3,TRUE,"C","mean_midpoint",1,0.583549856425562
"one_root_exact_e9c8068",1,"one-root partially collapsed scale update","S04",16,3,TRUE,"C","mean_midpoint",5,0.0982798991018431
"one_root_exact_e9c8068",1,"one-root partially collapsed scale update","S04",16,3,TRUE,"C","mean_midpoint",10,0.0253685442828104
"one_root_exact_e9c8068",1,"one-root partially collapsed scale update","S04",16,3,TRUE,"C","mean_midpoint",25,0.00911047964105998
"one_root_exact_e9c8068",1,"one-root partially collapsed scale update","S04",16,3,TRUE,"C","mean_midpoint",50,-0.0065740902638661
"one_root_exact_e9c8068",1,"one-root partially collapsed scale update","S04",16,3,TRUE,"C","terminal_width",1,0.374939865589309
"one_root_exact_e9c8068",1,"one-root partially collapsed scale update","S04",16,3,TRUE,"C","terminal_width",5,0.04843224736947
"one_root_exact_e9c8068",1,"one-root partially collapsed scale update","S04",16,3,TRUE,"C","terminal_width",10,0.0244257026074065
"one_root_exact_e9c8068",1,"one-root partially collapsed scale update","S04",16,3,TRUE,"C","terminal_width",25,-0.0182521884228509
"one_root_exact_e9c8068",1,"one-root partially collapsed scale update","S04",16,3,TRUE,"C","terminal_width",50,0.0167800840195787
"one_root_exact_e9c8068",1,"one-root partially collapsed scale update","S04",16,3,TRUE,"C","terminal_midpoint",1,0.263271581625435
"one_root_exact_e9c8068",1,"one-root partially collapsed scale update","S04",16,3,TRUE,"C","terminal_midpoint",5,0.00705560289175664
"one_root_exact_e9c8068",1,"one-root partially collapsed scale update","S04",16,3,TRUE,"C","terminal_midpoint",10,0.021479983793001
"one_root_exact_e9c8068",1,"one-root partially collapsed scale update","S04",16,3,TRUE,"C","terminal_midpoint",25,0.00452221597029872
"one_root_exact_e9c8068",1,"one-root partially collapsed scale update","S04",16,3,TRUE,"C","terminal_midpoint",50,-0.00597623500816996
"one_root_exact_e9c8068",1,"one-root partially collapsed scale update","S04",16,4,TRUE,"D","log_q_1",1,0.871683761581562
"one_root_exact_e9c8068",1,"one-root partially collapsed scale update","S04",16,4,TRUE,"D","log_q_1",5,0.594449029320657
"one_root_exact_e9c8068",1,"one-root partially collapsed scale update","S04",16,4,TRUE,"D","log_q_1",10,0.371687978504055
"one_root_exact_e9c8068",1,"one-root partially collapsed scale update","S04",16,4,TRUE,"D","log_q_1",25,0.0914961806092988
"one_root_exact_e9c8068",1,"one-root partially collapsed scale update","S04",16,4,TRUE,"D","log_q_1",50,-0.0606187276178157
"one_root_exact_e9c8068",1,"one-root partially collapsed scale update","S04",16,4,TRUE,"D","observed_loss",1,0.342207557562257
"one_root_exact_e9c8068",1,"one-root partially collapsed scale update","S04",16,4,TRUE,"D","observed_loss",5,0.0838968758285293
"one_root_exact_e9c8068",1,"one-root partially collapsed scale update","S04",16,4,TRUE,"D","observed_loss",10,0.0457829474268932
"one_root_exact_e9c8068",1,"one-root partially collapsed scale update","S04",16,4,TRUE,"D","observed_loss",25,0.0138197807575686
"one_root_exact_e9c8068",1,"one-root partially collapsed scale update","S04",16,4,TRUE,"D","observed_loss",50,0.00983600118823284
"one_root_exact_e9c8068",1,"one-root partially collapsed scale update","S04",16,4,TRUE,"D","mean_width",1,0.70635604781108
"one_root_exact_e9c8068",1,"one-root partially collapsed scale update","S04",16,4,TRUE,"D","mean_width",5,0.1659631885992
"one_root_exact_e9c8068",1,"one-root partially collapsed scale update","S04",16,4,TRUE,"D","mean_width",10,-0.00168735704591224
"one_root_exact_e9c8068",1,"one-root partially collapsed scale update","S04",16,4,TRUE,"D","mean_width",25,-0.0135756831062771
"one_root_exact_e9c8068",1,"one-root partially collapsed scale update","S04",16,4,TRUE,"D","mean_width",50,0.00214842363890451
"one_root_exact_e9c8068",1,"one-root partially collapsed scale update","S04",16,4,TRUE,"D","mean_midpoint",1,0.582123290607365
"one_root_exact_e9c8068",1,"one-root partially collapsed scale update","S04",16,4,TRUE,"D","mean_midpoint",5,0.074069229050048
"one_root_exact_e9c8068",1,"one-root partially collapsed scale update","S04",16,4,TRUE,"D","mean_midpoint",10,-0.00125547693084082
"one_root_exact_e9c8068",1,"one-root partially collapsed scale update","S04",16,4,TRUE,"D","mean_midpoint",25,0.00656452520819729
"one_root_exact_e9c8068",1,"one-root partially collapsed scale update","S04",16,4,TRUE,"D","mean_midpoint",50,0.025472551911013
"one_root_exact_e9c8068",1,"one-root partially collapsed scale update","S04",16,4,TRUE,"D","terminal_width",1,0.366547236829629
"one_root_exact_e9c8068",1,"one-root partially collapsed scale update","S04",16,4,TRUE,"D","terminal_width",5,0.0392723882236096
"one_root_exact_e9c8068",1,"one-root partially collapsed scale update","S04",16,4,TRUE,"D","terminal_width",10,0.00910252240134236
"one_root_exact_e9c8068",1,"one-root partially collapsed scale update","S04",16,4,TRUE,"D","terminal_width",25,-0.00350390514894801
"one_root_exact_e9c8068",1,"one-root partially collapsed scale update","S04",16,4,TRUE,"D","terminal_width",50,-0.0111032052022411
"one_root_exact_e9c8068",1,"one-root partially collapsed scale update","S04",16,4,TRUE,"D","terminal_midpoint",1,0.25361108968861
"one_root_exact_e9c8068",1,"one-root partially collapsed scale update","S04",16,4,TRUE,"D","terminal_midpoint",5,0.0116528658152052
"one_root_exact_e9c8068",1,"one-root partially collapsed scale update","S04",16,4,TRUE,"D","terminal_midpoint",10,0.0174613451650255
"one_root_exact_e9c8068",1,"one-root partially collapsed scale update","S04",16,4,TRUE,"D","terminal_midpoint",25,0.0136615919634825
"one_root_exact_e9c8068",1,"one-root partially collapsed scale update","S04",16,4,TRUE,"D","terminal_midpoint",50,0.0150450784373321
"one_root_exact_e9c8068",1,"one-root partially collapsed scale update","S03",20,1,TRUE,"A","log_q_1",1,0.879506153456622
"one_root_exact_e9c8068",1,"one-root partially collapsed scale update","S03",20,1,TRUE,"A","log_q_1",5,0.637430637319131
"one_root_exact_e9c8068",1,"one-root partially collapsed scale update","S03",20,1,TRUE,"A","log_q_1",10,0.413423933764967
"one_root_exact_e9c8068",1,"one-root partially collapsed scale update","S03",20,1,TRUE,"A","log_q_1",25,0.10547902908214
"one_root_exact_e9c8068",1,"one-root partially collapsed scale update","S03",20,1,TRUE,"A","log_q_1",50,-0.0120721922703302
"one_root_exact_e9c8068",1,"one-root partially collapsed scale update","S03",20,1,TRUE,"A","observed_loss",1,0.377594454273199
"one_root_exact_e9c8068",1,"one-root partially collapsed scale update","S03",20,1,TRUE,"A","observed_loss",5,0.156489042827411
"one_root_exact_e9c8068",1,"one-root partially collapsed scale update","S03",20,1,TRUE,"A","observed_loss",10,0.112155668101983
"one_root_exact_e9c8068",1,"one-root partially collapsed scale update","S03",20,1,TRUE,"A","observed_loss",25,0.0376879396412969
"one_root_exact_e9c8068",1,"one-root partially collapsed scale update","S03",20,1,TRUE,"A","observed_loss",50,0.0123010621823523
"one_root_exact_e9c8068",1,"one-root partially collapsed scale update","S03",20,1,TRUE,"A","mean_width",1,0.610672991756082
"one_root_exact_e9c8068",1,"one-root partially collapsed scale update","S03",20,1,TRUE,"A","mean_width",5,0.110232502892447
"one_root_exact_e9c8068",1,"one-root partially collapsed scale update","S03",20,1,TRUE,"A","mean_width",10,0.0355152749870002
"one_root_exact_e9c8068",1,"one-root partially collapsed scale update","S03",20,1,TRUE,"A","mean_width",25,0.0288423793669989
"one_root_exact_e9c8068",1,"one-root partially collapsed scale update","S03",20,1,TRUE,"A","mean_width",50,0.0178251247223099
"one_root_exact_e9c8068",1,"one-root partially collapsed scale update","S03",20,1,TRUE,"A","mean_midpoint",1,0.487599219313125
"one_root_exact_e9c8068",1,"one-root partially collapsed scale update","S03",20,1,TRUE,"A","mean_midpoint",5,0.0315594787068277
"one_root_exact_e9c8068",1,"one-root partially collapsed scale update","S03",20,1,TRUE,"A","mean_midpoint",10,0.00839988735680869
"one_root_exact_e9c8068",1,"one-root partially collapsed scale update","S03",20,1,TRUE,"A","mean_midpoint",25,0.0267096748070299
"one_root_exact_e9c8068",1,"one-root partially collapsed scale update","S03",20,1,TRUE,"A","mean_midpoint",50,-0.0196759076201275
"one_root_exact_e9c8068",1,"one-root partially collapsed scale update","S03",20,1,TRUE,"A","terminal_width",1,0.223268817767129
"one_root_exact_e9c8068",1,"one-root partially collapsed scale update","S03",20,1,TRUE,"A","terminal_width",5,0.0259949890642686
"one_root_exact_e9c8068",1,"one-root partially collapsed scale update","S03",20,1,TRUE,"A","terminal_width",10,0.00134021667165364
"one_root_exact_e9c8068",1,"one-root partially collapsed scale update","S03",20,1,TRUE,"A","terminal_width",25,0.00714350299971407
"one_root_exact_e9c8068",1,"one-root partially collapsed scale update","S03",20,1,TRUE,"A","terminal_width",50,0.00138882151253494
"one_root_exact_e9c8068",1,"one-root partially collapsed scale update","S03",20,1,TRUE,"A","terminal_midpoint",1,0.16422081690959
"one_root_exact_e9c8068",1,"one-root partially collapsed scale update","S03",20,1,TRUE,"A","terminal_midpoint",5,0.0213919391849829
"one_root_exact_e9c8068",1,"one-root partially collapsed scale update","S03",20,1,TRUE,"A","terminal_midpoint",10,0.00216682971270975
"one_root_exact_e9c8068",1,"one-root partially collapsed scale update","S03",20,1,TRUE,"A","terminal_midpoint",25,0.014344790494443
"one_root_exact_e9c8068",1,"one-root partially collapsed scale update","S03",20,1,TRUE,"A","terminal_midpoint",50,0.0139614414643437
"one_root_exact_e9c8068",1,"one-root partially collapsed scale update","S03",20,2,TRUE,"B","log_q_1",1,0.877466078547262
"one_root_exact_e9c8068",1,"one-root partially collapsed scale update","S03",20,2,TRUE,"B","log_q_1",5,0.637909189710893
"one_root_exact_e9c8068",1,"one-root partially collapsed scale update","S03",20,2,TRUE,"B","log_q_1",10,0.432733230004683
"one_root_exact_e9c8068",1,"one-root partially collapsed scale update","S03",20,2,TRUE,"B","log_q_1",25,0.150701491236444
"one_root_exact_e9c8068",1,"one-root partially collapsed scale update","S03",20,2,TRUE,"B","log_q_1",50,-0.0169583330919576
"one_root_exact_e9c8068",1,"one-root partially collapsed scale update","S03",20,2,TRUE,"B","observed_loss",1,0.41432566808111
"one_root_exact_e9c8068",1,"one-root partially collapsed scale update","S03",20,2,TRUE,"B","observed_loss",5,0.176648471979489
"one_root_exact_e9c8068",1,"one-root partially collapsed scale update","S03",20,2,TRUE,"B","observed_loss",10,0.118484335791435
"one_root_exact_e9c8068",1,"one-root partially collapsed scale update","S03",20,2,TRUE,"B","observed_loss",25,0.0296997429085403
"one_root_exact_e9c8068",1,"one-root partially collapsed scale update","S03",20,2,TRUE,"B","observed_loss",50,-0.0122176246406073
"one_root_exact_e9c8068",1,"one-root partially collapsed scale update","S03",20,2,TRUE,"B","mean_width",1,0.602379183458106
"one_root_exact_e9c8068",1,"one-root partially collapsed scale update","S03",20,2,TRUE,"B","mean_width",5,0.120927592512256
"one_root_exact_e9c8068",1,"one-root partially collapsed scale update","S03",20,2,TRUE,"B","mean_width",10,0.0290946799532741
"one_root_exact_e9c8068",1,"one-root partially collapsed scale update","S03",20,2,TRUE,"B","mean_width",25,-0.0506449762706433
"one_root_exact_e9c8068",1,"one-root partially collapsed scale update","S03",20,2,TRUE,"B","mean_width",50,-0.0148115793054258
"one_root_exact_e9c8068",1,"one-root partially collapsed scale update","S03",20,2,TRUE,"B","mean_midpoint",1,0.484019935921232
"one_root_exact_e9c8068",1,"one-root partially collapsed scale update","S03",20,2,TRUE,"B","mean_midpoint",5,0.0662454272264684
"one_root_exact_e9c8068",1,"one-root partially collapsed scale update","S03",20,2,TRUE,"B","mean_midpoint",10,-0.00715032169409983
"one_root_exact_e9c8068",1,"one-root partially collapsed scale update","S03",20,2,TRUE,"B","mean_midpoint",25,0.00140820366580994
"one_root_exact_e9c8068",1,"one-root partially collapsed scale update","S03",20,2,TRUE,"B","mean_midpoint",50,0.0142443680147362
"one_root_exact_e9c8068",1,"one-root partially collapsed scale update","S03",20,2,TRUE,"B","terminal_width",1,0.190946574064876
"one_root_exact_e9c8068",1,"one-root partially collapsed scale update","S03",20,2,TRUE,"B","terminal_width",5,0.0326507738038544
"one_root_exact_e9c8068",1,"one-root partially collapsed scale update","S03",20,2,TRUE,"B","terminal_width",10,0.0188552442885272
"one_root_exact_e9c8068",1,"one-root partially collapsed scale update","S03",20,2,TRUE,"B","terminal_width",25,-0.00181162545892217
"one_root_exact_e9c8068",1,"one-root partially collapsed scale update","S03",20,2,TRUE,"B","terminal_width",50,-0.00495312700951075
"one_root_exact_e9c8068",1,"one-root partially collapsed scale update","S03",20,2,TRUE,"B","terminal_midpoint",1,0.148525744189825
"one_root_exact_e9c8068",1,"one-root partially collapsed scale update","S03",20,2,TRUE,"B","terminal_midpoint",5,0.0175613412253148
"one_root_exact_e9c8068",1,"one-root partially collapsed scale update","S03",20,2,TRUE,"B","terminal_midpoint",10,0.0141847157847619
"one_root_exact_e9c8068",1,"one-root partially collapsed scale update","S03",20,2,TRUE,"B","terminal_midpoint",25,0.0189067174513019
"one_root_exact_e9c8068",1,"one-root partially collapsed scale update","S03",20,2,TRUE,"B","terminal_midpoint",50,0.000664351935158405
"one_root_exact_e9c8068",1,"one-root partially collapsed scale update","S03",20,3,TRUE,"C","log_q_1",1,0.882210127993643
"one_root_exact_e9c8068",1,"one-root partially collapsed scale update","S03",20,3,TRUE,"C","log_q_1",5,0.635178415824516
"one_root_exact_e9c8068",1,"one-root partially collapsed scale update","S03",20,3,TRUE,"C","log_q_1",10,0.422233571336741
"one_root_exact_e9c8068",1,"one-root partially collapsed scale update","S03",20,3,TRUE,"C","log_q_1",25,0.117810172529192
"one_root_exact_e9c8068",1,"one-root partially collapsed scale update","S03",20,3,TRUE,"C","log_q_1",50,0.00946370683155552
"one_root_exact_e9c8068",1,"one-root partially collapsed scale update","S03",20,3,TRUE,"C","observed_loss",1,0.411644683173768
"one_root_exact_e9c8068",1,"one-root partially collapsed scale update","S03",20,3,TRUE,"C","observed_loss",5,0.194470759717654
"one_root_exact_e9c8068",1,"one-root partially collapsed scale update","S03",20,3,TRUE,"C","observed_loss",10,0.120099761214766
"one_root_exact_e9c8068",1,"one-root partially collapsed scale update","S03",20,3,TRUE,"C","observed_loss",25,0.0260967401898111
"one_root_exact_e9c8068",1,"one-root partially collapsed scale update","S03",20,3,TRUE,"C","observed_loss",50,-0.0139645668579179
"one_root_exact_e9c8068",1,"one-root partially collapsed scale update","S03",20,3,TRUE,"C","mean_width",1,0.599524483969948
"one_root_exact_e9c8068",1,"one-root partially collapsed scale update","S03",20,3,TRUE,"C","mean_width",5,0.117430249924008
"one_root_exact_e9c8068",1,"one-root partially collapsed scale update","S03",20,3,TRUE,"C","mean_width",10,0.0281974147537313
"one_root_exact_e9c8068",1,"one-root partially collapsed scale update","S03",20,3,TRUE,"C","mean_width",25,-0.0141829749463396
"one_root_exact_e9c8068",1,"one-root partially collapsed scale update","S03",20,3,TRUE,"C","mean_width",50,-0.0160603733969273
"one_root_exact_e9c8068",1,"one-root partially collapsed scale update","S03",20,3,TRUE,"C","mean_midpoint",1,0.462704258160778
"one_root_exact_e9c8068",1,"one-root partially collapsed scale update","S03",20,3,TRUE,"C","mean_midpoint",5,0.0637520696293296
"one_root_exact_e9c8068",1,"one-root partially collapsed scale update","S03",20,3,TRUE,"C","mean_midpoint",10,-0.0320095857080459
"one_root_exact_e9c8068",1,"one-root partially collapsed scale update","S03",20,3,TRUE,"C","mean_midpoint",25,-0.0165463451119301
"one_root_exact_e9c8068",1,"one-root partially collapsed scale update","S03",20,3,TRUE,"C","mean_midpoint",50,0.00899089677864862
"one_root_exact_e9c8068",1,"one-root partially collapsed scale update","S03",20,3,TRUE,"C","terminal_width",1,0.208470070695334
"one_root_exact_e9c8068",1,"one-root partially collapsed scale update","S03",20,3,TRUE,"C","terminal_width",5,-0.0147753262427059
"one_root_exact_e9c8068",1,"one-root partially collapsed scale update","S03",20,3,TRUE,"C","terminal_width",10,0.00762169235952505
"one_root_exact_e9c8068",1,"one-root partially collapsed scale update","S03",20,3,TRUE,"C","terminal_width",25,-0.0242673769010716
"one_root_exact_e9c8068",1,"one-root partially collapsed scale update","S03",20,3,TRUE,"C","terminal_width",50,0.0037540363388901
"one_root_exact_e9c8068",1,"one-root partially collapsed scale update","S03",20,3,TRUE,"C","terminal_midpoint",1,0.176499809317642
"one_root_exact_e9c8068",1,"one-root partially collapsed scale update","S03",20,3,TRUE,"C","terminal_midpoint",5,-0.00261096602011929
"one_root_exact_e9c8068",1,"one-root partially collapsed scale update","S03",20,3,TRUE,"C","terminal_midpoint",10,-0.0166557110972116
"one_root_exact_e9c8068",1,"one-root partially collapsed scale update","S03",20,3,TRUE,"C","terminal_midpoint",25,-0.0179569364504213
"one_root_exact_e9c8068",1,"one-root partially collapsed scale update","S03",20,3,TRUE,"C","terminal_midpoint",50,0.00766772881131561
"one_root_exact_e9c8068",1,"one-root partially collapsed scale update","S03",20,4,TRUE,"D","log_q_1",1,0.893318407591973
"one_root_exact_e9c8068",1,"one-root partially collapsed scale update","S03",20,4,TRUE,"D","log_q_1",5,0.665426526684235
"one_root_exact_e9c8068",1,"one-root partially collapsed scale update","S03",20,4,TRUE,"D","log_q_1",10,0.46345367432582
"one_root_exact_e9c8068",1,"one-root partially collapsed scale update","S03",20,4,TRUE,"D","log_q_1",25,0.161717176347041
"one_root_exact_e9c8068",1,"one-root partially collapsed scale update","S03",20,4,TRUE,"D","log_q_1",50,0.0255852472607932
"one_root_exact_e9c8068",1,"one-root partially collapsed scale update","S03",20,4,TRUE,"D","observed_loss",1,0.408562935969875
"one_root_exact_e9c8068",1,"one-root partially collapsed scale update","S03",20,4,TRUE,"D","observed_loss",5,0.208525540024766
"one_root_exact_e9c8068",1,"one-root partially collapsed scale update","S03",20,4,TRUE,"D","observed_loss",10,0.115550345845799
"one_root_exact_e9c8068",1,"one-root partially collapsed scale update","S03",20,4,TRUE,"D","observed_loss",25,0.0612159287134648
"one_root_exact_e9c8068",1,"one-root partially collapsed scale update","S03",20,4,TRUE,"D","observed_loss",50,0.0298551968273011
"one_root_exact_e9c8068",1,"one-root partially collapsed scale update","S03",20,4,TRUE,"D","mean_width",1,0.603203402679987
"one_root_exact_e9c8068",1,"one-root partially collapsed scale update","S03",20,4,TRUE,"D","mean_width",5,0.131970235712424
"one_root_exact_e9c8068",1,"one-root partially collapsed scale update","S03",20,4,TRUE,"D","mean_width",10,0.0195775027368453
"one_root_exact_e9c8068",1,"one-root partially collapsed scale update","S03",20,4,TRUE,"D","mean_width",25,-0.0254060918776642
"one_root_exact_e9c8068",1,"one-root partially collapsed scale update","S03",20,4,TRUE,"D","mean_width",50,-0.0155765688184743
"one_root_exact_e9c8068",1,"one-root partially collapsed scale update","S03",20,4,TRUE,"D","mean_midpoint",1,0.473616955343371
"one_root_exact_e9c8068",1,"one-root partially collapsed scale update","S03",20,4,TRUE,"D","mean_midpoint",5,0.0310462163939516
"one_root_exact_e9c8068",1,"one-root partially collapsed scale update","S03",20,4,TRUE,"D","mean_midpoint",10,-0.0129416343996416
"one_root_exact_e9c8068",1,"one-root partially collapsed scale update","S03",20,4,TRUE,"D","mean_midpoint",25,0.00653740031511278
"one_root_exact_e9c8068",1,"one-root partially collapsed scale update","S03",20,4,TRUE,"D","mean_midpoint",50,0.00566509300277434
"one_root_exact_e9c8068",1,"one-root partially collapsed scale update","S03",20,4,TRUE,"D","terminal_width",1,0.231805169270993
"one_root_exact_e9c8068",1,"one-root partially collapsed scale update","S03",20,4,TRUE,"D","terminal_width",5,0.0110907398347912
"one_root_exact_e9c8068",1,"one-root partially collapsed scale update","S03",20,4,TRUE,"D","terminal_width",10,0.0140243848813809
"one_root_exact_e9c8068",1,"one-root partially collapsed scale update","S03",20,4,TRUE,"D","terminal_width",25,-0.0174711214645349
"one_root_exact_e9c8068",1,"one-root partially collapsed scale update","S03",20,4,TRUE,"D","terminal_width",50,0.01548721357782
"one_root_exact_e9c8068",1,"one-root partially collapsed scale update","S03",20,4,TRUE,"D","terminal_midpoint",1,0.179595762212893
"one_root_exact_e9c8068",1,"one-root partially collapsed scale update","S03",20,4,TRUE,"D","terminal_midpoint",5,-0.00296915576017793
"one_root_exact_e9c8068",1,"one-root partially collapsed scale update","S03",20,4,TRUE,"D","terminal_midpoint",10,0.000291079726983051
"one_root_exact_e9c8068",1,"one-root partially collapsed scale update","S03",20,4,TRUE,"D","terminal_midpoint",25,0.0085124007965133
"one_root_exact_e9c8068",1,"one-root partially collapsed scale update","S03",20,4,TRUE,"D","terminal_midpoint",50,0.00695405525228986
"one_root_exact_e9c8068",1,"one-root partially collapsed scale update","S03",117,1,FALSE,"standard","log_q_1",1,0.867995507253963
"one_root_exact_e9c8068",1,"one-root partially collapsed scale update","S03",117,1,FALSE,"standard","log_q_1",5,0.574547483713283
"one_root_exact_e9c8068",1,"one-root partially collapsed scale update","S03",117,1,FALSE,"standard","log_q_1",10,0.34702712548911
"one_root_exact_e9c8068",1,"one-root partially collapsed scale update","S03",117,1,FALSE,"standard","log_q_1",25,0.0882716149933941
"one_root_exact_e9c8068",1,"one-root partially collapsed scale update","S03",117,1,FALSE,"standard","log_q_1",50,-0.0213305342912634
"one_root_exact_e9c8068",1,"one-root partially collapsed scale update","S03",117,1,FALSE,"standard","observed_loss",1,0.384730587117097
"one_root_exact_e9c8068",1,"one-root partially collapsed scale update","S03",117,1,FALSE,"standard","observed_loss",5,0.139717087154276
"one_root_exact_e9c8068",1,"one-root partially collapsed scale update","S03",117,1,FALSE,"standard","observed_loss",10,0.0795146789714477
"one_root_exact_e9c8068",1,"one-root partially collapsed scale update","S03",117,1,FALSE,"standard","observed_loss",25,0.0466894861834527
"one_root_exact_e9c8068",1,"one-root partially collapsed scale update","S03",117,1,FALSE,"standard","observed_loss",50,-0.0194771949994224
"one_root_exact_e9c8068",1,"one-root partially collapsed scale update","S03",117,1,FALSE,"standard","mean_width",1,0.596179560478008
"one_root_exact_e9c8068",1,"one-root partially collapsed scale update","S03",117,1,FALSE,"standard","mean_width",5,0.0934663188616759
"one_root_exact_e9c8068",1,"one-root partially collapsed scale update","S03",117,1,FALSE,"standard","mean_width",10,0.0195082756205982
"one_root_exact_e9c8068",1,"one-root partially collapsed scale update","S03",117,1,FALSE,"standard","mean_width",25,-0.0213147626502898
"one_root_exact_e9c8068",1,"one-root partially collapsed scale update","S03",117,1,FALSE,"standard","mean_width",50,0.00613368868951503
"one_root_exact_e9c8068",1,"one-root partially collapsed scale update","S03",117,1,FALSE,"standard","mean_midpoint",1,0.495782422583033
"one_root_exact_e9c8068",1,"one-root partially collapsed scale update","S03",117,1,FALSE,"standard","mean_midpoint",5,0.0702151835630324
"one_root_exact_e9c8068",1,"one-root partially collapsed scale update","S03",117,1,FALSE,"standard","mean_midpoint",10,0.0403978567850522
"one_root_exact_e9c8068",1,"one-root partially collapsed scale update","S03",117,1,FALSE,"standard","mean_midpoint",25,-0.0131969254758635
"one_root_exact_e9c8068",1,"one-root partially collapsed scale update","S03",117,1,FALSE,"standard","mean_midpoint",50,0.00313772417727065
"one_root_exact_e9c8068",1,"one-root partially collapsed scale update","S03",117,1,FALSE,"standard","terminal_width",1,0.454505208842132
"one_root_exact_e9c8068",1,"one-root partially collapsed scale update","S03",117,1,FALSE,"standard","terminal_width",5,0.102898739941177
"one_root_exact_e9c8068",1,"one-root partially collapsed scale update","S03",117,1,FALSE,"standard","terminal_width",10,0.0189582864493851
"one_root_exact_e9c8068",1,"one-root partially collapsed scale update","S03",117,1,FALSE,"standard","terminal_width",25,0.0400682197524901
"one_root_exact_e9c8068",1,"one-root partially collapsed scale update","S03",117,1,FALSE,"standard","terminal_width",50,0.0040029032137219
"one_root_exact_e9c8068",1,"one-root partially collapsed scale update","S03",117,1,FALSE,"standard","terminal_midpoint",1,0.366108429645447
"one_root_exact_e9c8068",1,"one-root partially collapsed scale update","S03",117,1,FALSE,"standard","terminal_midpoint",5,0.0864065901345317
"one_root_exact_e9c8068",1,"one-root partially collapsed scale update","S03",117,1,FALSE,"standard","terminal_midpoint",10,0.0379345010065523
"one_root_exact_e9c8068",1,"one-root partially collapsed scale update","S03",117,1,FALSE,"standard","terminal_midpoint",25,0.0423296205430206
"one_root_exact_e9c8068",1,"one-root partially collapsed scale update","S03",117,1,FALSE,"standard","terminal_midpoint",50,0.00470904736398378
"one_root_exact_e9c8068",1,"one-root partially collapsed scale update","S03",28,1,TRUE,"A","log_q_1",1,0.856172412215578
"one_root_exact_e9c8068",1,"one-root partially collapsed scale update","S03",28,1,TRUE,"A","log_q_1",5,0.554579885114127
"one_root_exact_e9c8068",1,"one-root partially collapsed scale update","S03",28,1,TRUE,"A","log_q_1",10,0.334287344609053
"one_root_exact_e9c8068",1,"one-root partially collapsed scale update","S03",28,1,TRUE,"A","log_q_1",25,0.0891599795491625
"one_root_exact_e9c8068",1,"one-root partially collapsed scale update","S03",28,1,TRUE,"A","log_q_1",50,-0.0206622436586493
"one_root_exact_e9c8068",1,"one-root partially collapsed scale update","S03",28,1,TRUE,"A","observed_loss",1,0.229574612073687
"one_root_exact_e9c8068",1,"one-root partially collapsed scale update","S03",28,1,TRUE,"A","observed_loss",5,-0.00289838214231766
"one_root_exact_e9c8068",1,"one-root partially collapsed scale update","S03",28,1,TRUE,"A","observed_loss",10,0.0194950493244781
"one_root_exact_e9c8068",1,"one-root partially collapsed scale update","S03",28,1,TRUE,"A","observed_loss",25,0.00719441274717181
"one_root_exact_e9c8068",1,"one-root partially collapsed scale update","S03",28,1,TRUE,"A","observed_loss",50,0.00452010290468447
"one_root_exact_e9c8068",1,"one-root partially collapsed scale update","S03",28,1,TRUE,"A","mean_width",1,0.545884785977068
"one_root_exact_e9c8068",1,"one-root partially collapsed scale update","S03",28,1,TRUE,"A","mean_width",5,0.0368685985844595
"one_root_exact_e9c8068",1,"one-root partially collapsed scale update","S03",28,1,TRUE,"A","mean_width",10,-0.0327698617361857
"one_root_exact_e9c8068",1,"one-root partially collapsed scale update","S03",28,1,TRUE,"A","mean_width",25,-0.0258319006985906
"one_root_exact_e9c8068",1,"one-root partially collapsed scale update","S03",28,1,TRUE,"A","mean_width",50,0.0189998811388006
"one_root_exact_e9c8068",1,"one-root partially collapsed scale update","S03",28,1,TRUE,"A","mean_midpoint",1,0.441025524031157
"one_root_exact_e9c8068",1,"one-root partially collapsed scale update","S03",28,1,TRUE,"A","mean_midpoint",5,0.0113911846258584
"one_root_exact_e9c8068",1,"one-root partially collapsed scale update","S03",28,1,TRUE,"A","mean_midpoint",10,0.0109697105964185
"one_root_exact_e9c8068",1,"one-root partially collapsed scale update","S03",28,1,TRUE,"A","mean_midpoint",25,0.0342853817573097
"one_root_exact_e9c8068",1,"one-root partially collapsed scale update","S03",28,1,TRUE,"A","mean_midpoint",50,-0.0387626236459985
"one_root_exact_e9c8068",1,"one-root partially collapsed scale update","S03",28,1,TRUE,"A","terminal_width",1,0.364071600919987
"one_root_exact_e9c8068",1,"one-root partially collapsed scale update","S03",28,1,TRUE,"A","terminal_width",5,0.0209283551533031
"one_root_exact_e9c8068",1,"one-root partially collapsed scale update","S03",28,1,TRUE,"A","terminal_width",10,-0.0153133540643879
"one_root_exact_e9c8068",1,"one-root partially collapsed scale update","S03",28,1,TRUE,"A","terminal_width",25,-0.0142598335744035
"one_root_exact_e9c8068",1,"one-root partially collapsed scale update","S03",28,1,TRUE,"A","terminal_width",50,0.00663571663096421
"one_root_exact_e9c8068",1,"one-root partially collapsed scale update","S03",28,1,TRUE,"A","terminal_midpoint",1,0.253381313823564
"one_root_exact_e9c8068",1,"one-root partially collapsed scale update","S03",28,1,TRUE,"A","terminal_midpoint",5,0.0147267446144335
"one_root_exact_e9c8068",1,"one-root partially collapsed scale update","S03",28,1,TRUE,"A","terminal_midpoint",10,-0.00491127721460001
"one_root_exact_e9c8068",1,"one-root partially collapsed scale update","S03",28,1,TRUE,"A","terminal_midpoint",25,-0.00319283906340137
"one_root_exact_e9c8068",1,"one-root partially collapsed scale update","S03",28,1,TRUE,"A","terminal_midpoint",50,-0.0072990789388102
"one_root_exact_e9c8068",1,"one-root partially collapsed scale update","S03",28,2,TRUE,"B","log_q_1",1,0.825067733881815
"one_root_exact_e9c8068",1,"one-root partially collapsed scale update","S03",28,2,TRUE,"B","log_q_1",5,0.467848678074283
"one_root_exact_e9c8068",1,"one-root partially collapsed scale update","S03",28,2,TRUE,"B","log_q_1",10,0.254200716916755
"one_root_exact_e9c8068",1,"one-root partially collapsed scale update","S03",28,2,TRUE,"B","log_q_1",25,0.0704913932427926
"one_root_exact_e9c8068",1,"one-root partially collapsed scale update","S03",28,2,TRUE,"B","log_q_1",50,-0.0595312471527829
"one_root_exact_e9c8068",1,"one-root partially collapsed scale update","S03",28,2,TRUE,"B","observed_loss",1,0.250606544343861
"one_root_exact_e9c8068",1,"one-root partially collapsed scale update","S03",28,2,TRUE,"B","observed_loss",5,0.0178544097342371
"one_root_exact_e9c8068",1,"one-root partially collapsed scale update","S03",28,2,TRUE,"B","observed_loss",10,0.00491709344478529
"one_root_exact_e9c8068",1,"one-root partially collapsed scale update","S03",28,2,TRUE,"B","observed_loss",25,0.0029480610262853
"one_root_exact_e9c8068",1,"one-root partially collapsed scale update","S03",28,2,TRUE,"B","observed_loss",50,-0.00171954841400831
"one_root_exact_e9c8068",1,"one-root partially collapsed scale update","S03",28,2,TRUE,"B","mean_width",1,0.547602640483467
"one_root_exact_e9c8068",1,"one-root partially collapsed scale update","S03",28,2,TRUE,"B","mean_width",5,0.0522275441748149
"one_root_exact_e9c8068",1,"one-root partially collapsed scale update","S03",28,2,TRUE,"B","mean_width",10,-0.00569577331625859
"one_root_exact_e9c8068",1,"one-root partially collapsed scale update","S03",28,2,TRUE,"B","mean_width",25,-0.0170997749636738
"one_root_exact_e9c8068",1,"one-root partially collapsed scale update","S03",28,2,TRUE,"B","mean_width",50,0.0120582879661536
"one_root_exact_e9c8068",1,"one-root partially collapsed scale update","S03",28,2,TRUE,"B","mean_midpoint",1,0.436572306434311
"one_root_exact_e9c8068",1,"one-root partially collapsed scale update","S03",28,2,TRUE,"B","mean_midpoint",5,0.0225739502734167
"one_root_exact_e9c8068",1,"one-root partially collapsed scale update","S03",28,2,TRUE,"B","mean_midpoint",10,-0.006696448073958
"one_root_exact_e9c8068",1,"one-root partially collapsed scale update","S03",28,2,TRUE,"B","mean_midpoint",25,-0.0505066186066493
"one_root_exact_e9c8068",1,"one-root partially collapsed scale update","S03",28,2,TRUE,"B","mean_midpoint",50,0.0158498765851662
"one_root_exact_e9c8068",1,"one-root partially collapsed scale update","S03",28,2,TRUE,"B","terminal_width",1,0.376794872339756
"one_root_exact_e9c8068",1,"one-root partially collapsed scale update","S03",28,2,TRUE,"B","terminal_width",5,0.0246069645353164
"one_root_exact_e9c8068",1,"one-root partially collapsed scale update","S03",28,2,TRUE,"B","terminal_width",10,-0.019214349886631
"one_root_exact_e9c8068",1,"one-root partially collapsed scale update","S03",28,2,TRUE,"B","terminal_width",25,0.00103421261107538
"one_root_exact_e9c8068",1,"one-root partially collapsed scale update","S03",28,2,TRUE,"B","terminal_width",50,-0.00351493567860751
"one_root_exact_e9c8068",1,"one-root partially collapsed scale update","S03",28,2,TRUE,"B","terminal_midpoint",1,0.262120954268455
"one_root_exact_e9c8068",1,"one-root partially collapsed scale update","S03",28,2,TRUE,"B","terminal_midpoint",5,0.00680200399878663
"one_root_exact_e9c8068",1,"one-root partially collapsed scale update","S03",28,2,TRUE,"B","terminal_midpoint",10,0.00647771495272846
"one_root_exact_e9c8068",1,"one-root partially collapsed scale update","S03",28,2,TRUE,"B","terminal_midpoint",25,-0.00773528647566053
"one_root_exact_e9c8068",1,"one-root partially collapsed scale update","S03",28,2,TRUE,"B","terminal_midpoint",50,0.0119009574958524
"one_root_exact_e9c8068",1,"one-root partially collapsed scale update","S03",28,3,TRUE,"C","log_q_1",1,0.847454041200046
"one_root_exact_e9c8068",1,"one-root partially collapsed scale update","S03",28,3,TRUE,"C","log_q_1",5,0.528795640593874
"one_root_exact_e9c8068",1,"one-root partially collapsed scale update","S03",28,3,TRUE,"C","log_q_1",10,0.310424011009253
"one_root_exact_e9c8068",1,"one-root partially collapsed scale update","S03",28,3,TRUE,"C","log_q_1",25,0.0721028995578751
"one_root_exact_e9c8068",1,"one-root partially collapsed scale update","S03",28,3,TRUE,"C","log_q_1",50,-0.039887130222452
"one_root_exact_e9c8068",1,"one-root partially collapsed scale update","S03",28,3,TRUE,"C","observed_loss",1,0.242957902194686
"one_root_exact_e9c8068",1,"one-root partially collapsed scale update","S03",28,3,TRUE,"C","observed_loss",5,0.0185655080264929
"one_root_exact_e9c8068",1,"one-root partially collapsed scale update","S03",28,3,TRUE,"C","observed_loss",10,0.0111263199602577
"one_root_exact_e9c8068",1,"one-root partially collapsed scale update","S03",28,3,TRUE,"C","observed_loss",25,0.0281518117861958
"one_root_exact_e9c8068",1,"one-root partially collapsed scale update","S03",28,3,TRUE,"C","observed_loss",50,0.0041975890241946
"one_root_exact_e9c8068",1,"one-root partially collapsed scale update","S03",28,3,TRUE,"C","mean_width",1,0.565823574239824
"one_root_exact_e9c8068",1,"one-root partially collapsed scale update","S03",28,3,TRUE,"C","mean_width",5,0.0641426405906769
"one_root_exact_e9c8068",1,"one-root partially collapsed scale update","S03",28,3,TRUE,"C","mean_width",10,0.0212396329731161
"one_root_exact_e9c8068",1,"one-root partially collapsed scale update","S03",28,3,TRUE,"C","mean_width",25,0.00453106032022549
"one_root_exact_e9c8068",1,"one-root partially collapsed scale update","S03",28,3,TRUE,"C","mean_width",50,0.00932442865097336
"one_root_exact_e9c8068",1,"one-root partially collapsed scale update","S03",28,3,TRUE,"C","mean_midpoint",1,0.423812807713506
"one_root_exact_e9c8068",1,"one-root partially collapsed scale update","S03",28,3,TRUE,"C","mean_midpoint",5,0.0403911843209743
"one_root_exact_e9c8068",1,"one-root partially collapsed scale update","S03",28,3,TRUE,"C","mean_midpoint",10,0.00856952751296922
"one_root_exact_e9c8068",1,"one-root partially collapsed scale update","S03",28,3,TRUE,"C","mean_midpoint",25,0.0152498719933844
"one_root_exact_e9c8068",1,"one-root partially collapsed scale update","S03",28,3,TRUE,"C","mean_midpoint",50,-0.0248693764210843
"one_root_exact_e9c8068",1,"one-root partially collapsed scale update","S03",28,3,TRUE,"C","terminal_width",1,0.395074076400636
"one_root_exact_e9c8068",1,"one-root partially collapsed scale update","S03",28,3,TRUE,"C","terminal_width",5,0.0368657457874625
"one_root_exact_e9c8068",1,"one-root partially collapsed scale update","S03",28,3,TRUE,"C","terminal_width",10,-0.00489799310208578
"one_root_exact_e9c8068",1,"one-root partially collapsed scale update","S03",28,3,TRUE,"C","terminal_width",25,-0.0360769848277967
"one_root_exact_e9c8068",1,"one-root partially collapsed scale update","S03",28,3,TRUE,"C","terminal_width",50,0.00769674659044896
"one_root_exact_e9c8068",1,"one-root partially collapsed scale update","S03",28,3,TRUE,"C","terminal_midpoint",1,0.251513291715981
"one_root_exact_e9c8068",1,"one-root partially collapsed scale update","S03",28,3,TRUE,"C","terminal_midpoint",5,0.00612208003999842
"one_root_exact_e9c8068",1,"one-root partially collapsed scale update","S03",28,3,TRUE,"C","terminal_midpoint",10,-0.0175367245882981
"one_root_exact_e9c8068",1,"one-root partially collapsed scale update","S03",28,3,TRUE,"C","terminal_midpoint",25,-0.00664773712958912
"one_root_exact_e9c8068",1,"one-root partially collapsed scale update","S03",28,3,TRUE,"C","terminal_midpoint",50,-0.0144388470530059
"one_root_exact_e9c8068",1,"one-root partially collapsed scale update","S03",28,4,TRUE,"D","log_q_1",1,0.852056672183515
"one_root_exact_e9c8068",1,"one-root partially collapsed scale update","S03",28,4,TRUE,"D","log_q_1",5,0.551630045422929
"one_root_exact_e9c8068",1,"one-root partially collapsed scale update","S03",28,4,TRUE,"D","log_q_1",10,0.325601184263833
"one_root_exact_e9c8068",1,"one-root partially collapsed scale update","S03",28,4,TRUE,"D","log_q_1",25,0.0635522267860028
"one_root_exact_e9c8068",1,"one-root partially collapsed scale update","S03",28,4,TRUE,"D","log_q_1",50,-0.0153640601557013
"one_root_exact_e9c8068",1,"one-root partially collapsed scale update","S03",28,4,TRUE,"D","observed_loss",1,0.231209383259799
"one_root_exact_e9c8068",1,"one-root partially collapsed scale update","S03",28,4,TRUE,"D","observed_loss",5,0.0149407100195652
"one_root_exact_e9c8068",1,"one-root partially collapsed scale update","S03",28,4,TRUE,"D","observed_loss",10,-0.0133970910152592
"one_root_exact_e9c8068",1,"one-root partially collapsed scale update","S03",28,4,TRUE,"D","observed_loss",25,0.00803561761216492
"one_root_exact_e9c8068",1,"one-root partially collapsed scale update","S03",28,4,TRUE,"D","observed_loss",50,-0.00746120758446708
"one_root_exact_e9c8068",1,"one-root partially collapsed scale update","S03",28,4,TRUE,"D","mean_width",1,0.547912514529462
"one_root_exact_e9c8068",1,"one-root partially collapsed scale update","S03",28,4,TRUE,"D","mean_width",5,0.0705382380237935
"one_root_exact_e9c8068",1,"one-root partially collapsed scale update","S03",28,4,TRUE,"D","mean_width",10,-0.0238180628570646
"one_root_exact_e9c8068",1,"one-root partially collapsed scale update","S03",28,4,TRUE,"D","mean_width",25,0.0250994609651757
"one_root_exact_e9c8068",1,"one-root partially collapsed scale update","S03",28,4,TRUE,"D","mean_width",50,0.0233300419884828
"one_root_exact_e9c8068",1,"one-root partially collapsed scale update","S03",28,4,TRUE,"D","mean_midpoint",1,0.439855043448241
"one_root_exact_e9c8068",1,"one-root partially collapsed scale update","S03",28,4,TRUE,"D","mean_midpoint",5,0.013764347243898
"one_root_exact_e9c8068",1,"one-root partially collapsed scale update","S03",28,4,TRUE,"D","mean_midpoint",10,0.00436773316423759
"one_root_exact_e9c8068",1,"one-root partially collapsed scale update","S03",28,4,TRUE,"D","mean_midpoint",25,0.0229649917253577
"one_root_exact_e9c8068",1,"one-root partially collapsed scale update","S03",28,4,TRUE,"D","mean_midpoint",50,-0.0304763659110816
"one_root_exact_e9c8068",1,"one-root partially collapsed scale update","S03",28,4,TRUE,"D","terminal_width",1,0.3698999214937
"one_root_exact_e9c8068",1,"one-root partially collapsed scale update","S03",28,4,TRUE,"D","terminal_width",5,0.020951022676372
"one_root_exact_e9c8068",1,"one-root partially collapsed scale update","S03",28,4,TRUE,"D","terminal_width",10,0.00282729893098239
"one_root_exact_e9c8068",1,"one-root partially collapsed scale update","S03",28,4,TRUE,"D","terminal_width",25,0.00276549284118343
"one_root_exact_e9c8068",1,"one-root partially collapsed scale update","S03",28,4,TRUE,"D","terminal_width",50,0.0229134295370766
"one_root_exact_e9c8068",1,"one-root partially collapsed scale update","S03",28,4,TRUE,"D","terminal_midpoint",1,0.260626751627297
"one_root_exact_e9c8068",1,"one-root partially collapsed scale update","S03",28,4,TRUE,"D","terminal_midpoint",5,0.0410216581171409
"one_root_exact_e9c8068",1,"one-root partially collapsed scale update","S03",28,4,TRUE,"D","terminal_midpoint",10,0.00491619057518096
"one_root_exact_e9c8068",1,"one-root partially collapsed scale update","S03",28,4,TRUE,"D","terminal_midpoint",25,-0.0168047110600848
"one_root_exact_e9c8068",1,"one-root partially collapsed scale update","S03",28,4,TRUE,"D","terminal_midpoint",50,0.00740941688153216
"one_root_exact_e9c8068",1,"one-root partially collapsed scale update","S04",39,1,FALSE,"standard","log_q_1",1,0.867644532165798
"one_root_exact_e9c8068",1,"one-root partially collapsed scale update","S04",39,1,FALSE,"standard","log_q_1",5,0.546876118534117
"one_root_exact_e9c8068",1,"one-root partially collapsed scale update","S04",39,1,FALSE,"standard","log_q_1",10,0.318748327091669
"one_root_exact_e9c8068",1,"one-root partially collapsed scale update","S04",39,1,FALSE,"standard","log_q_1",25,0.0894961932485207
"one_root_exact_e9c8068",1,"one-root partially collapsed scale update","S04",39,1,FALSE,"standard","log_q_1",50,0.0648975729010301
"one_root_exact_e9c8068",1,"one-root partially collapsed scale update","S04",39,1,FALSE,"standard","observed_loss",1,0.552357541604278
"one_root_exact_e9c8068",1,"one-root partially collapsed scale update","S04",39,1,FALSE,"standard","observed_loss",5,0.277094689156533
"one_root_exact_e9c8068",1,"one-root partially collapsed scale update","S04",39,1,FALSE,"standard","observed_loss",10,0.165087558660341
"one_root_exact_e9c8068",1,"one-root partially collapsed scale update","S04",39,1,FALSE,"standard","observed_loss",25,0.0608198208059345
"one_root_exact_e9c8068",1,"one-root partially collapsed scale update","S04",39,1,FALSE,"standard","observed_loss",50,0.000609338744658844
"one_root_exact_e9c8068",1,"one-root partially collapsed scale update","S04",39,1,FALSE,"standard","mean_width",1,0.750095154605505
"one_root_exact_e9c8068",1,"one-root partially collapsed scale update","S04",39,1,FALSE,"standard","mean_width",5,0.277143944644117
"one_root_exact_e9c8068",1,"one-root partially collapsed scale update","S04",39,1,FALSE,"standard","mean_width",10,0.0969306901094908
"one_root_exact_e9c8068",1,"one-root partially collapsed scale update","S04",39,1,FALSE,"standard","mean_width",25,0.00808108332788735
"one_root_exact_e9c8068",1,"one-root partially collapsed scale update","S04",39,1,FALSE,"standard","mean_width",50,0.00703951311330918
"one_root_exact_e9c8068",1,"one-root partially collapsed scale update","S04",39,1,FALSE,"standard","mean_midpoint",1,0.613081100818848
"one_root_exact_e9c8068",1,"one-root partially collapsed scale update","S04",39,1,FALSE,"standard","mean_midpoint",5,0.108348083215795
"one_root_exact_e9c8068",1,"one-root partially collapsed scale update","S04",39,1,FALSE,"standard","mean_midpoint",10,0.0195524279779109
"one_root_exact_e9c8068",1,"one-root partially collapsed scale update","S04",39,1,FALSE,"standard","mean_midpoint",25,0.00794058268977357
"one_root_exact_e9c8068",1,"one-root partially collapsed scale update","S04",39,1,FALSE,"standard","mean_midpoint",50,0.0263376572034414
"one_root_exact_e9c8068",1,"one-root partially collapsed scale update","S04",39,1,FALSE,"standard","terminal_width",1,0.472000663335806
"one_root_exact_e9c8068",1,"one-root partially collapsed scale update","S04",39,1,FALSE,"standard","terminal_width",5,0.141622455371521
"one_root_exact_e9c8068",1,"one-root partially collapsed scale update","S04",39,1,FALSE,"standard","terminal_width",10,0.0267902404266617
"one_root_exact_e9c8068",1,"one-root partially collapsed scale update","S04",39,1,FALSE,"standard","terminal_width",25,-0.00262731104578216
"one_root_exact_e9c8068",1,"one-root partially collapsed scale update","S04",39,1,FALSE,"standard","terminal_width",50,0.0156106233368541
"one_root_exact_e9c8068",1,"one-root partially collapsed scale update","S04",39,1,FALSE,"standard","terminal_midpoint",1,0.410297375514281
"one_root_exact_e9c8068",1,"one-root partially collapsed scale update","S04",39,1,FALSE,"standard","terminal_midpoint",5,0.117181188197987
"one_root_exact_e9c8068",1,"one-root partially collapsed scale update","S04",39,1,FALSE,"standard","terminal_midpoint",10,0.0206405864205626
"one_root_exact_e9c8068",1,"one-root partially collapsed scale update","S04",39,1,FALSE,"standard","terminal_midpoint",25,-0.00149031494513718
"one_root_exact_e9c8068",1,"one-root partially collapsed scale update","S04",39,1,FALSE,"standard","terminal_midpoint",50,-0.00151075542850855
"one_root_exact_e9c8068",1,"one-root partially collapsed scale update","S03",121,1,TRUE,"A","log_q_1",1,0.83973842544665
"one_root_exact_e9c8068",1,"one-root partially collapsed scale update","S03",121,1,TRUE,"A","log_q_1",5,0.484820114179575
"one_root_exact_e9c8068",1,"one-root partially collapsed scale update","S03",121,1,TRUE,"A","log_q_1",10,0.247981086520927
"one_root_exact_e9c8068",1,"one-root partially collapsed scale update","S03",121,1,TRUE,"A","log_q_1",25,0.0156117698707711
"one_root_exact_e9c8068",1,"one-root partially collapsed scale update","S03",121,1,TRUE,"A","log_q_1",50,0.0186997618996411
"one_root_exact_e9c8068",1,"one-root partially collapsed scale update","S03",121,1,TRUE,"A","observed_loss",1,0.349874382963787
"one_root_exact_e9c8068",1,"one-root partially collapsed scale update","S03",121,1,TRUE,"A","observed_loss",5,0.0815134646868997
"one_root_exact_e9c8068",1,"one-root partially collapsed scale update","S03",121,1,TRUE,"A","observed_loss",10,0.0627917040497503
"one_root_exact_e9c8068",1,"one-root partially collapsed scale update","S03",121,1,TRUE,"A","observed_loss",25,-0.0126865234982208
"one_root_exact_e9c8068",1,"one-root partially collapsed scale update","S03",121,1,TRUE,"A","observed_loss",50,-0.000510162498149666
"one_root_exact_e9c8068",1,"one-root partially collapsed scale update","S03",121,1,TRUE,"A","mean_width",1,0.607218746219322
"one_root_exact_e9c8068",1,"one-root partially collapsed scale update","S03",121,1,TRUE,"A","mean_width",5,0.118258082963579
"one_root_exact_e9c8068",1,"one-root partially collapsed scale update","S03",121,1,TRUE,"A","mean_width",10,0.0371641315868513
"one_root_exact_e9c8068",1,"one-root partially collapsed scale update","S03",121,1,TRUE,"A","mean_width",25,0.00319012781166668
"one_root_exact_e9c8068",1,"one-root partially collapsed scale update","S03",121,1,TRUE,"A","mean_width",50,-0.00447114915079855
"one_root_exact_e9c8068",1,"one-root partially collapsed scale update","S03",121,1,TRUE,"A","mean_midpoint",1,0.503754697296182
"one_root_exact_e9c8068",1,"one-root partially collapsed scale update","S03",121,1,TRUE,"A","mean_midpoint",5,0.072121024382092
"one_root_exact_e9c8068",1,"one-root partially collapsed scale update","S03",121,1,TRUE,"A","mean_midpoint",10,0.00359296556876162
"one_root_exact_e9c8068",1,"one-root partially collapsed scale update","S03",121,1,TRUE,"A","mean_midpoint",25,0.00421946726395714
"one_root_exact_e9c8068",1,"one-root partially collapsed scale update","S03",121,1,TRUE,"A","mean_midpoint",50,0.00420549208484267
"one_root_exact_e9c8068",1,"one-root partially collapsed scale update","S03",121,1,TRUE,"A","terminal_width",1,0.372631103373771
"one_root_exact_e9c8068",1,"one-root partially collapsed scale update","S03",121,1,TRUE,"A","terminal_width",5,0.0296063919508383
"one_root_exact_e9c8068",1,"one-root partially collapsed scale update","S03",121,1,TRUE,"A","terminal_width",10,0.0174349407188355
"one_root_exact_e9c8068",1,"one-root partially collapsed scale update","S03",121,1,TRUE,"A","terminal_width",25,-0.00991779818522345
"one_root_exact_e9c8068",1,"one-root partially collapsed scale update","S03",121,1,TRUE,"A","terminal_width",50,0.00229225892841949
"one_root_exact_e9c8068",1,"one-root partially collapsed scale update","S03",121,1,TRUE,"A","terminal_midpoint",1,0.387381722603192
"one_root_exact_e9c8068",1,"one-root partially collapsed scale update","S03",121,1,TRUE,"A","terminal_midpoint",5,0.0813383097222445
"one_root_exact_e9c8068",1,"one-root partially collapsed scale update","S03",121,1,TRUE,"A","terminal_midpoint",10,0.0276481673222162
"one_root_exact_e9c8068",1,"one-root partially collapsed scale update","S03",121,1,TRUE,"A","terminal_midpoint",25,-0.0366547918781724
"one_root_exact_e9c8068",1,"one-root partially collapsed scale update","S03",121,1,TRUE,"A","terminal_midpoint",50,-0.00679102149628656
"one_root_exact_e9c8068",1,"one-root partially collapsed scale update","S03",121,2,TRUE,"B","log_q_1",1,0.85537129524134
"one_root_exact_e9c8068",1,"one-root partially collapsed scale update","S03",121,2,TRUE,"B","log_q_1",5,0.50108848314918
"one_root_exact_e9c8068",1,"one-root partially collapsed scale update","S03",121,2,TRUE,"B","log_q_1",10,0.256898062435008
"one_root_exact_e9c8068",1,"one-root partially collapsed scale update","S03",121,2,TRUE,"B","log_q_1",25,0.0362384253769987
"one_root_exact_e9c8068",1,"one-root partially collapsed scale update","S03",121,2,TRUE,"B","log_q_1",50,-0.0113461606319268
"one_root_exact_e9c8068",1,"one-root partially collapsed scale update","S03",121,2,TRUE,"B","observed_loss",1,0.374081525870035
"one_root_exact_e9c8068",1,"one-root partially collapsed scale update","S03",121,2,TRUE,"B","observed_loss",5,0.0988531333253738
"one_root_exact_e9c8068",1,"one-root partially collapsed scale update","S03",121,2,TRUE,"B","observed_loss",10,0.0474084029900808
"one_root_exact_e9c8068",1,"one-root partially collapsed scale update","S03",121,2,TRUE,"B","observed_loss",25,-0.0187686657699117
"one_root_exact_e9c8068",1,"one-root partially collapsed scale update","S03",121,2,TRUE,"B","observed_loss",50,0.00480920682412245
"one_root_exact_e9c8068",1,"one-root partially collapsed scale update","S03",121,2,TRUE,"B","mean_width",1,0.618072004303324
"one_root_exact_e9c8068",1,"one-root partially collapsed scale update","S03",121,2,TRUE,"B","mean_width",5,0.0937133443033779
"one_root_exact_e9c8068",1,"one-root partially collapsed scale update","S03",121,2,TRUE,"B","mean_width",10,-0.00514466156082021
"one_root_exact_e9c8068",1,"one-root partially collapsed scale update","S03",121,2,TRUE,"B","mean_width",25,0.0139639954013806
"one_root_exact_e9c8068",1,"one-root partially collapsed scale update","S03",121,2,TRUE,"B","mean_width",50,-0.0158639001315627
"one_root_exact_e9c8068",1,"one-root partially collapsed scale update","S03",121,2,TRUE,"B","mean_midpoint",1,0.486617262647452
"one_root_exact_e9c8068",1,"one-root partially collapsed scale update","S03",121,2,TRUE,"B","mean_midpoint",5,0.0683985985136247
"one_root_exact_e9c8068",1,"one-root partially collapsed scale update","S03",121,2,TRUE,"B","mean_midpoint",10,0.0195315798997271
"one_root_exact_e9c8068",1,"one-root partially collapsed scale update","S03",121,2,TRUE,"B","mean_midpoint",25,-0.0165240271076705
"one_root_exact_e9c8068",1,"one-root partially collapsed scale update","S03",121,2,TRUE,"B","mean_midpoint",50,-0.0248968304479112
"one_root_exact_e9c8068",1,"one-root partially collapsed scale update","S03",121,2,TRUE,"B","terminal_width",1,0.405270459992539
"one_root_exact_e9c8068",1,"one-root partially collapsed scale update","S03",121,2,TRUE,"B","terminal_width",5,0.0647944386282749
"one_root_exact_e9c8068",1,"one-root partially collapsed scale update","S03",121,2,TRUE,"B","terminal_width",10,0.0162733026722696
"one_root_exact_e9c8068",1,"one-root partially collapsed scale update","S03",121,2,TRUE,"B","terminal_width",25,0.0101054843881195
"one_root_exact_e9c8068",1,"one-root partially collapsed scale update","S03",121,2,TRUE,"B","terminal_width",50,-0.0226601195825047
"one_root_exact_e9c8068",1,"one-root partially collapsed scale update","S03",121,2,TRUE,"B","terminal_midpoint",1,0.354671674738844
"one_root_exact_e9c8068",1,"one-root partially collapsed scale update","S03",121,2,TRUE,"B","terminal_midpoint",5,0.101879593476458
"one_root_exact_e9c8068",1,"one-root partially collapsed scale update","S03",121,2,TRUE,"B","terminal_midpoint",10,0.0492895294008219
"one_root_exact_e9c8068",1,"one-root partially collapsed scale update","S03",121,2,TRUE,"B","terminal_midpoint",25,0.00875979509730873
"one_root_exact_e9c8068",1,"one-root partially collapsed scale update","S03",121,2,TRUE,"B","terminal_midpoint",50,0.000542936203940825
"one_root_exact_e9c8068",1,"one-root partially collapsed scale update","S03",121,3,TRUE,"C","log_q_1",1,0.851161857351125
"one_root_exact_e9c8068",1,"one-root partially collapsed scale update","S03",121,3,TRUE,"C","log_q_1",5,0.497918065343162
"one_root_exact_e9c8068",1,"one-root partially collapsed scale update","S03",121,3,TRUE,"C","log_q_1",10,0.26247702478914
"one_root_exact_e9c8068",1,"one-root partially collapsed scale update","S03",121,3,TRUE,"C","log_q_1",25,0.0642854353403948
"one_root_exact_e9c8068",1,"one-root partially collapsed scale update","S03",121,3,TRUE,"C","log_q_1",50,-0.000460371274104375
"one_root_exact_e9c8068",1,"one-root partially collapsed scale update","S03",121,3,TRUE,"C","observed_loss",1,0.36281808253374
"one_root_exact_e9c8068",1,"one-root partially collapsed scale update","S03",121,3,TRUE,"C","observed_loss",5,0.0804850224725363
"one_root_exact_e9c8068",1,"one-root partially collapsed scale update","S03",121,3,TRUE,"C","observed_loss",10,0.0314616589501151
"one_root_exact_e9c8068",1,"one-root partially collapsed scale update","S03",121,3,TRUE,"C","observed_loss",25,-0.00552920607041997
"one_root_exact_e9c8068",1,"one-root partially collapsed scale update","S03",121,3,TRUE,"C","observed_loss",50,-0.0189927421823122
"one_root_exact_e9c8068",1,"one-root partially collapsed scale update","S03",121,3,TRUE,"C","mean_width",1,0.61597064679355
"one_root_exact_e9c8068",1,"one-root partially collapsed scale update","S03",121,3,TRUE,"C","mean_width",5,0.119759941942548
"one_root_exact_e9c8068",1,"one-root partially collapsed scale update","S03",121,3,TRUE,"C","mean_width",10,0.0507609543455266
"one_root_exact_e9c8068",1,"one-root partially collapsed scale update","S03",121,3,TRUE,"C","mean_width",25,0.0257230322126843
"one_root_exact_e9c8068",1,"one-root partially collapsed scale update","S03",121,3,TRUE,"C","mean_width",50,-0.0440174373063725
"one_root_exact_e9c8068",1,"one-root partially collapsed scale update","S03",121,3,TRUE,"C","mean_midpoint",1,0.468586975486323
"one_root_exact_e9c8068",1,"one-root partially collapsed scale update","S03",121,3,TRUE,"C","mean_midpoint",5,0.0655242390777147
"one_root_exact_e9c8068",1,"one-root partially collapsed scale update","S03",121,3,TRUE,"C","mean_midpoint",10,0.0263150918485882
"one_root_exact_e9c8068",1,"one-root partially collapsed scale update","S03",121,3,TRUE,"C","mean_midpoint",25,-0.0161204352745039
"one_root_exact_e9c8068",1,"one-root partially collapsed scale update","S03",121,3,TRUE,"C","mean_midpoint",50,-0.0294959486706262
"one_root_exact_e9c8068",1,"one-root partially collapsed scale update","S03",121,3,TRUE,"C","terminal_width",1,0.387229293915067
"one_root_exact_e9c8068",1,"one-root partially collapsed scale update","S03",121,3,TRUE,"C","terminal_width",5,0.0690037790686783
"one_root_exact_e9c8068",1,"one-root partially collapsed scale update","S03",121,3,TRUE,"C","terminal_width",10,-0.000897563927531632
"one_root_exact_e9c8068",1,"one-root partially collapsed scale update","S03",121,3,TRUE,"C","terminal_width",25,-0.0231269654699256
"one_root_exact_e9c8068",1,"one-root partially collapsed scale update","S03",121,3,TRUE,"C","terminal_width",50,-0.014876124997792
"one_root_exact_e9c8068",1,"one-root partially collapsed scale update","S03",121,3,TRUE,"C","terminal_midpoint",1,0.381219308240868
"one_root_exact_e9c8068",1,"one-root partially collapsed scale update","S03",121,3,TRUE,"C","terminal_midpoint",5,0.102870522938108
"one_root_exact_e9c8068",1,"one-root partially collapsed scale update","S03",121,3,TRUE,"C","terminal_midpoint",10,0.0503151874079445
"one_root_exact_e9c8068",1,"one-root partially collapsed scale update","S03",121,3,TRUE,"C","terminal_midpoint",25,0.0486480742997149
"one_root_exact_e9c8068",1,"one-root partially collapsed scale update","S03",121,3,TRUE,"C","terminal_midpoint",50,-0.0113309199181619
"one_root_exact_e9c8068",1,"one-root partially collapsed scale update","S03",121,4,TRUE,"D","log_q_1",1,0.855333587323587
"one_root_exact_e9c8068",1,"one-root partially collapsed scale update","S03",121,4,TRUE,"D","log_q_1",5,0.504035157107672
"one_root_exact_e9c8068",1,"one-root partially collapsed scale update","S03",121,4,TRUE,"D","log_q_1",10,0.260328945871838
"one_root_exact_e9c8068",1,"one-root partially collapsed scale update","S03",121,4,TRUE,"D","log_q_1",25,0.0327662981845892
"one_root_exact_e9c8068",1,"one-root partially collapsed scale update","S03",121,4,TRUE,"D","log_q_1",50,0.0146419253037265
"one_root_exact_e9c8068",1,"one-root partially collapsed scale update","S03",121,4,TRUE,"D","observed_loss",1,0.350875060750598
"one_root_exact_e9c8068",1,"one-root partially collapsed scale update","S03",121,4,TRUE,"D","observed_loss",5,0.0882019091064256
"one_root_exact_e9c8068",1,"one-root partially collapsed scale update","S03",121,4,TRUE,"D","observed_loss",10,0.0466203457880957
"one_root_exact_e9c8068",1,"one-root partially collapsed scale update","S03",121,4,TRUE,"D","observed_loss",25,0.0253169915619432
"one_root_exact_e9c8068",1,"one-root partially collapsed scale update","S03",121,4,TRUE,"D","observed_loss",50,0.00196939923165815
"one_root_exact_e9c8068",1,"one-root partially collapsed scale update","S03",121,4,TRUE,"D","mean_width",1,0.614488686439793
"one_root_exact_e9c8068",1,"one-root partially collapsed scale update","S03",121,4,TRUE,"D","mean_width",5,0.103504493022921
"one_root_exact_e9c8068",1,"one-root partially collapsed scale update","S03",121,4,TRUE,"D","mean_width",10,0.0224259743476924
"one_root_exact_e9c8068",1,"one-root partially collapsed scale update","S03",121,4,TRUE,"D","mean_width",25,-0.00955437919922613
"one_root_exact_e9c8068",1,"one-root partially collapsed scale update","S03",121,4,TRUE,"D","mean_width",50,0.0250593436171155
"one_root_exact_e9c8068",1,"one-root partially collapsed scale update","S03",121,4,TRUE,"D","mean_midpoint",1,0.494605739901154
"one_root_exact_e9c8068",1,"one-root partially collapsed scale update","S03",121,4,TRUE,"D","mean_midpoint",5,0.0976966729909537
"one_root_exact_e9c8068",1,"one-root partially collapsed scale update","S03",121,4,TRUE,"D","mean_midpoint",10,0.00949102065297289
"one_root_exact_e9c8068",1,"one-root partially collapsed scale update","S03",121,4,TRUE,"D","mean_midpoint",25,0.0152850283427196
"one_root_exact_e9c8068",1,"one-root partially collapsed scale update","S03",121,4,TRUE,"D","mean_midpoint",50,-0.00830949146236049
"one_root_exact_e9c8068",1,"one-root partially collapsed scale update","S03",121,4,TRUE,"D","terminal_width",1,0.375547367155132
"one_root_exact_e9c8068",1,"one-root partially collapsed scale update","S03",121,4,TRUE,"D","terminal_width",5,0.0110198790842332
"one_root_exact_e9c8068",1,"one-root partially collapsed scale update","S03",121,4,TRUE,"D","terminal_width",10,-0.0298033540937252
"one_root_exact_e9c8068",1,"one-root partially collapsed scale update","S03",121,4,TRUE,"D","terminal_width",25,0.0106663789579323
"one_root_exact_e9c8068",1,"one-root partially collapsed scale update","S03",121,4,TRUE,"D","terminal_width",50,-0.00659994617488825
"one_root_exact_e9c8068",1,"one-root partially collapsed scale update","S03",121,4,TRUE,"D","terminal_midpoint",1,0.371052574185462
"one_root_exact_e9c8068",1,"one-root partially collapsed scale update","S03",121,4,TRUE,"D","terminal_midpoint",5,0.0790150828943272
"one_root_exact_e9c8068",1,"one-root partially collapsed scale update","S03",121,4,TRUE,"D","terminal_midpoint",10,0.0569868271773215
"one_root_exact_e9c8068",1,"one-root partially collapsed scale update","S03",121,4,TRUE,"D","terminal_midpoint",25,-0.00414418315384587
"one_root_exact_e9c8068",1,"one-root partially collapsed scale update","S03",121,4,TRUE,"D","terminal_midpoint",50,0.00691155326277367
"one_root_exact_e9c8068",1,"one-root partially collapsed scale update","S03",55,1,FALSE,"standard","log_q_1",1,0.92877542726334
"one_root_exact_e9c8068",1,"one-root partially collapsed scale update","S03",55,1,FALSE,"standard","log_q_1",5,0.764248792098656
"one_root_exact_e9c8068",1,"one-root partially collapsed scale update","S03",55,1,FALSE,"standard","log_q_1",10,0.597000515171528
"one_root_exact_e9c8068",1,"one-root partially collapsed scale update","S03",55,1,FALSE,"standard","log_q_1",25,0.254251058268149
"one_root_exact_e9c8068",1,"one-root partially collapsed scale update","S03",55,1,FALSE,"standard","log_q_1",50,0.0161777880569874
"one_root_exact_e9c8068",1,"one-root partially collapsed scale update","S03",55,1,FALSE,"standard","observed_loss",1,0.500968365765725
"one_root_exact_e9c8068",1,"one-root partially collapsed scale update","S03",55,1,FALSE,"standard","observed_loss",5,0.316037393236073
"one_root_exact_e9c8068",1,"one-root partially collapsed scale update","S03",55,1,FALSE,"standard","observed_loss",10,0.249401205765138
"one_root_exact_e9c8068",1,"one-root partially collapsed scale update","S03",55,1,FALSE,"standard","observed_loss",25,0.100990570401723
"one_root_exact_e9c8068",1,"one-root partially collapsed scale update","S03",55,1,FALSE,"standard","observed_loss",50,0.0210593598185815
"one_root_exact_e9c8068",1,"one-root partially collapsed scale update","S03",55,1,FALSE,"standard","mean_width",1,0.637286132343691
"one_root_exact_e9c8068",1,"one-root partially collapsed scale update","S03",55,1,FALSE,"standard","mean_width",5,0.123446596495168
"one_root_exact_e9c8068",1,"one-root partially collapsed scale update","S03",55,1,FALSE,"standard","mean_width",10,0.0114969813994338
"one_root_exact_e9c8068",1,"one-root partially collapsed scale update","S03",55,1,FALSE,"standard","mean_width",25,0.0275192326151679
"one_root_exact_e9c8068",1,"one-root partially collapsed scale update","S03",55,1,FALSE,"standard","mean_width",50,0.0130183842875479
"one_root_exact_e9c8068",1,"one-root partially collapsed scale update","S03",55,1,FALSE,"standard","mean_midpoint",1,0.499027469456219
"one_root_exact_e9c8068",1,"one-root partially collapsed scale update","S03",55,1,FALSE,"standard","mean_midpoint",5,0.0541495187820695
"one_root_exact_e9c8068",1,"one-root partially collapsed scale update","S03",55,1,FALSE,"standard","mean_midpoint",10,0.0243722778063002
"one_root_exact_e9c8068",1,"one-root partially collapsed scale update","S03",55,1,FALSE,"standard","mean_midpoint",25,-0.028475984564439
"one_root_exact_e9c8068",1,"one-root partially collapsed scale update","S03",55,1,FALSE,"standard","mean_midpoint",50,-0.0320060376759987
"one_root_exact_e9c8068",1,"one-root partially collapsed scale update","S03",55,1,FALSE,"standard","terminal_width",1,0.362763863558408
"one_root_exact_e9c8068",1,"one-root partially collapsed scale update","S03",55,1,FALSE,"standard","terminal_width",5,0.0584163909767559
"one_root_exact_e9c8068",1,"one-root partially collapsed scale update","S03",55,1,FALSE,"standard","terminal_width",10,0.0113049841348154
"one_root_exact_e9c8068",1,"one-root partially collapsed scale update","S03",55,1,FALSE,"standard","terminal_width",25,0.00571284605170316
"one_root_exact_e9c8068",1,"one-root partially collapsed scale update","S03",55,1,FALSE,"standard","terminal_width",50,-0.0160501292304573
"one_root_exact_e9c8068",1,"one-root partially collapsed scale update","S03",55,1,FALSE,"standard","terminal_midpoint",1,0.253287399531256
"one_root_exact_e9c8068",1,"one-root partially collapsed scale update","S03",55,1,FALSE,"standard","terminal_midpoint",5,0.027517368418659
"one_root_exact_e9c8068",1,"one-root partially collapsed scale update","S03",55,1,FALSE,"standard","terminal_midpoint",10,0.000613972772461974
"one_root_exact_e9c8068",1,"one-root partially collapsed scale update","S03",55,1,FALSE,"standard","terminal_midpoint",25,-0.0212340971583092
"one_root_exact_e9c8068",1,"one-root partially collapsed scale update","S03",55,1,FALSE,"standard","terminal_midpoint",50,0.0187993676627236
"one_root_exact_e9c8068",1,"one-root partially collapsed scale update","S04",91,1,FALSE,"standard","log_q_1",1,0.861667262133619
"one_root_exact_e9c8068",1,"one-root partially collapsed scale update","S04",91,1,FALSE,"standard","log_q_1",5,0.551446530538943
"one_root_exact_e9c8068",1,"one-root partially collapsed scale update","S04",91,1,FALSE,"standard","log_q_1",10,0.318283685391608
"one_root_exact_e9c8068",1,"one-root partially collapsed scale update","S04",91,1,FALSE,"standard","log_q_1",25,0.0304131119138748
"one_root_exact_e9c8068",1,"one-root partially collapsed scale update","S04",91,1,FALSE,"standard","log_q_1",50,-0.0154744120754543
"one_root_exact_e9c8068",1,"one-root partially collapsed scale update","S04",91,1,FALSE,"standard","observed_loss",1,0.441576070071247
"one_root_exact_e9c8068",1,"one-root partially collapsed scale update","S04",91,1,FALSE,"standard","observed_loss",5,0.125701834217062
"one_root_exact_e9c8068",1,"one-root partially collapsed scale update","S04",91,1,FALSE,"standard","observed_loss",10,0.0743675662979996
"one_root_exact_e9c8068",1,"one-root partially collapsed scale update","S04",91,1,FALSE,"standard","observed_loss",25,-0.000750877078627938
"one_root_exact_e9c8068",1,"one-root partially collapsed scale update","S04",91,1,FALSE,"standard","observed_loss",50,-0.0284166380825659
"one_root_exact_e9c8068",1,"one-root partially collapsed scale update","S04",91,1,FALSE,"standard","mean_width",1,0.70193574116655
"one_root_exact_e9c8068",1,"one-root partially collapsed scale update","S04",91,1,FALSE,"standard","mean_width",5,0.203281754858654
"one_root_exact_e9c8068",1,"one-root partially collapsed scale update","S04",91,1,FALSE,"standard","mean_width",10,0.0334448038218467
"one_root_exact_e9c8068",1,"one-root partially collapsed scale update","S04",91,1,FALSE,"standard","mean_width",25,-2.18155691254003e-05
"one_root_exact_e9c8068",1,"one-root partially collapsed scale update","S04",91,1,FALSE,"standard","mean_width",50,-0.024767492140878
"one_root_exact_e9c8068",1,"one-root partially collapsed scale update","S04",91,1,FALSE,"standard","mean_midpoint",1,0.591282040929642
"one_root_exact_e9c8068",1,"one-root partially collapsed scale update","S04",91,1,FALSE,"standard","mean_midpoint",5,0.109622259084785
"one_root_exact_e9c8068",1,"one-root partially collapsed scale update","S04",91,1,FALSE,"standard","mean_midpoint",10,0.0112394928381322
"one_root_exact_e9c8068",1,"one-root partially collapsed scale update","S04",91,1,FALSE,"standard","mean_midpoint",25,0.0165816139777837
"one_root_exact_e9c8068",1,"one-root partially collapsed scale update","S04",91,1,FALSE,"standard","mean_midpoint",50,-0.0178148410583128
"one_root_exact_e9c8068",1,"one-root partially collapsed scale update","S04",91,1,FALSE,"standard","terminal_width",1,0.469246227648228
"one_root_exact_e9c8068",1,"one-root partially collapsed scale update","S04",91,1,FALSE,"standard","terminal_width",5,0.0939368044170664
"one_root_exact_e9c8068",1,"one-root partially collapsed scale update","S04",91,1,FALSE,"standard","terminal_width",10,0.0224046306935066
"one_root_exact_e9c8068",1,"one-root partially collapsed scale update","S04",91,1,FALSE,"standard","terminal_width",25,0.0104253314866188
"one_root_exact_e9c8068",1,"one-root partially collapsed scale update","S04",91,1,FALSE,"standard","terminal_width",50,0.0168240700439248
"one_root_exact_e9c8068",1,"one-root partially collapsed scale update","S04",91,1,FALSE,"standard","terminal_midpoint",1,0.412608937719666
"one_root_exact_e9c8068",1,"one-root partially collapsed scale update","S04",91,1,FALSE,"standard","terminal_midpoint",5,0.0296058338019484
"one_root_exact_e9c8068",1,"one-root partially collapsed scale update","S04",91,1,FALSE,"standard","terminal_midpoint",10,0.0273878248399996
"one_root_exact_e9c8068",1,"one-root partially collapsed scale update","S04",91,1,FALSE,"standard","terminal_midpoint",25,0.0116106580166918
"one_root_exact_e9c8068",1,"one-root partially collapsed scale update","S04",91,1,FALSE,"standard","terminal_midpoint",50,-0.00350741797649477
"one_root_exact_e9c8068",1,"one-root partially collapsed scale update","S03",165,1,FALSE,"standard","log_q_1",1,0.913549933399371
"one_root_exact_e9c8068",1,"one-root partially collapsed scale update","S03",165,1,FALSE,"standard","log_q_1",5,0.708165544125448
"one_root_exact_e9c8068",1,"one-root partially collapsed scale update","S03",165,1,FALSE,"standard","log_q_1",10,0.503006323795035
"one_root_exact_e9c8068",1,"one-root partially collapsed scale update","S03",165,1,FALSE,"standard","log_q_1",25,0.231085919738199
"one_root_exact_e9c8068",1,"one-root partially collapsed scale update","S03",165,1,FALSE,"standard","log_q_1",50,0.172673889062074
"one_root_exact_e9c8068",1,"one-root partially collapsed scale update","S03",165,1,FALSE,"standard","observed_loss",1,0.516821317122759
"one_root_exact_e9c8068",1,"one-root partially collapsed scale update","S03",165,1,FALSE,"standard","observed_loss",5,0.308731715110843
"one_root_exact_e9c8068",1,"one-root partially collapsed scale update","S03",165,1,FALSE,"standard","observed_loss",10,0.238299740172321
"one_root_exact_e9c8068",1,"one-root partially collapsed scale update","S03",165,1,FALSE,"standard","observed_loss",25,0.108386234152933
"one_root_exact_e9c8068",1,"one-root partially collapsed scale update","S03",165,1,FALSE,"standard","observed_loss",50,0.0674799883441038
"one_root_exact_e9c8068",1,"one-root partially collapsed scale update","S03",165,1,FALSE,"standard","mean_width",1,0.644125147313584
"one_root_exact_e9c8068",1,"one-root partially collapsed scale update","S03",165,1,FALSE,"standard","mean_width",5,0.133778521358888
"one_root_exact_e9c8068",1,"one-root partially collapsed scale update","S03",165,1,FALSE,"standard","mean_width",10,0.054141130668055
"one_root_exact_e9c8068",1,"one-root partially collapsed scale update","S03",165,1,FALSE,"standard","mean_width",25,0.0225623439422801
"one_root_exact_e9c8068",1,"one-root partially collapsed scale update","S03",165,1,FALSE,"standard","mean_width",50,0.0140384799513923
"one_root_exact_e9c8068",1,"one-root partially collapsed scale update","S03",165,1,FALSE,"standard","mean_midpoint",1,0.527458670178754
"one_root_exact_e9c8068",1,"one-root partially collapsed scale update","S03",165,1,FALSE,"standard","mean_midpoint",5,0.0713710545006883
"one_root_exact_e9c8068",1,"one-root partially collapsed scale update","S03",165,1,FALSE,"standard","mean_midpoint",10,0.0472272153535839
"one_root_exact_e9c8068",1,"one-root partially collapsed scale update","S03",165,1,FALSE,"standard","mean_midpoint",25,0.0216370876508603
"one_root_exact_e9c8068",1,"one-root partially collapsed scale update","S03",165,1,FALSE,"standard","mean_midpoint",50,0.018526072617489
"one_root_exact_e9c8068",1,"one-root partially collapsed scale update","S03",165,1,FALSE,"standard","terminal_width",1,0.332130264783791
"one_root_exact_e9c8068",1,"one-root partially collapsed scale update","S03",165,1,FALSE,"standard","terminal_width",5,0.0282863542129169
"one_root_exact_e9c8068",1,"one-root partially collapsed scale update","S03",165,1,FALSE,"standard","terminal_width",10,0.0175043062870198
"one_root_exact_e9c8068",1,"one-root partially collapsed scale update","S03",165,1,FALSE,"standard","terminal_width",25,0.00806547072121222
"one_root_exact_e9c8068",1,"one-root partially collapsed scale update","S03",165,1,FALSE,"standard","terminal_width",50,0.0252497089024507
"one_root_exact_e9c8068",1,"one-root partially collapsed scale update","S03",165,1,FALSE,"standard","terminal_midpoint",1,0.261577378989451
"one_root_exact_e9c8068",1,"one-root partially collapsed scale update","S03",165,1,FALSE,"standard","terminal_midpoint",5,0.022477268716937
"one_root_exact_e9c8068",1,"one-root partially collapsed scale update","S03",165,1,FALSE,"standard","terminal_midpoint",10,-0.00218298921669518
"one_root_exact_e9c8068",1,"one-root partially collapsed scale update","S03",165,1,FALSE,"standard","terminal_midpoint",25,-0.00422321661957825
"one_root_exact_e9c8068",1,"one-root partially collapsed scale update","S03",165,1,FALSE,"standard","terminal_midpoint",50,0.0117770699908058
"one_root_exact_e9c8068",1,"one-root partially collapsed scale update","S03",89,1,FALSE,"standard","log_q_1",1,0.835807971790922
"one_root_exact_e9c8068",1,"one-root partially collapsed scale update","S03",89,1,FALSE,"standard","log_q_1",5,0.492756611767401
"one_root_exact_e9c8068",1,"one-root partially collapsed scale update","S03",89,1,FALSE,"standard","log_q_1",10,0.263140479232524
"one_root_exact_e9c8068",1,"one-root partially collapsed scale update","S03",89,1,FALSE,"standard","log_q_1",25,0.0204484820218262
"one_root_exact_e9c8068",1,"one-root partially collapsed scale update","S03",89,1,FALSE,"standard","log_q_1",50,0.0460950918047149
"one_root_exact_e9c8068",1,"one-root partially collapsed scale update","S03",89,1,FALSE,"standard","observed_loss",1,0.30542233777063
"one_root_exact_e9c8068",1,"one-root partially collapsed scale update","S03",89,1,FALSE,"standard","observed_loss",5,0.0542460413812997
"one_root_exact_e9c8068",1,"one-root partially collapsed scale update","S03",89,1,FALSE,"standard","observed_loss",10,0.0189103961306012
"one_root_exact_e9c8068",1,"one-root partially collapsed scale update","S03",89,1,FALSE,"standard","observed_loss",25,-0.0271761133759555
"one_root_exact_e9c8068",1,"one-root partially collapsed scale update","S03",89,1,FALSE,"standard","observed_loss",50,0.0129813332493086
"one_root_exact_e9c8068",1,"one-root partially collapsed scale update","S03",89,1,FALSE,"standard","mean_width",1,0.62291285837839
"one_root_exact_e9c8068",1,"one-root partially collapsed scale update","S03",89,1,FALSE,"standard","mean_width",5,0.100909067337812
"one_root_exact_e9c8068",1,"one-root partially collapsed scale update","S03",89,1,FALSE,"standard","mean_width",10,0.034514707078572
"one_root_exact_e9c8068",1,"one-root partially collapsed scale update","S03",89,1,FALSE,"standard","mean_width",25,0.000151837500249831
"one_root_exact_e9c8068",1,"one-root partially collapsed scale update","S03",89,1,FALSE,"standard","mean_width",50,0.0139098051572652
"one_root_exact_e9c8068",1,"one-root partially collapsed scale update","S03",89,1,FALSE,"standard","mean_midpoint",1,0.529613899677092
"one_root_exact_e9c8068",1,"one-root partially collapsed scale update","S03",89,1,FALSE,"standard","mean_midpoint",5,0.0509439217325012
"one_root_exact_e9c8068",1,"one-root partially collapsed scale update","S03",89,1,FALSE,"standard","mean_midpoint",10,0.0361538193965229
"one_root_exact_e9c8068",1,"one-root partially collapsed scale update","S03",89,1,FALSE,"standard","mean_midpoint",25,0.00319226739092647
"one_root_exact_e9c8068",1,"one-root partially collapsed scale update","S03",89,1,FALSE,"standard","mean_midpoint",50,-0.0183437676230279
"one_root_exact_e9c8068",1,"one-root partially collapsed scale update","S03",89,1,FALSE,"standard","terminal_width",1,0.304303411911337
"one_root_exact_e9c8068",1,"one-root partially collapsed scale update","S03",89,1,FALSE,"standard","terminal_width",5,0.0279668635756093
"one_root_exact_e9c8068",1,"one-root partially collapsed scale update","S03",89,1,FALSE,"standard","terminal_width",10,0.0224126814402591
"one_root_exact_e9c8068",1,"one-root partially collapsed scale update","S03",89,1,FALSE,"standard","terminal_width",25,-0.0229167573849719
"one_root_exact_e9c8068",1,"one-root partially collapsed scale update","S03",89,1,FALSE,"standard","terminal_width",50,0.00781224303552637
"one_root_exact_e9c8068",1,"one-root partially collapsed scale update","S03",89,1,FALSE,"standard","terminal_midpoint",1,0.259390883038417
"one_root_exact_e9c8068",1,"one-root partially collapsed scale update","S03",89,1,FALSE,"standard","terminal_midpoint",5,-0.00300063008073338
"one_root_exact_e9c8068",1,"one-root partially collapsed scale update","S03",89,1,FALSE,"standard","terminal_midpoint",10,-0.00508656382890542
"one_root_exact_e9c8068",1,"one-root partially collapsed scale update","S03",89,1,FALSE,"standard","terminal_midpoint",25,-0.0206663069668987
"one_root_exact_e9c8068",1,"one-root partially collapsed scale update","S03",89,1,FALSE,"standard","terminal_midpoint",50,-0.0039615195804849
"one_root_exact_e9c8068",1,"one-root partially collapsed scale update","S04",96,1,TRUE,"A","log_q_1",1,0.837299987003902
"one_root_exact_e9c8068",1,"one-root partially collapsed scale update","S04",96,1,TRUE,"A","log_q_1",5,0.488420849958275
"one_root_exact_e9c8068",1,"one-root partially collapsed scale update","S04",96,1,TRUE,"A","log_q_1",10,0.252386979319321
"one_root_exact_e9c8068",1,"one-root partially collapsed scale update","S04",96,1,TRUE,"A","log_q_1",25,0.00934851208519846
"one_root_exact_e9c8068",1,"one-root partially collapsed scale update","S04",96,1,TRUE,"A","log_q_1",50,0.00500365357842446
"one_root_exact_e9c8068",1,"one-root partially collapsed scale update","S04",96,1,TRUE,"A","observed_loss",1,0.334826508953039
"one_root_exact_e9c8068",1,"one-root partially collapsed scale update","S04",96,1,TRUE,"A","observed_loss",5,0.0393599780581068
"one_root_exact_e9c8068",1,"one-root partially collapsed scale update","S04",96,1,TRUE,"A","observed_loss",10,0.0205561982653994
"one_root_exact_e9c8068",1,"one-root partially collapsed scale update","S04",96,1,TRUE,"A","observed_loss",25,-0.00149101194425234
"one_root_exact_e9c8068",1,"one-root partially collapsed scale update","S04",96,1,TRUE,"A","observed_loss",50,0.0112979375383557
"one_root_exact_e9c8068",1,"one-root partially collapsed scale update","S04",96,1,TRUE,"A","mean_width",1,0.681190628010998
"one_root_exact_e9c8068",1,"one-root partially collapsed scale update","S04",96,1,TRUE,"A","mean_width",5,0.175544586546238
"one_root_exact_e9c8068",1,"one-root partially collapsed scale update","S04",96,1,TRUE,"A","mean_width",10,0.0499787356568787
"one_root_exact_e9c8068",1,"one-root partially collapsed scale update","S04",96,1,TRUE,"A","mean_width",25,-0.0250548969376311
"one_root_exact_e9c8068",1,"one-root partially collapsed scale update","S04",96,1,TRUE,"A","mean_width",50,0.00415111955319176
"one_root_exact_e9c8068",1,"one-root partially collapsed scale update","S04",96,1,TRUE,"A","mean_midpoint",1,0.546380741989179
"one_root_exact_e9c8068",1,"one-root partially collapsed scale update","S04",96,1,TRUE,"A","mean_midpoint",5,0.0868539590763067
"one_root_exact_e9c8068",1,"one-root partially collapsed scale update","S04",96,1,TRUE,"A","mean_midpoint",10,-0.0151737157421524
"one_root_exact_e9c8068",1,"one-root partially collapsed scale update","S04",96,1,TRUE,"A","mean_midpoint",25,0.00385002584625867
"one_root_exact_e9c8068",1,"one-root partially collapsed scale update","S04",96,1,TRUE,"A","mean_midpoint",50,-0.00540714717562117
"one_root_exact_e9c8068",1,"one-root partially collapsed scale update","S04",96,1,TRUE,"A","terminal_width",1,0.391865377538379
"one_root_exact_e9c8068",1,"one-root partially collapsed scale update","S04",96,1,TRUE,"A","terminal_width",5,0.0284739439100133
"one_root_exact_e9c8068",1,"one-root partially collapsed scale update","S04",96,1,TRUE,"A","terminal_width",10,0.00234160990584639
"one_root_exact_e9c8068",1,"one-root partially collapsed scale update","S04",96,1,TRUE,"A","terminal_width",25,-0.00934267858510968
"one_root_exact_e9c8068",1,"one-root partially collapsed scale update","S04",96,1,TRUE,"A","terminal_width",50,0.0371464101027988
"one_root_exact_e9c8068",1,"one-root partially collapsed scale update","S04",96,1,TRUE,"A","terminal_midpoint",1,0.287868298655124
"one_root_exact_e9c8068",1,"one-root partially collapsed scale update","S04",96,1,TRUE,"A","terminal_midpoint",5,0.0159320823642288
"one_root_exact_e9c8068",1,"one-root partially collapsed scale update","S04",96,1,TRUE,"A","terminal_midpoint",10,-0.0110690840964137
"one_root_exact_e9c8068",1,"one-root partially collapsed scale update","S04",96,1,TRUE,"A","terminal_midpoint",25,0.0180253427271677
"one_root_exact_e9c8068",1,"one-root partially collapsed scale update","S04",96,1,TRUE,"A","terminal_midpoint",50,0.00953505054837349
"one_root_exact_e9c8068",1,"one-root partially collapsed scale update","S04",96,2,TRUE,"B","log_q_1",1,0.84445492720096
"one_root_exact_e9c8068",1,"one-root partially collapsed scale update","S04",96,2,TRUE,"B","log_q_1",5,0.517118860302917
"one_root_exact_e9c8068",1,"one-root partially collapsed scale update","S04",96,2,TRUE,"B","log_q_1",10,0.305006460381606
"one_root_exact_e9c8068",1,"one-root partially collapsed scale update","S04",96,2,TRUE,"B","log_q_1",25,0.0660570737606089
"one_root_exact_e9c8068",1,"one-root partially collapsed scale update","S04",96,2,TRUE,"B","log_q_1",50,0.0593285587794345
"one_root_exact_e9c8068",1,"one-root partially collapsed scale update","S04",96,2,TRUE,"B","observed_loss",1,0.309543208028619
"one_root_exact_e9c8068",1,"one-root partially collapsed scale update","S04",96,2,TRUE,"B","observed_loss",5,0.0500078158373796
"one_root_exact_e9c8068",1,"one-root partially collapsed scale update","S04",96,2,TRUE,"B","observed_loss",10,0.0164493622059771
"one_root_exact_e9c8068",1,"one-root partially collapsed scale update","S04",96,2,TRUE,"B","observed_loss",25,-0.00655899868059352
"one_root_exact_e9c8068",1,"one-root partially collapsed scale update","S04",96,2,TRUE,"B","observed_loss",50,0.0153463474998178
"one_root_exact_e9c8068",1,"one-root partially collapsed scale update","S04",96,2,TRUE,"B","mean_width",1,0.684999117964929
"one_root_exact_e9c8068",1,"one-root partially collapsed scale update","S04",96,2,TRUE,"B","mean_width",5,0.177190733983979
"one_root_exact_e9c8068",1,"one-root partially collapsed scale update","S04",96,2,TRUE,"B","mean_width",10,0.0543821769972189
"one_root_exact_e9c8068",1,"one-root partially collapsed scale update","S04",96,2,TRUE,"B","mean_width",25,0.0305210677970035
"one_root_exact_e9c8068",1,"one-root partially collapsed scale update","S04",96,2,TRUE,"B","mean_width",50,-0.00416955785230502
"one_root_exact_e9c8068",1,"one-root partially collapsed scale update","S04",96,2,TRUE,"B","mean_midpoint",1,0.563892882170793
"one_root_exact_e9c8068",1,"one-root partially collapsed scale update","S04",96,2,TRUE,"B","mean_midpoint",5,0.0623244667731753
"one_root_exact_e9c8068",1,"one-root partially collapsed scale update","S04",96,2,TRUE,"B","mean_midpoint",10,-0.0130097122772002
"one_root_exact_e9c8068",1,"one-root partially collapsed scale update","S04",96,2,TRUE,"B","mean_midpoint",25,-0.0150933417000565
"one_root_exact_e9c8068",1,"one-root partially collapsed scale update","S04",96,2,TRUE,"B","mean_midpoint",50,0.00695662371954312
"one_root_exact_e9c8068",1,"one-root partially collapsed scale update","S04",96,2,TRUE,"B","terminal_width",1,0.407468625643589
"one_root_exact_e9c8068",1,"one-root partially collapsed scale update","S04",96,2,TRUE,"B","terminal_width",5,0.049391668288031
"one_root_exact_e9c8068",1,"one-root partially collapsed scale update","S04",96,2,TRUE,"B","terminal_width",10,-0.000244105445175792
"one_root_exact_e9c8068",1,"one-root partially collapsed scale update","S04",96,2,TRUE,"B","terminal_width",25,-0.0205611507566438
"one_root_exact_e9c8068",1,"one-root partially collapsed scale update","S04",96,2,TRUE,"B","terminal_width",50,-0.00477319860085763
"one_root_exact_e9c8068",1,"one-root partially collapsed scale update","S04",96,2,TRUE,"B","terminal_midpoint",1,0.298112451738811
"one_root_exact_e9c8068",1,"one-root partially collapsed scale update","S04",96,2,TRUE,"B","terminal_midpoint",5,0.030308393986131
"one_root_exact_e9c8068",1,"one-root partially collapsed scale update","S04",96,2,TRUE,"B","terminal_midpoint",10,0.0140537543835386
"one_root_exact_e9c8068",1,"one-root partially collapsed scale update","S04",96,2,TRUE,"B","terminal_midpoint",25,-0.0208370190439831
"one_root_exact_e9c8068",1,"one-root partially collapsed scale update","S04",96,2,TRUE,"B","terminal_midpoint",50,-0.000210153175844293
"one_root_exact_e9c8068",1,"one-root partially collapsed scale update","S04",96,3,TRUE,"C","log_q_1",1,0.847113974499586
"one_root_exact_e9c8068",1,"one-root partially collapsed scale update","S04",96,3,TRUE,"C","log_q_1",5,0.521229758672934
"one_root_exact_e9c8068",1,"one-root partially collapsed scale update","S04",96,3,TRUE,"C","log_q_1",10,0.286522152604432
"one_root_exact_e9c8068",1,"one-root partially collapsed scale update","S04",96,3,TRUE,"C","log_q_1",25,0.0233625641211027
"one_root_exact_e9c8068",1,"one-root partially collapsed scale update","S04",96,3,TRUE,"C","log_q_1",50,-0.0192730222528043
"one_root_exact_e9c8068",1,"one-root partially collapsed scale update","S04",96,3,TRUE,"C","observed_loss",1,0.335038368677451
"one_root_exact_e9c8068",1,"one-root partially collapsed scale update","S04",96,3,TRUE,"C","observed_loss",5,0.00962418768287877
"one_root_exact_e9c8068",1,"one-root partially collapsed scale update","S04",96,3,TRUE,"C","observed_loss",10,0.0402422963705452
"one_root_exact_e9c8068",1,"one-root partially collapsed scale update","S04",96,3,TRUE,"C","observed_loss",25,0.0216497665860738
"one_root_exact_e9c8068",1,"one-root partially collapsed scale update","S04",96,3,TRUE,"C","observed_loss",50,-0.0114428100743093
"one_root_exact_e9c8068",1,"one-root partially collapsed scale update","S04",96,3,TRUE,"C","mean_width",1,0.666310518627243
"one_root_exact_e9c8068",1,"one-root partially collapsed scale update","S04",96,3,TRUE,"C","mean_width",5,0.101867570378442
"one_root_exact_e9c8068",1,"one-root partially collapsed scale update","S04",96,3,TRUE,"C","mean_width",10,0.0182906481970073
"one_root_exact_e9c8068",1,"one-root partially collapsed scale update","S04",96,3,TRUE,"C","mean_width",25,-0.0285832448489896
"one_root_exact_e9c8068",1,"one-root partially collapsed scale update","S04",96,3,TRUE,"C","mean_width",50,0.00415941039494803
"one_root_exact_e9c8068",1,"one-root partially collapsed scale update","S04",96,3,TRUE,"C","mean_midpoint",1,0.557297122980014
"one_root_exact_e9c8068",1,"one-root partially collapsed scale update","S04",96,3,TRUE,"C","mean_midpoint",5,0.100396058196877
"one_root_exact_e9c8068",1,"one-root partially collapsed scale update","S04",96,3,TRUE,"C","mean_midpoint",10,0.0072013425106342
"one_root_exact_e9c8068",1,"one-root partially collapsed scale update","S04",96,3,TRUE,"C","mean_midpoint",25,0.00105270713475271
"one_root_exact_e9c8068",1,"one-root partially collapsed scale update","S04",96,3,TRUE,"C","mean_midpoint",50,0.0117374263889445
"one_root_exact_e9c8068",1,"one-root partially collapsed scale update","S04",96,3,TRUE,"C","terminal_width",1,0.406875853851484
"one_root_exact_e9c8068",1,"one-root partially collapsed scale update","S04",96,3,TRUE,"C","terminal_width",5,0.0639918186881023
"one_root_exact_e9c8068",1,"one-root partially collapsed scale update","S04",96,3,TRUE,"C","terminal_width",10,-0.00334201929799791
"one_root_exact_e9c8068",1,"one-root partially collapsed scale update","S04",96,3,TRUE,"C","terminal_width",25,0.000660663867661931
"one_root_exact_e9c8068",1,"one-root partially collapsed scale update","S04",96,3,TRUE,"C","terminal_width",50,0.0213666299636896
"one_root_exact_e9c8068",1,"one-root partially collapsed scale update","S04",96,3,TRUE,"C","terminal_midpoint",1,0.289870493821347
"one_root_exact_e9c8068",1,"one-root partially collapsed scale update","S04",96,3,TRUE,"C","terminal_midpoint",5,0.0304605241998468
"one_root_exact_e9c8068",1,"one-root partially collapsed scale update","S04",96,3,TRUE,"C","terminal_midpoint",10,-0.00107353160893844
"one_root_exact_e9c8068",1,"one-root partially collapsed scale update","S04",96,3,TRUE,"C","terminal_midpoint",25,0.0146522752592335
"one_root_exact_e9c8068",1,"one-root partially collapsed scale update","S04",96,3,TRUE,"C","terminal_midpoint",50,-0.0144269247482899
"one_root_exact_e9c8068",1,"one-root partially collapsed scale update","S04",96,4,TRUE,"D","log_q_1",1,0.840424687047777
"one_root_exact_e9c8068",1,"one-root partially collapsed scale update","S04",96,4,TRUE,"D","log_q_1",5,0.504771267764723
"one_root_exact_e9c8068",1,"one-root partially collapsed scale update","S04",96,4,TRUE,"D","log_q_1",10,0.24761036486577
"one_root_exact_e9c8068",1,"one-root partially collapsed scale update","S04",96,4,TRUE,"D","log_q_1",25,0.0544263732364623
"one_root_exact_e9c8068",1,"one-root partially collapsed scale update","S04",96,4,TRUE,"D","log_q_1",50,-0.0408423912152806
"one_root_exact_e9c8068",1,"one-root partially collapsed scale update","S04",96,4,TRUE,"D","observed_loss",1,0.307580812130367
"one_root_exact_e9c8068",1,"one-root partially collapsed scale update","S04",96,4,TRUE,"D","observed_loss",5,0.066642523165069
"one_root_exact_e9c8068",1,"one-root partially collapsed scale update","S04",96,4,TRUE,"D","observed_loss",10,0.011535865781571
"one_root_exact_e9c8068",1,"one-root partially collapsed scale update","S04",96,4,TRUE,"D","observed_loss",25,0.00704730232523515
"one_root_exact_e9c8068",1,"one-root partially collapsed scale update","S04",96,4,TRUE,"D","observed_loss",50,0.00203041012623837
"one_root_exact_e9c8068",1,"one-root partially collapsed scale update","S04",96,4,TRUE,"D","mean_width",1,0.665849238338434
"one_root_exact_e9c8068",1,"one-root partially collapsed scale update","S04",96,4,TRUE,"D","mean_width",5,0.138034444698374
"one_root_exact_e9c8068",1,"one-root partially collapsed scale update","S04",96,4,TRUE,"D","mean_width",10,0.0409689679663755
"one_root_exact_e9c8068",1,"one-root partially collapsed scale update","S04",96,4,TRUE,"D","mean_width",25,0.00456097521001624
"one_root_exact_e9c8068",1,"one-root partially collapsed scale update","S04",96,4,TRUE,"D","mean_width",50,0.00506715094364852
"one_root_exact_e9c8068",1,"one-root partially collapsed scale update","S04",96,4,TRUE,"D","mean_midpoint",1,0.563985960618205
"one_root_exact_e9c8068",1,"one-root partially collapsed scale update","S04",96,4,TRUE,"D","mean_midpoint",5,0.0509496757060501
"one_root_exact_e9c8068",1,"one-root partially collapsed scale update","S04",96,4,TRUE,"D","mean_midpoint",10,0.0173585787780912
"one_root_exact_e9c8068",1,"one-root partially collapsed scale update","S04",96,4,TRUE,"D","mean_midpoint",25,0.0479457597742568
"one_root_exact_e9c8068",1,"one-root partially collapsed scale update","S04",96,4,TRUE,"D","mean_midpoint",50,0.00678630444271203
"one_root_exact_e9c8068",1,"one-root partially collapsed scale update","S04",96,4,TRUE,"D","terminal_width",1,0.417294618458336
"one_root_exact_e9c8068",1,"one-root partially collapsed scale update","S04",96,4,TRUE,"D","terminal_width",5,0.031121633123668
"one_root_exact_e9c8068",1,"one-root partially collapsed scale update","S04",96,4,TRUE,"D","terminal_width",10,0.00302580175766381
"one_root_exact_e9c8068",1,"one-root partially collapsed scale update","S04",96,4,TRUE,"D","terminal_width",25,-0.00986364118018236
"one_root_exact_e9c8068",1,"one-root partially collapsed scale update","S04",96,4,TRUE,"D","terminal_width",50,-0.0220638450007861
"one_root_exact_e9c8068",1,"one-root partially collapsed scale update","S04",96,4,TRUE,"D","terminal_midpoint",1,0.27857677697269
"one_root_exact_e9c8068",1,"one-root partially collapsed scale update","S04",96,4,TRUE,"D","terminal_midpoint",5,0.0228480493282318
"one_root_exact_e9c8068",1,"one-root partially collapsed scale update","S04",96,4,TRUE,"D","terminal_midpoint",10,-0.00217313178820702
"one_root_exact_e9c8068",1,"one-root partially collapsed scale update","S04",96,4,TRUE,"D","terminal_midpoint",25,0.00195230530091952
"one_root_exact_e9c8068",1,"one-root partially collapsed scale update","S04",96,4,TRUE,"D","terminal_midpoint",50,0.0171868260665951
"one_root_exact_e9c8068",1,"one-root partially collapsed scale update","S03",166,1,FALSE,"standard","log_q_1",1,0.881204024987608
"one_root_exact_e9c8068",1,"one-root partially collapsed scale update","S03",166,1,FALSE,"standard","log_q_1",5,0.637434369425281
"one_root_exact_e9c8068",1,"one-root partially collapsed scale update","S03",166,1,FALSE,"standard","log_q_1",10,0.411901175890268
"one_root_exact_e9c8068",1,"one-root partially collapsed scale update","S03",166,1,FALSE,"standard","log_q_1",25,0.170245578026133
"one_root_exact_e9c8068",1,"one-root partially collapsed scale update","S03",166,1,FALSE,"standard","log_q_1",50,0.073274050983833
"one_root_exact_e9c8068",1,"one-root partially collapsed scale update","S03",166,1,FALSE,"standard","observed_loss",1,0.408496807023514
"one_root_exact_e9c8068",1,"one-root partially collapsed scale update","S03",166,1,FALSE,"standard","observed_loss",5,0.161888849614211
"one_root_exact_e9c8068",1,"one-root partially collapsed scale update","S03",166,1,FALSE,"standard","observed_loss",10,0.10771074993317
"one_root_exact_e9c8068",1,"one-root partially collapsed scale update","S03",166,1,FALSE,"standard","observed_loss",25,0.0131638392314014
"one_root_exact_e9c8068",1,"one-root partially collapsed scale update","S03",166,1,FALSE,"standard","observed_loss",50,0.0223429009443569
"one_root_exact_e9c8068",1,"one-root partially collapsed scale update","S03",166,1,FALSE,"standard","mean_width",1,0.603092125396294
"one_root_exact_e9c8068",1,"one-root partially collapsed scale update","S03",166,1,FALSE,"standard","mean_width",5,0.084684856388451
"one_root_exact_e9c8068",1,"one-root partially collapsed scale update","S03",166,1,FALSE,"standard","mean_width",10,0.0203519447571401
"one_root_exact_e9c8068",1,"one-root partially collapsed scale update","S03",166,1,FALSE,"standard","mean_width",25,0.00533616622527453
"one_root_exact_e9c8068",1,"one-root partially collapsed scale update","S03",166,1,FALSE,"standard","mean_width",50,-0.00256518449628281
"one_root_exact_e9c8068",1,"one-root partially collapsed scale update","S03",166,1,FALSE,"standard","mean_midpoint",1,0.485416467015179
"one_root_exact_e9c8068",1,"one-root partially collapsed scale update","S03",166,1,FALSE,"standard","mean_midpoint",5,0.0718949597043345
"one_root_exact_e9c8068",1,"one-root partially collapsed scale update","S03",166,1,FALSE,"standard","mean_midpoint",10,0.0116232380211526
"one_root_exact_e9c8068",1,"one-root partially collapsed scale update","S03",166,1,FALSE,"standard","mean_midpoint",25,-0.00860438140396808
"one_root_exact_e9c8068",1,"one-root partially collapsed scale update","S03",166,1,FALSE,"standard","mean_midpoint",50,-0.00565592739783216
"one_root_exact_e9c8068",1,"one-root partially collapsed scale update","S03",166,1,FALSE,"standard","terminal_width",1,0.368872580270523
"one_root_exact_e9c8068",1,"one-root partially collapsed scale update","S03",166,1,FALSE,"standard","terminal_width",5,0.0564057323920137
"one_root_exact_e9c8068",1,"one-root partially collapsed scale update","S03",166,1,FALSE,"standard","terminal_width",10,-0.0153514349927394
"one_root_exact_e9c8068",1,"one-root partially collapsed scale update","S03",166,1,FALSE,"standard","terminal_width",25,-0.00223229503308627
"one_root_exact_e9c8068",1,"one-root partially collapsed scale update","S03",166,1,FALSE,"standard","terminal_width",50,-0.0111792669576318
"one_root_exact_e9c8068",1,"one-root partially collapsed scale update","S03",166,1,FALSE,"standard","terminal_midpoint",1,0.356436069769049
"one_root_exact_e9c8068",1,"one-root partially collapsed scale update","S03",166,1,FALSE,"standard","terminal_midpoint",5,0.037361846669497
"one_root_exact_e9c8068",1,"one-root partially collapsed scale update","S03",166,1,FALSE,"standard","terminal_midpoint",10,0.0164557609337012
"one_root_exact_e9c8068",1,"one-root partially collapsed scale update","S03",166,1,FALSE,"standard","terminal_midpoint",25,0.0103077244591087
"one_root_exact_e9c8068",1,"one-root partially collapsed scale update","S03",166,1,FALSE,"standard","terminal_midpoint",50,-0.00842844786454628
"one_root_exact_e9c8068",1,"one-root partially collapsed scale update","S03",90,1,FALSE,"standard","log_q_1",1,0.891906430919795
"one_root_exact_e9c8068",1,"one-root partially collapsed scale update","S03",90,1,FALSE,"standard","log_q_1",5,0.639178640682811
"one_root_exact_e9c8068",1,"one-root partially collapsed scale update","S03",90,1,FALSE,"standard","log_q_1",10,0.440385701263355
"one_root_exact_e9c8068",1,"one-root partially collapsed scale update","S03",90,1,FALSE,"standard","log_q_1",25,0.111748849492976
"one_root_exact_e9c8068",1,"one-root partially collapsed scale update","S03",90,1,FALSE,"standard","log_q_1",50,-0.000427048607778083
"one_root_exact_e9c8068",1,"one-root partially collapsed scale update","S03",90,1,FALSE,"standard","observed_loss",1,0.306325271324651
"one_root_exact_e9c8068",1,"one-root partially collapsed scale update","S03",90,1,FALSE,"standard","observed_loss",5,0.0868521173532982
"one_root_exact_e9c8068",1,"one-root partially collapsed scale update","S03",90,1,FALSE,"standard","observed_loss",10,0.0475884497686494
"one_root_exact_e9c8068",1,"one-root partially collapsed scale update","S03",90,1,FALSE,"standard","observed_loss",25,0.0013867737112051
"one_root_exact_e9c8068",1,"one-root partially collapsed scale update","S03",90,1,FALSE,"standard","observed_loss",50,-0.00775325915406726
"one_root_exact_e9c8068",1,"one-root partially collapsed scale update","S03",90,1,FALSE,"standard","mean_width",1,0.587235286852214
"one_root_exact_e9c8068",1,"one-root partially collapsed scale update","S03",90,1,FALSE,"standard","mean_width",5,0.0615448441408185
"one_root_exact_e9c8068",1,"one-root partially collapsed scale update","S03",90,1,FALSE,"standard","mean_width",10,0.00146465641024769
"one_root_exact_e9c8068",1,"one-root partially collapsed scale update","S03",90,1,FALSE,"standard","mean_width",25,-0.0173932989193406
"one_root_exact_e9c8068",1,"one-root partially collapsed scale update","S03",90,1,FALSE,"standard","mean_width",50,-0.0262117894111607
"one_root_exact_e9c8068",1,"one-root partially collapsed scale update","S03",90,1,FALSE,"standard","mean_midpoint",1,0.442047796040951
"one_root_exact_e9c8068",1,"one-root partially collapsed scale update","S03",90,1,FALSE,"standard","mean_midpoint",5,0.0630733182271797
"one_root_exact_e9c8068",1,"one-root partially collapsed scale update","S03",90,1,FALSE,"standard","mean_midpoint",10,-0.00773976375136431
"one_root_exact_e9c8068",1,"one-root partially collapsed scale update","S03",90,1,FALSE,"standard","mean_midpoint",25,-0.00416628155875835
"one_root_exact_e9c8068",1,"one-root partially collapsed scale update","S03",90,1,FALSE,"standard","mean_midpoint",50,-0.00926219130146458
"one_root_exact_e9c8068",1,"one-root partially collapsed scale update","S03",90,1,FALSE,"standard","terminal_width",1,0.394126583753724
"one_root_exact_e9c8068",1,"one-root partially collapsed scale update","S03",90,1,FALSE,"standard","terminal_width",5,0.0389038275450799
"one_root_exact_e9c8068",1,"one-root partially collapsed scale update","S03",90,1,FALSE,"standard","terminal_width",10,-0.00853725122628215
"one_root_exact_e9c8068",1,"one-root partially collapsed scale update","S03",90,1,FALSE,"standard","terminal_width",25,-0.0235025555033602
"one_root_exact_e9c8068",1,"one-root partially collapsed scale update","S03",90,1,FALSE,"standard","terminal_width",50,0.00358992724814625
"one_root_exact_e9c8068",1,"one-root partially collapsed scale update","S03",90,1,FALSE,"standard","terminal_midpoint",1,0.23388266045129
"one_root_exact_e9c8068",1,"one-root partially collapsed scale update","S03",90,1,FALSE,"standard","terminal_midpoint",5,0.0295362713125627
"one_root_exact_e9c8068",1,"one-root partially collapsed scale update","S03",90,1,FALSE,"standard","terminal_midpoint",10,-0.00202641370736056
"one_root_exact_e9c8068",1,"one-root partially collapsed scale update","S03",90,1,FALSE,"standard","terminal_midpoint",25,0.0141549068616295
"one_root_exact_e9c8068",1,"one-root partially collapsed scale update","S03",90,1,FALSE,"standard","terminal_midpoint",50,-0.0113724932707819
"one_root_exact_e9c8068",1,"one-root partially collapsed scale update","S04",150,1,FALSE,"standard","log_q_1",1,0.881021485969349
"one_root_exact_e9c8068",1,"one-root partially collapsed scale update","S04",150,1,FALSE,"standard","log_q_1",5,0.635911074317875
"one_root_exact_e9c8068",1,"one-root partially collapsed scale update","S04",150,1,FALSE,"standard","log_q_1",10,0.43154052064576
"one_root_exact_e9c8068",1,"one-root partially collapsed scale update","S04",150,1,FALSE,"standard","log_q_1",25,0.146337355159795
"one_root_exact_e9c8068",1,"one-root partially collapsed scale update","S04",150,1,FALSE,"standard","log_q_1",50,0.023097305966109
"one_root_exact_e9c8068",1,"one-root partially collapsed scale update","S04",150,1,FALSE,"standard","observed_loss",1,0.398105830457504
"one_root_exact_e9c8068",1,"one-root partially collapsed scale update","S04",150,1,FALSE,"standard","observed_loss",5,0.105441982062993
"one_root_exact_e9c8068",1,"one-root partially collapsed scale update","S04",150,1,FALSE,"standard","observed_loss",10,0.0242622752538814
"one_root_exact_e9c8068",1,"one-root partially collapsed scale update","S04",150,1,FALSE,"standard","observed_loss",25,0.011318686654381
"one_root_exact_e9c8068",1,"one-root partially collapsed scale update","S04",150,1,FALSE,"standard","observed_loss",50,0.00649372797983568
"one_root_exact_e9c8068",1,"one-root partially collapsed scale update","S04",150,1,FALSE,"standard","mean_width",1,0.681183906491222
"one_root_exact_e9c8068",1,"one-root partially collapsed scale update","S04",150,1,FALSE,"standard","mean_width",5,0.183631243249567
"one_root_exact_e9c8068",1,"one-root partially collapsed scale update","S04",150,1,FALSE,"standard","mean_width",10,0.0190345057821492
"one_root_exact_e9c8068",1,"one-root partially collapsed scale update","S04",150,1,FALSE,"standard","mean_width",25,0.0421896759888499
"one_root_exact_e9c8068",1,"one-root partially collapsed scale update","S04",150,1,FALSE,"standard","mean_width",50,-0.00573898764416777
"one_root_exact_e9c8068",1,"one-root partially collapsed scale update","S04",150,1,FALSE,"standard","mean_midpoint",1,0.554093819643215
"one_root_exact_e9c8068",1,"one-root partially collapsed scale update","S04",150,1,FALSE,"standard","mean_midpoint",5,0.0633408493970941
"one_root_exact_e9c8068",1,"one-root partially collapsed scale update","S04",150,1,FALSE,"standard","mean_midpoint",10,-0.000509035331688606
"one_root_exact_e9c8068",1,"one-root partially collapsed scale update","S04",150,1,FALSE,"standard","mean_midpoint",25,0.019168507938832
"one_root_exact_e9c8068",1,"one-root partially collapsed scale update","S04",150,1,FALSE,"standard","mean_midpoint",50,-0.00374647130385018
"one_root_exact_e9c8068",1,"one-root partially collapsed scale update","S04",150,1,FALSE,"standard","terminal_width",1,0.392568173481972
"one_root_exact_e9c8068",1,"one-root partially collapsed scale update","S04",150,1,FALSE,"standard","terminal_width",5,0.0575842140623784
"one_root_exact_e9c8068",1,"one-root partially collapsed scale update","S04",150,1,FALSE,"standard","terminal_width",10,0.00309041962630269
"one_root_exact_e9c8068",1,"one-root partially collapsed scale update","S04",150,1,FALSE,"standard","terminal_width",25,-0.00448654787003887
"one_root_exact_e9c8068",1,"one-root partially collapsed scale update","S04",150,1,FALSE,"standard","terminal_width",50,-0.00201035003414158
"one_root_exact_e9c8068",1,"one-root partially collapsed scale update","S04",150,1,FALSE,"standard","terminal_midpoint",1,0.296947683215974
"one_root_exact_e9c8068",1,"one-root partially collapsed scale update","S04",150,1,FALSE,"standard","terminal_midpoint",5,0.0174341587447586
"one_root_exact_e9c8068",1,"one-root partially collapsed scale update","S04",150,1,FALSE,"standard","terminal_midpoint",10,0.0239376376627295
"one_root_exact_e9c8068",1,"one-root partially collapsed scale update","S04",150,1,FALSE,"standard","terminal_midpoint",25,-0.0217212915741046
"one_root_exact_e9c8068",1,"one-root partially collapsed scale update","S04",150,1,FALSE,"standard","terminal_midpoint",50,0.00497553274529162
"one_root_exact_e9c8068",1,"one-root partially collapsed scale update","S03",168,1,FALSE,"standard","log_q_1",1,0.881570061778321
"one_root_exact_e9c8068",1,"one-root partially collapsed scale update","S03",168,1,FALSE,"standard","log_q_1",5,0.619521206478731
"one_root_exact_e9c8068",1,"one-root partially collapsed scale update","S03",168,1,FALSE,"standard","log_q_1",10,0.388326187855346
"one_root_exact_e9c8068",1,"one-root partially collapsed scale update","S03",168,1,FALSE,"standard","log_q_1",25,0.115070730627671
"one_root_exact_e9c8068",1,"one-root partially collapsed scale update","S03",168,1,FALSE,"standard","log_q_1",50,-0.00266773624630166
"one_root_exact_e9c8068",1,"one-root partially collapsed scale update","S03",168,1,FALSE,"standard","observed_loss",1,0.473312651837267
"one_root_exact_e9c8068",1,"one-root partially collapsed scale update","S03",168,1,FALSE,"standard","observed_loss",5,0.208146604246224
"one_root_exact_e9c8068",1,"one-root partially collapsed scale update","S03",168,1,FALSE,"standard","observed_loss",10,0.112748858322064
"one_root_exact_e9c8068",1,"one-root partially collapsed scale update","S03",168,1,FALSE,"standard","observed_loss",25,0.0598282556873615
"one_root_exact_e9c8068",1,"one-root partially collapsed scale update","S03",168,1,FALSE,"standard","observed_loss",50,0.0108679895532268
"one_root_exact_e9c8068",1,"one-root partially collapsed scale update","S03",168,1,FALSE,"standard","mean_width",1,0.645036420100734
"one_root_exact_e9c8068",1,"one-root partially collapsed scale update","S03",168,1,FALSE,"standard","mean_width",5,0.175148752055804
"one_root_exact_e9c8068",1,"one-root partially collapsed scale update","S03",168,1,FALSE,"standard","mean_width",10,0.0751233616976057
"one_root_exact_e9c8068",1,"one-root partially collapsed scale update","S03",168,1,FALSE,"standard","mean_width",25,0.018585577725739
"one_root_exact_e9c8068",1,"one-root partially collapsed scale update","S03",168,1,FALSE,"standard","mean_width",50,0.0201096930075188
"one_root_exact_e9c8068",1,"one-root partially collapsed scale update","S03",168,1,FALSE,"standard","mean_midpoint",1,0.514838550554606
"one_root_exact_e9c8068",1,"one-root partially collapsed scale update","S03",168,1,FALSE,"standard","mean_midpoint",5,0.0677864114643722
"one_root_exact_e9c8068",1,"one-root partially collapsed scale update","S03",168,1,FALSE,"standard","mean_midpoint",10,0.0298883199738953
"one_root_exact_e9c8068",1,"one-root partially collapsed scale update","S03",168,1,FALSE,"standard","mean_midpoint",25,-0.0206682440184478
"one_root_exact_e9c8068",1,"one-root partially collapsed scale update","S03",168,1,FALSE,"standard","mean_midpoint",50,-0.000745993764536256
"one_root_exact_e9c8068",1,"one-root partially collapsed scale update","S03",168,1,FALSE,"standard","terminal_width",1,0.295704136462044
"one_root_exact_e9c8068",1,"one-root partially collapsed scale update","S03",168,1,FALSE,"standard","terminal_width",5,0.0217346223533146
"one_root_exact_e9c8068",1,"one-root partially collapsed scale update","S03",168,1,FALSE,"standard","terminal_width",10,0.0181197835557001
"one_root_exact_e9c8068",1,"one-root partially collapsed scale update","S03",168,1,FALSE,"standard","terminal_width",25,0.00532552855802377
"one_root_exact_e9c8068",1,"one-root partially collapsed scale update","S03",168,1,FALSE,"standard","terminal_width",50,-0.0177797140664625
"one_root_exact_e9c8068",1,"one-root partially collapsed scale update","S03",168,1,FALSE,"standard","terminal_midpoint",1,0.183750991294177
"one_root_exact_e9c8068",1,"one-root partially collapsed scale update","S03",168,1,FALSE,"standard","terminal_midpoint",5,-0.0128848360285914
"one_root_exact_e9c8068",1,"one-root partially collapsed scale update","S03",168,1,FALSE,"standard","terminal_midpoint",10,-0.00866947193018332
"one_root_exact_e9c8068",1,"one-root partially collapsed scale update","S03",168,1,FALSE,"standard","terminal_midpoint",25,-0.0277363957878742
"one_root_exact_e9c8068",1,"one-root partially collapsed scale update","S03",168,1,FALSE,"standard","terminal_midpoint",50,0.00155381301255251
"one_root_exact_e9c8068",1,"one-root partially collapsed scale update","S03",94,1,FALSE,"standard","log_q_1",1,0.947634781289682
"one_root_exact_e9c8068",1,"one-root partially collapsed scale update","S03",94,1,FALSE,"standard","log_q_1",5,0.823728972049349
"one_root_exact_e9c8068",1,"one-root partially collapsed scale update","S03",94,1,FALSE,"standard","log_q_1",10,0.684013554620115
"one_root_exact_e9c8068",1,"one-root partially collapsed scale update","S03",94,1,FALSE,"standard","log_q_1",25,0.392742133234755
"one_root_exact_e9c8068",1,"one-root partially collapsed scale update","S03",94,1,FALSE,"standard","log_q_1",50,0.175314064072198
"one_root_exact_e9c8068",1,"one-root partially collapsed scale update","S03",94,1,FALSE,"standard","observed_loss",1,0.62729152982031
"one_root_exact_e9c8068",1,"one-root partially collapsed scale update","S03",94,1,FALSE,"standard","observed_loss",5,0.459554835053893
"one_root_exact_e9c8068",1,"one-root partially collapsed scale update","S03",94,1,FALSE,"standard","observed_loss",10,0.370241277282266
"one_root_exact_e9c8068",1,"one-root partially collapsed scale update","S03",94,1,FALSE,"standard","observed_loss",25,0.216045126214681
"one_root_exact_e9c8068",1,"one-root partially collapsed scale update","S03",94,1,FALSE,"standard","observed_loss",50,0.0940980620446571
"one_root_exact_e9c8068",1,"one-root partially collapsed scale update","S03",94,1,FALSE,"standard","mean_width",1,0.637475241592684
"one_root_exact_e9c8068",1,"one-root partially collapsed scale update","S03",94,1,FALSE,"standard","mean_width",5,0.13847082050767
"one_root_exact_e9c8068",1,"one-root partially collapsed scale update","S03",94,1,FALSE,"standard","mean_width",10,0.0174007934916885
"one_root_exact_e9c8068",1,"one-root partially collapsed scale update","S03",94,1,FALSE,"standard","mean_width",25,-0.0398253790782392
"one_root_exact_e9c8068",1,"one-root partially collapsed scale update","S03",94,1,FALSE,"standard","mean_width",50,0.00338737446747806
"one_root_exact_e9c8068",1,"one-root partially collapsed scale update","S03",94,1,FALSE,"standard","mean_midpoint",1,0.528601691233637
"one_root_exact_e9c8068",1,"one-root partially collapsed scale update","S03",94,1,FALSE,"standard","mean_midpoint",5,0.0675948754341004
"one_root_exact_e9c8068",1,"one-root partially collapsed scale update","S03",94,1,FALSE,"standard","mean_midpoint",10,-0.00243750155421109
"one_root_exact_e9c8068",1,"one-root partially collapsed scale update","S03",94,1,FALSE,"standard","mean_midpoint",25,0.00907528600232635
"one_root_exact_e9c8068",1,"one-root partially collapsed scale update","S03",94,1,FALSE,"standard","mean_midpoint",50,0.0151287490564862
"one_root_exact_e9c8068",1,"one-root partially collapsed scale update","S03",94,1,FALSE,"standard","terminal_width",1,0.288504010585975
"one_root_exact_e9c8068",1,"one-root partially collapsed scale update","S03",94,1,FALSE,"standard","terminal_width",5,0.0392814405381655
"one_root_exact_e9c8068",1,"one-root partially collapsed scale update","S03",94,1,FALSE,"standard","terminal_width",10,0.0185204850626134
"one_root_exact_e9c8068",1,"one-root partially collapsed scale update","S03",94,1,FALSE,"standard","terminal_width",25,0.00137101161661097
"one_root_exact_e9c8068",1,"one-root partially collapsed scale update","S03",94,1,FALSE,"standard","terminal_width",50,-0.00437422291717862
"one_root_exact_e9c8068",1,"one-root partially collapsed scale update","S03",94,1,FALSE,"standard","terminal_midpoint",1,0.218611558948011
"one_root_exact_e9c8068",1,"one-root partially collapsed scale update","S03",94,1,FALSE,"standard","terminal_midpoint",5,0.0384208767911986
"one_root_exact_e9c8068",1,"one-root partially collapsed scale update","S03",94,1,FALSE,"standard","terminal_midpoint",10,0.0140959535886045
"one_root_exact_e9c8068",1,"one-root partially collapsed scale update","S03",94,1,FALSE,"standard","terminal_midpoint",25,-0.000507772790042575
"one_root_exact_e9c8068",1,"one-root partially collapsed scale update","S03",94,1,FALSE,"standard","terminal_midpoint",50,-0.0116896164675489
"one_root_exact_e9c8068",1,"one-root partially collapsed scale update","S04",164,1,FALSE,"standard","log_q_1",1,0.789557629662086
"one_root_exact_e9c8068",1,"one-root partially collapsed scale update","S04",164,1,FALSE,"standard","log_q_1",5,0.358059468298647
"one_root_exact_e9c8068",1,"one-root partially collapsed scale update","S04",164,1,FALSE,"standard","log_q_1",10,0.140834784218346
"one_root_exact_e9c8068",1,"one-root partially collapsed scale update","S04",164,1,FALSE,"standard","log_q_1",25,0.00346693123310665
"one_root_exact_e9c8068",1,"one-root partially collapsed scale update","S04",164,1,FALSE,"standard","log_q_1",50,-0.00467375116063812
"one_root_exact_e9c8068",1,"one-root partially collapsed scale update","S04",164,1,FALSE,"standard","observed_loss",1,0.323478713110748
"one_root_exact_e9c8068",1,"one-root partially collapsed scale update","S04",164,1,FALSE,"standard","observed_loss",5,0.0478211200215321
"one_root_exact_e9c8068",1,"one-root partially collapsed scale update","S04",164,1,FALSE,"standard","observed_loss",10,-0.00655010853163898
"one_root_exact_e9c8068",1,"one-root partially collapsed scale update","S04",164,1,FALSE,"standard","observed_loss",25,0.00655994538711597
"one_root_exact_e9c8068",1,"one-root partially collapsed scale update","S04",164,1,FALSE,"standard","observed_loss",50,0.0232361738451752
"one_root_exact_e9c8068",1,"one-root partially collapsed scale update","S04",164,1,FALSE,"standard","mean_width",1,0.740366334156483
"one_root_exact_e9c8068",1,"one-root partially collapsed scale update","S04",164,1,FALSE,"standard","mean_width",5,0.252358530055926
"one_root_exact_e9c8068",1,"one-root partially collapsed scale update","S04",164,1,FALSE,"standard","mean_width",10,0.0882548651950819
"one_root_exact_e9c8068",1,"one-root partially collapsed scale update","S04",164,1,FALSE,"standard","mean_width",25,0.0255245956682575
"one_root_exact_e9c8068",1,"one-root partially collapsed scale update","S04",164,1,FALSE,"standard","mean_width",50,0.0273682918066159
"one_root_exact_e9c8068",1,"one-root partially collapsed scale update","S04",164,1,FALSE,"standard","mean_midpoint",1,0.637966245477681
"one_root_exact_e9c8068",1,"one-root partially collapsed scale update","S04",164,1,FALSE,"standard","mean_midpoint",5,0.130136931586965
"one_root_exact_e9c8068",1,"one-root partially collapsed scale update","S04",164,1,FALSE,"standard","mean_midpoint",10,0.00335848937635351
"one_root_exact_e9c8068",1,"one-root partially collapsed scale update","S04",164,1,FALSE,"standard","mean_midpoint",25,0.0337627863137226
"one_root_exact_e9c8068",1,"one-root partially collapsed scale update","S04",164,1,FALSE,"standard","mean_midpoint",50,0.0195441442926641
"one_root_exact_e9c8068",1,"one-root partially collapsed scale update","S04",164,1,FALSE,"standard","terminal_width",1,0.469483918785082
"one_root_exact_e9c8068",1,"one-root partially collapsed scale update","S04",164,1,FALSE,"standard","terminal_width",5,0.0878426710011417
"one_root_exact_e9c8068",1,"one-root partially collapsed scale update","S04",164,1,FALSE,"standard","terminal_width",10,0.0493908621915794
"one_root_exact_e9c8068",1,"one-root partially collapsed scale update","S04",164,1,FALSE,"standard","terminal_width",25,-0.00593470942305081
"one_root_exact_e9c8068",1,"one-root partially collapsed scale update","S04",164,1,FALSE,"standard","terminal_width",50,-0.0196060810701689
"one_root_exact_e9c8068",1,"one-root partially collapsed scale update","S04",164,1,FALSE,"standard","terminal_midpoint",1,0.372361423408544
"one_root_exact_e9c8068",1,"one-root partially collapsed scale update","S04",164,1,FALSE,"standard","terminal_midpoint",5,0.0357528926521373
"one_root_exact_e9c8068",1,"one-root partially collapsed scale update","S04",164,1,FALSE,"standard","terminal_midpoint",10,0.0238525595768186
"one_root_exact_e9c8068",1,"one-root partially collapsed scale update","S04",164,1,FALSE,"standard","terminal_midpoint",25,-0.00899638935650995
"one_root_exact_e9c8068",1,"one-root partially collapsed scale update","S04",164,1,FALSE,"standard","terminal_midpoint",50,-0.021447859794617
"one_root_exact_e9c8068",1,"one-root partially collapsed scale update","S03",183,1,TRUE,"A","log_q_1",1,0.920943858595623
"one_root_exact_e9c8068",1,"one-root partially collapsed scale update","S03",183,1,TRUE,"A","log_q_1",5,0.721866296225053
"one_root_exact_e9c8068",1,"one-root partially collapsed scale update","S03",183,1,TRUE,"A","log_q_1",10,0.542427287517933
"one_root_exact_e9c8068",1,"one-root partially collapsed scale update","S03",183,1,TRUE,"A","log_q_1",25,0.234064556560974
"one_root_exact_e9c8068",1,"one-root partially collapsed scale update","S03",183,1,TRUE,"A","log_q_1",50,0.0208025562670669
"one_root_exact_e9c8068",1,"one-root partially collapsed scale update","S03",183,1,TRUE,"A","observed_loss",1,0.471640044023585
"one_root_exact_e9c8068",1,"one-root partially collapsed scale update","S03",183,1,TRUE,"A","observed_loss",5,0.260781227485269
"one_root_exact_e9c8068",1,"one-root partially collapsed scale update","S03",183,1,TRUE,"A","observed_loss",10,0.178569270669046
"one_root_exact_e9c8068",1,"one-root partially collapsed scale update","S03",183,1,TRUE,"A","observed_loss",25,0.100140588326548
"one_root_exact_e9c8068",1,"one-root partially collapsed scale update","S03",183,1,TRUE,"A","observed_loss",50,-0.00519295788840913
"one_root_exact_e9c8068",1,"one-root partially collapsed scale update","S03",183,1,TRUE,"A","mean_width",1,0.622669351267962
"one_root_exact_e9c8068",1,"one-root partially collapsed scale update","S03",183,1,TRUE,"A","mean_width",5,0.127800795575875
"one_root_exact_e9c8068",1,"one-root partially collapsed scale update","S03",183,1,TRUE,"A","mean_width",10,0.0356360823360759
"one_root_exact_e9c8068",1,"one-root partially collapsed scale update","S03",183,1,TRUE,"A","mean_width",25,-0.00822803202111948
"one_root_exact_e9c8068",1,"one-root partially collapsed scale update","S03",183,1,TRUE,"A","mean_width",50,0.0033317322117576
"one_root_exact_e9c8068",1,"one-root partially collapsed scale update","S03",183,1,TRUE,"A","mean_midpoint",1,0.482232228200875
"one_root_exact_e9c8068",1,"one-root partially collapsed scale update","S03",183,1,TRUE,"A","mean_midpoint",5,0.0687482951697921
"one_root_exact_e9c8068",1,"one-root partially collapsed scale update","S03",183,1,TRUE,"A","mean_midpoint",10,0.0293946961085072
"one_root_exact_e9c8068",1,"one-root partially collapsed scale update","S03",183,1,TRUE,"A","mean_midpoint",25,-0.0161903535737811
"one_root_exact_e9c8068",1,"one-root partially collapsed scale update","S03",183,1,TRUE,"A","mean_midpoint",50,0.0194224621772758
"one_root_exact_e9c8068",1,"one-root partially collapsed scale update","S03",183,1,TRUE,"A","terminal_width",1,0.418902387098428
"one_root_exact_e9c8068",1,"one-root partially collapsed scale update","S03",183,1,TRUE,"A","terminal_width",5,0.0638555833728128
"one_root_exact_e9c8068",1,"one-root partially collapsed scale update","S03",183,1,TRUE,"A","terminal_width",10,-0.00919269204561303
"one_root_exact_e9c8068",1,"one-root partially collapsed scale update","S03",183,1,TRUE,"A","terminal_width",25,-0.0172050110958713
"one_root_exact_e9c8068",1,"one-root partially collapsed scale update","S03",183,1,TRUE,"A","terminal_width",50,0.00736553271366851
"one_root_exact_e9c8068",1,"one-root partially collapsed scale update","S03",183,1,TRUE,"A","terminal_midpoint",1,0.289624766375191
"one_root_exact_e9c8068",1,"one-root partially collapsed scale update","S03",183,1,TRUE,"A","terminal_midpoint",5,0.0345214487536981
"one_root_exact_e9c8068",1,"one-root partially collapsed scale update","S03",183,1,TRUE,"A","terminal_midpoint",10,0.00861978387436855
"one_root_exact_e9c8068",1,"one-root partially collapsed scale update","S03",183,1,TRUE,"A","terminal_midpoint",25,-0.0112100351756902
"one_root_exact_e9c8068",1,"one-root partially collapsed scale update","S03",183,1,TRUE,"A","terminal_midpoint",50,-0.016103583193141
"one_root_exact_e9c8068",1,"one-root partially collapsed scale update","S03",183,2,TRUE,"B","log_q_1",1,0.916990934323072
"one_root_exact_e9c8068",1,"one-root partially collapsed scale update","S03",183,2,TRUE,"B","log_q_1",5,0.724571463329265
"one_root_exact_e9c8068",1,"one-root partially collapsed scale update","S03",183,2,TRUE,"B","log_q_1",10,0.543743141696568
"one_root_exact_e9c8068",1,"one-root partially collapsed scale update","S03",183,2,TRUE,"B","log_q_1",25,0.25611410160844
"one_root_exact_e9c8068",1,"one-root partially collapsed scale update","S03",183,2,TRUE,"B","log_q_1",50,0.0787260509488618
"one_root_exact_e9c8068",1,"one-root partially collapsed scale update","S03",183,2,TRUE,"B","observed_loss",1,0.486701145201686
"one_root_exact_e9c8068",1,"one-root partially collapsed scale update","S03",183,2,TRUE,"B","observed_loss",5,0.293315483897643
"one_root_exact_e9c8068",1,"one-root partially collapsed scale update","S03",183,2,TRUE,"B","observed_loss",10,0.240477790289752
"one_root_exact_e9c8068",1,"one-root partially collapsed scale update","S03",183,2,TRUE,"B","observed_loss",25,0.103913535727533
"one_root_exact_e9c8068",1,"one-root partially collapsed scale update","S03",183,2,TRUE,"B","observed_loss",50,0.0139816689373895
"one_root_exact_e9c8068",1,"one-root partially collapsed scale update","S03",183,2,TRUE,"B","mean_width",1,0.615930696985207
"one_root_exact_e9c8068",1,"one-root partially collapsed scale update","S03",183,2,TRUE,"B","mean_width",5,0.102611827046633
"one_root_exact_e9c8068",1,"one-root partially collapsed scale update","S03",183,2,TRUE,"B","mean_width",10,0.0221184359377255
"one_root_exact_e9c8068",1,"one-root partially collapsed scale update","S03",183,2,TRUE,"B","mean_width",25,-0.00436658714225599
"one_root_exact_e9c8068",1,"one-root partially collapsed scale update","S03",183,2,TRUE,"B","mean_width",50,-0.0337883550720052
"one_root_exact_e9c8068",1,"one-root partially collapsed scale update","S03",183,2,TRUE,"B","mean_midpoint",1,0.444342545008672
"one_root_exact_e9c8068",1,"one-root partially collapsed scale update","S03",183,2,TRUE,"B","mean_midpoint",5,0.0471682855289213
"one_root_exact_e9c8068",1,"one-root partially collapsed scale update","S03",183,2,TRUE,"B","mean_midpoint",10,-0.00692390018533993
"one_root_exact_e9c8068",1,"one-root partially collapsed scale update","S03",183,2,TRUE,"B","mean_midpoint",25,0.0126360824448526
"one_root_exact_e9c8068",1,"one-root partially collapsed scale update","S03",183,2,TRUE,"B","mean_midpoint",50,-0.00327242191325803
"one_root_exact_e9c8068",1,"one-root partially collapsed scale update","S03",183,2,TRUE,"B","terminal_width",1,0.383807205742455
"one_root_exact_e9c8068",1,"one-root partially collapsed scale update","S03",183,2,TRUE,"B","terminal_width",5,0.042449528577257
"one_root_exact_e9c8068",1,"one-root partially collapsed scale update","S03",183,2,TRUE,"B","terminal_width",10,-0.0108616593263721
"one_root_exact_e9c8068",1,"one-root partially collapsed scale update","S03",183,2,TRUE,"B","terminal_width",25,0.00150694776863449
"one_root_exact_e9c8068",1,"one-root partially collapsed scale update","S03",183,2,TRUE,"B","terminal_width",50,-0.00194774582887206
"one_root_exact_e9c8068",1,"one-root partially collapsed scale update","S03",183,2,TRUE,"B","terminal_midpoint",1,0.278758354584556
"one_root_exact_e9c8068",1,"one-root partially collapsed scale update","S03",183,2,TRUE,"B","terminal_midpoint",5,0.0311726827817261
"one_root_exact_e9c8068",1,"one-root partially collapsed scale update","S03",183,2,TRUE,"B","terminal_midpoint",10,0.0101745693261977
"one_root_exact_e9c8068",1,"one-root partially collapsed scale update","S03",183,2,TRUE,"B","terminal_midpoint",25,0.00192935060686456
"one_root_exact_e9c8068",1,"one-root partially collapsed scale update","S03",183,2,TRUE,"B","terminal_midpoint",50,0.0229488193960548
"one_root_exact_e9c8068",1,"one-root partially collapsed scale update","S03",183,3,TRUE,"C","log_q_1",1,0.916433417621017
"one_root_exact_e9c8068",1,"one-root partially collapsed scale update","S03",183,3,TRUE,"C","log_q_1",5,0.72629178884267
"one_root_exact_e9c8068",1,"one-root partially collapsed scale update","S03",183,3,TRUE,"C","log_q_1",10,0.548974317725609
"one_root_exact_e9c8068",1,"one-root partially collapsed scale update","S03",183,3,TRUE,"C","log_q_1",25,0.236817497382633
"one_root_exact_e9c8068",1,"one-root partially collapsed scale update","S03",183,3,TRUE,"C","log_q_1",50,0.0548315448543592
"one_root_exact_e9c8068",1,"one-root partially collapsed scale update","S03",183,3,TRUE,"C","observed_loss",1,0.447403846569301
"one_root_exact_e9c8068",1,"one-root partially collapsed scale update","S03",183,3,TRUE,"C","observed_loss",5,0.223663531512483
"one_root_exact_e9c8068",1,"one-root partially collapsed scale update","S03",183,3,TRUE,"C","observed_loss",10,0.173555198482236
"one_root_exact_e9c8068",1,"one-root partially collapsed scale update","S03",183,3,TRUE,"C","observed_loss",25,0.0671765379851399
"one_root_exact_e9c8068",1,"one-root partially collapsed scale update","S03",183,3,TRUE,"C","observed_loss",50,0.0096014243871739
"one_root_exact_e9c8068",1,"one-root partially collapsed scale update","S03",183,3,TRUE,"C","mean_width",1,0.593799363379059
"one_root_exact_e9c8068",1,"one-root partially collapsed scale update","S03",183,3,TRUE,"C","mean_width",5,0.124848817639036
"one_root_exact_e9c8068",1,"one-root partially collapsed scale update","S03",183,3,TRUE,"C","mean_width",10,0.0162773448997201
"one_root_exact_e9c8068",1,"one-root partially collapsed scale update","S03",183,3,TRUE,"C","mean_width",25,0.0184337767906873
"one_root_exact_e9c8068",1,"one-root partially collapsed scale update","S03",183,3,TRUE,"C","mean_width",50,-0.0182906976170281
"one_root_exact_e9c8068",1,"one-root partially collapsed scale update","S03",183,3,TRUE,"C","mean_midpoint",1,0.483405770615975
"one_root_exact_e9c8068",1,"one-root partially collapsed scale update","S03",183,3,TRUE,"C","mean_midpoint",5,0.0216999347803356
"one_root_exact_e9c8068",1,"one-root partially collapsed scale update","S03",183,3,TRUE,"C","mean_midpoint",10,0.026834266936936
"one_root_exact_e9c8068",1,"one-root partially collapsed scale update","S03",183,3,TRUE,"C","mean_midpoint",25,-0.0104696067465204
"one_root_exact_e9c8068",1,"one-root partially collapsed scale update","S03",183,3,TRUE,"C","mean_midpoint",50,0.025120713209447
"one_root_exact_e9c8068",1,"one-root partially collapsed scale update","S03",183,3,TRUE,"C","terminal_width",1,0.373151170053015
"one_root_exact_e9c8068",1,"one-root partially collapsed scale update","S03",183,3,TRUE,"C","terminal_width",5,0.0451033906468509
"one_root_exact_e9c8068",1,"one-root partially collapsed scale update","S03",183,3,TRUE,"C","terminal_width",10,0.0294828714300849
"one_root_exact_e9c8068",1,"one-root partially collapsed scale update","S03",183,3,TRUE,"C","terminal_width",25,-0.00351799380183027
"one_root_exact_e9c8068",1,"one-root partially collapsed scale update","S03",183,3,TRUE,"C","terminal_width",50,0.0169417039152094
"one_root_exact_e9c8068",1,"one-root partially collapsed scale update","S03",183,3,TRUE,"C","terminal_midpoint",1,0.275903921168498
"one_root_exact_e9c8068",1,"one-root partially collapsed scale update","S03",183,3,TRUE,"C","terminal_midpoint",5,0.027771676561557
"one_root_exact_e9c8068",1,"one-root partially collapsed scale update","S03",183,3,TRUE,"C","terminal_midpoint",10,-0.0137320576584652
"one_root_exact_e9c8068",1,"one-root partially collapsed scale update","S03",183,3,TRUE,"C","terminal_midpoint",25,-0.015794578186551
"one_root_exact_e9c8068",1,"one-root partially collapsed scale update","S03",183,3,TRUE,"C","terminal_midpoint",50,0.0217288734007953
"one_root_exact_e9c8068",1,"one-root partially collapsed scale update","S03",183,4,TRUE,"D","log_q_1",1,0.905225541176045
"one_root_exact_e9c8068",1,"one-root partially collapsed scale update","S03",183,4,TRUE,"D","log_q_1",5,0.693412830441116
"one_root_exact_e9c8068",1,"one-root partially collapsed scale update","S03",183,4,TRUE,"D","log_q_1",10,0.496711126403844
"one_root_exact_e9c8068",1,"one-root partially collapsed scale update","S03",183,4,TRUE,"D","log_q_1",25,0.15880874991987
"one_root_exact_e9c8068",1,"one-root partially collapsed scale update","S03",183,4,TRUE,"D","log_q_1",50,-0.0787135078374625
"one_root_exact_e9c8068",1,"one-root partially collapsed scale update","S03",183,4,TRUE,"D","observed_loss",1,0.427832869039535
"one_root_exact_e9c8068",1,"one-root partially collapsed scale update","S03",183,4,TRUE,"D","observed_loss",5,0.235745768779848
"one_root_exact_e9c8068",1,"one-root partially collapsed scale update","S03",183,4,TRUE,"D","observed_loss",10,0.176231788312953
"one_root_exact_e9c8068",1,"one-root partially collapsed scale update","S03",183,4,TRUE,"D","observed_loss",25,0.0679260495563664
"one_root_exact_e9c8068",1,"one-root partially collapsed scale update","S03",183,4,TRUE,"D","observed_loss",50,-0.0103728514443543
"one_root_exact_e9c8068",1,"one-root partially collapsed scale update","S03",183,4,TRUE,"D","mean_width",1,0.599160570932341
"one_root_exact_e9c8068",1,"one-root partially collapsed scale update","S03",183,4,TRUE,"D","mean_width",5,0.0594370811006006
"one_root_exact_e9c8068",1,"one-root partially collapsed scale update","S03",183,4,TRUE,"D","mean_width",10,0.00980457900510777
"one_root_exact_e9c8068",1,"one-root partially collapsed scale update","S03",183,4,TRUE,"D","mean_width",25,0.0350072867789583
"one_root_exact_e9c8068",1,"one-root partially collapsed scale update","S03",183,4,TRUE,"D","mean_width",50,0.029274920189335
"one_root_exact_e9c8068",1,"one-root partially collapsed scale update","S03",183,4,TRUE,"D","mean_midpoint",1,0.480747646771783
"one_root_exact_e9c8068",1,"one-root partially collapsed scale update","S03",183,4,TRUE,"D","mean_midpoint",5,0.0335330702909817
"one_root_exact_e9c8068",1,"one-root partially collapsed scale update","S03",183,4,TRUE,"D","mean_midpoint",10,0.00549999551674291
"one_root_exact_e9c8068",1,"one-root partially collapsed scale update","S03",183,4,TRUE,"D","mean_midpoint",25,-0.00635588855629176
"one_root_exact_e9c8068",1,"one-root partially collapsed scale update","S03",183,4,TRUE,"D","mean_midpoint",50,-0.0118247008397615
"one_root_exact_e9c8068",1,"one-root partially collapsed scale update","S03",183,4,TRUE,"D","terminal_width",1,0.395657511662784
"one_root_exact_e9c8068",1,"one-root partially collapsed scale update","S03",183,4,TRUE,"D","terminal_width",5,0.0639296674818119
"one_root_exact_e9c8068",1,"one-root partially collapsed scale update","S03",183,4,TRUE,"D","terminal_width",10,-0.0111041934545447
"one_root_exact_e9c8068",1,"one-root partially collapsed scale update","S03",183,4,TRUE,"D","terminal_width",25,-0.00487593505137244
"one_root_exact_e9c8068",1,"one-root partially collapsed scale update","S03",183,4,TRUE,"D","terminal_width",50,0.00324338978684375
"one_root_exact_e9c8068",1,"one-root partially collapsed scale update","S03",183,4,TRUE,"D","terminal_midpoint",1,0.270588921694517
"one_root_exact_e9c8068",1,"one-root partially collapsed scale update","S03",183,4,TRUE,"D","terminal_midpoint",5,0.0444677191404337
"one_root_exact_e9c8068",1,"one-root partially collapsed scale update","S03",183,4,TRUE,"D","terminal_midpoint",10,0.0503834733127099
"one_root_exact_e9c8068",1,"one-root partially collapsed scale update","S03",183,4,TRUE,"D","terminal_midpoint",25,0.0043163380301338
"one_root_exact_e9c8068",1,"one-root partially collapsed scale update","S03",183,4,TRUE,"D","terminal_midpoint",50,0.00185314917663283
"one_root_exact_e9c8068",1,"one-root partially collapsed scale update","S03",97,1,FALSE,"standard","log_q_1",1,0.878598567520318
"one_root_exact_e9c8068",1,"one-root partially collapsed scale update","S03",97,1,FALSE,"standard","log_q_1",5,0.591437280014743
"one_root_exact_e9c8068",1,"one-root partially collapsed scale update","S03",97,1,FALSE,"standard","log_q_1",10,0.359998278130375
"one_root_exact_e9c8068",1,"one-root partially collapsed scale update","S03",97,1,FALSE,"standard","log_q_1",25,0.181648388450955
"one_root_exact_e9c8068",1,"one-root partially collapsed scale update","S03",97,1,FALSE,"standard","log_q_1",50,0.0785987787825959
"one_root_exact_e9c8068",1,"one-root partially collapsed scale update","S03",97,1,FALSE,"standard","observed_loss",1,0.406057873258758
"one_root_exact_e9c8068",1,"one-root partially collapsed scale update","S03",97,1,FALSE,"standard","observed_loss",5,0.15044085411001
"one_root_exact_e9c8068",1,"one-root partially collapsed scale update","S03",97,1,FALSE,"standard","observed_loss",10,0.0994104102761537
"one_root_exact_e9c8068",1,"one-root partially collapsed scale update","S03",97,1,FALSE,"standard","observed_loss",25,0.0614413009079711
"one_root_exact_e9c8068",1,"one-root partially collapsed scale update","S03",97,1,FALSE,"standard","observed_loss",50,0.033004936172142
"one_root_exact_e9c8068",1,"one-root partially collapsed scale update","S03",97,1,FALSE,"standard","mean_width",1,0.589164703665858
"one_root_exact_e9c8068",1,"one-root partially collapsed scale update","S03",97,1,FALSE,"standard","mean_width",5,0.0908900586002188
"one_root_exact_e9c8068",1,"one-root partially collapsed scale update","S03",97,1,FALSE,"standard","mean_width",10,0.0235871047845715
"one_root_exact_e9c8068",1,"one-root partially collapsed scale update","S03",97,1,FALSE,"standard","mean_width",25,-0.00467145859337035
"one_root_exact_e9c8068",1,"one-root partially collapsed scale update","S03",97,1,FALSE,"standard","mean_width",50,-0.00469823472577524
"one_root_exact_e9c8068",1,"one-root partially collapsed scale update","S03",97,1,FALSE,"standard","mean_midpoint",1,0.520016709149791
"one_root_exact_e9c8068",1,"one-root partially collapsed scale update","S03",97,1,FALSE,"standard","mean_midpoint",5,0.0284292341375065
"one_root_exact_e9c8068",1,"one-root partially collapsed scale update","S03",97,1,FALSE,"standard","mean_midpoint",10,0.00914378883036979
"one_root_exact_e9c8068",1,"one-root partially collapsed scale update","S03",97,1,FALSE,"standard","mean_midpoint",25,-0.0176737278864767
"one_root_exact_e9c8068",1,"one-root partially collapsed scale update","S03",97,1,FALSE,"standard","mean_midpoint",50,0.00582880953809164
"one_root_exact_e9c8068",1,"one-root partially collapsed scale update","S03",97,1,FALSE,"standard","terminal_width",1,0.306133872721202
"one_root_exact_e9c8068",1,"one-root partially collapsed scale update","S03",97,1,FALSE,"standard","terminal_width",5,0.0269066726744253
"one_root_exact_e9c8068",1,"one-root partially collapsed scale update","S03",97,1,FALSE,"standard","terminal_width",10,-0.0294773498586253
"one_root_exact_e9c8068",1,"one-root partially collapsed scale update","S03",97,1,FALSE,"standard","terminal_width",25,0.000961227267727524
"one_root_exact_e9c8068",1,"one-root partially collapsed scale update","S03",97,1,FALSE,"standard","terminal_width",50,-0.0143437409428253
"one_root_exact_e9c8068",1,"one-root partially collapsed scale update","S03",97,1,FALSE,"standard","terminal_midpoint",1,0.251928230377165
"one_root_exact_e9c8068",1,"one-root partially collapsed scale update","S03",97,1,FALSE,"standard","terminal_midpoint",5,0.0242657286358904
"one_root_exact_e9c8068",1,"one-root partially collapsed scale update","S03",97,1,FALSE,"standard","terminal_midpoint",10,0.00721344391257208
"one_root_exact_e9c8068",1,"one-root partially collapsed scale update","S03",97,1,FALSE,"standard","terminal_midpoint",25,-0.00118463774217731
"one_root_exact_e9c8068",1,"one-root partially collapsed scale update","S03",97,1,FALSE,"standard","terminal_midpoint",50,0.0385976945803839
"one_root_exact_e9c8068",1,"one-root partially collapsed scale update","S04",180,1,TRUE,"A","log_q_1",1,0.915285209634337
"one_root_exact_e9c8068",1,"one-root partially collapsed scale update","S04",180,1,TRUE,"A","log_q_1",5,0.710283288330875
"one_root_exact_e9c8068",1,"one-root partially collapsed scale update","S04",180,1,TRUE,"A","log_q_1",10,0.534251974293443
"one_root_exact_e9c8068",1,"one-root partially collapsed scale update","S04",180,1,TRUE,"A","log_q_1",25,0.258769487372133
"one_root_exact_e9c8068",1,"one-root partially collapsed scale update","S04",180,1,TRUE,"A","log_q_1",50,0.132866444044589
"one_root_exact_e9c8068",1,"one-root partially collapsed scale update","S04",180,1,TRUE,"A","observed_loss",1,0.466810061015829
"one_root_exact_e9c8068",1,"one-root partially collapsed scale update","S04",180,1,TRUE,"A","observed_loss",5,0.221671452728468
"one_root_exact_e9c8068",1,"one-root partially collapsed scale update","S04",180,1,TRUE,"A","observed_loss",10,0.144061353587251
"one_root_exact_e9c8068",1,"one-root partially collapsed scale update","S04",180,1,TRUE,"A","observed_loss",25,0.0422592571721985
"one_root_exact_e9c8068",1,"one-root partially collapsed scale update","S04",180,1,TRUE,"A","observed_loss",50,0.0265989778629155
"one_root_exact_e9c8068",1,"one-root partially collapsed scale update","S04",180,1,TRUE,"A","mean_width",1,0.715589792475133
"one_root_exact_e9c8068",1,"one-root partially collapsed scale update","S04",180,1,TRUE,"A","mean_width",5,0.230525343541881
"one_root_exact_e9c8068",1,"one-root partially collapsed scale update","S04",180,1,TRUE,"A","mean_width",10,0.0393694172614439
"one_root_exact_e9c8068",1,"one-root partially collapsed scale update","S04",180,1,TRUE,"A","mean_width",25,0.0101946359287469
"one_root_exact_e9c8068",1,"one-root partially collapsed scale update","S04",180,1,TRUE,"A","mean_width",50,0.0236345946448166
"one_root_exact_e9c8068",1,"one-root partially collapsed scale update","S04",180,1,TRUE,"A","mean_midpoint",1,0.616418161395545
"one_root_exact_e9c8068",1,"one-root partially collapsed scale update","S04",180,1,TRUE,"A","mean_midpoint",5,0.0905075931643416
"one_root_exact_e9c8068",1,"one-root partially collapsed scale update","S04",180,1,TRUE,"A","mean_midpoint",10,0.0144040313078636
"one_root_exact_e9c8068",1,"one-root partially collapsed scale update","S04",180,1,TRUE,"A","mean_midpoint",25,0.0450922808585162
"one_root_exact_e9c8068",1,"one-root partially collapsed scale update","S04",180,1,TRUE,"A","mean_midpoint",50,-0.0169135671153549
"one_root_exact_e9c8068",1,"one-root partially collapsed scale update","S04",180,1,TRUE,"A","terminal_width",1,0.399336377976432
"one_root_exact_e9c8068",1,"one-root partially collapsed scale update","S04",180,1,TRUE,"A","terminal_width",5,0.0618869554920583
"one_root_exact_e9c8068",1,"one-root partially collapsed scale update","S04",180,1,TRUE,"A","terminal_width",10,0.000660996536026188
"one_root_exact_e9c8068",1,"one-root partially collapsed scale update","S04",180,1,TRUE,"A","terminal_width",25,0.00646882504357932
"one_root_exact_e9c8068",1,"one-root partially collapsed scale update","S04",180,1,TRUE,"A","terminal_width",50,-0.0313642968625109
"one_root_exact_e9c8068",1,"one-root partially collapsed scale update","S04",180,1,TRUE,"A","terminal_midpoint",1,0.318145797927943
"one_root_exact_e9c8068",1,"one-root partially collapsed scale update","S04",180,1,TRUE,"A","terminal_midpoint",5,0.0422783844624042
"one_root_exact_e9c8068",1,"one-root partially collapsed scale update","S04",180,1,TRUE,"A","terminal_midpoint",10,-0.00543208067429844
"one_root_exact_e9c8068",1,"one-root partially collapsed scale update","S04",180,1,TRUE,"A","terminal_midpoint",25,0.00230612213196529
"one_root_exact_e9c8068",1,"one-root partially collapsed scale update","S04",180,1,TRUE,"A","terminal_midpoint",50,0.018504391808269
"one_root_exact_e9c8068",1,"one-root partially collapsed scale update","S04",180,2,TRUE,"B","log_q_1",1,0.899883467110366
"one_root_exact_e9c8068",1,"one-root partially collapsed scale update","S04",180,2,TRUE,"B","log_q_1",5,0.666146111685914
"one_root_exact_e9c8068",1,"one-root partially collapsed scale update","S04",180,2,TRUE,"B","log_q_1",10,0.470401174463447
"one_root_exact_e9c8068",1,"one-root partially collapsed scale update","S04",180,2,TRUE,"B","log_q_1",25,0.174827288863509
"one_root_exact_e9c8068",1,"one-root partially collapsed scale update","S04",180,2,TRUE,"B","log_q_1",50,0.0986524483934259
"one_root_exact_e9c8068",1,"one-root partially collapsed scale update","S04",180,2,TRUE,"B","observed_loss",1,0.456211560446674
"one_root_exact_e9c8068",1,"one-root partially collapsed scale update","S04",180,2,TRUE,"B","observed_loss",5,0.182053273191195
"one_root_exact_e9c8068",1,"one-root partially collapsed scale update","S04",180,2,TRUE,"B","observed_loss",10,0.117177698203573
"one_root_exact_e9c8068",1,"one-root partially collapsed scale update","S04",180,2,TRUE,"B","observed_loss",25,0.0610928548380922
"one_root_exact_e9c8068",1,"one-root partially collapsed scale update","S04",180,2,TRUE,"B","observed_loss",50,0.0392095925768749
"one_root_exact_e9c8068",1,"one-root partially collapsed scale update","S04",180,2,TRUE,"B","mean_width",1,0.691401779698536
"one_root_exact_e9c8068",1,"one-root partially collapsed scale update","S04",180,2,TRUE,"B","mean_width",5,0.16509286264453
"one_root_exact_e9c8068",1,"one-root partially collapsed scale update","S04",180,2,TRUE,"B","mean_width",10,0.0732465769739298
"one_root_exact_e9c8068",1,"one-root partially collapsed scale update","S04",180,2,TRUE,"B","mean_width",25,-0.0142273314693617
"one_root_exact_e9c8068",1,"one-root partially collapsed scale update","S04",180,2,TRUE,"B","mean_width",50,0.00591447886754029
"one_root_exact_e9c8068",1,"one-root partially collapsed scale update","S04",180,2,TRUE,"B","mean_midpoint",1,0.619283915781962
"one_root_exact_e9c8068",1,"one-root partially collapsed scale update","S04",180,2,TRUE,"B","mean_midpoint",5,0.121115255476724
"one_root_exact_e9c8068",1,"one-root partially collapsed scale update","S04",180,2,TRUE,"B","mean_midpoint",10,0.0501231045869917
"one_root_exact_e9c8068",1,"one-root partially collapsed scale update","S04",180,2,TRUE,"B","mean_midpoint",25,0.0128821297686541
"one_root_exact_e9c8068",1,"one-root partially collapsed scale update","S04",180,2,TRUE,"B","mean_midpoint",50,-0.0216097502109064
"one_root_exact_e9c8068",1,"one-root partially collapsed scale update","S04",180,2,TRUE,"B","terminal_width",1,0.394485105253132
"one_root_exact_e9c8068",1,"one-root partially collapsed scale update","S04",180,2,TRUE,"B","terminal_width",5,0.0547727452344791
"one_root_exact_e9c8068",1,"one-root partially collapsed scale update","S04",180,2,TRUE,"B","terminal_width",10,0.0227335448308067
"one_root_exact_e9c8068",1,"one-root partially collapsed scale update","S04",180,2,TRUE,"B","terminal_width",25,-0.0325502716295323
"one_root_exact_e9c8068",1,"one-root partially collapsed scale update","S04",180,2,TRUE,"B","terminal_width",50,-0.0107180618612012
"one_root_exact_e9c8068",1,"one-root partially collapsed scale update","S04",180,2,TRUE,"B","terminal_midpoint",1,0.340554599075036
"one_root_exact_e9c8068",1,"one-root partially collapsed scale update","S04",180,2,TRUE,"B","terminal_midpoint",5,0.026297354046348
"one_root_exact_e9c8068",1,"one-root partially collapsed scale update","S04",180,2,TRUE,"B","terminal_midpoint",10,0.000589574635514868
"one_root_exact_e9c8068",1,"one-root partially collapsed scale update","S04",180,2,TRUE,"B","terminal_midpoint",25,-0.000114024731877083
"one_root_exact_e9c8068",1,"one-root partially collapsed scale update","S04",180,2,TRUE,"B","terminal_midpoint",50,0.0120827966844279
"one_root_exact_e9c8068",1,"one-root partially collapsed scale update","S04",180,3,TRUE,"C","log_q_1",1,0.905781979005403
"one_root_exact_e9c8068",1,"one-root partially collapsed scale update","S04",180,3,TRUE,"C","log_q_1",5,0.662384921019176
"one_root_exact_e9c8068",1,"one-root partially collapsed scale update","S04",180,3,TRUE,"C","log_q_1",10,0.43235640837809
"one_root_exact_e9c8068",1,"one-root partially collapsed scale update","S04",180,3,TRUE,"C","log_q_1",25,0.0737759940747222
"one_root_exact_e9c8068",1,"one-root partially collapsed scale update","S04",180,3,TRUE,"C","log_q_1",50,-0.0385061109181898
"one_root_exact_e9c8068",1,"one-root partially collapsed scale update","S04",180,3,TRUE,"C","observed_loss",1,0.463407628032399
"one_root_exact_e9c8068",1,"one-root partially collapsed scale update","S04",180,3,TRUE,"C","observed_loss",5,0.231456699434606
"one_root_exact_e9c8068",1,"one-root partially collapsed scale update","S04",180,3,TRUE,"C","observed_loss",10,0.14715054762875
"one_root_exact_e9c8068",1,"one-root partially collapsed scale update","S04",180,3,TRUE,"C","observed_loss",25,0.0298036371483943
"one_root_exact_e9c8068",1,"one-root partially collapsed scale update","S04",180,3,TRUE,"C","observed_loss",50,-0.0434714819441258
"one_root_exact_e9c8068",1,"one-root partially collapsed scale update","S04",180,3,TRUE,"C","mean_width",1,0.706866837991451
"one_root_exact_e9c8068",1,"one-root partially collapsed scale update","S04",180,3,TRUE,"C","mean_width",5,0.227287721161603
"one_root_exact_e9c8068",1,"one-root partially collapsed scale update","S04",180,3,TRUE,"C","mean_width",10,0.0807337936116723
"one_root_exact_e9c8068",1,"one-root partially collapsed scale update","S04",180,3,TRUE,"C","mean_width",25,-0.00924038925714313
"one_root_exact_e9c8068",1,"one-root partially collapsed scale update","S04",180,3,TRUE,"C","mean_width",50,-0.0529097946583797
"one_root_exact_e9c8068",1,"one-root partially collapsed scale update","S04",180,3,TRUE,"C","mean_midpoint",1,0.613961812210635
"one_root_exact_e9c8068",1,"one-root partially collapsed scale update","S04",180,3,TRUE,"C","mean_midpoint",5,0.11495137129082
"one_root_exact_e9c8068",1,"one-root partially collapsed scale update","S04",180,3,TRUE,"C","mean_midpoint",10,0.00448058337431854
"one_root_exact_e9c8068",1,"one-root partially collapsed scale update","S04",180,3,TRUE,"C","mean_midpoint",25,0.0147995373008278
"one_root_exact_e9c8068",1,"one-root partially collapsed scale update","S04",180,3,TRUE,"C","mean_midpoint",50,0.009957322632992
"one_root_exact_e9c8068",1,"one-root partially collapsed scale update","S04",180,3,TRUE,"C","terminal_width",1,0.417905169444672
"one_root_exact_e9c8068",1,"one-root partially collapsed scale update","S04",180,3,TRUE,"C","terminal_width",5,0.0553994139783226
"one_root_exact_e9c8068",1,"one-root partially collapsed scale update","S04",180,3,TRUE,"C","terminal_width",10,-0.020404603005916
"one_root_exact_e9c8068",1,"one-root partially collapsed scale update","S04",180,3,TRUE,"C","terminal_width",25,-0.0183255559328002
"one_root_exact_e9c8068",1,"one-root partially collapsed scale update","S04",180,3,TRUE,"C","terminal_width",50,0.00293267981136601
"one_root_exact_e9c8068",1,"one-root partially collapsed scale update","S04",180,3,TRUE,"C","terminal_midpoint",1,0.350919925550637
"one_root_exact_e9c8068",1,"one-root partially collapsed scale update","S04",180,3,TRUE,"C","terminal_midpoint",5,0.0322560683372047
"one_root_exact_e9c8068",1,"one-root partially collapsed scale update","S04",180,3,TRUE,"C","terminal_midpoint",10,-0.000698122556272965
"one_root_exact_e9c8068",1,"one-root partially collapsed scale update","S04",180,3,TRUE,"C","terminal_midpoint",25,-0.00110533128717492
"one_root_exact_e9c8068",1,"one-root partially collapsed scale update","S04",180,3,TRUE,"C","terminal_midpoint",50,0.000957796557424491
"one_root_exact_e9c8068",1,"one-root partially collapsed scale update","S04",180,4,TRUE,"D","log_q_1",1,0.901491726055597
"one_root_exact_e9c8068",1,"one-root partially collapsed scale update","S04",180,4,TRUE,"D","log_q_1",5,0.66130146925952
"one_root_exact_e9c8068",1,"one-root partially collapsed scale update","S04",180,4,TRUE,"D","log_q_1",10,0.461940269891226
"one_root_exact_e9c8068",1,"one-root partially collapsed scale update","S04",180,4,TRUE,"D","log_q_1",25,0.145742097765241
"one_root_exact_e9c8068",1,"one-root partially collapsed scale update","S04",180,4,TRUE,"D","log_q_1",50,-0.00750435905759988
"one_root_exact_e9c8068",1,"one-root partially collapsed scale update","S04",180,4,TRUE,"D","observed_loss",1,0.473388606121352
"one_root_exact_e9c8068",1,"one-root partially collapsed scale update","S04",180,4,TRUE,"D","observed_loss",5,0.167758042605943
"one_root_exact_e9c8068",1,"one-root partially collapsed scale update","S04",180,4,TRUE,"D","observed_loss",10,0.125010623607906
"one_root_exact_e9c8068",1,"one-root partially collapsed scale update","S04",180,4,TRUE,"D","observed_loss",25,0.0189692097844589
"one_root_exact_e9c8068",1,"one-root partially collapsed scale update","S04",180,4,TRUE,"D","observed_loss",50,0.00386140494350288
"one_root_exact_e9c8068",1,"one-root partially collapsed scale update","S04",180,4,TRUE,"D","mean_width",1,0.713325496511673
"one_root_exact_e9c8068",1,"one-root partially collapsed scale update","S04",180,4,TRUE,"D","mean_width",5,0.19887898677458
"one_root_exact_e9c8068",1,"one-root partially collapsed scale update","S04",180,4,TRUE,"D","mean_width",10,0.0247411525181876
"one_root_exact_e9c8068",1,"one-root partially collapsed scale update","S04",180,4,TRUE,"D","mean_width",25,-0.00706465904809392
"one_root_exact_e9c8068",1,"one-root partially collapsed scale update","S04",180,4,TRUE,"D","mean_width",50,0.0201180478941515
"one_root_exact_e9c8068",1,"one-root partially collapsed scale update","S04",180,4,TRUE,"D","mean_midpoint",1,0.604501155344395
"one_root_exact_e9c8068",1,"one-root partially collapsed scale update","S04",180,4,TRUE,"D","mean_midpoint",5,0.087476397511692
"one_root_exact_e9c8068",1,"one-root partially collapsed scale update","S04",180,4,TRUE,"D","mean_midpoint",10,0.0207197986877435
"one_root_exact_e9c8068",1,"one-root partially collapsed scale update","S04",180,4,TRUE,"D","mean_midpoint",25,0.00820423331601124
"one_root_exact_e9c8068",1,"one-root partially collapsed scale update","S04",180,4,TRUE,"D","mean_midpoint",50,0.00700438841502005
"one_root_exact_e9c8068",1,"one-root partially collapsed scale update","S04",180,4,TRUE,"D","terminal_width",1,0.395008721414397
"one_root_exact_e9c8068",1,"one-root partially collapsed scale update","S04",180,4,TRUE,"D","terminal_width",5,0.0642776666819161
"one_root_exact_e9c8068",1,"one-root partially collapsed scale update","S04",180,4,TRUE,"D","terminal_width",10,-0.0159455319580818
"one_root_exact_e9c8068",1,"one-root partially collapsed scale update","S04",180,4,TRUE,"D","terminal_width",25,-0.0167756493243426
"one_root_exact_e9c8068",1,"one-root partially collapsed scale update","S04",180,4,TRUE,"D","terminal_width",50,-0.00990263369614193
"one_root_exact_e9c8068",1,"one-root partially collapsed scale update","S04",180,4,TRUE,"D","terminal_midpoint",1,0.334661881945477
"one_root_exact_e9c8068",1,"one-root partially collapsed scale update","S04",180,4,TRUE,"D","terminal_midpoint",5,-0.0150165846280042
"one_root_exact_e9c8068",1,"one-root partially collapsed scale update","S04",180,4,TRUE,"D","terminal_midpoint",10,-0.000631261607992074
"one_root_exact_e9c8068",1,"one-root partially collapsed scale update","S04",180,4,TRUE,"D","terminal_midpoint",25,0.00420537353956971
"one_root_exact_e9c8068",1,"one-root partially collapsed scale update","S04",180,4,TRUE,"D","terminal_midpoint",50,-0.00646388536710819
"one_root_exact_e9c8068",1,"one-root partially collapsed scale update","S03",185,1,FALSE,"standard","log_q_1",1,0.844001064033684
"one_root_exact_e9c8068",1,"one-root partially collapsed scale update","S03",185,1,FALSE,"standard","log_q_1",5,0.508403716622243
"one_root_exact_e9c8068",1,"one-root partially collapsed scale update","S03",185,1,FALSE,"standard","log_q_1",10,0.266848442810829
"one_root_exact_e9c8068",1,"one-root partially collapsed scale update","S03",185,1,FALSE,"standard","log_q_1",25,0.0523994204520184
"one_root_exact_e9c8068",1,"one-root partially collapsed scale update","S03",185,1,FALSE,"standard","log_q_1",50,-0.00713384810134812
"one_root_exact_e9c8068",1,"one-root partially collapsed scale update","S03",185,1,FALSE,"standard","observed_loss",1,0.2435354494778
"one_root_exact_e9c8068",1,"one-root partially collapsed scale update","S03",185,1,FALSE,"standard","observed_loss",5,0.0189275341857906
"one_root_exact_e9c8068",1,"one-root partially collapsed scale update","S03",185,1,FALSE,"standard","observed_loss",10,0.0386707333860813
"one_root_exact_e9c8068",1,"one-root partially collapsed scale update","S03",185,1,FALSE,"standard","observed_loss",25,0.00264959495914567
"one_root_exact_e9c8068",1,"one-root partially collapsed scale update","S03",185,1,FALSE,"standard","observed_loss",50,0.0265604193820259
"one_root_exact_e9c8068",1,"one-root partially collapsed scale update","S03",185,1,FALSE,"standard","mean_width",1,0.568783362656115
"one_root_exact_e9c8068",1,"one-root partially collapsed scale update","S03",185,1,FALSE,"standard","mean_width",5,0.0861203046134558
"one_root_exact_e9c8068",1,"one-root partially collapsed scale update","S03",185,1,FALSE,"standard","mean_width",10,-0.0111682312649977
"one_root_exact_e9c8068",1,"one-root partially collapsed scale update","S03",185,1,FALSE,"standard","mean_width",25,-0.0368220159141162
"one_root_exact_e9c8068",1,"one-root partially collapsed scale update","S03",185,1,FALSE,"standard","mean_width",50,-0.0216600270374435
"one_root_exact_e9c8068",1,"one-root partially collapsed scale update","S03",185,1,FALSE,"standard","mean_midpoint",1,0.468384031832886
"one_root_exact_e9c8068",1,"one-root partially collapsed scale update","S03",185,1,FALSE,"standard","mean_midpoint",5,0.0383684654825234
"one_root_exact_e9c8068",1,"one-root partially collapsed scale update","S03",185,1,FALSE,"standard","mean_midpoint",10,-0.00229266155380612
"one_root_exact_e9c8068",1,"one-root partially collapsed scale update","S03",185,1,FALSE,"standard","mean_midpoint",25,0.019076152867213
"one_root_exact_e9c8068",1,"one-root partially collapsed scale update","S03",185,1,FALSE,"standard","mean_midpoint",50,-0.0176056440863216
"one_root_exact_e9c8068",1,"one-root partially collapsed scale update","S03",185,1,FALSE,"standard","terminal_width",1,0.377229512595436
"one_root_exact_e9c8068",1,"one-root partially collapsed scale update","S03",185,1,FALSE,"standard","terminal_width",5,0.0404147163820975
"one_root_exact_e9c8068",1,"one-root partially collapsed scale update","S03",185,1,FALSE,"standard","terminal_width",10,0.0240873449996614
"one_root_exact_e9c8068",1,"one-root partially collapsed scale update","S03",185,1,FALSE,"standard","terminal_width",25,0.00820058303786213
"one_root_exact_e9c8068",1,"one-root partially collapsed scale update","S03",185,1,FALSE,"standard","terminal_width",50,-0.0164494978464685
"one_root_exact_e9c8068",1,"one-root partially collapsed scale update","S03",185,1,FALSE,"standard","terminal_midpoint",1,0.305397958078613
"one_root_exact_e9c8068",1,"one-root partially collapsed scale update","S03",185,1,FALSE,"standard","terminal_midpoint",5,0.0495411332356859
"one_root_exact_e9c8068",1,"one-root partially collapsed scale update","S03",185,1,FALSE,"standard","terminal_midpoint",10,0.0566932662357598
"one_root_exact_e9c8068",1,"one-root partially collapsed scale update","S03",185,1,FALSE,"standard","terminal_midpoint",25,0.0177168586202181
"one_root_exact_e9c8068",1,"one-root partially collapsed scale update","S03",185,1,FALSE,"standard","terminal_midpoint",50,-0.00611028753070298
"symmetric_rootwise_one_ASIS",2,"symmetric rootwise partial collapse + one ASIS cycle","S03",13,1,FALSE,"standard","log_q_1",1,0.925431009321911
"symmetric_rootwise_one_ASIS",2,"symmetric rootwise partial collapse + one ASIS cycle","S03",13,1,FALSE,"standard","log_q_1",5,0.721111478469278
"symmetric_rootwise_one_ASIS",2,"symmetric rootwise partial collapse + one ASIS cycle","S03",13,1,FALSE,"standard","log_q_1",10,0.533255191735906
"symmetric_rootwise_one_ASIS",2,"symmetric rootwise partial collapse + one ASIS cycle","S03",13,1,FALSE,"standard","log_q_1",25,0.174875846356792
"symmetric_rootwise_one_ASIS",2,"symmetric rootwise partial collapse + one ASIS cycle","S03",13,1,FALSE,"standard","log_q_1",50,0.0123746005435207
"symmetric_rootwise_one_ASIS",2,"symmetric rootwise partial collapse + one ASIS cycle","S03",13,1,FALSE,"standard","observed_loss",1,0.649691162022788
"symmetric_rootwise_one_ASIS",2,"symmetric rootwise partial collapse + one ASIS cycle","S03",13,1,FALSE,"standard","observed_loss",5,0.456291145384073
"symmetric_rootwise_one_ASIS",2,"symmetric rootwise partial collapse + one ASIS cycle","S03",13,1,FALSE,"standard","observed_loss",10,0.344065915019613
"symmetric_rootwise_one_ASIS",2,"symmetric rootwise partial collapse + one ASIS cycle","S03",13,1,FALSE,"standard","observed_loss",25,0.142404630833334
"symmetric_rootwise_one_ASIS",2,"symmetric rootwise partial collapse + one ASIS cycle","S03",13,1,FALSE,"standard","observed_loss",50,0.019704964941302
"symmetric_rootwise_one_ASIS",2,"symmetric rootwise partial collapse + one ASIS cycle","S03",13,1,FALSE,"standard","mean_width",1,0.688209522279396
"symmetric_rootwise_one_ASIS",2,"symmetric rootwise partial collapse + one ASIS cycle","S03",13,1,FALSE,"standard","mean_width",5,0.217563623287587
"symmetric_rootwise_one_ASIS",2,"symmetric rootwise partial collapse + one ASIS cycle","S03",13,1,FALSE,"standard","mean_width",10,0.055450285179335
"symmetric_rootwise_one_ASIS",2,"symmetric rootwise partial collapse + one ASIS cycle","S03",13,1,FALSE,"standard","mean_width",25,0.0320834218038467
"symmetric_rootwise_one_ASIS",2,"symmetric rootwise partial collapse + one ASIS cycle","S03",13,1,FALSE,"standard","mean_width",50,-0.0202349543030762
"symmetric_rootwise_one_ASIS",2,"symmetric rootwise partial collapse + one ASIS cycle","S03",13,1,FALSE,"standard","mean_midpoint",1,0.601719363019411
"symmetric_rootwise_one_ASIS",2,"symmetric rootwise partial collapse + one ASIS cycle","S03",13,1,FALSE,"standard","mean_midpoint",5,0.157425008249921
"symmetric_rootwise_one_ASIS",2,"symmetric rootwise partial collapse + one ASIS cycle","S03",13,1,FALSE,"standard","mean_midpoint",10,0.0268059025021551
"symmetric_rootwise_one_ASIS",2,"symmetric rootwise partial collapse + one ASIS cycle","S03",13,1,FALSE,"standard","mean_midpoint",25,-0.00963175303258766
"symmetric_rootwise_one_ASIS",2,"symmetric rootwise partial collapse + one ASIS cycle","S03",13,1,FALSE,"standard","mean_midpoint",50,0.00143418173782833
"symmetric_rootwise_one_ASIS",2,"symmetric rootwise partial collapse + one ASIS cycle","S03",13,1,FALSE,"standard","terminal_width",1,0.674142416242843
"symmetric_rootwise_one_ASIS",2,"symmetric rootwise partial collapse + one ASIS cycle","S03",13,1,FALSE,"standard","terminal_width",5,0.368597009947163
"symmetric_rootwise_one_ASIS",2,"symmetric rootwise partial collapse + one ASIS cycle","S03",13,1,FALSE,"standard","terminal_width",10,0.252732288660601
"symmetric_rootwise_one_ASIS",2,"symmetric rootwise partial collapse + one ASIS cycle","S03",13,1,FALSE,"standard","terminal_width",25,0.110990876831908
"symmetric_rootwise_one_ASIS",2,"symmetric rootwise partial collapse + one ASIS cycle","S03",13,1,FALSE,"standard","terminal_width",50,0.0296217914774164
"symmetric_rootwise_one_ASIS",2,"symmetric rootwise partial collapse + one ASIS cycle","S03",13,1,FALSE,"standard","terminal_midpoint",1,0.555888518141983
"symmetric_rootwise_one_ASIS",2,"symmetric rootwise partial collapse + one ASIS cycle","S03",13,1,FALSE,"standard","terminal_midpoint",5,0.252874232363843
"symmetric_rootwise_one_ASIS",2,"symmetric rootwise partial collapse + one ASIS cycle","S03",13,1,FALSE,"standard","terminal_midpoint",10,0.156029056819269
"symmetric_rootwise_one_ASIS",2,"symmetric rootwise partial collapse + one ASIS cycle","S03",13,1,FALSE,"standard","terminal_midpoint",25,0.0744068808742855
"symmetric_rootwise_one_ASIS",2,"symmetric rootwise partial collapse + one ASIS cycle","S03",13,1,FALSE,"standard","terminal_midpoint",50,0.0176608085270778
"symmetric_rootwise_one_ASIS",2,"symmetric rootwise partial collapse + one ASIS cycle","S03",103,1,FALSE,"standard","log_q_1",1,0.859403673814561
"symmetric_rootwise_one_ASIS",2,"symmetric rootwise partial collapse + one ASIS cycle","S03",103,1,FALSE,"standard","log_q_1",5,0.556582698967798
"symmetric_rootwise_one_ASIS",2,"symmetric rootwise partial collapse + one ASIS cycle","S03",103,1,FALSE,"standard","log_q_1",10,0.348056849614243
"symmetric_rootwise_one_ASIS",2,"symmetric rootwise partial collapse + one ASIS cycle","S03",103,1,FALSE,"standard","log_q_1",25,0.0660633371999641
"symmetric_rootwise_one_ASIS",2,"symmetric rootwise partial collapse + one ASIS cycle","S03",103,1,FALSE,"standard","log_q_1",50,-0.0735815135902447
"symmetric_rootwise_one_ASIS",2,"symmetric rootwise partial collapse + one ASIS cycle","S03",103,1,FALSE,"standard","observed_loss",1,0.422959014623808
"symmetric_rootwise_one_ASIS",2,"symmetric rootwise partial collapse + one ASIS cycle","S03",103,1,FALSE,"standard","observed_loss",5,0.156732757394373
"symmetric_rootwise_one_ASIS",2,"symmetric rootwise partial collapse + one ASIS cycle","S03",103,1,FALSE,"standard","observed_loss",10,0.0919436342596724
"symmetric_rootwise_one_ASIS",2,"symmetric rootwise partial collapse + one ASIS cycle","S03",103,1,FALSE,"standard","observed_loss",25,0.0380579839671183
"symmetric_rootwise_one_ASIS",2,"symmetric rootwise partial collapse + one ASIS cycle","S03",103,1,FALSE,"standard","observed_loss",50,-0.0201910699286159
"symmetric_rootwise_one_ASIS",2,"symmetric rootwise partial collapse + one ASIS cycle","S03",103,1,FALSE,"standard","mean_width",1,0.661524847448863
"symmetric_rootwise_one_ASIS",2,"symmetric rootwise partial collapse + one ASIS cycle","S03",103,1,FALSE,"standard","mean_width",5,0.173714423092939
"symmetric_rootwise_one_ASIS",2,"symmetric rootwise partial collapse + one ASIS cycle","S03",103,1,FALSE,"standard","mean_width",10,0.0517052846334977
"symmetric_rootwise_one_ASIS",2,"symmetric rootwise partial collapse + one ASIS cycle","S03",103,1,FALSE,"standard","mean_width",25,-0.0369612401326712
"symmetric_rootwise_one_ASIS",2,"symmetric rootwise partial collapse + one ASIS cycle","S03",103,1,FALSE,"standard","mean_width",50,0.0128542397900023
"symmetric_rootwise_one_ASIS",2,"symmetric rootwise partial collapse + one ASIS cycle","S03",103,1,FALSE,"standard","mean_midpoint",1,0.557574211461015
"symmetric_rootwise_one_ASIS",2,"symmetric rootwise partial collapse + one ASIS cycle","S03",103,1,FALSE,"standard","mean_midpoint",5,0.0885256942875137
"symmetric_rootwise_one_ASIS",2,"symmetric rootwise partial collapse + one ASIS cycle","S03",103,1,FALSE,"standard","mean_midpoint",10,0.0332855018136073
"symmetric_rootwise_one_ASIS",2,"symmetric rootwise partial collapse + one ASIS cycle","S03",103,1,FALSE,"standard","mean_midpoint",25,-0.00803674756408162
"symmetric_rootwise_one_ASIS",2,"symmetric rootwise partial collapse + one ASIS cycle","S03",103,1,FALSE,"standard","mean_midpoint",50,0.0157571382058428
"symmetric_rootwise_one_ASIS",2,"symmetric rootwise partial collapse + one ASIS cycle","S03",103,1,FALSE,"standard","terminal_width",1,0.337013376117944
"symmetric_rootwise_one_ASIS",2,"symmetric rootwise partial collapse + one ASIS cycle","S03",103,1,FALSE,"standard","terminal_width",5,0.0349064931096724
"symmetric_rootwise_one_ASIS",2,"symmetric rootwise partial collapse + one ASIS cycle","S03",103,1,FALSE,"standard","terminal_width",10,-0.000662732961917419
"symmetric_rootwise_one_ASIS",2,"symmetric rootwise partial collapse + one ASIS cycle","S03",103,1,FALSE,"standard","terminal_width",25,0.0156643213811937
"symmetric_rootwise_one_ASIS",2,"symmetric rootwise partial collapse + one ASIS cycle","S03",103,1,FALSE,"standard","terminal_width",50,0.016525342365236
"symmetric_rootwise_one_ASIS",2,"symmetric rootwise partial collapse + one ASIS cycle","S03",103,1,FALSE,"standard","terminal_midpoint",1,0.22812133649627
"symmetric_rootwise_one_ASIS",2,"symmetric rootwise partial collapse + one ASIS cycle","S03",103,1,FALSE,"standard","terminal_midpoint",5,0.0127495317771522
"symmetric_rootwise_one_ASIS",2,"symmetric rootwise partial collapse + one ASIS cycle","S03",103,1,FALSE,"standard","terminal_midpoint",10,0.0155336974510391
"symmetric_rootwise_one_ASIS",2,"symmetric rootwise partial collapse + one ASIS cycle","S03",103,1,FALSE,"standard","terminal_midpoint",25,0.0115275853812619
"symmetric_rootwise_one_ASIS",2,"symmetric rootwise partial collapse + one ASIS cycle","S03",103,1,FALSE,"standard","terminal_midpoint",50,-0.00621797626138724
"symmetric_rootwise_one_ASIS",2,"symmetric rootwise partial collapse + one ASIS cycle","S03",192,1,FALSE,"standard","log_q_1",1,0.870266138567316
"symmetric_rootwise_one_ASIS",2,"symmetric rootwise partial collapse + one ASIS cycle","S03",192,1,FALSE,"standard","log_q_1",5,0.579759668897233
"symmetric_rootwise_one_ASIS",2,"symmetric rootwise partial collapse + one ASIS cycle","S03",192,1,FALSE,"standard","log_q_1",10,0.333102369062909
"symmetric_rootwise_one_ASIS",2,"symmetric rootwise partial collapse + one ASIS cycle","S03",192,1,FALSE,"standard","log_q_1",25,0.0208502922628114
"symmetric_rootwise_one_ASIS",2,"symmetric rootwise partial collapse + one ASIS cycle","S03",192,1,FALSE,"standard","log_q_1",50,0.0263611797380231
"symmetric_rootwise_one_ASIS",2,"symmetric rootwise partial collapse + one ASIS cycle","S03",192,1,FALSE,"standard","observed_loss",1,0.31589897872
"symmetric_rootwise_one_ASIS",2,"symmetric rootwise partial collapse + one ASIS cycle","S03",192,1,FALSE,"standard","observed_loss",5,0.107267605815866
"symmetric_rootwise_one_ASIS",2,"symmetric rootwise partial collapse + one ASIS cycle","S03",192,1,FALSE,"standard","observed_loss",10,0.0204064632909671
"symmetric_rootwise_one_ASIS",2,"symmetric rootwise partial collapse + one ASIS cycle","S03",192,1,FALSE,"standard","observed_loss",25,0.002908850942701
"symmetric_rootwise_one_ASIS",2,"symmetric rootwise partial collapse + one ASIS cycle","S03",192,1,FALSE,"standard","observed_loss",50,-0.013984814515438
"symmetric_rootwise_one_ASIS",2,"symmetric rootwise partial collapse + one ASIS cycle","S03",192,1,FALSE,"standard","mean_width",1,0.609356763192582
"symmetric_rootwise_one_ASIS",2,"symmetric rootwise partial collapse + one ASIS cycle","S03",192,1,FALSE,"standard","mean_width",5,0.126520301650477
"symmetric_rootwise_one_ASIS",2,"symmetric rootwise partial collapse + one ASIS cycle","S03",192,1,FALSE,"standard","mean_width",10,0.0145072134569451
"symmetric_rootwise_one_ASIS",2,"symmetric rootwise partial collapse + one ASIS cycle","S03",192,1,FALSE,"standard","mean_width",25,-0.000392405594389082
"symmetric_rootwise_one_ASIS",2,"symmetric rootwise partial collapse + one ASIS cycle","S03",192,1,FALSE,"standard","mean_width",50,-0.0074017124540232
"symmetric_rootwise_one_ASIS",2,"symmetric rootwise partial collapse + one ASIS cycle","S03",192,1,FALSE,"standard","mean_midpoint",1,0.479231341715283
"symmetric_rootwise_one_ASIS",2,"symmetric rootwise partial collapse + one ASIS cycle","S03",192,1,FALSE,"standard","mean_midpoint",5,0.0266013836863644
"symmetric_rootwise_one_ASIS",2,"symmetric rootwise partial collapse + one ASIS cycle","S03",192,1,FALSE,"standard","mean_midpoint",10,0.00906433796102237
"symmetric_rootwise_one_ASIS",2,"symmetric rootwise partial collapse + one ASIS cycle","S03",192,1,FALSE,"standard","mean_midpoint",25,0.00786923802114107
"symmetric_rootwise_one_ASIS",2,"symmetric rootwise partial collapse + one ASIS cycle","S03",192,1,FALSE,"standard","mean_midpoint",50,-0.00642464055214234
"symmetric_rootwise_one_ASIS",2,"symmetric rootwise partial collapse + one ASIS cycle","S03",192,1,FALSE,"standard","terminal_width",1,0.337929794411532
"symmetric_rootwise_one_ASIS",2,"symmetric rootwise partial collapse + one ASIS cycle","S03",192,1,FALSE,"standard","terminal_width",5,0.03402434327088
"symmetric_rootwise_one_ASIS",2,"symmetric rootwise partial collapse + one ASIS cycle","S03",192,1,FALSE,"standard","terminal_width",10,0.0170106938281753
"symmetric_rootwise_one_ASIS",2,"symmetric rootwise partial collapse + one ASIS cycle","S03",192,1,FALSE,"standard","terminal_width",25,-0.00489289204321551
"symmetric_rootwise_one_ASIS",2,"symmetric rootwise partial collapse + one ASIS cycle","S03",192,1,FALSE,"standard","terminal_width",50,0.0319241983424948
"symmetric_rootwise_one_ASIS",2,"symmetric rootwise partial collapse + one ASIS cycle","S03",192,1,FALSE,"standard","terminal_midpoint",1,0.29151793220284
"symmetric_rootwise_one_ASIS",2,"symmetric rootwise partial collapse + one ASIS cycle","S03",192,1,FALSE,"standard","terminal_midpoint",5,0.041468100604171
"symmetric_rootwise_one_ASIS",2,"symmetric rootwise partial collapse + one ASIS cycle","S03",192,1,FALSE,"standard","terminal_midpoint",10,0.0290790052891719
"symmetric_rootwise_one_ASIS",2,"symmetric rootwise partial collapse + one ASIS cycle","S03",192,1,FALSE,"standard","terminal_midpoint",25,-0.0339203010892505
"symmetric_rootwise_one_ASIS",2,"symmetric rootwise partial collapse + one ASIS cycle","S03",192,1,FALSE,"standard","terminal_midpoint",50,-0.0175778566060019
"symmetric_rootwise_one_ASIS",2,"symmetric rootwise partial collapse + one ASIS cycle","S04",193,1,TRUE,"A","log_q_1",1,0.864880549656293
"symmetric_rootwise_one_ASIS",2,"symmetric rootwise partial collapse + one ASIS cycle","S04",193,1,TRUE,"A","log_q_1",5,0.556131751514484
"symmetric_rootwise_one_ASIS",2,"symmetric rootwise partial collapse + one ASIS cycle","S04",193,1,TRUE,"A","log_q_1",10,0.326077069555853
"symmetric_rootwise_one_ASIS",2,"symmetric rootwise partial collapse + one ASIS cycle","S04",193,1,TRUE,"A","log_q_1",25,0.0712198174514838
"symmetric_rootwise_one_ASIS",2,"symmetric rootwise partial collapse + one ASIS cycle","S04",193,1,TRUE,"A","log_q_1",50,-0.00250042969140018
"symmetric_rootwise_one_ASIS",2,"symmetric rootwise partial collapse + one ASIS cycle","S04",193,1,TRUE,"A","observed_loss",1,0.438118277112386
"symmetric_rootwise_one_ASIS",2,"symmetric rootwise partial collapse + one ASIS cycle","S04",193,1,TRUE,"A","observed_loss",5,0.134797606367561
"symmetric_rootwise_one_ASIS",2,"symmetric rootwise partial collapse + one ASIS cycle","S04",193,1,TRUE,"A","observed_loss",10,0.0947569478553245
"symmetric_rootwise_one_ASIS",2,"symmetric rootwise partial collapse + one ASIS cycle","S04",193,1,TRUE,"A","observed_loss",25,0.0135990899167215
"symmetric_rootwise_one_ASIS",2,"symmetric rootwise partial collapse + one ASIS cycle","S04",193,1,TRUE,"A","observed_loss",50,-0.00707353966124271
"symmetric_rootwise_one_ASIS",2,"symmetric rootwise partial collapse + one ASIS cycle","S04",193,1,TRUE,"A","mean_width",1,0.722687057709309
"symmetric_rootwise_one_ASIS",2,"symmetric rootwise partial collapse + one ASIS cycle","S04",193,1,TRUE,"A","mean_width",5,0.225724446607271
"symmetric_rootwise_one_ASIS",2,"symmetric rootwise partial collapse + one ASIS cycle","S04",193,1,TRUE,"A","mean_width",10,0.0577725624103595
"symmetric_rootwise_one_ASIS",2,"symmetric rootwise partial collapse + one ASIS cycle","S04",193,1,TRUE,"A","mean_width",25,0.00153960252889153
"symmetric_rootwise_one_ASIS",2,"symmetric rootwise partial collapse + one ASIS cycle","S04",193,1,TRUE,"A","mean_width",50,0.00259406656878691
"symmetric_rootwise_one_ASIS",2,"symmetric rootwise partial collapse + one ASIS cycle","S04",193,1,TRUE,"A","mean_midpoint",1,0.563140710347414
"symmetric_rootwise_one_ASIS",2,"symmetric rootwise partial collapse + one ASIS cycle","S04",193,1,TRUE,"A","mean_midpoint",5,0.0811066838642551
"symmetric_rootwise_one_ASIS",2,"symmetric rootwise partial collapse + one ASIS cycle","S04",193,1,TRUE,"A","mean_midpoint",10,-0.00680007884103561
"symmetric_rootwise_one_ASIS",2,"symmetric rootwise partial collapse + one ASIS cycle","S04",193,1,TRUE,"A","mean_midpoint",25,-0.00128897555969042
"symmetric_rootwise_one_ASIS",2,"symmetric rootwise partial collapse + one ASIS cycle","S04",193,1,TRUE,"A","mean_midpoint",50,0.00699058311699168
"symmetric_rootwise_one_ASIS",2,"symmetric rootwise partial collapse + one ASIS cycle","S04",193,1,TRUE,"A","terminal_width",1,0.45566982840454
"symmetric_rootwise_one_ASIS",2,"symmetric rootwise partial collapse + one ASIS cycle","S04",193,1,TRUE,"A","terminal_width",5,0.0868010172834455
"symmetric_rootwise_one_ASIS",2,"symmetric rootwise partial collapse + one ASIS cycle","S04",193,1,TRUE,"A","terminal_width",10,0.0118376445231961
"symmetric_rootwise_one_ASIS",2,"symmetric rootwise partial collapse + one ASIS cycle","S04",193,1,TRUE,"A","terminal_width",25,0.00430300145763467
"symmetric_rootwise_one_ASIS",2,"symmetric rootwise partial collapse + one ASIS cycle","S04",193,1,TRUE,"A","terminal_width",50,-0.0148056322476664
"symmetric_rootwise_one_ASIS",2,"symmetric rootwise partial collapse + one ASIS cycle","S04",193,1,TRUE,"A","terminal_midpoint",1,0.345458962776163
"symmetric_rootwise_one_ASIS",2,"symmetric rootwise partial collapse + one ASIS cycle","S04",193,1,TRUE,"A","terminal_midpoint",5,0.0374325690117833
"symmetric_rootwise_one_ASIS",2,"symmetric rootwise partial collapse + one ASIS cycle","S04",193,1,TRUE,"A","terminal_midpoint",10,0.0217552571046858
"symmetric_rootwise_one_ASIS",2,"symmetric rootwise partial collapse + one ASIS cycle","S04",193,1,TRUE,"A","terminal_midpoint",25,0.000700965246991971
"symmetric_rootwise_one_ASIS",2,"symmetric rootwise partial collapse + one ASIS cycle","S04",193,1,TRUE,"A","terminal_midpoint",50,-0.0147989956994417
"symmetric_rootwise_one_ASIS",2,"symmetric rootwise partial collapse + one ASIS cycle","S04",193,2,TRUE,"B","log_q_1",1,0.857184097922071
"symmetric_rootwise_one_ASIS",2,"symmetric rootwise partial collapse + one ASIS cycle","S04",193,2,TRUE,"B","log_q_1",5,0.559110528935299
"symmetric_rootwise_one_ASIS",2,"symmetric rootwise partial collapse + one ASIS cycle","S04",193,2,TRUE,"B","log_q_1",10,0.335901063743249
"symmetric_rootwise_one_ASIS",2,"symmetric rootwise partial collapse + one ASIS cycle","S04",193,2,TRUE,"B","log_q_1",25,0.127341363601334
"symmetric_rootwise_one_ASIS",2,"symmetric rootwise partial collapse + one ASIS cycle","S04",193,2,TRUE,"B","log_q_1",50,0.0375057784685871
"symmetric_rootwise_one_ASIS",2,"symmetric rootwise partial collapse + one ASIS cycle","S04",193,2,TRUE,"B","observed_loss",1,0.42921233700122
"symmetric_rootwise_one_ASIS",2,"symmetric rootwise partial collapse + one ASIS cycle","S04",193,2,TRUE,"B","observed_loss",5,0.129168213660802
"symmetric_rootwise_one_ASIS",2,"symmetric rootwise partial collapse + one ASIS cycle","S04",193,2,TRUE,"B","observed_loss",10,0.0427630452120614
"symmetric_rootwise_one_ASIS",2,"symmetric rootwise partial collapse + one ASIS cycle","S04",193,2,TRUE,"B","observed_loss",25,0.0288285127278933
"symmetric_rootwise_one_ASIS",2,"symmetric rootwise partial collapse + one ASIS cycle","S04",193,2,TRUE,"B","observed_loss",50,-0.0014593086755409
"symmetric_rootwise_one_ASIS",2,"symmetric rootwise partial collapse + one ASIS cycle","S04",193,2,TRUE,"B","mean_width",1,0.721306292610817
"symmetric_rootwise_one_ASIS",2,"symmetric rootwise partial collapse + one ASIS cycle","S04",193,2,TRUE,"B","mean_width",5,0.209864285523506
"symmetric_rootwise_one_ASIS",2,"symmetric rootwise partial collapse + one ASIS cycle","S04",193,2,TRUE,"B","mean_width",10,0.0225139453877139
"symmetric_rootwise_one_ASIS",2,"symmetric rootwise partial collapse + one ASIS cycle","S04",193,2,TRUE,"B","mean_width",25,-0.00247369021428043
"symmetric_rootwise_one_ASIS",2,"symmetric rootwise partial collapse + one ASIS cycle","S04",193,2,TRUE,"B","mean_width",50,0.0286976207110266
"symmetric_rootwise_one_ASIS",2,"symmetric rootwise partial collapse + one ASIS cycle","S04",193,2,TRUE,"B","mean_midpoint",1,0.576870724853411
"symmetric_rootwise_one_ASIS",2,"symmetric rootwise partial collapse + one ASIS cycle","S04",193,2,TRUE,"B","mean_midpoint",5,0.0582432020046523
"symmetric_rootwise_one_ASIS",2,"symmetric rootwise partial collapse + one ASIS cycle","S04",193,2,TRUE,"B","mean_midpoint",10,0.014375589916234
"symmetric_rootwise_one_ASIS",2,"symmetric rootwise partial collapse + one ASIS cycle","S04",193,2,TRUE,"B","mean_midpoint",25,-0.0146281375075323
"symmetric_rootwise_one_ASIS",2,"symmetric rootwise partial collapse + one ASIS cycle","S04",193,2,TRUE,"B","mean_midpoint",50,0.0180853001447797
"symmetric_rootwise_one_ASIS",2,"symmetric rootwise partial collapse + one ASIS cycle","S04",193,2,TRUE,"B","terminal_width",1,0.473110439012632
"symmetric_rootwise_one_ASIS",2,"symmetric rootwise partial collapse + one ASIS cycle","S04",193,2,TRUE,"B","terminal_width",5,0.0923773522721395
"symmetric_rootwise_one_ASIS",2,"symmetric rootwise partial collapse + one ASIS cycle","S04",193,2,TRUE,"B","terminal_width",10,0.00229391811768971
"symmetric_rootwise_one_ASIS",2,"symmetric rootwise partial collapse + one ASIS cycle","S04",193,2,TRUE,"B","terminal_width",25,0.00174327168388306
"symmetric_rootwise_one_ASIS",2,"symmetric rootwise partial collapse + one ASIS cycle","S04",193,2,TRUE,"B","terminal_width",50,-0.0297667863690096
"symmetric_rootwise_one_ASIS",2,"symmetric rootwise partial collapse + one ASIS cycle","S04",193,2,TRUE,"B","terminal_midpoint",1,0.352317209666528
"symmetric_rootwise_one_ASIS",2,"symmetric rootwise partial collapse + one ASIS cycle","S04",193,2,TRUE,"B","terminal_midpoint",5,0.017488380962956
"symmetric_rootwise_one_ASIS",2,"symmetric rootwise partial collapse + one ASIS cycle","S04",193,2,TRUE,"B","terminal_midpoint",10,0.00253140476308424
"symmetric_rootwise_one_ASIS",2,"symmetric rootwise partial collapse + one ASIS cycle","S04",193,2,TRUE,"B","terminal_midpoint",25,-0.00877299122052772
"symmetric_rootwise_one_ASIS",2,"symmetric rootwise partial collapse + one ASIS cycle","S04",193,2,TRUE,"B","terminal_midpoint",50,-0.00212012792197674
"symmetric_rootwise_one_ASIS",2,"symmetric rootwise partial collapse + one ASIS cycle","S04",193,3,TRUE,"C","log_q_1",1,0.856745596300004
"symmetric_rootwise_one_ASIS",2,"symmetric rootwise partial collapse + one ASIS cycle","S04",193,3,TRUE,"C","log_q_1",5,0.570373374617822
"symmetric_rootwise_one_ASIS",2,"symmetric rootwise partial collapse + one ASIS cycle","S04",193,3,TRUE,"C","log_q_1",10,0.351593003555202
"symmetric_rootwise_one_ASIS",2,"symmetric rootwise partial collapse + one ASIS cycle","S04",193,3,TRUE,"C","log_q_1",25,0.0884483013829842
"symmetric_rootwise_one_ASIS",2,"symmetric rootwise partial collapse + one ASIS cycle","S04",193,3,TRUE,"C","log_q_1",50,0.0123507252837091
"symmetric_rootwise_one_ASIS",2,"symmetric rootwise partial collapse + one ASIS cycle","S04",193,3,TRUE,"C","observed_loss",1,0.425210995020968
"symmetric_rootwise_one_ASIS",2,"symmetric rootwise partial collapse + one ASIS cycle","S04",193,3,TRUE,"C","observed_loss",5,0.116276701421375
"symmetric_rootwise_one_ASIS",2,"symmetric rootwise partial collapse + one ASIS cycle","S04",193,3,TRUE,"C","observed_loss",10,0.0488647512509034
"symmetric_rootwise_one_ASIS",2,"symmetric rootwise partial collapse + one ASIS cycle","S04",193,3,TRUE,"C","observed_loss",25,0.0113113817006941
"symmetric_rootwise_one_ASIS",2,"symmetric rootwise partial collapse + one ASIS cycle","S04",193,3,TRUE,"C","observed_loss",50,0.00351590836176828
"symmetric_rootwise_one_ASIS",2,"symmetric rootwise partial collapse + one ASIS cycle","S04",193,3,TRUE,"C","mean_width",1,0.711390509735043
"symmetric_rootwise_one_ASIS",2,"symmetric rootwise partial collapse + one ASIS cycle","S04",193,3,TRUE,"C","mean_width",5,0.205199538135298
"symmetric_rootwise_one_ASIS",2,"symmetric rootwise partial collapse + one ASIS cycle","S04",193,3,TRUE,"C","mean_width",10,0.0345134280644984
"symmetric_rootwise_one_ASIS",2,"symmetric rootwise partial collapse + one ASIS cycle","S04",193,3,TRUE,"C","mean_width",25,0.00497974282063323
"symmetric_rootwise_one_ASIS",2,"symmetric rootwise partial collapse + one ASIS cycle","S04",193,3,TRUE,"C","mean_width",50,0.0184931973583752
"symmetric_rootwise_one_ASIS",2,"symmetric rootwise partial collapse + one ASIS cycle","S04",193,3,TRUE,"C","mean_midpoint",1,0.582290284449387
"symmetric_rootwise_one_ASIS",2,"symmetric rootwise partial collapse + one ASIS cycle","S04",193,3,TRUE,"C","mean_midpoint",5,0.0411256351103438
"symmetric_rootwise_one_ASIS",2,"symmetric rootwise partial collapse + one ASIS cycle","S04",193,3,TRUE,"C","mean_midpoint",10,-0.0125081331875025
"symmetric_rootwise_one_ASIS",2,"symmetric rootwise partial collapse + one ASIS cycle","S04",193,3,TRUE,"C","mean_midpoint",25,0.00401817342616903
"symmetric_rootwise_one_ASIS",2,"symmetric rootwise partial collapse + one ASIS cycle","S04",193,3,TRUE,"C","mean_midpoint",50,-0.000994633980625886
"symmetric_rootwise_one_ASIS",2,"symmetric rootwise partial collapse + one ASIS cycle","S04",193,3,TRUE,"C","terminal_width",1,0.477951462471662
"symmetric_rootwise_one_ASIS",2,"symmetric rootwise partial collapse + one ASIS cycle","S04",193,3,TRUE,"C","terminal_width",5,0.0819360520608525
"symmetric_rootwise_one_ASIS",2,"symmetric rootwise partial collapse + one ASIS cycle","S04",193,3,TRUE,"C","terminal_width",10,0.00947512577752221
"symmetric_rootwise_one_ASIS",2,"symmetric rootwise partial collapse + one ASIS cycle","S04",193,3,TRUE,"C","terminal_width",25,-0.0113564403089696
"symmetric_rootwise_one_ASIS",2,"symmetric rootwise partial collapse + one ASIS cycle","S04",193,3,TRUE,"C","terminal_width",50,0.0215342945448492
"symmetric_rootwise_one_ASIS",2,"symmetric rootwise partial collapse + one ASIS cycle","S04",193,3,TRUE,"C","terminal_midpoint",1,0.350651930293991
"symmetric_rootwise_one_ASIS",2,"symmetric rootwise partial collapse + one ASIS cycle","S04",193,3,TRUE,"C","terminal_midpoint",5,0.044861158399945
"symmetric_rootwise_one_ASIS",2,"symmetric rootwise partial collapse + one ASIS cycle","S04",193,3,TRUE,"C","terminal_midpoint",10,0.0151572872306689
"symmetric_rootwise_one_ASIS",2,"symmetric rootwise partial collapse + one ASIS cycle","S04",193,3,TRUE,"C","terminal_midpoint",25,0.00774787208297981
"symmetric_rootwise_one_ASIS",2,"symmetric rootwise partial collapse + one ASIS cycle","S04",193,3,TRUE,"C","terminal_midpoint",50,0.00767048766442943
"symmetric_rootwise_one_ASIS",2,"symmetric rootwise partial collapse + one ASIS cycle","S04",193,4,TRUE,"D","log_q_1",1,0.860702425230923
"symmetric_rootwise_one_ASIS",2,"symmetric rootwise partial collapse + one ASIS cycle","S04",193,4,TRUE,"D","log_q_1",5,0.567601426025708
"symmetric_rootwise_one_ASIS",2,"symmetric rootwise partial collapse + one ASIS cycle","S04",193,4,TRUE,"D","log_q_1",10,0.32038748091595
"symmetric_rootwise_one_ASIS",2,"symmetric rootwise partial collapse + one ASIS cycle","S04",193,4,TRUE,"D","log_q_1",25,0.0100010471259356
"symmetric_rootwise_one_ASIS",2,"symmetric rootwise partial collapse + one ASIS cycle","S04",193,4,TRUE,"D","log_q_1",50,-0.00637956767642846
"symmetric_rootwise_one_ASIS",2,"symmetric rootwise partial collapse + one ASIS cycle","S04",193,4,TRUE,"D","observed_loss",1,0.411625102959589
"symmetric_rootwise_one_ASIS",2,"symmetric rootwise partial collapse + one ASIS cycle","S04",193,4,TRUE,"D","observed_loss",5,0.12181932934429
"symmetric_rootwise_one_ASIS",2,"symmetric rootwise partial collapse + one ASIS cycle","S04",193,4,TRUE,"D","observed_loss",10,0.0629769007584624
"symmetric_rootwise_one_ASIS",2,"symmetric rootwise partial collapse + one ASIS cycle","S04",193,4,TRUE,"D","observed_loss",25,-0.0022544490110289
"symmetric_rootwise_one_ASIS",2,"symmetric rootwise partial collapse + one ASIS cycle","S04",193,4,TRUE,"D","observed_loss",50,-0.0146281272504922
"symmetric_rootwise_one_ASIS",2,"symmetric rootwise partial collapse + one ASIS cycle","S04",193,4,TRUE,"D","mean_width",1,0.716796335505801
"symmetric_rootwise_one_ASIS",2,"symmetric rootwise partial collapse + one ASIS cycle","S04",193,4,TRUE,"D","mean_width",5,0.221160036269418
"symmetric_rootwise_one_ASIS",2,"symmetric rootwise partial collapse + one ASIS cycle","S04",193,4,TRUE,"D","mean_width",10,0.0687441657400952
"symmetric_rootwise_one_ASIS",2,"symmetric rootwise partial collapse + one ASIS cycle","S04",193,4,TRUE,"D","mean_width",25,0.00214615132117284
"symmetric_rootwise_one_ASIS",2,"symmetric rootwise partial collapse + one ASIS cycle","S04",193,4,TRUE,"D","mean_width",50,0.00528840113117302
"symmetric_rootwise_one_ASIS",2,"symmetric rootwise partial collapse + one ASIS cycle","S04",193,4,TRUE,"D","mean_midpoint",1,0.567277435169335
"symmetric_rootwise_one_ASIS",2,"symmetric rootwise partial collapse + one ASIS cycle","S04",193,4,TRUE,"D","mean_midpoint",5,0.0825359732500436
"symmetric_rootwise_one_ASIS",2,"symmetric rootwise partial collapse + one ASIS cycle","S04",193,4,TRUE,"D","mean_midpoint",10,0.0136536595039715
"symmetric_rootwise_one_ASIS",2,"symmetric rootwise partial collapse + one ASIS cycle","S04",193,4,TRUE,"D","mean_midpoint",25,-0.0346424519130525
"symmetric_rootwise_one_ASIS",2,"symmetric rootwise partial collapse + one ASIS cycle","S04",193,4,TRUE,"D","mean_midpoint",50,0.0142032903562305
"symmetric_rootwise_one_ASIS",2,"symmetric rootwise partial collapse + one ASIS cycle","S04",193,4,TRUE,"D","terminal_width",1,0.453681339572403
"symmetric_rootwise_one_ASIS",2,"symmetric rootwise partial collapse + one ASIS cycle","S04",193,4,TRUE,"D","terminal_width",5,0.100343643257407
"symmetric_rootwise_one_ASIS",2,"symmetric rootwise partial collapse + one ASIS cycle","S04",193,4,TRUE,"D","terminal_width",10,-0.0017715604170981
"symmetric_rootwise_one_ASIS",2,"symmetric rootwise partial collapse + one ASIS cycle","S04",193,4,TRUE,"D","terminal_width",25,-0.0198265807929721
"symmetric_rootwise_one_ASIS",2,"symmetric rootwise partial collapse + one ASIS cycle","S04",193,4,TRUE,"D","terminal_width",50,0.0110899339417475
"symmetric_rootwise_one_ASIS",2,"symmetric rootwise partial collapse + one ASIS cycle","S04",193,4,TRUE,"D","terminal_midpoint",1,0.360432375988709
"symmetric_rootwise_one_ASIS",2,"symmetric rootwise partial collapse + one ASIS cycle","S04",193,4,TRUE,"D","terminal_midpoint",5,0.0246628268416763
"symmetric_rootwise_one_ASIS",2,"symmetric rootwise partial collapse + one ASIS cycle","S04",193,4,TRUE,"D","terminal_midpoint",10,0.0195929322680034
"symmetric_rootwise_one_ASIS",2,"symmetric rootwise partial collapse + one ASIS cycle","S04",193,4,TRUE,"D","terminal_midpoint",25,0.0063091410039371
"symmetric_rootwise_one_ASIS",2,"symmetric rootwise partial collapse + one ASIS cycle","S04",193,4,TRUE,"D","terminal_midpoint",50,0.00677700502680582
"symmetric_rootwise_one_ASIS",2,"symmetric rootwise partial collapse + one ASIS cycle","S04",16,1,TRUE,"A","log_q_1",1,0.848841481613634
"symmetric_rootwise_one_ASIS",2,"symmetric rootwise partial collapse + one ASIS cycle","S04",16,1,TRUE,"A","log_q_1",5,0.540812445923183
"symmetric_rootwise_one_ASIS",2,"symmetric rootwise partial collapse + one ASIS cycle","S04",16,1,TRUE,"A","log_q_1",10,0.333241516488892
"symmetric_rootwise_one_ASIS",2,"symmetric rootwise partial collapse + one ASIS cycle","S04",16,1,TRUE,"A","log_q_1",25,0.0813127043810605
"symmetric_rootwise_one_ASIS",2,"symmetric rootwise partial collapse + one ASIS cycle","S04",16,1,TRUE,"A","log_q_1",50,0.0346705238278092
"symmetric_rootwise_one_ASIS",2,"symmetric rootwise partial collapse + one ASIS cycle","S04",16,1,TRUE,"A","observed_loss",1,0.368037295333282
"symmetric_rootwise_one_ASIS",2,"symmetric rootwise partial collapse + one ASIS cycle","S04",16,1,TRUE,"A","observed_loss",5,0.0942775193607745
"symmetric_rootwise_one_ASIS",2,"symmetric rootwise partial collapse + one ASIS cycle","S04",16,1,TRUE,"A","observed_loss",10,0.0693575404402011
"symmetric_rootwise_one_ASIS",2,"symmetric rootwise partial collapse + one ASIS cycle","S04",16,1,TRUE,"A","observed_loss",25,-0.0039140764263947
"symmetric_rootwise_one_ASIS",2,"symmetric rootwise partial collapse + one ASIS cycle","S04",16,1,TRUE,"A","observed_loss",50,0.00824377073324787
"symmetric_rootwise_one_ASIS",2,"symmetric rootwise partial collapse + one ASIS cycle","S04",16,1,TRUE,"A","mean_width",1,0.708834524221305
"symmetric_rootwise_one_ASIS",2,"symmetric rootwise partial collapse + one ASIS cycle","S04",16,1,TRUE,"A","mean_width",5,0.212638709241318
"symmetric_rootwise_one_ASIS",2,"symmetric rootwise partial collapse + one ASIS cycle","S04",16,1,TRUE,"A","mean_width",10,0.057681606013324
"symmetric_rootwise_one_ASIS",2,"symmetric rootwise partial collapse + one ASIS cycle","S04",16,1,TRUE,"A","mean_width",25,0.0238949846348629
"symmetric_rootwise_one_ASIS",2,"symmetric rootwise partial collapse + one ASIS cycle","S04",16,1,TRUE,"A","mean_width",50,-0.0153379420551718
"symmetric_rootwise_one_ASIS",2,"symmetric rootwise partial collapse + one ASIS cycle","S04",16,1,TRUE,"A","mean_midpoint",1,0.587552633123109
"symmetric_rootwise_one_ASIS",2,"symmetric rootwise partial collapse + one ASIS cycle","S04",16,1,TRUE,"A","mean_midpoint",5,0.100093159318125
"symmetric_rootwise_one_ASIS",2,"symmetric rootwise partial collapse + one ASIS cycle","S04",16,1,TRUE,"A","mean_midpoint",10,-0.026750312721027
"symmetric_rootwise_one_ASIS",2,"symmetric rootwise partial collapse + one ASIS cycle","S04",16,1,TRUE,"A","mean_midpoint",25,0.0202837889006784
"symmetric_rootwise_one_ASIS",2,"symmetric rootwise partial collapse + one ASIS cycle","S04",16,1,TRUE,"A","mean_midpoint",50,0.00920187445818052
"symmetric_rootwise_one_ASIS",2,"symmetric rootwise partial collapse + one ASIS cycle","S04",16,1,TRUE,"A","terminal_width",1,0.343875469344926
"symmetric_rootwise_one_ASIS",2,"symmetric rootwise partial collapse + one ASIS cycle","S04",16,1,TRUE,"A","terminal_width",5,0.028691752105639
"symmetric_rootwise_one_ASIS",2,"symmetric rootwise partial collapse + one ASIS cycle","S04",16,1,TRUE,"A","terminal_width",10,-0.00242039778438239
"symmetric_rootwise_one_ASIS",2,"symmetric rootwise partial collapse + one ASIS cycle","S04",16,1,TRUE,"A","terminal_width",25,0.0247528104817328
"symmetric_rootwise_one_ASIS",2,"symmetric rootwise partial collapse + one ASIS cycle","S04",16,1,TRUE,"A","terminal_width",50,0.00857045107909132
"symmetric_rootwise_one_ASIS",2,"symmetric rootwise partial collapse + one ASIS cycle","S04",16,1,TRUE,"A","terminal_midpoint",1,0.267363032988834
"symmetric_rootwise_one_ASIS",2,"symmetric rootwise partial collapse + one ASIS cycle","S04",16,1,TRUE,"A","terminal_midpoint",5,0.0313889426614727
"symmetric_rootwise_one_ASIS",2,"symmetric rootwise partial collapse + one ASIS cycle","S04",16,1,TRUE,"A","terminal_midpoint",10,0.0203655687431438
"symmetric_rootwise_one_ASIS",2,"symmetric rootwise partial collapse + one ASIS cycle","S04",16,1,TRUE,"A","terminal_midpoint",25,-0.0233414380595789
"symmetric_rootwise_one_ASIS",2,"symmetric rootwise partial collapse + one ASIS cycle","S04",16,1,TRUE,"A","terminal_midpoint",50,-0.0140952742576272
"symmetric_rootwise_one_ASIS",2,"symmetric rootwise partial collapse + one ASIS cycle","S04",16,2,TRUE,"B","log_q_1",1,0.851899140373025
"symmetric_rootwise_one_ASIS",2,"symmetric rootwise partial collapse + one ASIS cycle","S04",16,2,TRUE,"B","log_q_1",5,0.550682375155096
"symmetric_rootwise_one_ASIS",2,"symmetric rootwise partial collapse + one ASIS cycle","S04",16,2,TRUE,"B","log_q_1",10,0.322499210351907
"symmetric_rootwise_one_ASIS",2,"symmetric rootwise partial collapse + one ASIS cycle","S04",16,2,TRUE,"B","log_q_1",25,0.0353752747958155
"symmetric_rootwise_one_ASIS",2,"symmetric rootwise partial collapse + one ASIS cycle","S04",16,2,TRUE,"B","log_q_1",50,-0.000349025876475528
"symmetric_rootwise_one_ASIS",2,"symmetric rootwise partial collapse + one ASIS cycle","S04",16,2,TRUE,"B","observed_loss",1,0.37981289969185
"symmetric_rootwise_one_ASIS",2,"symmetric rootwise partial collapse + one ASIS cycle","S04",16,2,TRUE,"B","observed_loss",5,0.0816767875656188
"symmetric_rootwise_one_ASIS",2,"symmetric rootwise partial collapse + one ASIS cycle","S04",16,2,TRUE,"B","observed_loss",10,0.0306467820793012
"symmetric_rootwise_one_ASIS",2,"symmetric rootwise partial collapse + one ASIS cycle","S04",16,2,TRUE,"B","observed_loss",25,0.021216473582562
"symmetric_rootwise_one_ASIS",2,"symmetric rootwise partial collapse + one ASIS cycle","S04",16,2,TRUE,"B","observed_loss",50,-0.0165871465757015
"symmetric_rootwise_one_ASIS",2,"symmetric rootwise partial collapse + one ASIS cycle","S04",16,2,TRUE,"B","mean_width",1,0.724766738222302
"symmetric_rootwise_one_ASIS",2,"symmetric rootwise partial collapse + one ASIS cycle","S04",16,2,TRUE,"B","mean_width",5,0.249581781610185
"symmetric_rootwise_one_ASIS",2,"symmetric rootwise partial collapse + one ASIS cycle","S04",16,2,TRUE,"B","mean_width",10,0.0935873582020968
"symmetric_rootwise_one_ASIS",2,"symmetric rootwise partial collapse + one ASIS cycle","S04",16,2,TRUE,"B","mean_width",25,-0.0355386214811854
"symmetric_rootwise_one_ASIS",2,"symmetric rootwise partial collapse + one ASIS cycle","S04",16,2,TRUE,"B","mean_width",50,-0.00456739915292653
"symmetric_rootwise_one_ASIS",2,"symmetric rootwise partial collapse + one ASIS cycle","S04",16,2,TRUE,"B","mean_midpoint",1,0.596149782559253
"symmetric_rootwise_one_ASIS",2,"symmetric rootwise partial collapse + one ASIS cycle","S04",16,2,TRUE,"B","mean_midpoint",5,0.0938111355399586
"symmetric_rootwise_one_ASIS",2,"symmetric rootwise partial collapse + one ASIS cycle","S04",16,2,TRUE,"B","mean_midpoint",10,0.0230013779380912
"symmetric_rootwise_one_ASIS",2,"symmetric rootwise partial collapse + one ASIS cycle","S04",16,2,TRUE,"B","mean_midpoint",25,0.0376325584966108
"symmetric_rootwise_one_ASIS",2,"symmetric rootwise partial collapse + one ASIS cycle","S04",16,2,TRUE,"B","mean_midpoint",50,0.0081252523416863
"symmetric_rootwise_one_ASIS",2,"symmetric rootwise partial collapse + one ASIS cycle","S04",16,2,TRUE,"B","terminal_width",1,0.386350338755598
"symmetric_rootwise_one_ASIS",2,"symmetric rootwise partial collapse + one ASIS cycle","S04",16,2,TRUE,"B","terminal_width",5,0.0554304003490661
"symmetric_rootwise_one_ASIS",2,"symmetric rootwise partial collapse + one ASIS cycle","S04",16,2,TRUE,"B","terminal_width",10,0.0190499455740353
"symmetric_rootwise_one_ASIS",2,"symmetric rootwise partial collapse + one ASIS cycle","S04",16,2,TRUE,"B","terminal_width",25,-0.00916765704749617
"symmetric_rootwise_one_ASIS",2,"symmetric rootwise partial collapse + one ASIS cycle","S04",16,2,TRUE,"B","terminal_width",50,-0.00308838118986762
"symmetric_rootwise_one_ASIS",2,"symmetric rootwise partial collapse + one ASIS cycle","S04",16,2,TRUE,"B","terminal_midpoint",1,0.273827776283489
"symmetric_rootwise_one_ASIS",2,"symmetric rootwise partial collapse + one ASIS cycle","S04",16,2,TRUE,"B","terminal_midpoint",5,0.014843724078495
"symmetric_rootwise_one_ASIS",2,"symmetric rootwise partial collapse + one ASIS cycle","S04",16,2,TRUE,"B","terminal_midpoint",10,0.0049782367990356
"symmetric_rootwise_one_ASIS",2,"symmetric rootwise partial collapse + one ASIS cycle","S04",16,2,TRUE,"B","terminal_midpoint",25,0.00998680679928876
"symmetric_rootwise_one_ASIS",2,"symmetric rootwise partial collapse + one ASIS cycle","S04",16,2,TRUE,"B","terminal_midpoint",50,-0.0138934517816798
"symmetric_rootwise_one_ASIS",2,"symmetric rootwise partial collapse + one ASIS cycle","S04",16,3,TRUE,"C","log_q_1",1,0.838520698773912
"symmetric_rootwise_one_ASIS",2,"symmetric rootwise partial collapse + one ASIS cycle","S04",16,3,TRUE,"C","log_q_1",5,0.508674179382668
"symmetric_rootwise_one_ASIS",2,"symmetric rootwise partial collapse + one ASIS cycle","S04",16,3,TRUE,"C","log_q_1",10,0.281873475367816
"symmetric_rootwise_one_ASIS",2,"symmetric rootwise partial collapse + one ASIS cycle","S04",16,3,TRUE,"C","log_q_1",25,0.0572389249180171
"symmetric_rootwise_one_ASIS",2,"symmetric rootwise partial collapse + one ASIS cycle","S04",16,3,TRUE,"C","log_q_1",50,-0.0330844260804646
"symmetric_rootwise_one_ASIS",2,"symmetric rootwise partial collapse + one ASIS cycle","S04",16,3,TRUE,"C","observed_loss",1,0.349688135389547
"symmetric_rootwise_one_ASIS",2,"symmetric rootwise partial collapse + one ASIS cycle","S04",16,3,TRUE,"C","observed_loss",5,0.0513482780339022
"symmetric_rootwise_one_ASIS",2,"symmetric rootwise partial collapse + one ASIS cycle","S04",16,3,TRUE,"C","observed_loss",10,0.0604345237332791
"symmetric_rootwise_one_ASIS",2,"symmetric rootwise partial collapse + one ASIS cycle","S04",16,3,TRUE,"C","observed_loss",25,0.043204869877505
"symmetric_rootwise_one_ASIS",2,"symmetric rootwise partial collapse + one ASIS cycle","S04",16,3,TRUE,"C","observed_loss",50,-0.00296332462579068
"symmetric_rootwise_one_ASIS",2,"symmetric rootwise partial collapse + one ASIS cycle","S04",16,3,TRUE,"C","mean_width",1,0.717527493972936
"symmetric_rootwise_one_ASIS",2,"symmetric rootwise partial collapse + one ASIS cycle","S04",16,3,TRUE,"C","mean_width",5,0.221178554494528
"symmetric_rootwise_one_ASIS",2,"symmetric rootwise partial collapse + one ASIS cycle","S04",16,3,TRUE,"C","mean_width",10,0.0997651353698632
"symmetric_rootwise_one_ASIS",2,"symmetric rootwise partial collapse + one ASIS cycle","S04",16,3,TRUE,"C","mean_width",25,-0.012275826294669
"symmetric_rootwise_one_ASIS",2,"symmetric rootwise partial collapse + one ASIS cycle","S04",16,3,TRUE,"C","mean_width",50,-0.0208447142067782
"symmetric_rootwise_one_ASIS",2,"symmetric rootwise partial collapse + one ASIS cycle","S04",16,3,TRUE,"C","mean_midpoint",1,0.587841497278306
"symmetric_rootwise_one_ASIS",2,"symmetric rootwise partial collapse + one ASIS cycle","S04",16,3,TRUE,"C","mean_midpoint",5,0.105691245874717
"symmetric_rootwise_one_ASIS",2,"symmetric rootwise partial collapse + one ASIS cycle","S04",16,3,TRUE,"C","mean_midpoint",10,0.00157096057076636
"symmetric_rootwise_one_ASIS",2,"symmetric rootwise partial collapse + one ASIS cycle","S04",16,3,TRUE,"C","mean_midpoint",25,-0.0270614301572978
"symmetric_rootwise_one_ASIS",2,"symmetric rootwise partial collapse + one ASIS cycle","S04",16,3,TRUE,"C","mean_midpoint",50,-0.012730741254744
"symmetric_rootwise_one_ASIS",2,"symmetric rootwise partial collapse + one ASIS cycle","S04",16,3,TRUE,"C","terminal_width",1,0.378712019355749
"symmetric_rootwise_one_ASIS",2,"symmetric rootwise partial collapse + one ASIS cycle","S04",16,3,TRUE,"C","terminal_width",5,0.0525988413934845
"symmetric_rootwise_one_ASIS",2,"symmetric rootwise partial collapse + one ASIS cycle","S04",16,3,TRUE,"C","terminal_width",10,0.0410666408155519
"symmetric_rootwise_one_ASIS",2,"symmetric rootwise partial collapse + one ASIS cycle","S04",16,3,TRUE,"C","terminal_width",25,0.0105349639432227
"symmetric_rootwise_one_ASIS",2,"symmetric rootwise partial collapse + one ASIS cycle","S04",16,3,TRUE,"C","terminal_width",50,-0.00608361283789471
"symmetric_rootwise_one_ASIS",2,"symmetric rootwise partial collapse + one ASIS cycle","S04",16,3,TRUE,"C","terminal_midpoint",1,0.284059252477213
"symmetric_rootwise_one_ASIS",2,"symmetric rootwise partial collapse + one ASIS cycle","S04",16,3,TRUE,"C","terminal_midpoint",5,0.0257509150849548
"symmetric_rootwise_one_ASIS",2,"symmetric rootwise partial collapse + one ASIS cycle","S04",16,3,TRUE,"C","terminal_midpoint",10,0.00949522521832886
"symmetric_rootwise_one_ASIS",2,"symmetric rootwise partial collapse + one ASIS cycle","S04",16,3,TRUE,"C","terminal_midpoint",25,0.00800690365720344
"symmetric_rootwise_one_ASIS",2,"symmetric rootwise partial collapse + one ASIS cycle","S04",16,3,TRUE,"C","terminal_midpoint",50,-0.00119957015984155
"symmetric_rootwise_one_ASIS",2,"symmetric rootwise partial collapse + one ASIS cycle","S04",16,4,TRUE,"D","log_q_1",1,0.850375958207159
"symmetric_rootwise_one_ASIS",2,"symmetric rootwise partial collapse + one ASIS cycle","S04",16,4,TRUE,"D","log_q_1",5,0.535465576089313
"symmetric_rootwise_one_ASIS",2,"symmetric rootwise partial collapse + one ASIS cycle","S04",16,4,TRUE,"D","log_q_1",10,0.298801710702239
"symmetric_rootwise_one_ASIS",2,"symmetric rootwise partial collapse + one ASIS cycle","S04",16,4,TRUE,"D","log_q_1",25,0.038208424945791
"symmetric_rootwise_one_ASIS",2,"symmetric rootwise partial collapse + one ASIS cycle","S04",16,4,TRUE,"D","log_q_1",50,0.0168755227035418
"symmetric_rootwise_one_ASIS",2,"symmetric rootwise partial collapse + one ASIS cycle","S04",16,4,TRUE,"D","observed_loss",1,0.377347605224547
"symmetric_rootwise_one_ASIS",2,"symmetric rootwise partial collapse + one ASIS cycle","S04",16,4,TRUE,"D","observed_loss",5,0.0786818340260994
"symmetric_rootwise_one_ASIS",2,"symmetric rootwise partial collapse + one ASIS cycle","S04",16,4,TRUE,"D","observed_loss",10,0.0516884347484922
"symmetric_rootwise_one_ASIS",2,"symmetric rootwise partial collapse + one ASIS cycle","S04",16,4,TRUE,"D","observed_loss",25,0.0195842868456585
"symmetric_rootwise_one_ASIS",2,"symmetric rootwise partial collapse + one ASIS cycle","S04",16,4,TRUE,"D","observed_loss",50,-0.0204422795590726
"symmetric_rootwise_one_ASIS",2,"symmetric rootwise partial collapse + one ASIS cycle","S04",16,4,TRUE,"D","mean_width",1,0.707441423087182
"symmetric_rootwise_one_ASIS",2,"symmetric rootwise partial collapse + one ASIS cycle","S04",16,4,TRUE,"D","mean_width",5,0.23906105058692
"symmetric_rootwise_one_ASIS",2,"symmetric rootwise partial collapse + one ASIS cycle","S04",16,4,TRUE,"D","mean_width",10,0.101001365320493
"symmetric_rootwise_one_ASIS",2,"symmetric rootwise partial collapse + one ASIS cycle","S04",16,4,TRUE,"D","mean_width",25,-0.00339342106977412
"symmetric_rootwise_one_ASIS",2,"symmetric rootwise partial collapse + one ASIS cycle","S04",16,4,TRUE,"D","mean_width",50,-0.0359250487775152
"symmetric_rootwise_one_ASIS",2,"symmetric rootwise partial collapse + one ASIS cycle","S04",16,4,TRUE,"D","mean_midpoint",1,0.597972476838864
"symmetric_rootwise_one_ASIS",2,"symmetric rootwise partial collapse + one ASIS cycle","S04",16,4,TRUE,"D","mean_midpoint",5,0.088709921675919
"symmetric_rootwise_one_ASIS",2,"symmetric rootwise partial collapse + one ASIS cycle","S04",16,4,TRUE,"D","mean_midpoint",10,0.000699358775056561
"symmetric_rootwise_one_ASIS",2,"symmetric rootwise partial collapse + one ASIS cycle","S04",16,4,TRUE,"D","mean_midpoint",25,-0.0282262050872211
"symmetric_rootwise_one_ASIS",2,"symmetric rootwise partial collapse + one ASIS cycle","S04",16,4,TRUE,"D","mean_midpoint",50,-0.0072856255542231
"symmetric_rootwise_one_ASIS",2,"symmetric rootwise partial collapse + one ASIS cycle","S04",16,4,TRUE,"D","terminal_width",1,0.366295441634853
"symmetric_rootwise_one_ASIS",2,"symmetric rootwise partial collapse + one ASIS cycle","S04",16,4,TRUE,"D","terminal_width",5,0.0558179532935575
"symmetric_rootwise_one_ASIS",2,"symmetric rootwise partial collapse + one ASIS cycle","S04",16,4,TRUE,"D","terminal_width",10,0.0252550838845684
"symmetric_rootwise_one_ASIS",2,"symmetric rootwise partial collapse + one ASIS cycle","S04",16,4,TRUE,"D","terminal_width",25,0.00371115852479252
"symmetric_rootwise_one_ASIS",2,"symmetric rootwise partial collapse + one ASIS cycle","S04",16,4,TRUE,"D","terminal_width",50,-0.0355048693536729
"symmetric_rootwise_one_ASIS",2,"symmetric rootwise partial collapse + one ASIS cycle","S04",16,4,TRUE,"D","terminal_midpoint",1,0.284387504936565
"symmetric_rootwise_one_ASIS",2,"symmetric rootwise partial collapse + one ASIS cycle","S04",16,4,TRUE,"D","terminal_midpoint",5,0.0238867389205719
"symmetric_rootwise_one_ASIS",2,"symmetric rootwise partial collapse + one ASIS cycle","S04",16,4,TRUE,"D","terminal_midpoint",10,0.0220264417130949
"symmetric_rootwise_one_ASIS",2,"symmetric rootwise partial collapse + one ASIS cycle","S04",16,4,TRUE,"D","terminal_midpoint",25,-0.0106864248279488
"symmetric_rootwise_one_ASIS",2,"symmetric rootwise partial collapse + one ASIS cycle","S04",16,4,TRUE,"D","terminal_midpoint",50,0.00596510167325778
"symmetric_rootwise_one_ASIS",2,"symmetric rootwise partial collapse + one ASIS cycle","S03",20,1,TRUE,"A","log_q_1",1,0.848511365332368
"symmetric_rootwise_one_ASIS",2,"symmetric rootwise partial collapse + one ASIS cycle","S03",20,1,TRUE,"A","log_q_1",5,0.543656733309886
"symmetric_rootwise_one_ASIS",2,"symmetric rootwise partial collapse + one ASIS cycle","S03",20,1,TRUE,"A","log_q_1",10,0.294128929811935
"symmetric_rootwise_one_ASIS",2,"symmetric rootwise partial collapse + one ASIS cycle","S03",20,1,TRUE,"A","log_q_1",25,0.00951996739727271
"symmetric_rootwise_one_ASIS",2,"symmetric rootwise partial collapse + one ASIS cycle","S03",20,1,TRUE,"A","log_q_1",50,-0.00692498373999128
"symmetric_rootwise_one_ASIS",2,"symmetric rootwise partial collapse + one ASIS cycle","S03",20,1,TRUE,"A","observed_loss",1,0.392174513385169
"symmetric_rootwise_one_ASIS",2,"symmetric rootwise partial collapse + one ASIS cycle","S03",20,1,TRUE,"A","observed_loss",5,0.143431871157088
"symmetric_rootwise_one_ASIS",2,"symmetric rootwise partial collapse + one ASIS cycle","S03",20,1,TRUE,"A","observed_loss",10,0.0776229266249709
"symmetric_rootwise_one_ASIS",2,"symmetric rootwise partial collapse + one ASIS cycle","S03",20,1,TRUE,"A","observed_loss",25,0.0193520491680463
"symmetric_rootwise_one_ASIS",2,"symmetric rootwise partial collapse + one ASIS cycle","S03",20,1,TRUE,"A","observed_loss",50,0.00144715128449325
"symmetric_rootwise_one_ASIS",2,"symmetric rootwise partial collapse + one ASIS cycle","S03",20,1,TRUE,"A","mean_width",1,0.597717600653345
"symmetric_rootwise_one_ASIS",2,"symmetric rootwise partial collapse + one ASIS cycle","S03",20,1,TRUE,"A","mean_width",5,0.0942600839441165
"symmetric_rootwise_one_ASIS",2,"symmetric rootwise partial collapse + one ASIS cycle","S03",20,1,TRUE,"A","mean_width",10,-0.00588980417707745
"symmetric_rootwise_one_ASIS",2,"symmetric rootwise partial collapse + one ASIS cycle","S03",20,1,TRUE,"A","mean_width",25,0.0171168490302755
"symmetric_rootwise_one_ASIS",2,"symmetric rootwise partial collapse + one ASIS cycle","S03",20,1,TRUE,"A","mean_width",50,0.00523426658320947
"symmetric_rootwise_one_ASIS",2,"symmetric rootwise partial collapse + one ASIS cycle","S03",20,1,TRUE,"A","mean_midpoint",1,0.465618972274675
"symmetric_rootwise_one_ASIS",2,"symmetric rootwise partial collapse + one ASIS cycle","S03",20,1,TRUE,"A","mean_midpoint",5,0.0291356532596234
"symmetric_rootwise_one_ASIS",2,"symmetric rootwise partial collapse + one ASIS cycle","S03",20,1,TRUE,"A","mean_midpoint",10,-0.0159627293620125
"symmetric_rootwise_one_ASIS",2,"symmetric rootwise partial collapse + one ASIS cycle","S03",20,1,TRUE,"A","mean_midpoint",25,0.0182073030465355
"symmetric_rootwise_one_ASIS",2,"symmetric rootwise partial collapse + one ASIS cycle","S03",20,1,TRUE,"A","mean_midpoint",50,0.00151581843038279
"symmetric_rootwise_one_ASIS",2,"symmetric rootwise partial collapse + one ASIS cycle","S03",20,1,TRUE,"A","terminal_width",1,0.220807445161596
"symmetric_rootwise_one_ASIS",2,"symmetric rootwise partial collapse + one ASIS cycle","S03",20,1,TRUE,"A","terminal_width",5,0.0144895710217811
"symmetric_rootwise_one_ASIS",2,"symmetric rootwise partial collapse + one ASIS cycle","S03",20,1,TRUE,"A","terminal_width",10,0.00339839808346835
"symmetric_rootwise_one_ASIS",2,"symmetric rootwise partial collapse + one ASIS cycle","S03",20,1,TRUE,"A","terminal_width",25,-0.0201637110882589
"symmetric_rootwise_one_ASIS",2,"symmetric rootwise partial collapse + one ASIS cycle","S03",20,1,TRUE,"A","terminal_width",50,0.00981724311385828
"symmetric_rootwise_one_ASIS",2,"symmetric rootwise partial collapse + one ASIS cycle","S03",20,1,TRUE,"A","terminal_midpoint",1,0.185039453769728
"symmetric_rootwise_one_ASIS",2,"symmetric rootwise partial collapse + one ASIS cycle","S03",20,1,TRUE,"A","terminal_midpoint",5,0.0108511541944132
"symmetric_rootwise_one_ASIS",2,"symmetric rootwise partial collapse + one ASIS cycle","S03",20,1,TRUE,"A","terminal_midpoint",10,0.00112339760914317
"symmetric_rootwise_one_ASIS",2,"symmetric rootwise partial collapse + one ASIS cycle","S03",20,1,TRUE,"A","terminal_midpoint",25,0.0130648890942691
"symmetric_rootwise_one_ASIS",2,"symmetric rootwise partial collapse + one ASIS cycle","S03",20,1,TRUE,"A","terminal_midpoint",50,0.00683654427475074
"symmetric_rootwise_one_ASIS",2,"symmetric rootwise partial collapse + one ASIS cycle","S03",20,2,TRUE,"B","log_q_1",1,0.85982331662451
"symmetric_rootwise_one_ASIS",2,"symmetric rootwise partial collapse + one ASIS cycle","S03",20,2,TRUE,"B","log_q_1",5,0.547792649709849
"symmetric_rootwise_one_ASIS",2,"symmetric rootwise partial collapse + one ASIS cycle","S03",20,2,TRUE,"B","log_q_1",10,0.313673832879711
"symmetric_rootwise_one_ASIS",2,"symmetric rootwise partial collapse + one ASIS cycle","S03",20,2,TRUE,"B","log_q_1",25,0.00538209971810379
"symmetric_rootwise_one_ASIS",2,"symmetric rootwise partial collapse + one ASIS cycle","S03",20,2,TRUE,"B","log_q_1",50,0.0459809303651552
"symmetric_rootwise_one_ASIS",2,"symmetric rootwise partial collapse + one ASIS cycle","S03",20,2,TRUE,"B","observed_loss",1,0.403668792388181
"symmetric_rootwise_one_ASIS",2,"symmetric rootwise partial collapse + one ASIS cycle","S03",20,2,TRUE,"B","observed_loss",5,0.142860900476801
"symmetric_rootwise_one_ASIS",2,"symmetric rootwise partial collapse + one ASIS cycle","S03",20,2,TRUE,"B","observed_loss",10,0.0852040383921066
"symmetric_rootwise_one_ASIS",2,"symmetric rootwise partial collapse + one ASIS cycle","S03",20,2,TRUE,"B","observed_loss",25,-6.75995044814863e-05
"symmetric_rootwise_one_ASIS",2,"symmetric rootwise partial collapse + one ASIS cycle","S03",20,2,TRUE,"B","observed_loss",50,-0.00581486077188905
"symmetric_rootwise_one_ASIS",2,"symmetric rootwise partial collapse + one ASIS cycle","S03",20,2,TRUE,"B","mean_width",1,0.59678515870952
"symmetric_rootwise_one_ASIS",2,"symmetric rootwise partial collapse + one ASIS cycle","S03",20,2,TRUE,"B","mean_width",5,0.0790439503613263
"symmetric_rootwise_one_ASIS",2,"symmetric rootwise partial collapse + one ASIS cycle","S03",20,2,TRUE,"B","mean_width",10,0.00332941620456917
"symmetric_rootwise_one_ASIS",2,"symmetric rootwise partial collapse + one ASIS cycle","S03",20,2,TRUE,"B","mean_width",25,-0.00698124281332283
"symmetric_rootwise_one_ASIS",2,"symmetric rootwise partial collapse + one ASIS cycle","S03",20,2,TRUE,"B","mean_width",50,0.0008030096082558
"symmetric_rootwise_one_ASIS",2,"symmetric rootwise partial collapse + one ASIS cycle","S03",20,2,TRUE,"B","mean_midpoint",1,0.476290611274714
"symmetric_rootwise_one_ASIS",2,"symmetric rootwise partial collapse + one ASIS cycle","S03",20,2,TRUE,"B","mean_midpoint",5,0.0411314070353419
"symmetric_rootwise_one_ASIS",2,"symmetric rootwise partial collapse + one ASIS cycle","S03",20,2,TRUE,"B","mean_midpoint",10,-0.00188623758422493
"symmetric_rootwise_one_ASIS",2,"symmetric rootwise partial collapse + one ASIS cycle","S03",20,2,TRUE,"B","mean_midpoint",25,0.0108733506085936
"symmetric_rootwise_one_ASIS",2,"symmetric rootwise partial collapse + one ASIS cycle","S03",20,2,TRUE,"B","mean_midpoint",50,0.00952940188278879
"symmetric_rootwise_one_ASIS",2,"symmetric rootwise partial collapse + one ASIS cycle","S03",20,2,TRUE,"B","terminal_width",1,0.238391479750174
"symmetric_rootwise_one_ASIS",2,"symmetric rootwise partial collapse + one ASIS cycle","S03",20,2,TRUE,"B","terminal_width",5,0.0209346830401563
"symmetric_rootwise_one_ASIS",2,"symmetric rootwise partial collapse + one ASIS cycle","S03",20,2,TRUE,"B","terminal_width",10,0.00031509593911686
"symmetric_rootwise_one_ASIS",2,"symmetric rootwise partial collapse + one ASIS cycle","S03",20,2,TRUE,"B","terminal_width",25,0.0162123795355055
"symmetric_rootwise_one_ASIS",2,"symmetric rootwise partial collapse + one ASIS cycle","S03",20,2,TRUE,"B","terminal_width",50,0.00651308275165892
"symmetric_rootwise_one_ASIS",2,"symmetric rootwise partial collapse + one ASIS cycle","S03",20,2,TRUE,"B","terminal_midpoint",1,0.183741786650558
"symmetric_rootwise_one_ASIS",2,"symmetric rootwise partial collapse + one ASIS cycle","S03",20,2,TRUE,"B","terminal_midpoint",5,-0.00393594279869867
"symmetric_rootwise_one_ASIS",2,"symmetric rootwise partial collapse + one ASIS cycle","S03",20,2,TRUE,"B","terminal_midpoint",10,0.0203186535240538
"symmetric_rootwise_one_ASIS",2,"symmetric rootwise partial collapse + one ASIS cycle","S03",20,2,TRUE,"B","terminal_midpoint",25,0.00194289944847845
"symmetric_rootwise_one_ASIS",2,"symmetric rootwise partial collapse + one ASIS cycle","S03",20,2,TRUE,"B","terminal_midpoint",50,0.0147925208644985
"symmetric_rootwise_one_ASIS",2,"symmetric rootwise partial collapse + one ASIS cycle","S03",20,3,TRUE,"C","log_q_1",1,0.84286447283645
"symmetric_rootwise_one_ASIS",2,"symmetric rootwise partial collapse + one ASIS cycle","S03",20,3,TRUE,"C","log_q_1",5,0.512790291366545
"symmetric_rootwise_one_ASIS",2,"symmetric rootwise partial collapse + one ASIS cycle","S03",20,3,TRUE,"C","log_q_1",10,0.276815961457374
"symmetric_rootwise_one_ASIS",2,"symmetric rootwise partial collapse + one ASIS cycle","S03",20,3,TRUE,"C","log_q_1",25,0.0240538701223444
"symmetric_rootwise_one_ASIS",2,"symmetric rootwise partial collapse + one ASIS cycle","S03",20,3,TRUE,"C","log_q_1",50,-0.036084525356575
"symmetric_rootwise_one_ASIS",2,"symmetric rootwise partial collapse + one ASIS cycle","S03",20,3,TRUE,"C","observed_loss",1,0.362331894147614
"symmetric_rootwise_one_ASIS",2,"symmetric rootwise partial collapse + one ASIS cycle","S03",20,3,TRUE,"C","observed_loss",5,0.130383206161332
"symmetric_rootwise_one_ASIS",2,"symmetric rootwise partial collapse + one ASIS cycle","S03",20,3,TRUE,"C","observed_loss",10,0.0705324868704326
"symmetric_rootwise_one_ASIS",2,"symmetric rootwise partial collapse + one ASIS cycle","S03",20,3,TRUE,"C","observed_loss",25,0.0251486266000233
"symmetric_rootwise_one_ASIS",2,"symmetric rootwise partial collapse + one ASIS cycle","S03",20,3,TRUE,"C","observed_loss",50,-0.0514784246558557
"symmetric_rootwise_one_ASIS",2,"symmetric rootwise partial collapse + one ASIS cycle","S03",20,3,TRUE,"C","mean_width",1,0.602298961809736
"symmetric_rootwise_one_ASIS",2,"symmetric rootwise partial collapse + one ASIS cycle","S03",20,3,TRUE,"C","mean_width",5,0.114026456624446
"symmetric_rootwise_one_ASIS",2,"symmetric rootwise partial collapse + one ASIS cycle","S03",20,3,TRUE,"C","mean_width",10,-0.0216042424545812
"symmetric_rootwise_one_ASIS",2,"symmetric rootwise partial collapse + one ASIS cycle","S03",20,3,TRUE,"C","mean_width",25,-0.0269195946332855
"symmetric_rootwise_one_ASIS",2,"symmetric rootwise partial collapse + one ASIS cycle","S03",20,3,TRUE,"C","mean_width",50,0.0271531883102394
"symmetric_rootwise_one_ASIS",2,"symmetric rootwise partial collapse + one ASIS cycle","S03",20,3,TRUE,"C","mean_midpoint",1,0.484689773566977
"symmetric_rootwise_one_ASIS",2,"symmetric rootwise partial collapse + one ASIS cycle","S03",20,3,TRUE,"C","mean_midpoint",5,0.0460533839238334
"symmetric_rootwise_one_ASIS",2,"symmetric rootwise partial collapse + one ASIS cycle","S03",20,3,TRUE,"C","mean_midpoint",10,-0.0282616063084286
"symmetric_rootwise_one_ASIS",2,"symmetric rootwise partial collapse + one ASIS cycle","S03",20,3,TRUE,"C","mean_midpoint",25,-0.00439572597508506
"symmetric_rootwise_one_ASIS",2,"symmetric rootwise partial collapse + one ASIS cycle","S03",20,3,TRUE,"C","mean_midpoint",50,0.00743532700027443
"symmetric_rootwise_one_ASIS",2,"symmetric rootwise partial collapse + one ASIS cycle","S03",20,3,TRUE,"C","terminal_width",1,0.204890484435889
"symmetric_rootwise_one_ASIS",2,"symmetric rootwise partial collapse + one ASIS cycle","S03",20,3,TRUE,"C","terminal_width",5,-0.00745062187332443
"symmetric_rootwise_one_ASIS",2,"symmetric rootwise partial collapse + one ASIS cycle","S03",20,3,TRUE,"C","terminal_width",10,-0.0027093429863212
"symmetric_rootwise_one_ASIS",2,"symmetric rootwise partial collapse + one ASIS cycle","S03",20,3,TRUE,"C","terminal_width",25,-0.0254767783017424
"symmetric_rootwise_one_ASIS",2,"symmetric rootwise partial collapse + one ASIS cycle","S03",20,3,TRUE,"C","terminal_width",50,0.00746109676593142
"symmetric_rootwise_one_ASIS",2,"symmetric rootwise partial collapse + one ASIS cycle","S03",20,3,TRUE,"C","terminal_midpoint",1,0.174454887848135
"symmetric_rootwise_one_ASIS",2,"symmetric rootwise partial collapse + one ASIS cycle","S03",20,3,TRUE,"C","terminal_midpoint",5,0.0239250332543392
"symmetric_rootwise_one_ASIS",2,"symmetric rootwise partial collapse + one ASIS cycle","S03",20,3,TRUE,"C","terminal_midpoint",10,-0.0134707589410821
"symmetric_rootwise_one_ASIS",2,"symmetric rootwise partial collapse + one ASIS cycle","S03",20,3,TRUE,"C","terminal_midpoint",25,0.0100505318880922
"symmetric_rootwise_one_ASIS",2,"symmetric rootwise partial collapse + one ASIS cycle","S03",20,3,TRUE,"C","terminal_midpoint",50,0.021450658592834
"symmetric_rootwise_one_ASIS",2,"symmetric rootwise partial collapse + one ASIS cycle","S03",20,4,TRUE,"D","log_q_1",1,0.86249011568893
"symmetric_rootwise_one_ASIS",2,"symmetric rootwise partial collapse + one ASIS cycle","S03",20,4,TRUE,"D","log_q_1",5,0.565522708813543
"symmetric_rootwise_one_ASIS",2,"symmetric rootwise partial collapse + one ASIS cycle","S03",20,4,TRUE,"D","log_q_1",10,0.350616567827178
"symmetric_rootwise_one_ASIS",2,"symmetric rootwise partial collapse + one ASIS cycle","S03",20,4,TRUE,"D","log_q_1",25,0.0564801123094227
"symmetric_rootwise_one_ASIS",2,"symmetric rootwise partial collapse + one ASIS cycle","S03",20,4,TRUE,"D","log_q_1",50,-0.0370272341076386
"symmetric_rootwise_one_ASIS",2,"symmetric rootwise partial collapse + one ASIS cycle","S03",20,4,TRUE,"D","observed_loss",1,0.395444006407755
"symmetric_rootwise_one_ASIS",2,"symmetric rootwise partial collapse + one ASIS cycle","S03",20,4,TRUE,"D","observed_loss",5,0.171693265846921
"symmetric_rootwise_one_ASIS",2,"symmetric rootwise partial collapse + one ASIS cycle","S03",20,4,TRUE,"D","observed_loss",10,0.106486276323883
"symmetric_rootwise_one_ASIS",2,"symmetric rootwise partial collapse + one ASIS cycle","S03",20,4,TRUE,"D","observed_loss",25,-0.000224989571515703
"symmetric_rootwise_one_ASIS",2,"symmetric rootwise partial collapse + one ASIS cycle","S03",20,4,TRUE,"D","observed_loss",50,-0.033079723965005
"symmetric_rootwise_one_ASIS",2,"symmetric rootwise partial collapse + one ASIS cycle","S03",20,4,TRUE,"D","mean_width",1,0.591355765633109
"symmetric_rootwise_one_ASIS",2,"symmetric rootwise partial collapse + one ASIS cycle","S03",20,4,TRUE,"D","mean_width",5,0.11900861022536
"symmetric_rootwise_one_ASIS",2,"symmetric rootwise partial collapse + one ASIS cycle","S03",20,4,TRUE,"D","mean_width",10,-0.0108938507246508
"symmetric_rootwise_one_ASIS",2,"symmetric rootwise partial collapse + one ASIS cycle","S03",20,4,TRUE,"D","mean_width",25,-0.0183410374979952
"symmetric_rootwise_one_ASIS",2,"symmetric rootwise partial collapse + one ASIS cycle","S03",20,4,TRUE,"D","mean_width",50,0.00898153847303466
"symmetric_rootwise_one_ASIS",2,"symmetric rootwise partial collapse + one ASIS cycle","S03",20,4,TRUE,"D","mean_midpoint",1,0.462508397036369
"symmetric_rootwise_one_ASIS",2,"symmetric rootwise partial collapse + one ASIS cycle","S03",20,4,TRUE,"D","mean_midpoint",5,0.0232195999643983
"symmetric_rootwise_one_ASIS",2,"symmetric rootwise partial collapse + one ASIS cycle","S03",20,4,TRUE,"D","mean_midpoint",10,-0.00466088535915622
"symmetric_rootwise_one_ASIS",2,"symmetric rootwise partial collapse + one ASIS cycle","S03",20,4,TRUE,"D","mean_midpoint",25,-0.0349034927251241
"symmetric_rootwise_one_ASIS",2,"symmetric rootwise partial collapse + one ASIS cycle","S03",20,4,TRUE,"D","mean_midpoint",50,-0.0304009545247441
"symmetric_rootwise_one_ASIS",2,"symmetric rootwise partial collapse + one ASIS cycle","S03",20,4,TRUE,"D","terminal_width",1,0.197527696716638
"symmetric_rootwise_one_ASIS",2,"symmetric rootwise partial collapse + one ASIS cycle","S03",20,4,TRUE,"D","terminal_width",5,0.00177854451864624
"symmetric_rootwise_one_ASIS",2,"symmetric rootwise partial collapse + one ASIS cycle","S03",20,4,TRUE,"D","terminal_width",10,-0.00032403469236938
"symmetric_rootwise_one_ASIS",2,"symmetric rootwise partial collapse + one ASIS cycle","S03",20,4,TRUE,"D","terminal_width",25,0.00302750508022247
"symmetric_rootwise_one_ASIS",2,"symmetric rootwise partial collapse + one ASIS cycle","S03",20,4,TRUE,"D","terminal_width",50,-0.0209023479197245
"symmetric_rootwise_one_ASIS",2,"symmetric rootwise partial collapse + one ASIS cycle","S03",20,4,TRUE,"D","terminal_midpoint",1,0.156397761844677
"symmetric_rootwise_one_ASIS",2,"symmetric rootwise partial collapse + one ASIS cycle","S03",20,4,TRUE,"D","terminal_midpoint",5,0.0215254544516501
"symmetric_rootwise_one_ASIS",2,"symmetric rootwise partial collapse + one ASIS cycle","S03",20,4,TRUE,"D","terminal_midpoint",10,-0.0176530916015259
"symmetric_rootwise_one_ASIS",2,"symmetric rootwise partial collapse + one ASIS cycle","S03",20,4,TRUE,"D","terminal_midpoint",25,-0.0210228920651942
"symmetric_rootwise_one_ASIS",2,"symmetric rootwise partial collapse + one ASIS cycle","S03",20,4,TRUE,"D","terminal_midpoint",50,-0.0122645609882488
"symmetric_rootwise_one_ASIS",2,"symmetric rootwise partial collapse + one ASIS cycle","S03",117,1,FALSE,"standard","log_q_1",1,0.855886587202214
"symmetric_rootwise_one_ASIS",2,"symmetric rootwise partial collapse + one ASIS cycle","S03",117,1,FALSE,"standard","log_q_1",5,0.553352211820973
"symmetric_rootwise_one_ASIS",2,"symmetric rootwise partial collapse + one ASIS cycle","S03",117,1,FALSE,"standard","log_q_1",10,0.325938713901733
"symmetric_rootwise_one_ASIS",2,"symmetric rootwise partial collapse + one ASIS cycle","S03",117,1,FALSE,"standard","log_q_1",25,0.0579488466421316
"symmetric_rootwise_one_ASIS",2,"symmetric rootwise partial collapse + one ASIS cycle","S03",117,1,FALSE,"standard","log_q_1",50,-0.0653540394902912
"symmetric_rootwise_one_ASIS",2,"symmetric rootwise partial collapse + one ASIS cycle","S03",117,1,FALSE,"standard","observed_loss",1,0.400380532455755
"symmetric_rootwise_one_ASIS",2,"symmetric rootwise partial collapse + one ASIS cycle","S03",117,1,FALSE,"standard","observed_loss",5,0.140035444739548
"symmetric_rootwise_one_ASIS",2,"symmetric rootwise partial collapse + one ASIS cycle","S03",117,1,FALSE,"standard","observed_loss",10,0.077279009619026
"symmetric_rootwise_one_ASIS",2,"symmetric rootwise partial collapse + one ASIS cycle","S03",117,1,FALSE,"standard","observed_loss",25,0.0298446925415653
"symmetric_rootwise_one_ASIS",2,"symmetric rootwise partial collapse + one ASIS cycle","S03",117,1,FALSE,"standard","observed_loss",50,-0.00830612270403469
"symmetric_rootwise_one_ASIS",2,"symmetric rootwise partial collapse + one ASIS cycle","S03",117,1,FALSE,"standard","mean_width",1,0.599756758178945
"symmetric_rootwise_one_ASIS",2,"symmetric rootwise partial collapse + one ASIS cycle","S03",117,1,FALSE,"standard","mean_width",5,0.0768363383282274
"symmetric_rootwise_one_ASIS",2,"symmetric rootwise partial collapse + one ASIS cycle","S03",117,1,FALSE,"standard","mean_width",10,0.0339205534558594
"symmetric_rootwise_one_ASIS",2,"symmetric rootwise partial collapse + one ASIS cycle","S03",117,1,FALSE,"standard","mean_width",25,0.0543342806045112
"symmetric_rootwise_one_ASIS",2,"symmetric rootwise partial collapse + one ASIS cycle","S03",117,1,FALSE,"standard","mean_width",50,-0.0116294348438725
"symmetric_rootwise_one_ASIS",2,"symmetric rootwise partial collapse + one ASIS cycle","S03",117,1,FALSE,"standard","mean_midpoint",1,0.499341468127072
"symmetric_rootwise_one_ASIS",2,"symmetric rootwise partial collapse + one ASIS cycle","S03",117,1,FALSE,"standard","mean_midpoint",5,0.0440148763560402
"symmetric_rootwise_one_ASIS",2,"symmetric rootwise partial collapse + one ASIS cycle","S03",117,1,FALSE,"standard","mean_midpoint",10,0.0148197262844403
"symmetric_rootwise_one_ASIS",2,"symmetric rootwise partial collapse + one ASIS cycle","S03",117,1,FALSE,"standard","mean_midpoint",25,0.016720833037119
"symmetric_rootwise_one_ASIS",2,"symmetric rootwise partial collapse + one ASIS cycle","S03",117,1,FALSE,"standard","mean_midpoint",50,-0.0254683057136881
"symmetric_rootwise_one_ASIS",2,"symmetric rootwise partial collapse + one ASIS cycle","S03",117,1,FALSE,"standard","terminal_width",1,0.429498578526153
"symmetric_rootwise_one_ASIS",2,"symmetric rootwise partial collapse + one ASIS cycle","S03",117,1,FALSE,"standard","terminal_width",5,0.0569226269046797
"symmetric_rootwise_one_ASIS",2,"symmetric rootwise partial collapse + one ASIS cycle","S03",117,1,FALSE,"standard","terminal_width",10,0.0297453607411159
"symmetric_rootwise_one_ASIS",2,"symmetric rootwise partial collapse + one ASIS cycle","S03",117,1,FALSE,"standard","terminal_width",25,0.00380290923319778
"symmetric_rootwise_one_ASIS",2,"symmetric rootwise partial collapse + one ASIS cycle","S03",117,1,FALSE,"standard","terminal_width",50,-0.023080607748899
"symmetric_rootwise_one_ASIS",2,"symmetric rootwise partial collapse + one ASIS cycle","S03",117,1,FALSE,"standard","terminal_midpoint",1,0.361576511310319
"symmetric_rootwise_one_ASIS",2,"symmetric rootwise partial collapse + one ASIS cycle","S03",117,1,FALSE,"standard","terminal_midpoint",5,0.111139433585555
"symmetric_rootwise_one_ASIS",2,"symmetric rootwise partial collapse + one ASIS cycle","S03",117,1,FALSE,"standard","terminal_midpoint",10,0.0515543455148247
"symmetric_rootwise_one_ASIS",2,"symmetric rootwise partial collapse + one ASIS cycle","S03",117,1,FALSE,"standard","terminal_midpoint",25,0.0326562153751349
"symmetric_rootwise_one_ASIS",2,"symmetric rootwise partial collapse + one ASIS cycle","S03",117,1,FALSE,"standard","terminal_midpoint",50,-0.0204131391154515
"symmetric_rootwise_one_ASIS",2,"symmetric rootwise partial collapse + one ASIS cycle","S03",28,1,TRUE,"A","log_q_1",1,0.805813151021455
"symmetric_rootwise_one_ASIS",2,"symmetric rootwise partial collapse + one ASIS cycle","S03",28,1,TRUE,"A","log_q_1",5,0.444709069159169
"symmetric_rootwise_one_ASIS",2,"symmetric rootwise partial collapse + one ASIS cycle","S03",28,1,TRUE,"A","log_q_1",10,0.206575335848904
"symmetric_rootwise_one_ASIS",2,"symmetric rootwise partial collapse + one ASIS cycle","S03",28,1,TRUE,"A","log_q_1",25,0.000504888357020771
"symmetric_rootwise_one_ASIS",2,"symmetric rootwise partial collapse + one ASIS cycle","S03",28,1,TRUE,"A","log_q_1",50,0.0294912214026177
"symmetric_rootwise_one_ASIS",2,"symmetric rootwise partial collapse + one ASIS cycle","S03",28,1,TRUE,"A","observed_loss",1,0.233599030224214
"symmetric_rootwise_one_ASIS",2,"symmetric rootwise partial collapse + one ASIS cycle","S03",28,1,TRUE,"A","observed_loss",5,0.00437698766868429
"symmetric_rootwise_one_ASIS",2,"symmetric rootwise partial collapse + one ASIS cycle","S03",28,1,TRUE,"A","observed_loss",10,0.00932637326882484
"symmetric_rootwise_one_ASIS",2,"symmetric rootwise partial collapse + one ASIS cycle","S03",28,1,TRUE,"A","observed_loss",25,-0.00614180891972112
"symmetric_rootwise_one_ASIS",2,"symmetric rootwise partial collapse + one ASIS cycle","S03",28,1,TRUE,"A","observed_loss",50,-0.000234739939587829
"symmetric_rootwise_one_ASIS",2,"symmetric rootwise partial collapse + one ASIS cycle","S03",28,1,TRUE,"A","mean_width",1,0.577789025676517
"symmetric_rootwise_one_ASIS",2,"symmetric rootwise partial collapse + one ASIS cycle","S03",28,1,TRUE,"A","mean_width",5,0.115169200157854
"symmetric_rootwise_one_ASIS",2,"symmetric rootwise partial collapse + one ASIS cycle","S03",28,1,TRUE,"A","mean_width",10,0.0273509332396706
"symmetric_rootwise_one_ASIS",2,"symmetric rootwise partial collapse + one ASIS cycle","S03",28,1,TRUE,"A","mean_width",25,-0.00103402740823264
"symmetric_rootwise_one_ASIS",2,"symmetric rootwise partial collapse + one ASIS cycle","S03",28,1,TRUE,"A","mean_width",50,0.0263011075466151
"symmetric_rootwise_one_ASIS",2,"symmetric rootwise partial collapse + one ASIS cycle","S03",28,1,TRUE,"A","mean_midpoint",1,0.419223548540171
"symmetric_rootwise_one_ASIS",2,"symmetric rootwise partial collapse + one ASIS cycle","S03",28,1,TRUE,"A","mean_midpoint",5,0.0178661627024561
"symmetric_rootwise_one_ASIS",2,"symmetric rootwise partial collapse + one ASIS cycle","S03",28,1,TRUE,"A","mean_midpoint",10,-0.0244231909727193
"symmetric_rootwise_one_ASIS",2,"symmetric rootwise partial collapse + one ASIS cycle","S03",28,1,TRUE,"A","mean_midpoint",25,-0.0183829212996135
"symmetric_rootwise_one_ASIS",2,"symmetric rootwise partial collapse + one ASIS cycle","S03",28,1,TRUE,"A","mean_midpoint",50,-0.0129129703266952
"symmetric_rootwise_one_ASIS",2,"symmetric rootwise partial collapse + one ASIS cycle","S03",28,1,TRUE,"A","terminal_width",1,0.347875120942121
"symmetric_rootwise_one_ASIS",2,"symmetric rootwise partial collapse + one ASIS cycle","S03",28,1,TRUE,"A","terminal_width",5,0.0294340232421369
"symmetric_rootwise_one_ASIS",2,"symmetric rootwise partial collapse + one ASIS cycle","S03",28,1,TRUE,"A","terminal_width",10,-0.00874230129040906
"symmetric_rootwise_one_ASIS",2,"symmetric rootwise partial collapse + one ASIS cycle","S03",28,1,TRUE,"A","terminal_width",25,-0.00195266337580765
"symmetric_rootwise_one_ASIS",2,"symmetric rootwise partial collapse + one ASIS cycle","S03",28,1,TRUE,"A","terminal_width",50,0.00644263073462939
"symmetric_rootwise_one_ASIS",2,"symmetric rootwise partial collapse + one ASIS cycle","S03",28,1,TRUE,"A","terminal_midpoint",1,0.263312582834776
"symmetric_rootwise_one_ASIS",2,"symmetric rootwise partial collapse + one ASIS cycle","S03",28,1,TRUE,"A","terminal_midpoint",5,0.0113573578788259
"symmetric_rootwise_one_ASIS",2,"symmetric rootwise partial collapse + one ASIS cycle","S03",28,1,TRUE,"A","terminal_midpoint",10,-0.000898343001146022
"symmetric_rootwise_one_ASIS",2,"symmetric rootwise partial collapse + one ASIS cycle","S03",28,1,TRUE,"A","terminal_midpoint",25,-0.0189409114080247
"symmetric_rootwise_one_ASIS",2,"symmetric rootwise partial collapse + one ASIS cycle","S03",28,1,TRUE,"A","terminal_midpoint",50,-0.00985045655554678
"symmetric_rootwise_one_ASIS",2,"symmetric rootwise partial collapse + one ASIS cycle","S03",28,2,TRUE,"B","log_q_1",1,0.802430026526319
"symmetric_rootwise_one_ASIS",2,"symmetric rootwise partial collapse + one ASIS cycle","S03",28,2,TRUE,"B","log_q_1",5,0.420934416916903
"symmetric_rootwise_one_ASIS",2,"symmetric rootwise partial collapse + one ASIS cycle","S03",28,2,TRUE,"B","log_q_1",10,0.150079169279464
"symmetric_rootwise_one_ASIS",2,"symmetric rootwise partial collapse + one ASIS cycle","S03",28,2,TRUE,"B","log_q_1",25,-0.00341892752853229
"symmetric_rootwise_one_ASIS",2,"symmetric rootwise partial collapse + one ASIS cycle","S03",28,2,TRUE,"B","log_q_1",50,0.00434924127198763
"symmetric_rootwise_one_ASIS",2,"symmetric rootwise partial collapse + one ASIS cycle","S03",28,2,TRUE,"B","observed_loss",1,0.232772997454679
"symmetric_rootwise_one_ASIS",2,"symmetric rootwise partial collapse + one ASIS cycle","S03",28,2,TRUE,"B","observed_loss",5,0.0496959403857284
"symmetric_rootwise_one_ASIS",2,"symmetric rootwise partial collapse + one ASIS cycle","S03",28,2,TRUE,"B","observed_loss",10,-0.0120938237349078
"symmetric_rootwise_one_ASIS",2,"symmetric rootwise partial collapse + one ASIS cycle","S03",28,2,TRUE,"B","observed_loss",25,0.00153838435903
"symmetric_rootwise_one_ASIS",2,"symmetric rootwise partial collapse + one ASIS cycle","S03",28,2,TRUE,"B","observed_loss",50,-0.0227881421976052
"symmetric_rootwise_one_ASIS",2,"symmetric rootwise partial collapse + one ASIS cycle","S03",28,2,TRUE,"B","mean_width",1,0.555921425479035
"symmetric_rootwise_one_ASIS",2,"symmetric rootwise partial collapse + one ASIS cycle","S03",28,2,TRUE,"B","mean_width",5,0.0461727077512729
"symmetric_rootwise_one_ASIS",2,"symmetric rootwise partial collapse + one ASIS cycle","S03",28,2,TRUE,"B","mean_width",10,0.0126441588390564
"symmetric_rootwise_one_ASIS",2,"symmetric rootwise partial collapse + one ASIS cycle","S03",28,2,TRUE,"B","mean_width",25,0.0351961170223191
"symmetric_rootwise_one_ASIS",2,"symmetric rootwise partial collapse + one ASIS cycle","S03",28,2,TRUE,"B","mean_width",50,0.00547588402756042
"symmetric_rootwise_one_ASIS",2,"symmetric rootwise partial collapse + one ASIS cycle","S03",28,2,TRUE,"B","mean_midpoint",1,0.432389797218888
"symmetric_rootwise_one_ASIS",2,"symmetric rootwise partial collapse + one ASIS cycle","S03",28,2,TRUE,"B","mean_midpoint",5,0.043979838827045
"symmetric_rootwise_one_ASIS",2,"symmetric rootwise partial collapse + one ASIS cycle","S03",28,2,TRUE,"B","mean_midpoint",10,0.0180820479723435
"symmetric_rootwise_one_ASIS",2,"symmetric rootwise partial collapse + one ASIS cycle","S03",28,2,TRUE,"B","mean_midpoint",25,-0.00501612310105653
"symmetric_rootwise_one_ASIS",2,"symmetric rootwise partial collapse + one ASIS cycle","S03",28,2,TRUE,"B","mean_midpoint",50,-0.0110228877701052
"symmetric_rootwise_one_ASIS",2,"symmetric rootwise partial collapse + one ASIS cycle","S03",28,2,TRUE,"B","terminal_width",1,0.383653835312552
"symmetric_rootwise_one_ASIS",2,"symmetric rootwise partial collapse + one ASIS cycle","S03",28,2,TRUE,"B","terminal_width",5,0.037829260453711
"symmetric_rootwise_one_ASIS",2,"symmetric rootwise partial collapse + one ASIS cycle","S03",28,2,TRUE,"B","terminal_width",10,-0.00606293479282988
"symmetric_rootwise_one_ASIS",2,"symmetric rootwise partial collapse + one ASIS cycle","S03",28,2,TRUE,"B","terminal_width",25,-0.0205966870566398
"symmetric_rootwise_one_ASIS",2,"symmetric rootwise partial collapse + one ASIS cycle","S03",28,2,TRUE,"B","terminal_width",50,0.0116715028713233
"symmetric_rootwise_one_ASIS",2,"symmetric rootwise partial collapse + one ASIS cycle","S03",28,2,TRUE,"B","terminal_midpoint",1,0.255957612204638
"symmetric_rootwise_one_ASIS",2,"symmetric rootwise partial collapse + one ASIS cycle","S03",28,2,TRUE,"B","terminal_midpoint",5,0.0179034231520274
"symmetric_rootwise_one_ASIS",2,"symmetric rootwise partial collapse + one ASIS cycle","S03",28,2,TRUE,"B","terminal_midpoint",10,0.0249112650202699
"symmetric_rootwise_one_ASIS",2,"symmetric rootwise partial collapse + one ASIS cycle","S03",28,2,TRUE,"B","terminal_midpoint",25,-0.00648681385468439
"symmetric_rootwise_one_ASIS",2,"symmetric rootwise partial collapse + one ASIS cycle","S03",28,2,TRUE,"B","terminal_midpoint",50,0.0201090082532431
"symmetric_rootwise_one_ASIS",2,"symmetric rootwise partial collapse + one ASIS cycle","S03",28,3,TRUE,"C","log_q_1",1,0.802981318755187
"symmetric_rootwise_one_ASIS",2,"symmetric rootwise partial collapse + one ASIS cycle","S03",28,3,TRUE,"C","log_q_1",5,0.409081444512796
"symmetric_rootwise_one_ASIS",2,"symmetric rootwise partial collapse + one ASIS cycle","S03",28,3,TRUE,"C","log_q_1",10,0.155586058978741
"symmetric_rootwise_one_ASIS",2,"symmetric rootwise partial collapse + one ASIS cycle","S03",28,3,TRUE,"C","log_q_1",25,-0.011427738649239
"symmetric_rootwise_one_ASIS",2,"symmetric rootwise partial collapse + one ASIS cycle","S03",28,3,TRUE,"C","log_q_1",50,-0.0239407355721834
"symmetric_rootwise_one_ASIS",2,"symmetric rootwise partial collapse + one ASIS cycle","S03",28,3,TRUE,"C","observed_loss",1,0.252149312131193
"symmetric_rootwise_one_ASIS",2,"symmetric rootwise partial collapse + one ASIS cycle","S03",28,3,TRUE,"C","observed_loss",5,0.00372914067534269
"symmetric_rootwise_one_ASIS",2,"symmetric rootwise partial collapse + one ASIS cycle","S03",28,3,TRUE,"C","observed_loss",10,-0.00316178610918885
"symmetric_rootwise_one_ASIS",2,"symmetric rootwise partial collapse + one ASIS cycle","S03",28,3,TRUE,"C","observed_loss",25,0.024380594371992
"symmetric_rootwise_one_ASIS",2,"symmetric rootwise partial collapse + one ASIS cycle","S03",28,3,TRUE,"C","observed_loss",50,0.0135030332563165
"symmetric_rootwise_one_ASIS",2,"symmetric rootwise partial collapse + one ASIS cycle","S03",28,3,TRUE,"C","mean_width",1,0.538790562625911
"symmetric_rootwise_one_ASIS",2,"symmetric rootwise partial collapse + one ASIS cycle","S03",28,3,TRUE,"C","mean_width",5,0.0902188441529153
"symmetric_rootwise_one_ASIS",2,"symmetric rootwise partial collapse + one ASIS cycle","S03",28,3,TRUE,"C","mean_width",10,9.75692727386317e-05
"symmetric_rootwise_one_ASIS",2,"symmetric rootwise partial collapse + one ASIS cycle","S03",28,3,TRUE,"C","mean_width",25,-0.0111699992872024
"symmetric_rootwise_one_ASIS",2,"symmetric rootwise partial collapse + one ASIS cycle","S03",28,3,TRUE,"C","mean_width",50,0.00603169712113645
"symmetric_rootwise_one_ASIS",2,"symmetric rootwise partial collapse + one ASIS cycle","S03",28,3,TRUE,"C","mean_midpoint",1,0.435383977092228
"symmetric_rootwise_one_ASIS",2,"symmetric rootwise partial collapse + one ASIS cycle","S03",28,3,TRUE,"C","mean_midpoint",5,0.0381743036172501
"symmetric_rootwise_one_ASIS",2,"symmetric rootwise partial collapse + one ASIS cycle","S03",28,3,TRUE,"C","mean_midpoint",10,-0.0201461293927201
"symmetric_rootwise_one_ASIS",2,"symmetric rootwise partial collapse + one ASIS cycle","S03",28,3,TRUE,"C","mean_midpoint",25,0.0148435443498448
"symmetric_rootwise_one_ASIS",2,"symmetric rootwise partial collapse + one ASIS cycle","S03",28,3,TRUE,"C","mean_midpoint",50,0.00443424902677735
"symmetric_rootwise_one_ASIS",2,"symmetric rootwise partial collapse + one ASIS cycle","S03",28,3,TRUE,"C","terminal_width",1,0.356600676501417
"symmetric_rootwise_one_ASIS",2,"symmetric rootwise partial collapse + one ASIS cycle","S03",28,3,TRUE,"C","terminal_width",5,0.0375191705504337
"symmetric_rootwise_one_ASIS",2,"symmetric rootwise partial collapse + one ASIS cycle","S03",28,3,TRUE,"C","terminal_width",10,-0.00418787519560864
"symmetric_rootwise_one_ASIS",2,"symmetric rootwise partial collapse + one ASIS cycle","S03",28,3,TRUE,"C","terminal_width",25,-0.00674043231292196
"symmetric_rootwise_one_ASIS",2,"symmetric rootwise partial collapse + one ASIS cycle","S03",28,3,TRUE,"C","terminal_width",50,0.0122700954097802
"symmetric_rootwise_one_ASIS",2,"symmetric rootwise partial collapse + one ASIS cycle","S03",28,3,TRUE,"C","terminal_midpoint",1,0.255991457060862
"symmetric_rootwise_one_ASIS",2,"symmetric rootwise partial collapse + one ASIS cycle","S03",28,3,TRUE,"C","terminal_midpoint",5,0.0241641781337758
"symmetric_rootwise_one_ASIS",2,"symmetric rootwise partial collapse + one ASIS cycle","S03",28,3,TRUE,"C","terminal_midpoint",10,0.00295113848722414
"symmetric_rootwise_one_ASIS",2,"symmetric rootwise partial collapse + one ASIS cycle","S03",28,3,TRUE,"C","terminal_midpoint",25,0.000763688363797052
"symmetric_rootwise_one_ASIS",2,"symmetric rootwise partial collapse + one ASIS cycle","S03",28,3,TRUE,"C","terminal_midpoint",50,-0.0107442450771569
"symmetric_rootwise_one_ASIS",2,"symmetric rootwise partial collapse + one ASIS cycle","S03",28,4,TRUE,"D","log_q_1",1,0.806362658408937
"symmetric_rootwise_one_ASIS",2,"symmetric rootwise partial collapse + one ASIS cycle","S03",28,4,TRUE,"D","log_q_1",5,0.415828957414455
"symmetric_rootwise_one_ASIS",2,"symmetric rootwise partial collapse + one ASIS cycle","S03",28,4,TRUE,"D","log_q_1",10,0.192477795764893
"symmetric_rootwise_one_ASIS",2,"symmetric rootwise partial collapse + one ASIS cycle","S03",28,4,TRUE,"D","log_q_1",25,0.0158313595930834
"symmetric_rootwise_one_ASIS",2,"symmetric rootwise partial collapse + one ASIS cycle","S03",28,4,TRUE,"D","log_q_1",50,0.0603785223715569
"symmetric_rootwise_one_ASIS",2,"symmetric rootwise partial collapse + one ASIS cycle","S03",28,4,TRUE,"D","observed_loss",1,0.273333829286297
"symmetric_rootwise_one_ASIS",2,"symmetric rootwise partial collapse + one ASIS cycle","S03",28,4,TRUE,"D","observed_loss",5,-0.00454646160940178
"symmetric_rootwise_one_ASIS",2,"symmetric rootwise partial collapse + one ASIS cycle","S03",28,4,TRUE,"D","observed_loss",10,0.0125151223494618
"symmetric_rootwise_one_ASIS",2,"symmetric rootwise partial collapse + one ASIS cycle","S03",28,4,TRUE,"D","observed_loss",25,0.0135814277786609
"symmetric_rootwise_one_ASIS",2,"symmetric rootwise partial collapse + one ASIS cycle","S03",28,4,TRUE,"D","observed_loss",50,0.00727103472663254
"symmetric_rootwise_one_ASIS",2,"symmetric rootwise partial collapse + one ASIS cycle","S03",28,4,TRUE,"D","mean_width",1,0.568166839724805
"symmetric_rootwise_one_ASIS",2,"symmetric rootwise partial collapse + one ASIS cycle","S03",28,4,TRUE,"D","mean_width",5,0.0759338016666179
"symmetric_rootwise_one_ASIS",2,"symmetric rootwise partial collapse + one ASIS cycle","S03",28,4,TRUE,"D","mean_width",10,0.00436351801853191
"symmetric_rootwise_one_ASIS",2,"symmetric rootwise partial collapse + one ASIS cycle","S03",28,4,TRUE,"D","mean_width",25,-0.0123972031647852
"symmetric_rootwise_one_ASIS",2,"symmetric rootwise partial collapse + one ASIS cycle","S03",28,4,TRUE,"D","mean_width",50,-0.0227418434001984
"symmetric_rootwise_one_ASIS",2,"symmetric rootwise partial collapse + one ASIS cycle","S03",28,4,TRUE,"D","mean_midpoint",1,0.448282741602833
"symmetric_rootwise_one_ASIS",2,"symmetric rootwise partial collapse + one ASIS cycle","S03",28,4,TRUE,"D","mean_midpoint",5,0.020622064605781
"symmetric_rootwise_one_ASIS",2,"symmetric rootwise partial collapse + one ASIS cycle","S03",28,4,TRUE,"D","mean_midpoint",10,-0.0262778755254399
"symmetric_rootwise_one_ASIS",2,"symmetric rootwise partial collapse + one ASIS cycle","S03",28,4,TRUE,"D","mean_midpoint",25,0.00737876193187596
"symmetric_rootwise_one_ASIS",2,"symmetric rootwise partial collapse + one ASIS cycle","S03",28,4,TRUE,"D","mean_midpoint",50,-0.0168123222162796
"symmetric_rootwise_one_ASIS",2,"symmetric rootwise partial collapse + one ASIS cycle","S03",28,4,TRUE,"D","terminal_width",1,0.379853737019255
"symmetric_rootwise_one_ASIS",2,"symmetric rootwise partial collapse + one ASIS cycle","S03",28,4,TRUE,"D","terminal_width",5,0.0202300369812165
"symmetric_rootwise_one_ASIS",2,"symmetric rootwise partial collapse + one ASIS cycle","S03",28,4,TRUE,"D","terminal_width",10,0.0161141589553831
"symmetric_rootwise_one_ASIS",2,"symmetric rootwise partial collapse + one ASIS cycle","S03",28,4,TRUE,"D","terminal_width",25,0.00203109277153231
"symmetric_rootwise_one_ASIS",2,"symmetric rootwise partial collapse + one ASIS cycle","S03",28,4,TRUE,"D","terminal_width",50,0.00637813214606668
"symmetric_rootwise_one_ASIS",2,"symmetric rootwise partial collapse + one ASIS cycle","S03",28,4,TRUE,"D","terminal_midpoint",1,0.231673214056679
"symmetric_rootwise_one_ASIS",2,"symmetric rootwise partial collapse + one ASIS cycle","S03",28,4,TRUE,"D","terminal_midpoint",5,0.0388669683952635
"symmetric_rootwise_one_ASIS",2,"symmetric rootwise partial collapse + one ASIS cycle","S03",28,4,TRUE,"D","terminal_midpoint",10,0.0177471625788019
"symmetric_rootwise_one_ASIS",2,"symmetric rootwise partial collapse + one ASIS cycle","S03",28,4,TRUE,"D","terminal_midpoint",25,0.0124868255872088
"symmetric_rootwise_one_ASIS",2,"symmetric rootwise partial collapse + one ASIS cycle","S03",28,4,TRUE,"D","terminal_midpoint",50,0.0234344356352836
"symmetric_rootwise_one_ASIS",2,"symmetric rootwise partial collapse + one ASIS cycle","S04",39,1,FALSE,"standard","log_q_1",1,0.858038651051614
"symmetric_rootwise_one_ASIS",2,"symmetric rootwise partial collapse + one ASIS cycle","S04",39,1,FALSE,"standard","log_q_1",5,0.521894918547167
"symmetric_rootwise_one_ASIS",2,"symmetric rootwise partial collapse + one ASIS cycle","S04",39,1,FALSE,"standard","log_q_1",10,0.271050552417999
"symmetric_rootwise_one_ASIS",2,"symmetric rootwise partial collapse + one ASIS cycle","S04",39,1,FALSE,"standard","log_q_1",25,0.0191139179657196
"symmetric_rootwise_one_ASIS",2,"symmetric rootwise partial collapse + one ASIS cycle","S04",39,1,FALSE,"standard","log_q_1",50,-0.0189456768377922
"symmetric_rootwise_one_ASIS",2,"symmetric rootwise partial collapse + one ASIS cycle","S04",39,1,FALSE,"standard","observed_loss",1,0.52964705597583
"symmetric_rootwise_one_ASIS",2,"symmetric rootwise partial collapse + one ASIS cycle","S04",39,1,FALSE,"standard","observed_loss",5,0.229617430710952
"symmetric_rootwise_one_ASIS",2,"symmetric rootwise partial collapse + one ASIS cycle","S04",39,1,FALSE,"standard","observed_loss",10,0.121973075350968
"symmetric_rootwise_one_ASIS",2,"symmetric rootwise partial collapse + one ASIS cycle","S04",39,1,FALSE,"standard","observed_loss",25,-0.0226904005777346
"symmetric_rootwise_one_ASIS",2,"symmetric rootwise partial collapse + one ASIS cycle","S04",39,1,FALSE,"standard","observed_loss",50,-0.0306172274908817
"symmetric_rootwise_one_ASIS",2,"symmetric rootwise partial collapse + one ASIS cycle","S04",39,1,FALSE,"standard","mean_width",1,0.73225320985655
"symmetric_rootwise_one_ASIS",2,"symmetric rootwise partial collapse + one ASIS cycle","S04",39,1,FALSE,"standard","mean_width",5,0.255018491286218
"symmetric_rootwise_one_ASIS",2,"symmetric rootwise partial collapse + one ASIS cycle","S04",39,1,FALSE,"standard","mean_width",10,0.101959595097669
"symmetric_rootwise_one_ASIS",2,"symmetric rootwise partial collapse + one ASIS cycle","S04",39,1,FALSE,"standard","mean_width",25,-0.00892992964106745
"symmetric_rootwise_one_ASIS",2,"symmetric rootwise partial collapse + one ASIS cycle","S04",39,1,FALSE,"standard","mean_width",50,-0.00232712150906438
"symmetric_rootwise_one_ASIS",2,"symmetric rootwise partial collapse + one ASIS cycle","S04",39,1,FALSE,"standard","mean_midpoint",1,0.633054942177774
"symmetric_rootwise_one_ASIS",2,"symmetric rootwise partial collapse + one ASIS cycle","S04",39,1,FALSE,"standard","mean_midpoint",5,0.123860926464265
"symmetric_rootwise_one_ASIS",2,"symmetric rootwise partial collapse + one ASIS cycle","S04",39,1,FALSE,"standard","mean_midpoint",10,0.00201348992865047
"symmetric_rootwise_one_ASIS",2,"symmetric rootwise partial collapse + one ASIS cycle","S04",39,1,FALSE,"standard","mean_midpoint",25,0.0211134285928584
"symmetric_rootwise_one_ASIS",2,"symmetric rootwise partial collapse + one ASIS cycle","S04",39,1,FALSE,"standard","mean_midpoint",50,-0.0205775283911914
"symmetric_rootwise_one_ASIS",2,"symmetric rootwise partial collapse + one ASIS cycle","S04",39,1,FALSE,"standard","terminal_width",1,0.483318252251219
"symmetric_rootwise_one_ASIS",2,"symmetric rootwise partial collapse + one ASIS cycle","S04",39,1,FALSE,"standard","terminal_width",5,0.108741782068463
"symmetric_rootwise_one_ASIS",2,"symmetric rootwise partial collapse + one ASIS cycle","S04",39,1,FALSE,"standard","terminal_width",10,0.00938726613582887
"symmetric_rootwise_one_ASIS",2,"symmetric rootwise partial collapse + one ASIS cycle","S04",39,1,FALSE,"standard","terminal_width",25,0.0232404185171807
"symmetric_rootwise_one_ASIS",2,"symmetric rootwise partial collapse + one ASIS cycle","S04",39,1,FALSE,"standard","terminal_width",50,-0.000610287358187897
"symmetric_rootwise_one_ASIS",2,"symmetric rootwise partial collapse + one ASIS cycle","S04",39,1,FALSE,"standard","terminal_midpoint",1,0.396953303479215
"symmetric_rootwise_one_ASIS",2,"symmetric rootwise partial collapse + one ASIS cycle","S04",39,1,FALSE,"standard","terminal_midpoint",5,0.0687118674317933
"symmetric_rootwise_one_ASIS",2,"symmetric rootwise partial collapse + one ASIS cycle","S04",39,1,FALSE,"standard","terminal_midpoint",10,0.0187073834798035
"symmetric_rootwise_one_ASIS",2,"symmetric rootwise partial collapse + one ASIS cycle","S04",39,1,FALSE,"standard","terminal_midpoint",25,0.0199026658144021
"symmetric_rootwise_one_ASIS",2,"symmetric rootwise partial collapse + one ASIS cycle","S04",39,1,FALSE,"standard","terminal_midpoint",50,0.006919672335575
"symmetric_rootwise_one_ASIS",2,"symmetric rootwise partial collapse + one ASIS cycle","S03",121,1,TRUE,"A","log_q_1",1,0.827569862479885
"symmetric_rootwise_one_ASIS",2,"symmetric rootwise partial collapse + one ASIS cycle","S03",121,1,TRUE,"A","log_q_1",5,0.44334660160787
"symmetric_rootwise_one_ASIS",2,"symmetric rootwise partial collapse + one ASIS cycle","S03",121,1,TRUE,"A","log_q_1",10,0.225266270351556
"symmetric_rootwise_one_ASIS",2,"symmetric rootwise partial collapse + one ASIS cycle","S03",121,1,TRUE,"A","log_q_1",25,0.0307456096736773
"symmetric_rootwise_one_ASIS",2,"symmetric rootwise partial collapse + one ASIS cycle","S03",121,1,TRUE,"A","log_q_1",50,-0.0254931066393589
"symmetric_rootwise_one_ASIS",2,"symmetric rootwise partial collapse + one ASIS cycle","S03",121,1,TRUE,"A","observed_loss",1,0.364422852319485
"symmetric_rootwise_one_ASIS",2,"symmetric rootwise partial collapse + one ASIS cycle","S03",121,1,TRUE,"A","observed_loss",5,0.0840523563934589
"symmetric_rootwise_one_ASIS",2,"symmetric rootwise partial collapse + one ASIS cycle","S03",121,1,TRUE,"A","observed_loss",10,0.0551676476514661
"symmetric_rootwise_one_ASIS",2,"symmetric rootwise partial collapse + one ASIS cycle","S03",121,1,TRUE,"A","observed_loss",25,0.0235806113412263
"symmetric_rootwise_one_ASIS",2,"symmetric rootwise partial collapse + one ASIS cycle","S03",121,1,TRUE,"A","observed_loss",50,0.00500880276206257
"symmetric_rootwise_one_ASIS",2,"symmetric rootwise partial collapse + one ASIS cycle","S03",121,1,TRUE,"A","mean_width",1,0.603589561405084
"symmetric_rootwise_one_ASIS",2,"symmetric rootwise partial collapse + one ASIS cycle","S03",121,1,TRUE,"A","mean_width",5,0.110964550627744
"symmetric_rootwise_one_ASIS",2,"symmetric rootwise partial collapse + one ASIS cycle","S03",121,1,TRUE,"A","mean_width",10,0.0178817192325051
"symmetric_rootwise_one_ASIS",2,"symmetric rootwise partial collapse + one ASIS cycle","S03",121,1,TRUE,"A","mean_width",25,0.0343966570917537
"symmetric_rootwise_one_ASIS",2,"symmetric rootwise partial collapse + one ASIS cycle","S03",121,1,TRUE,"A","mean_width",50,-0.00308829637937556
"symmetric_rootwise_one_ASIS",2,"symmetric rootwise partial collapse + one ASIS cycle","S03",121,1,TRUE,"A","mean_midpoint",1,0.481333413131268
"symmetric_rootwise_one_ASIS",2,"symmetric rootwise partial collapse + one ASIS cycle","S03",121,1,TRUE,"A","mean_midpoint",5,0.0674448092758008
"symmetric_rootwise_one_ASIS",2,"symmetric rootwise partial collapse + one ASIS cycle","S03",121,1,TRUE,"A","mean_midpoint",10,-0.0104037469359015
"symmetric_rootwise_one_ASIS",2,"symmetric rootwise partial collapse + one ASIS cycle","S03",121,1,TRUE,"A","mean_midpoint",25,0.0141296000656122
"symmetric_rootwise_one_ASIS",2,"symmetric rootwise partial collapse + one ASIS cycle","S03",121,1,TRUE,"A","mean_midpoint",50,-0.00463819049356731
"symmetric_rootwise_one_ASIS",2,"symmetric rootwise partial collapse + one ASIS cycle","S03",121,1,TRUE,"A","terminal_width",1,0.369761904367996
"symmetric_rootwise_one_ASIS",2,"symmetric rootwise partial collapse + one ASIS cycle","S03",121,1,TRUE,"A","terminal_width",5,0.0239093934993522
"symmetric_rootwise_one_ASIS",2,"symmetric rootwise partial collapse + one ASIS cycle","S03",121,1,TRUE,"A","terminal_width",10,-0.0318194868346073
"symmetric_rootwise_one_ASIS",2,"symmetric rootwise partial collapse + one ASIS cycle","S03",121,1,TRUE,"A","terminal_width",25,0.00737064770144476
"symmetric_rootwise_one_ASIS",2,"symmetric rootwise partial collapse + one ASIS cycle","S03",121,1,TRUE,"A","terminal_width",50,-0.00349021409056203
"symmetric_rootwise_one_ASIS",2,"symmetric rootwise partial collapse + one ASIS cycle","S03",121,1,TRUE,"A","terminal_midpoint",1,0.362283043178797
"symmetric_rootwise_one_ASIS",2,"symmetric rootwise partial collapse + one ASIS cycle","S03",121,1,TRUE,"A","terminal_midpoint",5,0.0762889454932577
"symmetric_rootwise_one_ASIS",2,"symmetric rootwise partial collapse + one ASIS cycle","S03",121,1,TRUE,"A","terminal_midpoint",10,0.0303584036408144
"symmetric_rootwise_one_ASIS",2,"symmetric rootwise partial collapse + one ASIS cycle","S03",121,1,TRUE,"A","terminal_midpoint",25,0.0224174835116336
"symmetric_rootwise_one_ASIS",2,"symmetric rootwise partial collapse + one ASIS cycle","S03",121,1,TRUE,"A","terminal_midpoint",50,-0.00386061254958141
"symmetric_rootwise_one_ASIS",2,"symmetric rootwise partial collapse + one ASIS cycle","S03",121,2,TRUE,"B","log_q_1",1,0.831983180854888
"symmetric_rootwise_one_ASIS",2,"symmetric rootwise partial collapse + one ASIS cycle","S03",121,2,TRUE,"B","log_q_1",5,0.459160636774298
"symmetric_rootwise_one_ASIS",2,"symmetric rootwise partial collapse + one ASIS cycle","S03",121,2,TRUE,"B","log_q_1",10,0.211379827698332
"symmetric_rootwise_one_ASIS",2,"symmetric rootwise partial collapse + one ASIS cycle","S03",121,2,TRUE,"B","log_q_1",25,0.0258930318352811
"symmetric_rootwise_one_ASIS",2,"symmetric rootwise partial collapse + one ASIS cycle","S03",121,2,TRUE,"B","log_q_1",50,0.0112612710674618
"symmetric_rootwise_one_ASIS",2,"symmetric rootwise partial collapse + one ASIS cycle","S03",121,2,TRUE,"B","observed_loss",1,0.356103245807123
"symmetric_rootwise_one_ASIS",2,"symmetric rootwise partial collapse + one ASIS cycle","S03",121,2,TRUE,"B","observed_loss",5,0.0857995047484253
"symmetric_rootwise_one_ASIS",2,"symmetric rootwise partial collapse + one ASIS cycle","S03",121,2,TRUE,"B","observed_loss",10,0.0478756547326179
"symmetric_rootwise_one_ASIS",2,"symmetric rootwise partial collapse + one ASIS cycle","S03",121,2,TRUE,"B","observed_loss",25,-0.00750650056637255
"symmetric_rootwise_one_ASIS",2,"symmetric rootwise partial collapse + one ASIS cycle","S03",121,2,TRUE,"B","observed_loss",50,0.0140491470959026
"symmetric_rootwise_one_ASIS",2,"symmetric rootwise partial collapse + one ASIS cycle","S03",121,2,TRUE,"B","mean_width",1,0.611427010499451
"symmetric_rootwise_one_ASIS",2,"symmetric rootwise partial collapse + one ASIS cycle","S03",121,2,TRUE,"B","mean_width",5,0.118957919561915
"symmetric_rootwise_one_ASIS",2,"symmetric rootwise partial collapse + one ASIS cycle","S03",121,2,TRUE,"B","mean_width",10,0.0562814965056105
"symmetric_rootwise_one_ASIS",2,"symmetric rootwise partial collapse + one ASIS cycle","S03",121,2,TRUE,"B","mean_width",25,0.0359435715141078
"symmetric_rootwise_one_ASIS",2,"symmetric rootwise partial collapse + one ASIS cycle","S03",121,2,TRUE,"B","mean_width",50,-0.0103714565800153
"symmetric_rootwise_one_ASIS",2,"symmetric rootwise partial collapse + one ASIS cycle","S03",121,2,TRUE,"B","mean_midpoint",1,0.494279732159667
"symmetric_rootwise_one_ASIS",2,"symmetric rootwise partial collapse + one ASIS cycle","S03",121,2,TRUE,"B","mean_midpoint",5,0.0574017032211865
"symmetric_rootwise_one_ASIS",2,"symmetric rootwise partial collapse + one ASIS cycle","S03",121,2,TRUE,"B","mean_midpoint",10,0.00251430254120183
"symmetric_rootwise_one_ASIS",2,"symmetric rootwise partial collapse + one ASIS cycle","S03",121,2,TRUE,"B","mean_midpoint",25,-0.0145800962890019
"symmetric_rootwise_one_ASIS",2,"symmetric rootwise partial collapse + one ASIS cycle","S03",121,2,TRUE,"B","mean_midpoint",50,-0.0383795988860113
"symmetric_rootwise_one_ASIS",2,"symmetric rootwise partial collapse + one ASIS cycle","S03",121,2,TRUE,"B","terminal_width",1,0.378516847296176
"symmetric_rootwise_one_ASIS",2,"symmetric rootwise partial collapse + one ASIS cycle","S03",121,2,TRUE,"B","terminal_width",5,0.0205656996945535
"symmetric_rootwise_one_ASIS",2,"symmetric rootwise partial collapse + one ASIS cycle","S03",121,2,TRUE,"B","terminal_width",10,-0.0129399819651175
"symmetric_rootwise_one_ASIS",2,"symmetric rootwise partial collapse + one ASIS cycle","S03",121,2,TRUE,"B","terminal_width",25,0.00264549741895473
"symmetric_rootwise_one_ASIS",2,"symmetric rootwise partial collapse + one ASIS cycle","S03",121,2,TRUE,"B","terminal_width",50,-0.0198714381019512
"symmetric_rootwise_one_ASIS",2,"symmetric rootwise partial collapse + one ASIS cycle","S03",121,2,TRUE,"B","terminal_midpoint",1,0.384096616014806
"symmetric_rootwise_one_ASIS",2,"symmetric rootwise partial collapse + one ASIS cycle","S03",121,2,TRUE,"B","terminal_midpoint",5,0.095546008504169
"symmetric_rootwise_one_ASIS",2,"symmetric rootwise partial collapse + one ASIS cycle","S03",121,2,TRUE,"B","terminal_midpoint",10,0.0113768278607924
"symmetric_rootwise_one_ASIS",2,"symmetric rootwise partial collapse + one ASIS cycle","S03",121,2,TRUE,"B","terminal_midpoint",25,0.0107711186962499
"symmetric_rootwise_one_ASIS",2,"symmetric rootwise partial collapse + one ASIS cycle","S03",121,2,TRUE,"B","terminal_midpoint",50,0.000631986106082099
"symmetric_rootwise_one_ASIS",2,"symmetric rootwise partial collapse + one ASIS cycle","S03",121,3,TRUE,"C","log_q_1",1,0.844740723884096
"symmetric_rootwise_one_ASIS",2,"symmetric rootwise partial collapse + one ASIS cycle","S03",121,3,TRUE,"C","log_q_1",5,0.496141212322557
"symmetric_rootwise_one_ASIS",2,"symmetric rootwise partial collapse + one ASIS cycle","S03",121,3,TRUE,"C","log_q_1",10,0.255758110030307
"symmetric_rootwise_one_ASIS",2,"symmetric rootwise partial collapse + one ASIS cycle","S03",121,3,TRUE,"C","log_q_1",25,0.00257857893139376
"symmetric_rootwise_one_ASIS",2,"symmetric rootwise partial collapse + one ASIS cycle","S03",121,3,TRUE,"C","log_q_1",50,-0.0220043820410774
"symmetric_rootwise_one_ASIS",2,"symmetric rootwise partial collapse + one ASIS cycle","S03",121,3,TRUE,"C","observed_loss",1,0.357316070291309
"symmetric_rootwise_one_ASIS",2,"symmetric rootwise partial collapse + one ASIS cycle","S03",121,3,TRUE,"C","observed_loss",5,0.0999969209485494
"symmetric_rootwise_one_ASIS",2,"symmetric rootwise partial collapse + one ASIS cycle","S03",121,3,TRUE,"C","observed_loss",10,0.0512076519396599
"symmetric_rootwise_one_ASIS",2,"symmetric rootwise partial collapse + one ASIS cycle","S03",121,3,TRUE,"C","observed_loss",25,0.00870566860972256
"symmetric_rootwise_one_ASIS",2,"symmetric rootwise partial collapse + one ASIS cycle","S03",121,3,TRUE,"C","observed_loss",50,-0.0173321910900616
"symmetric_rootwise_one_ASIS",2,"symmetric rootwise partial collapse + one ASIS cycle","S03",121,3,TRUE,"C","mean_width",1,0.60010712328783
"symmetric_rootwise_one_ASIS",2,"symmetric rootwise partial collapse + one ASIS cycle","S03",121,3,TRUE,"C","mean_width",5,0.109086089139684
"symmetric_rootwise_one_ASIS",2,"symmetric rootwise partial collapse + one ASIS cycle","S03",121,3,TRUE,"C","mean_width",10,-0.00353059950614714
"symmetric_rootwise_one_ASIS",2,"symmetric rootwise partial collapse + one ASIS cycle","S03",121,3,TRUE,"C","mean_width",25,0.0161860612597026
"symmetric_rootwise_one_ASIS",2,"symmetric rootwise partial collapse + one ASIS cycle","S03",121,3,TRUE,"C","mean_width",50,0.00480802520224695
"symmetric_rootwise_one_ASIS",2,"symmetric rootwise partial collapse + one ASIS cycle","S03",121,3,TRUE,"C","mean_midpoint",1,0.497759633015817
"symmetric_rootwise_one_ASIS",2,"symmetric rootwise partial collapse + one ASIS cycle","S03",121,3,TRUE,"C","mean_midpoint",5,0.0476046888306896
"symmetric_rootwise_one_ASIS",2,"symmetric rootwise partial collapse + one ASIS cycle","S03",121,3,TRUE,"C","mean_midpoint",10,-0.00428918921776201
"symmetric_rootwise_one_ASIS",2,"symmetric rootwise partial collapse + one ASIS cycle","S03",121,3,TRUE,"C","mean_midpoint",25,-0.00484664088622246
"symmetric_rootwise_one_ASIS",2,"symmetric rootwise partial collapse + one ASIS cycle","S03",121,3,TRUE,"C","mean_midpoint",50,0.0095513016894326
"symmetric_rootwise_one_ASIS",2,"symmetric rootwise partial collapse + one ASIS cycle","S03",121,3,TRUE,"C","terminal_width",1,0.375330860006152
"symmetric_rootwise_one_ASIS",2,"symmetric rootwise partial collapse + one ASIS cycle","S03",121,3,TRUE,"C","terminal_width",5,0.00717635291937369
"symmetric_rootwise_one_ASIS",2,"symmetric rootwise partial collapse + one ASIS cycle","S03",121,3,TRUE,"C","terminal_width",10,-0.0117129000758598
"symmetric_rootwise_one_ASIS",2,"symmetric rootwise partial collapse + one ASIS cycle","S03",121,3,TRUE,"C","terminal_width",25,0.00533112120320308
"symmetric_rootwise_one_ASIS",2,"symmetric rootwise partial collapse + one ASIS cycle","S03",121,3,TRUE,"C","terminal_width",50,0.0240243245950547
"symmetric_rootwise_one_ASIS",2,"symmetric rootwise partial collapse + one ASIS cycle","S03",121,3,TRUE,"C","terminal_midpoint",1,0.356008464606583
"symmetric_rootwise_one_ASIS",2,"symmetric rootwise partial collapse + one ASIS cycle","S03",121,3,TRUE,"C","terminal_midpoint",5,0.0854403326088524
"symmetric_rootwise_one_ASIS",2,"symmetric rootwise partial collapse + one ASIS cycle","S03",121,3,TRUE,"C","terminal_midpoint",10,0.0477776604483008
"symmetric_rootwise_one_ASIS",2,"symmetric rootwise partial collapse + one ASIS cycle","S03",121,3,TRUE,"C","terminal_midpoint",25,0.0162710158396661
"symmetric_rootwise_one_ASIS",2,"symmetric rootwise partial collapse + one ASIS cycle","S03",121,3,TRUE,"C","terminal_midpoint",50,0.00254384782178395
"symmetric_rootwise_one_ASIS",2,"symmetric rootwise partial collapse + one ASIS cycle","S03",121,4,TRUE,"D","log_q_1",1,0.838807055958153
"symmetric_rootwise_one_ASIS",2,"symmetric rootwise partial collapse + one ASIS cycle","S03",121,4,TRUE,"D","log_q_1",5,0.470669400669348
"symmetric_rootwise_one_ASIS",2,"symmetric rootwise partial collapse + one ASIS cycle","S03",121,4,TRUE,"D","log_q_1",10,0.245360996852619
"symmetric_rootwise_one_ASIS",2,"symmetric rootwise partial collapse + one ASIS cycle","S03",121,4,TRUE,"D","log_q_1",25,0.0471129449266939
"symmetric_rootwise_one_ASIS",2,"symmetric rootwise partial collapse + one ASIS cycle","S03",121,4,TRUE,"D","log_q_1",50,-0.0158567031073684
"symmetric_rootwise_one_ASIS",2,"symmetric rootwise partial collapse + one ASIS cycle","S03",121,4,TRUE,"D","observed_loss",1,0.37132978620864
"symmetric_rootwise_one_ASIS",2,"symmetric rootwise partial collapse + one ASIS cycle","S03",121,4,TRUE,"D","observed_loss",5,0.113848118869152
"symmetric_rootwise_one_ASIS",2,"symmetric rootwise partial collapse + one ASIS cycle","S03",121,4,TRUE,"D","observed_loss",10,0.0530953187728346
"symmetric_rootwise_one_ASIS",2,"symmetric rootwise partial collapse + one ASIS cycle","S03",121,4,TRUE,"D","observed_loss",25,-0.0226526875623464
"symmetric_rootwise_one_ASIS",2,"symmetric rootwise partial collapse + one ASIS cycle","S03",121,4,TRUE,"D","observed_loss",50,-0.0276582249438262
"symmetric_rootwise_one_ASIS",2,"symmetric rootwise partial collapse + one ASIS cycle","S03",121,4,TRUE,"D","mean_width",1,0.596538804947528
"symmetric_rootwise_one_ASIS",2,"symmetric rootwise partial collapse + one ASIS cycle","S03",121,4,TRUE,"D","mean_width",5,0.105383903453235
"symmetric_rootwise_one_ASIS",2,"symmetric rootwise partial collapse + one ASIS cycle","S03",121,4,TRUE,"D","mean_width",10,-0.00285171041021444
"symmetric_rootwise_one_ASIS",2,"symmetric rootwise partial collapse + one ASIS cycle","S03",121,4,TRUE,"D","mean_width",25,-0.0321777421830589
"symmetric_rootwise_one_ASIS",2,"symmetric rootwise partial collapse + one ASIS cycle","S03",121,4,TRUE,"D","mean_width",50,0.0294789512394696
"symmetric_rootwise_one_ASIS",2,"symmetric rootwise partial collapse + one ASIS cycle","S03",121,4,TRUE,"D","mean_midpoint",1,0.509039428031816
"symmetric_rootwise_one_ASIS",2,"symmetric rootwise partial collapse + one ASIS cycle","S03",121,4,TRUE,"D","mean_midpoint",5,0.0595699839193263
"symmetric_rootwise_one_ASIS",2,"symmetric rootwise partial collapse + one ASIS cycle","S03",121,4,TRUE,"D","mean_midpoint",10,0.00593069004581085
"symmetric_rootwise_one_ASIS",2,"symmetric rootwise partial collapse + one ASIS cycle","S03",121,4,TRUE,"D","mean_midpoint",25,0.0235157742926951
"symmetric_rootwise_one_ASIS",2,"symmetric rootwise partial collapse + one ASIS cycle","S03",121,4,TRUE,"D","mean_midpoint",50,0.00376299615635352
"symmetric_rootwise_one_ASIS",2,"symmetric rootwise partial collapse + one ASIS cycle","S03",121,4,TRUE,"D","terminal_width",1,0.391863254305012
"symmetric_rootwise_one_ASIS",2,"symmetric rootwise partial collapse + one ASIS cycle","S03",121,4,TRUE,"D","terminal_width",5,0.0502325371184298
"symmetric_rootwise_one_ASIS",2,"symmetric rootwise partial collapse + one ASIS cycle","S03",121,4,TRUE,"D","terminal_width",10,-0.0197164346449272
"symmetric_rootwise_one_ASIS",2,"symmetric rootwise partial collapse + one ASIS cycle","S03",121,4,TRUE,"D","terminal_width",25,-0.000252609754685773
"symmetric_rootwise_one_ASIS",2,"symmetric rootwise partial collapse + one ASIS cycle","S03",121,4,TRUE,"D","terminal_width",50,0.0107102944756037
"symmetric_rootwise_one_ASIS",2,"symmetric rootwise partial collapse + one ASIS cycle","S03",121,4,TRUE,"D","terminal_midpoint",1,0.368970929444138
"symmetric_rootwise_one_ASIS",2,"symmetric rootwise partial collapse + one ASIS cycle","S03",121,4,TRUE,"D","terminal_midpoint",5,0.0870355327069592
"symmetric_rootwise_one_ASIS",2,"symmetric rootwise partial collapse + one ASIS cycle","S03",121,4,TRUE,"D","terminal_midpoint",10,0.0346321484117949
"symmetric_rootwise_one_ASIS",2,"symmetric rootwise partial collapse + one ASIS cycle","S03",121,4,TRUE,"D","terminal_midpoint",25,-0.00141566322079375
"symmetric_rootwise_one_ASIS",2,"symmetric rootwise partial collapse + one ASIS cycle","S03",121,4,TRUE,"D","terminal_midpoint",50,-0.00290031525963495
"symmetric_rootwise_one_ASIS",2,"symmetric rootwise partial collapse + one ASIS cycle","S03",55,1,FALSE,"standard","log_q_1",1,0.901416715532671
"symmetric_rootwise_one_ASIS",2,"symmetric rootwise partial collapse + one ASIS cycle","S03",55,1,FALSE,"standard","log_q_1",5,0.668975066195368
"symmetric_rootwise_one_ASIS",2,"symmetric rootwise partial collapse + one ASIS cycle","S03",55,1,FALSE,"standard","log_q_1",10,0.457529150301484
"symmetric_rootwise_one_ASIS",2,"symmetric rootwise partial collapse + one ASIS cycle","S03",55,1,FALSE,"standard","log_q_1",25,0.082974130546469
"symmetric_rootwise_one_ASIS",2,"symmetric rootwise partial collapse + one ASIS cycle","S03",55,1,FALSE,"standard","log_q_1",50,-0.0124733281375898
"symmetric_rootwise_one_ASIS",2,"symmetric rootwise partial collapse + one ASIS cycle","S03",55,1,FALSE,"standard","observed_loss",1,0.465512429913028
"symmetric_rootwise_one_ASIS",2,"symmetric rootwise partial collapse + one ASIS cycle","S03",55,1,FALSE,"standard","observed_loss",5,0.252844819744307
"symmetric_rootwise_one_ASIS",2,"symmetric rootwise partial collapse + one ASIS cycle","S03",55,1,FALSE,"standard","observed_loss",10,0.147892312694315
"symmetric_rootwise_one_ASIS",2,"symmetric rootwise partial collapse + one ASIS cycle","S03",55,1,FALSE,"standard","observed_loss",25,-0.00275999078296233
"symmetric_rootwise_one_ASIS",2,"symmetric rootwise partial collapse + one ASIS cycle","S03",55,1,FALSE,"standard","observed_loss",50,-0.0230239513847961
"symmetric_rootwise_one_ASIS",2,"symmetric rootwise partial collapse + one ASIS cycle","S03",55,1,FALSE,"standard","mean_width",1,0.639723850726565
"symmetric_rootwise_one_ASIS",2,"symmetric rootwise partial collapse + one ASIS cycle","S03",55,1,FALSE,"standard","mean_width",5,0.180729183838426
"symmetric_rootwise_one_ASIS",2,"symmetric rootwise partial collapse + one ASIS cycle","S03",55,1,FALSE,"standard","mean_width",10,0.04708533827886
"symmetric_rootwise_one_ASIS",2,"symmetric rootwise partial collapse + one ASIS cycle","S03",55,1,FALSE,"standard","mean_width",25,0.0355084301806883
"symmetric_rootwise_one_ASIS",2,"symmetric rootwise partial collapse + one ASIS cycle","S03",55,1,FALSE,"standard","mean_width",50,-0.0170957311748718
"symmetric_rootwise_one_ASIS",2,"symmetric rootwise partial collapse + one ASIS cycle","S03",55,1,FALSE,"standard","mean_midpoint",1,0.477896825848873
"symmetric_rootwise_one_ASIS",2,"symmetric rootwise partial collapse + one ASIS cycle","S03",55,1,FALSE,"standard","mean_midpoint",5,0.0509131713598116
"symmetric_rootwise_one_ASIS",2,"symmetric rootwise partial collapse + one ASIS cycle","S03",55,1,FALSE,"standard","mean_midpoint",10,-0.00906612399246401
"symmetric_rootwise_one_ASIS",2,"symmetric rootwise partial collapse + one ASIS cycle","S03",55,1,FALSE,"standard","mean_midpoint",25,-0.00959662848201138
"symmetric_rootwise_one_ASIS",2,"symmetric rootwise partial collapse + one ASIS cycle","S03",55,1,FALSE,"standard","mean_midpoint",50,0.0132712665927213
"symmetric_rootwise_one_ASIS",2,"symmetric rootwise partial collapse + one ASIS cycle","S03",55,1,FALSE,"standard","terminal_width",1,0.370818135441826
"symmetric_rootwise_one_ASIS",2,"symmetric rootwise partial collapse + one ASIS cycle","S03",55,1,FALSE,"standard","terminal_width",5,0.0212662845650509
"symmetric_rootwise_one_ASIS",2,"symmetric rootwise partial collapse + one ASIS cycle","S03",55,1,FALSE,"standard","terminal_width",10,0.00201000759891541
"symmetric_rootwise_one_ASIS",2,"symmetric rootwise partial collapse + one ASIS cycle","S03",55,1,FALSE,"standard","terminal_width",25,0.0396173366336452
"symmetric_rootwise_one_ASIS",2,"symmetric rootwise partial collapse + one ASIS cycle","S03",55,1,FALSE,"standard","terminal_width",50,0.0182228304662072
"symmetric_rootwise_one_ASIS",2,"symmetric rootwise partial collapse + one ASIS cycle","S03",55,1,FALSE,"standard","terminal_midpoint",1,0.272203149558233
"symmetric_rootwise_one_ASIS",2,"symmetric rootwise partial collapse + one ASIS cycle","S03",55,1,FALSE,"standard","terminal_midpoint",5,-0.0187967894364461
"symmetric_rootwise_one_ASIS",2,"symmetric rootwise partial collapse + one ASIS cycle","S03",55,1,FALSE,"standard","terminal_midpoint",10,-0.00635918385186637
"symmetric_rootwise_one_ASIS",2,"symmetric rootwise partial collapse + one ASIS cycle","S03",55,1,FALSE,"standard","terminal_midpoint",25,0.00595870255750931
"symmetric_rootwise_one_ASIS",2,"symmetric rootwise partial collapse + one ASIS cycle","S03",55,1,FALSE,"standard","terminal_midpoint",50,0.0157243353059695
"symmetric_rootwise_one_ASIS",2,"symmetric rootwise partial collapse + one ASIS cycle","S04",91,1,FALSE,"standard","log_q_1",1,0.848204644135916
"symmetric_rootwise_one_ASIS",2,"symmetric rootwise partial collapse + one ASIS cycle","S04",91,1,FALSE,"standard","log_q_1",5,0.544985322531793
"symmetric_rootwise_one_ASIS",2,"symmetric rootwise partial collapse + one ASIS cycle","S04",91,1,FALSE,"standard","log_q_1",10,0.316759749832782
"symmetric_rootwise_one_ASIS",2,"symmetric rootwise partial collapse + one ASIS cycle","S04",91,1,FALSE,"standard","log_q_1",25,0.0229538537148728
"symmetric_rootwise_one_ASIS",2,"symmetric rootwise partial collapse + one ASIS cycle","S04",91,1,FALSE,"standard","log_q_1",50,0.0699452138925953
"symmetric_rootwise_one_ASIS",2,"symmetric rootwise partial collapse + one ASIS cycle","S04",91,1,FALSE,"standard","observed_loss",1,0.43435653985593
"symmetric_rootwise_one_ASIS",2,"symmetric rootwise partial collapse + one ASIS cycle","S04",91,1,FALSE,"standard","observed_loss",5,0.125169325847269
"symmetric_rootwise_one_ASIS",2,"symmetric rootwise partial collapse + one ASIS cycle","S04",91,1,FALSE,"standard","observed_loss",10,0.0291321820982259
"symmetric_rootwise_one_ASIS",2,"symmetric rootwise partial collapse + one ASIS cycle","S04",91,1,FALSE,"standard","observed_loss",25,-0.00848569614414124
"symmetric_rootwise_one_ASIS",2,"symmetric rootwise partial collapse + one ASIS cycle","S04",91,1,FALSE,"standard","observed_loss",50,0.0182728101734378
"symmetric_rootwise_one_ASIS",2,"symmetric rootwise partial collapse + one ASIS cycle","S04",91,1,FALSE,"standard","mean_width",1,0.69445250094549
"symmetric_rootwise_one_ASIS",2,"symmetric rootwise partial collapse + one ASIS cycle","S04",91,1,FALSE,"standard","mean_width",5,0.133877689244103
"symmetric_rootwise_one_ASIS",2,"symmetric rootwise partial collapse + one ASIS cycle","S04",91,1,FALSE,"standard","mean_width",10,0.0351409411135394
"symmetric_rootwise_one_ASIS",2,"symmetric rootwise partial collapse + one ASIS cycle","S04",91,1,FALSE,"standard","mean_width",25,-0.0222357447601773
"symmetric_rootwise_one_ASIS",2,"symmetric rootwise partial collapse + one ASIS cycle","S04",91,1,FALSE,"standard","mean_width",50,-0.0504172725704324
"symmetric_rootwise_one_ASIS",2,"symmetric rootwise partial collapse + one ASIS cycle","S04",91,1,FALSE,"standard","mean_midpoint",1,0.577643582449756
"symmetric_rootwise_one_ASIS",2,"symmetric rootwise partial collapse + one ASIS cycle","S04",91,1,FALSE,"standard","mean_midpoint",5,0.0790698164822251
"symmetric_rootwise_one_ASIS",2,"symmetric rootwise partial collapse + one ASIS cycle","S04",91,1,FALSE,"standard","mean_midpoint",10,0.027562492053956
"symmetric_rootwise_one_ASIS",2,"symmetric rootwise partial collapse + one ASIS cycle","S04",91,1,FALSE,"standard","mean_midpoint",25,0.0263770507842285
"symmetric_rootwise_one_ASIS",2,"symmetric rootwise partial collapse + one ASIS cycle","S04",91,1,FALSE,"standard","mean_midpoint",50,-0.0119699797930473
"symmetric_rootwise_one_ASIS",2,"symmetric rootwise partial collapse + one ASIS cycle","S04",91,1,FALSE,"standard","terminal_width",1,0.466557428080733
"symmetric_rootwise_one_ASIS",2,"symmetric rootwise partial collapse + one ASIS cycle","S04",91,1,FALSE,"standard","terminal_width",5,0.0501461486546877
"symmetric_rootwise_one_ASIS",2,"symmetric rootwise partial collapse + one ASIS cycle","S04",91,1,FALSE,"standard","terminal_width",10,0.0199923846626988
"symmetric_rootwise_one_ASIS",2,"symmetric rootwise partial collapse + one ASIS cycle","S04",91,1,FALSE,"standard","terminal_width",25,-0.0475122227601676
"symmetric_rootwise_one_ASIS",2,"symmetric rootwise partial collapse + one ASIS cycle","S04",91,1,FALSE,"standard","terminal_width",50,0.0044842633178884
"symmetric_rootwise_one_ASIS",2,"symmetric rootwise partial collapse + one ASIS cycle","S04",91,1,FALSE,"standard","terminal_midpoint",1,0.41207557095285
"symmetric_rootwise_one_ASIS",2,"symmetric rootwise partial collapse + one ASIS cycle","S04",91,1,FALSE,"standard","terminal_midpoint",5,0.0199113760971957
"symmetric_rootwise_one_ASIS",2,"symmetric rootwise partial collapse + one ASIS cycle","S04",91,1,FALSE,"standard","terminal_midpoint",10,0.00152177141590139
"symmetric_rootwise_one_ASIS",2,"symmetric rootwise partial collapse + one ASIS cycle","S04",91,1,FALSE,"standard","terminal_midpoint",25,0.0195228065341142
"symmetric_rootwise_one_ASIS",2,"symmetric rootwise partial collapse + one ASIS cycle","S04",91,1,FALSE,"standard","terminal_midpoint",50,-0.0386062807915513
"symmetric_rootwise_one_ASIS",2,"symmetric rootwise partial collapse + one ASIS cycle","S03",165,1,FALSE,"standard","log_q_1",1,0.887014073090245
"symmetric_rootwise_one_ASIS",2,"symmetric rootwise partial collapse + one ASIS cycle","S03",165,1,FALSE,"standard","log_q_1",5,0.632944098017
"symmetric_rootwise_one_ASIS",2,"symmetric rootwise partial collapse + one ASIS cycle","S03",165,1,FALSE,"standard","log_q_1",10,0.411301023773185
"symmetric_rootwise_one_ASIS",2,"symmetric rootwise partial collapse + one ASIS cycle","S03",165,1,FALSE,"standard","log_q_1",25,0.13925533424357
"symmetric_rootwise_one_ASIS",2,"symmetric rootwise partial collapse + one ASIS cycle","S03",165,1,FALSE,"standard","log_q_1",50,-0.041881849209824
"symmetric_rootwise_one_ASIS",2,"symmetric rootwise partial collapse + one ASIS cycle","S03",165,1,FALSE,"standard","observed_loss",1,0.506217203191422
"symmetric_rootwise_one_ASIS",2,"symmetric rootwise partial collapse + one ASIS cycle","S03",165,1,FALSE,"standard","observed_loss",5,0.279638764689768
"symmetric_rootwise_one_ASIS",2,"symmetric rootwise partial collapse + one ASIS cycle","S03",165,1,FALSE,"standard","observed_loss",10,0.188300723729912
"symmetric_rootwise_one_ASIS",2,"symmetric rootwise partial collapse + one ASIS cycle","S03",165,1,FALSE,"standard","observed_loss",25,0.0708846945077291
"symmetric_rootwise_one_ASIS",2,"symmetric rootwise partial collapse + one ASIS cycle","S03",165,1,FALSE,"standard","observed_loss",50,0.0123189536969486
"symmetric_rootwise_one_ASIS",2,"symmetric rootwise partial collapse + one ASIS cycle","S03",165,1,FALSE,"standard","mean_width",1,0.641418761234398
"symmetric_rootwise_one_ASIS",2,"symmetric rootwise partial collapse + one ASIS cycle","S03",165,1,FALSE,"standard","mean_width",5,0.146030488664182
"symmetric_rootwise_one_ASIS",2,"symmetric rootwise partial collapse + one ASIS cycle","S03",165,1,FALSE,"standard","mean_width",10,0.0703693692172074
"symmetric_rootwise_one_ASIS",2,"symmetric rootwise partial collapse + one ASIS cycle","S03",165,1,FALSE,"standard","mean_width",25,0.016547687349628
"symmetric_rootwise_one_ASIS",2,"symmetric rootwise partial collapse + one ASIS cycle","S03",165,1,FALSE,"standard","mean_width",50,0.00593694918039184
"symmetric_rootwise_one_ASIS",2,"symmetric rootwise partial collapse + one ASIS cycle","S03",165,1,FALSE,"standard","mean_midpoint",1,0.535776136002187
"symmetric_rootwise_one_ASIS",2,"symmetric rootwise partial collapse + one ASIS cycle","S03",165,1,FALSE,"standard","mean_midpoint",5,0.0945404799612713
"symmetric_rootwise_one_ASIS",2,"symmetric rootwise partial collapse + one ASIS cycle","S03",165,1,FALSE,"standard","mean_midpoint",10,0.020268755567932
"symmetric_rootwise_one_ASIS",2,"symmetric rootwise partial collapse + one ASIS cycle","S03",165,1,FALSE,"standard","mean_midpoint",25,0.00246922476447874
"symmetric_rootwise_one_ASIS",2,"symmetric rootwise partial collapse + one ASIS cycle","S03",165,1,FALSE,"standard","mean_midpoint",50,0.00145303236662161
"symmetric_rootwise_one_ASIS",2,"symmetric rootwise partial collapse + one ASIS cycle","S03",165,1,FALSE,"standard","terminal_width",1,0.317697823462185
"symmetric_rootwise_one_ASIS",2,"symmetric rootwise partial collapse + one ASIS cycle","S03",165,1,FALSE,"standard","terminal_width",5,0.00125009528282436
"symmetric_rootwise_one_ASIS",2,"symmetric rootwise partial collapse + one ASIS cycle","S03",165,1,FALSE,"standard","terminal_width",10,0.00404791550951762
"symmetric_rootwise_one_ASIS",2,"symmetric rootwise partial collapse + one ASIS cycle","S03",165,1,FALSE,"standard","terminal_width",25,-0.0274570055539317
"symmetric_rootwise_one_ASIS",2,"symmetric rootwise partial collapse + one ASIS cycle","S03",165,1,FALSE,"standard","terminal_width",50,0.00581812233962129
"symmetric_rootwise_one_ASIS",2,"symmetric rootwise partial collapse + one ASIS cycle","S03",165,1,FALSE,"standard","terminal_midpoint",1,0.24066941695299
"symmetric_rootwise_one_ASIS",2,"symmetric rootwise partial collapse + one ASIS cycle","S03",165,1,FALSE,"standard","terminal_midpoint",5,-0.0161858498038812
"symmetric_rootwise_one_ASIS",2,"symmetric rootwise partial collapse + one ASIS cycle","S03",165,1,FALSE,"standard","terminal_midpoint",10,-0.00612112173209668
"symmetric_rootwise_one_ASIS",2,"symmetric rootwise partial collapse + one ASIS cycle","S03",165,1,FALSE,"standard","terminal_midpoint",25,-0.015523682386671
"symmetric_rootwise_one_ASIS",2,"symmetric rootwise partial collapse + one ASIS cycle","S03",165,1,FALSE,"standard","terminal_midpoint",50,0.0183249038143677
"symmetric_rootwise_one_ASIS",2,"symmetric rootwise partial collapse + one ASIS cycle","S03",89,1,FALSE,"standard","log_q_1",1,0.817546340595272
"symmetric_rootwise_one_ASIS",2,"symmetric rootwise partial collapse + one ASIS cycle","S03",89,1,FALSE,"standard","log_q_1",5,0.418422813210804
"symmetric_rootwise_one_ASIS",2,"symmetric rootwise partial collapse + one ASIS cycle","S03",89,1,FALSE,"standard","log_q_1",10,0.206416849551529
"symmetric_rootwise_one_ASIS",2,"symmetric rootwise partial collapse + one ASIS cycle","S03",89,1,FALSE,"standard","log_q_1",25,0.0690869579500326
"symmetric_rootwise_one_ASIS",2,"symmetric rootwise partial collapse + one ASIS cycle","S03",89,1,FALSE,"standard","log_q_1",50,0.0065564874501577
"symmetric_rootwise_one_ASIS",2,"symmetric rootwise partial collapse + one ASIS cycle","S03",89,1,FALSE,"standard","observed_loss",1,0.309165910668433
"symmetric_rootwise_one_ASIS",2,"symmetric rootwise partial collapse + one ASIS cycle","S03",89,1,FALSE,"standard","observed_loss",5,0.0516429941611851
"symmetric_rootwise_one_ASIS",2,"symmetric rootwise partial collapse + one ASIS cycle","S03",89,1,FALSE,"standard","observed_loss",10,0.0268484197929605
"symmetric_rootwise_one_ASIS",2,"symmetric rootwise partial collapse + one ASIS cycle","S03",89,1,FALSE,"standard","observed_loss",25,0.0171092764560667
"symmetric_rootwise_one_ASIS",2,"symmetric rootwise partial collapse + one ASIS cycle","S03",89,1,FALSE,"standard","observed_loss",50,0.0103914841261338
"symmetric_rootwise_one_ASIS",2,"symmetric rootwise partial collapse + one ASIS cycle","S03",89,1,FALSE,"standard","mean_width",1,0.597330992246027
"symmetric_rootwise_one_ASIS",2,"symmetric rootwise partial collapse + one ASIS cycle","S03",89,1,FALSE,"standard","mean_width",5,0.10516655861444
"symmetric_rootwise_one_ASIS",2,"symmetric rootwise partial collapse + one ASIS cycle","S03",89,1,FALSE,"standard","mean_width",10,-0.00451610757454116
"symmetric_rootwise_one_ASIS",2,"symmetric rootwise partial collapse + one ASIS cycle","S03",89,1,FALSE,"standard","mean_width",25,-0.0062693357265646
"symmetric_rootwise_one_ASIS",2,"symmetric rootwise partial collapse + one ASIS cycle","S03",89,1,FALSE,"standard","mean_width",50,0.00521950648574308
"symmetric_rootwise_one_ASIS",2,"symmetric rootwise partial collapse + one ASIS cycle","S03",89,1,FALSE,"standard","mean_midpoint",1,0.523193855745302
"symmetric_rootwise_one_ASIS",2,"symmetric rootwise partial collapse + one ASIS cycle","S03",89,1,FALSE,"standard","mean_midpoint",5,0.0405338242413508
"symmetric_rootwise_one_ASIS",2,"symmetric rootwise partial collapse + one ASIS cycle","S03",89,1,FALSE,"standard","mean_midpoint",10,0.00926503846078723
"symmetric_rootwise_one_ASIS",2,"symmetric rootwise partial collapse + one ASIS cycle","S03",89,1,FALSE,"standard","mean_midpoint",25,0.0246084055527598
"symmetric_rootwise_one_ASIS",2,"symmetric rootwise partial collapse + one ASIS cycle","S03",89,1,FALSE,"standard","mean_midpoint",50,-0.00833192376201095
"symmetric_rootwise_one_ASIS",2,"symmetric rootwise partial collapse + one ASIS cycle","S03",89,1,FALSE,"standard","terminal_width",1,0.341209751274875
"symmetric_rootwise_one_ASIS",2,"symmetric rootwise partial collapse + one ASIS cycle","S03",89,1,FALSE,"standard","terminal_width",5,0.0142936027249465
"symmetric_rootwise_one_ASIS",2,"symmetric rootwise partial collapse + one ASIS cycle","S03",89,1,FALSE,"standard","terminal_width",10,0.0146486059933504
"symmetric_rootwise_one_ASIS",2,"symmetric rootwise partial collapse + one ASIS cycle","S03",89,1,FALSE,"standard","terminal_width",25,-0.00397387709487177
"symmetric_rootwise_one_ASIS",2,"symmetric rootwise partial collapse + one ASIS cycle","S03",89,1,FALSE,"standard","terminal_width",50,0.00937502606124852
"symmetric_rootwise_one_ASIS",2,"symmetric rootwise partial collapse + one ASIS cycle","S03",89,1,FALSE,"standard","terminal_midpoint",1,0.260568514509991
"symmetric_rootwise_one_ASIS",2,"symmetric rootwise partial collapse + one ASIS cycle","S03",89,1,FALSE,"standard","terminal_midpoint",5,0.0153196770083225
"symmetric_rootwise_one_ASIS",2,"symmetric rootwise partial collapse + one ASIS cycle","S03",89,1,FALSE,"standard","terminal_midpoint",10,-0.0212460164305906
"symmetric_rootwise_one_ASIS",2,"symmetric rootwise partial collapse + one ASIS cycle","S03",89,1,FALSE,"standard","terminal_midpoint",25,0.0217484431458672
"symmetric_rootwise_one_ASIS",2,"symmetric rootwise partial collapse + one ASIS cycle","S03",89,1,FALSE,"standard","terminal_midpoint",50,-0.00703315824223798
"symmetric_rootwise_one_ASIS",2,"symmetric rootwise partial collapse + one ASIS cycle","S04",96,1,TRUE,"A","log_q_1",1,0.804227913375337
"symmetric_rootwise_one_ASIS",2,"symmetric rootwise partial collapse + one ASIS cycle","S04",96,1,TRUE,"A","log_q_1",5,0.418698260993864
"symmetric_rootwise_one_ASIS",2,"symmetric rootwise partial collapse + one ASIS cycle","S04",96,1,TRUE,"A","log_q_1",10,0.191897196375493
"symmetric_rootwise_one_ASIS",2,"symmetric rootwise partial collapse + one ASIS cycle","S04",96,1,TRUE,"A","log_q_1",25,0.0189709520856187
"symmetric_rootwise_one_ASIS",2,"symmetric rootwise partial collapse + one ASIS cycle","S04",96,1,TRUE,"A","log_q_1",50,-0.0383861387046169
"symmetric_rootwise_one_ASIS",2,"symmetric rootwise partial collapse + one ASIS cycle","S04",96,1,TRUE,"A","observed_loss",1,0.319583287059869
"symmetric_rootwise_one_ASIS",2,"symmetric rootwise partial collapse + one ASIS cycle","S04",96,1,TRUE,"A","observed_loss",5,0.0337556741362406
"symmetric_rootwise_one_ASIS",2,"symmetric rootwise partial collapse + one ASIS cycle","S04",96,1,TRUE,"A","observed_loss",10,0.00875118082340793
"symmetric_rootwise_one_ASIS",2,"symmetric rootwise partial collapse + one ASIS cycle","S04",96,1,TRUE,"A","observed_loss",25,-0.0128743337737087
"symmetric_rootwise_one_ASIS",2,"symmetric rootwise partial collapse + one ASIS cycle","S04",96,1,TRUE,"A","observed_loss",50,-0.00819429597619572
"symmetric_rootwise_one_ASIS",2,"symmetric rootwise partial collapse + one ASIS cycle","S04",96,1,TRUE,"A","mean_width",1,0.677242571106243
"symmetric_rootwise_one_ASIS",2,"symmetric rootwise partial collapse + one ASIS cycle","S04",96,1,TRUE,"A","mean_width",5,0.153054807394036
"symmetric_rootwise_one_ASIS",2,"symmetric rootwise partial collapse + one ASIS cycle","S04",96,1,TRUE,"A","mean_width",10,0.0228090736196311
"symmetric_rootwise_one_ASIS",2,"symmetric rootwise partial collapse + one ASIS cycle","S04",96,1,TRUE,"A","mean_width",25,-0.0238695988456624
"symmetric_rootwise_one_ASIS",2,"symmetric rootwise partial collapse + one ASIS cycle","S04",96,1,TRUE,"A","mean_width",50,-0.0527342710318996
"symmetric_rootwise_one_ASIS",2,"symmetric rootwise partial collapse + one ASIS cycle","S04",96,1,TRUE,"A","mean_midpoint",1,0.567805031342984
"symmetric_rootwise_one_ASIS",2,"symmetric rootwise partial collapse + one ASIS cycle","S04",96,1,TRUE,"A","mean_midpoint",5,0.0726419165103855
"symmetric_rootwise_one_ASIS",2,"symmetric rootwise partial collapse + one ASIS cycle","S04",96,1,TRUE,"A","mean_midpoint",10,0.0160662733112438
"symmetric_rootwise_one_ASIS",2,"symmetric rootwise partial collapse + one ASIS cycle","S04",96,1,TRUE,"A","mean_midpoint",25,-0.00298019624108186
"symmetric_rootwise_one_ASIS",2,"symmetric rootwise partial collapse + one ASIS cycle","S04",96,1,TRUE,"A","mean_midpoint",50,0.0311944470058413
"symmetric_rootwise_one_ASIS",2,"symmetric rootwise partial collapse + one ASIS cycle","S04",96,1,TRUE,"A","terminal_width",1,0.412966715713015
"symmetric_rootwise_one_ASIS",2,"symmetric rootwise partial collapse + one ASIS cycle","S04",96,1,TRUE,"A","terminal_width",5,0.0286009212835794
"symmetric_rootwise_one_ASIS",2,"symmetric rootwise partial collapse + one ASIS cycle","S04",96,1,TRUE,"A","terminal_width",10,-0.00311080732668576
"symmetric_rootwise_one_ASIS",2,"symmetric rootwise partial collapse + one ASIS cycle","S04",96,1,TRUE,"A","terminal_width",25,0.00965363478874675
"symmetric_rootwise_one_ASIS",2,"symmetric rootwise partial collapse + one ASIS cycle","S04",96,1,TRUE,"A","terminal_width",50,-0.0188265067391801
"symmetric_rootwise_one_ASIS",2,"symmetric rootwise partial collapse + one ASIS cycle","S04",96,1,TRUE,"A","terminal_midpoint",1,0.27721635040493
"symmetric_rootwise_one_ASIS",2,"symmetric rootwise partial collapse + one ASIS cycle","S04",96,1,TRUE,"A","terminal_midpoint",5,0.0159427244836029
"symmetric_rootwise_one_ASIS",2,"symmetric rootwise partial collapse + one ASIS cycle","S04",96,1,TRUE,"A","terminal_midpoint",10,0.000182869066242624
"symmetric_rootwise_one_ASIS",2,"symmetric rootwise partial collapse + one ASIS cycle","S04",96,1,TRUE,"A","terminal_midpoint",25,0.0157609477972334
"symmetric_rootwise_one_ASIS",2,"symmetric rootwise partial collapse + one ASIS cycle","S04",96,1,TRUE,"A","terminal_midpoint",50,-0.00364678231031934
"symmetric_rootwise_one_ASIS",2,"symmetric rootwise partial collapse + one ASIS cycle","S04",96,2,TRUE,"B","log_q_1",1,0.814224833169683
"symmetric_rootwise_one_ASIS",2,"symmetric rootwise partial collapse + one ASIS cycle","S04",96,2,TRUE,"B","log_q_1",5,0.428052006108981
"symmetric_rootwise_one_ASIS",2,"symmetric rootwise partial collapse + one ASIS cycle","S04",96,2,TRUE,"B","log_q_1",10,0.217294784620053
"symmetric_rootwise_one_ASIS",2,"symmetric rootwise partial collapse + one ASIS cycle","S04",96,2,TRUE,"B","log_q_1",25,0.013446341487318
"symmetric_rootwise_one_ASIS",2,"symmetric rootwise partial collapse + one ASIS cycle","S04",96,2,TRUE,"B","log_q_1",50,0.0425236547231759
"symmetric_rootwise_one_ASIS",2,"symmetric rootwise partial collapse + one ASIS cycle","S04",96,2,TRUE,"B","observed_loss",1,0.335495089333187
"symmetric_rootwise_one_ASIS",2,"symmetric rootwise partial collapse + one ASIS cycle","S04",96,2,TRUE,"B","observed_loss",5,0.0557770001977551
"symmetric_rootwise_one_ASIS",2,"symmetric rootwise partial collapse + one ASIS cycle","S04",96,2,TRUE,"B","observed_loss",10,0.0141904943291705
"symmetric_rootwise_one_ASIS",2,"symmetric rootwise partial collapse + one ASIS cycle","S04",96,2,TRUE,"B","observed_loss",25,-0.00473626032274453
"symmetric_rootwise_one_ASIS",2,"symmetric rootwise partial collapse + one ASIS cycle","S04",96,2,TRUE,"B","observed_loss",50,0.00590193793819302
"symmetric_rootwise_one_ASIS",2,"symmetric rootwise partial collapse + one ASIS cycle","S04",96,2,TRUE,"B","mean_width",1,0.68418364422356
"symmetric_rootwise_one_ASIS",2,"symmetric rootwise partial collapse + one ASIS cycle","S04",96,2,TRUE,"B","mean_width",5,0.198915472827813
"symmetric_rootwise_one_ASIS",2,"symmetric rootwise partial collapse + one ASIS cycle","S04",96,2,TRUE,"B","mean_width",10,0.0465478062873627
"symmetric_rootwise_one_ASIS",2,"symmetric rootwise partial collapse + one ASIS cycle","S04",96,2,TRUE,"B","mean_width",25,0.0389213999686806
"symmetric_rootwise_one_ASIS",2,"symmetric rootwise partial collapse + one ASIS cycle","S04",96,2,TRUE,"B","mean_width",50,0.0424471094484213
"symmetric_rootwise_one_ASIS",2,"symmetric rootwise partial collapse + one ASIS cycle","S04",96,2,TRUE,"B","mean_midpoint",1,0.546661458116982
"symmetric_rootwise_one_ASIS",2,"symmetric rootwise partial collapse + one ASIS cycle","S04",96,2,TRUE,"B","mean_midpoint",5,0.0750463199384839
"symmetric_rootwise_one_ASIS",2,"symmetric rootwise partial collapse + one ASIS cycle","S04",96,2,TRUE,"B","mean_midpoint",10,0.0277504251259514
"symmetric_rootwise_one_ASIS",2,"symmetric rootwise partial collapse + one ASIS cycle","S04",96,2,TRUE,"B","mean_midpoint",25,0.0110218837904636
"symmetric_rootwise_one_ASIS",2,"symmetric rootwise partial collapse + one ASIS cycle","S04",96,2,TRUE,"B","mean_midpoint",50,0.000718202235811633
"symmetric_rootwise_one_ASIS",2,"symmetric rootwise partial collapse + one ASIS cycle","S04",96,2,TRUE,"B","terminal_width",1,0.418292690091772
"symmetric_rootwise_one_ASIS",2,"symmetric rootwise partial collapse + one ASIS cycle","S04",96,2,TRUE,"B","terminal_width",5,0.0537860317454664
"symmetric_rootwise_one_ASIS",2,"symmetric rootwise partial collapse + one ASIS cycle","S04",96,2,TRUE,"B","terminal_width",10,0.00509157365342886
"symmetric_rootwise_one_ASIS",2,"symmetric rootwise partial collapse + one ASIS cycle","S04",96,2,TRUE,"B","terminal_width",25,0.0293431777421844
"symmetric_rootwise_one_ASIS",2,"symmetric rootwise partial collapse + one ASIS cycle","S04",96,2,TRUE,"B","terminal_width",50,0.0263904059187563
"symmetric_rootwise_one_ASIS",2,"symmetric rootwise partial collapse + one ASIS cycle","S04",96,2,TRUE,"B","terminal_midpoint",1,0.293629570328733
"symmetric_rootwise_one_ASIS",2,"symmetric rootwise partial collapse + one ASIS cycle","S04",96,2,TRUE,"B","terminal_midpoint",5,0.0159534559966317
"symmetric_rootwise_one_ASIS",2,"symmetric rootwise partial collapse + one ASIS cycle","S04",96,2,TRUE,"B","terminal_midpoint",10,0.0001205072877519
"symmetric_rootwise_one_ASIS",2,"symmetric rootwise partial collapse + one ASIS cycle","S04",96,2,TRUE,"B","terminal_midpoint",25,-0.029783996037591
"symmetric_rootwise_one_ASIS",2,"symmetric rootwise partial collapse + one ASIS cycle","S04",96,2,TRUE,"B","terminal_midpoint",50,-0.00192734504414241
"symmetric_rootwise_one_ASIS",2,"symmetric rootwise partial collapse + one ASIS cycle","S04",96,3,TRUE,"C","log_q_1",1,0.809706756176674
"symmetric_rootwise_one_ASIS",2,"symmetric rootwise partial collapse + one ASIS cycle","S04",96,3,TRUE,"C","log_q_1",5,0.429646459146245
"symmetric_rootwise_one_ASIS",2,"symmetric rootwise partial collapse + one ASIS cycle","S04",96,3,TRUE,"C","log_q_1",10,0.216958276801213
"symmetric_rootwise_one_ASIS",2,"symmetric rootwise partial collapse + one ASIS cycle","S04",96,3,TRUE,"C","log_q_1",25,-0.00811627982172003
"symmetric_rootwise_one_ASIS",2,"symmetric rootwise partial collapse + one ASIS cycle","S04",96,3,TRUE,"C","log_q_1",50,0.00234683482680341
"symmetric_rootwise_one_ASIS",2,"symmetric rootwise partial collapse + one ASIS cycle","S04",96,3,TRUE,"C","observed_loss",1,0.328284196249442
"symmetric_rootwise_one_ASIS",2,"symmetric rootwise partial collapse + one ASIS cycle","S04",96,3,TRUE,"C","observed_loss",5,0.0502575947597187
"symmetric_rootwise_one_ASIS",2,"symmetric rootwise partial collapse + one ASIS cycle","S04",96,3,TRUE,"C","observed_loss",10,0.0276437261655861
"symmetric_rootwise_one_ASIS",2,"symmetric rootwise partial collapse + one ASIS cycle","S04",96,3,TRUE,"C","observed_loss",25,-0.0159283276493908
"symmetric_rootwise_one_ASIS",2,"symmetric rootwise partial collapse + one ASIS cycle","S04",96,3,TRUE,"C","observed_loss",50,-0.0172353509271471
"symmetric_rootwise_one_ASIS",2,"symmetric rootwise partial collapse + one ASIS cycle","S04",96,3,TRUE,"C","mean_width",1,0.674301967167647
"symmetric_rootwise_one_ASIS",2,"symmetric rootwise partial collapse + one ASIS cycle","S04",96,3,TRUE,"C","mean_width",5,0.159678181100783
"symmetric_rootwise_one_ASIS",2,"symmetric rootwise partial collapse + one ASIS cycle","S04",96,3,TRUE,"C","mean_width",10,0.0347603974498528
"symmetric_rootwise_one_ASIS",2,"symmetric rootwise partial collapse + one ASIS cycle","S04",96,3,TRUE,"C","mean_width",25,-0.0313410282477125
"symmetric_rootwise_one_ASIS",2,"symmetric rootwise partial collapse + one ASIS cycle","S04",96,3,TRUE,"C","mean_width",50,-0.0450625826572242
"symmetric_rootwise_one_ASIS",2,"symmetric rootwise partial collapse + one ASIS cycle","S04",96,3,TRUE,"C","mean_midpoint",1,0.566325365565419
"symmetric_rootwise_one_ASIS",2,"symmetric rootwise partial collapse + one ASIS cycle","S04",96,3,TRUE,"C","mean_midpoint",5,0.0816755549810645
"symmetric_rootwise_one_ASIS",2,"symmetric rootwise partial collapse + one ASIS cycle","S04",96,3,TRUE,"C","mean_midpoint",10,0.015742305671925
"symmetric_rootwise_one_ASIS",2,"symmetric rootwise partial collapse + one ASIS cycle","S04",96,3,TRUE,"C","mean_midpoint",25,-0.015246146848485
"symmetric_rootwise_one_ASIS",2,"symmetric rootwise partial collapse + one ASIS cycle","S04",96,3,TRUE,"C","mean_midpoint",50,0.0167008284541857
"symmetric_rootwise_one_ASIS",2,"symmetric rootwise partial collapse + one ASIS cycle","S04",96,3,TRUE,"C","terminal_width",1,0.430609983259594
"symmetric_rootwise_one_ASIS",2,"symmetric rootwise partial collapse + one ASIS cycle","S04",96,3,TRUE,"C","terminal_width",5,0.0487373424400472
"symmetric_rootwise_one_ASIS",2,"symmetric rootwise partial collapse + one ASIS cycle","S04",96,3,TRUE,"C","terminal_width",10,0.0172380198485883
"symmetric_rootwise_one_ASIS",2,"symmetric rootwise partial collapse + one ASIS cycle","S04",96,3,TRUE,"C","terminal_width",25,-0.0064752885133874
"symmetric_rootwise_one_ASIS",2,"symmetric rootwise partial collapse + one ASIS cycle","S04",96,3,TRUE,"C","terminal_width",50,-0.026966472419352
"symmetric_rootwise_one_ASIS",2,"symmetric rootwise partial collapse + one ASIS cycle","S04",96,3,TRUE,"C","terminal_midpoint",1,0.255668208811162
"symmetric_rootwise_one_ASIS",2,"symmetric rootwise partial collapse + one ASIS cycle","S04",96,3,TRUE,"C","terminal_midpoint",5,0.00840211723889107
"symmetric_rootwise_one_ASIS",2,"symmetric rootwise partial collapse + one ASIS cycle","S04",96,3,TRUE,"C","terminal_midpoint",10,0.00982831620367436
"symmetric_rootwise_one_ASIS",2,"symmetric rootwise partial collapse + one ASIS cycle","S04",96,3,TRUE,"C","terminal_midpoint",25,0.0220303170947636
"symmetric_rootwise_one_ASIS",2,"symmetric rootwise partial collapse + one ASIS cycle","S04",96,3,TRUE,"C","terminal_midpoint",50,0.0245645549688262
"symmetric_rootwise_one_ASIS",2,"symmetric rootwise partial collapse + one ASIS cycle","S04",96,4,TRUE,"D","log_q_1",1,0.814397674004264
"symmetric_rootwise_one_ASIS",2,"symmetric rootwise partial collapse + one ASIS cycle","S04",96,4,TRUE,"D","log_q_1",5,0.447701603766492
"symmetric_rootwise_one_ASIS",2,"symmetric rootwise partial collapse + one ASIS cycle","S04",96,4,TRUE,"D","log_q_1",10,0.22214303953713
"symmetric_rootwise_one_ASIS",2,"symmetric rootwise partial collapse + one ASIS cycle","S04",96,4,TRUE,"D","log_q_1",25,-0.0341319055948595
"symmetric_rootwise_one_ASIS",2,"symmetric rootwise partial collapse + one ASIS cycle","S04",96,4,TRUE,"D","log_q_1",50,-0.00729745911547629
"symmetric_rootwise_one_ASIS",2,"symmetric rootwise partial collapse + one ASIS cycle","S04",96,4,TRUE,"D","observed_loss",1,0.314632006277785
"symmetric_rootwise_one_ASIS",2,"symmetric rootwise partial collapse + one ASIS cycle","S04",96,4,TRUE,"D","observed_loss",5,0.0146258408989632
"symmetric_rootwise_one_ASIS",2,"symmetric rootwise partial collapse + one ASIS cycle","S04",96,4,TRUE,"D","observed_loss",10,0.023478637308619
"symmetric_rootwise_one_ASIS",2,"symmetric rootwise partial collapse + one ASIS cycle","S04",96,4,TRUE,"D","observed_loss",25,0.00522158752960068
"symmetric_rootwise_one_ASIS",2,"symmetric rootwise partial collapse + one ASIS cycle","S04",96,4,TRUE,"D","observed_loss",50,0.0164616165700976
"symmetric_rootwise_one_ASIS",2,"symmetric rootwise partial collapse + one ASIS cycle","S04",96,4,TRUE,"D","mean_width",1,0.677290260607487
"symmetric_rootwise_one_ASIS",2,"symmetric rootwise partial collapse + one ASIS cycle","S04",96,4,TRUE,"D","mean_width",5,0.149203561912117
"symmetric_rootwise_one_ASIS",2,"symmetric rootwise partial collapse + one ASIS cycle","S04",96,4,TRUE,"D","mean_width",10,0.00107326576491656
"symmetric_rootwise_one_ASIS",2,"symmetric rootwise partial collapse + one ASIS cycle","S04",96,4,TRUE,"D","mean_width",25,0.0249351391106196
"symmetric_rootwise_one_ASIS",2,"symmetric rootwise partial collapse + one ASIS cycle","S04",96,4,TRUE,"D","mean_width",50,0.0337333725156365
"symmetric_rootwise_one_ASIS",2,"symmetric rootwise partial collapse + one ASIS cycle","S04",96,4,TRUE,"D","mean_midpoint",1,0.566963300889521
"symmetric_rootwise_one_ASIS",2,"symmetric rootwise partial collapse + one ASIS cycle","S04",96,4,TRUE,"D","mean_midpoint",5,0.0900247737700239
"symmetric_rootwise_one_ASIS",2,"symmetric rootwise partial collapse + one ASIS cycle","S04",96,4,TRUE,"D","mean_midpoint",10,0.041114083958905
"symmetric_rootwise_one_ASIS",2,"symmetric rootwise partial collapse + one ASIS cycle","S04",96,4,TRUE,"D","mean_midpoint",25,0.000839371327041591
"symmetric_rootwise_one_ASIS",2,"symmetric rootwise partial collapse + one ASIS cycle","S04",96,4,TRUE,"D","mean_midpoint",50,-0.00833933560970478
"symmetric_rootwise_one_ASIS",2,"symmetric rootwise partial collapse + one ASIS cycle","S04",96,4,TRUE,"D","terminal_width",1,0.393421285174956
"symmetric_rootwise_one_ASIS",2,"symmetric rootwise partial collapse + one ASIS cycle","S04",96,4,TRUE,"D","terminal_width",5,0.0485075758547063
"symmetric_rootwise_one_ASIS",2,"symmetric rootwise partial collapse + one ASIS cycle","S04",96,4,TRUE,"D","terminal_width",10,-0.000193921934209095
"symmetric_rootwise_one_ASIS",2,"symmetric rootwise partial collapse + one ASIS cycle","S04",96,4,TRUE,"D","terminal_width",25,0.0202571817386334
"symmetric_rootwise_one_ASIS",2,"symmetric rootwise partial collapse + one ASIS cycle","S04",96,4,TRUE,"D","terminal_width",50,0.00440407988209
"symmetric_rootwise_one_ASIS",2,"symmetric rootwise partial collapse + one ASIS cycle","S04",96,4,TRUE,"D","terminal_midpoint",1,0.299487883451604
"symmetric_rootwise_one_ASIS",2,"symmetric rootwise partial collapse + one ASIS cycle","S04",96,4,TRUE,"D","terminal_midpoint",5,0.0199031095670895
"symmetric_rootwise_one_ASIS",2,"symmetric rootwise partial collapse + one ASIS cycle","S04",96,4,TRUE,"D","terminal_midpoint",10,0.0244904851748711
"symmetric_rootwise_one_ASIS",2,"symmetric rootwise partial collapse + one ASIS cycle","S04",96,4,TRUE,"D","terminal_midpoint",25,-0.00698046983723649
"symmetric_rootwise_one_ASIS",2,"symmetric rootwise partial collapse + one ASIS cycle","S04",96,4,TRUE,"D","terminal_midpoint",50,-0.00443959554762322
"symmetric_rootwise_one_ASIS",2,"symmetric rootwise partial collapse + one ASIS cycle","S03",166,1,FALSE,"standard","log_q_1",1,0.832599595731991
"symmetric_rootwise_one_ASIS",2,"symmetric rootwise partial collapse + one ASIS cycle","S03",166,1,FALSE,"standard","log_q_1",5,0.483289955910216
"symmetric_rootwise_one_ASIS",2,"symmetric rootwise partial collapse + one ASIS cycle","S03",166,1,FALSE,"standard","log_q_1",10,0.260209716084257
"symmetric_rootwise_one_ASIS",2,"symmetric rootwise partial collapse + one ASIS cycle","S03",166,1,FALSE,"standard","log_q_1",25,0.0692955194159437
"symmetric_rootwise_one_ASIS",2,"symmetric rootwise partial collapse + one ASIS cycle","S03",166,1,FALSE,"standard","log_q_1",50,0.061729096068667
"symmetric_rootwise_one_ASIS",2,"symmetric rootwise partial collapse + one ASIS cycle","S03",166,1,FALSE,"standard","observed_loss",1,0.395029911035486
"symmetric_rootwise_one_ASIS",2,"symmetric rootwise partial collapse + one ASIS cycle","S03",166,1,FALSE,"standard","observed_loss",5,0.135032259853243
"symmetric_rootwise_one_ASIS",2,"symmetric rootwise partial collapse + one ASIS cycle","S03",166,1,FALSE,"standard","observed_loss",10,0.0602068577335369
"symmetric_rootwise_one_ASIS",2,"symmetric rootwise partial collapse + one ASIS cycle","S03",166,1,FALSE,"standard","observed_loss",25,0.0204900654788435
"symmetric_rootwise_one_ASIS",2,"symmetric rootwise partial collapse + one ASIS cycle","S03",166,1,FALSE,"standard","observed_loss",50,0.0121595577754027
"symmetric_rootwise_one_ASIS",2,"symmetric rootwise partial collapse + one ASIS cycle","S03",166,1,FALSE,"standard","mean_width",1,0.616447529680853
"symmetric_rootwise_one_ASIS",2,"symmetric rootwise partial collapse + one ASIS cycle","S03",166,1,FALSE,"standard","mean_width",5,0.113391656717723
"symmetric_rootwise_one_ASIS",2,"symmetric rootwise partial collapse + one ASIS cycle","S03",166,1,FALSE,"standard","mean_width",10,0.024339441384892
"symmetric_rootwise_one_ASIS",2,"symmetric rootwise partial collapse + one ASIS cycle","S03",166,1,FALSE,"standard","mean_width",25,0.0151570529368994
"symmetric_rootwise_one_ASIS",2,"symmetric rootwise partial collapse + one ASIS cycle","S03",166,1,FALSE,"standard","mean_width",50,0.0171479041232214
"symmetric_rootwise_one_ASIS",2,"symmetric rootwise partial collapse + one ASIS cycle","S03",166,1,FALSE,"standard","mean_midpoint",1,0.503617374095467
"symmetric_rootwise_one_ASIS",2,"symmetric rootwise partial collapse + one ASIS cycle","S03",166,1,FALSE,"standard","mean_midpoint",5,0.0309812894236719
"symmetric_rootwise_one_ASIS",2,"symmetric rootwise partial collapse + one ASIS cycle","S03",166,1,FALSE,"standard","mean_midpoint",10,-0.00308062377883876
"symmetric_rootwise_one_ASIS",2,"symmetric rootwise partial collapse + one ASIS cycle","S03",166,1,FALSE,"standard","mean_midpoint",25,0.0145843512464255
"symmetric_rootwise_one_ASIS",2,"symmetric rootwise partial collapse + one ASIS cycle","S03",166,1,FALSE,"standard","mean_midpoint",50,-0.018454542730974
"symmetric_rootwise_one_ASIS",2,"symmetric rootwise partial collapse + one ASIS cycle","S03",166,1,FALSE,"standard","terminal_width",1,0.395391049467513
"symmetric_rootwise_one_ASIS",2,"symmetric rootwise partial collapse + one ASIS cycle","S03",166,1,FALSE,"standard","terminal_width",5,0.0788610531932657
"symmetric_rootwise_one_ASIS",2,"symmetric rootwise partial collapse + one ASIS cycle","S03",166,1,FALSE,"standard","terminal_width",10,0.00141350799774373
"symmetric_rootwise_one_ASIS",2,"symmetric rootwise partial collapse + one ASIS cycle","S03",166,1,FALSE,"standard","terminal_width",25,-0.00937099863565891
"symmetric_rootwise_one_ASIS",2,"symmetric rootwise partial collapse + one ASIS cycle","S03",166,1,FALSE,"standard","terminal_width",50,0.0126221315728689
"symmetric_rootwise_one_ASIS",2,"symmetric rootwise partial collapse + one ASIS cycle","S03",166,1,FALSE,"standard","terminal_midpoint",1,0.352422655304581
"symmetric_rootwise_one_ASIS",2,"symmetric rootwise partial collapse + one ASIS cycle","S03",166,1,FALSE,"standard","terminal_midpoint",5,0.0359223947196673
"symmetric_rootwise_one_ASIS",2,"symmetric rootwise partial collapse + one ASIS cycle","S03",166,1,FALSE,"standard","terminal_midpoint",10,0.0102101935364251
"symmetric_rootwise_one_ASIS",2,"symmetric rootwise partial collapse + one ASIS cycle","S03",166,1,FALSE,"standard","terminal_midpoint",25,-0.000244467427674429
"symmetric_rootwise_one_ASIS",2,"symmetric rootwise partial collapse + one ASIS cycle","S03",166,1,FALSE,"standard","terminal_midpoint",50,0.00936043646062117
"symmetric_rootwise_one_ASIS",2,"symmetric rootwise partial collapse + one ASIS cycle","S03",90,1,FALSE,"standard","log_q_1",1,0.867588425294487
"symmetric_rootwise_one_ASIS",2,"symmetric rootwise partial collapse + one ASIS cycle","S03",90,1,FALSE,"standard","log_q_1",5,0.547020757049169
"symmetric_rootwise_one_ASIS",2,"symmetric rootwise partial collapse + one ASIS cycle","S03",90,1,FALSE,"standard","log_q_1",10,0.300304164388168
"symmetric_rootwise_one_ASIS",2,"symmetric rootwise partial collapse + one ASIS cycle","S03",90,1,FALSE,"standard","log_q_1",25,0.0565015477311303
"symmetric_rootwise_one_ASIS",2,"symmetric rootwise partial collapse + one ASIS cycle","S03",90,1,FALSE,"standard","log_q_1",50,-0.0100653071404908
"symmetric_rootwise_one_ASIS",2,"symmetric rootwise partial collapse + one ASIS cycle","S03",90,1,FALSE,"standard","observed_loss",1,0.314075856456443
"symmetric_rootwise_one_ASIS",2,"symmetric rootwise partial collapse + one ASIS cycle","S03",90,1,FALSE,"standard","observed_loss",5,0.0806991032925878
"symmetric_rootwise_one_ASIS",2,"symmetric rootwise partial collapse + one ASIS cycle","S03",90,1,FALSE,"standard","observed_loss",10,0.0603876268295273
"symmetric_rootwise_one_ASIS",2,"symmetric rootwise partial collapse + one ASIS cycle","S03",90,1,FALSE,"standard","observed_loss",25,-0.0180108839933106
"symmetric_rootwise_one_ASIS",2,"symmetric rootwise partial collapse + one ASIS cycle","S03",90,1,FALSE,"standard","observed_loss",50,0.000938957579296965
"symmetric_rootwise_one_ASIS",2,"symmetric rootwise partial collapse + one ASIS cycle","S03",90,1,FALSE,"standard","mean_width",1,0.602418220021104
"symmetric_rootwise_one_ASIS",2,"symmetric rootwise partial collapse + one ASIS cycle","S03",90,1,FALSE,"standard","mean_width",5,0.0853693095673542
"symmetric_rootwise_one_ASIS",2,"symmetric rootwise partial collapse + one ASIS cycle","S03",90,1,FALSE,"standard","mean_width",10,0.00895355116521165
"symmetric_rootwise_one_ASIS",2,"symmetric rootwise partial collapse + one ASIS cycle","S03",90,1,FALSE,"standard","mean_width",25,-0.0101057971971587
"symmetric_rootwise_one_ASIS",2,"symmetric rootwise partial collapse + one ASIS cycle","S03",90,1,FALSE,"standard","mean_width",50,0.0116008991103585
"symmetric_rootwise_one_ASIS",2,"symmetric rootwise partial collapse + one ASIS cycle","S03",90,1,FALSE,"standard","mean_midpoint",1,0.491334864802299
"symmetric_rootwise_one_ASIS",2,"symmetric rootwise partial collapse + one ASIS cycle","S03",90,1,FALSE,"standard","mean_midpoint",5,0.0601967507121709
"symmetric_rootwise_one_ASIS",2,"symmetric rootwise partial collapse + one ASIS cycle","S03",90,1,FALSE,"standard","mean_midpoint",10,0.010783884481958
"symmetric_rootwise_one_ASIS",2,"symmetric rootwise partial collapse + one ASIS cycle","S03",90,1,FALSE,"standard","mean_midpoint",25,0.0197420404857038
"symmetric_rootwise_one_ASIS",2,"symmetric rootwise partial collapse + one ASIS cycle","S03",90,1,FALSE,"standard","mean_midpoint",50,-0.0219793508956729
"symmetric_rootwise_one_ASIS",2,"symmetric rootwise partial collapse + one ASIS cycle","S03",90,1,FALSE,"standard","terminal_width",1,0.37279144157756
"symmetric_rootwise_one_ASIS",2,"symmetric rootwise partial collapse + one ASIS cycle","S03",90,1,FALSE,"standard","terminal_width",5,0.0358788471480531
"symmetric_rootwise_one_ASIS",2,"symmetric rootwise partial collapse + one ASIS cycle","S03",90,1,FALSE,"standard","terminal_width",10,0.0267333223783952
"symmetric_rootwise_one_ASIS",2,"symmetric rootwise partial collapse + one ASIS cycle","S03",90,1,FALSE,"standard","terminal_width",25,0.00528876540257838
"symmetric_rootwise_one_ASIS",2,"symmetric rootwise partial collapse + one ASIS cycle","S03",90,1,FALSE,"standard","terminal_width",50,0.00695138031410745
"symmetric_rootwise_one_ASIS",2,"symmetric rootwise partial collapse + one ASIS cycle","S03",90,1,FALSE,"standard","terminal_midpoint",1,0.24215966994924
"symmetric_rootwise_one_ASIS",2,"symmetric rootwise partial collapse + one ASIS cycle","S03",90,1,FALSE,"standard","terminal_midpoint",5,0.0262471338306576
"symmetric_rootwise_one_ASIS",2,"symmetric rootwise partial collapse + one ASIS cycle","S03",90,1,FALSE,"standard","terminal_midpoint",10,0.00356491946111858
"symmetric_rootwise_one_ASIS",2,"symmetric rootwise partial collapse + one ASIS cycle","S03",90,1,FALSE,"standard","terminal_midpoint",25,0.0219289339390824
"symmetric_rootwise_one_ASIS",2,"symmetric rootwise partial collapse + one ASIS cycle","S03",90,1,FALSE,"standard","terminal_midpoint",50,1.91275889383777e-05
"symmetric_rootwise_one_ASIS",2,"symmetric rootwise partial collapse + one ASIS cycle","S04",150,1,FALSE,"standard","log_q_1",1,0.837188119326653
"symmetric_rootwise_one_ASIS",2,"symmetric rootwise partial collapse + one ASIS cycle","S04",150,1,FALSE,"standard","log_q_1",5,0.495884587243984
"symmetric_rootwise_one_ASIS",2,"symmetric rootwise partial collapse + one ASIS cycle","S04",150,1,FALSE,"standard","log_q_1",10,0.262655840583607
"symmetric_rootwise_one_ASIS",2,"symmetric rootwise partial collapse + one ASIS cycle","S04",150,1,FALSE,"standard","log_q_1",25,0.0344635979406836
"symmetric_rootwise_one_ASIS",2,"symmetric rootwise partial collapse + one ASIS cycle","S04",150,1,FALSE,"standard","log_q_1",50,-0.0144857141148474
"symmetric_rootwise_one_ASIS",2,"symmetric rootwise partial collapse + one ASIS cycle","S04",150,1,FALSE,"standard","observed_loss",1,0.393473535178937
"symmetric_rootwise_one_ASIS",2,"symmetric rootwise partial collapse + one ASIS cycle","S04",150,1,FALSE,"standard","observed_loss",5,0.0903322569046196
"symmetric_rootwise_one_ASIS",2,"symmetric rootwise partial collapse + one ASIS cycle","S04",150,1,FALSE,"standard","observed_loss",10,0.0635382586299284
"symmetric_rootwise_one_ASIS",2,"symmetric rootwise partial collapse + one ASIS cycle","S04",150,1,FALSE,"standard","observed_loss",25,0.0083170671510769
"symmetric_rootwise_one_ASIS",2,"symmetric rootwise partial collapse + one ASIS cycle","S04",150,1,FALSE,"standard","observed_loss",50,-0.0228607795529654
"symmetric_rootwise_one_ASIS",2,"symmetric rootwise partial collapse + one ASIS cycle","S04",150,1,FALSE,"standard","mean_width",1,0.694085018182949
"symmetric_rootwise_one_ASIS",2,"symmetric rootwise partial collapse + one ASIS cycle","S04",150,1,FALSE,"standard","mean_width",5,0.173362823785987
"symmetric_rootwise_one_ASIS",2,"symmetric rootwise partial collapse + one ASIS cycle","S04",150,1,FALSE,"standard","mean_width",10,0.0314849279145156
"symmetric_rootwise_one_ASIS",2,"symmetric rootwise partial collapse + one ASIS cycle","S04",150,1,FALSE,"standard","mean_width",25,-0.00915457490617215
"symmetric_rootwise_one_ASIS",2,"symmetric rootwise partial collapse + one ASIS cycle","S04",150,1,FALSE,"standard","mean_width",50,-0.0354555511818854
"symmetric_rootwise_one_ASIS",2,"symmetric rootwise partial collapse + one ASIS cycle","S04",150,1,FALSE,"standard","mean_midpoint",1,0.540162772015293
"symmetric_rootwise_one_ASIS",2,"symmetric rootwise partial collapse + one ASIS cycle","S04",150,1,FALSE,"standard","mean_midpoint",5,0.0767119913620083
"symmetric_rootwise_one_ASIS",2,"symmetric rootwise partial collapse + one ASIS cycle","S04",150,1,FALSE,"standard","mean_midpoint",10,-0.0175935518088084
"symmetric_rootwise_one_ASIS",2,"symmetric rootwise partial collapse + one ASIS cycle","S04",150,1,FALSE,"standard","mean_midpoint",25,0.00356827532335945
"symmetric_rootwise_one_ASIS",2,"symmetric rootwise partial collapse + one ASIS cycle","S04",150,1,FALSE,"standard","mean_midpoint",50,-0.0185790133297788
"symmetric_rootwise_one_ASIS",2,"symmetric rootwise partial collapse + one ASIS cycle","S04",150,1,FALSE,"standard","terminal_width",1,0.37192461006478
"symmetric_rootwise_one_ASIS",2,"symmetric rootwise partial collapse + one ASIS cycle","S04",150,1,FALSE,"standard","terminal_width",5,0.0266756943725407
"symmetric_rootwise_one_ASIS",2,"symmetric rootwise partial collapse + one ASIS cycle","S04",150,1,FALSE,"standard","terminal_width",10,0.0105354375146978
"symmetric_rootwise_one_ASIS",2,"symmetric rootwise partial collapse + one ASIS cycle","S04",150,1,FALSE,"standard","terminal_width",25,-0.000696054856839445
"symmetric_rootwise_one_ASIS",2,"symmetric rootwise partial collapse + one ASIS cycle","S04",150,1,FALSE,"standard","terminal_width",50,-0.00352877715941022
"symmetric_rootwise_one_ASIS",2,"symmetric rootwise partial collapse + one ASIS cycle","S04",150,1,FALSE,"standard","terminal_midpoint",1,0.292450891400319
"symmetric_rootwise_one_ASIS",2,"symmetric rootwise partial collapse + one ASIS cycle","S04",150,1,FALSE,"standard","terminal_midpoint",5,0.0190851155659208
"symmetric_rootwise_one_ASIS",2,"symmetric rootwise partial collapse + one ASIS cycle","S04",150,1,FALSE,"standard","terminal_midpoint",10,0.0161002427072343
"symmetric_rootwise_one_ASIS",2,"symmetric rootwise partial collapse + one ASIS cycle","S04",150,1,FALSE,"standard","terminal_midpoint",25,-0.0021802081370706
"symmetric_rootwise_one_ASIS",2,"symmetric rootwise partial collapse + one ASIS cycle","S04",150,1,FALSE,"standard","terminal_midpoint",50,-0.0126317532822744
"symmetric_rootwise_one_ASIS",2,"symmetric rootwise partial collapse + one ASIS cycle","S03",168,1,FALSE,"standard","log_q_1",1,0.865823371956781
"symmetric_rootwise_one_ASIS",2,"symmetric rootwise partial collapse + one ASIS cycle","S03",168,1,FALSE,"standard","log_q_1",5,0.548132123665433
"symmetric_rootwise_one_ASIS",2,"symmetric rootwise partial collapse + one ASIS cycle","S03",168,1,FALSE,"standard","log_q_1",10,0.32560586418212
"symmetric_rootwise_one_ASIS",2,"symmetric rootwise partial collapse + one ASIS cycle","S03",168,1,FALSE,"standard","log_q_1",25,0.0588079477322586
"symmetric_rootwise_one_ASIS",2,"symmetric rootwise partial collapse + one ASIS cycle","S03",168,1,FALSE,"standard","log_q_1",50,0.081744615265245
"symmetric_rootwise_one_ASIS",2,"symmetric rootwise partial collapse + one ASIS cycle","S03",168,1,FALSE,"standard","observed_loss",1,0.460831016578237
"symmetric_rootwise_one_ASIS",2,"symmetric rootwise partial collapse + one ASIS cycle","S03",168,1,FALSE,"standard","observed_loss",5,0.206657504673385
"symmetric_rootwise_one_ASIS",2,"symmetric rootwise partial collapse + one ASIS cycle","S03",168,1,FALSE,"standard","observed_loss",10,0.102988038787414
"symmetric_rootwise_one_ASIS",2,"symmetric rootwise partial collapse + one ASIS cycle","S03",168,1,FALSE,"standard","observed_loss",25,0.0224096633947585
"symmetric_rootwise_one_ASIS",2,"symmetric rootwise partial collapse + one ASIS cycle","S03",168,1,FALSE,"standard","observed_loss",50,0.0420995833040332
"symmetric_rootwise_one_ASIS",2,"symmetric rootwise partial collapse + one ASIS cycle","S03",168,1,FALSE,"standard","mean_width",1,0.651579875111174
"symmetric_rootwise_one_ASIS",2,"symmetric rootwise partial collapse + one ASIS cycle","S03",168,1,FALSE,"standard","mean_width",5,0.153037072825292
"symmetric_rootwise_one_ASIS",2,"symmetric rootwise partial collapse + one ASIS cycle","S03",168,1,FALSE,"standard","mean_width",10,0.0561570654603955
"symmetric_rootwise_one_ASIS",2,"symmetric rootwise partial collapse + one ASIS cycle","S03",168,1,FALSE,"standard","mean_width",25,0.0328616292435288
"symmetric_rootwise_one_ASIS",2,"symmetric rootwise partial collapse + one ASIS cycle","S03",168,1,FALSE,"standard","mean_width",50,0.00579366167166148
"symmetric_rootwise_one_ASIS",2,"symmetric rootwise partial collapse + one ASIS cycle","S03",168,1,FALSE,"standard","mean_midpoint",1,0.508338482652626
"symmetric_rootwise_one_ASIS",2,"symmetric rootwise partial collapse + one ASIS cycle","S03",168,1,FALSE,"standard","mean_midpoint",5,0.0468788483833985
"symmetric_rootwise_one_ASIS",2,"symmetric rootwise partial collapse + one ASIS cycle","S03",168,1,FALSE,"standard","mean_midpoint",10,0.0173104369790086
"symmetric_rootwise_one_ASIS",2,"symmetric rootwise partial collapse + one ASIS cycle","S03",168,1,FALSE,"standard","mean_midpoint",25,0.00609027030397238
"symmetric_rootwise_one_ASIS",2,"symmetric rootwise partial collapse + one ASIS cycle","S03",168,1,FALSE,"standard","mean_midpoint",50,0.0223438039619483
"symmetric_rootwise_one_ASIS",2,"symmetric rootwise partial collapse + one ASIS cycle","S03",168,1,FALSE,"standard","terminal_width",1,0.282257607201012
"symmetric_rootwise_one_ASIS",2,"symmetric rootwise partial collapse + one ASIS cycle","S03",168,1,FALSE,"standard","terminal_width",5,0.0245025061312342
"symmetric_rootwise_one_ASIS",2,"symmetric rootwise partial collapse + one ASIS cycle","S03",168,1,FALSE,"standard","terminal_width",10,0.0100621416936914
"symmetric_rootwise_one_ASIS",2,"symmetric rootwise partial collapse + one ASIS cycle","S03",168,1,FALSE,"standard","terminal_width",25,0.0217979505038194
"symmetric_rootwise_one_ASIS",2,"symmetric rootwise partial collapse + one ASIS cycle","S03",168,1,FALSE,"standard","terminal_width",50,-0.0229256687583528
"symmetric_rootwise_one_ASIS",2,"symmetric rootwise partial collapse + one ASIS cycle","S03",168,1,FALSE,"standard","terminal_midpoint",1,0.180751901789327
"symmetric_rootwise_one_ASIS",2,"symmetric rootwise partial collapse + one ASIS cycle","S03",168,1,FALSE,"standard","terminal_midpoint",5,0.0100293646393985
"symmetric_rootwise_one_ASIS",2,"symmetric rootwise partial collapse + one ASIS cycle","S03",168,1,FALSE,"standard","terminal_midpoint",10,0.0216139161690287
"symmetric_rootwise_one_ASIS",2,"symmetric rootwise partial collapse + one ASIS cycle","S03",168,1,FALSE,"standard","terminal_midpoint",25,0.0212021565280177
"symmetric_rootwise_one_ASIS",2,"symmetric rootwise partial collapse + one ASIS cycle","S03",168,1,FALSE,"standard","terminal_midpoint",50,0.00429649030712332
"symmetric_rootwise_one_ASIS",2,"symmetric rootwise partial collapse + one ASIS cycle","S03",94,1,FALSE,"standard","log_q_1",1,0.938626227673058
"symmetric_rootwise_one_ASIS",2,"symmetric rootwise partial collapse + one ASIS cycle","S03",94,1,FALSE,"standard","log_q_1",5,0.782324377429241
"symmetric_rootwise_one_ASIS",2,"symmetric rootwise partial collapse + one ASIS cycle","S03",94,1,FALSE,"standard","log_q_1",10,0.626533270223931
"symmetric_rootwise_one_ASIS",2,"symmetric rootwise partial collapse + one ASIS cycle","S03",94,1,FALSE,"standard","log_q_1",25,0.328511796791174
"symmetric_rootwise_one_ASIS",2,"symmetric rootwise partial collapse + one ASIS cycle","S03",94,1,FALSE,"standard","log_q_1",50,0.117329472748319
"symmetric_rootwise_one_ASIS",2,"symmetric rootwise partial collapse + one ASIS cycle","S03",94,1,FALSE,"standard","observed_loss",1,0.644367515236533
"symmetric_rootwise_one_ASIS",2,"symmetric rootwise partial collapse + one ASIS cycle","S03",94,1,FALSE,"standard","observed_loss",5,0.458302856153892
"symmetric_rootwise_one_ASIS",2,"symmetric rootwise partial collapse + one ASIS cycle","S03",94,1,FALSE,"standard","observed_loss",10,0.389974998780706
"symmetric_rootwise_one_ASIS",2,"symmetric rootwise partial collapse + one ASIS cycle","S03",94,1,FALSE,"standard","observed_loss",25,0.202732133216131
"symmetric_rootwise_one_ASIS",2,"symmetric rootwise partial collapse + one ASIS cycle","S03",94,1,FALSE,"standard","observed_loss",50,0.0651598879597111
"symmetric_rootwise_one_ASIS",2,"symmetric rootwise partial collapse + one ASIS cycle","S03",94,1,FALSE,"standard","mean_width",1,0.64446417604988
"symmetric_rootwise_one_ASIS",2,"symmetric rootwise partial collapse + one ASIS cycle","S03",94,1,FALSE,"standard","mean_width",5,0.123544126014589
"symmetric_rootwise_one_ASIS",2,"symmetric rootwise partial collapse + one ASIS cycle","S03",94,1,FALSE,"standard","mean_width",10,0.0221472472503506
"symmetric_rootwise_one_ASIS",2,"symmetric rootwise partial collapse + one ASIS cycle","S03",94,1,FALSE,"standard","mean_width",25,-0.00593777001574428
"symmetric_rootwise_one_ASIS",2,"symmetric rootwise partial collapse + one ASIS cycle","S03",94,1,FALSE,"standard","mean_width",50,0.00327172775040198
"symmetric_rootwise_one_ASIS",2,"symmetric rootwise partial collapse + one ASIS cycle","S03",94,1,FALSE,"standard","mean_midpoint",1,0.517173794321149
"symmetric_rootwise_one_ASIS",2,"symmetric rootwise partial collapse + one ASIS cycle","S03",94,1,FALSE,"standard","mean_midpoint",5,0.0629128326718826
"symmetric_rootwise_one_ASIS",2,"symmetric rootwise partial collapse + one ASIS cycle","S03",94,1,FALSE,"standard","mean_midpoint",10,0.0319413608260741
"symmetric_rootwise_one_ASIS",2,"symmetric rootwise partial collapse + one ASIS cycle","S03",94,1,FALSE,"standard","mean_midpoint",25,-0.0322003774391945
"symmetric_rootwise_one_ASIS",2,"symmetric rootwise partial collapse + one ASIS cycle","S03",94,1,FALSE,"standard","mean_midpoint",50,0.000521250191603715
"symmetric_rootwise_one_ASIS",2,"symmetric rootwise partial collapse + one ASIS cycle","S03",94,1,FALSE,"standard","terminal_width",1,0.266105363575243
"symmetric_rootwise_one_ASIS",2,"symmetric rootwise partial collapse + one ASIS cycle","S03",94,1,FALSE,"standard","terminal_width",5,-0.00487128245780908
"symmetric_rootwise_one_ASIS",2,"symmetric rootwise partial collapse + one ASIS cycle","S03",94,1,FALSE,"standard","terminal_width",10,-0.0120005544808256
"symmetric_rootwise_one_ASIS",2,"symmetric rootwise partial collapse + one ASIS cycle","S03",94,1,FALSE,"standard","terminal_width",25,0.0036725698421999
"symmetric_rootwise_one_ASIS",2,"symmetric rootwise partial collapse + one ASIS cycle","S03",94,1,FALSE,"standard","terminal_width",50,0.013119567775303
"symmetric_rootwise_one_ASIS",2,"symmetric rootwise partial collapse + one ASIS cycle","S03",94,1,FALSE,"standard","terminal_midpoint",1,0.225497732406813
"symmetric_rootwise_one_ASIS",2,"symmetric rootwise partial collapse + one ASIS cycle","S03",94,1,FALSE,"standard","terminal_midpoint",5,0.035791889763315
"symmetric_rootwise_one_ASIS",2,"symmetric rootwise partial collapse + one ASIS cycle","S03",94,1,FALSE,"standard","terminal_midpoint",10,0.00478624961169811
"symmetric_rootwise_one_ASIS",2,"symmetric rootwise partial collapse + one ASIS cycle","S03",94,1,FALSE,"standard","terminal_midpoint",25,0.00465331547629778
"symmetric_rootwise_one_ASIS",2,"symmetric rootwise partial collapse + one ASIS cycle","S03",94,1,FALSE,"standard","terminal_midpoint",50,0.0239546254709887
"symmetric_rootwise_one_ASIS",2,"symmetric rootwise partial collapse + one ASIS cycle","S04",164,1,FALSE,"standard","log_q_1",1,0.755676903711747
"symmetric_rootwise_one_ASIS",2,"symmetric rootwise partial collapse + one ASIS cycle","S04",164,1,FALSE,"standard","log_q_1",5,0.274133954979373
"symmetric_rootwise_one_ASIS",2,"symmetric rootwise partial collapse + one ASIS cycle","S04",164,1,FALSE,"standard","log_q_1",10,0.0657868738852592
"symmetric_rootwise_one_ASIS",2,"symmetric rootwise partial collapse + one ASIS cycle","S04",164,1,FALSE,"standard","log_q_1",25,0.0137859546878304
"symmetric_rootwise_one_ASIS",2,"symmetric rootwise partial collapse + one ASIS cycle","S04",164,1,FALSE,"standard","log_q_1",50,-0.0178080790379546
"symmetric_rootwise_one_ASIS",2,"symmetric rootwise partial collapse + one ASIS cycle","S04",164,1,FALSE,"standard","observed_loss",1,0.333605232718354
"symmetric_rootwise_one_ASIS",2,"symmetric rootwise partial collapse + one ASIS cycle","S04",164,1,FALSE,"standard","observed_loss",5,0.0342051229326231
"symmetric_rootwise_one_ASIS",2,"symmetric rootwise partial collapse + one ASIS cycle","S04",164,1,FALSE,"standard","observed_loss",10,0.0307097626601075
"symmetric_rootwise_one_ASIS",2,"symmetric rootwise partial collapse + one ASIS cycle","S04",164,1,FALSE,"standard","observed_loss",25,-0.00992011373190833
"symmetric_rootwise_one_ASIS",2,"symmetric rootwise partial collapse + one ASIS cycle","S04",164,1,FALSE,"standard","observed_loss",50,0.0174519054933743
"symmetric_rootwise_one_ASIS",2,"symmetric rootwise partial collapse + one ASIS cycle","S04",164,1,FALSE,"standard","mean_width",1,0.720147720932326
"symmetric_rootwise_one_ASIS",2,"symmetric rootwise partial collapse + one ASIS cycle","S04",164,1,FALSE,"standard","mean_width",5,0.226838373847999
"symmetric_rootwise_one_ASIS",2,"symmetric rootwise partial collapse + one ASIS cycle","S04",164,1,FALSE,"standard","mean_width",10,0.0935634396159909
"symmetric_rootwise_one_ASIS",2,"symmetric rootwise partial collapse + one ASIS cycle","S04",164,1,FALSE,"standard","mean_width",25,0.024438489004302
"symmetric_rootwise_one_ASIS",2,"symmetric rootwise partial collapse + one ASIS cycle","S04",164,1,FALSE,"standard","mean_width",50,-0.0388760419202378
"symmetric_rootwise_one_ASIS",2,"symmetric rootwise partial collapse + one ASIS cycle","S04",164,1,FALSE,"standard","mean_midpoint",1,0.60321964734861
"symmetric_rootwise_one_ASIS",2,"symmetric rootwise partial collapse + one ASIS cycle","S04",164,1,FALSE,"standard","mean_midpoint",5,0.115938596378035
"symmetric_rootwise_one_ASIS",2,"symmetric rootwise partial collapse + one ASIS cycle","S04",164,1,FALSE,"standard","mean_midpoint",10,0.0214704570808996
"symmetric_rootwise_one_ASIS",2,"symmetric rootwise partial collapse + one ASIS cycle","S04",164,1,FALSE,"standard","mean_midpoint",25,0.00418024727197129
"symmetric_rootwise_one_ASIS",2,"symmetric rootwise partial collapse + one ASIS cycle","S04",164,1,FALSE,"standard","mean_midpoint",50,0.00510860164503988
"symmetric_rootwise_one_ASIS",2,"symmetric rootwise partial collapse + one ASIS cycle","S04",164,1,FALSE,"standard","terminal_width",1,0.463132452612857
"symmetric_rootwise_one_ASIS",2,"symmetric rootwise partial collapse + one ASIS cycle","S04",164,1,FALSE,"standard","terminal_width",5,0.0631852623867939
"symmetric_rootwise_one_ASIS",2,"symmetric rootwise partial collapse + one ASIS cycle","S04",164,1,FALSE,"standard","terminal_width",10,0.0206185510854711
"symmetric_rootwise_one_ASIS",2,"symmetric rootwise partial collapse + one ASIS cycle","S04",164,1,FALSE,"standard","terminal_width",25,0.00618707573196004
"symmetric_rootwise_one_ASIS",2,"symmetric rootwise partial collapse + one ASIS cycle","S04",164,1,FALSE,"standard","terminal_width",50,-0.0275577127499386
"symmetric_rootwise_one_ASIS",2,"symmetric rootwise partial collapse + one ASIS cycle","S04",164,1,FALSE,"standard","terminal_midpoint",1,0.397711353471097
"symmetric_rootwise_one_ASIS",2,"symmetric rootwise partial collapse + one ASIS cycle","S04",164,1,FALSE,"standard","terminal_midpoint",5,0.0488369151456067
"symmetric_rootwise_one_ASIS",2,"symmetric rootwise partial collapse + one ASIS cycle","S04",164,1,FALSE,"standard","terminal_midpoint",10,0.00342116390170714
"symmetric_rootwise_one_ASIS",2,"symmetric rootwise partial collapse + one ASIS cycle","S04",164,1,FALSE,"standard","terminal_midpoint",25,-0.0210142351405474
"symmetric_rootwise_one_ASIS",2,"symmetric rootwise partial collapse + one ASIS cycle","S04",164,1,FALSE,"standard","terminal_midpoint",50,-0.00643170549085333
"symmetric_rootwise_one_ASIS",2,"symmetric rootwise partial collapse + one ASIS cycle","S03",183,1,TRUE,"A","log_q_1",1,0.88731974532981
"symmetric_rootwise_one_ASIS",2,"symmetric rootwise partial collapse + one ASIS cycle","S03",183,1,TRUE,"A","log_q_1",5,0.616285651714092
"symmetric_rootwise_one_ASIS",2,"symmetric rootwise partial collapse + one ASIS cycle","S03",183,1,TRUE,"A","log_q_1",10,0.388915428402138
"symmetric_rootwise_one_ASIS",2,"symmetric rootwise partial collapse + one ASIS cycle","S03",183,1,TRUE,"A","log_q_1",25,0.105363389026665
"symmetric_rootwise_one_ASIS",2,"symmetric rootwise partial collapse + one ASIS cycle","S03",183,1,TRUE,"A","log_q_1",50,0.00150461838285389
"symmetric_rootwise_one_ASIS",2,"symmetric rootwise partial collapse + one ASIS cycle","S03",183,1,TRUE,"A","observed_loss",1,0.471206212486814
"symmetric_rootwise_one_ASIS",2,"symmetric rootwise partial collapse + one ASIS cycle","S03",183,1,TRUE,"A","observed_loss",5,0.228949749279014
"symmetric_rootwise_one_ASIS",2,"symmetric rootwise partial collapse + one ASIS cycle","S03",183,1,TRUE,"A","observed_loss",10,0.166826038670267
"symmetric_rootwise_one_ASIS",2,"symmetric rootwise partial collapse + one ASIS cycle","S03",183,1,TRUE,"A","observed_loss",25,0.0597412185816102
"symmetric_rootwise_one_ASIS",2,"symmetric rootwise partial collapse + one ASIS cycle","S03",183,1,TRUE,"A","observed_loss",50,-0.00407083668236087
"symmetric_rootwise_one_ASIS",2,"symmetric rootwise partial collapse + one ASIS cycle","S03",183,1,TRUE,"A","mean_width",1,0.595010649743599
"symmetric_rootwise_one_ASIS",2,"symmetric rootwise partial collapse + one ASIS cycle","S03",183,1,TRUE,"A","mean_width",5,0.0791027829174385
"symmetric_rootwise_one_ASIS",2,"symmetric rootwise partial collapse + one ASIS cycle","S03",183,1,TRUE,"A","mean_width",10,0.00708258393795428
"symmetric_rootwise_one_ASIS",2,"symmetric rootwise partial collapse + one ASIS cycle","S03",183,1,TRUE,"A","mean_width",25,-0.0103190068404626
"symmetric_rootwise_one_ASIS",2,"symmetric rootwise partial collapse + one ASIS cycle","S03",183,1,TRUE,"A","mean_width",50,0.0133628040080904
"symmetric_rootwise_one_ASIS",2,"symmetric rootwise partial collapse + one ASIS cycle","S03",183,1,TRUE,"A","mean_midpoint",1,0.494209774528906
"symmetric_rootwise_one_ASIS",2,"symmetric rootwise partial collapse + one ASIS cycle","S03",183,1,TRUE,"A","mean_midpoint",5,0.0735305789608684
"symmetric_rootwise_one_ASIS",2,"symmetric rootwise partial collapse + one ASIS cycle","S03",183,1,TRUE,"A","mean_midpoint",10,0.0158567476081452
"symmetric_rootwise_one_ASIS",2,"symmetric rootwise partial collapse + one ASIS cycle","S03",183,1,TRUE,"A","mean_midpoint",25,0.00502902114410685
"symmetric_rootwise_one_ASIS",2,"symmetric rootwise partial collapse + one ASIS cycle","S03",183,1,TRUE,"A","mean_midpoint",50,-0.010291669444237
"symmetric_rootwise_one_ASIS",2,"symmetric rootwise partial collapse + one ASIS cycle","S03",183,1,TRUE,"A","terminal_width",1,0.351073514516086
"symmetric_rootwise_one_ASIS",2,"symmetric rootwise partial collapse + one ASIS cycle","S03",183,1,TRUE,"A","terminal_width",5,0.0757510683549383
"symmetric_rootwise_one_ASIS",2,"symmetric rootwise partial collapse + one ASIS cycle","S03",183,1,TRUE,"A","terminal_width",10,0.024951340104569
"symmetric_rootwise_one_ASIS",2,"symmetric rootwise partial collapse + one ASIS cycle","S03",183,1,TRUE,"A","terminal_width",25,0.00195015807225005
"symmetric_rootwise_one_ASIS",2,"symmetric rootwise partial collapse + one ASIS cycle","S03",183,1,TRUE,"A","terminal_width",50,0.0194937375669078
"symmetric_rootwise_one_ASIS",2,"symmetric rootwise partial collapse + one ASIS cycle","S03",183,1,TRUE,"A","terminal_midpoint",1,0.272685790172884
"symmetric_rootwise_one_ASIS",2,"symmetric rootwise partial collapse + one ASIS cycle","S03",183,1,TRUE,"A","terminal_midpoint",5,0.0251736304719533
"symmetric_rootwise_one_ASIS",2,"symmetric rootwise partial collapse + one ASIS cycle","S03",183,1,TRUE,"A","terminal_midpoint",10,0.0286894023188916
"symmetric_rootwise_one_ASIS",2,"symmetric rootwise partial collapse + one ASIS cycle","S03",183,1,TRUE,"A","terminal_midpoint",25,0.0247810114035112
"symmetric_rootwise_one_ASIS",2,"symmetric rootwise partial collapse + one ASIS cycle","S03",183,1,TRUE,"A","terminal_midpoint",50,0.0170108119049212
"symmetric_rootwise_one_ASIS",2,"symmetric rootwise partial collapse + one ASIS cycle","S03",183,2,TRUE,"B","log_q_1",1,0.887421058044361
"symmetric_rootwise_one_ASIS",2,"symmetric rootwise partial collapse + one ASIS cycle","S03",183,2,TRUE,"B","log_q_1",5,0.624161518836832
"symmetric_rootwise_one_ASIS",2,"symmetric rootwise partial collapse + one ASIS cycle","S03",183,2,TRUE,"B","log_q_1",10,0.377870280903309
"symmetric_rootwise_one_ASIS",2,"symmetric rootwise partial collapse + one ASIS cycle","S03",183,2,TRUE,"B","log_q_1",25,0.0733292757821963
"symmetric_rootwise_one_ASIS",2,"symmetric rootwise partial collapse + one ASIS cycle","S03",183,2,TRUE,"B","log_q_1",50,0.0584060470554979
"symmetric_rootwise_one_ASIS",2,"symmetric rootwise partial collapse + one ASIS cycle","S03",183,2,TRUE,"B","observed_loss",1,0.438424094646709
"symmetric_rootwise_one_ASIS",2,"symmetric rootwise partial collapse + one ASIS cycle","S03",183,2,TRUE,"B","observed_loss",5,0.193704504774344
"symmetric_rootwise_one_ASIS",2,"symmetric rootwise partial collapse + one ASIS cycle","S03",183,2,TRUE,"B","observed_loss",10,0.136351592085425
"symmetric_rootwise_one_ASIS",2,"symmetric rootwise partial collapse + one ASIS cycle","S03",183,2,TRUE,"B","observed_loss",25,0.0366676079975074
"symmetric_rootwise_one_ASIS",2,"symmetric rootwise partial collapse + one ASIS cycle","S03",183,2,TRUE,"B","observed_loss",50,0.0261663152115591
"symmetric_rootwise_one_ASIS",2,"symmetric rootwise partial collapse + one ASIS cycle","S03",183,2,TRUE,"B","mean_width",1,0.589364741846796
"symmetric_rootwise_one_ASIS",2,"symmetric rootwise partial collapse + one ASIS cycle","S03",183,2,TRUE,"B","mean_width",5,0.0995004584578649
"symmetric_rootwise_one_ASIS",2,"symmetric rootwise partial collapse + one ASIS cycle","S03",183,2,TRUE,"B","mean_width",10,0.0159541884099198
"symmetric_rootwise_one_ASIS",2,"symmetric rootwise partial collapse + one ASIS cycle","S03",183,2,TRUE,"B","mean_width",25,-0.00114793203694928
"symmetric_rootwise_one_ASIS",2,"symmetric rootwise partial collapse + one ASIS cycle","S03",183,2,TRUE,"B","mean_width",50,-0.0269097615749062
"symmetric_rootwise_one_ASIS",2,"symmetric rootwise partial collapse + one ASIS cycle","S03",183,2,TRUE,"B","mean_midpoint",1,0.461823733502093
"symmetric_rootwise_one_ASIS",2,"symmetric rootwise partial collapse + one ASIS cycle","S03",183,2,TRUE,"B","mean_midpoint",5,0.00956082275504488
"symmetric_rootwise_one_ASIS",2,"symmetric rootwise partial collapse + one ASIS cycle","S03",183,2,TRUE,"B","mean_midpoint",10,-0.00659413847116207
"symmetric_rootwise_one_ASIS",2,"symmetric rootwise partial collapse + one ASIS cycle","S03",183,2,TRUE,"B","mean_midpoint",25,-0.0380187974397805
"symmetric_rootwise_one_ASIS",2,"symmetric rootwise partial collapse + one ASIS cycle","S03",183,2,TRUE,"B","mean_midpoint",50,0.00536726105765637
"symmetric_rootwise_one_ASIS",2,"symmetric rootwise partial collapse + one ASIS cycle","S03",183,2,TRUE,"B","terminal_width",1,0.395145317678714
"symmetric_rootwise_one_ASIS",2,"symmetric rootwise partial collapse + one ASIS cycle","S03",183,2,TRUE,"B","terminal_width",5,0.0606227364334157
"symmetric_rootwise_one_ASIS",2,"symmetric rootwise partial collapse + one ASIS cycle","S03",183,2,TRUE,"B","terminal_width",10,0.0111095605281555
"symmetric_rootwise_one_ASIS",2,"symmetric rootwise partial collapse + one ASIS cycle","S03",183,2,TRUE,"B","terminal_width",25,-0.000973843268915925
"symmetric_rootwise_one_ASIS",2,"symmetric rootwise partial collapse + one ASIS cycle","S03",183,2,TRUE,"B","terminal_width",50,-0.0239810192000521
"symmetric_rootwise_one_ASIS",2,"symmetric rootwise partial collapse + one ASIS cycle","S03",183,2,TRUE,"B","terminal_midpoint",1,0.267833707401732
"symmetric_rootwise_one_ASIS",2,"symmetric rootwise partial collapse + one ASIS cycle","S03",183,2,TRUE,"B","terminal_midpoint",5,0.00631222076111884
"symmetric_rootwise_one_ASIS",2,"symmetric rootwise partial collapse + one ASIS cycle","S03",183,2,TRUE,"B","terminal_midpoint",10,-0.0195250142712255
"symmetric_rootwise_one_ASIS",2,"symmetric rootwise partial collapse + one ASIS cycle","S03",183,2,TRUE,"B","terminal_midpoint",25,0.00875214623360102
"symmetric_rootwise_one_ASIS",2,"symmetric rootwise partial collapse + one ASIS cycle","S03",183,2,TRUE,"B","terminal_midpoint",50,-0.0231084991293093
"symmetric_rootwise_one_ASIS",2,"symmetric rootwise partial collapse + one ASIS cycle","S03",183,3,TRUE,"C","log_q_1",1,0.905813019365376
"symmetric_rootwise_one_ASIS",2,"symmetric rootwise partial collapse + one ASIS cycle","S03",183,3,TRUE,"C","log_q_1",5,0.661346817571719
"symmetric_rootwise_one_ASIS",2,"symmetric rootwise partial collapse + one ASIS cycle","S03",183,3,TRUE,"C","log_q_1",10,0.443399832805212
"symmetric_rootwise_one_ASIS",2,"symmetric rootwise partial collapse + one ASIS cycle","S03",183,3,TRUE,"C","log_q_1",25,0.110482698795806
"symmetric_rootwise_one_ASIS",2,"symmetric rootwise partial collapse + one ASIS cycle","S03",183,3,TRUE,"C","log_q_1",50,0.0103810999373723
"symmetric_rootwise_one_ASIS",2,"symmetric rootwise partial collapse + one ASIS cycle","S03",183,3,TRUE,"C","observed_loss",1,0.479032566120665
"symmetric_rootwise_one_ASIS",2,"symmetric rootwise partial collapse + one ASIS cycle","S03",183,3,TRUE,"C","observed_loss",5,0.252848334898505
"symmetric_rootwise_one_ASIS",2,"symmetric rootwise partial collapse + one ASIS cycle","S03",183,3,TRUE,"C","observed_loss",10,0.181870719963466
"symmetric_rootwise_one_ASIS",2,"symmetric rootwise partial collapse + one ASIS cycle","S03",183,3,TRUE,"C","observed_loss",25,0.0389121643295554
"symmetric_rootwise_one_ASIS",2,"symmetric rootwise partial collapse + one ASIS cycle","S03",183,3,TRUE,"C","observed_loss",50,0.0264306790793503
"symmetric_rootwise_one_ASIS",2,"symmetric rootwise partial collapse + one ASIS cycle","S03",183,3,TRUE,"C","mean_width",1,0.592548055057488
"symmetric_rootwise_one_ASIS",2,"symmetric rootwise partial collapse + one ASIS cycle","S03",183,3,TRUE,"C","mean_width",5,0.106423652867526
"symmetric_rootwise_one_ASIS",2,"symmetric rootwise partial collapse + one ASIS cycle","S03",183,3,TRUE,"C","mean_width",10,0.0488827740777926
"symmetric_rootwise_one_ASIS",2,"symmetric rootwise partial collapse + one ASIS cycle","S03",183,3,TRUE,"C","mean_width",25,0.0138862225703131
"symmetric_rootwise_one_ASIS",2,"symmetric rootwise partial collapse + one ASIS cycle","S03",183,3,TRUE,"C","mean_width",50,0.00751443078850333
"symmetric_rootwise_one_ASIS",2,"symmetric rootwise partial collapse + one ASIS cycle","S03",183,3,TRUE,"C","mean_midpoint",1,0.476237554482753
"symmetric_rootwise_one_ASIS",2,"symmetric rootwise partial collapse + one ASIS cycle","S03",183,3,TRUE,"C","mean_midpoint",5,0.048018750101305
"symmetric_rootwise_one_ASIS",2,"symmetric rootwise partial collapse + one ASIS cycle","S03",183,3,TRUE,"C","mean_midpoint",10,0.0167330319452617
"symmetric_rootwise_one_ASIS",2,"symmetric rootwise partial collapse + one ASIS cycle","S03",183,3,TRUE,"C","mean_midpoint",25,0.0189914016393847
"symmetric_rootwise_one_ASIS",2,"symmetric rootwise partial collapse + one ASIS cycle","S03",183,3,TRUE,"C","mean_midpoint",50,-0.0244848780446626
"symmetric_rootwise_one_ASIS",2,"symmetric rootwise partial collapse + one ASIS cycle","S03",183,3,TRUE,"C","terminal_width",1,0.381542833335624
"symmetric_rootwise_one_ASIS",2,"symmetric rootwise partial collapse + one ASIS cycle","S03",183,3,TRUE,"C","terminal_width",5,0.0455576472371643
"symmetric_rootwise_one_ASIS",2,"symmetric rootwise partial collapse + one ASIS cycle","S03",183,3,TRUE,"C","terminal_width",10,0.0139692290425097
"symmetric_rootwise_one_ASIS",2,"symmetric rootwise partial collapse + one ASIS cycle","S03",183,3,TRUE,"C","terminal_width",25,0.0396811151740071
"symmetric_rootwise_one_ASIS",2,"symmetric rootwise partial collapse + one ASIS cycle","S03",183,3,TRUE,"C","terminal_width",50,7.10458277724325e-06
"symmetric_rootwise_one_ASIS",2,"symmetric rootwise partial collapse + one ASIS cycle","S03",183,3,TRUE,"C","terminal_midpoint",1,0.277712288475645
"symmetric_rootwise_one_ASIS",2,"symmetric rootwise partial collapse + one ASIS cycle","S03",183,3,TRUE,"C","terminal_midpoint",5,0.0279303656848392
"symmetric_rootwise_one_ASIS",2,"symmetric rootwise partial collapse + one ASIS cycle","S03",183,3,TRUE,"C","terminal_midpoint",10,0.0255764280807173
"symmetric_rootwise_one_ASIS",2,"symmetric rootwise partial collapse + one ASIS cycle","S03",183,3,TRUE,"C","terminal_midpoint",25,-0.0190786008755906
"symmetric_rootwise_one_ASIS",2,"symmetric rootwise partial collapse + one ASIS cycle","S03",183,3,TRUE,"C","terminal_midpoint",50,-0.0245956540386888
"symmetric_rootwise_one_ASIS",2,"symmetric rootwise partial collapse + one ASIS cycle","S03",183,4,TRUE,"D","log_q_1",1,0.896771820332421
"symmetric_rootwise_one_ASIS",2,"symmetric rootwise partial collapse + one ASIS cycle","S03",183,4,TRUE,"D","log_q_1",5,0.642226853920789
"symmetric_rootwise_one_ASIS",2,"symmetric rootwise partial collapse + one ASIS cycle","S03",183,4,TRUE,"D","log_q_1",10,0.422633170050388
"symmetric_rootwise_one_ASIS",2,"symmetric rootwise partial collapse + one ASIS cycle","S03",183,4,TRUE,"D","log_q_1",25,0.0758956868091283
"symmetric_rootwise_one_ASIS",2,"symmetric rootwise partial collapse + one ASIS cycle","S03",183,4,TRUE,"D","log_q_1",50,0.0277637228890094
"symmetric_rootwise_one_ASIS",2,"symmetric rootwise partial collapse + one ASIS cycle","S03",183,4,TRUE,"D","observed_loss",1,0.482510205079611
"symmetric_rootwise_one_ASIS",2,"symmetric rootwise partial collapse + one ASIS cycle","S03",183,4,TRUE,"D","observed_loss",5,0.256362789997899
"symmetric_rootwise_one_ASIS",2,"symmetric rootwise partial collapse + one ASIS cycle","S03",183,4,TRUE,"D","observed_loss",10,0.161792159212337
"symmetric_rootwise_one_ASIS",2,"symmetric rootwise partial collapse + one ASIS cycle","S03",183,4,TRUE,"D","observed_loss",25,0.00503574273897358
"symmetric_rootwise_one_ASIS",2,"symmetric rootwise partial collapse + one ASIS cycle","S03",183,4,TRUE,"D","observed_loss",50,-0.00543109243840995
"symmetric_rootwise_one_ASIS",2,"symmetric rootwise partial collapse + one ASIS cycle","S03",183,4,TRUE,"D","mean_width",1,0.60056182105331
"symmetric_rootwise_one_ASIS",2,"symmetric rootwise partial collapse + one ASIS cycle","S03",183,4,TRUE,"D","mean_width",5,0.0736861933263318
"symmetric_rootwise_one_ASIS",2,"symmetric rootwise partial collapse + one ASIS cycle","S03",183,4,TRUE,"D","mean_width",10,-0.0146968695295523
"symmetric_rootwise_one_ASIS",2,"symmetric rootwise partial collapse + one ASIS cycle","S03",183,4,TRUE,"D","mean_width",25,-0.00882786203991108
"symmetric_rootwise_one_ASIS",2,"symmetric rootwise partial collapse + one ASIS cycle","S03",183,4,TRUE,"D","mean_width",50,0.0279902472618947
"symmetric_rootwise_one_ASIS",2,"symmetric rootwise partial collapse + one ASIS cycle","S03",183,4,TRUE,"D","mean_midpoint",1,0.451631638383561
"symmetric_rootwise_one_ASIS",2,"symmetric rootwise partial collapse + one ASIS cycle","S03",183,4,TRUE,"D","mean_midpoint",5,0.0683681775405124
"symmetric_rootwise_one_ASIS",2,"symmetric rootwise partial collapse + one ASIS cycle","S03",183,4,TRUE,"D","mean_midpoint",10,0.0248382118405438
"symmetric_rootwise_one_ASIS",2,"symmetric rootwise partial collapse + one ASIS cycle","S03",183,4,TRUE,"D","mean_midpoint",25,-0.00466470613760368
"symmetric_rootwise_one_ASIS",2,"symmetric rootwise partial collapse + one ASIS cycle","S03",183,4,TRUE,"D","mean_midpoint",50,0.0110572301009833
"symmetric_rootwise_one_ASIS",2,"symmetric rootwise partial collapse + one ASIS cycle","S03",183,4,TRUE,"D","terminal_width",1,0.380000284272989
"symmetric_rootwise_one_ASIS",2,"symmetric rootwise partial collapse + one ASIS cycle","S03",183,4,TRUE,"D","terminal_width",5,0.0590466990747563
"symmetric_rootwise_one_ASIS",2,"symmetric rootwise partial collapse + one ASIS cycle","S03",183,4,TRUE,"D","terminal_width",10,0.0148888878822298
"symmetric_rootwise_one_ASIS",2,"symmetric rootwise partial collapse + one ASIS cycle","S03",183,4,TRUE,"D","terminal_width",25,-0.0138642487871741
"symmetric_rootwise_one_ASIS",2,"symmetric rootwise partial collapse + one ASIS cycle","S03",183,4,TRUE,"D","terminal_width",50,0.00841821137756234
"symmetric_rootwise_one_ASIS",2,"symmetric rootwise partial collapse + one ASIS cycle","S03",183,4,TRUE,"D","terminal_midpoint",1,0.284283700049803
"symmetric_rootwise_one_ASIS",2,"symmetric rootwise partial collapse + one ASIS cycle","S03",183,4,TRUE,"D","terminal_midpoint",5,0.0182418329546664
"symmetric_rootwise_one_ASIS",2,"symmetric rootwise partial collapse + one ASIS cycle","S03",183,4,TRUE,"D","terminal_midpoint",10,0.018161314764673
"symmetric_rootwise_one_ASIS",2,"symmetric rootwise partial collapse + one ASIS cycle","S03",183,4,TRUE,"D","terminal_midpoint",25,-0.0110045014375519
"symmetric_rootwise_one_ASIS",2,"symmetric rootwise partial collapse + one ASIS cycle","S03",183,4,TRUE,"D","terminal_midpoint",50,0.0337994165722272
"symmetric_rootwise_one_ASIS",2,"symmetric rootwise partial collapse + one ASIS cycle","S03",97,1,FALSE,"standard","log_q_1",1,0.865826975661757
"symmetric_rootwise_one_ASIS",2,"symmetric rootwise partial collapse + one ASIS cycle","S03",97,1,FALSE,"standard","log_q_1",5,0.534077038502259
"symmetric_rootwise_one_ASIS",2,"symmetric rootwise partial collapse + one ASIS cycle","S03",97,1,FALSE,"standard","log_q_1",10,0.288645844358339
"symmetric_rootwise_one_ASIS",2,"symmetric rootwise partial collapse + one ASIS cycle","S03",97,1,FALSE,"standard","log_q_1",25,0.00960102480698545
"symmetric_rootwise_one_ASIS",2,"symmetric rootwise partial collapse + one ASIS cycle","S03",97,1,FALSE,"standard","log_q_1",50,-0.069473342467694
"symmetric_rootwise_one_ASIS",2,"symmetric rootwise partial collapse + one ASIS cycle","S03",97,1,FALSE,"standard","observed_loss",1,0.398668402506717
"symmetric_rootwise_one_ASIS",2,"symmetric rootwise partial collapse + one ASIS cycle","S03",97,1,FALSE,"standard","observed_loss",5,0.157930628822314
"symmetric_rootwise_one_ASIS",2,"symmetric rootwise partial collapse + one ASIS cycle","S03",97,1,FALSE,"standard","observed_loss",10,0.079153847349032
"symmetric_rootwise_one_ASIS",2,"symmetric rootwise partial collapse + one ASIS cycle","S03",97,1,FALSE,"standard","observed_loss",25,-0.0113533679627015
"symmetric_rootwise_one_ASIS",2,"symmetric rootwise partial collapse + one ASIS cycle","S03",97,1,FALSE,"standard","observed_loss",50,-0.0233257560456294
"symmetric_rootwise_one_ASIS",2,"symmetric rootwise partial collapse + one ASIS cycle","S03",97,1,FALSE,"standard","mean_width",1,0.591743793099572
"symmetric_rootwise_one_ASIS",2,"symmetric rootwise partial collapse + one ASIS cycle","S03",97,1,FALSE,"standard","mean_width",5,0.107863040847556
"symmetric_rootwise_one_ASIS",2,"symmetric rootwise partial collapse + one ASIS cycle","S03",97,1,FALSE,"standard","mean_width",10,0.0165562427842045
"symmetric_rootwise_one_ASIS",2,"symmetric rootwise partial collapse + one ASIS cycle","S03",97,1,FALSE,"standard","mean_width",25,0.0139609465243129
"symmetric_rootwise_one_ASIS",2,"symmetric rootwise partial collapse + one ASIS cycle","S03",97,1,FALSE,"standard","mean_width",50,-0.0335918227413189
"symmetric_rootwise_one_ASIS",2,"symmetric rootwise partial collapse + one ASIS cycle","S03",97,1,FALSE,"standard","mean_midpoint",1,0.507210140845847
"symmetric_rootwise_one_ASIS",2,"symmetric rootwise partial collapse + one ASIS cycle","S03",97,1,FALSE,"standard","mean_midpoint",5,0.0325500130488857
"symmetric_rootwise_one_ASIS",2,"symmetric rootwise partial collapse + one ASIS cycle","S03",97,1,FALSE,"standard","mean_midpoint",10,-0.00710911973714706
"symmetric_rootwise_one_ASIS",2,"symmetric rootwise partial collapse + one ASIS cycle","S03",97,1,FALSE,"standard","mean_midpoint",25,-0.00854926154675559
"symmetric_rootwise_one_ASIS",2,"symmetric rootwise partial collapse + one ASIS cycle","S03",97,1,FALSE,"standard","mean_midpoint",50,-0.0299899155584796
"symmetric_rootwise_one_ASIS",2,"symmetric rootwise partial collapse + one ASIS cycle","S03",97,1,FALSE,"standard","terminal_width",1,0.277504954259464
"symmetric_rootwise_one_ASIS",2,"symmetric rootwise partial collapse + one ASIS cycle","S03",97,1,FALSE,"standard","terminal_width",5,0.0305041419077524
"symmetric_rootwise_one_ASIS",2,"symmetric rootwise partial collapse + one ASIS cycle","S03",97,1,FALSE,"standard","terminal_width",10,-0.000995444648789141
"symmetric_rootwise_one_ASIS",2,"symmetric rootwise partial collapse + one ASIS cycle","S03",97,1,FALSE,"standard","terminal_width",25,0.00704888725235498
"symmetric_rootwise_one_ASIS",2,"symmetric rootwise partial collapse + one ASIS cycle","S03",97,1,FALSE,"standard","terminal_width",50,-0.0156333791454134
"symmetric_rootwise_one_ASIS",2,"symmetric rootwise partial collapse + one ASIS cycle","S03",97,1,FALSE,"standard","terminal_midpoint",1,0.232140284652879
"symmetric_rootwise_one_ASIS",2,"symmetric rootwise partial collapse + one ASIS cycle","S03",97,1,FALSE,"standard","terminal_midpoint",5,0.00386367772964752
"symmetric_rootwise_one_ASIS",2,"symmetric rootwise partial collapse + one ASIS cycle","S03",97,1,FALSE,"standard","terminal_midpoint",10,0.0212087523350733
"symmetric_rootwise_one_ASIS",2,"symmetric rootwise partial collapse + one ASIS cycle","S03",97,1,FALSE,"standard","terminal_midpoint",25,0.0057613998918175
"symmetric_rootwise_one_ASIS",2,"symmetric rootwise partial collapse + one ASIS cycle","S03",97,1,FALSE,"standard","terminal_midpoint",50,0.0051899322293373
"symmetric_rootwise_one_ASIS",2,"symmetric rootwise partial collapse + one ASIS cycle","S04",180,1,TRUE,"A","log_q_1",1,0.896030269424099
"symmetric_rootwise_one_ASIS",2,"symmetric rootwise partial collapse + one ASIS cycle","S04",180,1,TRUE,"A","log_q_1",5,0.640420195954352
"symmetric_rootwise_one_ASIS",2,"symmetric rootwise partial collapse + one ASIS cycle","S04",180,1,TRUE,"A","log_q_1",10,0.41176053845084
"symmetric_rootwise_one_ASIS",2,"symmetric rootwise partial collapse + one ASIS cycle","S04",180,1,TRUE,"A","log_q_1",25,0.0788569322953053
"symmetric_rootwise_one_ASIS",2,"symmetric rootwise partial collapse + one ASIS cycle","S04",180,1,TRUE,"A","log_q_1",50,-0.0477552849026207
"symmetric_rootwise_one_ASIS",2,"symmetric rootwise partial collapse + one ASIS cycle","S04",180,1,TRUE,"A","observed_loss",1,0.458958195082674
"symmetric_rootwise_one_ASIS",2,"symmetric rootwise partial collapse + one ASIS cycle","S04",180,1,TRUE,"A","observed_loss",5,0.188085967328088
"symmetric_rootwise_one_ASIS",2,"symmetric rootwise partial collapse + one ASIS cycle","S04",180,1,TRUE,"A","observed_loss",10,0.121294661773757
"symmetric_rootwise_one_ASIS",2,"symmetric rootwise partial collapse + one ASIS cycle","S04",180,1,TRUE,"A","observed_loss",25,0.0192968430132646
"symmetric_rootwise_one_ASIS",2,"symmetric rootwise partial collapse + one ASIS cycle","S04",180,1,TRUE,"A","observed_loss",50,-0.0131376602322565
"symmetric_rootwise_one_ASIS",2,"symmetric rootwise partial collapse + one ASIS cycle","S04",180,1,TRUE,"A","mean_width",1,0.728743662087966
"symmetric_rootwise_one_ASIS",2,"symmetric rootwise partial collapse + one ASIS cycle","S04",180,1,TRUE,"A","mean_width",5,0.24409402266831
"symmetric_rootwise_one_ASIS",2,"symmetric rootwise partial collapse + one ASIS cycle","S04",180,1,TRUE,"A","mean_width",10,0.0902429410199761
"symmetric_rootwise_one_ASIS",2,"symmetric rootwise partial collapse + one ASIS cycle","S04",180,1,TRUE,"A","mean_width",25,0.039553950290881
"symmetric_rootwise_one_ASIS",2,"symmetric rootwise partial collapse + one ASIS cycle","S04",180,1,TRUE,"A","mean_width",50,-0.0300460277714817
"symmetric_rootwise_one_ASIS",2,"symmetric rootwise partial collapse + one ASIS cycle","S04",180,1,TRUE,"A","mean_midpoint",1,0.593208297910966
"symmetric_rootwise_one_ASIS",2,"symmetric rootwise partial collapse + one ASIS cycle","S04",180,1,TRUE,"A","mean_midpoint",5,0.0858390632498462
"symmetric_rootwise_one_ASIS",2,"symmetric rootwise partial collapse + one ASIS cycle","S04",180,1,TRUE,"A","mean_midpoint",10,0.00749488104377155
"symmetric_rootwise_one_ASIS",2,"symmetric rootwise partial collapse + one ASIS cycle","S04",180,1,TRUE,"A","mean_midpoint",25,-0.00537716542212955
"symmetric_rootwise_one_ASIS",2,"symmetric rootwise partial collapse + one ASIS cycle","S04",180,1,TRUE,"A","mean_midpoint",50,0.00115720450409632
"symmetric_rootwise_one_ASIS",2,"symmetric rootwise partial collapse + one ASIS cycle","S04",180,1,TRUE,"A","terminal_width",1,0.421382305012905
"symmetric_rootwise_one_ASIS",2,"symmetric rootwise partial collapse + one ASIS cycle","S04",180,1,TRUE,"A","terminal_width",5,0.0793780317444708
"symmetric_rootwise_one_ASIS",2,"symmetric rootwise partial collapse + one ASIS cycle","S04",180,1,TRUE,"A","terminal_width",10,0.0339576981671821
"symmetric_rootwise_one_ASIS",2,"symmetric rootwise partial collapse + one ASIS cycle","S04",180,1,TRUE,"A","terminal_width",25,0.00245674093917943
"symmetric_rootwise_one_ASIS",2,"symmetric rootwise partial collapse + one ASIS cycle","S04",180,1,TRUE,"A","terminal_width",50,-0.00667682735606287
"symmetric_rootwise_one_ASIS",2,"symmetric rootwise partial collapse + one ASIS cycle","S04",180,1,TRUE,"A","terminal_midpoint",1,0.33309034950774
"symmetric_rootwise_one_ASIS",2,"symmetric rootwise partial collapse + one ASIS cycle","S04",180,1,TRUE,"A","terminal_midpoint",5,0.0502287008035688
"symmetric_rootwise_one_ASIS",2,"symmetric rootwise partial collapse + one ASIS cycle","S04",180,1,TRUE,"A","terminal_midpoint",10,-0.0101420599711698
"symmetric_rootwise_one_ASIS",2,"symmetric rootwise partial collapse + one ASIS cycle","S04",180,1,TRUE,"A","terminal_midpoint",25,-0.00847059235307635
"symmetric_rootwise_one_ASIS",2,"symmetric rootwise partial collapse + one ASIS cycle","S04",180,1,TRUE,"A","terminal_midpoint",50,0.0133200165494176
"symmetric_rootwise_one_ASIS",2,"symmetric rootwise partial collapse + one ASIS cycle","S04",180,2,TRUE,"B","log_q_1",1,0.883539482686934
"symmetric_rootwise_one_ASIS",2,"symmetric rootwise partial collapse + one ASIS cycle","S04",180,2,TRUE,"B","log_q_1",5,0.60635700026956
"symmetric_rootwise_one_ASIS",2,"symmetric rootwise partial collapse + one ASIS cycle","S04",180,2,TRUE,"B","log_q_1",10,0.350647908114219
"symmetric_rootwise_one_ASIS",2,"symmetric rootwise partial collapse + one ASIS cycle","S04",180,2,TRUE,"B","log_q_1",25,0.0804030214672278
"symmetric_rootwise_one_ASIS",2,"symmetric rootwise partial collapse + one ASIS cycle","S04",180,2,TRUE,"B","log_q_1",50,0.00856281439961291
"symmetric_rootwise_one_ASIS",2,"symmetric rootwise partial collapse + one ASIS cycle","S04",180,2,TRUE,"B","observed_loss",1,0.455554753503932
"symmetric_rootwise_one_ASIS",2,"symmetric rootwise partial collapse + one ASIS cycle","S04",180,2,TRUE,"B","observed_loss",5,0.171354086417446
"symmetric_rootwise_one_ASIS",2,"symmetric rootwise partial collapse + one ASIS cycle","S04",180,2,TRUE,"B","observed_loss",10,0.0824746986613057
"symmetric_rootwise_one_ASIS",2,"symmetric rootwise partial collapse + one ASIS cycle","S04",180,2,TRUE,"B","observed_loss",25,0.0387337112266008
"symmetric_rootwise_one_ASIS",2,"symmetric rootwise partial collapse + one ASIS cycle","S04",180,2,TRUE,"B","observed_loss",50,-0.00369735079774055
"symmetric_rootwise_one_ASIS",2,"symmetric rootwise partial collapse + one ASIS cycle","S04",180,2,TRUE,"B","mean_width",1,0.714857870031663
"symmetric_rootwise_one_ASIS",2,"symmetric rootwise partial collapse + one ASIS cycle","S04",180,2,TRUE,"B","mean_width",5,0.208706226697322
"symmetric_rootwise_one_ASIS",2,"symmetric rootwise partial collapse + one ASIS cycle","S04",180,2,TRUE,"B","mean_width",10,0.0692515052982366
"symmetric_rootwise_one_ASIS",2,"symmetric rootwise partial collapse + one ASIS cycle","S04",180,2,TRUE,"B","mean_width",25,0.0304733774618447
"symmetric_rootwise_one_ASIS",2,"symmetric rootwise partial collapse + one ASIS cycle","S04",180,2,TRUE,"B","mean_width",50,-0.0101897381478649
"symmetric_rootwise_one_ASIS",2,"symmetric rootwise partial collapse + one ASIS cycle","S04",180,2,TRUE,"B","mean_midpoint",1,0.606538736945811
"symmetric_rootwise_one_ASIS",2,"symmetric rootwise partial collapse + one ASIS cycle","S04",180,2,TRUE,"B","mean_midpoint",5,0.117997349727333
"symmetric_rootwise_one_ASIS",2,"symmetric rootwise partial collapse + one ASIS cycle","S04",180,2,TRUE,"B","mean_midpoint",10,0.0119468996294661
"symmetric_rootwise_one_ASIS",2,"symmetric rootwise partial collapse + one ASIS cycle","S04",180,2,TRUE,"B","mean_midpoint",25,-0.0430057991881598
"symmetric_rootwise_one_ASIS",2,"symmetric rootwise partial collapse + one ASIS cycle","S04",180,2,TRUE,"B","mean_midpoint",50,-0.0271693912715954
"symmetric_rootwise_one_ASIS",2,"symmetric rootwise partial collapse + one ASIS cycle","S04",180,2,TRUE,"B","terminal_width",1,0.402183170301204
"symmetric_rootwise_one_ASIS",2,"symmetric rootwise partial collapse + one ASIS cycle","S04",180,2,TRUE,"B","terminal_width",5,0.0610014930625323
"symmetric_rootwise_one_ASIS",2,"symmetric rootwise partial collapse + one ASIS cycle","S04",180,2,TRUE,"B","terminal_width",10,-0.024864173983534
"symmetric_rootwise_one_ASIS",2,"symmetric rootwise partial collapse + one ASIS cycle","S04",180,2,TRUE,"B","terminal_width",25,0.0117446728713692
"symmetric_rootwise_one_ASIS",2,"symmetric rootwise partial collapse + one ASIS cycle","S04",180,2,TRUE,"B","terminal_width",50,-0.028847723710743
"symmetric_rootwise_one_ASIS",2,"symmetric rootwise partial collapse + one ASIS cycle","S04",180,2,TRUE,"B","terminal_midpoint",1,0.338932409501855
"symmetric_rootwise_one_ASIS",2,"symmetric rootwise partial collapse + one ASIS cycle","S04",180,2,TRUE,"B","terminal_midpoint",5,0.0358965980766687
"symmetric_rootwise_one_ASIS",2,"symmetric rootwise partial collapse + one ASIS cycle","S04",180,2,TRUE,"B","terminal_midpoint",10,0.026203707646503
"symmetric_rootwise_one_ASIS",2,"symmetric rootwise partial collapse + one ASIS cycle","S04",180,2,TRUE,"B","terminal_midpoint",25,0.0227368669398778
"symmetric_rootwise_one_ASIS",2,"symmetric rootwise partial collapse + one ASIS cycle","S04",180,2,TRUE,"B","terminal_midpoint",50,0.00729475081473257
"symmetric_rootwise_one_ASIS",2,"symmetric rootwise partial collapse + one ASIS cycle","S04",180,3,TRUE,"C","log_q_1",1,0.897836740270706
"symmetric_rootwise_one_ASIS",2,"symmetric rootwise partial collapse + one ASIS cycle","S04",180,3,TRUE,"C","log_q_1",5,0.638004112880122
"symmetric_rootwise_one_ASIS",2,"symmetric rootwise partial collapse + one ASIS cycle","S04",180,3,TRUE,"C","log_q_1",10,0.416818562871189
"symmetric_rootwise_one_ASIS",2,"symmetric rootwise partial collapse + one ASIS cycle","S04",180,3,TRUE,"C","log_q_1",25,0.0776493097042585
"symmetric_rootwise_one_ASIS",2,"symmetric rootwise partial collapse + one ASIS cycle","S04",180,3,TRUE,"C","log_q_1",50,-0.00878057739204763
"symmetric_rootwise_one_ASIS",2,"symmetric rootwise partial collapse + one ASIS cycle","S04",180,3,TRUE,"C","observed_loss",1,0.494285941043633
"symmetric_rootwise_one_ASIS",2,"symmetric rootwise partial collapse + one ASIS cycle","S04",180,3,TRUE,"C","observed_loss",5,0.200653701947973
"symmetric_rootwise_one_ASIS",2,"symmetric rootwise partial collapse + one ASIS cycle","S04",180,3,TRUE,"C","observed_loss",10,0.10816810238899
"symmetric_rootwise_one_ASIS",2,"symmetric rootwise partial collapse + one ASIS cycle","S04",180,3,TRUE,"C","observed_loss",25,0.0341265474699728
"symmetric_rootwise_one_ASIS",2,"symmetric rootwise partial collapse + one ASIS cycle","S04",180,3,TRUE,"C","observed_loss",50,-0.0275850527280245
"symmetric_rootwise_one_ASIS",2,"symmetric rootwise partial collapse + one ASIS cycle","S04",180,3,TRUE,"C","mean_width",1,0.720888178025285
"symmetric_rootwise_one_ASIS",2,"symmetric rootwise partial collapse + one ASIS cycle","S04",180,3,TRUE,"C","mean_width",5,0.174132867836477
"symmetric_rootwise_one_ASIS",2,"symmetric rootwise partial collapse + one ASIS cycle","S04",180,3,TRUE,"C","mean_width",10,0.0577506670616936
"symmetric_rootwise_one_ASIS",2,"symmetric rootwise partial collapse + one ASIS cycle","S04",180,3,TRUE,"C","mean_width",25,0.00464977189842276
"symmetric_rootwise_one_ASIS",2,"symmetric rootwise partial collapse + one ASIS cycle","S04",180,3,TRUE,"C","mean_width",50,-0.0204893735941894
"symmetric_rootwise_one_ASIS",2,"symmetric rootwise partial collapse + one ASIS cycle","S04",180,3,TRUE,"C","mean_midpoint",1,0.610208138717275
"symmetric_rootwise_one_ASIS",2,"symmetric rootwise partial collapse + one ASIS cycle","S04",180,3,TRUE,"C","mean_midpoint",5,0.114359709473627
"symmetric_rootwise_one_ASIS",2,"symmetric rootwise partial collapse + one ASIS cycle","S04",180,3,TRUE,"C","mean_midpoint",10,0.0257766933064216
"symmetric_rootwise_one_ASIS",2,"symmetric rootwise partial collapse + one ASIS cycle","S04",180,3,TRUE,"C","mean_midpoint",25,0.020275768257247
"symmetric_rootwise_one_ASIS",2,"symmetric rootwise partial collapse + one ASIS cycle","S04",180,3,TRUE,"C","mean_midpoint",50,0.0210216354122579
"symmetric_rootwise_one_ASIS",2,"symmetric rootwise partial collapse + one ASIS cycle","S04",180,3,TRUE,"C","terminal_width",1,0.386517339548216
"symmetric_rootwise_one_ASIS",2,"symmetric rootwise partial collapse + one ASIS cycle","S04",180,3,TRUE,"C","terminal_width",5,0.0720826410850416
"symmetric_rootwise_one_ASIS",2,"symmetric rootwise partial collapse + one ASIS cycle","S04",180,3,TRUE,"C","terminal_width",10,0.0282546246764176
"symmetric_rootwise_one_ASIS",2,"symmetric rootwise partial collapse + one ASIS cycle","S04",180,3,TRUE,"C","terminal_width",25,-0.0141354031185683
"symmetric_rootwise_one_ASIS",2,"symmetric rootwise partial collapse + one ASIS cycle","S04",180,3,TRUE,"C","terminal_width",50,-0.00171252932765993
"symmetric_rootwise_one_ASIS",2,"symmetric rootwise partial collapse + one ASIS cycle","S04",180,3,TRUE,"C","terminal_midpoint",1,0.32920439627264
"symmetric_rootwise_one_ASIS",2,"symmetric rootwise partial collapse + one ASIS cycle","S04",180,3,TRUE,"C","terminal_midpoint",5,0.0585949097238301
"symmetric_rootwise_one_ASIS",2,"symmetric rootwise partial collapse + one ASIS cycle","S04",180,3,TRUE,"C","terminal_midpoint",10,0.0412593404501139
"symmetric_rootwise_one_ASIS",2,"symmetric rootwise partial collapse + one ASIS cycle","S04",180,3,TRUE,"C","terminal_midpoint",25,-0.0077252117111743
"symmetric_rootwise_one_ASIS",2,"symmetric rootwise partial collapse + one ASIS cycle","S04",180,3,TRUE,"C","terminal_midpoint",50,0.00265537003793076
"symmetric_rootwise_one_ASIS",2,"symmetric rootwise partial collapse + one ASIS cycle","S04",180,4,TRUE,"D","log_q_1",1,0.876781676759229
"symmetric_rootwise_one_ASIS",2,"symmetric rootwise partial collapse + one ASIS cycle","S04",180,4,TRUE,"D","log_q_1",5,0.576783229583166
"symmetric_rootwise_one_ASIS",2,"symmetric rootwise partial collapse + one ASIS cycle","S04",180,4,TRUE,"D","log_q_1",10,0.357669392731871
"symmetric_rootwise_one_ASIS",2,"symmetric rootwise partial collapse + one ASIS cycle","S04",180,4,TRUE,"D","log_q_1",25,0.101096888476037
"symmetric_rootwise_one_ASIS",2,"symmetric rootwise partial collapse + one ASIS cycle","S04",180,4,TRUE,"D","log_q_1",50,0.0629121290380966
"symmetric_rootwise_one_ASIS",2,"symmetric rootwise partial collapse + one ASIS cycle","S04",180,4,TRUE,"D","observed_loss",1,0.449956721960892
"symmetric_rootwise_one_ASIS",2,"symmetric rootwise partial collapse + one ASIS cycle","S04",180,4,TRUE,"D","observed_loss",5,0.162698673617102
"symmetric_rootwise_one_ASIS",2,"symmetric rootwise partial collapse + one ASIS cycle","S04",180,4,TRUE,"D","observed_loss",10,0.109063730053055
"symmetric_rootwise_one_ASIS",2,"symmetric rootwise partial collapse + one ASIS cycle","S04",180,4,TRUE,"D","observed_loss",25,0.0215146552429393
"symmetric_rootwise_one_ASIS",2,"symmetric rootwise partial collapse + one ASIS cycle","S04",180,4,TRUE,"D","observed_loss",50,0.0256897101555846
"symmetric_rootwise_one_ASIS",2,"symmetric rootwise partial collapse + one ASIS cycle","S04",180,4,TRUE,"D","mean_width",1,0.713082849693571
"symmetric_rootwise_one_ASIS",2,"symmetric rootwise partial collapse + one ASIS cycle","S04",180,4,TRUE,"D","mean_width",5,0.190839380401621
"symmetric_rootwise_one_ASIS",2,"symmetric rootwise partial collapse + one ASIS cycle","S04",180,4,TRUE,"D","mean_width",10,0.0670325384402903
"symmetric_rootwise_one_ASIS",2,"symmetric rootwise partial collapse + one ASIS cycle","S04",180,4,TRUE,"D","mean_width",25,0.0283841665816974
"symmetric_rootwise_one_ASIS",2,"symmetric rootwise partial collapse + one ASIS cycle","S04",180,4,TRUE,"D","mean_width",50,-0.0104346919529521
"symmetric_rootwise_one_ASIS",2,"symmetric rootwise partial collapse + one ASIS cycle","S04",180,4,TRUE,"D","mean_midpoint",1,0.60411597656651
"symmetric_rootwise_one_ASIS",2,"symmetric rootwise partial collapse + one ASIS cycle","S04",180,4,TRUE,"D","mean_midpoint",5,0.106597285215342
"symmetric_rootwise_one_ASIS",2,"symmetric rootwise partial collapse + one ASIS cycle","S04",180,4,TRUE,"D","mean_midpoint",10,0.0298832294753472
"symmetric_rootwise_one_ASIS",2,"symmetric rootwise partial collapse + one ASIS cycle","S04",180,4,TRUE,"D","mean_midpoint",25,0.00736829127431129
"symmetric_rootwise_one_ASIS",2,"symmetric rootwise partial collapse + one ASIS cycle","S04",180,4,TRUE,"D","mean_midpoint",50,0.00640848602634446
"symmetric_rootwise_one_ASIS",2,"symmetric rootwise partial collapse + one ASIS cycle","S04",180,4,TRUE,"D","terminal_width",1,0.389473053365823
"symmetric_rootwise_one_ASIS",2,"symmetric rootwise partial collapse + one ASIS cycle","S04",180,4,TRUE,"D","terminal_width",5,0.0484028427416756
"symmetric_rootwise_one_ASIS",2,"symmetric rootwise partial collapse + one ASIS cycle","S04",180,4,TRUE,"D","terminal_width",10,-0.0151899605505559
"symmetric_rootwise_one_ASIS",2,"symmetric rootwise partial collapse + one ASIS cycle","S04",180,4,TRUE,"D","terminal_width",25,0.0139229839474505
"symmetric_rootwise_one_ASIS",2,"symmetric rootwise partial collapse + one ASIS cycle","S04",180,4,TRUE,"D","terminal_width",50,0.00649754541840511
"symmetric_rootwise_one_ASIS",2,"symmetric rootwise partial collapse + one ASIS cycle","S04",180,4,TRUE,"D","terminal_midpoint",1,0.339868231267608
"symmetric_rootwise_one_ASIS",2,"symmetric rootwise partial collapse + one ASIS cycle","S04",180,4,TRUE,"D","terminal_midpoint",5,0.0409877699841907
"symmetric_rootwise_one_ASIS",2,"symmetric rootwise partial collapse + one ASIS cycle","S04",180,4,TRUE,"D","terminal_midpoint",10,0.0235649505529934
"symmetric_rootwise_one_ASIS",2,"symmetric rootwise partial collapse + one ASIS cycle","S04",180,4,TRUE,"D","terminal_midpoint",25,0.0181020840185687
"symmetric_rootwise_one_ASIS",2,"symmetric rootwise partial collapse + one ASIS cycle","S04",180,4,TRUE,"D","terminal_midpoint",50,-0.00612235267893806
"symmetric_rootwise_one_ASIS",2,"symmetric rootwise partial collapse + one ASIS cycle","S03",185,1,FALSE,"standard","log_q_1",1,0.814422516006615
"symmetric_rootwise_one_ASIS",2,"symmetric rootwise partial collapse + one ASIS cycle","S03",185,1,FALSE,"standard","log_q_1",5,0.426409587495438
"symmetric_rootwise_one_ASIS",2,"symmetric rootwise partial collapse + one ASIS cycle","S03",185,1,FALSE,"standard","log_q_1",10,0.225967842990746
"symmetric_rootwise_one_ASIS",2,"symmetric rootwise partial collapse + one ASIS cycle","S03",185,1,FALSE,"standard","log_q_1",25,0.0538749661272655
"symmetric_rootwise_one_ASIS",2,"symmetric rootwise partial collapse + one ASIS cycle","S03",185,1,FALSE,"standard","log_q_1",50,0.0297666189885948
"symmetric_rootwise_one_ASIS",2,"symmetric rootwise partial collapse + one ASIS cycle","S03",185,1,FALSE,"standard","observed_loss",1,0.258228155320138
"symmetric_rootwise_one_ASIS",2,"symmetric rootwise partial collapse + one ASIS cycle","S03",185,1,FALSE,"standard","observed_loss",5,0.0247615271614882
"symmetric_rootwise_one_ASIS",2,"symmetric rootwise partial collapse + one ASIS cycle","S03",185,1,FALSE,"standard","observed_loss",10,0.023573469469684
"symmetric_rootwise_one_ASIS",2,"symmetric rootwise partial collapse + one ASIS cycle","S03",185,1,FALSE,"standard","observed_loss",25,0.0159869540710876
"symmetric_rootwise_one_ASIS",2,"symmetric rootwise partial collapse + one ASIS cycle","S03",185,1,FALSE,"standard","observed_loss",50,0.0196548755989271
"symmetric_rootwise_one_ASIS",2,"symmetric rootwise partial collapse + one ASIS cycle","S03",185,1,FALSE,"standard","mean_width",1,0.564192051364122
"symmetric_rootwise_one_ASIS",2,"symmetric rootwise partial collapse + one ASIS cycle","S03",185,1,FALSE,"standard","mean_width",5,0.0673307760625157
"symmetric_rootwise_one_ASIS",2,"symmetric rootwise partial collapse + one ASIS cycle","S03",185,1,FALSE,"standard","mean_width",10,0.0132941644657593
"symmetric_rootwise_one_ASIS",2,"symmetric rootwise partial collapse + one ASIS cycle","S03",185,1,FALSE,"standard","mean_width",25,-0.000409613831679673
"symmetric_rootwise_one_ASIS",2,"symmetric rootwise partial collapse + one ASIS cycle","S03",185,1,FALSE,"standard","mean_width",50,-0.02986561210548
"symmetric_rootwise_one_ASIS",2,"symmetric rootwise partial collapse + one ASIS cycle","S03",185,1,FALSE,"standard","mean_midpoint",1,0.457220196541773
"symmetric_rootwise_one_ASIS",2,"symmetric rootwise partial collapse + one ASIS cycle","S03",185,1,FALSE,"standard","mean_midpoint",5,0.0197944741411943
"symmetric_rootwise_one_ASIS",2,"symmetric rootwise partial collapse + one ASIS cycle","S03",185,1,FALSE,"standard","mean_midpoint",10,0.0134456476014422
"symmetric_rootwise_one_ASIS",2,"symmetric rootwise partial collapse + one ASIS cycle","S03",185,1,FALSE,"standard","mean_midpoint",25,0.0217406655629029
"symmetric_rootwise_one_ASIS",2,"symmetric rootwise partial collapse + one ASIS cycle","S03",185,1,FALSE,"standard","mean_midpoint",50,0.0185239255545229
"symmetric_rootwise_one_ASIS",2,"symmetric rootwise partial collapse + one ASIS cycle","S03",185,1,FALSE,"standard","terminal_width",1,0.352342202110542
"symmetric_rootwise_one_ASIS",2,"symmetric rootwise partial collapse + one ASIS cycle","S03",185,1,FALSE,"standard","terminal_width",5,0.00767972101124362
"symmetric_rootwise_one_ASIS",2,"symmetric rootwise partial collapse + one ASIS cycle","S03",185,1,FALSE,"standard","terminal_width",10,0.0350742241498016
"symmetric_rootwise_one_ASIS",2,"symmetric rootwise partial collapse + one ASIS cycle","S03",185,1,FALSE,"standard","terminal_width",25,-0.0387103478314318
"symmetric_rootwise_one_ASIS",2,"symmetric rootwise partial collapse + one ASIS cycle","S03",185,1,FALSE,"standard","terminal_width",50,0.0010009092897788
"symmetric_rootwise_one_ASIS",2,"symmetric rootwise partial collapse + one ASIS cycle","S03",185,1,FALSE,"standard","terminal_midpoint",1,0.306655105783249
"symmetric_rootwise_one_ASIS",2,"symmetric rootwise partial collapse + one ASIS cycle","S03",185,1,FALSE,"standard","terminal_midpoint",5,0.0287607587705027
"symmetric_rootwise_one_ASIS",2,"symmetric rootwise partial collapse + one ASIS cycle","S03",185,1,FALSE,"standard","terminal_midpoint",10,0.0137778492275171
"symmetric_rootwise_one_ASIS",2,"symmetric rootwise partial collapse + one ASIS cycle","S03",185,1,FALSE,"standard","terminal_midpoint",25,-0.00459774924185962
"symmetric_rootwise_one_ASIS",2,"symmetric rootwise partial collapse + one ASIS cycle","S03",185,1,FALSE,"standard","terminal_midpoint",50,0.0138614371207186
"symmetric_rootwise_two_ASIS",3,"symmetric rootwise partial collapse + two ASIS cycles","S03",13,1,FALSE,"standard","log_q_1",1,0.932105310140242
"symmetric_rootwise_two_ASIS",3,"symmetric rootwise partial collapse + two ASIS cycles","S03",13,1,FALSE,"standard","log_q_1",5,0.757000936477806
"symmetric_rootwise_two_ASIS",3,"symmetric rootwise partial collapse + two ASIS cycles","S03",13,1,FALSE,"standard","log_q_1",10,0.592879083793747
"symmetric_rootwise_two_ASIS",3,"symmetric rootwise partial collapse + two ASIS cycles","S03",13,1,FALSE,"standard","log_q_1",25,0.333532105257309
"symmetric_rootwise_two_ASIS",3,"symmetric rootwise partial collapse + two ASIS cycles","S03",13,1,FALSE,"standard","log_q_1",50,0.182777320064756
"symmetric_rootwise_two_ASIS",3,"symmetric rootwise partial collapse + two ASIS cycles","S03",13,1,FALSE,"standard","observed_loss",1,0.680030913027509
"symmetric_rootwise_two_ASIS",3,"symmetric rootwise partial collapse + two ASIS cycles","S03",13,1,FALSE,"standard","observed_loss",5,0.499052101770105
"symmetric_rootwise_two_ASIS",3,"symmetric rootwise partial collapse + two ASIS cycles","S03",13,1,FALSE,"standard","observed_loss",10,0.392760276345548
"symmetric_rootwise_two_ASIS",3,"symmetric rootwise partial collapse + two ASIS cycles","S03",13,1,FALSE,"standard","observed_loss",25,0.231048660844086
"symmetric_rootwise_two_ASIS",3,"symmetric rootwise partial collapse + two ASIS cycles","S03",13,1,FALSE,"standard","observed_loss",50,0.125552773644964
"symmetric_rootwise_two_ASIS",3,"symmetric rootwise partial collapse + two ASIS cycles","S03",13,1,FALSE,"standard","mean_width",1,0.700697796952394
"symmetric_rootwise_two_ASIS",3,"symmetric rootwise partial collapse + two ASIS cycles","S03",13,1,FALSE,"standard","mean_width",5,0.238917464782238
"symmetric_rootwise_two_ASIS",3,"symmetric rootwise partial collapse + two ASIS cycles","S03",13,1,FALSE,"standard","mean_width",10,0.102393198890746
"symmetric_rootwise_two_ASIS",3,"symmetric rootwise partial collapse + two ASIS cycles","S03",13,1,FALSE,"standard","mean_width",25,0.0363818939739804
"symmetric_rootwise_two_ASIS",3,"symmetric rootwise partial collapse + two ASIS cycles","S03",13,1,FALSE,"standard","mean_width",50,0.00272720783372297
"symmetric_rootwise_two_ASIS",3,"symmetric rootwise partial collapse + two ASIS cycles","S03",13,1,FALSE,"standard","mean_midpoint",1,0.608132478651278
"symmetric_rootwise_two_ASIS",3,"symmetric rootwise partial collapse + two ASIS cycles","S03",13,1,FALSE,"standard","mean_midpoint",5,0.132112230268395
"symmetric_rootwise_two_ASIS",3,"symmetric rootwise partial collapse + two ASIS cycles","S03",13,1,FALSE,"standard","mean_midpoint",10,0.055206575046392
"symmetric_rootwise_two_ASIS",3,"symmetric rootwise partial collapse + two ASIS cycles","S03",13,1,FALSE,"standard","mean_midpoint",25,0.000411889379958781
"symmetric_rootwise_two_ASIS",3,"symmetric rootwise partial collapse + two ASIS cycles","S03",13,1,FALSE,"standard","mean_midpoint",50,0.017175898485874
"symmetric_rootwise_two_ASIS",3,"symmetric rootwise partial collapse + two ASIS cycles","S03",13,1,FALSE,"standard","terminal_width",1,0.667586674705464
"symmetric_rootwise_two_ASIS",3,"symmetric rootwise partial collapse + two ASIS cycles","S03",13,1,FALSE,"standard","terminal_width",5,0.364768815868483
"symmetric_rootwise_two_ASIS",3,"symmetric rootwise partial collapse + two ASIS cycles","S03",13,1,FALSE,"standard","terminal_width",10,0.237929128203356
"symmetric_rootwise_two_ASIS",3,"symmetric rootwise partial collapse + two ASIS cycles","S03",13,1,FALSE,"standard","terminal_width",25,0.114378676641084
"symmetric_rootwise_two_ASIS",3,"symmetric rootwise partial collapse + two ASIS cycles","S03",13,1,FALSE,"standard","terminal_width",50,0.0271809251142591
"symmetric_rootwise_two_ASIS",3,"symmetric rootwise partial collapse + two ASIS cycles","S03",13,1,FALSE,"standard","terminal_midpoint",1,0.558512709867866
"symmetric_rootwise_two_ASIS",3,"symmetric rootwise partial collapse + two ASIS cycles","S03",13,1,FALSE,"standard","terminal_midpoint",5,0.233209227307242
"symmetric_rootwise_two_ASIS",3,"symmetric rootwise partial collapse + two ASIS cycles","S03",13,1,FALSE,"standard","terminal_midpoint",10,0.155806292120882
"symmetric_rootwise_two_ASIS",3,"symmetric rootwise partial collapse + two ASIS cycles","S03",13,1,FALSE,"standard","terminal_midpoint",25,0.0625879663326546
"symmetric_rootwise_two_ASIS",3,"symmetric rootwise partial collapse + two ASIS cycles","S03",13,1,FALSE,"standard","terminal_midpoint",50,0.00386515913478895
"symmetric_rootwise_two_ASIS",3,"symmetric rootwise partial collapse + two ASIS cycles","S03",103,1,FALSE,"standard","log_q_1",1,0.871954238311619
"symmetric_rootwise_two_ASIS",3,"symmetric rootwise partial collapse + two ASIS cycles","S03",103,1,FALSE,"standard","log_q_1",5,0.552635059961796
"symmetric_rootwise_two_ASIS",3,"symmetric rootwise partial collapse + two ASIS cycles","S03",103,1,FALSE,"standard","log_q_1",10,0.32098859607595
"symmetric_rootwise_two_ASIS",3,"symmetric rootwise partial collapse + two ASIS cycles","S03",103,1,FALSE,"standard","log_q_1",25,0.0224368978243065
"symmetric_rootwise_two_ASIS",3,"symmetric rootwise partial collapse + two ASIS cycles","S03",103,1,FALSE,"standard","log_q_1",50,0.0323909517977165
"symmetric_rootwise_two_ASIS",3,"symmetric rootwise partial collapse + two ASIS cycles","S03",103,1,FALSE,"standard","observed_loss",1,0.434034308109762
"symmetric_rootwise_two_ASIS",3,"symmetric rootwise partial collapse + two ASIS cycles","S03",103,1,FALSE,"standard","observed_loss",5,0.182762115356667
"symmetric_rootwise_two_ASIS",3,"symmetric rootwise partial collapse + two ASIS cycles","S03",103,1,FALSE,"standard","observed_loss",10,0.101692064843956
"symmetric_rootwise_two_ASIS",3,"symmetric rootwise partial collapse + two ASIS cycles","S03",103,1,FALSE,"standard","observed_loss",25,-0.00943045618910043
"symmetric_rootwise_two_ASIS",3,"symmetric rootwise partial collapse + two ASIS cycles","S03",103,1,FALSE,"standard","observed_loss",50,-0.0083739795230943
"symmetric_rootwise_two_ASIS",3,"symmetric rootwise partial collapse + two ASIS cycles","S03",103,1,FALSE,"standard","mean_width",1,0.668054605367288
"symmetric_rootwise_two_ASIS",3,"symmetric rootwise partial collapse + two ASIS cycles","S03",103,1,FALSE,"standard","mean_width",5,0.204346347035787
"symmetric_rootwise_two_ASIS",3,"symmetric rootwise partial collapse + two ASIS cycles","S03",103,1,FALSE,"standard","mean_width",10,0.0899734042153169
"symmetric_rootwise_two_ASIS",3,"symmetric rootwise partial collapse + two ASIS cycles","S03",103,1,FALSE,"standard","mean_width",25,0.0112995088711292
"symmetric_rootwise_two_ASIS",3,"symmetric rootwise partial collapse + two ASIS cycles","S03",103,1,FALSE,"standard","mean_width",50,-0.0262843016650758
"symmetric_rootwise_two_ASIS",3,"symmetric rootwise partial collapse + two ASIS cycles","S03",103,1,FALSE,"standard","mean_midpoint",1,0.546965691194712
"symmetric_rootwise_two_ASIS",3,"symmetric rootwise partial collapse + two ASIS cycles","S03",103,1,FALSE,"standard","mean_midpoint",5,0.0469923641309173
"symmetric_rootwise_two_ASIS",3,"symmetric rootwise partial collapse + two ASIS cycles","S03",103,1,FALSE,"standard","mean_midpoint",10,-0.0320215612046679
"symmetric_rootwise_two_ASIS",3,"symmetric rootwise partial collapse + two ASIS cycles","S03",103,1,FALSE,"standard","mean_midpoint",25,0.0118359001662944
"symmetric_rootwise_two_ASIS",3,"symmetric rootwise partial collapse + two ASIS cycles","S03",103,1,FALSE,"standard","mean_midpoint",50,-0.018618387020316
"symmetric_rootwise_two_ASIS",3,"symmetric rootwise partial collapse + two ASIS cycles","S03",103,1,FALSE,"standard","terminal_width",1,0.345292919117721
"symmetric_rootwise_two_ASIS",3,"symmetric rootwise partial collapse + two ASIS cycles","S03",103,1,FALSE,"standard","terminal_width",5,0.0407031747695352
"symmetric_rootwise_two_ASIS",3,"symmetric rootwise partial collapse + two ASIS cycles","S03",103,1,FALSE,"standard","terminal_width",10,-0.00053793358804003
"symmetric_rootwise_two_ASIS",3,"symmetric rootwise partial collapse + two ASIS cycles","S03",103,1,FALSE,"standard","terminal_width",25,0.026437187293787
"symmetric_rootwise_two_ASIS",3,"symmetric rootwise partial collapse + two ASIS cycles","S03",103,1,FALSE,"standard","terminal_width",50,-0.00175381591803768
"symmetric_rootwise_two_ASIS",3,"symmetric rootwise partial collapse + two ASIS cycles","S03",103,1,FALSE,"standard","terminal_midpoint",1,0.208749089895207
"symmetric_rootwise_two_ASIS",3,"symmetric rootwise partial collapse + two ASIS cycles","S03",103,1,FALSE,"standard","terminal_midpoint",5,0.014165524932797
"symmetric_rootwise_two_ASIS",3,"symmetric rootwise partial collapse + two ASIS cycles","S03",103,1,FALSE,"standard","terminal_midpoint",10,0.003150968148987
"symmetric_rootwise_two_ASIS",3,"symmetric rootwise partial collapse + two ASIS cycles","S03",103,1,FALSE,"standard","terminal_midpoint",25,0.00523875427835761
"symmetric_rootwise_two_ASIS",3,"symmetric rootwise partial collapse + two ASIS cycles","S03",103,1,FALSE,"standard","terminal_midpoint",50,-0.0172549932523707
"symmetric_rootwise_two_ASIS",3,"symmetric rootwise partial collapse + two ASIS cycles","S03",192,1,FALSE,"standard","log_q_1",1,0.872658629354671
"symmetric_rootwise_two_ASIS",3,"symmetric rootwise partial collapse + two ASIS cycles","S03",192,1,FALSE,"standard","log_q_1",5,0.583609839187175
"symmetric_rootwise_two_ASIS",3,"symmetric rootwise partial collapse + two ASIS cycles","S03",192,1,FALSE,"standard","log_q_1",10,0.366134288168077
"symmetric_rootwise_two_ASIS",3,"symmetric rootwise partial collapse + two ASIS cycles","S03",192,1,FALSE,"standard","log_q_1",25,0.0669560190340146
"symmetric_rootwise_two_ASIS",3,"symmetric rootwise partial collapse + two ASIS cycles","S03",192,1,FALSE,"standard","log_q_1",50,0.031439715667615
"symmetric_rootwise_two_ASIS",3,"symmetric rootwise partial collapse + two ASIS cycles","S03",192,1,FALSE,"standard","observed_loss",1,0.323029133547202
"symmetric_rootwise_two_ASIS",3,"symmetric rootwise partial collapse + two ASIS cycles","S03",192,1,FALSE,"standard","observed_loss",5,0.086414828902151
"symmetric_rootwise_two_ASIS",3,"symmetric rootwise partial collapse + two ASIS cycles","S03",192,1,FALSE,"standard","observed_loss",10,0.0628684858957524
"symmetric_rootwise_two_ASIS",3,"symmetric rootwise partial collapse + two ASIS cycles","S03",192,1,FALSE,"standard","observed_loss",25,0.0388862799935089
"symmetric_rootwise_two_ASIS",3,"symmetric rootwise partial collapse + two ASIS cycles","S03",192,1,FALSE,"standard","observed_loss",50,0.0116761035523038
"symmetric_rootwise_two_ASIS",3,"symmetric rootwise partial collapse + two ASIS cycles","S03",192,1,FALSE,"standard","mean_width",1,0.608428997103598
"symmetric_rootwise_two_ASIS",3,"symmetric rootwise partial collapse + two ASIS cycles","S03",192,1,FALSE,"standard","mean_width",5,0.0554263941326281
"symmetric_rootwise_two_ASIS",3,"symmetric rootwise partial collapse + two ASIS cycles","S03",192,1,FALSE,"standard","mean_width",10,0.0110904147922089
"symmetric_rootwise_two_ASIS",3,"symmetric rootwise partial collapse + two ASIS cycles","S03",192,1,FALSE,"standard","mean_width",25,0.0218046669436598
"symmetric_rootwise_two_ASIS",3,"symmetric rootwise partial collapse + two ASIS cycles","S03",192,1,FALSE,"standard","mean_width",50,0.00666590345077468
"symmetric_rootwise_two_ASIS",3,"symmetric rootwise partial collapse + two ASIS cycles","S03",192,1,FALSE,"standard","mean_midpoint",1,0.497224967011416
"symmetric_rootwise_two_ASIS",3,"symmetric rootwise partial collapse + two ASIS cycles","S03",192,1,FALSE,"standard","mean_midpoint",5,-0.00365414657981073
"symmetric_rootwise_two_ASIS",3,"symmetric rootwise partial collapse + two ASIS cycles","S03",192,1,FALSE,"standard","mean_midpoint",10,0.00855049342767291
"symmetric_rootwise_two_ASIS",3,"symmetric rootwise partial collapse + two ASIS cycles","S03",192,1,FALSE,"standard","mean_midpoint",25,0.00162799742634373
"symmetric_rootwise_two_ASIS",3,"symmetric rootwise partial collapse + two ASIS cycles","S03",192,1,FALSE,"standard","mean_midpoint",50,0.0412025375045507
"symmetric_rootwise_two_ASIS",3,"symmetric rootwise partial collapse + two ASIS cycles","S03",192,1,FALSE,"standard","terminal_width",1,0.340208170062417
"symmetric_rootwise_two_ASIS",3,"symmetric rootwise partial collapse + two ASIS cycles","S03",192,1,FALSE,"standard","terminal_width",5,0.0412856221276634
"symmetric_rootwise_two_ASIS",3,"symmetric rootwise partial collapse + two ASIS cycles","S03",192,1,FALSE,"standard","terminal_width",10,-0.0146468263666129
"symmetric_rootwise_two_ASIS",3,"symmetric rootwise partial collapse + two ASIS cycles","S03",192,1,FALSE,"standard","terminal_width",25,-0.0079171197533898
"symmetric_rootwise_two_ASIS",3,"symmetric rootwise partial collapse + two ASIS cycles","S03",192,1,FALSE,"standard","terminal_width",50,-0.0115435120843608
"symmetric_rootwise_two_ASIS",3,"symmetric rootwise partial collapse + two ASIS cycles","S03",192,1,FALSE,"standard","terminal_midpoint",1,0.280985829057206
"symmetric_rootwise_two_ASIS",3,"symmetric rootwise partial collapse + two ASIS cycles","S03",192,1,FALSE,"standard","terminal_midpoint",5,0.0353582892132443
"symmetric_rootwise_two_ASIS",3,"symmetric rootwise partial collapse + two ASIS cycles","S03",192,1,FALSE,"standard","terminal_midpoint",10,0.017600716275506
"symmetric_rootwise_two_ASIS",3,"symmetric rootwise partial collapse + two ASIS cycles","S03",192,1,FALSE,"standard","terminal_midpoint",25,0.0148049443232612
"symmetric_rootwise_two_ASIS",3,"symmetric rootwise partial collapse + two ASIS cycles","S03",192,1,FALSE,"standard","terminal_midpoint",50,-0.0170515012535743
"symmetric_rootwise_two_ASIS",3,"symmetric rootwise partial collapse + two ASIS cycles","S04",193,1,TRUE,"A","log_q_1",1,0.856925528713218
"symmetric_rootwise_two_ASIS",3,"symmetric rootwise partial collapse + two ASIS cycles","S04",193,1,TRUE,"A","log_q_1",5,0.550062293599034
"symmetric_rootwise_two_ASIS",3,"symmetric rootwise partial collapse + two ASIS cycles","S04",193,1,TRUE,"A","log_q_1",10,0.308202006188411
"symmetric_rootwise_two_ASIS",3,"symmetric rootwise partial collapse + two ASIS cycles","S04",193,1,TRUE,"A","log_q_1",25,0.118854062284218
"symmetric_rootwise_two_ASIS",3,"symmetric rootwise partial collapse + two ASIS cycles","S04",193,1,TRUE,"A","log_q_1",50,0.0187583565812535
"symmetric_rootwise_two_ASIS",3,"symmetric rootwise partial collapse + two ASIS cycles","S04",193,1,TRUE,"A","observed_loss",1,0.438504010887392
"symmetric_rootwise_two_ASIS",3,"symmetric rootwise partial collapse + two ASIS cycles","S04",193,1,TRUE,"A","observed_loss",5,0.170128446462342
"symmetric_rootwise_two_ASIS",3,"symmetric rootwise partial collapse + two ASIS cycles","S04",193,1,TRUE,"A","observed_loss",10,0.0798232245022041
"symmetric_rootwise_two_ASIS",3,"symmetric rootwise partial collapse + two ASIS cycles","S04",193,1,TRUE,"A","observed_loss",25,0.0164361653482852
"symmetric_rootwise_two_ASIS",3,"symmetric rootwise partial collapse + two ASIS cycles","S04",193,1,TRUE,"A","observed_loss",50,-0.00128270768919945
"symmetric_rootwise_two_ASIS",3,"symmetric rootwise partial collapse + two ASIS cycles","S04",193,1,TRUE,"A","mean_width",1,0.729468058082241
"symmetric_rootwise_two_ASIS",3,"symmetric rootwise partial collapse + two ASIS cycles","S04",193,1,TRUE,"A","mean_width",5,0.254339734229866
"symmetric_rootwise_two_ASIS",3,"symmetric rootwise partial collapse + two ASIS cycles","S04",193,1,TRUE,"A","mean_width",10,0.0534361440193063
"symmetric_rootwise_two_ASIS",3,"symmetric rootwise partial collapse + two ASIS cycles","S04",193,1,TRUE,"A","mean_width",25,0.00704682772163282
"symmetric_rootwise_two_ASIS",3,"symmetric rootwise partial collapse + two ASIS cycles","S04",193,1,TRUE,"A","mean_width",50,0.00670933875365896
"symmetric_rootwise_two_ASIS",3,"symmetric rootwise partial collapse + two ASIS cycles","S04",193,1,TRUE,"A","mean_midpoint",1,0.589485396019804
"symmetric_rootwise_two_ASIS",3,"symmetric rootwise partial collapse + two ASIS cycles","S04",193,1,TRUE,"A","mean_midpoint",5,0.11900500053989
"symmetric_rootwise_two_ASIS",3,"symmetric rootwise partial collapse + two ASIS cycles","S04",193,1,TRUE,"A","mean_midpoint",10,0.0285588765127786
"symmetric_rootwise_two_ASIS",3,"symmetric rootwise partial collapse + two ASIS cycles","S04",193,1,TRUE,"A","mean_midpoint",25,-0.00177294197894059
"symmetric_rootwise_two_ASIS",3,"symmetric rootwise partial collapse + two ASIS cycles","S04",193,1,TRUE,"A","mean_midpoint",50,-0.00981339029464273
"symmetric_rootwise_two_ASIS",3,"symmetric rootwise partial collapse + two ASIS cycles","S04",193,1,TRUE,"A","terminal_width",1,0.489756652274059
"symmetric_rootwise_two_ASIS",3,"symmetric rootwise partial collapse + two ASIS cycles","S04",193,1,TRUE,"A","terminal_width",5,0.0984358639352524
"symmetric_rootwise_two_ASIS",3,"symmetric rootwise partial collapse + two ASIS cycles","S04",193,1,TRUE,"A","terminal_width",10,-0.000500751848847683
"symmetric_rootwise_two_ASIS",3,"symmetric rootwise partial collapse + two ASIS cycles","S04",193,1,TRUE,"A","terminal_width",25,-0.016060223830825
"symmetric_rootwise_two_ASIS",3,"symmetric rootwise partial collapse + two ASIS cycles","S04",193,1,TRUE,"A","terminal_width",50,0.0139060558031391
"symmetric_rootwise_two_ASIS",3,"symmetric rootwise partial collapse + two ASIS cycles","S04",193,1,TRUE,"A","terminal_midpoint",1,0.334579370012229
"symmetric_rootwise_two_ASIS",3,"symmetric rootwise partial collapse + two ASIS cycles","S04",193,1,TRUE,"A","terminal_midpoint",5,0.0122097886507039
"symmetric_rootwise_two_ASIS",3,"symmetric rootwise partial collapse + two ASIS cycles","S04",193,1,TRUE,"A","terminal_midpoint",10,0.00593819423448998
"symmetric_rootwise_two_ASIS",3,"symmetric rootwise partial collapse + two ASIS cycles","S04",193,1,TRUE,"A","terminal_midpoint",25,0.00709052449840846
"symmetric_rootwise_two_ASIS",3,"symmetric rootwise partial collapse + two ASIS cycles","S04",193,1,TRUE,"A","terminal_midpoint",50,0.00905271193215997
"symmetric_rootwise_two_ASIS",3,"symmetric rootwise partial collapse + two ASIS cycles","S04",193,2,TRUE,"B","log_q_1",1,0.857787194575192
"symmetric_rootwise_two_ASIS",3,"symmetric rootwise partial collapse + two ASIS cycles","S04",193,2,TRUE,"B","log_q_1",5,0.553488778222971
"symmetric_rootwise_two_ASIS",3,"symmetric rootwise partial collapse + two ASIS cycles","S04",193,2,TRUE,"B","log_q_1",10,0.312467366321729
"symmetric_rootwise_two_ASIS",3,"symmetric rootwise partial collapse + two ASIS cycles","S04",193,2,TRUE,"B","log_q_1",25,0.0724652813474173
"symmetric_rootwise_two_ASIS",3,"symmetric rootwise partial collapse + two ASIS cycles","S04",193,2,TRUE,"B","log_q_1",50,0.0182604787461154
"symmetric_rootwise_two_ASIS",3,"symmetric rootwise partial collapse + two ASIS cycles","S04",193,2,TRUE,"B","observed_loss",1,0.415588031559258
"symmetric_rootwise_two_ASIS",3,"symmetric rootwise partial collapse + two ASIS cycles","S04",193,2,TRUE,"B","observed_loss",5,0.146662773453443
"symmetric_rootwise_two_ASIS",3,"symmetric rootwise partial collapse + two ASIS cycles","S04",193,2,TRUE,"B","observed_loss",10,0.103595757326737
"symmetric_rootwise_two_ASIS",3,"symmetric rootwise partial collapse + two ASIS cycles","S04",193,2,TRUE,"B","observed_loss",25,0.0144000142201833
"symmetric_rootwise_two_ASIS",3,"symmetric rootwise partial collapse + two ASIS cycles","S04",193,2,TRUE,"B","observed_loss",50,-0.00905121863190477
"symmetric_rootwise_two_ASIS",3,"symmetric rootwise partial collapse + two ASIS cycles","S04",193,2,TRUE,"B","mean_width",1,0.703340279529347
"symmetric_rootwise_two_ASIS",3,"symmetric rootwise partial collapse + two ASIS cycles","S04",193,2,TRUE,"B","mean_width",5,0.200334867981832
"symmetric_rootwise_two_ASIS",3,"symmetric rootwise partial collapse + two ASIS cycles","S04",193,2,TRUE,"B","mean_width",10,0.0927061345779437
"symmetric_rootwise_two_ASIS",3,"symmetric rootwise partial collapse + two ASIS cycles","S04",193,2,TRUE,"B","mean_width",25,0.0049948690734659
"symmetric_rootwise_two_ASIS",3,"symmetric rootwise partial collapse + two ASIS cycles","S04",193,2,TRUE,"B","mean_width",50,-0.015366166479508
"symmetric_rootwise_two_ASIS",3,"symmetric rootwise partial collapse + two ASIS cycles","S04",193,2,TRUE,"B","mean_midpoint",1,0.572752607155692
"symmetric_rootwise_two_ASIS",3,"symmetric rootwise partial collapse + two ASIS cycles","S04",193,2,TRUE,"B","mean_midpoint",5,0.100550193307131
"symmetric_rootwise_two_ASIS",3,"symmetric rootwise partial collapse + two ASIS cycles","S04",193,2,TRUE,"B","mean_midpoint",10,-0.00107727364302918
"symmetric_rootwise_two_ASIS",3,"symmetric rootwise partial collapse + two ASIS cycles","S04",193,2,TRUE,"B","mean_midpoint",25,0.00050552494976899
"symmetric_rootwise_two_ASIS",3,"symmetric rootwise partial collapse + two ASIS cycles","S04",193,2,TRUE,"B","mean_midpoint",50,-0.00820575194509986
"symmetric_rootwise_two_ASIS",3,"symmetric rootwise partial collapse + two ASIS cycles","S04",193,2,TRUE,"B","terminal_width",1,0.441048303100561
"symmetric_rootwise_two_ASIS",3,"symmetric rootwise partial collapse + two ASIS cycles","S04",193,2,TRUE,"B","terminal_width",5,0.0711202465421832
"symmetric_rootwise_two_ASIS",3,"symmetric rootwise partial collapse + two ASIS cycles","S04",193,2,TRUE,"B","terminal_width",10,0.0281432264669695
"symmetric_rootwise_two_ASIS",3,"symmetric rootwise partial collapse + two ASIS cycles","S04",193,2,TRUE,"B","terminal_width",25,-0.00572287465625471
"symmetric_rootwise_two_ASIS",3,"symmetric rootwise partial collapse + two ASIS cycles","S04",193,2,TRUE,"B","terminal_width",50,0.0111901169317448
"symmetric_rootwise_two_ASIS",3,"symmetric rootwise partial collapse + two ASIS cycles","S04",193,2,TRUE,"B","terminal_midpoint",1,0.310555212814827
"symmetric_rootwise_two_ASIS",3,"symmetric rootwise partial collapse + two ASIS cycles","S04",193,2,TRUE,"B","terminal_midpoint",5,0.0492770539762549
"symmetric_rootwise_two_ASIS",3,"symmetric rootwise partial collapse + two ASIS cycles","S04",193,2,TRUE,"B","terminal_midpoint",10,0.0101290622878211
"symmetric_rootwise_two_ASIS",3,"symmetric rootwise partial collapse + two ASIS cycles","S04",193,2,TRUE,"B","terminal_midpoint",25,-0.0167922629328789
"symmetric_rootwise_two_ASIS",3,"symmetric rootwise partial collapse + two ASIS cycles","S04",193,2,TRUE,"B","terminal_midpoint",50,0.014438529297301
"symmetric_rootwise_two_ASIS",3,"symmetric rootwise partial collapse + two ASIS cycles","S04",193,3,TRUE,"C","log_q_1",1,0.865040371722895
"symmetric_rootwise_two_ASIS",3,"symmetric rootwise partial collapse + two ASIS cycles","S04",193,3,TRUE,"C","log_q_1",5,0.587293805663419
"symmetric_rootwise_two_ASIS",3,"symmetric rootwise partial collapse + two ASIS cycles","S04",193,3,TRUE,"C","log_q_1",10,0.377500416707198
"symmetric_rootwise_two_ASIS",3,"symmetric rootwise partial collapse + two ASIS cycles","S04",193,3,TRUE,"C","log_q_1",25,0.114106174998551
"symmetric_rootwise_two_ASIS",3,"symmetric rootwise partial collapse + two ASIS cycles","S04",193,3,TRUE,"C","log_q_1",50,-0.00435431918404795
"symmetric_rootwise_two_ASIS",3,"symmetric rootwise partial collapse + two ASIS cycles","S04",193,3,TRUE,"C","observed_loss",1,0.424188233026404
"symmetric_rootwise_two_ASIS",3,"symmetric rootwise partial collapse + two ASIS cycles","S04",193,3,TRUE,"C","observed_loss",5,0.141676366631261
"symmetric_rootwise_two_ASIS",3,"symmetric rootwise partial collapse + two ASIS cycles","S04",193,3,TRUE,"C","observed_loss",10,0.0778656510450009
"symmetric_rootwise_two_ASIS",3,"symmetric rootwise partial collapse + two ASIS cycles","S04",193,3,TRUE,"C","observed_loss",25,0.0106295474290375
"symmetric_rootwise_two_ASIS",3,"symmetric rootwise partial collapse + two ASIS cycles","S04",193,3,TRUE,"C","observed_loss",50,-0.0204270605855408
"symmetric_rootwise_two_ASIS",3,"symmetric rootwise partial collapse + two ASIS cycles","S04",193,3,TRUE,"C","mean_width",1,0.719939035678183
"symmetric_rootwise_two_ASIS",3,"symmetric rootwise partial collapse + two ASIS cycles","S04",193,3,TRUE,"C","mean_width",5,0.225939692828453
"symmetric_rootwise_two_ASIS",3,"symmetric rootwise partial collapse + two ASIS cycles","S04",193,3,TRUE,"C","mean_width",10,0.0326038513997539
"symmetric_rootwise_two_ASIS",3,"symmetric rootwise partial collapse + two ASIS cycles","S04",193,3,TRUE,"C","mean_width",25,0.0382799686165882
"symmetric_rootwise_two_ASIS",3,"symmetric rootwise partial collapse + two ASIS cycles","S04",193,3,TRUE,"C","mean_width",50,0.00824033720791239
"symmetric_rootwise_two_ASIS",3,"symmetric rootwise partial collapse + two ASIS cycles","S04",193,3,TRUE,"C","mean_midpoint",1,0.576483873541731
"symmetric_rootwise_two_ASIS",3,"symmetric rootwise partial collapse + two ASIS cycles","S04",193,3,TRUE,"C","mean_midpoint",5,0.102166487482336
"symmetric_rootwise_two_ASIS",3,"symmetric rootwise partial collapse + two ASIS cycles","S04",193,3,TRUE,"C","mean_midpoint",10,0.0324326115137621
"symmetric_rootwise_two_ASIS",3,"symmetric rootwise partial collapse + two ASIS cycles","S04",193,3,TRUE,"C","mean_midpoint",25,0.0360863449859863
"symmetric_rootwise_two_ASIS",3,"symmetric rootwise partial collapse + two ASIS cycles","S04",193,3,TRUE,"C","mean_midpoint",50,-0.0270327192401633
"symmetric_rootwise_two_ASIS",3,"symmetric rootwise partial collapse + two ASIS cycles","S04",193,3,TRUE,"C","terminal_width",1,0.473496227432206
"symmetric_rootwise_two_ASIS",3,"symmetric rootwise partial collapse + two ASIS cycles","S04",193,3,TRUE,"C","terminal_width",5,0.0810061054573002
"symmetric_rootwise_two_ASIS",3,"symmetric rootwise partial collapse + two ASIS cycles","S04",193,3,TRUE,"C","terminal_width",10,0.00684310642339522
"symmetric_rootwise_two_ASIS",3,"symmetric rootwise partial collapse + two ASIS cycles","S04",193,3,TRUE,"C","terminal_width",25,-0.0038216366791201
"symmetric_rootwise_two_ASIS",3,"symmetric rootwise partial collapse + two ASIS cycles","S04",193,3,TRUE,"C","terminal_width",50,0.0199154318613299
"symmetric_rootwise_two_ASIS",3,"symmetric rootwise partial collapse + two ASIS cycles","S04",193,3,TRUE,"C","terminal_midpoint",1,0.332029383645557
"symmetric_rootwise_two_ASIS",3,"symmetric rootwise partial collapse + two ASIS cycles","S04",193,3,TRUE,"C","terminal_midpoint",5,0.0381681552589902
"symmetric_rootwise_two_ASIS",3,"symmetric rootwise partial collapse + two ASIS cycles","S04",193,3,TRUE,"C","terminal_midpoint",10,0.0181356031661646
"symmetric_rootwise_two_ASIS",3,"symmetric rootwise partial collapse + two ASIS cycles","S04",193,3,TRUE,"C","terminal_midpoint",25,0.00852433377035172
"symmetric_rootwise_two_ASIS",3,"symmetric rootwise partial collapse + two ASIS cycles","S04",193,3,TRUE,"C","terminal_midpoint",50,-0.0226930411973528
"symmetric_rootwise_two_ASIS",3,"symmetric rootwise partial collapse + two ASIS cycles","S04",193,4,TRUE,"D","log_q_1",1,0.85670104967069
"symmetric_rootwise_two_ASIS",3,"symmetric rootwise partial collapse + two ASIS cycles","S04",193,4,TRUE,"D","log_q_1",5,0.552977061545852
"symmetric_rootwise_two_ASIS",3,"symmetric rootwise partial collapse + two ASIS cycles","S04",193,4,TRUE,"D","log_q_1",10,0.345936506250943
"symmetric_rootwise_two_ASIS",3,"symmetric rootwise partial collapse + two ASIS cycles","S04",193,4,TRUE,"D","log_q_1",25,0.0602832458349397
"symmetric_rootwise_two_ASIS",3,"symmetric rootwise partial collapse + two ASIS cycles","S04",193,4,TRUE,"D","log_q_1",50,0.00173614409303739
"symmetric_rootwise_two_ASIS",3,"symmetric rootwise partial collapse + two ASIS cycles","S04",193,4,TRUE,"D","observed_loss",1,0.433192133275706
"symmetric_rootwise_two_ASIS",3,"symmetric rootwise partial collapse + two ASIS cycles","S04",193,4,TRUE,"D","observed_loss",5,0.174515370415595
"symmetric_rootwise_two_ASIS",3,"symmetric rootwise partial collapse + two ASIS cycles","S04",193,4,TRUE,"D","observed_loss",10,0.0915861686303792
"symmetric_rootwise_two_ASIS",3,"symmetric rootwise partial collapse + two ASIS cycles","S04",193,4,TRUE,"D","observed_loss",25,0.0416198089308889
"symmetric_rootwise_two_ASIS",3,"symmetric rootwise partial collapse + two ASIS cycles","S04",193,4,TRUE,"D","observed_loss",50,0.0133394821586933
"symmetric_rootwise_two_ASIS",3,"symmetric rootwise partial collapse + two ASIS cycles","S04",193,4,TRUE,"D","mean_width",1,0.725521919835292
"symmetric_rootwise_two_ASIS",3,"symmetric rootwise partial collapse + two ASIS cycles","S04",193,4,TRUE,"D","mean_width",5,0.236463787290259
"symmetric_rootwise_two_ASIS",3,"symmetric rootwise partial collapse + two ASIS cycles","S04",193,4,TRUE,"D","mean_width",10,0.0922662540029138
"symmetric_rootwise_two_ASIS",3,"symmetric rootwise partial collapse + two ASIS cycles","S04",193,4,TRUE,"D","mean_width",25,0.0393271643677353
"symmetric_rootwise_two_ASIS",3,"symmetric rootwise partial collapse + two ASIS cycles","S04",193,4,TRUE,"D","mean_width",50,0.0169747645263515
"symmetric_rootwise_two_ASIS",3,"symmetric rootwise partial collapse + two ASIS cycles","S04",193,4,TRUE,"D","mean_midpoint",1,0.573461024896729
"symmetric_rootwise_two_ASIS",3,"symmetric rootwise partial collapse + two ASIS cycles","S04",193,4,TRUE,"D","mean_midpoint",5,0.0844593337192379
"symmetric_rootwise_two_ASIS",3,"symmetric rootwise partial collapse + two ASIS cycles","S04",193,4,TRUE,"D","mean_midpoint",10,0.00690550515969333
"symmetric_rootwise_two_ASIS",3,"symmetric rootwise partial collapse + two ASIS cycles","S04",193,4,TRUE,"D","mean_midpoint",25,-0.0115108388780617
"symmetric_rootwise_two_ASIS",3,"symmetric rootwise partial collapse + two ASIS cycles","S04",193,4,TRUE,"D","mean_midpoint",50,0.0147385193458948
"symmetric_rootwise_two_ASIS",3,"symmetric rootwise partial collapse + two ASIS cycles","S04",193,4,TRUE,"D","terminal_width",1,0.492413959086833
"symmetric_rootwise_two_ASIS",3,"symmetric rootwise partial collapse + two ASIS cycles","S04",193,4,TRUE,"D","terminal_width",5,0.09099992659345
"symmetric_rootwise_two_ASIS",3,"symmetric rootwise partial collapse + two ASIS cycles","S04",193,4,TRUE,"D","terminal_width",10,-0.0146626678532249
"symmetric_rootwise_two_ASIS",3,"symmetric rootwise partial collapse + two ASIS cycles","S04",193,4,TRUE,"D","terminal_width",25,-0.0208565239632314
"symmetric_rootwise_two_ASIS",3,"symmetric rootwise partial collapse + two ASIS cycles","S04",193,4,TRUE,"D","terminal_width",50,0.0166612508802084
"symmetric_rootwise_two_ASIS",3,"symmetric rootwise partial collapse + two ASIS cycles","S04",193,4,TRUE,"D","terminal_midpoint",1,0.350839036008681
"symmetric_rootwise_two_ASIS",3,"symmetric rootwise partial collapse + two ASIS cycles","S04",193,4,TRUE,"D","terminal_midpoint",5,0.0448793863153442
"symmetric_rootwise_two_ASIS",3,"symmetric rootwise partial collapse + two ASIS cycles","S04",193,4,TRUE,"D","terminal_midpoint",10,0.0343555674432155
"symmetric_rootwise_two_ASIS",3,"symmetric rootwise partial collapse + two ASIS cycles","S04",193,4,TRUE,"D","terminal_midpoint",25,-0.00638384152395287
"symmetric_rootwise_two_ASIS",3,"symmetric rootwise partial collapse + two ASIS cycles","S04",193,4,TRUE,"D","terminal_midpoint",50,-0.0166372219408302
"symmetric_rootwise_two_ASIS",3,"symmetric rootwise partial collapse + two ASIS cycles","S04",16,1,TRUE,"A","log_q_1",1,0.858014896943777
"symmetric_rootwise_two_ASIS",3,"symmetric rootwise partial collapse + two ASIS cycles","S04",16,1,TRUE,"A","log_q_1",5,0.553701028350101
"symmetric_rootwise_two_ASIS",3,"symmetric rootwise partial collapse + two ASIS cycles","S04",16,1,TRUE,"A","log_q_1",10,0.32623774999719
"symmetric_rootwise_two_ASIS",3,"symmetric rootwise partial collapse + two ASIS cycles","S04",16,1,TRUE,"A","log_q_1",25,0.0406118399430919
"symmetric_rootwise_two_ASIS",3,"symmetric rootwise partial collapse + two ASIS cycles","S04",16,1,TRUE,"A","log_q_1",50,-0.0595652621259736
"symmetric_rootwise_two_ASIS",3,"symmetric rootwise partial collapse + two ASIS cycles","S04",16,1,TRUE,"A","observed_loss",1,0.363897146000677
"symmetric_rootwise_two_ASIS",3,"symmetric rootwise partial collapse + two ASIS cycles","S04",16,1,TRUE,"A","observed_loss",5,0.072024389320247
"symmetric_rootwise_two_ASIS",3,"symmetric rootwise partial collapse + two ASIS cycles","S04",16,1,TRUE,"A","observed_loss",10,0.0324270121317115
"symmetric_rootwise_two_ASIS",3,"symmetric rootwise partial collapse + two ASIS cycles","S04",16,1,TRUE,"A","observed_loss",25,-0.0228771937194793
"symmetric_rootwise_two_ASIS",3,"symmetric rootwise partial collapse + two ASIS cycles","S04",16,1,TRUE,"A","observed_loss",50,-0.008683938653867
"symmetric_rootwise_two_ASIS",3,"symmetric rootwise partial collapse + two ASIS cycles","S04",16,1,TRUE,"A","mean_width",1,0.703856680556364
"symmetric_rootwise_two_ASIS",3,"symmetric rootwise partial collapse + two ASIS cycles","S04",16,1,TRUE,"A","mean_width",5,0.210254129491915
"symmetric_rootwise_two_ASIS",3,"symmetric rootwise partial collapse + two ASIS cycles","S04",16,1,TRUE,"A","mean_width",10,0.0368294582532809
"symmetric_rootwise_two_ASIS",3,"symmetric rootwise partial collapse + two ASIS cycles","S04",16,1,TRUE,"A","mean_width",25,-0.0255034369165447
"symmetric_rootwise_two_ASIS",3,"symmetric rootwise partial collapse + two ASIS cycles","S04",16,1,TRUE,"A","mean_width",50,-0.00822499150138483
"symmetric_rootwise_two_ASIS",3,"symmetric rootwise partial collapse + two ASIS cycles","S04",16,1,TRUE,"A","mean_midpoint",1,0.59087613815874
"symmetric_rootwise_two_ASIS",3,"symmetric rootwise partial collapse + two ASIS cycles","S04",16,1,TRUE,"A","mean_midpoint",5,0.0687307728048967
"symmetric_rootwise_two_ASIS",3,"symmetric rootwise partial collapse + two ASIS cycles","S04",16,1,TRUE,"A","mean_midpoint",10,0.00875307558272222
"symmetric_rootwise_two_ASIS",3,"symmetric rootwise partial collapse + two ASIS cycles","S04",16,1,TRUE,"A","mean_midpoint",25,-0.00917606830383238
"symmetric_rootwise_two_ASIS",3,"symmetric rootwise partial collapse + two ASIS cycles","S04",16,1,TRUE,"A","mean_midpoint",50,0.0167913236111606
"symmetric_rootwise_two_ASIS",3,"symmetric rootwise partial collapse + two ASIS cycles","S04",16,1,TRUE,"A","terminal_width",1,0.371090751508349
"symmetric_rootwise_two_ASIS",3,"symmetric rootwise partial collapse + two ASIS cycles","S04",16,1,TRUE,"A","terminal_width",5,0.0501742382845011
"symmetric_rootwise_two_ASIS",3,"symmetric rootwise partial collapse + two ASIS cycles","S04",16,1,TRUE,"A","terminal_width",10,0.00581396401754609
"symmetric_rootwise_two_ASIS",3,"symmetric rootwise partial collapse + two ASIS cycles","S04",16,1,TRUE,"A","terminal_width",25,0.0229440187241763
"symmetric_rootwise_two_ASIS",3,"symmetric rootwise partial collapse + two ASIS cycles","S04",16,1,TRUE,"A","terminal_width",50,0.000490547917456794
"symmetric_rootwise_two_ASIS",3,"symmetric rootwise partial collapse + two ASIS cycles","S04",16,1,TRUE,"A","terminal_midpoint",1,0.268165061501867
"symmetric_rootwise_two_ASIS",3,"symmetric rootwise partial collapse + two ASIS cycles","S04",16,1,TRUE,"A","terminal_midpoint",5,0.0176192730229036
"symmetric_rootwise_two_ASIS",3,"symmetric rootwise partial collapse + two ASIS cycles","S04",16,1,TRUE,"A","terminal_midpoint",10,-0.00715555547271646
"symmetric_rootwise_two_ASIS",3,"symmetric rootwise partial collapse + two ASIS cycles","S04",16,1,TRUE,"A","terminal_midpoint",25,0.0136547399501482
"symmetric_rootwise_two_ASIS",3,"symmetric rootwise partial collapse + two ASIS cycles","S04",16,1,TRUE,"A","terminal_midpoint",50,-0.00847797645939503
"symmetric_rootwise_two_ASIS",3,"symmetric rootwise partial collapse + two ASIS cycles","S04",16,2,TRUE,"B","log_q_1",1,0.859191771170132
"symmetric_rootwise_two_ASIS",3,"symmetric rootwise partial collapse + two ASIS cycles","S04",16,2,TRUE,"B","log_q_1",5,0.537839428562433
"symmetric_rootwise_two_ASIS",3,"symmetric rootwise partial collapse + two ASIS cycles","S04",16,2,TRUE,"B","log_q_1",10,0.297770419608638
"symmetric_rootwise_two_ASIS",3,"symmetric rootwise partial collapse + two ASIS cycles","S04",16,2,TRUE,"B","log_q_1",25,0.0245359354245499
"symmetric_rootwise_two_ASIS",3,"symmetric rootwise partial collapse + two ASIS cycles","S04",16,2,TRUE,"B","log_q_1",50,-0.00148441616059018
"symmetric_rootwise_two_ASIS",3,"symmetric rootwise partial collapse + two ASIS cycles","S04",16,2,TRUE,"B","observed_loss",1,0.3816493581486
"symmetric_rootwise_two_ASIS",3,"symmetric rootwise partial collapse + two ASIS cycles","S04",16,2,TRUE,"B","observed_loss",5,0.0885334952851382
"symmetric_rootwise_two_ASIS",3,"symmetric rootwise partial collapse + two ASIS cycles","S04",16,2,TRUE,"B","observed_loss",10,0.020968225676011
"symmetric_rootwise_two_ASIS",3,"symmetric rootwise partial collapse + two ASIS cycles","S04",16,2,TRUE,"B","observed_loss",25,-0.00151816654230238
"symmetric_rootwise_two_ASIS",3,"symmetric rootwise partial collapse + two ASIS cycles","S04",16,2,TRUE,"B","observed_loss",50,0.0268094493235788
"symmetric_rootwise_two_ASIS",3,"symmetric rootwise partial collapse + two ASIS cycles","S04",16,2,TRUE,"B","mean_width",1,0.711557477278044
"symmetric_rootwise_two_ASIS",3,"symmetric rootwise partial collapse + two ASIS cycles","S04",16,2,TRUE,"B","mean_width",5,0.208145113848159
"symmetric_rootwise_two_ASIS",3,"symmetric rootwise partial collapse + two ASIS cycles","S04",16,2,TRUE,"B","mean_width",10,0.0449179515229162
"symmetric_rootwise_two_ASIS",3,"symmetric rootwise partial collapse + two ASIS cycles","S04",16,2,TRUE,"B","mean_width",25,-0.0111805552525291
"symmetric_rootwise_two_ASIS",3,"symmetric rootwise partial collapse + two ASIS cycles","S04",16,2,TRUE,"B","mean_width",50,-0.00953467214747027
"symmetric_rootwise_two_ASIS",3,"symmetric rootwise partial collapse + two ASIS cycles","S04",16,2,TRUE,"B","mean_midpoint",1,0.597479316234751
"symmetric_rootwise_two_ASIS",3,"symmetric rootwise partial collapse + two ASIS cycles","S04",16,2,TRUE,"B","mean_midpoint",5,0.0810995634873026
"symmetric_rootwise_two_ASIS",3,"symmetric rootwise partial collapse + two ASIS cycles","S04",16,2,TRUE,"B","mean_midpoint",10,-0.00463648735290935
"symmetric_rootwise_two_ASIS",3,"symmetric rootwise partial collapse + two ASIS cycles","S04",16,2,TRUE,"B","mean_midpoint",25,-0.00489555905770861
"symmetric_rootwise_two_ASIS",3,"symmetric rootwise partial collapse + two ASIS cycles","S04",16,2,TRUE,"B","mean_midpoint",50,-0.00821390882028878
"symmetric_rootwise_two_ASIS",3,"symmetric rootwise partial collapse + two ASIS cycles","S04",16,2,TRUE,"B","terminal_width",1,0.367701405836164
"symmetric_rootwise_two_ASIS",3,"symmetric rootwise partial collapse + two ASIS cycles","S04",16,2,TRUE,"B","terminal_width",5,0.0306205496806437
"symmetric_rootwise_two_ASIS",3,"symmetric rootwise partial collapse + two ASIS cycles","S04",16,2,TRUE,"B","terminal_width",10,0.0309353210768709
"symmetric_rootwise_two_ASIS",3,"symmetric rootwise partial collapse + two ASIS cycles","S04",16,2,TRUE,"B","terminal_width",25,-0.030125447744493
"symmetric_rootwise_two_ASIS",3,"symmetric rootwise partial collapse + two ASIS cycles","S04",16,2,TRUE,"B","terminal_width",50,-0.00154639603750851
"symmetric_rootwise_two_ASIS",3,"symmetric rootwise partial collapse + two ASIS cycles","S04",16,2,TRUE,"B","terminal_midpoint",1,0.274699564421086
"symmetric_rootwise_two_ASIS",3,"symmetric rootwise partial collapse + two ASIS cycles","S04",16,2,TRUE,"B","terminal_midpoint",5,0.0347918226015663
"symmetric_rootwise_two_ASIS",3,"symmetric rootwise partial collapse + two ASIS cycles","S04",16,2,TRUE,"B","terminal_midpoint",10,-0.019816274219736
"symmetric_rootwise_two_ASIS",3,"symmetric rootwise partial collapse + two ASIS cycles","S04",16,2,TRUE,"B","terminal_midpoint",25,0.016210810267604
"symmetric_rootwise_two_ASIS",3,"symmetric rootwise partial collapse + two ASIS cycles","S04",16,2,TRUE,"B","terminal_midpoint",50,0.00232959935447333
"symmetric_rootwise_two_ASIS",3,"symmetric rootwise partial collapse + two ASIS cycles","S04",16,3,TRUE,"C","log_q_1",1,0.856420704227413
"symmetric_rootwise_two_ASIS",3,"symmetric rootwise partial collapse + two ASIS cycles","S04",16,3,TRUE,"C","log_q_1",5,0.551534633924517
"symmetric_rootwise_two_ASIS",3,"symmetric rootwise partial collapse + two ASIS cycles","S04",16,3,TRUE,"C","log_q_1",10,0.30175974590539
"symmetric_rootwise_two_ASIS",3,"symmetric rootwise partial collapse + two ASIS cycles","S04",16,3,TRUE,"C","log_q_1",25,0.0378085995107327
"symmetric_rootwise_two_ASIS",3,"symmetric rootwise partial collapse + two ASIS cycles","S04",16,3,TRUE,"C","log_q_1",50,0.0151743175655301
"symmetric_rootwise_two_ASIS",3,"symmetric rootwise partial collapse + two ASIS cycles","S04",16,3,TRUE,"C","observed_loss",1,0.383210849466857
"symmetric_rootwise_two_ASIS",3,"symmetric rootwise partial collapse + two ASIS cycles","S04",16,3,TRUE,"C","observed_loss",5,0.0843293885765046
"symmetric_rootwise_two_ASIS",3,"symmetric rootwise partial collapse + two ASIS cycles","S04",16,3,TRUE,"C","observed_loss",10,0.0523097553134288
"symmetric_rootwise_two_ASIS",3,"symmetric rootwise partial collapse + two ASIS cycles","S04",16,3,TRUE,"C","observed_loss",25,0.0223224749982694
"symmetric_rootwise_two_ASIS",3,"symmetric rootwise partial collapse + two ASIS cycles","S04",16,3,TRUE,"C","observed_loss",50,0.00805525835035138
"symmetric_rootwise_two_ASIS",3,"symmetric rootwise partial collapse + two ASIS cycles","S04",16,3,TRUE,"C","mean_width",1,0.719707206247914
"symmetric_rootwise_two_ASIS",3,"symmetric rootwise partial collapse + two ASIS cycles","S04",16,3,TRUE,"C","mean_width",5,0.195998227666602
"symmetric_rootwise_two_ASIS",3,"symmetric rootwise partial collapse + two ASIS cycles","S04",16,3,TRUE,"C","mean_width",10,0.0342274037086924
"symmetric_rootwise_two_ASIS",3,"symmetric rootwise partial collapse + two ASIS cycles","S04",16,3,TRUE,"C","mean_width",25,-0.0101646251206423
"symmetric_rootwise_two_ASIS",3,"symmetric rootwise partial collapse + two ASIS cycles","S04",16,3,TRUE,"C","mean_width",50,-0.0362764808512201
"symmetric_rootwise_two_ASIS",3,"symmetric rootwise partial collapse + two ASIS cycles","S04",16,3,TRUE,"C","mean_midpoint",1,0.577493995802082
"symmetric_rootwise_two_ASIS",3,"symmetric rootwise partial collapse + two ASIS cycles","S04",16,3,TRUE,"C","mean_midpoint",5,0.103087163631657
"symmetric_rootwise_two_ASIS",3,"symmetric rootwise partial collapse + two ASIS cycles","S04",16,3,TRUE,"C","mean_midpoint",10,0.00164902360399703
"symmetric_rootwise_two_ASIS",3,"symmetric rootwise partial collapse + two ASIS cycles","S04",16,3,TRUE,"C","mean_midpoint",25,-0.00320961909674677
"symmetric_rootwise_two_ASIS",3,"symmetric rootwise partial collapse + two ASIS cycles","S04",16,3,TRUE,"C","mean_midpoint",50,-0.0131698805297517
"symmetric_rootwise_two_ASIS",3,"symmetric rootwise partial collapse + two ASIS cycles","S04",16,3,TRUE,"C","terminal_width",1,0.371784811013235
"symmetric_rootwise_two_ASIS",3,"symmetric rootwise partial collapse + two ASIS cycles","S04",16,3,TRUE,"C","terminal_width",5,0.0664281029880284
"symmetric_rootwise_two_ASIS",3,"symmetric rootwise partial collapse + two ASIS cycles","S04",16,3,TRUE,"C","terminal_width",10,0.0122809559646125
"symmetric_rootwise_two_ASIS",3,"symmetric rootwise partial collapse + two ASIS cycles","S04",16,3,TRUE,"C","terminal_width",25,0.0451845672205794
"symmetric_rootwise_two_ASIS",3,"symmetric rootwise partial collapse + two ASIS cycles","S04",16,3,TRUE,"C","terminal_width",50,0.00312676881107281
"symmetric_rootwise_two_ASIS",3,"symmetric rootwise partial collapse + two ASIS cycles","S04",16,3,TRUE,"C","terminal_midpoint",1,0.283102754724787
"symmetric_rootwise_two_ASIS",3,"symmetric rootwise partial collapse + two ASIS cycles","S04",16,3,TRUE,"C","terminal_midpoint",5,0.0104254810765463
"symmetric_rootwise_two_ASIS",3,"symmetric rootwise partial collapse + two ASIS cycles","S04",16,3,TRUE,"C","terminal_midpoint",10,0.00691267836144934
"symmetric_rootwise_two_ASIS",3,"symmetric rootwise partial collapse + two ASIS cycles","S04",16,3,TRUE,"C","terminal_midpoint",25,-0.00353372971281415
"symmetric_rootwise_two_ASIS",3,"symmetric rootwise partial collapse + two ASIS cycles","S04",16,3,TRUE,"C","terminal_midpoint",50,-0.00323671969703687
"symmetric_rootwise_two_ASIS",3,"symmetric rootwise partial collapse + two ASIS cycles","S04",16,4,TRUE,"D","log_q_1",1,0.853589515355778
"symmetric_rootwise_two_ASIS",3,"symmetric rootwise partial collapse + two ASIS cycles","S04",16,4,TRUE,"D","log_q_1",5,0.540380856305652
"symmetric_rootwise_two_ASIS",3,"symmetric rootwise partial collapse + two ASIS cycles","S04",16,4,TRUE,"D","log_q_1",10,0.320119116569402
"symmetric_rootwise_two_ASIS",3,"symmetric rootwise partial collapse + two ASIS cycles","S04",16,4,TRUE,"D","log_q_1",25,0.0762676088095008
"symmetric_rootwise_two_ASIS",3,"symmetric rootwise partial collapse + two ASIS cycles","S04",16,4,TRUE,"D","log_q_1",50,0.0387335325500525
"symmetric_rootwise_two_ASIS",3,"symmetric rootwise partial collapse + two ASIS cycles","S04",16,4,TRUE,"D","observed_loss",1,0.36278021152261
"symmetric_rootwise_two_ASIS",3,"symmetric rootwise partial collapse + two ASIS cycles","S04",16,4,TRUE,"D","observed_loss",5,0.0969905027102063
"symmetric_rootwise_two_ASIS",3,"symmetric rootwise partial collapse + two ASIS cycles","S04",16,4,TRUE,"D","observed_loss",10,0.0389723218282437
"symmetric_rootwise_two_ASIS",3,"symmetric rootwise partial collapse + two ASIS cycles","S04",16,4,TRUE,"D","observed_loss",25,0.0205848664677763
"symmetric_rootwise_two_ASIS",3,"symmetric rootwise partial collapse + two ASIS cycles","S04",16,4,TRUE,"D","observed_loss",50,0.000575763597730965
"symmetric_rootwise_two_ASIS",3,"symmetric rootwise partial collapse + two ASIS cycles","S04",16,4,TRUE,"D","mean_width",1,0.703694791551583
"symmetric_rootwise_two_ASIS",3,"symmetric rootwise partial collapse + two ASIS cycles","S04",16,4,TRUE,"D","mean_width",5,0.20564457020454
"symmetric_rootwise_two_ASIS",3,"symmetric rootwise partial collapse + two ASIS cycles","S04",16,4,TRUE,"D","mean_width",10,0.0684619404880377
"symmetric_rootwise_two_ASIS",3,"symmetric rootwise partial collapse + two ASIS cycles","S04",16,4,TRUE,"D","mean_width",25,0.0127267572939906
"symmetric_rootwise_two_ASIS",3,"symmetric rootwise partial collapse + two ASIS cycles","S04",16,4,TRUE,"D","mean_width",50,-0.0226069463271186
"symmetric_rootwise_two_ASIS",3,"symmetric rootwise partial collapse + two ASIS cycles","S04",16,4,TRUE,"D","mean_midpoint",1,0.581912904991771
"symmetric_rootwise_two_ASIS",3,"symmetric rootwise partial collapse + two ASIS cycles","S04",16,4,TRUE,"D","mean_midpoint",5,0.110538228771213
"symmetric_rootwise_two_ASIS",3,"symmetric rootwise partial collapse + two ASIS cycles","S04",16,4,TRUE,"D","mean_midpoint",10,0.00853537262711886
"symmetric_rootwise_two_ASIS",3,"symmetric rootwise partial collapse + two ASIS cycles","S04",16,4,TRUE,"D","mean_midpoint",25,-0.0150112359290338
"symmetric_rootwise_two_ASIS",3,"symmetric rootwise partial collapse + two ASIS cycles","S04",16,4,TRUE,"D","mean_midpoint",50,0.0572089965530221
"symmetric_rootwise_two_ASIS",3,"symmetric rootwise partial collapse + two ASIS cycles","S04",16,4,TRUE,"D","terminal_width",1,0.364454048537062
"symmetric_rootwise_two_ASIS",3,"symmetric rootwise partial collapse + two ASIS cycles","S04",16,4,TRUE,"D","terminal_width",5,0.043780581262175
"symmetric_rootwise_two_ASIS",3,"symmetric rootwise partial collapse + two ASIS cycles","S04",16,4,TRUE,"D","terminal_width",10,-0.0126372278219529
"symmetric_rootwise_two_ASIS",3,"symmetric rootwise partial collapse + two ASIS cycles","S04",16,4,TRUE,"D","terminal_width",25,0.0228488741419909
"symmetric_rootwise_two_ASIS",3,"symmetric rootwise partial collapse + two ASIS cycles","S04",16,4,TRUE,"D","terminal_width",50,-0.0147240211784609
"symmetric_rootwise_two_ASIS",3,"symmetric rootwise partial collapse + two ASIS cycles","S04",16,4,TRUE,"D","terminal_midpoint",1,0.260518704570405
"symmetric_rootwise_two_ASIS",3,"symmetric rootwise partial collapse + two ASIS cycles","S04",16,4,TRUE,"D","terminal_midpoint",5,0.0244162942831207
"symmetric_rootwise_two_ASIS",3,"symmetric rootwise partial collapse + two ASIS cycles","S04",16,4,TRUE,"D","terminal_midpoint",10,0.00293904236914677
"symmetric_rootwise_two_ASIS",3,"symmetric rootwise partial collapse + two ASIS cycles","S04",16,4,TRUE,"D","terminal_midpoint",25,-0.00962813323993418
"symmetric_rootwise_two_ASIS",3,"symmetric rootwise partial collapse + two ASIS cycles","S04",16,4,TRUE,"D","terminal_midpoint",50,0.0188728240629174
"symmetric_rootwise_two_ASIS",3,"symmetric rootwise partial collapse + two ASIS cycles","S03",20,1,TRUE,"A","log_q_1",1,0.855849995737282
"symmetric_rootwise_two_ASIS",3,"symmetric rootwise partial collapse + two ASIS cycles","S03",20,1,TRUE,"A","log_q_1",5,0.554606901999829
"symmetric_rootwise_two_ASIS",3,"symmetric rootwise partial collapse + two ASIS cycles","S03",20,1,TRUE,"A","log_q_1",10,0.313936601463029
"symmetric_rootwise_two_ASIS",3,"symmetric rootwise partial collapse + two ASIS cycles","S03",20,1,TRUE,"A","log_q_1",25,0.0863561507372661
"symmetric_rootwise_two_ASIS",3,"symmetric rootwise partial collapse + two ASIS cycles","S03",20,1,TRUE,"A","log_q_1",50,0.0356795150568947
"symmetric_rootwise_two_ASIS",3,"symmetric rootwise partial collapse + two ASIS cycles","S03",20,1,TRUE,"A","observed_loss",1,0.382796509914185
"symmetric_rootwise_two_ASIS",3,"symmetric rootwise partial collapse + two ASIS cycles","S03",20,1,TRUE,"A","observed_loss",5,0.142296343456098
"symmetric_rootwise_two_ASIS",3,"symmetric rootwise partial collapse + two ASIS cycles","S03",20,1,TRUE,"A","observed_loss",10,0.0967390249196758
"symmetric_rootwise_two_ASIS",3,"symmetric rootwise partial collapse + two ASIS cycles","S03",20,1,TRUE,"A","observed_loss",25,0.0459896314617114
"symmetric_rootwise_two_ASIS",3,"symmetric rootwise partial collapse + two ASIS cycles","S03",20,1,TRUE,"A","observed_loss",50,-0.0165785969962303
"symmetric_rootwise_two_ASIS",3,"symmetric rootwise partial collapse + two ASIS cycles","S03",20,1,TRUE,"A","mean_width",1,0.587542866070761
"symmetric_rootwise_two_ASIS",3,"symmetric rootwise partial collapse + two ASIS cycles","S03",20,1,TRUE,"A","mean_width",5,0.109619446383659
"symmetric_rootwise_two_ASIS",3,"symmetric rootwise partial collapse + two ASIS cycles","S03",20,1,TRUE,"A","mean_width",10,-0.00861645369185432
"symmetric_rootwise_two_ASIS",3,"symmetric rootwise partial collapse + two ASIS cycles","S03",20,1,TRUE,"A","mean_width",25,-0.0124047902792897
"symmetric_rootwise_two_ASIS",3,"symmetric rootwise partial collapse + two ASIS cycles","S03",20,1,TRUE,"A","mean_width",50,-0.0173720886033465
"symmetric_rootwise_two_ASIS",3,"symmetric rootwise partial collapse + two ASIS cycles","S03",20,1,TRUE,"A","mean_midpoint",1,0.45468021107492
"symmetric_rootwise_two_ASIS",3,"symmetric rootwise partial collapse + two ASIS cycles","S03",20,1,TRUE,"A","mean_midpoint",5,0.046055684804884
"symmetric_rootwise_two_ASIS",3,"symmetric rootwise partial collapse + two ASIS cycles","S03",20,1,TRUE,"A","mean_midpoint",10,-0.000777359098555848
"symmetric_rootwise_two_ASIS",3,"symmetric rootwise partial collapse + two ASIS cycles","S03",20,1,TRUE,"A","mean_midpoint",25,0.0115055248033558
"symmetric_rootwise_two_ASIS",3,"symmetric rootwise partial collapse + two ASIS cycles","S03",20,1,TRUE,"A","mean_midpoint",50,0.0209006786529495
"symmetric_rootwise_two_ASIS",3,"symmetric rootwise partial collapse + two ASIS cycles","S03",20,1,TRUE,"A","terminal_width",1,0.213994501601289
"symmetric_rootwise_two_ASIS",3,"symmetric rootwise partial collapse + two ASIS cycles","S03",20,1,TRUE,"A","terminal_width",5,-0.00616665243025051
"symmetric_rootwise_two_ASIS",3,"symmetric rootwise partial collapse + two ASIS cycles","S03",20,1,TRUE,"A","terminal_width",10,0.0314033093946208
"symmetric_rootwise_two_ASIS",3,"symmetric rootwise partial collapse + two ASIS cycles","S03",20,1,TRUE,"A","terminal_width",25,0.00326024893339175
"symmetric_rootwise_two_ASIS",3,"symmetric rootwise partial collapse + two ASIS cycles","S03",20,1,TRUE,"A","terminal_width",50,0.0261509718991541
"symmetric_rootwise_two_ASIS",3,"symmetric rootwise partial collapse + two ASIS cycles","S03",20,1,TRUE,"A","terminal_midpoint",1,0.164586845655782
"symmetric_rootwise_two_ASIS",3,"symmetric rootwise partial collapse + two ASIS cycles","S03",20,1,TRUE,"A","terminal_midpoint",5,-0.0142695058131014
"symmetric_rootwise_two_ASIS",3,"symmetric rootwise partial collapse + two ASIS cycles","S03",20,1,TRUE,"A","terminal_midpoint",10,0.00580829724744726
"symmetric_rootwise_two_ASIS",3,"symmetric rootwise partial collapse + two ASIS cycles","S03",20,1,TRUE,"A","terminal_midpoint",25,0.0019538694481348
"symmetric_rootwise_two_ASIS",3,"symmetric rootwise partial collapse + two ASIS cycles","S03",20,1,TRUE,"A","terminal_midpoint",50,0.0044759817663772
"symmetric_rootwise_two_ASIS",3,"symmetric rootwise partial collapse + two ASIS cycles","S03",20,2,TRUE,"B","log_q_1",1,0.852065054736952
"symmetric_rootwise_two_ASIS",3,"symmetric rootwise partial collapse + two ASIS cycles","S03",20,2,TRUE,"B","log_q_1",5,0.540711254957302
"symmetric_rootwise_two_ASIS",3,"symmetric rootwise partial collapse + two ASIS cycles","S03",20,2,TRUE,"B","log_q_1",10,0.329203905327784
"symmetric_rootwise_two_ASIS",3,"symmetric rootwise partial collapse + two ASIS cycles","S03",20,2,TRUE,"B","log_q_1",25,0.105317485089893
"symmetric_rootwise_two_ASIS",3,"symmetric rootwise partial collapse + two ASIS cycles","S03",20,2,TRUE,"B","log_q_1",50,0.0433439772166591
"symmetric_rootwise_two_ASIS",3,"symmetric rootwise partial collapse + two ASIS cycles","S03",20,2,TRUE,"B","observed_loss",1,0.39312744717324
"symmetric_rootwise_two_ASIS",3,"symmetric rootwise partial collapse + two ASIS cycles","S03",20,2,TRUE,"B","observed_loss",5,0.170938905606622
"symmetric_rootwise_two_ASIS",3,"symmetric rootwise partial collapse + two ASIS cycles","S03",20,2,TRUE,"B","observed_loss",10,0.0927920071832555
"symmetric_rootwise_two_ASIS",3,"symmetric rootwise partial collapse + two ASIS cycles","S03",20,2,TRUE,"B","observed_loss",25,0.0256973830781876
"symmetric_rootwise_two_ASIS",3,"symmetric rootwise partial collapse + two ASIS cycles","S03",20,2,TRUE,"B","observed_loss",50,0.0196498974106668
"symmetric_rootwise_two_ASIS",3,"symmetric rootwise partial collapse + two ASIS cycles","S03",20,2,TRUE,"B","mean_width",1,0.596488121870685
"symmetric_rootwise_two_ASIS",3,"symmetric rootwise partial collapse + two ASIS cycles","S03",20,2,TRUE,"B","mean_width",5,0.0955653630345075
"symmetric_rootwise_two_ASIS",3,"symmetric rootwise partial collapse + two ASIS cycles","S03",20,2,TRUE,"B","mean_width",10,0.0411655936539156
"symmetric_rootwise_two_ASIS",3,"symmetric rootwise partial collapse + two ASIS cycles","S03",20,2,TRUE,"B","mean_width",25,0.00603699335154968
"symmetric_rootwise_two_ASIS",3,"symmetric rootwise partial collapse + two ASIS cycles","S03",20,2,TRUE,"B","mean_width",50,-0.0340809364675974
"symmetric_rootwise_two_ASIS",3,"symmetric rootwise partial collapse + two ASIS cycles","S03",20,2,TRUE,"B","mean_midpoint",1,0.462841925482192
"symmetric_rootwise_two_ASIS",3,"symmetric rootwise partial collapse + two ASIS cycles","S03",20,2,TRUE,"B","mean_midpoint",5,0.044679783594375
"symmetric_rootwise_two_ASIS",3,"symmetric rootwise partial collapse + two ASIS cycles","S03",20,2,TRUE,"B","mean_midpoint",10,0.0132139779503618
"symmetric_rootwise_two_ASIS",3,"symmetric rootwise partial collapse + two ASIS cycles","S03",20,2,TRUE,"B","mean_midpoint",25,7.57101071501488e-05
"symmetric_rootwise_two_ASIS",3,"symmetric rootwise partial collapse + two ASIS cycles","S03",20,2,TRUE,"B","mean_midpoint",50,0.00112589842754147
"symmetric_rootwise_two_ASIS",3,"symmetric rootwise partial collapse + two ASIS cycles","S03",20,2,TRUE,"B","terminal_width",1,0.20344658370546
"symmetric_rootwise_two_ASIS",3,"symmetric rootwise partial collapse + two ASIS cycles","S03",20,2,TRUE,"B","terminal_width",5,0.00812098246132404
"symmetric_rootwise_two_ASIS",3,"symmetric rootwise partial collapse + two ASIS cycles","S03",20,2,TRUE,"B","terminal_width",10,0.00763633007957709
"symmetric_rootwise_two_ASIS",3,"symmetric rootwise partial collapse + two ASIS cycles","S03",20,2,TRUE,"B","terminal_width",25,-0.0101702734479247
"symmetric_rootwise_two_ASIS",3,"symmetric rootwise partial collapse + two ASIS cycles","S03",20,2,TRUE,"B","terminal_width",50,0.0218507902169473
"symmetric_rootwise_two_ASIS",3,"symmetric rootwise partial collapse + two ASIS cycles","S03",20,2,TRUE,"B","terminal_midpoint",1,0.169490889871534
"symmetric_rootwise_two_ASIS",3,"symmetric rootwise partial collapse + two ASIS cycles","S03",20,2,TRUE,"B","terminal_midpoint",5,-0.00949358762630848
"symmetric_rootwise_two_ASIS",3,"symmetric rootwise partial collapse + two ASIS cycles","S03",20,2,TRUE,"B","terminal_midpoint",10,-0.00378540187961362
"symmetric_rootwise_two_ASIS",3,"symmetric rootwise partial collapse + two ASIS cycles","S03",20,2,TRUE,"B","terminal_midpoint",25,0.00427971632497398
"symmetric_rootwise_two_ASIS",3,"symmetric rootwise partial collapse + two ASIS cycles","S03",20,2,TRUE,"B","terminal_midpoint",50,-0.0183873464933593
"symmetric_rootwise_two_ASIS",3,"symmetric rootwise partial collapse + two ASIS cycles","S03",20,3,TRUE,"C","log_q_1",1,0.850019562042258
"symmetric_rootwise_two_ASIS",3,"symmetric rootwise partial collapse + two ASIS cycles","S03",20,3,TRUE,"C","log_q_1",5,0.51284499059963
"symmetric_rootwise_two_ASIS",3,"symmetric rootwise partial collapse + two ASIS cycles","S03",20,3,TRUE,"C","log_q_1",10,0.264336897523342
"symmetric_rootwise_two_ASIS",3,"symmetric rootwise partial collapse + two ASIS cycles","S03",20,3,TRUE,"C","log_q_1",25,0.0293816264495154
"symmetric_rootwise_two_ASIS",3,"symmetric rootwise partial collapse + two ASIS cycles","S03",20,3,TRUE,"C","log_q_1",50,-0.0222565524926025
"symmetric_rootwise_two_ASIS",3,"symmetric rootwise partial collapse + two ASIS cycles","S03",20,3,TRUE,"C","observed_loss",1,0.381978064726683
"symmetric_rootwise_two_ASIS",3,"symmetric rootwise partial collapse + two ASIS cycles","S03",20,3,TRUE,"C","observed_loss",5,0.14912361297131
"symmetric_rootwise_two_ASIS",3,"symmetric rootwise partial collapse + two ASIS cycles","S03",20,3,TRUE,"C","observed_loss",10,0.0905992154088651
"symmetric_rootwise_two_ASIS",3,"symmetric rootwise partial collapse + two ASIS cycles","S03",20,3,TRUE,"C","observed_loss",25,0.00709157585047746
"symmetric_rootwise_two_ASIS",3,"symmetric rootwise partial collapse + two ASIS cycles","S03",20,3,TRUE,"C","observed_loss",50,-0.0384306268505571
"symmetric_rootwise_two_ASIS",3,"symmetric rootwise partial collapse + two ASIS cycles","S03",20,3,TRUE,"C","mean_width",1,0.597453084192657
"symmetric_rootwise_two_ASIS",3,"symmetric rootwise partial collapse + two ASIS cycles","S03",20,3,TRUE,"C","mean_width",5,0.101164406694415
"symmetric_rootwise_two_ASIS",3,"symmetric rootwise partial collapse + two ASIS cycles","S03",20,3,TRUE,"C","mean_width",10,0.00703893539003226
"symmetric_rootwise_two_ASIS",3,"symmetric rootwise partial collapse + two ASIS cycles","S03",20,3,TRUE,"C","mean_width",25,0.000294543425964002
"symmetric_rootwise_two_ASIS",3,"symmetric rootwise partial collapse + two ASIS cycles","S03",20,3,TRUE,"C","mean_width",50,-0.00953543573283826
"symmetric_rootwise_two_ASIS",3,"symmetric rootwise partial collapse + two ASIS cycles","S03",20,3,TRUE,"C","mean_midpoint",1,0.474386601855254
"symmetric_rootwise_two_ASIS",3,"symmetric rootwise partial collapse + two ASIS cycles","S03",20,3,TRUE,"C","mean_midpoint",5,0.0312842660716969
"symmetric_rootwise_two_ASIS",3,"symmetric rootwise partial collapse + two ASIS cycles","S03",20,3,TRUE,"C","mean_midpoint",10,-0.0154913219886636
"symmetric_rootwise_two_ASIS",3,"symmetric rootwise partial collapse + two ASIS cycles","S03",20,3,TRUE,"C","mean_midpoint",25,0.0180536326390315
"symmetric_rootwise_two_ASIS",3,"symmetric rootwise partial collapse + two ASIS cycles","S03",20,3,TRUE,"C","mean_midpoint",50,0.00138557980143668
"symmetric_rootwise_two_ASIS",3,"symmetric rootwise partial collapse + two ASIS cycles","S03",20,3,TRUE,"C","terminal_width",1,0.210640914436834
"symmetric_rootwise_two_ASIS",3,"symmetric rootwise partial collapse + two ASIS cycles","S03",20,3,TRUE,"C","terminal_width",5,-0.00206539901076424
"symmetric_rootwise_two_ASIS",3,"symmetric rootwise partial collapse + two ASIS cycles","S03",20,3,TRUE,"C","terminal_width",10,0.0138342432633772
"symmetric_rootwise_two_ASIS",3,"symmetric rootwise partial collapse + two ASIS cycles","S03",20,3,TRUE,"C","terminal_width",25,-0.00638632255015225
"symmetric_rootwise_two_ASIS",3,"symmetric rootwise partial collapse + two ASIS cycles","S03",20,3,TRUE,"C","terminal_width",50,-0.00445119370361436
"symmetric_rootwise_two_ASIS",3,"symmetric rootwise partial collapse + two ASIS cycles","S03",20,3,TRUE,"C","terminal_midpoint",1,0.170965348287279
"symmetric_rootwise_two_ASIS",3,"symmetric rootwise partial collapse + two ASIS cycles","S03",20,3,TRUE,"C","terminal_midpoint",5,0.00940476620826169
"symmetric_rootwise_two_ASIS",3,"symmetric rootwise partial collapse + two ASIS cycles","S03",20,3,TRUE,"C","terminal_midpoint",10,-0.00113119185446595
"symmetric_rootwise_two_ASIS",3,"symmetric rootwise partial collapse + two ASIS cycles","S03",20,3,TRUE,"C","terminal_midpoint",25,-0.0108739073865057
"symmetric_rootwise_two_ASIS",3,"symmetric rootwise partial collapse + two ASIS cycles","S03",20,3,TRUE,"C","terminal_midpoint",50,0.013449939789955
"symmetric_rootwise_two_ASIS",3,"symmetric rootwise partial collapse + two ASIS cycles","S03",20,4,TRUE,"D","log_q_1",1,0.848553113434316
"symmetric_rootwise_two_ASIS",3,"symmetric rootwise partial collapse + two ASIS cycles","S03",20,4,TRUE,"D","log_q_1",5,0.519294064552431
"symmetric_rootwise_two_ASIS",3,"symmetric rootwise partial collapse + two ASIS cycles","S03",20,4,TRUE,"D","log_q_1",10,0.286956343822317
"symmetric_rootwise_two_ASIS",3,"symmetric rootwise partial collapse + two ASIS cycles","S03",20,4,TRUE,"D","log_q_1",25,0.0239766759098851
"symmetric_rootwise_two_ASIS",3,"symmetric rootwise partial collapse + two ASIS cycles","S03",20,4,TRUE,"D","log_q_1",50,-0.0192141985963085
"symmetric_rootwise_two_ASIS",3,"symmetric rootwise partial collapse + two ASIS cycles","S03",20,4,TRUE,"D","observed_loss",1,0.39240746018619
"symmetric_rootwise_two_ASIS",3,"symmetric rootwise partial collapse + two ASIS cycles","S03",20,4,TRUE,"D","observed_loss",5,0.14413048201747
"symmetric_rootwise_two_ASIS",3,"symmetric rootwise partial collapse + two ASIS cycles","S03",20,4,TRUE,"D","observed_loss",10,0.0935485182384304
"symmetric_rootwise_two_ASIS",3,"symmetric rootwise partial collapse + two ASIS cycles","S03",20,4,TRUE,"D","observed_loss",25,-0.00156410039557872
"symmetric_rootwise_two_ASIS",3,"symmetric rootwise partial collapse + two ASIS cycles","S03",20,4,TRUE,"D","observed_loss",50,0.0144661622076741
"symmetric_rootwise_two_ASIS",3,"symmetric rootwise partial collapse + two ASIS cycles","S03",20,4,TRUE,"D","mean_width",1,0.582416451467806
"symmetric_rootwise_two_ASIS",3,"symmetric rootwise partial collapse + two ASIS cycles","S03",20,4,TRUE,"D","mean_width",5,0.0483951395162604
"symmetric_rootwise_two_ASIS",3,"symmetric rootwise partial collapse + two ASIS cycles","S03",20,4,TRUE,"D","mean_width",10,0.0171251776602487
"symmetric_rootwise_two_ASIS",3,"symmetric rootwise partial collapse + two ASIS cycles","S03",20,4,TRUE,"D","mean_width",25,-0.00884487213177965
"symmetric_rootwise_two_ASIS",3,"symmetric rootwise partial collapse + two ASIS cycles","S03",20,4,TRUE,"D","mean_width",50,0.0197550999038621
"symmetric_rootwise_two_ASIS",3,"symmetric rootwise partial collapse + two ASIS cycles","S03",20,4,TRUE,"D","mean_midpoint",1,0.452519008487492
"symmetric_rootwise_two_ASIS",3,"symmetric rootwise partial collapse + two ASIS cycles","S03",20,4,TRUE,"D","mean_midpoint",5,0.026534962532868
"symmetric_rootwise_two_ASIS",3,"symmetric rootwise partial collapse + two ASIS cycles","S03",20,4,TRUE,"D","mean_midpoint",10,0.00679890208173056
"symmetric_rootwise_two_ASIS",3,"symmetric rootwise partial collapse + two ASIS cycles","S03",20,4,TRUE,"D","mean_midpoint",25,-0.00691271670609243
"symmetric_rootwise_two_ASIS",3,"symmetric rootwise partial collapse + two ASIS cycles","S03",20,4,TRUE,"D","mean_midpoint",50,0.0179334804513476
"symmetric_rootwise_two_ASIS",3,"symmetric rootwise partial collapse + two ASIS cycles","S03",20,4,TRUE,"D","terminal_width",1,0.207502078746147
"symmetric_rootwise_two_ASIS",3,"symmetric rootwise partial collapse + two ASIS cycles","S03",20,4,TRUE,"D","terminal_width",5,0.0146488912869849
"symmetric_rootwise_two_ASIS",3,"symmetric rootwise partial collapse + two ASIS cycles","S03",20,4,TRUE,"D","terminal_width",10,-0.00849363711734297
"symmetric_rootwise_two_ASIS",3,"symmetric rootwise partial collapse + two ASIS cycles","S03",20,4,TRUE,"D","terminal_width",25,0.00665706062048362
"symmetric_rootwise_two_ASIS",3,"symmetric rootwise partial collapse + two ASIS cycles","S03",20,4,TRUE,"D","terminal_width",50,-0.0397440123682427
"symmetric_rootwise_two_ASIS",3,"symmetric rootwise partial collapse + two ASIS cycles","S03",20,4,TRUE,"D","terminal_midpoint",1,0.180742368876339
"symmetric_rootwise_two_ASIS",3,"symmetric rootwise partial collapse + two ASIS cycles","S03",20,4,TRUE,"D","terminal_midpoint",5,0.00720859721863742
"symmetric_rootwise_two_ASIS",3,"symmetric rootwise partial collapse + two ASIS cycles","S03",20,4,TRUE,"D","terminal_midpoint",10,-0.0159485502632409
"symmetric_rootwise_two_ASIS",3,"symmetric rootwise partial collapse + two ASIS cycles","S03",20,4,TRUE,"D","terminal_midpoint",25,-0.00487857362998297
"symmetric_rootwise_two_ASIS",3,"symmetric rootwise partial collapse + two ASIS cycles","S03",20,4,TRUE,"D","terminal_midpoint",50,-0.0138596401771004
"symmetric_rootwise_two_ASIS",3,"symmetric rootwise partial collapse + two ASIS cycles","S03",117,1,FALSE,"standard","log_q_1",1,0.850298425666238
"symmetric_rootwise_two_ASIS",3,"symmetric rootwise partial collapse + two ASIS cycles","S03",117,1,FALSE,"standard","log_q_1",5,0.520028658751869
"symmetric_rootwise_two_ASIS",3,"symmetric rootwise partial collapse + two ASIS cycles","S03",117,1,FALSE,"standard","log_q_1",10,0.293077764165896
"symmetric_rootwise_two_ASIS",3,"symmetric rootwise partial collapse + two ASIS cycles","S03",117,1,FALSE,"standard","log_q_1",25,0.0394601259002754
"symmetric_rootwise_two_ASIS",3,"symmetric rootwise partial collapse + two ASIS cycles","S03",117,1,FALSE,"standard","log_q_1",50,-0.00204600732874454
"symmetric_rootwise_two_ASIS",3,"symmetric rootwise partial collapse + two ASIS cycles","S03",117,1,FALSE,"standard","observed_loss",1,0.407306390609512
"symmetric_rootwise_two_ASIS",3,"symmetric rootwise partial collapse + two ASIS cycles","S03",117,1,FALSE,"standard","observed_loss",5,0.137056638237174
"symmetric_rootwise_two_ASIS",3,"symmetric rootwise partial collapse + two ASIS cycles","S03",117,1,FALSE,"standard","observed_loss",10,0.095054670036929
"symmetric_rootwise_two_ASIS",3,"symmetric rootwise partial collapse + two ASIS cycles","S03",117,1,FALSE,"standard","observed_loss",25,-0.0141576449766048
"symmetric_rootwise_two_ASIS",3,"symmetric rootwise partial collapse + two ASIS cycles","S03",117,1,FALSE,"standard","observed_loss",50,0.00711589417572531
"symmetric_rootwise_two_ASIS",3,"symmetric rootwise partial collapse + two ASIS cycles","S03",117,1,FALSE,"standard","mean_width",1,0.605624611449848
"symmetric_rootwise_two_ASIS",3,"symmetric rootwise partial collapse + two ASIS cycles","S03",117,1,FALSE,"standard","mean_width",5,0.100576873409845
"symmetric_rootwise_two_ASIS",3,"symmetric rootwise partial collapse + two ASIS cycles","S03",117,1,FALSE,"standard","mean_width",10,0.00652354796234342
"symmetric_rootwise_two_ASIS",3,"symmetric rootwise partial collapse + two ASIS cycles","S03",117,1,FALSE,"standard","mean_width",25,0.039975837312587
"symmetric_rootwise_two_ASIS",3,"symmetric rootwise partial collapse + two ASIS cycles","S03",117,1,FALSE,"standard","mean_width",50,0.00562615803458467
"symmetric_rootwise_two_ASIS",3,"symmetric rootwise partial collapse + two ASIS cycles","S03",117,1,FALSE,"standard","mean_midpoint",1,0.500462232936114
"symmetric_rootwise_two_ASIS",3,"symmetric rootwise partial collapse + two ASIS cycles","S03",117,1,FALSE,"standard","mean_midpoint",5,0.0177171562846765
"symmetric_rootwise_two_ASIS",3,"symmetric rootwise partial collapse + two ASIS cycles","S03",117,1,FALSE,"standard","mean_midpoint",10,-0.000506568417985483
"symmetric_rootwise_two_ASIS",3,"symmetric rootwise partial collapse + two ASIS cycles","S03",117,1,FALSE,"standard","mean_midpoint",25,0.0102951752522239
"symmetric_rootwise_two_ASIS",3,"symmetric rootwise partial collapse + two ASIS cycles","S03",117,1,FALSE,"standard","mean_midpoint",50,0.00469453615296142
"symmetric_rootwise_two_ASIS",3,"symmetric rootwise partial collapse + two ASIS cycles","S03",117,1,FALSE,"standard","terminal_width",1,0.405905053591472
"symmetric_rootwise_two_ASIS",3,"symmetric rootwise partial collapse + two ASIS cycles","S03",117,1,FALSE,"standard","terminal_width",5,0.0415803762350878
"symmetric_rootwise_two_ASIS",3,"symmetric rootwise partial collapse + two ASIS cycles","S03",117,1,FALSE,"standard","terminal_width",10,0.00173660640733163
"symmetric_rootwise_two_ASIS",3,"symmetric rootwise partial collapse + two ASIS cycles","S03",117,1,FALSE,"standard","terminal_width",25,0.00624604642494905
"symmetric_rootwise_two_ASIS",3,"symmetric rootwise partial collapse + two ASIS cycles","S03",117,1,FALSE,"standard","terminal_width",50,-0.0154711036439849
"symmetric_rootwise_two_ASIS",3,"symmetric rootwise partial collapse + two ASIS cycles","S03",117,1,FALSE,"standard","terminal_midpoint",1,0.389192540212911
"symmetric_rootwise_two_ASIS",3,"symmetric rootwise partial collapse + two ASIS cycles","S03",117,1,FALSE,"standard","terminal_midpoint",5,0.114531389422447
"symmetric_rootwise_two_ASIS",3,"symmetric rootwise partial collapse + two ASIS cycles","S03",117,1,FALSE,"standard","terminal_midpoint",10,0.0734815651114919
"symmetric_rootwise_two_ASIS",3,"symmetric rootwise partial collapse + two ASIS cycles","S03",117,1,FALSE,"standard","terminal_midpoint",25,0.0358652510629447
"symmetric_rootwise_two_ASIS",3,"symmetric rootwise partial collapse + two ASIS cycles","S03",117,1,FALSE,"standard","terminal_midpoint",50,0.00512953077143147
"symmetric_rootwise_two_ASIS",3,"symmetric rootwise partial collapse + two ASIS cycles","S03",28,1,TRUE,"A","log_q_1",1,0.803960523910459
"symmetric_rootwise_two_ASIS",3,"symmetric rootwise partial collapse + two ASIS cycles","S03",28,1,TRUE,"A","log_q_1",5,0.43194026251529
"symmetric_rootwise_two_ASIS",3,"symmetric rootwise partial collapse + two ASIS cycles","S03",28,1,TRUE,"A","log_q_1",10,0.192546480998787
"symmetric_rootwise_two_ASIS",3,"symmetric rootwise partial collapse + two ASIS cycles","S03",28,1,TRUE,"A","log_q_1",25,0.0161736942995518
"symmetric_rootwise_two_ASIS",3,"symmetric rootwise partial collapse + two ASIS cycles","S03",28,1,TRUE,"A","log_q_1",50,-0.0547450851426655
"symmetric_rootwise_two_ASIS",3,"symmetric rootwise partial collapse + two ASIS cycles","S03",28,1,TRUE,"A","observed_loss",1,0.240177518467301
"symmetric_rootwise_two_ASIS",3,"symmetric rootwise partial collapse + two ASIS cycles","S03",28,1,TRUE,"A","observed_loss",5,0.0303727672775146
"symmetric_rootwise_two_ASIS",3,"symmetric rootwise partial collapse + two ASIS cycles","S03",28,1,TRUE,"A","observed_loss",10,0.017646213713219
"symmetric_rootwise_two_ASIS",3,"symmetric rootwise partial collapse + two ASIS cycles","S03",28,1,TRUE,"A","observed_loss",25,-0.000870312540006002
"symmetric_rootwise_two_ASIS",3,"symmetric rootwise partial collapse + two ASIS cycles","S03",28,1,TRUE,"A","observed_loss",50,-0.00201153749458628
"symmetric_rootwise_two_ASIS",3,"symmetric rootwise partial collapse + two ASIS cycles","S03",28,1,TRUE,"A","mean_width",1,0.558973053423321
"symmetric_rootwise_two_ASIS",3,"symmetric rootwise partial collapse + two ASIS cycles","S03",28,1,TRUE,"A","mean_width",5,0.0596550303247757
"symmetric_rootwise_two_ASIS",3,"symmetric rootwise partial collapse + two ASIS cycles","S03",28,1,TRUE,"A","mean_width",10,0.0178819232471727
"symmetric_rootwise_two_ASIS",3,"symmetric rootwise partial collapse + two ASIS cycles","S03",28,1,TRUE,"A","mean_width",25,-0.00234918926288867
"symmetric_rootwise_two_ASIS",3,"symmetric rootwise partial collapse + two ASIS cycles","S03",28,1,TRUE,"A","mean_width",50,-0.0166927197038086
"symmetric_rootwise_two_ASIS",3,"symmetric rootwise partial collapse + two ASIS cycles","S03",28,1,TRUE,"A","mean_midpoint",1,0.418747021832613
"symmetric_rootwise_two_ASIS",3,"symmetric rootwise partial collapse + two ASIS cycles","S03",28,1,TRUE,"A","mean_midpoint",5,0.00359724678463151
"symmetric_rootwise_two_ASIS",3,"symmetric rootwise partial collapse + two ASIS cycles","S03",28,1,TRUE,"A","mean_midpoint",10,0.00734343365324475
"symmetric_rootwise_two_ASIS",3,"symmetric rootwise partial collapse + two ASIS cycles","S03",28,1,TRUE,"A","mean_midpoint",25,-0.00499545109420663
"symmetric_rootwise_two_ASIS",3,"symmetric rootwise partial collapse + two ASIS cycles","S03",28,1,TRUE,"A","mean_midpoint",50,-0.0195940884422647
"symmetric_rootwise_two_ASIS",3,"symmetric rootwise partial collapse + two ASIS cycles","S03",28,1,TRUE,"A","terminal_width",1,0.367210463325102
"symmetric_rootwise_two_ASIS",3,"symmetric rootwise partial collapse + two ASIS cycles","S03",28,1,TRUE,"A","terminal_width",5,0.0316134517076281
"symmetric_rootwise_two_ASIS",3,"symmetric rootwise partial collapse + two ASIS cycles","S03",28,1,TRUE,"A","terminal_width",10,0.00792895264787727
"symmetric_rootwise_two_ASIS",3,"symmetric rootwise partial collapse + two ASIS cycles","S03",28,1,TRUE,"A","terminal_width",25,0.00808286800861016
"symmetric_rootwise_two_ASIS",3,"symmetric rootwise partial collapse + two ASIS cycles","S03",28,1,TRUE,"A","terminal_width",50,0.00828248925599339
"symmetric_rootwise_two_ASIS",3,"symmetric rootwise partial collapse + two ASIS cycles","S03",28,1,TRUE,"A","terminal_midpoint",1,0.254395463491612
"symmetric_rootwise_two_ASIS",3,"symmetric rootwise partial collapse + two ASIS cycles","S03",28,1,TRUE,"A","terminal_midpoint",5,0.026522028110758
"symmetric_rootwise_two_ASIS",3,"symmetric rootwise partial collapse + two ASIS cycles","S03",28,1,TRUE,"A","terminal_midpoint",10,-0.000107520229392379
"symmetric_rootwise_two_ASIS",3,"symmetric rootwise partial collapse + two ASIS cycles","S03",28,1,TRUE,"A","terminal_midpoint",25,0.00479369634396165
"symmetric_rootwise_two_ASIS",3,"symmetric rootwise partial collapse + two ASIS cycles","S03",28,1,TRUE,"A","terminal_midpoint",50,-0.00846767713753436
"symmetric_rootwise_two_ASIS",3,"symmetric rootwise partial collapse + two ASIS cycles","S03",28,2,TRUE,"B","log_q_1",1,0.810514505009391
"symmetric_rootwise_two_ASIS",3,"symmetric rootwise partial collapse + two ASIS cycles","S03",28,2,TRUE,"B","log_q_1",5,0.425266014658144
"symmetric_rootwise_two_ASIS",3,"symmetric rootwise partial collapse + two ASIS cycles","S03",28,2,TRUE,"B","log_q_1",10,0.191870326806936
"symmetric_rootwise_two_ASIS",3,"symmetric rootwise partial collapse + two ASIS cycles","S03",28,2,TRUE,"B","log_q_1",25,-0.0349563849613083
"symmetric_rootwise_two_ASIS",3,"symmetric rootwise partial collapse + two ASIS cycles","S03",28,2,TRUE,"B","log_q_1",50,0.0386910693067231
"symmetric_rootwise_two_ASIS",3,"symmetric rootwise partial collapse + two ASIS cycles","S03",28,2,TRUE,"B","observed_loss",1,0.230407748419575
"symmetric_rootwise_two_ASIS",3,"symmetric rootwise partial collapse + two ASIS cycles","S03",28,2,TRUE,"B","observed_loss",5,0.0390546842815623
"symmetric_rootwise_two_ASIS",3,"symmetric rootwise partial collapse + two ASIS cycles","S03",28,2,TRUE,"B","observed_loss",10,0.0316977841487571
"symmetric_rootwise_two_ASIS",3,"symmetric rootwise partial collapse + two ASIS cycles","S03",28,2,TRUE,"B","observed_loss",25,0.00669530886362532
"symmetric_rootwise_two_ASIS",3,"symmetric rootwise partial collapse + two ASIS cycles","S03",28,2,TRUE,"B","observed_loss",50,0.0148801342278442
"symmetric_rootwise_two_ASIS",3,"symmetric rootwise partial collapse + two ASIS cycles","S03",28,2,TRUE,"B","mean_width",1,0.574780525824475
"symmetric_rootwise_two_ASIS",3,"symmetric rootwise partial collapse + two ASIS cycles","S03",28,2,TRUE,"B","mean_width",5,0.107546756867443
"symmetric_rootwise_two_ASIS",3,"symmetric rootwise partial collapse + two ASIS cycles","S03",28,2,TRUE,"B","mean_width",10,-0.00343489036027118
"symmetric_rootwise_two_ASIS",3,"symmetric rootwise partial collapse + two ASIS cycles","S03",28,2,TRUE,"B","mean_width",25,0.00784054066961808
"symmetric_rootwise_two_ASIS",3,"symmetric rootwise partial collapse + two ASIS cycles","S03",28,2,TRUE,"B","mean_width",50,-0.0189092694945035
"symmetric_rootwise_two_ASIS",3,"symmetric rootwise partial collapse + two ASIS cycles","S03",28,2,TRUE,"B","mean_midpoint",1,0.415736224660438
"symmetric_rootwise_two_ASIS",3,"symmetric rootwise partial collapse + two ASIS cycles","S03",28,2,TRUE,"B","mean_midpoint",5,0.00202549309964928
"symmetric_rootwise_two_ASIS",3,"symmetric rootwise partial collapse + two ASIS cycles","S03",28,2,TRUE,"B","mean_midpoint",10,0.0163548745539122
"symmetric_rootwise_two_ASIS",3,"symmetric rootwise partial collapse + two ASIS cycles","S03",28,2,TRUE,"B","mean_midpoint",25,0.01104136199136
"symmetric_rootwise_two_ASIS",3,"symmetric rootwise partial collapse + two ASIS cycles","S03",28,2,TRUE,"B","mean_midpoint",50,-0.00151262565876671
"symmetric_rootwise_two_ASIS",3,"symmetric rootwise partial collapse + two ASIS cycles","S03",28,2,TRUE,"B","terminal_width",1,0.375816768057365
"symmetric_rootwise_two_ASIS",3,"symmetric rootwise partial collapse + two ASIS cycles","S03",28,2,TRUE,"B","terminal_width",5,0.0404778988268878
"symmetric_rootwise_two_ASIS",3,"symmetric rootwise partial collapse + two ASIS cycles","S03",28,2,TRUE,"B","terminal_width",10,0.0182328968071431
"symmetric_rootwise_two_ASIS",3,"symmetric rootwise partial collapse + two ASIS cycles","S03",28,2,TRUE,"B","terminal_width",25,-0.0166575434191944
"symmetric_rootwise_two_ASIS",3,"symmetric rootwise partial collapse + two ASIS cycles","S03",28,2,TRUE,"B","terminal_width",50,-0.00346603238178557
"symmetric_rootwise_two_ASIS",3,"symmetric rootwise partial collapse + two ASIS cycles","S03",28,2,TRUE,"B","terminal_midpoint",1,0.262658355407649
"symmetric_rootwise_two_ASIS",3,"symmetric rootwise partial collapse + two ASIS cycles","S03",28,2,TRUE,"B","terminal_midpoint",5,0.0134103198936068
"symmetric_rootwise_two_ASIS",3,"symmetric rootwise partial collapse + two ASIS cycles","S03",28,2,TRUE,"B","terminal_midpoint",10,-0.00867553304681184
"symmetric_rootwise_two_ASIS",3,"symmetric rootwise partial collapse + two ASIS cycles","S03",28,2,TRUE,"B","terminal_midpoint",25,0.00333472614104259
"symmetric_rootwise_two_ASIS",3,"symmetric rootwise partial collapse + two ASIS cycles","S03",28,2,TRUE,"B","terminal_midpoint",50,0.0194996638996865
"symmetric_rootwise_two_ASIS",3,"symmetric rootwise partial collapse + two ASIS cycles","S03",28,3,TRUE,"C","log_q_1",1,0.80484143234658
"symmetric_rootwise_two_ASIS",3,"symmetric rootwise partial collapse + two ASIS cycles","S03",28,3,TRUE,"C","log_q_1",5,0.43873790510729
"symmetric_rootwise_two_ASIS",3,"symmetric rootwise partial collapse + two ASIS cycles","S03",28,3,TRUE,"C","log_q_1",10,0.224663119558981
"symmetric_rootwise_two_ASIS",3,"symmetric rootwise partial collapse + two ASIS cycles","S03",28,3,TRUE,"C","log_q_1",25,0.0198241714193927
"symmetric_rootwise_two_ASIS",3,"symmetric rootwise partial collapse + two ASIS cycles","S03",28,3,TRUE,"C","log_q_1",50,-0.00303179639025315
"symmetric_rootwise_two_ASIS",3,"symmetric rootwise partial collapse + two ASIS cycles","S03",28,3,TRUE,"C","observed_loss",1,0.230048033018375
"symmetric_rootwise_two_ASIS",3,"symmetric rootwise partial collapse + two ASIS cycles","S03",28,3,TRUE,"C","observed_loss",5,0.0192327523027694
"symmetric_rootwise_two_ASIS",3,"symmetric rootwise partial collapse + two ASIS cycles","S03",28,3,TRUE,"C","observed_loss",10,-0.00687679851263575
"symmetric_rootwise_two_ASIS",3,"symmetric rootwise partial collapse + two ASIS cycles","S03",28,3,TRUE,"C","observed_loss",25,-0.0135074181144423
"symmetric_rootwise_two_ASIS",3,"symmetric rootwise partial collapse + two ASIS cycles","S03",28,3,TRUE,"C","observed_loss",50,-0.0064077213386287
"symmetric_rootwise_two_ASIS",3,"symmetric rootwise partial collapse + two ASIS cycles","S03",28,3,TRUE,"C","mean_width",1,0.564958060412296
"symmetric_rootwise_two_ASIS",3,"symmetric rootwise partial collapse + two ASIS cycles","S03",28,3,TRUE,"C","mean_width",5,0.0693411481880936
"symmetric_rootwise_two_ASIS",3,"symmetric rootwise partial collapse + two ASIS cycles","S03",28,3,TRUE,"C","mean_width",10,0.00318256587224848
"symmetric_rootwise_two_ASIS",3,"symmetric rootwise partial collapse + two ASIS cycles","S03",28,3,TRUE,"C","mean_width",25,-4.36899140528682e-05
"symmetric_rootwise_two_ASIS",3,"symmetric rootwise partial collapse + two ASIS cycles","S03",28,3,TRUE,"C","mean_width",50,-0.0133628233671767
"symmetric_rootwise_two_ASIS",3,"symmetric rootwise partial collapse + two ASIS cycles","S03",28,3,TRUE,"C","mean_midpoint",1,0.420608849715764
"symmetric_rootwise_two_ASIS",3,"symmetric rootwise partial collapse + two ASIS cycles","S03",28,3,TRUE,"C","mean_midpoint",5,0.0312831686096913
"symmetric_rootwise_two_ASIS",3,"symmetric rootwise partial collapse + two ASIS cycles","S03",28,3,TRUE,"C","mean_midpoint",10,-0.0114365855112284
"symmetric_rootwise_two_ASIS",3,"symmetric rootwise partial collapse + two ASIS cycles","S03",28,3,TRUE,"C","mean_midpoint",25,0.00156818709042586
"symmetric_rootwise_two_ASIS",3,"symmetric rootwise partial collapse + two ASIS cycles","S03",28,3,TRUE,"C","mean_midpoint",50,-0.00610851254264319
"symmetric_rootwise_two_ASIS",3,"symmetric rootwise partial collapse + two ASIS cycles","S03",28,3,TRUE,"C","terminal_width",1,0.370503834271253
"symmetric_rootwise_two_ASIS",3,"symmetric rootwise partial collapse + two ASIS cycles","S03",28,3,TRUE,"C","terminal_width",5,0.0541523787690776
"symmetric_rootwise_two_ASIS",3,"symmetric rootwise partial collapse + two ASIS cycles","S03",28,3,TRUE,"C","terminal_width",10,0.00598805266569611
"symmetric_rootwise_two_ASIS",3,"symmetric rootwise partial collapse + two ASIS cycles","S03",28,3,TRUE,"C","terminal_width",25,-0.0106348538694104
"symmetric_rootwise_two_ASIS",3,"symmetric rootwise partial collapse + two ASIS cycles","S03",28,3,TRUE,"C","terminal_width",50,-0.0172249253322697
"symmetric_rootwise_two_ASIS",3,"symmetric rootwise partial collapse + two ASIS cycles","S03",28,3,TRUE,"C","terminal_midpoint",1,0.256131627638838
"symmetric_rootwise_two_ASIS",3,"symmetric rootwise partial collapse + two ASIS cycles","S03",28,3,TRUE,"C","terminal_midpoint",5,-0.00335180640770035
"symmetric_rootwise_two_ASIS",3,"symmetric rootwise partial collapse + two ASIS cycles","S03",28,3,TRUE,"C","terminal_midpoint",10,0.0221446442855747
"symmetric_rootwise_two_ASIS",3,"symmetric rootwise partial collapse + two ASIS cycles","S03",28,3,TRUE,"C","terminal_midpoint",25,-0.0107340589602062
"symmetric_rootwise_two_ASIS",3,"symmetric rootwise partial collapse + two ASIS cycles","S03",28,3,TRUE,"C","terminal_midpoint",50,-1.11007909451917e-07
"symmetric_rootwise_two_ASIS",3,"symmetric rootwise partial collapse + two ASIS cycles","S03",28,4,TRUE,"D","log_q_1",1,0.807277042689611
"symmetric_rootwise_two_ASIS",3,"symmetric rootwise partial collapse + two ASIS cycles","S03",28,4,TRUE,"D","log_q_1",5,0.420321128979365
"symmetric_rootwise_two_ASIS",3,"symmetric rootwise partial collapse + two ASIS cycles","S03",28,4,TRUE,"D","log_q_1",10,0.173246461603067
"symmetric_rootwise_two_ASIS",3,"symmetric rootwise partial collapse + two ASIS cycles","S03",28,4,TRUE,"D","log_q_1",25,0.045324930936555
"symmetric_rootwise_two_ASIS",3,"symmetric rootwise partial collapse + two ASIS cycles","S03",28,4,TRUE,"D","log_q_1",50,0.0249847427566931
"symmetric_rootwise_two_ASIS",3,"symmetric rootwise partial collapse + two ASIS cycles","S03",28,4,TRUE,"D","observed_loss",1,0.257179401822526
"symmetric_rootwise_two_ASIS",3,"symmetric rootwise partial collapse + two ASIS cycles","S03",28,4,TRUE,"D","observed_loss",5,0.03496013805883
"symmetric_rootwise_two_ASIS",3,"symmetric rootwise partial collapse + two ASIS cycles","S03",28,4,TRUE,"D","observed_loss",10,-0.00162226092899942
"symmetric_rootwise_two_ASIS",3,"symmetric rootwise partial collapse + two ASIS cycles","S03",28,4,TRUE,"D","observed_loss",25,0.00569331370338727
"symmetric_rootwise_two_ASIS",3,"symmetric rootwise partial collapse + two ASIS cycles","S03",28,4,TRUE,"D","observed_loss",50,-0.0144822937514791
"symmetric_rootwise_two_ASIS",3,"symmetric rootwise partial collapse + two ASIS cycles","S03",28,4,TRUE,"D","mean_width",1,0.56336270002862
"symmetric_rootwise_two_ASIS",3,"symmetric rootwise partial collapse + two ASIS cycles","S03",28,4,TRUE,"D","mean_width",5,0.0685867388244852
"symmetric_rootwise_two_ASIS",3,"symmetric rootwise partial collapse + two ASIS cycles","S03",28,4,TRUE,"D","mean_width",10,0.0138352923382763
"symmetric_rootwise_two_ASIS",3,"symmetric rootwise partial collapse + two ASIS cycles","S03",28,4,TRUE,"D","mean_width",25,0.00241869497403371
"symmetric_rootwise_two_ASIS",3,"symmetric rootwise partial collapse + two ASIS cycles","S03",28,4,TRUE,"D","mean_width",50,0.00247416434873998
"symmetric_rootwise_two_ASIS",3,"symmetric rootwise partial collapse + two ASIS cycles","S03",28,4,TRUE,"D","mean_midpoint",1,0.438093252603275
"symmetric_rootwise_two_ASIS",3,"symmetric rootwise partial collapse + two ASIS cycles","S03",28,4,TRUE,"D","mean_midpoint",5,0.034879051228758
"symmetric_rootwise_two_ASIS",3,"symmetric rootwise partial collapse + two ASIS cycles","S03",28,4,TRUE,"D","mean_midpoint",10,-0.00332085600317537
"symmetric_rootwise_two_ASIS",3,"symmetric rootwise partial collapse + two ASIS cycles","S03",28,4,TRUE,"D","mean_midpoint",25,-0.00602368647091973
"symmetric_rootwise_two_ASIS",3,"symmetric rootwise partial collapse + two ASIS cycles","S03",28,4,TRUE,"D","mean_midpoint",50,-0.00281486371464716
"symmetric_rootwise_two_ASIS",3,"symmetric rootwise partial collapse + two ASIS cycles","S03",28,4,TRUE,"D","terminal_width",1,0.368954150195002
"symmetric_rootwise_two_ASIS",3,"symmetric rootwise partial collapse + two ASIS cycles","S03",28,4,TRUE,"D","terminal_width",5,0.0365299817869632
"symmetric_rootwise_two_ASIS",3,"symmetric rootwise partial collapse + two ASIS cycles","S03",28,4,TRUE,"D","terminal_width",10,0.0104680517144512
"symmetric_rootwise_two_ASIS",3,"symmetric rootwise partial collapse + two ASIS cycles","S03",28,4,TRUE,"D","terminal_width",25,5.20911085719594e-05
"symmetric_rootwise_two_ASIS",3,"symmetric rootwise partial collapse + two ASIS cycles","S03",28,4,TRUE,"D","terminal_width",50,-0.00652027808912664
"symmetric_rootwise_two_ASIS",3,"symmetric rootwise partial collapse + two ASIS cycles","S03",28,4,TRUE,"D","terminal_midpoint",1,0.24476428712322
"symmetric_rootwise_two_ASIS",3,"symmetric rootwise partial collapse + two ASIS cycles","S03",28,4,TRUE,"D","terminal_midpoint",5,0.0164011611452638
"symmetric_rootwise_two_ASIS",3,"symmetric rootwise partial collapse + two ASIS cycles","S03",28,4,TRUE,"D","terminal_midpoint",10,-0.00348658050786511
"symmetric_rootwise_two_ASIS",3,"symmetric rootwise partial collapse + two ASIS cycles","S03",28,4,TRUE,"D","terminal_midpoint",25,-0.0034572145922536
"symmetric_rootwise_two_ASIS",3,"symmetric rootwise partial collapse + two ASIS cycles","S03",28,4,TRUE,"D","terminal_midpoint",50,-0.00114758605088968
"symmetric_rootwise_two_ASIS",3,"symmetric rootwise partial collapse + two ASIS cycles","S04",39,1,FALSE,"standard","log_q_1",1,0.848473204222225
"symmetric_rootwise_two_ASIS",3,"symmetric rootwise partial collapse + two ASIS cycles","S04",39,1,FALSE,"standard","log_q_1",5,0.509341709975991
"symmetric_rootwise_two_ASIS",3,"symmetric rootwise partial collapse + two ASIS cycles","S04",39,1,FALSE,"standard","log_q_1",10,0.267146990406306
"symmetric_rootwise_two_ASIS",3,"symmetric rootwise partial collapse + two ASIS cycles","S04",39,1,FALSE,"standard","log_q_1",25,0.0293063827682739
"symmetric_rootwise_two_ASIS",3,"symmetric rootwise partial collapse + two ASIS cycles","S04",39,1,FALSE,"standard","log_q_1",50,0.0122735579346726
"symmetric_rootwise_two_ASIS",3,"symmetric rootwise partial collapse + two ASIS cycles","S04",39,1,FALSE,"standard","observed_loss",1,0.546339778952426
"symmetric_rootwise_two_ASIS",3,"symmetric rootwise partial collapse + two ASIS cycles","S04",39,1,FALSE,"standard","observed_loss",5,0.23362185783377
"symmetric_rootwise_two_ASIS",3,"symmetric rootwise partial collapse + two ASIS cycles","S04",39,1,FALSE,"standard","observed_loss",10,0.129842266855968
"symmetric_rootwise_two_ASIS",3,"symmetric rootwise partial collapse + two ASIS cycles","S04",39,1,FALSE,"standard","observed_loss",25,0.00417897608701234
"symmetric_rootwise_two_ASIS",3,"symmetric rootwise partial collapse + two ASIS cycles","S04",39,1,FALSE,"standard","observed_loss",50,0.0115789188899309
"symmetric_rootwise_two_ASIS",3,"symmetric rootwise partial collapse + two ASIS cycles","S04",39,1,FALSE,"standard","mean_width",1,0.73412891892867
"symmetric_rootwise_two_ASIS",3,"symmetric rootwise partial collapse + two ASIS cycles","S04",39,1,FALSE,"standard","mean_width",5,0.234443350514593
"symmetric_rootwise_two_ASIS",3,"symmetric rootwise partial collapse + two ASIS cycles","S04",39,1,FALSE,"standard","mean_width",10,0.0401588995326804
"symmetric_rootwise_two_ASIS",3,"symmetric rootwise partial collapse + two ASIS cycles","S04",39,1,FALSE,"standard","mean_width",25,-0.0191997029301951
"symmetric_rootwise_two_ASIS",3,"symmetric rootwise partial collapse + two ASIS cycles","S04",39,1,FALSE,"standard","mean_width",50,-0.0322860071907512
"symmetric_rootwise_two_ASIS",3,"symmetric rootwise partial collapse + two ASIS cycles","S04",39,1,FALSE,"standard","mean_midpoint",1,0.626128739171898
"symmetric_rootwise_two_ASIS",3,"symmetric rootwise partial collapse + two ASIS cycles","S04",39,1,FALSE,"standard","mean_midpoint",5,0.11936146907693
"symmetric_rootwise_two_ASIS",3,"symmetric rootwise partial collapse + two ASIS cycles","S04",39,1,FALSE,"standard","mean_midpoint",10,0.0255277442015914
"symmetric_rootwise_two_ASIS",3,"symmetric rootwise partial collapse + two ASIS cycles","S04",39,1,FALSE,"standard","mean_midpoint",25,-0.00276305149104643
"symmetric_rootwise_two_ASIS",3,"symmetric rootwise partial collapse + two ASIS cycles","S04",39,1,FALSE,"standard","mean_midpoint",50,0.0307147275692158
"symmetric_rootwise_two_ASIS",3,"symmetric rootwise partial collapse + two ASIS cycles","S04",39,1,FALSE,"standard","terminal_width",1,0.499436971214702
"symmetric_rootwise_two_ASIS",3,"symmetric rootwise partial collapse + two ASIS cycles","S04",39,1,FALSE,"standard","terminal_width",5,0.14527314866745
"symmetric_rootwise_two_ASIS",3,"symmetric rootwise partial collapse + two ASIS cycles","S04",39,1,FALSE,"standard","terminal_width",10,0.0445015585962111
"symmetric_rootwise_two_ASIS",3,"symmetric rootwise partial collapse + two ASIS cycles","S04",39,1,FALSE,"standard","terminal_width",25,0.000209539934067349
"symmetric_rootwise_two_ASIS",3,"symmetric rootwise partial collapse + two ASIS cycles","S04",39,1,FALSE,"standard","terminal_width",50,-0.00941372544466421
"symmetric_rootwise_two_ASIS",3,"symmetric rootwise partial collapse + two ASIS cycles","S04",39,1,FALSE,"standard","terminal_midpoint",1,0.38512960476812
"symmetric_rootwise_two_ASIS",3,"symmetric rootwise partial collapse + two ASIS cycles","S04",39,1,FALSE,"standard","terminal_midpoint",5,0.100947681541714
"symmetric_rootwise_two_ASIS",3,"symmetric rootwise partial collapse + two ASIS cycles","S04",39,1,FALSE,"standard","terminal_midpoint",10,0.0169463896543908
"symmetric_rootwise_two_ASIS",3,"symmetric rootwise partial collapse + two ASIS cycles","S04",39,1,FALSE,"standard","terminal_midpoint",25,0.00784988268873282
"symmetric_rootwise_two_ASIS",3,"symmetric rootwise partial collapse + two ASIS cycles","S04",39,1,FALSE,"standard","terminal_midpoint",50,0.00224401797339201
"symmetric_rootwise_two_ASIS",3,"symmetric rootwise partial collapse + two ASIS cycles","S03",121,1,TRUE,"A","log_q_1",1,0.833954756959156
"symmetric_rootwise_two_ASIS",3,"symmetric rootwise partial collapse + two ASIS cycles","S03",121,1,TRUE,"A","log_q_1",5,0.448623945696208
"symmetric_rootwise_two_ASIS",3,"symmetric rootwise partial collapse + two ASIS cycles","S03",121,1,TRUE,"A","log_q_1",10,0.216576160633726
"symmetric_rootwise_two_ASIS",3,"symmetric rootwise partial collapse + two ASIS cycles","S03",121,1,TRUE,"A","log_q_1",25,0.0376265595693706
"symmetric_rootwise_two_ASIS",3,"symmetric rootwise partial collapse + two ASIS cycles","S03",121,1,TRUE,"A","log_q_1",50,0.0268872444781398
"symmetric_rootwise_two_ASIS",3,"symmetric rootwise partial collapse + two ASIS cycles","S03",121,1,TRUE,"A","observed_loss",1,0.345420548381092
"symmetric_rootwise_two_ASIS",3,"symmetric rootwise partial collapse + two ASIS cycles","S03",121,1,TRUE,"A","observed_loss",5,0.0918622349472603
"symmetric_rootwise_two_ASIS",3,"symmetric rootwise partial collapse + two ASIS cycles","S03",121,1,TRUE,"A","observed_loss",10,0.0272483597623173
"symmetric_rootwise_two_ASIS",3,"symmetric rootwise partial collapse + two ASIS cycles","S03",121,1,TRUE,"A","observed_loss",25,0.00315143790174927
"symmetric_rootwise_two_ASIS",3,"symmetric rootwise partial collapse + two ASIS cycles","S03",121,1,TRUE,"A","observed_loss",50,0.0288404291867472
"symmetric_rootwise_two_ASIS",3,"symmetric rootwise partial collapse + two ASIS cycles","S03",121,1,TRUE,"A","mean_width",1,0.603058957566566
"symmetric_rootwise_two_ASIS",3,"symmetric rootwise partial collapse + two ASIS cycles","S03",121,1,TRUE,"A","mean_width",5,0.129521433705864
"symmetric_rootwise_two_ASIS",3,"symmetric rootwise partial collapse + two ASIS cycles","S03",121,1,TRUE,"A","mean_width",10,0.0224593292918211
"symmetric_rootwise_two_ASIS",3,"symmetric rootwise partial collapse + two ASIS cycles","S03",121,1,TRUE,"A","mean_width",25,-0.00994863233240739
"symmetric_rootwise_two_ASIS",3,"symmetric rootwise partial collapse + two ASIS cycles","S03",121,1,TRUE,"A","mean_width",50,0.00238517204421418
"symmetric_rootwise_two_ASIS",3,"symmetric rootwise partial collapse + two ASIS cycles","S03",121,1,TRUE,"A","mean_midpoint",1,0.494256787012071
"symmetric_rootwise_two_ASIS",3,"symmetric rootwise partial collapse + two ASIS cycles","S03",121,1,TRUE,"A","mean_midpoint",5,0.0346306225421067
"symmetric_rootwise_two_ASIS",3,"symmetric rootwise partial collapse + two ASIS cycles","S03",121,1,TRUE,"A","mean_midpoint",10,0.00337297779370822
"symmetric_rootwise_two_ASIS",3,"symmetric rootwise partial collapse + two ASIS cycles","S03",121,1,TRUE,"A","mean_midpoint",25,0.000621039154597325
"symmetric_rootwise_two_ASIS",3,"symmetric rootwise partial collapse + two ASIS cycles","S03",121,1,TRUE,"A","mean_midpoint",50,0.00833868543956312
"symmetric_rootwise_two_ASIS",3,"symmetric rootwise partial collapse + two ASIS cycles","S03",121,1,TRUE,"A","terminal_width",1,0.370343262997351
"symmetric_rootwise_two_ASIS",3,"symmetric rootwise partial collapse + two ASIS cycles","S03",121,1,TRUE,"A","terminal_width",5,0.036849916630998
"symmetric_rootwise_two_ASIS",3,"symmetric rootwise partial collapse + two ASIS cycles","S03",121,1,TRUE,"A","terminal_width",10,-0.0180502434725519
"symmetric_rootwise_two_ASIS",3,"symmetric rootwise partial collapse + two ASIS cycles","S03",121,1,TRUE,"A","terminal_width",25,-0.0167214863658303
"symmetric_rootwise_two_ASIS",3,"symmetric rootwise partial collapse + two ASIS cycles","S03",121,1,TRUE,"A","terminal_width",50,-0.0180283094766922
"symmetric_rootwise_two_ASIS",3,"symmetric rootwise partial collapse + two ASIS cycles","S03",121,1,TRUE,"A","terminal_midpoint",1,0.384319871283496
"symmetric_rootwise_two_ASIS",3,"symmetric rootwise partial collapse + two ASIS cycles","S03",121,1,TRUE,"A","terminal_midpoint",5,0.071963330499271
"symmetric_rootwise_two_ASIS",3,"symmetric rootwise partial collapse + two ASIS cycles","S03",121,1,TRUE,"A","terminal_midpoint",10,0.0319772311084558
"symmetric_rootwise_two_ASIS",3,"symmetric rootwise partial collapse + two ASIS cycles","S03",121,1,TRUE,"A","terminal_midpoint",25,0.0456226255745791
"symmetric_rootwise_two_ASIS",3,"symmetric rootwise partial collapse + two ASIS cycles","S03",121,1,TRUE,"A","terminal_midpoint",50,-0.00679679404493933
"symmetric_rootwise_two_ASIS",3,"symmetric rootwise partial collapse + two ASIS cycles","S03",121,2,TRUE,"B","log_q_1",1,0.84199043047149
"symmetric_rootwise_two_ASIS",3,"symmetric rootwise partial collapse + two ASIS cycles","S03",121,2,TRUE,"B","log_q_1",5,0.49239933678574
"symmetric_rootwise_two_ASIS",3,"symmetric rootwise partial collapse + two ASIS cycles","S03",121,2,TRUE,"B","log_q_1",10,0.300915715846328
"symmetric_rootwise_two_ASIS",3,"symmetric rootwise partial collapse + two ASIS cycles","S03",121,2,TRUE,"B","log_q_1",25,0.109580820724115
"symmetric_rootwise_two_ASIS",3,"symmetric rootwise partial collapse + two ASIS cycles","S03",121,2,TRUE,"B","log_q_1",50,0.0370633710083129
"symmetric_rootwise_two_ASIS",3,"symmetric rootwise partial collapse + two ASIS cycles","S03",121,2,TRUE,"B","observed_loss",1,0.373755021221373
"symmetric_rootwise_two_ASIS",3,"symmetric rootwise partial collapse + two ASIS cycles","S03",121,2,TRUE,"B","observed_loss",5,0.11693590196918
"symmetric_rootwise_two_ASIS",3,"symmetric rootwise partial collapse + two ASIS cycles","S03",121,2,TRUE,"B","observed_loss",10,0.0644490541414468
"symmetric_rootwise_two_ASIS",3,"symmetric rootwise partial collapse + two ASIS cycles","S03",121,2,TRUE,"B","observed_loss",25,0.00476034935946328
"symmetric_rootwise_two_ASIS",3,"symmetric rootwise partial collapse + two ASIS cycles","S03",121,2,TRUE,"B","observed_loss",50,0.0405898562983259
"symmetric_rootwise_two_ASIS",3,"symmetric rootwise partial collapse + two ASIS cycles","S03",121,2,TRUE,"B","mean_width",1,0.608018214374326
"symmetric_rootwise_two_ASIS",3,"symmetric rootwise partial collapse + two ASIS cycles","S03",121,2,TRUE,"B","mean_width",5,0.097692129647789
"symmetric_rootwise_two_ASIS",3,"symmetric rootwise partial collapse + two ASIS cycles","S03",121,2,TRUE,"B","mean_width",10,-0.00901725407585168
"symmetric_rootwise_two_ASIS",3,"symmetric rootwise partial collapse + two ASIS cycles","S03",121,2,TRUE,"B","mean_width",25,-0.00904592100571539
"symmetric_rootwise_two_ASIS",3,"symmetric rootwise partial collapse + two ASIS cycles","S03",121,2,TRUE,"B","mean_width",50,-0.003499348340639
"symmetric_rootwise_two_ASIS",3,"symmetric rootwise partial collapse + two ASIS cycles","S03",121,2,TRUE,"B","mean_midpoint",1,0.505456531385565
"symmetric_rootwise_two_ASIS",3,"symmetric rootwise partial collapse + two ASIS cycles","S03",121,2,TRUE,"B","mean_midpoint",5,0.0373701360515647
"symmetric_rootwise_two_ASIS",3,"symmetric rootwise partial collapse + two ASIS cycles","S03",121,2,TRUE,"B","mean_midpoint",10,0.0117517452989446
"symmetric_rootwise_two_ASIS",3,"symmetric rootwise partial collapse + two ASIS cycles","S03",121,2,TRUE,"B","mean_midpoint",25,-0.00980478276031162
"symmetric_rootwise_two_ASIS",3,"symmetric rootwise partial collapse + two ASIS cycles","S03",121,2,TRUE,"B","mean_midpoint",50,-0.0136265441200825
"symmetric_rootwise_two_ASIS",3,"symmetric rootwise partial collapse + two ASIS cycles","S03",121,2,TRUE,"B","terminal_width",1,0.387017271113962
"symmetric_rootwise_two_ASIS",3,"symmetric rootwise partial collapse + two ASIS cycles","S03",121,2,TRUE,"B","terminal_width",5,0.0476682984969995
"symmetric_rootwise_two_ASIS",3,"symmetric rootwise partial collapse + two ASIS cycles","S03",121,2,TRUE,"B","terminal_width",10,0.0235899617498363
"symmetric_rootwise_two_ASIS",3,"symmetric rootwise partial collapse + two ASIS cycles","S03",121,2,TRUE,"B","terminal_width",25,-0.00322920135361943
"symmetric_rootwise_two_ASIS",3,"symmetric rootwise partial collapse + two ASIS cycles","S03",121,2,TRUE,"B","terminal_width",50,0.00928241609098375
"symmetric_rootwise_two_ASIS",3,"symmetric rootwise partial collapse + two ASIS cycles","S03",121,2,TRUE,"B","terminal_midpoint",1,0.363496389007706
"symmetric_rootwise_two_ASIS",3,"symmetric rootwise partial collapse + two ASIS cycles","S03",121,2,TRUE,"B","terminal_midpoint",5,0.0864005440147426
"symmetric_rootwise_two_ASIS",3,"symmetric rootwise partial collapse + two ASIS cycles","S03",121,2,TRUE,"B","terminal_midpoint",10,0.0308278110552779
"symmetric_rootwise_two_ASIS",3,"symmetric rootwise partial collapse + two ASIS cycles","S03",121,2,TRUE,"B","terminal_midpoint",25,0.0100521467284442
"symmetric_rootwise_two_ASIS",3,"symmetric rootwise partial collapse + two ASIS cycles","S03",121,2,TRUE,"B","terminal_midpoint",50,0.00334636044661945
"symmetric_rootwise_two_ASIS",3,"symmetric rootwise partial collapse + two ASIS cycles","S03",121,3,TRUE,"C","log_q_1",1,0.828496075620302
"symmetric_rootwise_two_ASIS",3,"symmetric rootwise partial collapse + two ASIS cycles","S03",121,3,TRUE,"C","log_q_1",5,0.453320933565633
"symmetric_rootwise_two_ASIS",3,"symmetric rootwise partial collapse + two ASIS cycles","S03",121,3,TRUE,"C","log_q_1",10,0.196857429387955
"symmetric_rootwise_two_ASIS",3,"symmetric rootwise partial collapse + two ASIS cycles","S03",121,3,TRUE,"C","log_q_1",25,0.00668834993360535
"symmetric_rootwise_two_ASIS",3,"symmetric rootwise partial collapse + two ASIS cycles","S03",121,3,TRUE,"C","log_q_1",50,0.00696993930039032
"symmetric_rootwise_two_ASIS",3,"symmetric rootwise partial collapse + two ASIS cycles","S03",121,3,TRUE,"C","observed_loss",1,0.373138810953012
"symmetric_rootwise_two_ASIS",3,"symmetric rootwise partial collapse + two ASIS cycles","S03",121,3,TRUE,"C","observed_loss",5,0.0832727531956386
"symmetric_rootwise_two_ASIS",3,"symmetric rootwise partial collapse + two ASIS cycles","S03",121,3,TRUE,"C","observed_loss",10,0.0422958390234763
"symmetric_rootwise_two_ASIS",3,"symmetric rootwise partial collapse + two ASIS cycles","S03",121,3,TRUE,"C","observed_loss",25,-0.0249880589065202
"symmetric_rootwise_two_ASIS",3,"symmetric rootwise partial collapse + two ASIS cycles","S03",121,3,TRUE,"C","observed_loss",50,0.00178156498467229
"symmetric_rootwise_two_ASIS",3,"symmetric rootwise partial collapse + two ASIS cycles","S03",121,3,TRUE,"C","mean_width",1,0.592984599217413
"symmetric_rootwise_two_ASIS",3,"symmetric rootwise partial collapse + two ASIS cycles","S03",121,3,TRUE,"C","mean_width",5,0.0760064052274214
"symmetric_rootwise_two_ASIS",3,"symmetric rootwise partial collapse + two ASIS cycles","S03",121,3,TRUE,"C","mean_width",10,-0.00950820968092288
"symmetric_rootwise_two_ASIS",3,"symmetric rootwise partial collapse + two ASIS cycles","S03",121,3,TRUE,"C","mean_width",25,-0.00723446831767643
"symmetric_rootwise_two_ASIS",3,"symmetric rootwise partial collapse + two ASIS cycles","S03",121,3,TRUE,"C","mean_width",50,0.00646637158344025
"symmetric_rootwise_two_ASIS",3,"symmetric rootwise partial collapse + two ASIS cycles","S03",121,3,TRUE,"C","mean_midpoint",1,0.508165435294354
"symmetric_rootwise_two_ASIS",3,"symmetric rootwise partial collapse + two ASIS cycles","S03",121,3,TRUE,"C","mean_midpoint",5,0.0355662648223239
"symmetric_rootwise_two_ASIS",3,"symmetric rootwise partial collapse + two ASIS cycles","S03",121,3,TRUE,"C","mean_midpoint",10,0.00326554785835215
"symmetric_rootwise_two_ASIS",3,"symmetric rootwise partial collapse + two ASIS cycles","S03",121,3,TRUE,"C","mean_midpoint",25,-0.00705638779732578
"symmetric_rootwise_two_ASIS",3,"symmetric rootwise partial collapse + two ASIS cycles","S03",121,3,TRUE,"C","mean_midpoint",50,-0.00103791076057896
"symmetric_rootwise_two_ASIS",3,"symmetric rootwise partial collapse + two ASIS cycles","S03",121,3,TRUE,"C","terminal_width",1,0.397357264608857
"symmetric_rootwise_two_ASIS",3,"symmetric rootwise partial collapse + two ASIS cycles","S03",121,3,TRUE,"C","terminal_width",5,0.0244560887631486
"symmetric_rootwise_two_ASIS",3,"symmetric rootwise partial collapse + two ASIS cycles","S03",121,3,TRUE,"C","terminal_width",10,-0.00748733480860381
"symmetric_rootwise_two_ASIS",3,"symmetric rootwise partial collapse + two ASIS cycles","S03",121,3,TRUE,"C","terminal_width",25,-0.00160206993523456
"symmetric_rootwise_two_ASIS",3,"symmetric rootwise partial collapse + two ASIS cycles","S03",121,3,TRUE,"C","terminal_width",50,-0.014467368860391
"symmetric_rootwise_two_ASIS",3,"symmetric rootwise partial collapse + two ASIS cycles","S03",121,3,TRUE,"C","terminal_midpoint",1,0.366553902073308
"symmetric_rootwise_two_ASIS",3,"symmetric rootwise partial collapse + two ASIS cycles","S03",121,3,TRUE,"C","terminal_midpoint",5,0.0750718236218129
"symmetric_rootwise_two_ASIS",3,"symmetric rootwise partial collapse + two ASIS cycles","S03",121,3,TRUE,"C","terminal_midpoint",10,0.0132559820427455
"symmetric_rootwise_two_ASIS",3,"symmetric rootwise partial collapse + two ASIS cycles","S03",121,3,TRUE,"C","terminal_midpoint",25,-0.00403281476656879
"symmetric_rootwise_two_ASIS",3,"symmetric rootwise partial collapse + two ASIS cycles","S03",121,3,TRUE,"C","terminal_midpoint",50,-0.0253023241340674
"symmetric_rootwise_two_ASIS",3,"symmetric rootwise partial collapse + two ASIS cycles","S03",121,4,TRUE,"D","log_q_1",1,0.839769501804098
"symmetric_rootwise_two_ASIS",3,"symmetric rootwise partial collapse + two ASIS cycles","S03",121,4,TRUE,"D","log_q_1",5,0.481667693424123
"symmetric_rootwise_two_ASIS",3,"symmetric rootwise partial collapse + two ASIS cycles","S03",121,4,TRUE,"D","log_q_1",10,0.260014448274207
"symmetric_rootwise_two_ASIS",3,"symmetric rootwise partial collapse + two ASIS cycles","S03",121,4,TRUE,"D","log_q_1",25,0.0272989672421447
"symmetric_rootwise_two_ASIS",3,"symmetric rootwise partial collapse + two ASIS cycles","S03",121,4,TRUE,"D","log_q_1",50,0.000646248836500913
"symmetric_rootwise_two_ASIS",3,"symmetric rootwise partial collapse + two ASIS cycles","S03",121,4,TRUE,"D","observed_loss",1,0.363732860195203
"symmetric_rootwise_two_ASIS",3,"symmetric rootwise partial collapse + two ASIS cycles","S03",121,4,TRUE,"D","observed_loss",5,0.100321609205096
"symmetric_rootwise_two_ASIS",3,"symmetric rootwise partial collapse + two ASIS cycles","S03",121,4,TRUE,"D","observed_loss",10,0.0370264213703536
"symmetric_rootwise_two_ASIS",3,"symmetric rootwise partial collapse + two ASIS cycles","S03",121,4,TRUE,"D","observed_loss",25,0.0193817691589911
"symmetric_rootwise_two_ASIS",3,"symmetric rootwise partial collapse + two ASIS cycles","S03",121,4,TRUE,"D","observed_loss",50,-0.00489598569055987
"symmetric_rootwise_two_ASIS",3,"symmetric rootwise partial collapse + two ASIS cycles","S03",121,4,TRUE,"D","mean_width",1,0.611584686575101
"symmetric_rootwise_two_ASIS",3,"symmetric rootwise partial collapse + two ASIS cycles","S03",121,4,TRUE,"D","mean_width",5,0.083906374025852
"symmetric_rootwise_two_ASIS",3,"symmetric rootwise partial collapse + two ASIS cycles","S03",121,4,TRUE,"D","mean_width",10,-0.0505188452892617
"symmetric_rootwise_two_ASIS",3,"symmetric rootwise partial collapse + two ASIS cycles","S03",121,4,TRUE,"D","mean_width",25,0.00474884405491958
"symmetric_rootwise_two_ASIS",3,"symmetric rootwise partial collapse + two ASIS cycles","S03",121,4,TRUE,"D","mean_width",50,-0.00024428500188607
"symmetric_rootwise_two_ASIS",3,"symmetric rootwise partial collapse + two ASIS cycles","S03",121,4,TRUE,"D","mean_midpoint",1,0.496664208146923
"symmetric_rootwise_two_ASIS",3,"symmetric rootwise partial collapse + two ASIS cycles","S03",121,4,TRUE,"D","mean_midpoint",5,0.0802430360674101
"symmetric_rootwise_two_ASIS",3,"symmetric rootwise partial collapse + two ASIS cycles","S03",121,4,TRUE,"D","mean_midpoint",10,0.0286852960657977
"symmetric_rootwise_two_ASIS",3,"symmetric rootwise partial collapse + two ASIS cycles","S03",121,4,TRUE,"D","mean_midpoint",25,-0.0297394373072642
"symmetric_rootwise_two_ASIS",3,"symmetric rootwise partial collapse + two ASIS cycles","S03",121,4,TRUE,"D","mean_midpoint",50,0.0150219675520104
"symmetric_rootwise_two_ASIS",3,"symmetric rootwise partial collapse + two ASIS cycles","S03",121,4,TRUE,"D","terminal_width",1,0.398553893560331
"symmetric_rootwise_two_ASIS",3,"symmetric rootwise partial collapse + two ASIS cycles","S03",121,4,TRUE,"D","terminal_width",5,0.0271746763990755
"symmetric_rootwise_two_ASIS",3,"symmetric rootwise partial collapse + two ASIS cycles","S03",121,4,TRUE,"D","terminal_width",10,0.00638081603428602
"symmetric_rootwise_two_ASIS",3,"symmetric rootwise partial collapse + two ASIS cycles","S03",121,4,TRUE,"D","terminal_width",25,0.0101782638290765
"symmetric_rootwise_two_ASIS",3,"symmetric rootwise partial collapse + two ASIS cycles","S03",121,4,TRUE,"D","terminal_width",50,0.0237380082859863
"symmetric_rootwise_two_ASIS",3,"symmetric rootwise partial collapse + two ASIS cycles","S03",121,4,TRUE,"D","terminal_midpoint",1,0.393155120704677
"symmetric_rootwise_two_ASIS",3,"symmetric rootwise partial collapse + two ASIS cycles","S03",121,4,TRUE,"D","terminal_midpoint",5,0.099883380802685
"symmetric_rootwise_two_ASIS",3,"symmetric rootwise partial collapse + two ASIS cycles","S03",121,4,TRUE,"D","terminal_midpoint",10,0.00746641837453958
"symmetric_rootwise_two_ASIS",3,"symmetric rootwise partial collapse + two ASIS cycles","S03",121,4,TRUE,"D","terminal_midpoint",25,-0.000568849236945001
"symmetric_rootwise_two_ASIS",3,"symmetric rootwise partial collapse + two ASIS cycles","S03",121,4,TRUE,"D","terminal_midpoint",50,0.00900811198544386
"symmetric_rootwise_two_ASIS",3,"symmetric rootwise partial collapse + two ASIS cycles","S03",55,1,FALSE,"standard","log_q_1",1,0.902328653337219
"symmetric_rootwise_two_ASIS",3,"symmetric rootwise partial collapse + two ASIS cycles","S03",55,1,FALSE,"standard","log_q_1",5,0.671209511339538
"symmetric_rootwise_two_ASIS",3,"symmetric rootwise partial collapse + two ASIS cycles","S03",55,1,FALSE,"standard","log_q_1",10,0.459711136657282
"symmetric_rootwise_two_ASIS",3,"symmetric rootwise partial collapse + two ASIS cycles","S03",55,1,FALSE,"standard","log_q_1",25,0.0712353573050187
"symmetric_rootwise_two_ASIS",3,"symmetric rootwise partial collapse + two ASIS cycles","S03",55,1,FALSE,"standard","log_q_1",50,-7.76339749759696e-05
"symmetric_rootwise_two_ASIS",3,"symmetric rootwise partial collapse + two ASIS cycles","S03",55,1,FALSE,"standard","observed_loss",1,0.481597186800901
"symmetric_rootwise_two_ASIS",3,"symmetric rootwise partial collapse + two ASIS cycles","S03",55,1,FALSE,"standard","observed_loss",5,0.229797977400154
"symmetric_rootwise_two_ASIS",3,"symmetric rootwise partial collapse + two ASIS cycles","S03",55,1,FALSE,"standard","observed_loss",10,0.161709963259309
"symmetric_rootwise_two_ASIS",3,"symmetric rootwise partial collapse + two ASIS cycles","S03",55,1,FALSE,"standard","observed_loss",25,0.00748652352084346
"symmetric_rootwise_two_ASIS",3,"symmetric rootwise partial collapse + two ASIS cycles","S03",55,1,FALSE,"standard","observed_loss",50,-0.00688785496329374
"symmetric_rootwise_two_ASIS",3,"symmetric rootwise partial collapse + two ASIS cycles","S03",55,1,FALSE,"standard","mean_width",1,0.631433342454012
"symmetric_rootwise_two_ASIS",3,"symmetric rootwise partial collapse + two ASIS cycles","S03",55,1,FALSE,"standard","mean_width",5,0.131864505030849
"symmetric_rootwise_two_ASIS",3,"symmetric rootwise partial collapse + two ASIS cycles","S03",55,1,FALSE,"standard","mean_width",10,0.0179773777796597
"symmetric_rootwise_two_ASIS",3,"symmetric rootwise partial collapse + two ASIS cycles","S03",55,1,FALSE,"standard","mean_width",25,-0.0166279309529581
"symmetric_rootwise_two_ASIS",3,"symmetric rootwise partial collapse + two ASIS cycles","S03",55,1,FALSE,"standard","mean_width",50,-0.00735229950329595
"symmetric_rootwise_two_ASIS",3,"symmetric rootwise partial collapse + two ASIS cycles","S03",55,1,FALSE,"standard","mean_midpoint",1,0.492403054229196
"symmetric_rootwise_two_ASIS",3,"symmetric rootwise partial collapse + two ASIS cycles","S03",55,1,FALSE,"standard","mean_midpoint",5,0.0265505601883961
"symmetric_rootwise_two_ASIS",3,"symmetric rootwise partial collapse + two ASIS cycles","S03",55,1,FALSE,"standard","mean_midpoint",10,0.0126432743744432
"symmetric_rootwise_two_ASIS",3,"symmetric rootwise partial collapse + two ASIS cycles","S03",55,1,FALSE,"standard","mean_midpoint",25,0.00621344483905379
"symmetric_rootwise_two_ASIS",3,"symmetric rootwise partial collapse + two ASIS cycles","S03",55,1,FALSE,"standard","mean_midpoint",50,-0.0340612984385681
"symmetric_rootwise_two_ASIS",3,"symmetric rootwise partial collapse + two ASIS cycles","S03",55,1,FALSE,"standard","terminal_width",1,0.370192486692771
"symmetric_rootwise_two_ASIS",3,"symmetric rootwise partial collapse + two ASIS cycles","S03",55,1,FALSE,"standard","terminal_width",5,0.00349415763136111
"symmetric_rootwise_two_ASIS",3,"symmetric rootwise partial collapse + two ASIS cycles","S03",55,1,FALSE,"standard","terminal_width",10,0.007196417647961
"symmetric_rootwise_two_ASIS",3,"symmetric rootwise partial collapse + two ASIS cycles","S03",55,1,FALSE,"standard","terminal_width",25,0.0136806062001985
"symmetric_rootwise_two_ASIS",3,"symmetric rootwise partial collapse + two ASIS cycles","S03",55,1,FALSE,"standard","terminal_width",50,0.0138677627685291
"symmetric_rootwise_two_ASIS",3,"symmetric rootwise partial collapse + two ASIS cycles","S03",55,1,FALSE,"standard","terminal_midpoint",1,0.235436400675128
"symmetric_rootwise_two_ASIS",3,"symmetric rootwise partial collapse + two ASIS cycles","S03",55,1,FALSE,"standard","terminal_midpoint",5,0.0328603712914761
"symmetric_rootwise_two_ASIS",3,"symmetric rootwise partial collapse + two ASIS cycles","S03",55,1,FALSE,"standard","terminal_midpoint",10,0.0180496216348319
"symmetric_rootwise_two_ASIS",3,"symmetric rootwise partial collapse + two ASIS cycles","S03",55,1,FALSE,"standard","terminal_midpoint",25,0.00857245217591253
"symmetric_rootwise_two_ASIS",3,"symmetric rootwise partial collapse + two ASIS cycles","S03",55,1,FALSE,"standard","terminal_midpoint",50,-0.0088181936042361
"symmetric_rootwise_two_ASIS",3,"symmetric rootwise partial collapse + two ASIS cycles","S04",91,1,FALSE,"standard","log_q_1",1,0.833413795310368
"symmetric_rootwise_two_ASIS",3,"symmetric rootwise partial collapse + two ASIS cycles","S04",91,1,FALSE,"standard","log_q_1",5,0.486048453379631
"symmetric_rootwise_two_ASIS",3,"symmetric rootwise partial collapse + two ASIS cycles","S04",91,1,FALSE,"standard","log_q_1",10,0.262784428048964
"symmetric_rootwise_two_ASIS",3,"symmetric rootwise partial collapse + two ASIS cycles","S04",91,1,FALSE,"standard","log_q_1",25,0.0447931963399875
"symmetric_rootwise_two_ASIS",3,"symmetric rootwise partial collapse + two ASIS cycles","S04",91,1,FALSE,"standard","log_q_1",50,-0.0389232853435116
"symmetric_rootwise_two_ASIS",3,"symmetric rootwise partial collapse + two ASIS cycles","S04",91,1,FALSE,"standard","observed_loss",1,0.392794304906142
"symmetric_rootwise_two_ASIS",3,"symmetric rootwise partial collapse + two ASIS cycles","S04",91,1,FALSE,"standard","observed_loss",5,0.0875896585941443
"symmetric_rootwise_two_ASIS",3,"symmetric rootwise partial collapse + two ASIS cycles","S04",91,1,FALSE,"standard","observed_loss",10,0.0640739187729865
"symmetric_rootwise_two_ASIS",3,"symmetric rootwise partial collapse + two ASIS cycles","S04",91,1,FALSE,"standard","observed_loss",25,0.0338141022516051
"symmetric_rootwise_two_ASIS",3,"symmetric rootwise partial collapse + two ASIS cycles","S04",91,1,FALSE,"standard","observed_loss",50,-0.000184568138817915
"symmetric_rootwise_two_ASIS",3,"symmetric rootwise partial collapse + two ASIS cycles","S04",91,1,FALSE,"standard","mean_width",1,0.692825291481307
"symmetric_rootwise_two_ASIS",3,"symmetric rootwise partial collapse + two ASIS cycles","S04",91,1,FALSE,"standard","mean_width",5,0.218479249539109
"symmetric_rootwise_two_ASIS",3,"symmetric rootwise partial collapse + two ASIS cycles","S04",91,1,FALSE,"standard","mean_width",10,0.0620628418962933
"symmetric_rootwise_two_ASIS",3,"symmetric rootwise partial collapse + two ASIS cycles","S04",91,1,FALSE,"standard","mean_width",25,-0.022859347013863
"symmetric_rootwise_two_ASIS",3,"symmetric rootwise partial collapse + two ASIS cycles","S04",91,1,FALSE,"standard","mean_width",50,0.014421517553776
"symmetric_rootwise_two_ASIS",3,"symmetric rootwise partial collapse + two ASIS cycles","S04",91,1,FALSE,"standard","mean_midpoint",1,0.589555059383193
"symmetric_rootwise_two_ASIS",3,"symmetric rootwise partial collapse + two ASIS cycles","S04",91,1,FALSE,"standard","mean_midpoint",5,0.0999218676918185
"symmetric_rootwise_two_ASIS",3,"symmetric rootwise partial collapse + two ASIS cycles","S04",91,1,FALSE,"standard","mean_midpoint",10,0.0304533048864536
"symmetric_rootwise_two_ASIS",3,"symmetric rootwise partial collapse + two ASIS cycles","S04",91,1,FALSE,"standard","mean_midpoint",25,0.0174700645388755
"symmetric_rootwise_two_ASIS",3,"symmetric rootwise partial collapse + two ASIS cycles","S04",91,1,FALSE,"standard","mean_midpoint",50,-0.0479808528049908
"symmetric_rootwise_two_ASIS",3,"symmetric rootwise partial collapse + two ASIS cycles","S04",91,1,FALSE,"standard","terminal_width",1,0.474681165515118
"symmetric_rootwise_two_ASIS",3,"symmetric rootwise partial collapse + two ASIS cycles","S04",91,1,FALSE,"standard","terminal_width",5,0.0835951762533117
"symmetric_rootwise_two_ASIS",3,"symmetric rootwise partial collapse + two ASIS cycles","S04",91,1,FALSE,"standard","terminal_width",10,0.0156894037023462
"symmetric_rootwise_two_ASIS",3,"symmetric rootwise partial collapse + two ASIS cycles","S04",91,1,FALSE,"standard","terminal_width",25,0.0168652999024092
"symmetric_rootwise_two_ASIS",3,"symmetric rootwise partial collapse + two ASIS cycles","S04",91,1,FALSE,"standard","terminal_width",50,-0.0330471472526545
"symmetric_rootwise_two_ASIS",3,"symmetric rootwise partial collapse + two ASIS cycles","S04",91,1,FALSE,"standard","terminal_midpoint",1,0.423435243357131
"symmetric_rootwise_two_ASIS",3,"symmetric rootwise partial collapse + two ASIS cycles","S04",91,1,FALSE,"standard","terminal_midpoint",5,0.0295790944301122
"symmetric_rootwise_two_ASIS",3,"symmetric rootwise partial collapse + two ASIS cycles","S04",91,1,FALSE,"standard","terminal_midpoint",10,-0.00951916298878334
"symmetric_rootwise_two_ASIS",3,"symmetric rootwise partial collapse + two ASIS cycles","S04",91,1,FALSE,"standard","terminal_midpoint",25,-0.00268198535479506
"symmetric_rootwise_two_ASIS",3,"symmetric rootwise partial collapse + two ASIS cycles","S04",91,1,FALSE,"standard","terminal_midpoint",50,-0.0111903958807996
"symmetric_rootwise_two_ASIS",3,"symmetric rootwise partial collapse + two ASIS cycles","S03",165,1,FALSE,"standard","log_q_1",1,0.888420527401946
"symmetric_rootwise_two_ASIS",3,"symmetric rootwise partial collapse + two ASIS cycles","S03",165,1,FALSE,"standard","log_q_1",5,0.618569286155782
"symmetric_rootwise_two_ASIS",3,"symmetric rootwise partial collapse + two ASIS cycles","S03",165,1,FALSE,"standard","log_q_1",10,0.383428818380181
"symmetric_rootwise_two_ASIS",3,"symmetric rootwise partial collapse + two ASIS cycles","S03",165,1,FALSE,"standard","log_q_1",25,0.0576470092990019
"symmetric_rootwise_two_ASIS",3,"symmetric rootwise partial collapse + two ASIS cycles","S03",165,1,FALSE,"standard","log_q_1",50,0.000332524737462348
"symmetric_rootwise_two_ASIS",3,"symmetric rootwise partial collapse + two ASIS cycles","S03",165,1,FALSE,"standard","observed_loss",1,0.510992074054801
"symmetric_rootwise_two_ASIS",3,"symmetric rootwise partial collapse + two ASIS cycles","S03",165,1,FALSE,"standard","observed_loss",5,0.272400913295816
"symmetric_rootwise_two_ASIS",3,"symmetric rootwise partial collapse + two ASIS cycles","S03",165,1,FALSE,"standard","observed_loss",10,0.185026246181673
"symmetric_rootwise_two_ASIS",3,"symmetric rootwise partial collapse + two ASIS cycles","S03",165,1,FALSE,"standard","observed_loss",25,0.0422419152746037
"symmetric_rootwise_two_ASIS",3,"symmetric rootwise partial collapse + two ASIS cycles","S03",165,1,FALSE,"standard","observed_loss",50,0.0175787369149713
"symmetric_rootwise_two_ASIS",3,"symmetric rootwise partial collapse + two ASIS cycles","S03",165,1,FALSE,"standard","mean_width",1,0.638132637131404
"symmetric_rootwise_two_ASIS",3,"symmetric rootwise partial collapse + two ASIS cycles","S03",165,1,FALSE,"standard","mean_width",5,0.143942843923741
"symmetric_rootwise_two_ASIS",3,"symmetric rootwise partial collapse + two ASIS cycles","S03",165,1,FALSE,"standard","mean_width",10,0.0780088937395332
"symmetric_rootwise_two_ASIS",3,"symmetric rootwise partial collapse + two ASIS cycles","S03",165,1,FALSE,"standard","mean_width",25,-0.00173652370273879
"symmetric_rootwise_two_ASIS",3,"symmetric rootwise partial collapse + two ASIS cycles","S03",165,1,FALSE,"standard","mean_width",50,-0.00182518799749306
"symmetric_rootwise_two_ASIS",3,"symmetric rootwise partial collapse + two ASIS cycles","S03",165,1,FALSE,"standard","mean_midpoint",1,0.517926929177218
"symmetric_rootwise_two_ASIS",3,"symmetric rootwise partial collapse + two ASIS cycles","S03",165,1,FALSE,"standard","mean_midpoint",5,0.0809566213969144
"symmetric_rootwise_two_ASIS",3,"symmetric rootwise partial collapse + two ASIS cycles","S03",165,1,FALSE,"standard","mean_midpoint",10,0.0359955793473014
"symmetric_rootwise_two_ASIS",3,"symmetric rootwise partial collapse + two ASIS cycles","S03",165,1,FALSE,"standard","mean_midpoint",25,0.0291891994995845
"symmetric_rootwise_two_ASIS",3,"symmetric rootwise partial collapse + two ASIS cycles","S03",165,1,FALSE,"standard","mean_midpoint",50,-0.00983429639947973
"symmetric_rootwise_two_ASIS",3,"symmetric rootwise partial collapse + two ASIS cycles","S03",165,1,FALSE,"standard","terminal_width",1,0.310264041279438
"symmetric_rootwise_two_ASIS",3,"symmetric rootwise partial collapse + two ASIS cycles","S03",165,1,FALSE,"standard","terminal_width",5,0.000739276522644678
"symmetric_rootwise_two_ASIS",3,"symmetric rootwise partial collapse + two ASIS cycles","S03",165,1,FALSE,"standard","terminal_width",10,-0.00405763534905423
"symmetric_rootwise_two_ASIS",3,"symmetric rootwise partial collapse + two ASIS cycles","S03",165,1,FALSE,"standard","terminal_width",25,0.0250972193956525
"symmetric_rootwise_two_ASIS",3,"symmetric rootwise partial collapse + two ASIS cycles","S03",165,1,FALSE,"standard","terminal_width",50,0.0111599099951921
"symmetric_rootwise_two_ASIS",3,"symmetric rootwise partial collapse + two ASIS cycles","S03",165,1,FALSE,"standard","terminal_midpoint",1,0.234657719133243
"symmetric_rootwise_two_ASIS",3,"symmetric rootwise partial collapse + two ASIS cycles","S03",165,1,FALSE,"standard","terminal_midpoint",5,0.0365819951306223
"symmetric_rootwise_two_ASIS",3,"symmetric rootwise partial collapse + two ASIS cycles","S03",165,1,FALSE,"standard","terminal_midpoint",10,-0.00994801630508189
"symmetric_rootwise_two_ASIS",3,"symmetric rootwise partial collapse + two ASIS cycles","S03",165,1,FALSE,"standard","terminal_midpoint",25,-0.00828056630195748
"symmetric_rootwise_two_ASIS",3,"symmetric rootwise partial collapse + two ASIS cycles","S03",165,1,FALSE,"standard","terminal_midpoint",50,0.0174223855356616
"symmetric_rootwise_two_ASIS",3,"symmetric rootwise partial collapse + two ASIS cycles","S03",89,1,FALSE,"standard","log_q_1",1,0.813801853284757
"symmetric_rootwise_two_ASIS",3,"symmetric rootwise partial collapse + two ASIS cycles","S03",89,1,FALSE,"standard","log_q_1",5,0.413184706564749
"symmetric_rootwise_two_ASIS",3,"symmetric rootwise partial collapse + two ASIS cycles","S03",89,1,FALSE,"standard","log_q_1",10,0.153024838716353
"symmetric_rootwise_two_ASIS",3,"symmetric rootwise partial collapse + two ASIS cycles","S03",89,1,FALSE,"standard","log_q_1",25,0.0220413735032286
"symmetric_rootwise_two_ASIS",3,"symmetric rootwise partial collapse + two ASIS cycles","S03",89,1,FALSE,"standard","log_q_1",50,-0.0538002710961687
"symmetric_rootwise_two_ASIS",3,"symmetric rootwise partial collapse + two ASIS cycles","S03",89,1,FALSE,"standard","observed_loss",1,0.295352896878147
"symmetric_rootwise_two_ASIS",3,"symmetric rootwise partial collapse + two ASIS cycles","S03",89,1,FALSE,"standard","observed_loss",5,0.0521459378149611
"symmetric_rootwise_two_ASIS",3,"symmetric rootwise partial collapse + two ASIS cycles","S03",89,1,FALSE,"standard","observed_loss",10,0.0370498191051671
"symmetric_rootwise_two_ASIS",3,"symmetric rootwise partial collapse + two ASIS cycles","S03",89,1,FALSE,"standard","observed_loss",25,0.0112919393074083
"symmetric_rootwise_two_ASIS",3,"symmetric rootwise partial collapse + two ASIS cycles","S03",89,1,FALSE,"standard","observed_loss",50,-0.0151905732754745
"symmetric_rootwise_two_ASIS",3,"symmetric rootwise partial collapse + two ASIS cycles","S03",89,1,FALSE,"standard","mean_width",1,0.595638728322195
"symmetric_rootwise_two_ASIS",3,"symmetric rootwise partial collapse + two ASIS cycles","S03",89,1,FALSE,"standard","mean_width",5,0.0857745081550503
"symmetric_rootwise_two_ASIS",3,"symmetric rootwise partial collapse + two ASIS cycles","S03",89,1,FALSE,"standard","mean_width",10,0.0293122001671964
"symmetric_rootwise_two_ASIS",3,"symmetric rootwise partial collapse + two ASIS cycles","S03",89,1,FALSE,"standard","mean_width",25,-0.013100801427469
"symmetric_rootwise_two_ASIS",3,"symmetric rootwise partial collapse + two ASIS cycles","S03",89,1,FALSE,"standard","mean_width",50,-0.0129379684951608
"symmetric_rootwise_two_ASIS",3,"symmetric rootwise partial collapse + two ASIS cycles","S03",89,1,FALSE,"standard","mean_midpoint",1,0.533592828967976
"symmetric_rootwise_two_ASIS",3,"symmetric rootwise partial collapse + two ASIS cycles","S03",89,1,FALSE,"standard","mean_midpoint",5,0.0406666709618616
"symmetric_rootwise_two_ASIS",3,"symmetric rootwise partial collapse + two ASIS cycles","S03",89,1,FALSE,"standard","mean_midpoint",10,0.016299544528591
"symmetric_rootwise_two_ASIS",3,"symmetric rootwise partial collapse + two ASIS cycles","S03",89,1,FALSE,"standard","mean_midpoint",25,-0.0011259560087818
"symmetric_rootwise_two_ASIS",3,"symmetric rootwise partial collapse + two ASIS cycles","S03",89,1,FALSE,"standard","mean_midpoint",50,-0.0244293543087425
"symmetric_rootwise_two_ASIS",3,"symmetric rootwise partial collapse + two ASIS cycles","S03",89,1,FALSE,"standard","terminal_width",1,0.329441315106234
"symmetric_rootwise_two_ASIS",3,"symmetric rootwise partial collapse + two ASIS cycles","S03",89,1,FALSE,"standard","terminal_width",5,0.017052078087384
"symmetric_rootwise_two_ASIS",3,"symmetric rootwise partial collapse + two ASIS cycles","S03",89,1,FALSE,"standard","terminal_width",10,-0.0197556942850823
"symmetric_rootwise_two_ASIS",3,"symmetric rootwise partial collapse + two ASIS cycles","S03",89,1,FALSE,"standard","terminal_width",25,0.00523575066503873
"symmetric_rootwise_two_ASIS",3,"symmetric rootwise partial collapse + two ASIS cycles","S03",89,1,FALSE,"standard","terminal_width",50,0.0132412301808572
"symmetric_rootwise_two_ASIS",3,"symmetric rootwise partial collapse + two ASIS cycles","S03",89,1,FALSE,"standard","terminal_midpoint",1,0.266731906278453
"symmetric_rootwise_two_ASIS",3,"symmetric rootwise partial collapse + two ASIS cycles","S03",89,1,FALSE,"standard","terminal_midpoint",5,-0.0127476355876446
"symmetric_rootwise_two_ASIS",3,"symmetric rootwise partial collapse + two ASIS cycles","S03",89,1,FALSE,"standard","terminal_midpoint",10,0.00716566255578051
"symmetric_rootwise_two_ASIS",3,"symmetric rootwise partial collapse + two ASIS cycles","S03",89,1,FALSE,"standard","terminal_midpoint",25,-0.0098842757929748
"symmetric_rootwise_two_ASIS",3,"symmetric rootwise partial collapse + two ASIS cycles","S03",89,1,FALSE,"standard","terminal_midpoint",50,0.00688930834469255
"symmetric_rootwise_two_ASIS",3,"symmetric rootwise partial collapse + two ASIS cycles","S04",96,1,TRUE,"A","log_q_1",1,0.818333333108871
"symmetric_rootwise_two_ASIS",3,"symmetric rootwise partial collapse + two ASIS cycles","S04",96,1,TRUE,"A","log_q_1",5,0.479176463536585
"symmetric_rootwise_two_ASIS",3,"symmetric rootwise partial collapse + two ASIS cycles","S04",96,1,TRUE,"A","log_q_1",10,0.241781049811082
"symmetric_rootwise_two_ASIS",3,"symmetric rootwise partial collapse + two ASIS cycles","S04",96,1,TRUE,"A","log_q_1",25,0.00614809660259027
"symmetric_rootwise_two_ASIS",3,"symmetric rootwise partial collapse + two ASIS cycles","S04",96,1,TRUE,"A","log_q_1",50,-0.00463317017426505
"symmetric_rootwise_two_ASIS",3,"symmetric rootwise partial collapse + two ASIS cycles","S04",96,1,TRUE,"A","observed_loss",1,0.331736338416525
"symmetric_rootwise_two_ASIS",3,"symmetric rootwise partial collapse + two ASIS cycles","S04",96,1,TRUE,"A","observed_loss",5,0.0146222591882058
"symmetric_rootwise_two_ASIS",3,"symmetric rootwise partial collapse + two ASIS cycles","S04",96,1,TRUE,"A","observed_loss",10,0.0117879404451892
"symmetric_rootwise_two_ASIS",3,"symmetric rootwise partial collapse + two ASIS cycles","S04",96,1,TRUE,"A","observed_loss",25,-0.00630828956438352
"symmetric_rootwise_two_ASIS",3,"symmetric rootwise partial collapse + two ASIS cycles","S04",96,1,TRUE,"A","observed_loss",50,-0.0128156615765739
"symmetric_rootwise_two_ASIS",3,"symmetric rootwise partial collapse + two ASIS cycles","S04",96,1,TRUE,"A","mean_width",1,0.663554564599617
"symmetric_rootwise_two_ASIS",3,"symmetric rootwise partial collapse + two ASIS cycles","S04",96,1,TRUE,"A","mean_width",5,0.123150503555617
"symmetric_rootwise_two_ASIS",3,"symmetric rootwise partial collapse + two ASIS cycles","S04",96,1,TRUE,"A","mean_width",10,0.0408835984446165
"symmetric_rootwise_two_ASIS",3,"symmetric rootwise partial collapse + two ASIS cycles","S04",96,1,TRUE,"A","mean_width",25,0.0108334054471838
"symmetric_rootwise_two_ASIS",3,"symmetric rootwise partial collapse + two ASIS cycles","S04",96,1,TRUE,"A","mean_width",50,-0.0765656196916216
"symmetric_rootwise_two_ASIS",3,"symmetric rootwise partial collapse + two ASIS cycles","S04",96,1,TRUE,"A","mean_midpoint",1,0.560173471119481
"symmetric_rootwise_two_ASIS",3,"symmetric rootwise partial collapse + two ASIS cycles","S04",96,1,TRUE,"A","mean_midpoint",5,0.0708631483675182
"symmetric_rootwise_two_ASIS",3,"symmetric rootwise partial collapse + two ASIS cycles","S04",96,1,TRUE,"A","mean_midpoint",10,0.0378528691577018
"symmetric_rootwise_two_ASIS",3,"symmetric rootwise partial collapse + two ASIS cycles","S04",96,1,TRUE,"A","mean_midpoint",25,-0.0199273326050662
"symmetric_rootwise_two_ASIS",3,"symmetric rootwise partial collapse + two ASIS cycles","S04",96,1,TRUE,"A","mean_midpoint",50,0.00311176398676596
"symmetric_rootwise_two_ASIS",3,"symmetric rootwise partial collapse + two ASIS cycles","S04",96,1,TRUE,"A","terminal_width",1,0.42564224818517
"symmetric_rootwise_two_ASIS",3,"symmetric rootwise partial collapse + two ASIS cycles","S04",96,1,TRUE,"A","terminal_width",5,0.0579210952270592
"symmetric_rootwise_two_ASIS",3,"symmetric rootwise partial collapse + two ASIS cycles","S04",96,1,TRUE,"A","terminal_width",10,0.0118567316806963
"symmetric_rootwise_two_ASIS",3,"symmetric rootwise partial collapse + two ASIS cycles","S04",96,1,TRUE,"A","terminal_width",25,-0.000128159789907079
"symmetric_rootwise_two_ASIS",3,"symmetric rootwise partial collapse + two ASIS cycles","S04",96,1,TRUE,"A","terminal_width",50,-0.0129872376844935
"symmetric_rootwise_two_ASIS",3,"symmetric rootwise partial collapse + two ASIS cycles","S04",96,1,TRUE,"A","terminal_midpoint",1,0.301309276600686
"symmetric_rootwise_two_ASIS",3,"symmetric rootwise partial collapse + two ASIS cycles","S04",96,1,TRUE,"A","terminal_midpoint",5,0.0160887525689504
"symmetric_rootwise_two_ASIS",3,"symmetric rootwise partial collapse + two ASIS cycles","S04",96,1,TRUE,"A","terminal_midpoint",10,0.00563603602063575
"symmetric_rootwise_two_ASIS",3,"symmetric rootwise partial collapse + two ASIS cycles","S04",96,1,TRUE,"A","terminal_midpoint",25,-0.0225921906221268
"symmetric_rootwise_two_ASIS",3,"symmetric rootwise partial collapse + two ASIS cycles","S04",96,1,TRUE,"A","terminal_midpoint",50,-0.0244177171748213
"symmetric_rootwise_two_ASIS",3,"symmetric rootwise partial collapse + two ASIS cycles","S04",96,2,TRUE,"B","log_q_1",1,0.816608021808997
"symmetric_rootwise_two_ASIS",3,"symmetric rootwise partial collapse + two ASIS cycles","S04",96,2,TRUE,"B","log_q_1",5,0.438459371780986
"symmetric_rootwise_two_ASIS",3,"symmetric rootwise partial collapse + two ASIS cycles","S04",96,2,TRUE,"B","log_q_1",10,0.195363440815257
"symmetric_rootwise_two_ASIS",3,"symmetric rootwise partial collapse + two ASIS cycles","S04",96,2,TRUE,"B","log_q_1",25,-0.037926075812699
"symmetric_rootwise_two_ASIS",3,"symmetric rootwise partial collapse + two ASIS cycles","S04",96,2,TRUE,"B","log_q_1",50,-0.00316113701553509
"symmetric_rootwise_two_ASIS",3,"symmetric rootwise partial collapse + two ASIS cycles","S04",96,2,TRUE,"B","observed_loss",1,0.308655286027802
"symmetric_rootwise_two_ASIS",3,"symmetric rootwise partial collapse + two ASIS cycles","S04",96,2,TRUE,"B","observed_loss",5,0.0434881828243084
"symmetric_rootwise_two_ASIS",3,"symmetric rootwise partial collapse + two ASIS cycles","S04",96,2,TRUE,"B","observed_loss",10,-0.00801135090438034
"symmetric_rootwise_two_ASIS",3,"symmetric rootwise partial collapse + two ASIS cycles","S04",96,2,TRUE,"B","observed_loss",25,-0.0118676445003703
"symmetric_rootwise_two_ASIS",3,"symmetric rootwise partial collapse + two ASIS cycles","S04",96,2,TRUE,"B","observed_loss",50,0.00365586799515043
"symmetric_rootwise_two_ASIS",3,"symmetric rootwise partial collapse + two ASIS cycles","S04",96,2,TRUE,"B","mean_width",1,0.677390823083373
"symmetric_rootwise_two_ASIS",3,"symmetric rootwise partial collapse + two ASIS cycles","S04",96,2,TRUE,"B","mean_width",5,0.159886377191012
"symmetric_rootwise_two_ASIS",3,"symmetric rootwise partial collapse + two ASIS cycles","S04",96,2,TRUE,"B","mean_width",10,0.0344363783701388
"symmetric_rootwise_two_ASIS",3,"symmetric rootwise partial collapse + two ASIS cycles","S04",96,2,TRUE,"B","mean_width",25,-0.0099368378871494
"symmetric_rootwise_two_ASIS",3,"symmetric rootwise partial collapse + two ASIS cycles","S04",96,2,TRUE,"B","mean_width",50,-0.00329394634408639
"symmetric_rootwise_two_ASIS",3,"symmetric rootwise partial collapse + two ASIS cycles","S04",96,2,TRUE,"B","mean_midpoint",1,0.577187112337573
"symmetric_rootwise_two_ASIS",3,"symmetric rootwise partial collapse + two ASIS cycles","S04",96,2,TRUE,"B","mean_midpoint",5,0.0526853174298864
"symmetric_rootwise_two_ASIS",3,"symmetric rootwise partial collapse + two ASIS cycles","S04",96,2,TRUE,"B","mean_midpoint",10,0.0141262929431689
"symmetric_rootwise_two_ASIS",3,"symmetric rootwise partial collapse + two ASIS cycles","S04",96,2,TRUE,"B","mean_midpoint",25,0.0104387825195082
"symmetric_rootwise_two_ASIS",3,"symmetric rootwise partial collapse + two ASIS cycles","S04",96,2,TRUE,"B","mean_midpoint",50,-0.0139585041794306
"symmetric_rootwise_two_ASIS",3,"symmetric rootwise partial collapse + two ASIS cycles","S04",96,2,TRUE,"B","terminal_width",1,0.432469598101954
"symmetric_rootwise_two_ASIS",3,"symmetric rootwise partial collapse + two ASIS cycles","S04",96,2,TRUE,"B","terminal_width",5,0.0593873846997586
"symmetric_rootwise_two_ASIS",3,"symmetric rootwise partial collapse + two ASIS cycles","S04",96,2,TRUE,"B","terminal_width",10,-0.0069719178445612
"symmetric_rootwise_two_ASIS",3,"symmetric rootwise partial collapse + two ASIS cycles","S04",96,2,TRUE,"B","terminal_width",25,0.0187554948764075
"symmetric_rootwise_two_ASIS",3,"symmetric rootwise partial collapse + two ASIS cycles","S04",96,2,TRUE,"B","terminal_width",50,0.0209416311965264
"symmetric_rootwise_two_ASIS",3,"symmetric rootwise partial collapse + two ASIS cycles","S04",96,2,TRUE,"B","terminal_midpoint",1,0.281201025957593
"symmetric_rootwise_two_ASIS",3,"symmetric rootwise partial collapse + two ASIS cycles","S04",96,2,TRUE,"B","terminal_midpoint",5,0.0344194989052984
"symmetric_rootwise_two_ASIS",3,"symmetric rootwise partial collapse + two ASIS cycles","S04",96,2,TRUE,"B","terminal_midpoint",10,0.035260947270356
"symmetric_rootwise_two_ASIS",3,"symmetric rootwise partial collapse + two ASIS cycles","S04",96,2,TRUE,"B","terminal_midpoint",25,0.0187758577756727
"symmetric_rootwise_two_ASIS",3,"symmetric rootwise partial collapse + two ASIS cycles","S04",96,2,TRUE,"B","terminal_midpoint",50,-0.00360700387870952
"symmetric_rootwise_two_ASIS",3,"symmetric rootwise partial collapse + two ASIS cycles","S04",96,3,TRUE,"C","log_q_1",1,0.808220056038374
"symmetric_rootwise_two_ASIS",3,"symmetric rootwise partial collapse + two ASIS cycles","S04",96,3,TRUE,"C","log_q_1",5,0.424199133777345
"symmetric_rootwise_two_ASIS",3,"symmetric rootwise partial collapse + two ASIS cycles","S04",96,3,TRUE,"C","log_q_1",10,0.174355010178862
"symmetric_rootwise_two_ASIS",3,"symmetric rootwise partial collapse + two ASIS cycles","S04",96,3,TRUE,"C","log_q_1",25,-0.0126492118388171
"symmetric_rootwise_two_ASIS",3,"symmetric rootwise partial collapse + two ASIS cycles","S04",96,3,TRUE,"C","log_q_1",50,-0.0265198171581924
"symmetric_rootwise_two_ASIS",3,"symmetric rootwise partial collapse + two ASIS cycles","S04",96,3,TRUE,"C","observed_loss",1,0.328622800138442
"symmetric_rootwise_two_ASIS",3,"symmetric rootwise partial collapse + two ASIS cycles","S04",96,3,TRUE,"C","observed_loss",5,0.0525573446260866
"symmetric_rootwise_two_ASIS",3,"symmetric rootwise partial collapse + two ASIS cycles","S04",96,3,TRUE,"C","observed_loss",10,0.0320226127354446
"symmetric_rootwise_two_ASIS",3,"symmetric rootwise partial collapse + two ASIS cycles","S04",96,3,TRUE,"C","observed_loss",25,-0.00791169079820122
"symmetric_rootwise_two_ASIS",3,"symmetric rootwise partial collapse + two ASIS cycles","S04",96,3,TRUE,"C","observed_loss",50,-0.0154571729324522
"symmetric_rootwise_two_ASIS",3,"symmetric rootwise partial collapse + two ASIS cycles","S04",96,3,TRUE,"C","mean_width",1,0.670265060851784
"symmetric_rootwise_two_ASIS",3,"symmetric rootwise partial collapse + two ASIS cycles","S04",96,3,TRUE,"C","mean_width",5,0.164185236884464
"symmetric_rootwise_two_ASIS",3,"symmetric rootwise partial collapse + two ASIS cycles","S04",96,3,TRUE,"C","mean_width",10,0.0598942817904773
"symmetric_rootwise_two_ASIS",3,"symmetric rootwise partial collapse + two ASIS cycles","S04",96,3,TRUE,"C","mean_width",25,-0.0298912978812772
"symmetric_rootwise_two_ASIS",3,"symmetric rootwise partial collapse + two ASIS cycles","S04",96,3,TRUE,"C","mean_width",50,-0.0209755792366398
"symmetric_rootwise_two_ASIS",3,"symmetric rootwise partial collapse + two ASIS cycles","S04",96,3,TRUE,"C","mean_midpoint",1,0.540905645916984
"symmetric_rootwise_two_ASIS",3,"symmetric rootwise partial collapse + two ASIS cycles","S04",96,3,TRUE,"C","mean_midpoint",5,0.0876263965049308
"symmetric_rootwise_two_ASIS",3,"symmetric rootwise partial collapse + two ASIS cycles","S04",96,3,TRUE,"C","mean_midpoint",10,0.012016387839765
"symmetric_rootwise_two_ASIS",3,"symmetric rootwise partial collapse + two ASIS cycles","S04",96,3,TRUE,"C","mean_midpoint",25,0.0142226984326505
"symmetric_rootwise_two_ASIS",3,"symmetric rootwise partial collapse + two ASIS cycles","S04",96,3,TRUE,"C","mean_midpoint",50,-0.040106129222936
"symmetric_rootwise_two_ASIS",3,"symmetric rootwise partial collapse + two ASIS cycles","S04",96,3,TRUE,"C","terminal_width",1,0.417527601182813
"symmetric_rootwise_two_ASIS",3,"symmetric rootwise partial collapse + two ASIS cycles","S04",96,3,TRUE,"C","terminal_width",5,0.0549911992554068
"symmetric_rootwise_two_ASIS",3,"symmetric rootwise partial collapse + two ASIS cycles","S04",96,3,TRUE,"C","terminal_width",10,0.026956711841484
"symmetric_rootwise_two_ASIS",3,"symmetric rootwise partial collapse + two ASIS cycles","S04",96,3,TRUE,"C","terminal_width",25,0.00815191927956329
"symmetric_rootwise_two_ASIS",3,"symmetric rootwise partial collapse + two ASIS cycles","S04",96,3,TRUE,"C","terminal_width",50,-0.00724238237801586
"symmetric_rootwise_two_ASIS",3,"symmetric rootwise partial collapse + two ASIS cycles","S04",96,3,TRUE,"C","terminal_midpoint",1,0.282802087051587
"symmetric_rootwise_two_ASIS",3,"symmetric rootwise partial collapse + two ASIS cycles","S04",96,3,TRUE,"C","terminal_midpoint",5,0.00860569763378138
"symmetric_rootwise_two_ASIS",3,"symmetric rootwise partial collapse + two ASIS cycles","S04",96,3,TRUE,"C","terminal_midpoint",10,0.0113687505108685
"symmetric_rootwise_two_ASIS",3,"symmetric rootwise partial collapse + two ASIS cycles","S04",96,3,TRUE,"C","terminal_midpoint",25,0.00886097737247304
"symmetric_rootwise_two_ASIS",3,"symmetric rootwise partial collapse + two ASIS cycles","S04",96,3,TRUE,"C","terminal_midpoint",50,0.00270176655709955
"symmetric_rootwise_two_ASIS",3,"symmetric rootwise partial collapse + two ASIS cycles","S04",96,4,TRUE,"D","log_q_1",1,0.82522097581827
"symmetric_rootwise_two_ASIS",3,"symmetric rootwise partial collapse + two ASIS cycles","S04",96,4,TRUE,"D","log_q_1",5,0.452889329018949
"symmetric_rootwise_two_ASIS",3,"symmetric rootwise partial collapse + two ASIS cycles","S04",96,4,TRUE,"D","log_q_1",10,0.185420264853777
"symmetric_rootwise_two_ASIS",3,"symmetric rootwise partial collapse + two ASIS cycles","S04",96,4,TRUE,"D","log_q_1",25,-0.0102554161244168
"symmetric_rootwise_two_ASIS",3,"symmetric rootwise partial collapse + two ASIS cycles","S04",96,4,TRUE,"D","log_q_1",50,-0.00510557851916609
"symmetric_rootwise_two_ASIS",3,"symmetric rootwise partial collapse + two ASIS cycles","S04",96,4,TRUE,"D","observed_loss",1,0.316291164505356
"symmetric_rootwise_two_ASIS",3,"symmetric rootwise partial collapse + two ASIS cycles","S04",96,4,TRUE,"D","observed_loss",5,0.0212060385116487
"symmetric_rootwise_two_ASIS",3,"symmetric rootwise partial collapse + two ASIS cycles","S04",96,4,TRUE,"D","observed_loss",10,-0.00296531818228339
"symmetric_rootwise_two_ASIS",3,"symmetric rootwise partial collapse + two ASIS cycles","S04",96,4,TRUE,"D","observed_loss",25,-0.000552287196399367
"symmetric_rootwise_two_ASIS",3,"symmetric rootwise partial collapse + two ASIS cycles","S04",96,4,TRUE,"D","observed_loss",50,0.0145026823123946
"symmetric_rootwise_two_ASIS",3,"symmetric rootwise partial collapse + two ASIS cycles","S04",96,4,TRUE,"D","mean_width",1,0.663824845685306
"symmetric_rootwise_two_ASIS",3,"symmetric rootwise partial collapse + two ASIS cycles","S04",96,4,TRUE,"D","mean_width",5,0.144881833187597
"symmetric_rootwise_two_ASIS",3,"symmetric rootwise partial collapse + two ASIS cycles","S04",96,4,TRUE,"D","mean_width",10,0.0346913113222025
"symmetric_rootwise_two_ASIS",3,"symmetric rootwise partial collapse + two ASIS cycles","S04",96,4,TRUE,"D","mean_width",25,-0.0443953512087852
"symmetric_rootwise_two_ASIS",3,"symmetric rootwise partial collapse + two ASIS cycles","S04",96,4,TRUE,"D","mean_width",50,0.0054351651499999
"symmetric_rootwise_two_ASIS",3,"symmetric rootwise partial collapse + two ASIS cycles","S04",96,4,TRUE,"D","mean_midpoint",1,0.575397515441508
"symmetric_rootwise_two_ASIS",3,"symmetric rootwise partial collapse + two ASIS cycles","S04",96,4,TRUE,"D","mean_midpoint",5,0.0669283067831701
"symmetric_rootwise_two_ASIS",3,"symmetric rootwise partial collapse + two ASIS cycles","S04",96,4,TRUE,"D","mean_midpoint",10,-0.015789527183848
"symmetric_rootwise_two_ASIS",3,"symmetric rootwise partial collapse + two ASIS cycles","S04",96,4,TRUE,"D","mean_midpoint",25,-0.0252387887311371
"symmetric_rootwise_two_ASIS",3,"symmetric rootwise partial collapse + two ASIS cycles","S04",96,4,TRUE,"D","mean_midpoint",50,-0.0126220755314424
"symmetric_rootwise_two_ASIS",3,"symmetric rootwise partial collapse + two ASIS cycles","S04",96,4,TRUE,"D","terminal_width",1,0.401573049615802
"symmetric_rootwise_two_ASIS",3,"symmetric rootwise partial collapse + two ASIS cycles","S04",96,4,TRUE,"D","terminal_width",5,0.0168985683535402
"symmetric_rootwise_two_ASIS",3,"symmetric rootwise partial collapse + two ASIS cycles","S04",96,4,TRUE,"D","terminal_width",10,0.0149442567251424
"symmetric_rootwise_two_ASIS",3,"symmetric rootwise partial collapse + two ASIS cycles","S04",96,4,TRUE,"D","terminal_width",25,0.00172586206965472
"symmetric_rootwise_two_ASIS",3,"symmetric rootwise partial collapse + two ASIS cycles","S04",96,4,TRUE,"D","terminal_width",50,-0.0173037689640018
"symmetric_rootwise_two_ASIS",3,"symmetric rootwise partial collapse + two ASIS cycles","S04",96,4,TRUE,"D","terminal_midpoint",1,0.277832394838439
"symmetric_rootwise_two_ASIS",3,"symmetric rootwise partial collapse + two ASIS cycles","S04",96,4,TRUE,"D","terminal_midpoint",5,0.0212329742463612
"symmetric_rootwise_two_ASIS",3,"symmetric rootwise partial collapse + two ASIS cycles","S04",96,4,TRUE,"D","terminal_midpoint",10,-0.04195538204148
"symmetric_rootwise_two_ASIS",3,"symmetric rootwise partial collapse + two ASIS cycles","S04",96,4,TRUE,"D","terminal_midpoint",25,0.0196610651501822
"symmetric_rootwise_two_ASIS",3,"symmetric rootwise partial collapse + two ASIS cycles","S04",96,4,TRUE,"D","terminal_midpoint",50,0.00448099252529228
"symmetric_rootwise_two_ASIS",3,"symmetric rootwise partial collapse + two ASIS cycles","S03",166,1,FALSE,"standard","log_q_1",1,0.835935567613999
"symmetric_rootwise_two_ASIS",3,"symmetric rootwise partial collapse + two ASIS cycles","S03",166,1,FALSE,"standard","log_q_1",5,0.493380960348067
"symmetric_rootwise_two_ASIS",3,"symmetric rootwise partial collapse + two ASIS cycles","S03",166,1,FALSE,"standard","log_q_1",10,0.229246436214255
"symmetric_rootwise_two_ASIS",3,"symmetric rootwise partial collapse + two ASIS cycles","S03",166,1,FALSE,"standard","log_q_1",25,-0.0144275650291077
"symmetric_rootwise_two_ASIS",3,"symmetric rootwise partial collapse + two ASIS cycles","S03",166,1,FALSE,"standard","log_q_1",50,-0.0287870325229052
"symmetric_rootwise_two_ASIS",3,"symmetric rootwise partial collapse + two ASIS cycles","S03",166,1,FALSE,"standard","observed_loss",1,0.404159482601771
"symmetric_rootwise_two_ASIS",3,"symmetric rootwise partial collapse + two ASIS cycles","S03",166,1,FALSE,"standard","observed_loss",5,0.132827245002081
"symmetric_rootwise_two_ASIS",3,"symmetric rootwise partial collapse + two ASIS cycles","S03",166,1,FALSE,"standard","observed_loss",10,0.0705339707071313
"symmetric_rootwise_two_ASIS",3,"symmetric rootwise partial collapse + two ASIS cycles","S03",166,1,FALSE,"standard","observed_loss",25,0.0179741909435077
"symmetric_rootwise_two_ASIS",3,"symmetric rootwise partial collapse + two ASIS cycles","S03",166,1,FALSE,"standard","observed_loss",50,-0.040468329831297
"symmetric_rootwise_two_ASIS",3,"symmetric rootwise partial collapse + two ASIS cycles","S03",166,1,FALSE,"standard","mean_width",1,0.597584320661777
"symmetric_rootwise_two_ASIS",3,"symmetric rootwise partial collapse + two ASIS cycles","S03",166,1,FALSE,"standard","mean_width",5,0.112612111479135
"symmetric_rootwise_two_ASIS",3,"symmetric rootwise partial collapse + two ASIS cycles","S03",166,1,FALSE,"standard","mean_width",10,0.00652718062902876
"symmetric_rootwise_two_ASIS",3,"symmetric rootwise partial collapse + two ASIS cycles","S03",166,1,FALSE,"standard","mean_width",25,0.00534450795245791
"symmetric_rootwise_two_ASIS",3,"symmetric rootwise partial collapse + two ASIS cycles","S03",166,1,FALSE,"standard","mean_width",50,0.034014271278103
"symmetric_rootwise_two_ASIS",3,"symmetric rootwise partial collapse + two ASIS cycles","S03",166,1,FALSE,"standard","mean_midpoint",1,0.486034922569248
"symmetric_rootwise_two_ASIS",3,"symmetric rootwise partial collapse + two ASIS cycles","S03",166,1,FALSE,"standard","mean_midpoint",5,0.0571312754285111
"symmetric_rootwise_two_ASIS",3,"symmetric rootwise partial collapse + two ASIS cycles","S03",166,1,FALSE,"standard","mean_midpoint",10,-0.01199019850937
"symmetric_rootwise_two_ASIS",3,"symmetric rootwise partial collapse + two ASIS cycles","S03",166,1,FALSE,"standard","mean_midpoint",25,0.0177560666695059
"symmetric_rootwise_two_ASIS",3,"symmetric rootwise partial collapse + two ASIS cycles","S03",166,1,FALSE,"standard","mean_midpoint",50,0.0336122154527464
"symmetric_rootwise_two_ASIS",3,"symmetric rootwise partial collapse + two ASIS cycles","S03",166,1,FALSE,"standard","terminal_width",1,0.362587522742412
"symmetric_rootwise_two_ASIS",3,"symmetric rootwise partial collapse + two ASIS cycles","S03",166,1,FALSE,"standard","terminal_width",5,0.0319980694699661
"symmetric_rootwise_two_ASIS",3,"symmetric rootwise partial collapse + two ASIS cycles","S03",166,1,FALSE,"standard","terminal_width",10,0.0151793898756532
"symmetric_rootwise_two_ASIS",3,"symmetric rootwise partial collapse + two ASIS cycles","S03",166,1,FALSE,"standard","terminal_width",25,-0.0236951198941743
"symmetric_rootwise_two_ASIS",3,"symmetric rootwise partial collapse + two ASIS cycles","S03",166,1,FALSE,"standard","terminal_width",50,0.025400270425221
"symmetric_rootwise_two_ASIS",3,"symmetric rootwise partial collapse + two ASIS cycles","S03",166,1,FALSE,"standard","terminal_midpoint",1,0.338374217886929
"symmetric_rootwise_two_ASIS",3,"symmetric rootwise partial collapse + two ASIS cycles","S03",166,1,FALSE,"standard","terminal_midpoint",5,0.0183916382503539
"symmetric_rootwise_two_ASIS",3,"symmetric rootwise partial collapse + two ASIS cycles","S03",166,1,FALSE,"standard","terminal_midpoint",10,0.00158222092956446
"symmetric_rootwise_two_ASIS",3,"symmetric rootwise partial collapse + two ASIS cycles","S03",166,1,FALSE,"standard","terminal_midpoint",25,0.0166605849085579
"symmetric_rootwise_two_ASIS",3,"symmetric rootwise partial collapse + two ASIS cycles","S03",166,1,FALSE,"standard","terminal_midpoint",50,-0.0265423390884598
"symmetric_rootwise_two_ASIS",3,"symmetric rootwise partial collapse + two ASIS cycles","S03",90,1,FALSE,"standard","log_q_1",1,0.865476847297287
"symmetric_rootwise_two_ASIS",3,"symmetric rootwise partial collapse + two ASIS cycles","S03",90,1,FALSE,"standard","log_q_1",5,0.556351211377676
"symmetric_rootwise_two_ASIS",3,"symmetric rootwise partial collapse + two ASIS cycles","S03",90,1,FALSE,"standard","log_q_1",10,0.300926506768592
"symmetric_rootwise_two_ASIS",3,"symmetric rootwise partial collapse + two ASIS cycles","S03",90,1,FALSE,"standard","log_q_1",25,0.051423583146935
"symmetric_rootwise_two_ASIS",3,"symmetric rootwise partial collapse + two ASIS cycles","S03",90,1,FALSE,"standard","log_q_1",50,0.0465179864321693
"symmetric_rootwise_two_ASIS",3,"symmetric rootwise partial collapse + two ASIS cycles","S03",90,1,FALSE,"standard","observed_loss",1,0.326539782965161
"symmetric_rootwise_two_ASIS",3,"symmetric rootwise partial collapse + two ASIS cycles","S03",90,1,FALSE,"standard","observed_loss",5,0.0882011160634446
"symmetric_rootwise_two_ASIS",3,"symmetric rootwise partial collapse + two ASIS cycles","S03",90,1,FALSE,"standard","observed_loss",10,0.0246512595132525
"symmetric_rootwise_two_ASIS",3,"symmetric rootwise partial collapse + two ASIS cycles","S03",90,1,FALSE,"standard","observed_loss",25,0.0160420284353667
"symmetric_rootwise_two_ASIS",3,"symmetric rootwise partial collapse + two ASIS cycles","S03",90,1,FALSE,"standard","observed_loss",50,0.0347790810158451
"symmetric_rootwise_two_ASIS",3,"symmetric rootwise partial collapse + two ASIS cycles","S03",90,1,FALSE,"standard","mean_width",1,0.578126611222575
"symmetric_rootwise_two_ASIS",3,"symmetric rootwise partial collapse + two ASIS cycles","S03",90,1,FALSE,"standard","mean_width",5,0.0645339362819981
"symmetric_rootwise_two_ASIS",3,"symmetric rootwise partial collapse + two ASIS cycles","S03",90,1,FALSE,"standard","mean_width",10,0.00912310454735482
"symmetric_rootwise_two_ASIS",3,"symmetric rootwise partial collapse + two ASIS cycles","S03",90,1,FALSE,"standard","mean_width",25,0.00239544591373684
"symmetric_rootwise_two_ASIS",3,"symmetric rootwise partial collapse + two ASIS cycles","S03",90,1,FALSE,"standard","mean_width",50,-0.00140321033154635
"symmetric_rootwise_two_ASIS",3,"symmetric rootwise partial collapse + two ASIS cycles","S03",90,1,FALSE,"standard","mean_midpoint",1,0.47743543446144
"symmetric_rootwise_two_ASIS",3,"symmetric rootwise partial collapse + two ASIS cycles","S03",90,1,FALSE,"standard","mean_midpoint",5,0.0632034569768475
"symmetric_rootwise_two_ASIS",3,"symmetric rootwise partial collapse + two ASIS cycles","S03",90,1,FALSE,"standard","mean_midpoint",10,0.022054850653846
"symmetric_rootwise_two_ASIS",3,"symmetric rootwise partial collapse + two ASIS cycles","S03",90,1,FALSE,"standard","mean_midpoint",25,0.0195543259496819
"symmetric_rootwise_two_ASIS",3,"symmetric rootwise partial collapse + two ASIS cycles","S03",90,1,FALSE,"standard","mean_midpoint",50,0.00831881122577985
"symmetric_rootwise_two_ASIS",3,"symmetric rootwise partial collapse + two ASIS cycles","S03",90,1,FALSE,"standard","terminal_width",1,0.395219898976777
"symmetric_rootwise_two_ASIS",3,"symmetric rootwise partial collapse + two ASIS cycles","S03",90,1,FALSE,"standard","terminal_width",5,0.026557362797696
"symmetric_rootwise_two_ASIS",3,"symmetric rootwise partial collapse + two ASIS cycles","S03",90,1,FALSE,"standard","terminal_width",10,-0.00339454841521101
"symmetric_rootwise_two_ASIS",3,"symmetric rootwise partial collapse + two ASIS cycles","S03",90,1,FALSE,"standard","terminal_width",25,0.00935684012792975
"symmetric_rootwise_two_ASIS",3,"symmetric rootwise partial collapse + two ASIS cycles","S03",90,1,FALSE,"standard","terminal_width",50,0.00818311537894349
"symmetric_rootwise_two_ASIS",3,"symmetric rootwise partial collapse + two ASIS cycles","S03",90,1,FALSE,"standard","terminal_midpoint",1,0.267535617874417
"symmetric_rootwise_two_ASIS",3,"symmetric rootwise partial collapse + two ASIS cycles","S03",90,1,FALSE,"standard","terminal_midpoint",5,0.0391878126010799
"symmetric_rootwise_two_ASIS",3,"symmetric rootwise partial collapse + two ASIS cycles","S03",90,1,FALSE,"standard","terminal_midpoint",10,0.0296669656945266
"symmetric_rootwise_two_ASIS",3,"symmetric rootwise partial collapse + two ASIS cycles","S03",90,1,FALSE,"standard","terminal_midpoint",25,0.0161388267196301
"symmetric_rootwise_two_ASIS",3,"symmetric rootwise partial collapse + two ASIS cycles","S03",90,1,FALSE,"standard","terminal_midpoint",50,0.0057088255837784
"symmetric_rootwise_two_ASIS",3,"symmetric rootwise partial collapse + two ASIS cycles","S04",150,1,FALSE,"standard","log_q_1",1,0.834440433745694
"symmetric_rootwise_two_ASIS",3,"symmetric rootwise partial collapse + two ASIS cycles","S04",150,1,FALSE,"standard","log_q_1",5,0.478328977782482
"symmetric_rootwise_two_ASIS",3,"symmetric rootwise partial collapse + two ASIS cycles","S04",150,1,FALSE,"standard","log_q_1",10,0.255189434311282
"symmetric_rootwise_two_ASIS",3,"symmetric rootwise partial collapse + two ASIS cycles","S04",150,1,FALSE,"standard","log_q_1",25,0.0042216284741212
"symmetric_rootwise_two_ASIS",3,"symmetric rootwise partial collapse + two ASIS cycles","S04",150,1,FALSE,"standard","log_q_1",50,0.00665611322408979
"symmetric_rootwise_two_ASIS",3,"symmetric rootwise partial collapse + two ASIS cycles","S04",150,1,FALSE,"standard","observed_loss",1,0.392470663544975
"symmetric_rootwise_two_ASIS",3,"symmetric rootwise partial collapse + two ASIS cycles","S04",150,1,FALSE,"standard","observed_loss",5,0.0485096846179092
"symmetric_rootwise_two_ASIS",3,"symmetric rootwise partial collapse + two ASIS cycles","S04",150,1,FALSE,"standard","observed_loss",10,0.0325435051183553
"symmetric_rootwise_two_ASIS",3,"symmetric rootwise partial collapse + two ASIS cycles","S04",150,1,FALSE,"standard","observed_loss",25,-0.0117631420898665
"symmetric_rootwise_two_ASIS",3,"symmetric rootwise partial collapse + two ASIS cycles","S04",150,1,FALSE,"standard","observed_loss",50,0.00379648729188283
"symmetric_rootwise_two_ASIS",3,"symmetric rootwise partial collapse + two ASIS cycles","S04",150,1,FALSE,"standard","mean_width",1,0.693755244906348
"symmetric_rootwise_two_ASIS",3,"symmetric rootwise partial collapse + two ASIS cycles","S04",150,1,FALSE,"standard","mean_width",5,0.200317333942168
"symmetric_rootwise_two_ASIS",3,"symmetric rootwise partial collapse + two ASIS cycles","S04",150,1,FALSE,"standard","mean_width",10,0.0388173248055429
"symmetric_rootwise_two_ASIS",3,"symmetric rootwise partial collapse + two ASIS cycles","S04",150,1,FALSE,"standard","mean_width",25,-0.0109487790410645
"symmetric_rootwise_two_ASIS",3,"symmetric rootwise partial collapse + two ASIS cycles","S04",150,1,FALSE,"standard","mean_width",50,0.0309986755239808
"symmetric_rootwise_two_ASIS",3,"symmetric rootwise partial collapse + two ASIS cycles","S04",150,1,FALSE,"standard","mean_midpoint",1,0.576918698680681
"symmetric_rootwise_two_ASIS",3,"symmetric rootwise partial collapse + two ASIS cycles","S04",150,1,FALSE,"standard","mean_midpoint",5,0.0888704943623103
"symmetric_rootwise_two_ASIS",3,"symmetric rootwise partial collapse + two ASIS cycles","S04",150,1,FALSE,"standard","mean_midpoint",10,0.0143603756120917
"symmetric_rootwise_two_ASIS",3,"symmetric rootwise partial collapse + two ASIS cycles","S04",150,1,FALSE,"standard","mean_midpoint",25,0.000917673787371752
"symmetric_rootwise_two_ASIS",3,"symmetric rootwise partial collapse + two ASIS cycles","S04",150,1,FALSE,"standard","mean_midpoint",50,0.000608931800918832
"symmetric_rootwise_two_ASIS",3,"symmetric rootwise partial collapse + two ASIS cycles","S04",150,1,FALSE,"standard","terminal_width",1,0.368396629352899
"symmetric_rootwise_two_ASIS",3,"symmetric rootwise partial collapse + two ASIS cycles","S04",150,1,FALSE,"standard","terminal_width",5,-0.0022508402812143
"symmetric_rootwise_two_ASIS",3,"symmetric rootwise partial collapse + two ASIS cycles","S04",150,1,FALSE,"standard","terminal_width",10,-0.013449136939199
"symmetric_rootwise_two_ASIS",3,"symmetric rootwise partial collapse + two ASIS cycles","S04",150,1,FALSE,"standard","terminal_width",25,-0.000742773126055986
"symmetric_rootwise_two_ASIS",3,"symmetric rootwise partial collapse + two ASIS cycles","S04",150,1,FALSE,"standard","terminal_width",50,0.0162902415144275
"symmetric_rootwise_two_ASIS",3,"symmetric rootwise partial collapse + two ASIS cycles","S04",150,1,FALSE,"standard","terminal_midpoint",1,0.285402882064758
"symmetric_rootwise_two_ASIS",3,"symmetric rootwise partial collapse + two ASIS cycles","S04",150,1,FALSE,"standard","terminal_midpoint",5,0.046123678422862
"symmetric_rootwise_two_ASIS",3,"symmetric rootwise partial collapse + two ASIS cycles","S04",150,1,FALSE,"standard","terminal_midpoint",10,-0.00132700638049287
"symmetric_rootwise_two_ASIS",3,"symmetric rootwise partial collapse + two ASIS cycles","S04",150,1,FALSE,"standard","terminal_midpoint",25,-0.00997394804436686
"symmetric_rootwise_two_ASIS",3,"symmetric rootwise partial collapse + two ASIS cycles","S04",150,1,FALSE,"standard","terminal_midpoint",50,0.0284553564364773
"symmetric_rootwise_two_ASIS",3,"symmetric rootwise partial collapse + two ASIS cycles","S03",168,1,FALSE,"standard","log_q_1",1,0.856088508535265
"symmetric_rootwise_two_ASIS",3,"symmetric rootwise partial collapse + two ASIS cycles","S03",168,1,FALSE,"standard","log_q_1",5,0.516918989627014
"symmetric_rootwise_two_ASIS",3,"symmetric rootwise partial collapse + two ASIS cycles","S03",168,1,FALSE,"standard","log_q_1",10,0.257101698837684
"symmetric_rootwise_two_ASIS",3,"symmetric rootwise partial collapse + two ASIS cycles","S03",168,1,FALSE,"standard","log_q_1",25,-0.0065108101278125
"symmetric_rootwise_two_ASIS",3,"symmetric rootwise partial collapse + two ASIS cycles","S03",168,1,FALSE,"standard","log_q_1",50,0.0184315711912015
"symmetric_rootwise_two_ASIS",3,"symmetric rootwise partial collapse + two ASIS cycles","S03",168,1,FALSE,"standard","observed_loss",1,0.460132438167591
"symmetric_rootwise_two_ASIS",3,"symmetric rootwise partial collapse + two ASIS cycles","S03",168,1,FALSE,"standard","observed_loss",5,0.194939931447478
"symmetric_rootwise_two_ASIS",3,"symmetric rootwise partial collapse + two ASIS cycles","S03",168,1,FALSE,"standard","observed_loss",10,0.0816949126647916
"symmetric_rootwise_two_ASIS",3,"symmetric rootwise partial collapse + two ASIS cycles","S03",168,1,FALSE,"standard","observed_loss",25,0.0154712320605796
"symmetric_rootwise_two_ASIS",3,"symmetric rootwise partial collapse + two ASIS cycles","S03",168,1,FALSE,"standard","observed_loss",50,0.0161769059464993
"symmetric_rootwise_two_ASIS",3,"symmetric rootwise partial collapse + two ASIS cycles","S03",168,1,FALSE,"standard","mean_width",1,0.622417633000208
"symmetric_rootwise_two_ASIS",3,"symmetric rootwise partial collapse + two ASIS cycles","S03",168,1,FALSE,"standard","mean_width",5,0.124657828888009
"symmetric_rootwise_two_ASIS",3,"symmetric rootwise partial collapse + two ASIS cycles","S03",168,1,FALSE,"standard","mean_width",10,0.0379031408062128
"symmetric_rootwise_two_ASIS",3,"symmetric rootwise partial collapse + two ASIS cycles","S03",168,1,FALSE,"standard","mean_width",25,0.0638555883749553
"symmetric_rootwise_two_ASIS",3,"symmetric rootwise partial collapse + two ASIS cycles","S03",168,1,FALSE,"standard","mean_width",50,0.0278478677896271
"symmetric_rootwise_two_ASIS",3,"symmetric rootwise partial collapse + two ASIS cycles","S03",168,1,FALSE,"standard","mean_midpoint",1,0.530298189843503
"symmetric_rootwise_two_ASIS",3,"symmetric rootwise partial collapse + two ASIS cycles","S03",168,1,FALSE,"standard","mean_midpoint",5,0.0546096647096541
"symmetric_rootwise_two_ASIS",3,"symmetric rootwise partial collapse + two ASIS cycles","S03",168,1,FALSE,"standard","mean_midpoint",10,0.0232465941941803
"symmetric_rootwise_two_ASIS",3,"symmetric rootwise partial collapse + two ASIS cycles","S03",168,1,FALSE,"standard","mean_midpoint",25,0.018497401962349
"symmetric_rootwise_two_ASIS",3,"symmetric rootwise partial collapse + two ASIS cycles","S03",168,1,FALSE,"standard","mean_midpoint",50,0.00673451462863598
"symmetric_rootwise_two_ASIS",3,"symmetric rootwise partial collapse + two ASIS cycles","S03",168,1,FALSE,"standard","terminal_width",1,0.281386427794056
"symmetric_rootwise_two_ASIS",3,"symmetric rootwise partial collapse + two ASIS cycles","S03",168,1,FALSE,"standard","terminal_width",5,0.0342951393065828
"symmetric_rootwise_two_ASIS",3,"symmetric rootwise partial collapse + two ASIS cycles","S03",168,1,FALSE,"standard","terminal_width",10,-0.0122841753647459
"symmetric_rootwise_two_ASIS",3,"symmetric rootwise partial collapse + two ASIS cycles","S03",168,1,FALSE,"standard","terminal_width",25,0.00708388905108619
"symmetric_rootwise_two_ASIS",3,"symmetric rootwise partial collapse + two ASIS cycles","S03",168,1,FALSE,"standard","terminal_width",50,-0.00825636490527889
"symmetric_rootwise_two_ASIS",3,"symmetric rootwise partial collapse + two ASIS cycles","S03",168,1,FALSE,"standard","terminal_midpoint",1,0.202875108709443
"symmetric_rootwise_two_ASIS",3,"symmetric rootwise partial collapse + two ASIS cycles","S03",168,1,FALSE,"standard","terminal_midpoint",5,0.00266726791909673
"symmetric_rootwise_two_ASIS",3,"symmetric rootwise partial collapse + two ASIS cycles","S03",168,1,FALSE,"standard","terminal_midpoint",10,-0.0129835213003839
"symmetric_rootwise_two_ASIS",3,"symmetric rootwise partial collapse + two ASIS cycles","S03",168,1,FALSE,"standard","terminal_midpoint",25,-0.00198119081366331
"symmetric_rootwise_two_ASIS",3,"symmetric rootwise partial collapse + two ASIS cycles","S03",168,1,FALSE,"standard","terminal_midpoint",50,-0.0254934260384348
"symmetric_rootwise_two_ASIS",3,"symmetric rootwise partial collapse + two ASIS cycles","S03",94,1,FALSE,"standard","log_q_1",1,0.935101264041805
"symmetric_rootwise_two_ASIS",3,"symmetric rootwise partial collapse + two ASIS cycles","S03",94,1,FALSE,"standard","log_q_1",5,0.761100558782234
"symmetric_rootwise_two_ASIS",3,"symmetric rootwise partial collapse + two ASIS cycles","S03",94,1,FALSE,"standard","log_q_1",10,0.585531847256559
"symmetric_rootwise_two_ASIS",3,"symmetric rootwise partial collapse + two ASIS cycles","S03",94,1,FALSE,"standard","log_q_1",25,0.25572636908257
"symmetric_rootwise_two_ASIS",3,"symmetric rootwise partial collapse + two ASIS cycles","S03",94,1,FALSE,"standard","log_q_1",50,0.0397298626138866
"symmetric_rootwise_two_ASIS",3,"symmetric rootwise partial collapse + two ASIS cycles","S03",94,1,FALSE,"standard","observed_loss",1,0.610188648295249
"symmetric_rootwise_two_ASIS",3,"symmetric rootwise partial collapse + two ASIS cycles","S03",94,1,FALSE,"standard","observed_loss",5,0.42466488348361
"symmetric_rootwise_two_ASIS",3,"symmetric rootwise partial collapse + two ASIS cycles","S03",94,1,FALSE,"standard","observed_loss",10,0.321246701711094
"symmetric_rootwise_two_ASIS",3,"symmetric rootwise partial collapse + two ASIS cycles","S03",94,1,FALSE,"standard","observed_loss",25,0.157938025896539
"symmetric_rootwise_two_ASIS",3,"symmetric rootwise partial collapse + two ASIS cycles","S03",94,1,FALSE,"standard","observed_loss",50,0.0220003689295187
"symmetric_rootwise_two_ASIS",3,"symmetric rootwise partial collapse + two ASIS cycles","S03",94,1,FALSE,"standard","mean_width",1,0.65334805421942
"symmetric_rootwise_two_ASIS",3,"symmetric rootwise partial collapse + two ASIS cycles","S03",94,1,FALSE,"standard","mean_width",5,0.13750010620357
"symmetric_rootwise_two_ASIS",3,"symmetric rootwise partial collapse + two ASIS cycles","S03",94,1,FALSE,"standard","mean_width",10,0.00968194092575382
"symmetric_rootwise_two_ASIS",3,"symmetric rootwise partial collapse + two ASIS cycles","S03",94,1,FALSE,"standard","mean_width",25,-0.00174823654743986
"symmetric_rootwise_two_ASIS",3,"symmetric rootwise partial collapse + two ASIS cycles","S03",94,1,FALSE,"standard","mean_width",50,-0.00269258439944363
"symmetric_rootwise_two_ASIS",3,"symmetric rootwise partial collapse + two ASIS cycles","S03",94,1,FALSE,"standard","mean_midpoint",1,0.527784410193501
"symmetric_rootwise_two_ASIS",3,"symmetric rootwise partial collapse + two ASIS cycles","S03",94,1,FALSE,"standard","mean_midpoint",5,0.0775482047062764
"symmetric_rootwise_two_ASIS",3,"symmetric rootwise partial collapse + two ASIS cycles","S03",94,1,FALSE,"standard","mean_midpoint",10,0.0211991847561649
"symmetric_rootwise_two_ASIS",3,"symmetric rootwise partial collapse + two ASIS cycles","S03",94,1,FALSE,"standard","mean_midpoint",25,-0.00747149673455619
"symmetric_rootwise_two_ASIS",3,"symmetric rootwise partial collapse + two ASIS cycles","S03",94,1,FALSE,"standard","mean_midpoint",50,-2.01906445658714e-05
"symmetric_rootwise_two_ASIS",3,"symmetric rootwise partial collapse + two ASIS cycles","S03",94,1,FALSE,"standard","terminal_width",1,0.266643931516587
"symmetric_rootwise_two_ASIS",3,"symmetric rootwise partial collapse + two ASIS cycles","S03",94,1,FALSE,"standard","terminal_width",5,0.0339707979997998
"symmetric_rootwise_two_ASIS",3,"symmetric rootwise partial collapse + two ASIS cycles","S03",94,1,FALSE,"standard","terminal_width",10,-0.00718432457480436
"symmetric_rootwise_two_ASIS",3,"symmetric rootwise partial collapse + two ASIS cycles","S03",94,1,FALSE,"standard","terminal_width",25,-0.00117526409397942
"symmetric_rootwise_two_ASIS",3,"symmetric rootwise partial collapse + two ASIS cycles","S03",94,1,FALSE,"standard","terminal_width",50,-0.00272469017820841
"symmetric_rootwise_two_ASIS",3,"symmetric rootwise partial collapse + two ASIS cycles","S03",94,1,FALSE,"standard","terminal_midpoint",1,0.214510482455837
"symmetric_rootwise_two_ASIS",3,"symmetric rootwise partial collapse + two ASIS cycles","S03",94,1,FALSE,"standard","terminal_midpoint",5,0.0482097294263961
"symmetric_rootwise_two_ASIS",3,"symmetric rootwise partial collapse + two ASIS cycles","S03",94,1,FALSE,"standard","terminal_midpoint",10,0.00336076237490384
"symmetric_rootwise_two_ASIS",3,"symmetric rootwise partial collapse + two ASIS cycles","S03",94,1,FALSE,"standard","terminal_midpoint",25,-0.0162767284552509
"symmetric_rootwise_two_ASIS",3,"symmetric rootwise partial collapse + two ASIS cycles","S03",94,1,FALSE,"standard","terminal_midpoint",50,-0.00394246502951677
"symmetric_rootwise_two_ASIS",3,"symmetric rootwise partial collapse + two ASIS cycles","S04",164,1,FALSE,"standard","log_q_1",1,0.773040378416444
"symmetric_rootwise_two_ASIS",3,"symmetric rootwise partial collapse + two ASIS cycles","S04",164,1,FALSE,"standard","log_q_1",5,0.321565347809759
"symmetric_rootwise_two_ASIS",3,"symmetric rootwise partial collapse + two ASIS cycles","S04",164,1,FALSE,"standard","log_q_1",10,0.106621714865899
"symmetric_rootwise_two_ASIS",3,"symmetric rootwise partial collapse + two ASIS cycles","S04",164,1,FALSE,"standard","log_q_1",25,-0.00655755692301015
"symmetric_rootwise_two_ASIS",3,"symmetric rootwise partial collapse + two ASIS cycles","S04",164,1,FALSE,"standard","log_q_1",50,-0.0270702263074591
"symmetric_rootwise_two_ASIS",3,"symmetric rootwise partial collapse + two ASIS cycles","S04",164,1,FALSE,"standard","observed_loss",1,0.330733403302168
"symmetric_rootwise_two_ASIS",3,"symmetric rootwise partial collapse + two ASIS cycles","S04",164,1,FALSE,"standard","observed_loss",5,0.0680645048898551
"symmetric_rootwise_two_ASIS",3,"symmetric rootwise partial collapse + two ASIS cycles","S04",164,1,FALSE,"standard","observed_loss",10,0.0345581638828507
"symmetric_rootwise_two_ASIS",3,"symmetric rootwise partial collapse + two ASIS cycles","S04",164,1,FALSE,"standard","observed_loss",25,0.00179433481353365
"symmetric_rootwise_two_ASIS",3,"symmetric rootwise partial collapse + two ASIS cycles","S04",164,1,FALSE,"standard","observed_loss",50,-0.0111220227416168
"symmetric_rootwise_two_ASIS",3,"symmetric rootwise partial collapse + two ASIS cycles","S04",164,1,FALSE,"standard","mean_width",1,0.740750584384434
"symmetric_rootwise_two_ASIS",3,"symmetric rootwise partial collapse + two ASIS cycles","S04",164,1,FALSE,"standard","mean_width",5,0.219402827757018
"symmetric_rootwise_two_ASIS",3,"symmetric rootwise partial collapse + two ASIS cycles","S04",164,1,FALSE,"standard","mean_width",10,0.0653094426451508
"symmetric_rootwise_two_ASIS",3,"symmetric rootwise partial collapse + two ASIS cycles","S04",164,1,FALSE,"standard","mean_width",25,-0.00481311709662378
"symmetric_rootwise_two_ASIS",3,"symmetric rootwise partial collapse + two ASIS cycles","S04",164,1,FALSE,"standard","mean_width",50,0.0288484954141746
"symmetric_rootwise_two_ASIS",3,"symmetric rootwise partial collapse + two ASIS cycles","S04",164,1,FALSE,"standard","mean_midpoint",1,0.61404179414069
"symmetric_rootwise_two_ASIS",3,"symmetric rootwise partial collapse + two ASIS cycles","S04",164,1,FALSE,"standard","mean_midpoint",5,0.0942247431410221
"symmetric_rootwise_two_ASIS",3,"symmetric rootwise partial collapse + two ASIS cycles","S04",164,1,FALSE,"standard","mean_midpoint",10,0.0377186004949657
"symmetric_rootwise_two_ASIS",3,"symmetric rootwise partial collapse + two ASIS cycles","S04",164,1,FALSE,"standard","mean_midpoint",25,-0.0253990046279169
"symmetric_rootwise_two_ASIS",3,"symmetric rootwise partial collapse + two ASIS cycles","S04",164,1,FALSE,"standard","mean_midpoint",50,-0.00692883147093972
"symmetric_rootwise_two_ASIS",3,"symmetric rootwise partial collapse + two ASIS cycles","S04",164,1,FALSE,"standard","terminal_width",1,0.476393691294131
"symmetric_rootwise_two_ASIS",3,"symmetric rootwise partial collapse + two ASIS cycles","S04",164,1,FALSE,"standard","terminal_width",5,0.0659860389065778
"symmetric_rootwise_two_ASIS",3,"symmetric rootwise partial collapse + two ASIS cycles","S04",164,1,FALSE,"standard","terminal_width",10,0.0071995409820544
"symmetric_rootwise_two_ASIS",3,"symmetric rootwise partial collapse + two ASIS cycles","S04",164,1,FALSE,"standard","terminal_width",25,-0.0076469426129655
"symmetric_rootwise_two_ASIS",3,"symmetric rootwise partial collapse + two ASIS cycles","S04",164,1,FALSE,"standard","terminal_width",50,-0.0197644702452278
"symmetric_rootwise_two_ASIS",3,"symmetric rootwise partial collapse + two ASIS cycles","S04",164,1,FALSE,"standard","terminal_midpoint",1,0.382132792076909
"symmetric_rootwise_two_ASIS",3,"symmetric rootwise partial collapse + two ASIS cycles","S04",164,1,FALSE,"standard","terminal_midpoint",5,0.0172480935710043
"symmetric_rootwise_two_ASIS",3,"symmetric rootwise partial collapse + two ASIS cycles","S04",164,1,FALSE,"standard","terminal_midpoint",10,0.00451140991138418
"symmetric_rootwise_two_ASIS",3,"symmetric rootwise partial collapse + two ASIS cycles","S04",164,1,FALSE,"standard","terminal_midpoint",25,-0.012522065068974
"symmetric_rootwise_two_ASIS",3,"symmetric rootwise partial collapse + two ASIS cycles","S04",164,1,FALSE,"standard","terminal_midpoint",50,-0.0234693997997393
"symmetric_rootwise_two_ASIS",3,"symmetric rootwise partial collapse + two ASIS cycles","S03",183,1,TRUE,"A","log_q_1",1,0.887098194234555
"symmetric_rootwise_two_ASIS",3,"symmetric rootwise partial collapse + two ASIS cycles","S03",183,1,TRUE,"A","log_q_1",5,0.624678994209055
"symmetric_rootwise_two_ASIS",3,"symmetric rootwise partial collapse + two ASIS cycles","S03",183,1,TRUE,"A","log_q_1",10,0.407695634756241
"symmetric_rootwise_two_ASIS",3,"symmetric rootwise partial collapse + two ASIS cycles","S03",183,1,TRUE,"A","log_q_1",25,0.118426069913568
"symmetric_rootwise_two_ASIS",3,"symmetric rootwise partial collapse + two ASIS cycles","S03",183,1,TRUE,"A","log_q_1",50,0.0229691417064727
"symmetric_rootwise_two_ASIS",3,"symmetric rootwise partial collapse + two ASIS cycles","S03",183,1,TRUE,"A","observed_loss",1,0.443320785897636
"symmetric_rootwise_two_ASIS",3,"symmetric rootwise partial collapse + two ASIS cycles","S03",183,1,TRUE,"A","observed_loss",5,0.217137164732699
"symmetric_rootwise_two_ASIS",3,"symmetric rootwise partial collapse + two ASIS cycles","S03",183,1,TRUE,"A","observed_loss",10,0.154882742208136
"symmetric_rootwise_two_ASIS",3,"symmetric rootwise partial collapse + two ASIS cycles","S03",183,1,TRUE,"A","observed_loss",25,0.0571011582149886
"symmetric_rootwise_two_ASIS",3,"symmetric rootwise partial collapse + two ASIS cycles","S03",183,1,TRUE,"A","observed_loss",50,0.0226639938800617
"symmetric_rootwise_two_ASIS",3,"symmetric rootwise partial collapse + two ASIS cycles","S03",183,1,TRUE,"A","mean_width",1,0.599833251331128
"symmetric_rootwise_two_ASIS",3,"symmetric rootwise partial collapse + two ASIS cycles","S03",183,1,TRUE,"A","mean_width",5,0.10087413143386
"symmetric_rootwise_two_ASIS",3,"symmetric rootwise partial collapse + two ASIS cycles","S03",183,1,TRUE,"A","mean_width",10,0.0176004236083595
"symmetric_rootwise_two_ASIS",3,"symmetric rootwise partial collapse + two ASIS cycles","S03",183,1,TRUE,"A","mean_width",25,0.0215147874541948
"symmetric_rootwise_two_ASIS",3,"symmetric rootwise partial collapse + two ASIS cycles","S03",183,1,TRUE,"A","mean_width",50,-0.0164867061620058
"symmetric_rootwise_two_ASIS",3,"symmetric rootwise partial collapse + two ASIS cycles","S03",183,1,TRUE,"A","mean_midpoint",1,0.462269328193519
"symmetric_rootwise_two_ASIS",3,"symmetric rootwise partial collapse + two ASIS cycles","S03",183,1,TRUE,"A","mean_midpoint",5,0.0180583082024638
"symmetric_rootwise_two_ASIS",3,"symmetric rootwise partial collapse + two ASIS cycles","S03",183,1,TRUE,"A","mean_midpoint",10,0.00891522563879345
"symmetric_rootwise_two_ASIS",3,"symmetric rootwise partial collapse + two ASIS cycles","S03",183,1,TRUE,"A","mean_midpoint",25,-0.012227264726161
"symmetric_rootwise_two_ASIS",3,"symmetric rootwise partial collapse + two ASIS cycles","S03",183,1,TRUE,"A","mean_midpoint",50,-0.00233584409572372
"symmetric_rootwise_two_ASIS",3,"symmetric rootwise partial collapse + two ASIS cycles","S03",183,1,TRUE,"A","terminal_width",1,0.380219108147267
"symmetric_rootwise_two_ASIS",3,"symmetric rootwise partial collapse + two ASIS cycles","S03",183,1,TRUE,"A","terminal_width",5,0.0450451961887476
"symmetric_rootwise_two_ASIS",3,"symmetric rootwise partial collapse + two ASIS cycles","S03",183,1,TRUE,"A","terminal_width",10,0.00438921219426521
"symmetric_rootwise_two_ASIS",3,"symmetric rootwise partial collapse + two ASIS cycles","S03",183,1,TRUE,"A","terminal_width",25,0.0077235603452155
"symmetric_rootwise_two_ASIS",3,"symmetric rootwise partial collapse + two ASIS cycles","S03",183,1,TRUE,"A","terminal_width",50,-0.0344575393083521
"symmetric_rootwise_two_ASIS",3,"symmetric rootwise partial collapse + two ASIS cycles","S03",183,1,TRUE,"A","terminal_midpoint",1,0.28568262197029
"symmetric_rootwise_two_ASIS",3,"symmetric rootwise partial collapse + two ASIS cycles","S03",183,1,TRUE,"A","terminal_midpoint",5,0.031815819873783
"symmetric_rootwise_two_ASIS",3,"symmetric rootwise partial collapse + two ASIS cycles","S03",183,1,TRUE,"A","terminal_midpoint",10,0.010878806468343
"symmetric_rootwise_two_ASIS",3,"symmetric rootwise partial collapse + two ASIS cycles","S03",183,1,TRUE,"A","terminal_midpoint",25,-0.00053143054124791
"symmetric_rootwise_two_ASIS",3,"symmetric rootwise partial collapse + two ASIS cycles","S03",183,1,TRUE,"A","terminal_midpoint",50,-0.00396805798255083
"symmetric_rootwise_two_ASIS",3,"symmetric rootwise partial collapse + two ASIS cycles","S03",183,2,TRUE,"B","log_q_1",1,0.904290512619583
"symmetric_rootwise_two_ASIS",3,"symmetric rootwise partial collapse + two ASIS cycles","S03",183,2,TRUE,"B","log_q_1",5,0.670497836278409
"symmetric_rootwise_two_ASIS",3,"symmetric rootwise partial collapse + two ASIS cycles","S03",183,2,TRUE,"B","log_q_1",10,0.462841000925581
"symmetric_rootwise_two_ASIS",3,"symmetric rootwise partial collapse + two ASIS cycles","S03",183,2,TRUE,"B","log_q_1",25,0.123224565229444
"symmetric_rootwise_two_ASIS",3,"symmetric rootwise partial collapse + two ASIS cycles","S03",183,2,TRUE,"B","log_q_1",50,0.0122116928097584
"symmetric_rootwise_two_ASIS",3,"symmetric rootwise partial collapse + two ASIS cycles","S03",183,2,TRUE,"B","observed_loss",1,0.463409450144836
"symmetric_rootwise_two_ASIS",3,"symmetric rootwise partial collapse + two ASIS cycles","S03",183,2,TRUE,"B","observed_loss",5,0.251498791994905
"symmetric_rootwise_two_ASIS",3,"symmetric rootwise partial collapse + two ASIS cycles","S03",183,2,TRUE,"B","observed_loss",10,0.15870386943827
"symmetric_rootwise_two_ASIS",3,"symmetric rootwise partial collapse + two ASIS cycles","S03",183,2,TRUE,"B","observed_loss",25,0.0765235790617742
"symmetric_rootwise_two_ASIS",3,"symmetric rootwise partial collapse + two ASIS cycles","S03",183,2,TRUE,"B","observed_loss",50,0.023659372710574
"symmetric_rootwise_two_ASIS",3,"symmetric rootwise partial collapse + two ASIS cycles","S03",183,2,TRUE,"B","mean_width",1,0.585529918734581
"symmetric_rootwise_two_ASIS",3,"symmetric rootwise partial collapse + two ASIS cycles","S03",183,2,TRUE,"B","mean_width",5,0.11026492826416
"symmetric_rootwise_two_ASIS",3,"symmetric rootwise partial collapse + two ASIS cycles","S03",183,2,TRUE,"B","mean_width",10,0.0380624291184046
"symmetric_rootwise_two_ASIS",3,"symmetric rootwise partial collapse + two ASIS cycles","S03",183,2,TRUE,"B","mean_width",25,0.0440236134963255
"symmetric_rootwise_two_ASIS",3,"symmetric rootwise partial collapse + two ASIS cycles","S03",183,2,TRUE,"B","mean_width",50,-0.00740370300786113
"symmetric_rootwise_two_ASIS",3,"symmetric rootwise partial collapse + two ASIS cycles","S03",183,2,TRUE,"B","mean_midpoint",1,0.480636922214387
"symmetric_rootwise_two_ASIS",3,"symmetric rootwise partial collapse + two ASIS cycles","S03",183,2,TRUE,"B","mean_midpoint",5,0.0545974673551439
"symmetric_rootwise_two_ASIS",3,"symmetric rootwise partial collapse + two ASIS cycles","S03",183,2,TRUE,"B","mean_midpoint",10,0.0232057918269929
"symmetric_rootwise_two_ASIS",3,"symmetric rootwise partial collapse + two ASIS cycles","S03",183,2,TRUE,"B","mean_midpoint",25,0.0245236013079474
"symmetric_rootwise_two_ASIS",3,"symmetric rootwise partial collapse + two ASIS cycles","S03",183,2,TRUE,"B","mean_midpoint",50,0.00038924972267372
"symmetric_rootwise_two_ASIS",3,"symmetric rootwise partial collapse + two ASIS cycles","S03",183,2,TRUE,"B","terminal_width",1,0.397450304355213
"symmetric_rootwise_two_ASIS",3,"symmetric rootwise partial collapse + two ASIS cycles","S03",183,2,TRUE,"B","terminal_width",5,0.0372035699622747
"symmetric_rootwise_two_ASIS",3,"symmetric rootwise partial collapse + two ASIS cycles","S03",183,2,TRUE,"B","terminal_width",10,-0.00555613269446425
"symmetric_rootwise_two_ASIS",3,"symmetric rootwise partial collapse + two ASIS cycles","S03",183,2,TRUE,"B","terminal_width",25,0.0203602856408323
"symmetric_rootwise_two_ASIS",3,"symmetric rootwise partial collapse + two ASIS cycles","S03",183,2,TRUE,"B","terminal_width",50,-0.012539762961989
"symmetric_rootwise_two_ASIS",3,"symmetric rootwise partial collapse + two ASIS cycles","S03",183,2,TRUE,"B","terminal_midpoint",1,0.282534534372373
"symmetric_rootwise_two_ASIS",3,"symmetric rootwise partial collapse + two ASIS cycles","S03",183,2,TRUE,"B","terminal_midpoint",5,0.0183316012331888
"symmetric_rootwise_two_ASIS",3,"symmetric rootwise partial collapse + two ASIS cycles","S03",183,2,TRUE,"B","terminal_midpoint",10,0.00313047551979049
"symmetric_rootwise_two_ASIS",3,"symmetric rootwise partial collapse + two ASIS cycles","S03",183,2,TRUE,"B","terminal_midpoint",25,-0.0114605868073179
"symmetric_rootwise_two_ASIS",3,"symmetric rootwise partial collapse + two ASIS cycles","S03",183,2,TRUE,"B","terminal_midpoint",50,0.00492085902848999
"symmetric_rootwise_two_ASIS",3,"symmetric rootwise partial collapse + two ASIS cycles","S03",183,3,TRUE,"C","log_q_1",1,0.898388163527391
"symmetric_rootwise_two_ASIS",3,"symmetric rootwise partial collapse + two ASIS cycles","S03",183,3,TRUE,"C","log_q_1",5,0.668349718755298
"symmetric_rootwise_two_ASIS",3,"symmetric rootwise partial collapse + two ASIS cycles","S03",183,3,TRUE,"C","log_q_1",10,0.446860019983869
"symmetric_rootwise_two_ASIS",3,"symmetric rootwise partial collapse + two ASIS cycles","S03",183,3,TRUE,"C","log_q_1",25,0.0768006550712856
"symmetric_rootwise_two_ASIS",3,"symmetric rootwise partial collapse + two ASIS cycles","S03",183,3,TRUE,"C","log_q_1",50,-0.0540395949422448
"symmetric_rootwise_two_ASIS",3,"symmetric rootwise partial collapse + two ASIS cycles","S03",183,3,TRUE,"C","observed_loss",1,0.464667415185733
"symmetric_rootwise_two_ASIS",3,"symmetric rootwise partial collapse + two ASIS cycles","S03",183,3,TRUE,"C","observed_loss",5,0.250592071674876
"symmetric_rootwise_two_ASIS",3,"symmetric rootwise partial collapse + two ASIS cycles","S03",183,3,TRUE,"C","observed_loss",10,0.136135303819602
"symmetric_rootwise_two_ASIS",3,"symmetric rootwise partial collapse + two ASIS cycles","S03",183,3,TRUE,"C","observed_loss",25,-0.000461861826392412
"symmetric_rootwise_two_ASIS",3,"symmetric rootwise partial collapse + two ASIS cycles","S03",183,3,TRUE,"C","observed_loss",50,-0.0177813253864212
"symmetric_rootwise_two_ASIS",3,"symmetric rootwise partial collapse + two ASIS cycles","S03",183,3,TRUE,"C","mean_width",1,0.586282815171713
"symmetric_rootwise_two_ASIS",3,"symmetric rootwise partial collapse + two ASIS cycles","S03",183,3,TRUE,"C","mean_width",5,0.107436927366814
"symmetric_rootwise_two_ASIS",3,"symmetric rootwise partial collapse + two ASIS cycles","S03",183,3,TRUE,"C","mean_width",10,0.0374425587892115
"symmetric_rootwise_two_ASIS",3,"symmetric rootwise partial collapse + two ASIS cycles","S03",183,3,TRUE,"C","mean_width",25,0.0156179092488051
"symmetric_rootwise_two_ASIS",3,"symmetric rootwise partial collapse + two ASIS cycles","S03",183,3,TRUE,"C","mean_width",50,-0.000105483016494178
"symmetric_rootwise_two_ASIS",3,"symmetric rootwise partial collapse + two ASIS cycles","S03",183,3,TRUE,"C","mean_midpoint",1,0.497458012551142
"symmetric_rootwise_two_ASIS",3,"symmetric rootwise partial collapse + two ASIS cycles","S03",183,3,TRUE,"C","mean_midpoint",5,0.0279310593384997
"symmetric_rootwise_two_ASIS",3,"symmetric rootwise partial collapse + two ASIS cycles","S03",183,3,TRUE,"C","mean_midpoint",10,-0.0178711897405477
"symmetric_rootwise_two_ASIS",3,"symmetric rootwise partial collapse + two ASIS cycles","S03",183,3,TRUE,"C","mean_midpoint",25,-0.0221890767588452
"symmetric_rootwise_two_ASIS",3,"symmetric rootwise partial collapse + two ASIS cycles","S03",183,3,TRUE,"C","mean_midpoint",50,0.0435659415121398
"symmetric_rootwise_two_ASIS",3,"symmetric rootwise partial collapse + two ASIS cycles","S03",183,3,TRUE,"C","terminal_width",1,0.396533617474841
"symmetric_rootwise_two_ASIS",3,"symmetric rootwise partial collapse + two ASIS cycles","S03",183,3,TRUE,"C","terminal_width",5,0.0614776632140854
"symmetric_rootwise_two_ASIS",3,"symmetric rootwise partial collapse + two ASIS cycles","S03",183,3,TRUE,"C","terminal_width",10,0.0180309917974999
"symmetric_rootwise_two_ASIS",3,"symmetric rootwise partial collapse + two ASIS cycles","S03",183,3,TRUE,"C","terminal_width",25,0.0279334637170032
"symmetric_rootwise_two_ASIS",3,"symmetric rootwise partial collapse + two ASIS cycles","S03",183,3,TRUE,"C","terminal_width",50,-0.00802520457975944
"symmetric_rootwise_two_ASIS",3,"symmetric rootwise partial collapse + two ASIS cycles","S03",183,3,TRUE,"C","terminal_midpoint",1,0.311945875898797
"symmetric_rootwise_two_ASIS",3,"symmetric rootwise partial collapse + two ASIS cycles","S03",183,3,TRUE,"C","terminal_midpoint",5,0.0448594464160474
"symmetric_rootwise_two_ASIS",3,"symmetric rootwise partial collapse + two ASIS cycles","S03",183,3,TRUE,"C","terminal_midpoint",10,0.00297070466829774
"symmetric_rootwise_two_ASIS",3,"symmetric rootwise partial collapse + two ASIS cycles","S03",183,3,TRUE,"C","terminal_midpoint",25,0.00820539072601831
"symmetric_rootwise_two_ASIS",3,"symmetric rootwise partial collapse + two ASIS cycles","S03",183,3,TRUE,"C","terminal_midpoint",50,-0.0116030979165462
"symmetric_rootwise_two_ASIS",3,"symmetric rootwise partial collapse + two ASIS cycles","S03",183,4,TRUE,"D","log_q_1",1,0.895607134952329
"symmetric_rootwise_two_ASIS",3,"symmetric rootwise partial collapse + two ASIS cycles","S03",183,4,TRUE,"D","log_q_1",5,0.627416283563876
"symmetric_rootwise_two_ASIS",3,"symmetric rootwise partial collapse + two ASIS cycles","S03",183,4,TRUE,"D","log_q_1",10,0.39042679030877
"symmetric_rootwise_two_ASIS",3,"symmetric rootwise partial collapse + two ASIS cycles","S03",183,4,TRUE,"D","log_q_1",25,0.118273637933828
"symmetric_rootwise_two_ASIS",3,"symmetric rootwise partial collapse + two ASIS cycles","S03",183,4,TRUE,"D","log_q_1",50,0.0892792403144882
"symmetric_rootwise_two_ASIS",3,"symmetric rootwise partial collapse + two ASIS cycles","S03",183,4,TRUE,"D","observed_loss",1,0.444923568449029
"symmetric_rootwise_two_ASIS",3,"symmetric rootwise partial collapse + two ASIS cycles","S03",183,4,TRUE,"D","observed_loss",5,0.223920686599191
"symmetric_rootwise_two_ASIS",3,"symmetric rootwise partial collapse + two ASIS cycles","S03",183,4,TRUE,"D","observed_loss",10,0.137232937551576
"symmetric_rootwise_two_ASIS",3,"symmetric rootwise partial collapse + two ASIS cycles","S03",183,4,TRUE,"D","observed_loss",25,0.0210086223719875
"symmetric_rootwise_two_ASIS",3,"symmetric rootwise partial collapse + two ASIS cycles","S03",183,4,TRUE,"D","observed_loss",50,0.0211399725911968
"symmetric_rootwise_two_ASIS",3,"symmetric rootwise partial collapse + two ASIS cycles","S03",183,4,TRUE,"D","mean_width",1,0.602311851611403
"symmetric_rootwise_two_ASIS",3,"symmetric rootwise partial collapse + two ASIS cycles","S03",183,4,TRUE,"D","mean_width",5,0.094265051651281
"symmetric_rootwise_two_ASIS",3,"symmetric rootwise partial collapse + two ASIS cycles","S03",183,4,TRUE,"D","mean_width",10,0.0452050534157604
"symmetric_rootwise_two_ASIS",3,"symmetric rootwise partial collapse + two ASIS cycles","S03",183,4,TRUE,"D","mean_width",25,0.0212239765421673
"symmetric_rootwise_two_ASIS",3,"symmetric rootwise partial collapse + two ASIS cycles","S03",183,4,TRUE,"D","mean_width",50,-0.015377909589772
"symmetric_rootwise_two_ASIS",3,"symmetric rootwise partial collapse + two ASIS cycles","S03",183,4,TRUE,"D","mean_midpoint",1,0.48207524162375
"symmetric_rootwise_two_ASIS",3,"symmetric rootwise partial collapse + two ASIS cycles","S03",183,4,TRUE,"D","mean_midpoint",5,0.0643429897362762
"symmetric_rootwise_two_ASIS",3,"symmetric rootwise partial collapse + two ASIS cycles","S03",183,4,TRUE,"D","mean_midpoint",10,-0.00489256242083723
"symmetric_rootwise_two_ASIS",3,"symmetric rootwise partial collapse + two ASIS cycles","S03",183,4,TRUE,"D","mean_midpoint",25,0.0208418766308114
"symmetric_rootwise_two_ASIS",3,"symmetric rootwise partial collapse + two ASIS cycles","S03",183,4,TRUE,"D","mean_midpoint",50,0.0117069469306699
"symmetric_rootwise_two_ASIS",3,"symmetric rootwise partial collapse + two ASIS cycles","S03",183,4,TRUE,"D","terminal_width",1,0.386875894571502
"symmetric_rootwise_two_ASIS",3,"symmetric rootwise partial collapse + two ASIS cycles","S03",183,4,TRUE,"D","terminal_width",5,0.0591273087244467
"symmetric_rootwise_two_ASIS",3,"symmetric rootwise partial collapse + two ASIS cycles","S03",183,4,TRUE,"D","terminal_width",10,0.00603943616081773
"symmetric_rootwise_two_ASIS",3,"symmetric rootwise partial collapse + two ASIS cycles","S03",183,4,TRUE,"D","terminal_width",25,-0.0283284843944874
"symmetric_rootwise_two_ASIS",3,"symmetric rootwise partial collapse + two ASIS cycles","S03",183,4,TRUE,"D","terminal_width",50,0.0178805431217758
"symmetric_rootwise_two_ASIS",3,"symmetric rootwise partial collapse + two ASIS cycles","S03",183,4,TRUE,"D","terminal_midpoint",1,0.275914777747252
"symmetric_rootwise_two_ASIS",3,"symmetric rootwise partial collapse + two ASIS cycles","S03",183,4,TRUE,"D","terminal_midpoint",5,0.0245684290472791
"symmetric_rootwise_two_ASIS",3,"symmetric rootwise partial collapse + two ASIS cycles","S03",183,4,TRUE,"D","terminal_midpoint",10,0.0199482013392083
"symmetric_rootwise_two_ASIS",3,"symmetric rootwise partial collapse + two ASIS cycles","S03",183,4,TRUE,"D","terminal_midpoint",25,-0.0156061348335096
"symmetric_rootwise_two_ASIS",3,"symmetric rootwise partial collapse + two ASIS cycles","S03",183,4,TRUE,"D","terminal_midpoint",50,0.00474919392669931
"symmetric_rootwise_two_ASIS",3,"symmetric rootwise partial collapse + two ASIS cycles","S03",97,1,FALSE,"standard","log_q_1",1,0.865864931415779
"symmetric_rootwise_two_ASIS",3,"symmetric rootwise partial collapse + two ASIS cycles","S03",97,1,FALSE,"standard","log_q_1",5,0.525328933726102
"symmetric_rootwise_two_ASIS",3,"symmetric rootwise partial collapse + two ASIS cycles","S03",97,1,FALSE,"standard","log_q_1",10,0.263644880986073
"symmetric_rootwise_two_ASIS",3,"symmetric rootwise partial collapse + two ASIS cycles","S03",97,1,FALSE,"standard","log_q_1",25,0.0184748568948833
"symmetric_rootwise_two_ASIS",3,"symmetric rootwise partial collapse + two ASIS cycles","S03",97,1,FALSE,"standard","log_q_1",50,-0.00667672413952148
"symmetric_rootwise_two_ASIS",3,"symmetric rootwise partial collapse + two ASIS cycles","S03",97,1,FALSE,"standard","observed_loss",1,0.411528647689529
"symmetric_rootwise_two_ASIS",3,"symmetric rootwise partial collapse + two ASIS cycles","S03",97,1,FALSE,"standard","observed_loss",5,0.153944661153251
"symmetric_rootwise_two_ASIS",3,"symmetric rootwise partial collapse + two ASIS cycles","S03",97,1,FALSE,"standard","observed_loss",10,0.0693206956256025
"symmetric_rootwise_two_ASIS",3,"symmetric rootwise partial collapse + two ASIS cycles","S03",97,1,FALSE,"standard","observed_loss",25,-0.0041436562202495
"symmetric_rootwise_two_ASIS",3,"symmetric rootwise partial collapse + two ASIS cycles","S03",97,1,FALSE,"standard","observed_loss",50,-0.0313862191002839
"symmetric_rootwise_two_ASIS",3,"symmetric rootwise partial collapse + two ASIS cycles","S03",97,1,FALSE,"standard","mean_width",1,0.611095679161111
"symmetric_rootwise_two_ASIS",3,"symmetric rootwise partial collapse + two ASIS cycles","S03",97,1,FALSE,"standard","mean_width",5,0.0867959384211316
"symmetric_rootwise_two_ASIS",3,"symmetric rootwise partial collapse + two ASIS cycles","S03",97,1,FALSE,"standard","mean_width",10,0.00556808506520292
"symmetric_rootwise_two_ASIS",3,"symmetric rootwise partial collapse + two ASIS cycles","S03",97,1,FALSE,"standard","mean_width",25,-0.023383811032142
"symmetric_rootwise_two_ASIS",3,"symmetric rootwise partial collapse + two ASIS cycles","S03",97,1,FALSE,"standard","mean_width",50,0.0378009969173041
"symmetric_rootwise_two_ASIS",3,"symmetric rootwise partial collapse + two ASIS cycles","S03",97,1,FALSE,"standard","mean_midpoint",1,0.512373896904947
"symmetric_rootwise_two_ASIS",3,"symmetric rootwise partial collapse + two ASIS cycles","S03",97,1,FALSE,"standard","mean_midpoint",5,0.0607134642921523
"symmetric_rootwise_two_ASIS",3,"symmetric rootwise partial collapse + two ASIS cycles","S03",97,1,FALSE,"standard","mean_midpoint",10,0.0201939944342178
"symmetric_rootwise_two_ASIS",3,"symmetric rootwise partial collapse + two ASIS cycles","S03",97,1,FALSE,"standard","mean_midpoint",25,-0.00736028786088557
"symmetric_rootwise_two_ASIS",3,"symmetric rootwise partial collapse + two ASIS cycles","S03",97,1,FALSE,"standard","mean_midpoint",50,0.0223941280868603
"symmetric_rootwise_two_ASIS",3,"symmetric rootwise partial collapse + two ASIS cycles","S03",97,1,FALSE,"standard","terminal_width",1,0.298878717793648
"symmetric_rootwise_two_ASIS",3,"symmetric rootwise partial collapse + two ASIS cycles","S03",97,1,FALSE,"standard","terminal_width",5,0.0160696015834972
"symmetric_rootwise_two_ASIS",3,"symmetric rootwise partial collapse + two ASIS cycles","S03",97,1,FALSE,"standard","terminal_width",10,0.00336809425712401
"symmetric_rootwise_two_ASIS",3,"symmetric rootwise partial collapse + two ASIS cycles","S03",97,1,FALSE,"standard","terminal_width",25,-0.0426648834429153
"symmetric_rootwise_two_ASIS",3,"symmetric rootwise partial collapse + two ASIS cycles","S03",97,1,FALSE,"standard","terminal_width",50,0.0169001978985628
"symmetric_rootwise_two_ASIS",3,"symmetric rootwise partial collapse + two ASIS cycles","S03",97,1,FALSE,"standard","terminal_midpoint",1,0.213189289987937
"symmetric_rootwise_two_ASIS",3,"symmetric rootwise partial collapse + two ASIS cycles","S03",97,1,FALSE,"standard","terminal_midpoint",5,0.00715636623255631
"symmetric_rootwise_two_ASIS",3,"symmetric rootwise partial collapse + two ASIS cycles","S03",97,1,FALSE,"standard","terminal_midpoint",10,0.00704647045558787
"symmetric_rootwise_two_ASIS",3,"symmetric rootwise partial collapse + two ASIS cycles","S03",97,1,FALSE,"standard","terminal_midpoint",25,-0.00930177350291147
"symmetric_rootwise_two_ASIS",3,"symmetric rootwise partial collapse + two ASIS cycles","S03",97,1,FALSE,"standard","terminal_midpoint",50,-0.00458308823760031
"symmetric_rootwise_two_ASIS",3,"symmetric rootwise partial collapse + two ASIS cycles","S04",180,1,TRUE,"A","log_q_1",1,0.88771130786125
"symmetric_rootwise_two_ASIS",3,"symmetric rootwise partial collapse + two ASIS cycles","S04",180,1,TRUE,"A","log_q_1",5,0.623379822510703
"symmetric_rootwise_two_ASIS",3,"symmetric rootwise partial collapse + two ASIS cycles","S04",180,1,TRUE,"A","log_q_1",10,0.396356138835349
"symmetric_rootwise_two_ASIS",3,"symmetric rootwise partial collapse + two ASIS cycles","S04",180,1,TRUE,"A","log_q_1",25,0.12556680876648
"symmetric_rootwise_two_ASIS",3,"symmetric rootwise partial collapse + two ASIS cycles","S04",180,1,TRUE,"A","log_q_1",50,-0.0343587106823139
"symmetric_rootwise_two_ASIS",3,"symmetric rootwise partial collapse + two ASIS cycles","S04",180,1,TRUE,"A","observed_loss",1,0.464373379379648
"symmetric_rootwise_two_ASIS",3,"symmetric rootwise partial collapse + two ASIS cycles","S04",180,1,TRUE,"A","observed_loss",5,0.201960936031516
"symmetric_rootwise_two_ASIS",3,"symmetric rootwise partial collapse + two ASIS cycles","S04",180,1,TRUE,"A","observed_loss",10,0.13446846286983
"symmetric_rootwise_two_ASIS",3,"symmetric rootwise partial collapse + two ASIS cycles","S04",180,1,TRUE,"A","observed_loss",25,0.027465965025793
"symmetric_rootwise_two_ASIS",3,"symmetric rootwise partial collapse + two ASIS cycles","S04",180,1,TRUE,"A","observed_loss",50,-0.0244455464343769
"symmetric_rootwise_two_ASIS",3,"symmetric rootwise partial collapse + two ASIS cycles","S04",180,1,TRUE,"A","mean_width",1,0.715380989663276
"symmetric_rootwise_two_ASIS",3,"symmetric rootwise partial collapse + two ASIS cycles","S04",180,1,TRUE,"A","mean_width",5,0.219844935587163
"symmetric_rootwise_two_ASIS",3,"symmetric rootwise partial collapse + two ASIS cycles","S04",180,1,TRUE,"A","mean_width",10,0.0692734508742408
"symmetric_rootwise_two_ASIS",3,"symmetric rootwise partial collapse + two ASIS cycles","S04",180,1,TRUE,"A","mean_width",25,-0.00590217822465756
"symmetric_rootwise_two_ASIS",3,"symmetric rootwise partial collapse + two ASIS cycles","S04",180,1,TRUE,"A","mean_width",50,-0.00835512361309745
"symmetric_rootwise_two_ASIS",3,"symmetric rootwise partial collapse + two ASIS cycles","S04",180,1,TRUE,"A","mean_midpoint",1,0.620254059909723
"symmetric_rootwise_two_ASIS",3,"symmetric rootwise partial collapse + two ASIS cycles","S04",180,1,TRUE,"A","mean_midpoint",5,0.101979773138893
"symmetric_rootwise_two_ASIS",3,"symmetric rootwise partial collapse + two ASIS cycles","S04",180,1,TRUE,"A","mean_midpoint",10,-0.000382142612906556
"symmetric_rootwise_two_ASIS",3,"symmetric rootwise partial collapse + two ASIS cycles","S04",180,1,TRUE,"A","mean_midpoint",25,0.00380092420627442
"symmetric_rootwise_two_ASIS",3,"symmetric rootwise partial collapse + two ASIS cycles","S04",180,1,TRUE,"A","mean_midpoint",50,-0.00795716269965585
"symmetric_rootwise_two_ASIS",3,"symmetric rootwise partial collapse + two ASIS cycles","S04",180,1,TRUE,"A","terminal_width",1,0.405944594596824
"symmetric_rootwise_two_ASIS",3,"symmetric rootwise partial collapse + two ASIS cycles","S04",180,1,TRUE,"A","terminal_width",5,0.0619021844139211
"symmetric_rootwise_two_ASIS",3,"symmetric rootwise partial collapse + two ASIS cycles","S04",180,1,TRUE,"A","terminal_width",10,0.0263250401922552
"symmetric_rootwise_two_ASIS",3,"symmetric rootwise partial collapse + two ASIS cycles","S04",180,1,TRUE,"A","terminal_width",25,-0.00205265407995222
"symmetric_rootwise_two_ASIS",3,"symmetric rootwise partial collapse + two ASIS cycles","S04",180,1,TRUE,"A","terminal_width",50,-0.0424649819487714
"symmetric_rootwise_two_ASIS",3,"symmetric rootwise partial collapse + two ASIS cycles","S04",180,1,TRUE,"A","terminal_midpoint",1,0.347416986491126
"symmetric_rootwise_two_ASIS",3,"symmetric rootwise partial collapse + two ASIS cycles","S04",180,1,TRUE,"A","terminal_midpoint",5,0.0216142176192543
"symmetric_rootwise_two_ASIS",3,"symmetric rootwise partial collapse + two ASIS cycles","S04",180,1,TRUE,"A","terminal_midpoint",10,-0.0274528851751705
"symmetric_rootwise_two_ASIS",3,"symmetric rootwise partial collapse + two ASIS cycles","S04",180,1,TRUE,"A","terminal_midpoint",25,-0.0116311556262725
"symmetric_rootwise_two_ASIS",3,"symmetric rootwise partial collapse + two ASIS cycles","S04",180,1,TRUE,"A","terminal_midpoint",50,-0.000273812081319562
"symmetric_rootwise_two_ASIS",3,"symmetric rootwise partial collapse + two ASIS cycles","S04",180,2,TRUE,"B","log_q_1",1,0.893487870153764
"symmetric_rootwise_two_ASIS",3,"symmetric rootwise partial collapse + two ASIS cycles","S04",180,2,TRUE,"B","log_q_1",5,0.620587743746602
"symmetric_rootwise_two_ASIS",3,"symmetric rootwise partial collapse + two ASIS cycles","S04",180,2,TRUE,"B","log_q_1",10,0.375703493314979
"symmetric_rootwise_two_ASIS",3,"symmetric rootwise partial collapse + two ASIS cycles","S04",180,2,TRUE,"B","log_q_1",25,0.0277384674796946
"symmetric_rootwise_two_ASIS",3,"symmetric rootwise partial collapse + two ASIS cycles","S04",180,2,TRUE,"B","log_q_1",50,-0.0270641643283437
"symmetric_rootwise_two_ASIS",3,"symmetric rootwise partial collapse + two ASIS cycles","S04",180,2,TRUE,"B","observed_loss",1,0.486495912748518
"symmetric_rootwise_two_ASIS",3,"symmetric rootwise partial collapse + two ASIS cycles","S04",180,2,TRUE,"B","observed_loss",5,0.212779388439698
"symmetric_rootwise_two_ASIS",3,"symmetric rootwise partial collapse + two ASIS cycles","S04",180,2,TRUE,"B","observed_loss",10,0.142971105301882
"symmetric_rootwise_two_ASIS",3,"symmetric rootwise partial collapse + two ASIS cycles","S04",180,2,TRUE,"B","observed_loss",25,0.0100061464652644
"symmetric_rootwise_two_ASIS",3,"symmetric rootwise partial collapse + two ASIS cycles","S04",180,2,TRUE,"B","observed_loss",50,-0.00507513067135734
"symmetric_rootwise_two_ASIS",3,"symmetric rootwise partial collapse + two ASIS cycles","S04",180,2,TRUE,"B","mean_width",1,0.709362772579999
"symmetric_rootwise_two_ASIS",3,"symmetric rootwise partial collapse + two ASIS cycles","S04",180,2,TRUE,"B","mean_width",5,0.195385614764579
"symmetric_rootwise_two_ASIS",3,"symmetric rootwise partial collapse + two ASIS cycles","S04",180,2,TRUE,"B","mean_width",10,0.091326432347617
"symmetric_rootwise_two_ASIS",3,"symmetric rootwise partial collapse + two ASIS cycles","S04",180,2,TRUE,"B","mean_width",25,0.0193307070335544
"symmetric_rootwise_two_ASIS",3,"symmetric rootwise partial collapse + two ASIS cycles","S04",180,2,TRUE,"B","mean_width",50,-0.00757641862833673
"symmetric_rootwise_two_ASIS",3,"symmetric rootwise partial collapse + two ASIS cycles","S04",180,2,TRUE,"B","mean_midpoint",1,0.607684378113841
"symmetric_rootwise_two_ASIS",3,"symmetric rootwise partial collapse + two ASIS cycles","S04",180,2,TRUE,"B","mean_midpoint",5,0.104761558820073
"symmetric_rootwise_two_ASIS",3,"symmetric rootwise partial collapse + two ASIS cycles","S04",180,2,TRUE,"B","mean_midpoint",10,0.0168503895939928
"symmetric_rootwise_two_ASIS",3,"symmetric rootwise partial collapse + two ASIS cycles","S04",180,2,TRUE,"B","mean_midpoint",25,0.00757634111523614
"symmetric_rootwise_two_ASIS",3,"symmetric rootwise partial collapse + two ASIS cycles","S04",180,2,TRUE,"B","mean_midpoint",50,-0.0151084488589007
"symmetric_rootwise_two_ASIS",3,"symmetric rootwise partial collapse + two ASIS cycles","S04",180,2,TRUE,"B","terminal_width",1,0.410227086983061
"symmetric_rootwise_two_ASIS",3,"symmetric rootwise partial collapse + two ASIS cycles","S04",180,2,TRUE,"B","terminal_width",5,0.0680678017655837
"symmetric_rootwise_two_ASIS",3,"symmetric rootwise partial collapse + two ASIS cycles","S04",180,2,TRUE,"B","terminal_width",10,0.0198808279425512
"symmetric_rootwise_two_ASIS",3,"symmetric rootwise partial collapse + two ASIS cycles","S04",180,2,TRUE,"B","terminal_width",25,0.00726491907926026
"symmetric_rootwise_two_ASIS",3,"symmetric rootwise partial collapse + two ASIS cycles","S04",180,2,TRUE,"B","terminal_width",50,0.00064343204219129
"symmetric_rootwise_two_ASIS",3,"symmetric rootwise partial collapse + two ASIS cycles","S04",180,2,TRUE,"B","terminal_midpoint",1,0.350575145485517
"symmetric_rootwise_two_ASIS",3,"symmetric rootwise partial collapse + two ASIS cycles","S04",180,2,TRUE,"B","terminal_midpoint",5,0.0290585350859597
"symmetric_rootwise_two_ASIS",3,"symmetric rootwise partial collapse + two ASIS cycles","S04",180,2,TRUE,"B","terminal_midpoint",10,-0.00544268181081137
"symmetric_rootwise_two_ASIS",3,"symmetric rootwise partial collapse + two ASIS cycles","S04",180,2,TRUE,"B","terminal_midpoint",25,0.0244680327664208
"symmetric_rootwise_two_ASIS",3,"symmetric rootwise partial collapse + two ASIS cycles","S04",180,2,TRUE,"B","terminal_midpoint",50,0.0070704276467446
"symmetric_rootwise_two_ASIS",3,"symmetric rootwise partial collapse + two ASIS cycles","S04",180,3,TRUE,"C","log_q_1",1,0.887105564646631
"symmetric_rootwise_two_ASIS",3,"symmetric rootwise partial collapse + two ASIS cycles","S04",180,3,TRUE,"C","log_q_1",5,0.625082807163391
"symmetric_rootwise_two_ASIS",3,"symmetric rootwise partial collapse + two ASIS cycles","S04",180,3,TRUE,"C","log_q_1",10,0.390934022372022
"symmetric_rootwise_two_ASIS",3,"symmetric rootwise partial collapse + two ASIS cycles","S04",180,3,TRUE,"C","log_q_1",25,0.0414896206228259
"symmetric_rootwise_two_ASIS",3,"symmetric rootwise partial collapse + two ASIS cycles","S04",180,3,TRUE,"C","log_q_1",50,-0.00976543389438007
"symmetric_rootwise_two_ASIS",3,"symmetric rootwise partial collapse + two ASIS cycles","S04",180,3,TRUE,"C","observed_loss",1,0.489165438011402
"symmetric_rootwise_two_ASIS",3,"symmetric rootwise partial collapse + two ASIS cycles","S04",180,3,TRUE,"C","observed_loss",5,0.218416171649381
"symmetric_rootwise_two_ASIS",3,"symmetric rootwise partial collapse + two ASIS cycles","S04",180,3,TRUE,"C","observed_loss",10,0.119360693968657
"symmetric_rootwise_two_ASIS",3,"symmetric rootwise partial collapse + two ASIS cycles","S04",180,3,TRUE,"C","observed_loss",25,0.0268211361145033
"symmetric_rootwise_two_ASIS",3,"symmetric rootwise partial collapse + two ASIS cycles","S04",180,3,TRUE,"C","observed_loss",50,-0.00163415255354654
"symmetric_rootwise_two_ASIS",3,"symmetric rootwise partial collapse + two ASIS cycles","S04",180,3,TRUE,"C","mean_width",1,0.724043161128423
"symmetric_rootwise_two_ASIS",3,"symmetric rootwise partial collapse + two ASIS cycles","S04",180,3,TRUE,"C","mean_width",5,0.210242360576855
"symmetric_rootwise_two_ASIS",3,"symmetric rootwise partial collapse + two ASIS cycles","S04",180,3,TRUE,"C","mean_width",10,0.0183447295896822
"symmetric_rootwise_two_ASIS",3,"symmetric rootwise partial collapse + two ASIS cycles","S04",180,3,TRUE,"C","mean_width",25,-0.00842613307518472
"symmetric_rootwise_two_ASIS",3,"symmetric rootwise partial collapse + two ASIS cycles","S04",180,3,TRUE,"C","mean_width",50,-0.025593233868138
"symmetric_rootwise_two_ASIS",3,"symmetric rootwise partial collapse + two ASIS cycles","S04",180,3,TRUE,"C","mean_midpoint",1,0.611772631594281
"symmetric_rootwise_two_ASIS",3,"symmetric rootwise partial collapse + two ASIS cycles","S04",180,3,TRUE,"C","mean_midpoint",5,0.110734832352657
"symmetric_rootwise_two_ASIS",3,"symmetric rootwise partial collapse + two ASIS cycles","S04",180,3,TRUE,"C","mean_midpoint",10,-0.00299027622306501
"symmetric_rootwise_two_ASIS",3,"symmetric rootwise partial collapse + two ASIS cycles","S04",180,3,TRUE,"C","mean_midpoint",25,-0.0289820916487836
"symmetric_rootwise_two_ASIS",3,"symmetric rootwise partial collapse + two ASIS cycles","S04",180,3,TRUE,"C","mean_midpoint",50,-0.0154642657444365
"symmetric_rootwise_two_ASIS",3,"symmetric rootwise partial collapse + two ASIS cycles","S04",180,3,TRUE,"C","terminal_width",1,0.397611978409721
"symmetric_rootwise_two_ASIS",3,"symmetric rootwise partial collapse + two ASIS cycles","S04",180,3,TRUE,"C","terminal_width",5,0.0177088145808764
"symmetric_rootwise_two_ASIS",3,"symmetric rootwise partial collapse + two ASIS cycles","S04",180,3,TRUE,"C","terminal_width",10,0.00175972698030916
"symmetric_rootwise_two_ASIS",3,"symmetric rootwise partial collapse + two ASIS cycles","S04",180,3,TRUE,"C","terminal_width",25,0.01733565660675
"symmetric_rootwise_two_ASIS",3,"symmetric rootwise partial collapse + two ASIS cycles","S04",180,3,TRUE,"C","terminal_width",50,0.00764964334675156
"symmetric_rootwise_two_ASIS",3,"symmetric rootwise partial collapse + two ASIS cycles","S04",180,3,TRUE,"C","terminal_midpoint",1,0.343251871026542
"symmetric_rootwise_two_ASIS",3,"symmetric rootwise partial collapse + two ASIS cycles","S04",180,3,TRUE,"C","terminal_midpoint",5,0.050492427520173
"symmetric_rootwise_two_ASIS",3,"symmetric rootwise partial collapse + two ASIS cycles","S04",180,3,TRUE,"C","terminal_midpoint",10,0.00450921307179422
"symmetric_rootwise_two_ASIS",3,"symmetric rootwise partial collapse + two ASIS cycles","S04",180,3,TRUE,"C","terminal_midpoint",25,-0.00645041118917703
"symmetric_rootwise_two_ASIS",3,"symmetric rootwise partial collapse + two ASIS cycles","S04",180,3,TRUE,"C","terminal_midpoint",50,-0.0197557885574618
"symmetric_rootwise_two_ASIS",3,"symmetric rootwise partial collapse + two ASIS cycles","S04",180,4,TRUE,"D","log_q_1",1,0.891848558705909
"symmetric_rootwise_two_ASIS",3,"symmetric rootwise partial collapse + two ASIS cycles","S04",180,4,TRUE,"D","log_q_1",5,0.629433678982192
"symmetric_rootwise_two_ASIS",3,"symmetric rootwise partial collapse + two ASIS cycles","S04",180,4,TRUE,"D","log_q_1",10,0.402829018113949
"symmetric_rootwise_two_ASIS",3,"symmetric rootwise partial collapse + two ASIS cycles","S04",180,4,TRUE,"D","log_q_1",25,0.0883614289182568
"symmetric_rootwise_two_ASIS",3,"symmetric rootwise partial collapse + two ASIS cycles","S04",180,4,TRUE,"D","log_q_1",50,-0.0410747965645966
"symmetric_rootwise_two_ASIS",3,"symmetric rootwise partial collapse + two ASIS cycles","S04",180,4,TRUE,"D","observed_loss",1,0.478374116365743
"symmetric_rootwise_two_ASIS",3,"symmetric rootwise partial collapse + two ASIS cycles","S04",180,4,TRUE,"D","observed_loss",5,0.214573967421938
"symmetric_rootwise_two_ASIS",3,"symmetric rootwise partial collapse + two ASIS cycles","S04",180,4,TRUE,"D","observed_loss",10,0.107851345183424
"symmetric_rootwise_two_ASIS",3,"symmetric rootwise partial collapse + two ASIS cycles","S04",180,4,TRUE,"D","observed_loss",25,0.016357406821512
"symmetric_rootwise_two_ASIS",3,"symmetric rootwise partial collapse + two ASIS cycles","S04",180,4,TRUE,"D","observed_loss",50,-0.00656607153585532
"symmetric_rootwise_two_ASIS",3,"symmetric rootwise partial collapse + two ASIS cycles","S04",180,4,TRUE,"D","mean_width",1,0.711526751433121
"symmetric_rootwise_two_ASIS",3,"symmetric rootwise partial collapse + two ASIS cycles","S04",180,4,TRUE,"D","mean_width",5,0.182741576113737
"symmetric_rootwise_two_ASIS",3,"symmetric rootwise partial collapse + two ASIS cycles","S04",180,4,TRUE,"D","mean_width",10,0.0210019983404134
"symmetric_rootwise_two_ASIS",3,"symmetric rootwise partial collapse + two ASIS cycles","S04",180,4,TRUE,"D","mean_width",25,0.00858449878766551
"symmetric_rootwise_two_ASIS",3,"symmetric rootwise partial collapse + two ASIS cycles","S04",180,4,TRUE,"D","mean_width",50,-0.00241905070091688
"symmetric_rootwise_two_ASIS",3,"symmetric rootwise partial collapse + two ASIS cycles","S04",180,4,TRUE,"D","mean_midpoint",1,0.618320727545333
"symmetric_rootwise_two_ASIS",3,"symmetric rootwise partial collapse + two ASIS cycles","S04",180,4,TRUE,"D","mean_midpoint",5,0.10786585691724
"symmetric_rootwise_two_ASIS",3,"symmetric rootwise partial collapse + two ASIS cycles","S04",180,4,TRUE,"D","mean_midpoint",10,-0.000147159745792473
"symmetric_rootwise_two_ASIS",3,"symmetric rootwise partial collapse + two ASIS cycles","S04",180,4,TRUE,"D","mean_midpoint",25,0.0225497267060436
"symmetric_rootwise_two_ASIS",3,"symmetric rootwise partial collapse + two ASIS cycles","S04",180,4,TRUE,"D","mean_midpoint",50,0.011725131503484
"symmetric_rootwise_two_ASIS",3,"symmetric rootwise partial collapse + two ASIS cycles","S04",180,4,TRUE,"D","terminal_width",1,0.385993982762671
"symmetric_rootwise_two_ASIS",3,"symmetric rootwise partial collapse + two ASIS cycles","S04",180,4,TRUE,"D","terminal_width",5,0.0318649623089417
"symmetric_rootwise_two_ASIS",3,"symmetric rootwise partial collapse + two ASIS cycles","S04",180,4,TRUE,"D","terminal_width",10,-0.00560524716367589
"symmetric_rootwise_two_ASIS",3,"symmetric rootwise partial collapse + two ASIS cycles","S04",180,4,TRUE,"D","terminal_width",25,-0.00726870885815223
"symmetric_rootwise_two_ASIS",3,"symmetric rootwise partial collapse + two ASIS cycles","S04",180,4,TRUE,"D","terminal_width",50,-0.0418318662916271
"symmetric_rootwise_two_ASIS",3,"symmetric rootwise partial collapse + two ASIS cycles","S04",180,4,TRUE,"D","terminal_midpoint",1,0.346305198419123
"symmetric_rootwise_two_ASIS",3,"symmetric rootwise partial collapse + two ASIS cycles","S04",180,4,TRUE,"D","terminal_midpoint",5,0.0330862148245215
"symmetric_rootwise_two_ASIS",3,"symmetric rootwise partial collapse + two ASIS cycles","S04",180,4,TRUE,"D","terminal_midpoint",10,0.0178757627246407
"symmetric_rootwise_two_ASIS",3,"symmetric rootwise partial collapse + two ASIS cycles","S04",180,4,TRUE,"D","terminal_midpoint",25,0.00941373124625564
"symmetric_rootwise_two_ASIS",3,"symmetric rootwise partial collapse + two ASIS cycles","S04",180,4,TRUE,"D","terminal_midpoint",50,-0.00138012816545939
"symmetric_rootwise_two_ASIS",3,"symmetric rootwise partial collapse + two ASIS cycles","S03",185,1,FALSE,"standard","log_q_1",1,0.831281916784336
"symmetric_rootwise_two_ASIS",3,"symmetric rootwise partial collapse + two ASIS cycles","S03",185,1,FALSE,"standard","log_q_1",5,0.459571856351609
"symmetric_rootwise_two_ASIS",3,"symmetric rootwise partial collapse + two ASIS cycles","S03",185,1,FALSE,"standard","log_q_1",10,0.258484605162595
"symmetric_rootwise_two_ASIS",3,"symmetric rootwise partial collapse + two ASIS cycles","S03",185,1,FALSE,"standard","log_q_1",25,0.0348759801783402
"symmetric_rootwise_two_ASIS",3,"symmetric rootwise partial collapse + two ASIS cycles","S03",185,1,FALSE,"standard","log_q_1",50,-0.022815036229106
"symmetric_rootwise_two_ASIS",3,"symmetric rootwise partial collapse + two ASIS cycles","S03",185,1,FALSE,"standard","observed_loss",1,0.26766259219197
"symmetric_rootwise_two_ASIS",3,"symmetric rootwise partial collapse + two ASIS cycles","S03",185,1,FALSE,"standard","observed_loss",5,0.0133826613388643
"symmetric_rootwise_two_ASIS",3,"symmetric rootwise partial collapse + two ASIS cycles","S03",185,1,FALSE,"standard","observed_loss",10,-0.0010401749297093
"symmetric_rootwise_two_ASIS",3,"symmetric rootwise partial collapse + two ASIS cycles","S03",185,1,FALSE,"standard","observed_loss",25,0.011036992360974
"symmetric_rootwise_two_ASIS",3,"symmetric rootwise partial collapse + two ASIS cycles","S03",185,1,FALSE,"standard","observed_loss",50,0.00239494913719159
"symmetric_rootwise_two_ASIS",3,"symmetric rootwise partial collapse + two ASIS cycles","S03",185,1,FALSE,"standard","mean_width",1,0.579682867246178
"symmetric_rootwise_two_ASIS",3,"symmetric rootwise partial collapse + two ASIS cycles","S03",185,1,FALSE,"standard","mean_width",5,0.0870530380384026
"symmetric_rootwise_two_ASIS",3,"symmetric rootwise partial collapse + two ASIS cycles","S03",185,1,FALSE,"standard","mean_width",10,0.0140520713964441
"symmetric_rootwise_two_ASIS",3,"symmetric rootwise partial collapse + two ASIS cycles","S03",185,1,FALSE,"standard","mean_width",25,-0.0184907246868425
"symmetric_rootwise_two_ASIS",3,"symmetric rootwise partial collapse + two ASIS cycles","S03",185,1,FALSE,"standard","mean_width",50,-0.0146542571531165
"symmetric_rootwise_two_ASIS",3,"symmetric rootwise partial collapse + two ASIS cycles","S03",185,1,FALSE,"standard","mean_midpoint",1,0.467928630318913
"symmetric_rootwise_two_ASIS",3,"symmetric rootwise partial collapse + two ASIS cycles","S03",185,1,FALSE,"standard","mean_midpoint",5,0.0295108521927401
"symmetric_rootwise_two_ASIS",3,"symmetric rootwise partial collapse + two ASIS cycles","S03",185,1,FALSE,"standard","mean_midpoint",10,-0.00726399946985159
"symmetric_rootwise_two_ASIS",3,"symmetric rootwise partial collapse + two ASIS cycles","S03",185,1,FALSE,"standard","mean_midpoint",25,-0.00973006030528656
"symmetric_rootwise_two_ASIS",3,"symmetric rootwise partial collapse + two ASIS cycles","S03",185,1,FALSE,"standard","mean_midpoint",50,0.00461076474271195
"symmetric_rootwise_two_ASIS",3,"symmetric rootwise partial collapse + two ASIS cycles","S03",185,1,FALSE,"standard","terminal_width",1,0.367261713542602
"symmetric_rootwise_two_ASIS",3,"symmetric rootwise partial collapse + two ASIS cycles","S03",185,1,FALSE,"standard","terminal_width",5,0.0108015581920387
"symmetric_rootwise_two_ASIS",3,"symmetric rootwise partial collapse + two ASIS cycles","S03",185,1,FALSE,"standard","terminal_width",10,0.00510784951869479
"symmetric_rootwise_two_ASIS",3,"symmetric rootwise partial collapse + two ASIS cycles","S03",185,1,FALSE,"standard","terminal_width",25,-0.00364894680172244
"symmetric_rootwise_two_ASIS",3,"symmetric rootwise partial collapse + two ASIS cycles","S03",185,1,FALSE,"standard","terminal_width",50,-0.0130342288581821
"symmetric_rootwise_two_ASIS",3,"symmetric rootwise partial collapse + two ASIS cycles","S03",185,1,FALSE,"standard","terminal_midpoint",1,0.313026732370631
"symmetric_rootwise_two_ASIS",3,"symmetric rootwise partial collapse + two ASIS cycles","S03",185,1,FALSE,"standard","terminal_midpoint",5,0.031236867948748
"symmetric_rootwise_two_ASIS",3,"symmetric rootwise partial collapse + two ASIS cycles","S03",185,1,FALSE,"standard","terminal_midpoint",10,0.0142040032386931
"symmetric_rootwise_two_ASIS",3,"symmetric rootwise partial collapse + two ASIS cycles","S03",185,1,FALSE,"standard","terminal_midpoint",25,-0.0235426285298565
"symmetric_rootwise_two_ASIS",3,"symmetric rootwise partial collapse + two ASIS cycles","S03",185,1,FALSE,"standard","terminal_midpoint",50,0.00886639946822087
