"estimand","chains","rhat","ess_bulk","ess_tail","mcse_mean","mcse_over_sd","pass","DGP","replication","sentinel"
"mean_lower",4,1.00055674589644,3241.9258990165,6130.12654158409,0.000940770300345115,0.0175983577202214,TRUE,"S01",39,TRUE
"mean_upper",4,1.00039198201189,2418.33417175871,3742.71226630692,0.001348552732985,0.0203074873827898,TRUE,"S01",39,TRUE
"mean_midpoint",4,1.00003435129063,2486.97121918396,4812.75845328175,0.000858664098590538,0.0200068063408148,TRUE,"S01",39,TRUE
"mean_width",4,1.00038463085468,2793.66895282703,5004.47537360641,0.00160414000907313,0.018948244707474,TRUE,"S01",39,TRUE
"observed_loss",4,1.00021873926629,6772.31058021547,10934.812555704,0.0202832552790699,0.0122312688005816,TRUE,"S01",39,TRUE
"training_t0001_lower",4,1.00018022875569,7614.59806200787,11803.4008826079,0.00291980172130671,0.0114103774504398,TRUE,"S01",39,TRUE
"training_t0001_upper",4,0.999944704810684,7853.45387306935,12630.017383086,0.00373579150401411,0.0112497036106949,TRUE,"S01",39,TRUE
"training_t0001_midpoint",4,0.999986201220206,7959.08929798529,11278.6744266224,0.0023437442818574,0.011209959889866,TRUE,"S01",39,TRUE
"training_t0001_width",4,0.99995423539924,7643.41433352373,11079.2004359712,0.00479156431495117,0.011400095354063,TRUE,"S01",39,TRUE
"training_t0050_lower",4,1.00040636706205,4568.6801884816,9329.26252883378,0.00133190182996419,0.0147553921931982,TRUE,"S01",39,TRUE
"training_t0050_upper",4,1.00009240304633,3841.26441671694,6690.70315065609,0.0019574154557901,0.016188243488247,TRUE,"S01",39,TRUE
"training_t0050_midpoint",4,0.999977202114694,3911.45707657238,7559.25259632538,0.00120787179197179,0.0160205694437727,TRUE,"S01",39,TRUE
"training_t0050_width",4,1.00016294211622,4074.4249589513,7763.62011442032,0.00236701826826473,0.0156761923494598,TRUE,"S01",39,TRUE
"training_t0100_lower",4,1.00234351828795,4333.30501613509,8812.04914557986,0.00151381943460182,0.0152313078412775,TRUE,"S01",39,TRUE
"training_t0100_upper",4,1.00053970293526,3415.67863976857,6710.3804074091,0.00255708616205729,0.017184296206575,TRUE,"S01",39,TRUE
"training_t0100_midpoint",4,1.0004772167649,3950.08603726551,7067.90423391505,0.00141852885988038,0.0159631594846021,TRUE,"S01",39,TRUE
"training_t0100_width",4,1.00097187534287,3429.38720659406,7115.73393359643,0.00308792927079381,0.0171406250755762,TRUE,"S01",39,TRUE
"training_t0150_lower",4,0.999953439033705,4351.79430963465,8893.71040747085,0.00283820716096296,0.0151751550739509,TRUE,"S01",39,TRUE
"training_t0150_upper",4,0.999967616731103,3702.80625825316,5808.61976132375,0.00302814200121681,0.0166382952816216,TRUE,"S01",39,TRUE
"training_t0150_midpoint",4,0.999960053827327,3990.84320828252,8176.34982138933,0.00204556074148053,0.0158224444302367,TRUE,"S01",39,TRUE
"training_t0150_width",4,0.999949025669963,4041.7939217658,7283.41923922784,0.0041553563903365,0.0157790253944366,TRUE,"S01",39,TRUE
"training_t0200_lower",4,1.00011333655403,6620.020202443,10904.4786482445,0.00216106402784612,0.0122603712224809,TRUE,"S01",39,TRUE
"training_t0200_upper",4,1.00038258799636,4583.94101524177,7990.22692391722,0.00289750426281142,0.0147743338404073,TRUE,"S01",39,TRUE
"training_t0200_midpoint",4,0.999989062259015,5224.89407243679,8857.15810393221,0.00183211108076089,0.0138458057083767,TRUE,"S01",39,TRUE
"training_t0200_width",4,1.0005429191449,5634.51144366649,9653.68032072429,0.0034990482834908,0.0133182115930539,TRUE,"S01",39,TRUE
"terminal_lower",4,1.00011333655403,6620.020202443,10904.4786482445,0.00216106402784612,0.0122603712224809,TRUE,"S01",39,TRUE
"terminal_upper",4,1.00038258799636,4583.94101524177,7990.22692391722,0.00289750426281142,0.0147743338404073,TRUE,"S01",39,TRUE
"terminal_midpoint",4,0.999989062259015,5224.89407243679,8857.15810393221,0.00183211108076089,0.0138458057083767,TRUE,"S01",39,TRUE
"terminal_width",4,1.0005429191449,5634.51144366649,9653.68032072429,0.0034990482834908,0.0133182115930539,TRUE,"S01",39,TRUE
"future_h01_lower",4,1.00012243324737,5819.09986935245,10360.8172585241,0.00159483851655593,0.013109033585982,TRUE,"S01",39,TRUE
"future_h01_upper",4,1.00074093436981,4518.07060779376,7846.51022663471,0.00200580214905144,0.0148851408423263,TRUE,"S01",39,TRUE
"future_h01_midpoint",4,1.0000808299054,4557.21364225879,8417.47175876002,0.001340374611009,0.0148020574821449,TRUE,"S01",39,TRUE
"future_h01_width",4,1.00087065652453,5602.62210904434,9605.30833701315,0.00242918257089983,0.013348227777925,TRUE,"S01",39,TRUE
"future_h05_lower",4,1.00012243324737,5819.09986935245,10360.8172585241,0.00159483851655593,0.013109033585982,TRUE,"S01",39,TRUE
"future_h05_upper",4,1.00074093436981,4518.07060779376,7846.51022663471,0.00200580214905144,0.0148851408423263,TRUE,"S01",39,TRUE
"future_h05_midpoint",4,1.0000808299054,4557.21364225879,8417.47175876002,0.001340374611009,0.0148020574821449,TRUE,"S01",39,TRUE
"future_h05_width",4,1.00087065652453,5602.62210904434,9605.30833701315,0.00242918257089983,0.013348227777925,TRUE,"S01",39,TRUE
"future_h10_lower",4,1.00012243324737,5819.09986935245,10360.8172585241,0.00159483851655593,0.013109033585982,TRUE,"S01",39,TRUE
"future_h10_upper",4,1.00074093436981,4518.07060779376,7846.51022663471,0.00200580214905144,0.0148851408423263,TRUE,"S01",39,TRUE
"future_h10_midpoint",4,1.0000808299054,4557.21364225879,8417.47175876002,0.001340374611009,0.0148020574821449,TRUE,"S01",39,TRUE
"future_h10_width",4,1.00087065652453,5602.62210904434,9605.30833701315,0.00242918257089983,0.013348227777925,TRUE,"S01",39,TRUE
"future_h20_lower",4,1.00012243324737,5819.09986935245,10360.8172585241,0.00159483851655593,0.013109033585982,TRUE,"S01",39,TRUE
"future_h20_upper",4,1.00074093436981,4518.07060779376,7846.51022663471,0.00200580214905144,0.0148851408423263,TRUE,"S01",39,TRUE
"future_h20_midpoint",4,1.0000808299054,4557.21364225879,8417.47175876002,0.001340374611009,0.0148020574821449,TRUE,"S01",39,TRUE
"future_h20_width",4,1.00087065652453,5602.62210904434,9605.30833701315,0.00242918257089983,0.013348227777925,TRUE,"S01",39,TRUE
"mean_lower",4,1.00073481765215,1817.84409667972,3577.4242326081,0.00192929644914461,0.0234385817146275,TRUE,"S01",147,TRUE
"mean_upper",4,1.00136708086899,2199.38213779384,4412.74532524999,0.00169840145863983,0.0213130762952373,TRUE,"S01",147,TRUE
"mean_midpoint",4,1.00212478091528,2005.76248591969,4253.22245821738,0.00127326162879458,0.0223207204940256,TRUE,"S01",147,TRUE
"mean_width",4,1.0001551415761,2054.97636294805,3932.25363825092,0.00253970521981524,0.0220758813781473,TRUE,"S01",147,TRUE
"observed_loss",4,1.0001622246798,5400.95317317583,9718.67240792083,0.0304013294710929,0.0136509799165641,TRUE,"S01",147,TRUE
"training_t0001_lower",4,1.00011620297747,6120.18190730053,11366.9785261295,0.00301398762367423,0.0126800064001692,TRUE,"S01",147,TRUE
"training_t0001_upper",4,1.00005874020482,7401.00098561637,11841.4037290617,0.00481987956382076,0.0116595865695104,TRUE,"S01",147,TRUE
"training_t0001_midpoint",4,1.00019876645822,7119.33508598213,11755.1131326349,0.00283229072755362,0.0118650716150141,TRUE,"S01",147,TRUE
"training_t0001_width",4,0.99999564754498,6941.77028361273,12084.6214090781,0.00571298184226192,0.0119949718987963,TRUE,"S01",147,TRUE
"training_t0050_lower",4,0.999941793704499,3183.51127989621,6091.42947228048,0.00216962533980199,0.0177275109233745,TRUE,"S01",147,TRUE
"training_t0050_upper",4,1.00017278765591,4482.84270167833,7523.56125941865,0.00160582920720042,0.0148949225651768,TRUE,"S01",147,TRUE
"training_t0050_midpoint",4,1.00012110524825,3590.92017307563,7644.76907975722,0.00135564523901778,0.0166835963938454,TRUE,"S01",147,TRUE
"training_t0050_width",4,1.00001725492823,3676.62910003886,6615.01943543446,0.00269818103845771,0.016483813061884,TRUE,"S01",147,TRUE
"training_t0100_lower",4,1.0005482039105,4421.60520717131,6547.02370018199,0.0034212502942031,0.0152077525673326,TRUE,"S01",147,TRUE
"training_t0100_upper",4,0.999938449156792,6641.21482317894,10020.2722238325,0.00287075786397246,0.0123313927264834,TRUE,"S01",147,TRUE
"training_t0100_midpoint",4,0.999970004743685,5380.59281566979,8835.47023800303,0.00219559544606564,0.0136451932172269,TRUE,"S01",147,TRUE
"training_t0100_width",4,1.0002408752142,5467.99242910807,8855.89277723376,0.004431321528715,0.0136074855302457,TRUE,"S01",147,TRUE
"training_t0150_lower",4,1.00093958956817,3065.20552448528,4675.07771191039,0.00238414374748201,0.0181077966499939,TRUE,"S01",147,TRUE
"training_t0150_upper",4,1.0017130432129,3298.36498042026,7063.85294369978,0.00246605856730692,0.0175128192607092,TRUE,"S01",147,TRUE
"training_t0150_midpoint",4,1.00270838086958,3219.78904472552,6752.20791707562,0.00168104640339122,0.0176122527609043,TRUE,"S01",147,TRUE
"training_t0150_width",4,1.00000979664245,3103.21279192542,5856.4786960882,0.00349179099589219,0.0179391363599737,TRUE,"S01",147,TRUE
"training_t0200_lower",4,1.00068216572377,3000.37749190748,4653.55400541965,0.00715677969377076,0.0183182331849307,TRUE,"S01",147,TRUE
"training_t0200_upper",4,1.00024538823172,4131.34345322165,7517.56398955843,0.00602966589065515,0.0155589041073261,TRUE,"S01",147,TRUE
"training_t0200_midpoint",4,1.00097168552933,3545.99391468239,7285.90479833025,0.00463231283748768,0.0168049356016823,TRUE,"S01",147,TRUE
"training_t0200_width",4,1.00034790889703,3453.71366248381,5980.70549726553,0.00936300340062862,0.0170457673392756,TRUE,"S01",147,TRUE
"terminal_lower",4,1.00068216572377,3000.37749190748,4653.55400541965,0.00715677969377076,0.0183182331849307,TRUE,"S01",147,TRUE
"terminal_upper",4,1.00024538823172,4131.34345322165,7517.56398955843,0.00602966589065515,0.0155589041073261,TRUE,"S01",147,TRUE
"terminal_midpoint",4,1.00097168552933,3545.99391468239,7285.90479833025,0.00463231283748768,0.0168049356016823,TRUE,"S01",147,TRUE
"terminal_width",4,1.00034790889703,3453.71366248381,5980.70549726553,0.00936300340062862,0.0170457673392756,TRUE,"S01",147,TRUE
"future_h01_lower",4,1.00190736400733,3373.23777658866,6821.75893675307,0.00288348013557109,0.01721825767222,TRUE,"S01",147,TRUE
"future_h01_upper",4,1.0000774188808,3903.40420299993,7768.20256154666,0.0032947956180085,0.0160135720210283,TRUE,"S01",147,TRUE
"future_h01_midpoint",4,1.00133326186916,3637.55642086552,7416.90064075914,0.00218208397261859,0.0165910242730585,TRUE,"S01",147,TRUE
"future_h01_width",4,1.00028862707344,3654.4513392586,7240.8443046689,0.00442631109043281,0.0165460384534064,TRUE,"S01",147,TRUE
"future_h05_lower",4,1.00190736400733,3373.23777658866,6821.75893675307,0.00288348013557109,0.01721825767222,TRUE,"S01",147,TRUE
"future_h05_upper",4,1.0000774188808,3903.40420299993,7768.20256154666,0.0032947956180085,0.0160135720210283,TRUE,"S01",147,TRUE
"future_h05_midpoint",4,1.00133326186916,3637.55642086552,7416.90064075914,0.00218208397261859,0.0165910242730585,TRUE,"S01",147,TRUE
"future_h05_width",4,1.00028862707344,3654.4513392586,7240.8443046689,0.00442631109043281,0.0165460384534064,TRUE,"S01",147,TRUE
"future_h10_lower",4,1.00190736400733,3373.23777658866,6821.75893675307,0.00288348013557109,0.01721825767222,TRUE,"S01",147,TRUE
"future_h10_upper",4,1.0000774188808,3903.40420299993,7768.20256154666,0.0032947956180085,0.0160135720210283,TRUE,"S01",147,TRUE
"future_h10_midpoint",4,1.00133326186916,3637.55642086552,7416.90064075914,0.00218208397261859,0.0165910242730585,TRUE,"S01",147,TRUE
"future_h10_width",4,1.00028862707344,3654.4513392586,7240.8443046689,0.00442631109043281,0.0165460384534064,TRUE,"S01",147,TRUE
"future_h20_lower",4,1.00190736400733,3373.23777658866,6821.75893675307,0.00288348013557109,0.01721825767222,TRUE,"S01",147,TRUE
"future_h20_upper",4,1.0000774188808,3903.40420299993,7768.20256154666,0.0032947956180085,0.0160135720210283,TRUE,"S01",147,TRUE
"future_h20_midpoint",4,1.00133326186916,3637.55642086552,7416.90064075914,0.00218208397261859,0.0165910242730585,TRUE,"S01",147,TRUE
"future_h20_width",4,1.00028862707344,3654.4513392586,7240.8443046689,0.00442631109043281,0.0165460384534064,TRUE,"S01",147,TRUE
"mean_lower",1,NA,356.591944464319,641.148183390449,0.0040787985457223,0.0529046057536031,TRUE,"S02",165,FALSE
"mean_upper",1,NA,304.050045823278,503.710489999738,0.0040725576986756,0.0575451450726499,TRUE,"S02",165,FALSE
"mean_midpoint",1,NA,331.132405485172,768.152841953921,0.00286531330940028,0.054871577932859,TRUE,"S02",165,FALSE
"mean_width",1,NA,326.802453516745,775.90150971804,0.00580741929945378,0.0553763971853931,TRUE,"S02",165,FALSE
"observed_loss",1,NA,1388.61595256647,2070.31701870897,0.0394448377565757,0.027178144426575,TRUE,"S02",165,FALSE
"training_t0001_lower",1,NA,1131.48065553991,2195.94263322343,0.00746582352661006,0.0296106221923644,TRUE,"S02",165,FALSE
"training_t0001_upper",1,NA,1059.81955311895,2108.36112463032,0.00833689000287903,0.0309499680139857,TRUE,"S02",165,FALSE
"training_t0001_midpoint",1,NA,1061.522660007,2316.06174335475,0.00571842637298326,0.0307421052289483,TRUE,"S02",165,FALSE
"training_t0001_width",1,NA,1118.45301696619,2183.70005122476,0.0109674124105519,0.0299767885441791,TRUE,"S02",165,FALSE
"training_t0050_lower",1,NA,549.358210638934,1077.3018044399,0.00594809771371389,0.0426559044281319,TRUE,"S02",165,FALSE
"training_t0050_upper",1,NA,393.266320413258,779.128164477496,0.0063941281210684,0.0502580980964202,TRUE,"S02",165,FALSE
"training_t0050_midpoint",1,NA,515.439068274118,1138.53429253879,0.00413512533017499,0.0440554177761074,TRUE,"S02",165,FALSE
"training_t0050_width",1,NA,423.834286494578,1084.48538545621,0.00921946903572417,0.0485762343182471,TRUE,"S02",165,FALSE
"training_t0100_lower",1,NA,719.649622460759,956.537610751702,0.00372213877107439,0.0379337382246722,TRUE,"S02",165,FALSE
"training_t0100_upper",1,NA,525.46099020079,848.75389989391,0.00461709357379753,0.0444947057524812,TRUE,"S02",165,FALSE
"training_t0100_midpoint",1,NA,681.846280585721,1314.5679483478,0.00270913665829332,0.0383537941247269,TRUE,"S02",165,FALSE
"training_t0100_width",1,NA,511.157995484382,1032.28863835092,0.00643307563653019,0.0445692278395756,TRUE,"S02",165,FALSE
"training_t0150_lower",1,NA,532.030769951637,1279.15626125421,0.00566625985101917,0.0432965825976753,TRUE,"S02",165,FALSE
"training_t0150_upper",1,NA,608.495887881802,1049.52482866831,0.00424448132365003,0.0410404849350669,TRUE,"S02",165,FALSE
"training_t0150_midpoint",1,NA,539.750223098932,1247.09900783177,0.00358722616157964,0.0430537054102068,TRUE,"S02",165,FALSE
"training_t0150_width",1,NA,594.293851208237,1197.8696575844,0.00687177503977821,0.0411566659132376,TRUE,"S02",165,FALSE
"training_t0200_lower",1,NA,694.79715290933,1432.16182867233,0.00833668659524811,0.0379592217188062,TRUE,"S02",165,FALSE
"training_t0200_upper",1,NA,1374.19226080497,2140.57091914268,0.00297274732061125,0.0270688954380417,TRUE,"S02",165,FALSE
"training_t0200_midpoint",1,NA,766.737082789542,1556.85994240796,0.00443350333504882,0.0361300578943374,TRUE,"S02",165,FALSE
"training_t0200_width",1,NA,777.333502248577,1659.10612237131,0.00883502798951816,0.0359614897457633,TRUE,"S02",165,FALSE
"terminal_lower",1,NA,694.79715290933,1432.16182867233,0.00833668659524811,0.0379592217188062,TRUE,"S02",165,FALSE
"terminal_upper",1,NA,1374.19226080497,2140.57091914268,0.00297274732061125,0.0270688954380417,TRUE,"S02",165,FALSE
"terminal_midpoint",1,NA,766.737082789542,1556.85994240796,0.00443350333504882,0.0361300578943374,TRUE,"S02",165,FALSE
"terminal_width",1,NA,777.333502248577,1659.10612237131,0.00883502798951816,0.0359614897457633,TRUE,"S02",165,FALSE
"future_h01_lower",1,NA,506.817978454611,1284.73133135793,0.00710882110511613,0.0443431008008068,TRUE,"S02",165,FALSE
"future_h01_upper",1,NA,822.430973086813,1381.60409801445,0.00343040296648129,0.0357369947377262,TRUE,"S02",165,FALSE
"future_h01_midpoint",1,NA,574.032227919692,1283.62807860565,0.00398954320175481,0.041788942540257,TRUE,"S02",165,FALSE
"future_h01_width",1,NA,554.294427150419,1502.04913827822,0.00776210687571129,0.0424900404889064,TRUE,"S02",165,FALSE
"future_h05_lower",1,NA,506.817978454611,1284.73133135793,0.00710882110511613,0.0443431008008068,TRUE,"S02",165,FALSE
"future_h05_upper",1,NA,822.430973086813,1381.60409801445,0.00343040296648129,0.0357369947377262,TRUE,"S02",165,FALSE
"future_h05_midpoint",1,NA,574.032227919692,1283.62807860565,0.00398954320175481,0.041788942540257,TRUE,"S02",165,FALSE
"future_h05_width",1,NA,554.294427150419,1502.04913827822,0.00776210687571129,0.0424900404889064,TRUE,"S02",165,FALSE
"future_h10_lower",1,NA,506.817978454611,1284.73133135793,0.00710882110511613,0.0443431008008068,TRUE,"S02",165,FALSE
"future_h10_upper",1,NA,822.430973086813,1381.60409801445,0.00343040296648129,0.0357369947377262,TRUE,"S02",165,FALSE
"future_h10_midpoint",1,NA,574.032227919692,1283.62807860565,0.00398954320175481,0.041788942540257,TRUE,"S02",165,FALSE
"future_h10_width",1,NA,554.294427150419,1502.04913827822,0.00776210687571129,0.0424900404889064,TRUE,"S02",165,FALSE
"future_h20_lower",1,NA,506.817978454611,1284.73133135793,0.00710882110511613,0.0443431008008068,TRUE,"S02",165,FALSE
"future_h20_upper",1,NA,822.430973086813,1381.60409801445,0.00343040296648129,0.0357369947377262,TRUE,"S02",165,FALSE
"future_h20_midpoint",1,NA,574.032227919692,1283.62807860565,0.00398954320175481,0.041788942540257,TRUE,"S02",165,FALSE
"future_h20_width",1,NA,554.294427150419,1502.04913827822,0.00776210687571129,0.0424900404889064,TRUE,"S02",165,FALSE
"mean_lower",4,1.00125881452713,2314.46964181898,4672.46538348015,0.00125331306758763,0.0207946383189604,TRUE,"S01",50,TRUE
"mean_upper",4,1.00035124287291,2766.45666368294,4413.83352729223,0.00131789663823081,0.0190799259459034,TRUE,"S01",50,TRUE
"mean_midpoint",4,1.00115340850734,2595.55408761845,4740.88525473386,0.000902726491537201,0.019637597073483,TRUE,"S01",50,TRUE
"mean_width",4,1.00050189167857,2533.89891382153,4755.60772281892,0.00181580956208137,0.0198660142766497,TRUE,"S01",50,TRUE
"observed_loss",4,1.0000758502728,4956.6106386914,7001.24555492565,0.0309695838577507,0.0144613908051475,TRUE,"S01",50,TRUE
"training_t0001_lower",4,0.999948324102971,7548.41038241208,11934.4550536733,0.00502425299600879,0.011516654838637,TRUE,"S01",50,TRUE
"training_t0001_upper",4,1.00017648614443,9220.00565453893,11722.4582134812,0.00308438013131586,0.0104294457411842,TRUE,"S01",50,TRUE
"training_t0001_midpoint",4,1.00007165554031,7889.78922337388,11576.9296661611,0.00297406768360986,0.011275196409563,TRUE,"S01",50,TRUE
"training_t0001_width",4,0.999970917527048,8248.48972484225,12749.4059453629,0.00578085620775639,0.0109785108438948,TRUE,"S01",50,TRUE
"training_t0050_lower",4,1.00030533398808,3643.0334236701,7488.43457698092,0.00152677194691999,0.0166562351962369,TRUE,"S01",50,TRUE
"training_t0050_upper",4,1.00008211969076,4300.09306674115,7824.07178389096,0.00188065885522501,0.0152796584166019,TRUE,"S01",50,TRUE
"training_t0050_midpoint",4,1.00018412473237,4238.41134911835,7985.75918747725,0.00117967917556268,0.0153645728527089,TRUE,"S01",50,TRUE
"training_t0050_width",4,1.00003913962343,3836.02448143155,7630.59884641924,0.00247516271565284,0.0161383159535494,TRUE,"S01",50,TRUE
"training_t0100_lower",4,1.00012062941927,5066.04553158864,7741.46969948237,0.00171863393392753,0.0141218755368278,TRUE,"S01",50,TRUE
"training_t0100_upper",4,1.00030787819755,4275.67131098306,6435.99101198053,0.00223801021840008,0.0154559192676732,TRUE,"S01",50,TRUE
"training_t0100_midpoint",4,1.00048738795637,4510.61467919768,7843.91786831345,0.0014255617989966,0.0149061818080884,TRUE,"S01",50,TRUE
"training_t0100_width",4,1.00008161883437,4523.2976419033,7595.53288487088,0.00279232596222167,0.0149318017505972,TRUE,"S01",50,TRUE
"training_t0150_lower",4,1.0007910203937,3720.74580853098,7708.10824202093,0.00175335562012998,0.0163898738156181,TRUE,"S01",50,TRUE
"training_t0150_upper",4,0.999966506385032,4087.82488842519,5931.41783875461,0.00214697167460241,0.0157628908611791,TRUE,"S01",50,TRUE
"training_t0150_midpoint",4,1.00038453969046,3884.34918301129,6560.65074127374,0.00140013065033031,0.0160931534236822,TRUE,"S01",50,TRUE
"training_t0150_width",4,1.0002868749839,3951.51091077318,7240.6337134215,0.00274522494633485,0.0159254972971743,TRUE,"S01",50,TRUE
"training_t0200_lower",4,1.00001968331813,3584.15934225781,5819.6881135939,0.00543567078937174,0.0168699965599769,TRUE,"S01",50,TRUE
"training_t0200_upper",4,1.00008552858382,6236.07402850306,7617.79682735446,0.00292941825138308,0.013109814572772,TRUE,"S01",50,TRUE
"training_t0200_midpoint",4,1.00015119955643,4123.69868929231,7656.96523833559,0.0030525690671283,0.0156753948569139,TRUE,"S01",50,TRUE
"training_t0200_width",4,0.999943987999261,3990.91577237998,6454.00578734927,0.00625904171661363,0.0158565718644301,TRUE,"S01",50,TRUE
"terminal_lower",4,1.00001968331813,3584.15934225781,5819.6881135939,0.00543567078937174,0.0168699965599769,TRUE,"S01",50,TRUE
"terminal_upper",4,1.00008552858382,6236.07402850306,7617.79682735446,0.00292941825138308,0.013109814572772,TRUE,"S01",50,TRUE
"terminal_midpoint",4,1.00015119955643,4123.69868929231,7656.96523833559,0.0030525690671283,0.0156753948569139,TRUE,"S01",50,TRUE
"terminal_width",4,0.999943987999261,3990.91577237998,6454.00578734927,0.00625904171661363,0.0158565718644301,TRUE,"S01",50,TRUE
"future_h01_lower",4,1.00044701662263,4280.55725366326,8431.67528013979,0.0022158528567966,0.0152654560157201,TRUE,"S01",50,TRUE
"future_h01_upper",4,0.999958286858175,6372.89652240563,8183.9006181101,0.0017837059935968,0.012624606027676,TRUE,"S01",50,TRUE
"future_h01_midpoint",4,1.00023518389316,5109.19053683699,8598.0872525428,0.00142890996050547,0.014004994400281,TRUE,"S01",50,TRUE
"future_h01_width",4,1.00016199699001,5033.8718577629,8268.45212253725,0.00283400786811145,0.0140953438753284,TRUE,"S01",50,TRUE
"future_h05_lower",4,1.00044701662263,4280.55725366326,8431.67528013979,0.0022158528567966,0.0152654560157201,TRUE,"S01",50,TRUE
"future_h05_upper",4,0.999958286858175,6372.89652240563,8183.9006181101,0.0017837059935968,0.012624606027676,TRUE,"S01",50,TRUE
"future_h05_midpoint",4,1.00023518389316,5109.19053683699,8598.0872525428,0.00142890996050547,0.014004994400281,TRUE,"S01",50,TRUE
"future_h05_width",4,1.00016199699001,5033.8718577629,8268.45212253725,0.00283400786811145,0.0140953438753284,TRUE,"S01",50,TRUE
"future_h10_lower",4,1.00044701662263,4280.55725366326,8431.67528013979,0.0022158528567966,0.0152654560157201,TRUE,"S01",50,TRUE
"future_h10_upper",4,0.999958286858175,6372.89652240563,8183.9006181101,0.0017837059935968,0.012624606027676,TRUE,"S01",50,TRUE
"future_h10_midpoint",4,1.00023518389316,5109.19053683699,8598.0872525428,0.00142890996050547,0.014004994400281,TRUE,"S01",50,TRUE
"future_h10_width",4,1.00016199699001,5033.8718577629,8268.45212253725,0.00283400786811145,0.0140953438753284,TRUE,"S01",50,TRUE
"future_h20_lower",4,1.00044701662263,4280.55725366326,8431.67528013979,0.0022158528567966,0.0152654560157201,TRUE,"S01",50,TRUE
"future_h20_upper",4,0.999958286858175,6372.89652240563,8183.9006181101,0.0017837059935968,0.012624606027676,TRUE,"S01",50,TRUE
"future_h20_midpoint",4,1.00023518389316,5109.19053683699,8598.0872525428,0.00142890996050547,0.014004994400281,TRUE,"S01",50,TRUE
"future_h20_width",4,1.00016199699001,5033.8718577629,8268.45212253725,0.00283400786811145,0.0140953438753284,TRUE,"S01",50,TRUE
"mean_lower",1,NA,530.594033270073,920.604254723145,0.00326427723735359,0.0436137738289789,TRUE,"S01",151,FALSE
"mean_upper",1,NA,611.603068858342,1201.45943547972,0.00285345943847836,0.0403788241445472,TRUE,"S01",151,FALSE
"mean_midpoint",1,NA,589.486180280916,1217.85213212148,0.00213053619953854,0.0412799086061824,TRUE,"S01",151,FALSE
"mean_width",1,NA,623.271444482737,961.081440748541,0.0041238908218457,0.0401760075303022,TRUE,"S01",151,FALSE
"observed_loss",1,NA,1255.79536410467,2134.98082439646,0.0670499792802872,0.0283164284704175,TRUE,"S01",151,FALSE
"training_t0001_lower",1,NA,1871.8575249111,3062.06304605474,0.00510720214085592,0.0229779899390144,TRUE,"S01",151,FALSE
"training_t0001_upper",1,NA,2023.06662766162,2485.65768031521,0.00877176278402078,0.022367719124385,TRUE,"S01",151,FALSE
"training_t0001_midpoint",1,NA,2141.42367563313,2694.75104770042,0.00486638448246202,0.0216226082411542,TRUE,"S01",151,FALSE
"training_t0001_width",1,NA,1809.03307679192,2927.0845681294,0.0106562815597137,0.0236063103630782,TRUE,"S01",151,FALSE
"training_t0050_lower",1,NA,924.080116066406,1577.31265233609,0.0039151001342151,0.0329910520536958,TRUE,"S01",151,FALSE
"training_t0050_upper",1,NA,800.157201641657,1674.88360901997,0.00411018746449869,0.0352199118658017,TRUE,"S01",151,FALSE
"training_t0050_midpoint",1,NA,895.821933527258,1750.14366749457,0.00274696050559131,0.033433355922598,TRUE,"S01",151,FALSE
"training_t0050_width",1,NA,841.515881442359,1591.84691437673,0.00580700358729881,0.0344573626537415,TRUE,"S01",151,FALSE
"training_t0100_lower",1,NA,1292.74122247536,2029.86820205219,0.00506736673596377,0.027870242715311,TRUE,"S01",151,FALSE
"training_t0100_upper",1,NA,868.553553316784,1636.59224453431,0.00748143262741325,0.0339233766476426,TRUE,"S01",151,FALSE
"training_t0100_midpoint",1,NA,1009.94913072517,1745.08087232681,0.00448070209267848,0.0314673922526128,TRUE,"S01",151,FALSE
"training_t0100_width",1,NA,992.381789077001,1998.51821610036,0.00910994266027238,0.0317571522936149,TRUE,"S01",151,FALSE
"training_t0150_lower",1,NA,766.365021598928,1609.7681058514,0.00587247907143287,0.0359774272022391,TRUE,"S01",151,FALSE
"training_t0150_upper",1,NA,1206.30535841095,2027.002484062,0.00376365369427202,0.0288050435460947,TRUE,"S01",151,FALSE
"training_t0150_midpoint",1,NA,972.398138548353,1945.3876960503,0.00332811637502927,0.0320736178577074,TRUE,"S01",151,FALSE
"training_t0150_width",1,NA,923.366657145361,1722.6404065669,0.00692887120198032,0.0328973633306035,TRUE,"S01",151,FALSE
"training_t0200_lower",1,NA,1026.02051846012,2036.80137466674,0.00554387647964779,0.0312802035399308,TRUE,"S01",151,FALSE
"training_t0200_upper",1,NA,905.17123996813,2040.2066122908,0.00508345800181612,0.0333371636201746,TRUE,"S01",151,FALSE
"training_t0200_midpoint",1,NA,989.819739305673,1942.05961672439,0.00377414502786318,0.0317893347884253,TRUE,"S01",151,FALSE
"training_t0200_width",1,NA,938.214146272565,1598.61833881604,0.00752363467992981,0.0326973059670146,TRUE,"S01",151,FALSE
"terminal_lower",1,NA,1026.02051846012,2036.80137466674,0.00554387647964779,0.0312802035399308,TRUE,"S01",151,FALSE
"terminal_upper",1,NA,905.17123996813,2040.2066122908,0.00508345800181612,0.0333371636201746,TRUE,"S01",151,FALSE
"terminal_midpoint",1,NA,989.819739305673,1942.05961672439,0.00377414502786318,0.0317893347884253,TRUE,"S01",151,FALSE
"terminal_width",1,NA,938.214146272565,1598.61833881604,0.00752363467992981,0.0326973059670146,TRUE,"S01",151,FALSE
"future_h01_lower",1,NA,1030.98794319969,2049.51179502634,0.00559657638138264,0.0312084780262891,TRUE,"S01",151,FALSE
"future_h01_upper",1,NA,920.379965954385,2167.97523494241,0.00504418757916565,0.0330800407750518,TRUE,"S01",151,FALSE
"future_h01_midpoint",1,NA,998.491175108505,1984.5931861109,0.00377825298798464,0.0316485204080255,TRUE,"S01",151,FALSE
"future_h01_width",1,NA,956.64521000612,1591.92217781768,0.00749685241031573,0.0323174446403625,TRUE,"S01",151,FALSE
"future_h05_lower",1,NA,1030.98794319969,2049.51179502634,0.00559657638138264,0.0312084780262891,TRUE,"S01",151,FALSE
"future_h05_upper",1,NA,920.379965954385,2167.97523494241,0.00504418757916565,0.0330800407750518,TRUE,"S01",151,FALSE
"future_h05_midpoint",1,NA,998.491175108505,1984.5931861109,0.00377825298798464,0.0316485204080255,TRUE,"S01",151,FALSE
"future_h05_width",1,NA,956.64521000612,1591.92217781768,0.00749685241031573,0.0323174446403625,TRUE,"S01",151,FALSE
"future_h10_lower",1,NA,1030.98794319969,2049.51179502634,0.00559657638138264,0.0312084780262891,TRUE,"S01",151,FALSE
"future_h10_upper",1,NA,920.379965954385,2167.97523494241,0.00504418757916565,0.0330800407750518,TRUE,"S01",151,FALSE
"future_h10_midpoint",1,NA,998.491175108505,1984.5931861109,0.00377825298798464,0.0316485204080255,TRUE,"S01",151,FALSE
"future_h10_width",1,NA,956.64521000612,1591.92217781768,0.00749685241031573,0.0323174446403625,TRUE,"S01",151,FALSE
"future_h20_lower",1,NA,1030.98794319969,2049.51179502634,0.00559657638138264,0.0312084780262891,TRUE,"S01",151,FALSE
"future_h20_upper",1,NA,920.379965954385,2167.97523494241,0.00504418757916565,0.0330800407750518,TRUE,"S01",151,FALSE
"future_h20_midpoint",1,NA,998.491175108505,1984.5931861109,0.00377825298798464,0.0316485204080255,TRUE,"S01",151,FALSE
"future_h20_width",1,NA,956.64521000612,1591.92217781768,0.00749685241031573,0.0323174446403625,TRUE,"S01",151,FALSE
"mean_lower",4,1.00062107820109,1612.35578702349,3071.96981197852,0.00180111673058753,0.0249407559370711,TRUE,"S02",178,TRUE
"mean_upper",4,1.00062320526577,1483.19486986073,2960.54370281715,0.00174141894551278,0.0259559207247554,TRUE,"S02",178,TRUE
"mean_midpoint",4,1.00036198670569,1593.92740004002,3030.3759254953,0.00123050915532546,0.0250570903548844,TRUE,"S02",178,TRUE
"mean_width",4,1.00019681841154,1439.32307170197,3062.89552600945,0.00261357806390558,0.0264196182137942,TRUE,"S02",178,TRUE
"observed_loss",4,0.999954948943127,5088.64677057474,8961.28713859497,0.0206619905290708,0.0140570289642678,TRUE,"S02",178,TRUE
"training_t0001_lower",4,1.00005965172488,8206.73931172715,11569.2142792183,0.00291987631291308,0.0110952917247231,TRUE,"S02",178,TRUE
"training_t0001_upper",4,1.00018817444096,4691.89132019462,9098.43203258213,0.00427369598760135,0.0146019661509146,TRUE,"S02",178,TRUE
"training_t0001_midpoint",4,1.00029830093997,6207.33404061392,10685.4390245715,0.00249653498875739,0.0126904884106937,TRUE,"S02",178,TRUE
"training_t0001_width",4,0.999950467339927,5792.58605085468,10023.1642355105,0.00518947394350505,0.0131800043735476,TRUE,"S02",178,TRUE
"training_t0050_lower",4,1.00106836445278,3020.94328351513,5703.68097372549,0.00204654443996365,0.0182466038598938,TRUE,"S02",178,TRUE
"training_t0050_upper",4,1.00012536027914,2950.24470141864,4977.23208016895,0.00213924492088492,0.0184641939434451,TRUE,"S02",178,TRUE
"training_t0050_midpoint",4,1.00097980227912,2910.4454655998,5281.54000581162,0.00149474863266439,0.0185768135662437,TRUE,"S02",178,TRUE
"training_t0050_width",4,1.00009983746119,3030.85003885483,5412.11751171703,0.00293294752023651,0.018151269010913,TRUE,"S02",178,TRUE
"training_t0100_lower",4,0.999972057185112,2892.22654258287,5963.79010812127,0.00284274403515329,0.0185847417841198,TRUE,"S02",178,TRUE
"training_t0100_upper",4,0.999942963983443,2370.17282970938,5518.63664853689,0.00219582643324193,0.0205915634563276,TRUE,"S02",178,TRUE
"training_t0100_midpoint",4,0.999961903615249,2682.03560136132,6116.01117982807,0.00180465354897033,0.0193129423361055,TRUE,"S02",178,TRUE
"training_t0100_width",4,0.999958722658002,2827.92557986811,6254.2265964884,0.00349933056280828,0.0188095090138578,TRUE,"S02",178,TRUE
"training_t0150_lower",4,1.00266080019369,1706.73212244558,3692.92147514894,0.00508200289306664,0.0242168707637835,TRUE,"S02",178,TRUE
"training_t0150_upper",4,1.00009117967437,2070.54156611103,4441.30387580895,0.0033472632696188,0.0220218871027744,TRUE,"S02",178,TRUE
"training_t0150_midpoint",4,1.00096682830084,1788.01616936159,3820.5886469713,0.00306923462525701,0.0236293981581868,TRUE,"S02",178,TRUE
"training_t0150_width",4,1.00227392331972,1810.79175453311,4073.64393383434,0.00608089675430849,0.0235281682595891,TRUE,"S02",178,TRUE
"training_t0200_lower",4,1.00104665092575,2168.10576333227,3536.12531719744,0.00355816347366329,0.0218314575564608,TRUE,"S02",178,TRUE
"training_t0200_upper",4,1.0006449360279,2944.91637474539,6413.41428216017,0.00275325186985562,0.0185823588014196,TRUE,"S02",178,TRUE
"training_t0200_midpoint",4,0.999975486660099,2378.71957472551,4274.1580106628,0.00225466881852943,0.0205287115756265,TRUE,"S02",178,TRUE
"training_t0200_width",4,1.00161754611898,2366.98359459824,5250.24133874517,0.00455469308539779,0.0206218836724847,TRUE,"S02",178,TRUE
"terminal_lower",4,1.00104665092575,2168.10576333227,3536.12531719744,0.00355816347366329,0.0218314575564608,TRUE,"S02",178,TRUE
"terminal_upper",4,1.0006449360279,2944.91637474539,6413.41428216017,0.00275325186985562,0.0185823588014196,TRUE,"S02",178,TRUE
"terminal_midpoint",4,0.999975486660099,2378.71957472551,4274.1580106628,0.00225466881852943,0.0205287115756265,TRUE,"S02",178,TRUE
"terminal_width",4,1.00161754611898,2366.98359459824,5250.24133874517,0.00455469308539779,0.0206218836724847,TRUE,"S02",178,TRUE
"future_h01_lower",4,1.00041114030153,2803.40507626722,4452.72969707071,0.00244545111798451,0.0193571200937743,TRUE,"S02",178,TRUE
"future_h01_upper",4,1.00066479537829,3315.65567342274,7393.48273656909,0.00237977638718211,0.0174440286590442,TRUE,"S02",178,TRUE
"future_h01_midpoint",4,0.999958480869089,2965.88568137806,5416.30357066692,0.00169868297654083,0.0183849233490713,TRUE,"S02",178,TRUE
"future_h01_width",4,1.00059942067694,3005.82838439199,6104.33618354743,0.00342380351752462,0.0183022098219532,TRUE,"S02",178,TRUE
"future_h05_lower",4,1.00041114030153,2803.40507626722,4452.72969707071,0.00244545111798451,0.0193571200937743,TRUE,"S02",178,TRUE
"future_h05_upper",4,1.00066479537829,3315.65567342274,7393.48273656909,0.00237977638718211,0.0174440286590442,TRUE,"S02",178,TRUE
"future_h05_midpoint",4,0.999958480869089,2965.88568137806,5416.30357066692,0.00169868297654083,0.0183849233490713,TRUE,"S02",178,TRUE
"future_h05_width",4,1.00059942067694,3005.82838439199,6104.33618354743,0.00342380351752462,0.0183022098219532,TRUE,"S02",178,TRUE
"future_h10_lower",4,1.00041114030153,2803.40507626722,4452.72969707071,0.00244545111798451,0.0193571200937743,TRUE,"S02",178,TRUE
"future_h10_upper",4,1.00066479537829,3315.65567342274,7393.48273656909,0.00237977638718211,0.0174440286590442,TRUE,"S02",178,TRUE
"future_h10_midpoint",4,0.999958480869089,2965.88568137806,5416.30357066692,0.00169868297654083,0.0183849233490713,TRUE,"S02",178,TRUE
"future_h10_width",4,1.00059942067694,3005.82838439199,6104.33618354743,0.00342380351752462,0.0183022098219532,TRUE,"S02",178,TRUE
"future_h20_lower",4,1.00041114030153,2803.40507626722,4452.72969707071,0.00244545111798451,0.0193571200937743,TRUE,"S02",178,TRUE
"future_h20_upper",4,1.00066479537829,3315.65567342274,7393.48273656909,0.00237977638718211,0.0174440286590442,TRUE,"S02",178,TRUE
"future_h20_midpoint",4,0.999958480869089,2965.88568137806,5416.30357066692,0.00169868297654083,0.0183849233490713,TRUE,"S02",178,TRUE
"future_h20_width",4,1.00059942067694,3005.82838439199,6104.33618354743,0.00342380351752462,0.0183022098219532,TRUE,"S02",178,TRUE
"mean_lower",1,NA,590.301932330567,1012.53931731189,0.0026957058393123,0.0412207581110667,TRUE,"S01",71,FALSE
"mean_upper",1,NA,504.194758061628,842.954242962515,0.00323153678387749,0.0445109833871847,TRUE,"S01",71,FALSE
"mean_midpoint",1,NA,545.811950148102,1064.93534601267,0.00207292720365672,0.0428351913901389,TRUE,"S01",71,FALSE
"mean_width",1,NA,556.595385971805,899.48914253773,0.00421297293130144,0.0427153189187937,TRUE,"S01",71,FALSE
"observed_loss",1,NA,1553.60793016738,2460.27235614965,0.0640295016245793,0.0255990085613764,TRUE,"S01",71,FALSE
"training_t0001_lower",1,NA,1637.56283400954,2821.16733706999,0.0106690108434795,0.0246723261563482,TRUE,"S01",71,FALSE
"training_t0001_upper",1,NA,1356.51936774464,2431.20121007253,0.0105783278070686,0.0271154008346157,TRUE,"S01",71,FALSE
"training_t0001_midpoint",1,NA,1685.0388624121,2654.58962743304,0.00699248379414091,0.0243863566280925,TRUE,"S01",71,FALSE
"training_t0001_width",1,NA,1342.04036045624,2674.83768463039,0.0161027529269043,0.0272378551188455,TRUE,"S01",71,FALSE
"training_t0050_lower",1,NA,842.914959360278,1581.69818279955,0.00531581616682416,0.0345826917615636,TRUE,"S01",71,FALSE
"training_t0050_upper",1,NA,620.367879227734,1134.51131422348,0.00742977572182546,0.0405704503692495,TRUE,"S01",71,FALSE
"training_t0050_midpoint",1,NA,648.31501569955,1410.89491136719,0.00472530932663898,0.0394412532593626,TRUE,"S01",71,FALSE
"training_t0050_width",1,NA,678.864529877963,1272.67873717023,0.00917853834158657,0.0384728590421186,TRUE,"S01",71,FALSE
"training_t0100_lower",1,NA,834.357704920905,1558.58320148963,0.00555459471981606,0.0346973733699387,TRUE,"S01",71,FALSE
"training_t0100_upper",1,NA,1404.96982354382,2463.13747699263,0.00317164356801471,0.0268182135681232,TRUE,"S01",71,FALSE
"training_t0100_midpoint",1,NA,1121.58134374818,2121.37210669636,0.00292447554663479,0.0298886459394905,TRUE,"S01",71,FALSE
"training_t0100_width",1,NA,893.978096839534,1736.64480683814,0.00678909602522829,0.0335561788531875,TRUE,"S01",71,FALSE
"training_t0150_lower",1,NA,1112.68812567217,2298.56845110978,0.00584444215206302,0.0301795627579969,TRUE,"S01",71,FALSE
"training_t0150_upper",1,NA,1510.03324813781,2305.12919467428,0.00477881753371825,0.0258414279618492,TRUE,"S01",71,FALSE
"training_t0150_midpoint",1,NA,1355.97543120143,2223.80251720695,0.00367338976889879,0.0271820099339613,TRUE,"S01",71,FALSE
"training_t0150_width",1,NA,989.929537057696,2350.34796152651,0.00842681131553853,0.031770947679807,TRUE,"S01",71,FALSE
"training_t0200_lower",1,NA,1374.56615356201,2119.90185073451,0.00775515277365616,0.0271848660069177,TRUE,"S01",71,FALSE
"training_t0200_upper",1,NA,1258.17767012498,1964.55894359223,0.00874888845524908,0.028213162200602,TRUE,"S01",71,FALSE
"training_t0200_midpoint",1,NA,1208.68677225939,2019.11607385196,0.00617431856747117,0.0288390414818074,TRUE,"S01",71,FALSE
"training_t0200_width",1,NA,1470.91748071137,2558.48882153373,0.010785973829066,0.0260270789997695,TRUE,"S01",71,FALSE
"terminal_lower",1,NA,1374.56615356201,2119.90185073451,0.00775515277365616,0.0271848660069177,TRUE,"S01",71,FALSE
"terminal_upper",1,NA,1258.17767012498,1964.55894359223,0.00874888845524908,0.028213162200602,TRUE,"S01",71,FALSE
"terminal_midpoint",1,NA,1208.68677225939,2019.11607385196,0.00617431856747117,0.0288390414818074,TRUE,"S01",71,FALSE
"terminal_width",1,NA,1470.91748071137,2558.48882153373,0.010785973829066,0.0260270789997695,TRUE,"S01",71,FALSE
"future_h01_lower",1,NA,1423.16822508402,2657.00330021667,0.00300911475293932,0.0264287321965434,TRUE,"S01",71,FALSE
"future_h01_upper",1,NA,1081.08939953349,2043.223704234,0.0039509212014115,0.0304326714394657,TRUE,"S01",71,FALSE
"future_h01_midpoint",1,NA,1186.88287360895,2538.9156533954,0.00250010279862896,0.0290060956750309,TRUE,"S01",71,FALSE
"future_h01_width",1,NA,1262.08510771435,2147.92973391071,0.00487590450591954,0.0281887796154891,TRUE,"S01",71,FALSE
"future_h05_lower",1,NA,1423.16822508402,2657.00330021667,0.00300911475293932,0.0264287321965434,TRUE,"S01",71,FALSE
"future_h05_upper",1,NA,1081.08939953349,2043.223704234,0.0039509212014115,0.0304326714394657,TRUE,"S01",71,FALSE
"future_h05_midpoint",1,NA,1186.88287360895,2538.9156533954,0.00250010279862896,0.0290060956750309,TRUE,"S01",71,FALSE
"future_h05_width",1,NA,1262.08510771435,2147.92973391071,0.00487590450591954,0.0281887796154891,TRUE,"S01",71,FALSE
"future_h10_lower",1,NA,1423.16822508402,2657.00330021667,0.00300911475293932,0.0264287321965434,TRUE,"S01",71,FALSE
"future_h10_upper",1,NA,1081.08939953349,2043.223704234,0.0039509212014115,0.0304326714394657,TRUE,"S01",71,FALSE
"future_h10_midpoint",1,NA,1186.88287360895,2538.9156533954,0.00250010279862896,0.0290060956750309,TRUE,"S01",71,FALSE
"future_h10_width",1,NA,1262.08510771435,2147.92973391071,0.00487590450591954,0.0281887796154891,TRUE,"S01",71,FALSE
"future_h20_lower",1,NA,1423.16822508402,2657.00330021667,0.00300911475293932,0.0264287321965434,TRUE,"S01",71,FALSE
"future_h20_upper",1,NA,1081.08939953349,2043.223704234,0.0039509212014115,0.0304326714394657,TRUE,"S01",71,FALSE
"future_h20_midpoint",1,NA,1186.88287360895,2538.9156533954,0.00250010279862896,0.0290060956750309,TRUE,"S01",71,FALSE
"future_h20_width",1,NA,1262.08510771435,2147.92973391071,0.00487590450591954,0.0281887796154891,TRUE,"S01",71,FALSE
"mean_lower",1,NA,578.557004000849,1136.29097232793,0.00267208490199508,0.0417007256299694,TRUE,"S01",169,FALSE
"mean_upper",1,NA,350.380354887205,773.240304379564,0.00428440887453428,0.0536170485068612,TRUE,"S01",169,FALSE
"mean_midpoint",1,NA,337.852284472929,908.339662419679,0.00282743182987598,0.0544379808073529,TRUE,"S01",169,FALSE
"mean_width",1,NA,442.742360780867,1010.54341246673,0.00478411451714123,0.0473886823756328,TRUE,"S01",169,FALSE
"observed_loss",1,NA,830.34373151251,1873.49310478617,0.0719044873494026,0.0349833664965144,TRUE,"S01",169,FALSE
"training_t0001_lower",1,NA,1954.92825861529,3324.09840923033,0.00605755454720039,0.022652947709029,TRUE,"S01",169,FALSE
"training_t0001_upper",1,NA,1792.35580393375,2918.44840061174,0.00739768608608414,0.0237020956919992,TRUE,"S01",169,FALSE
"training_t0001_midpoint",1,NA,1827.05114279543,3094.9612398906,0.00484162744246251,0.0233163867814233,TRUE,"S01",169,FALSE
"training_t0001_width",1,NA,1933.69312191571,2824.76529512897,0.00925201781671532,0.0227516133376951,TRUE,"S01",169,FALSE
"training_t0050_lower",1,NA,1030.68063481085,1772.45051492995,0.0056257845871671,0.0315080749570443,TRUE,"S01",169,FALSE
"training_t0050_upper",1,NA,1284.95633032049,2390.93370402176,0.00496021939570937,0.0278995916590323,TRUE,"S01",169,FALSE
"training_t0050_midpoint",1,NA,1140.44959076936,2176.90110390751,0.00370828681040846,0.0295961991421193,TRUE,"S01",169,FALSE
"training_t0050_width",1,NA,1156.85062847364,1763.75715500858,0.00748819105410572,0.0295577852396464,TRUE,"S01",169,FALSE
"training_t0100_lower",1,NA,1111.46797880471,2056.12893713326,0.00374181798681089,0.0299979132968288,TRUE,"S01",169,FALSE
"training_t0100_upper",1,NA,571.641949336728,1443.66164225397,0.00621569435498623,0.0425486190070771,TRUE,"S01",169,FALSE
"training_t0100_midpoint",1,NA,570.879308147051,1790.3086927692,0.00403349737118707,0.0419521060060341,TRUE,"S01",169,FALSE
"training_t0100_width",1,NA,829.834700822418,1858.48832865861,0.0066837955739901,0.0348304246477236,TRUE,"S01",169,FALSE
"training_t0150_lower",1,NA,843.62869156424,1943.86290670492,0.00388124303683714,0.0344124739436543,TRUE,"S01",169,FALSE
"training_t0150_upper",1,NA,383.38673037353,1112.95179014268,0.00732333861580311,0.0513517781190381,TRUE,"S01",169,FALSE
"training_t0150_midpoint",1,NA,398.353034746089,980.296439744169,0.00460274787435646,0.0500254363767227,TRUE,"S01",169,FALSE
"training_t0150_width",1,NA,564.485011945104,1564.18155968914,0.00758196796985633,0.042216457418205,TRUE,"S01",169,FALSE
"training_t0200_lower",1,NA,967.877053697614,1761.80490961432,0.00499510091277964,0.0321532735337833,TRUE,"S01",169,FALSE
"training_t0200_upper",1,NA,910.836549954281,1848.17149570125,0.00491197175634493,0.0331425958994249,TRUE,"S01",169,FALSE
"training_t0200_midpoint",1,NA,923.690237889819,1790.5886405287,0.00353637641077287,0.0328992255308174,TRUE,"S01",169,FALSE
"training_t0200_width",1,NA,982.158840208419,1747.97893952391,0.00683772392142128,0.0318871783157227,TRUE,"S01",169,FALSE
"terminal_lower",1,NA,967.877053697614,1761.80490961432,0.00499510091277964,0.0321532735337833,TRUE,"S01",169,FALSE
"terminal_upper",1,NA,910.836549954281,1848.17149570125,0.00491197175634493,0.0331425958994249,TRUE,"S01",169,FALSE
"terminal_midpoint",1,NA,923.690237889819,1790.5886405287,0.00353637641077287,0.0328992255308174,TRUE,"S01",169,FALSE
"terminal_width",1,NA,982.158840208419,1747.97893952391,0.00683772392142128,0.0318871783157227,TRUE,"S01",169,FALSE
"future_h01_lower",1,NA,1125.69546720321,1844.52419666976,0.00428216242557729,0.0297812953257334,TRUE,"S01",169,FALSE
"future_h01_upper",1,NA,580.660816669639,1504.14855996946,0.00690232238271789,0.0417617920139866,TRUE,"S01",169,FALSE
"future_h01_midpoint",1,NA,674.837971218557,1346.13303877818,0.00424255610527114,0.0384897800492993,TRUE,"S01",169,FALSE
"future_h01_width",1,NA,799.531098890451,1805.19916144148,0.00771021361655711,0.0354199275397028,TRUE,"S01",169,FALSE
"future_h05_lower",1,NA,1125.69546720321,1844.52419666976,0.00428216242557729,0.0297812953257334,TRUE,"S01",169,FALSE
"future_h05_upper",1,NA,580.660816669639,1504.14855996946,0.00690232238271789,0.0417617920139866,TRUE,"S01",169,FALSE
"future_h05_midpoint",1,NA,674.837971218557,1346.13303877818,0.00424255610527114,0.0384897800492993,TRUE,"S01",169,FALSE
"future_h05_width",1,NA,799.531098890451,1805.19916144148,0.00771021361655711,0.0354199275397028,TRUE,"S01",169,FALSE
"future_h10_lower",1,NA,1125.69546720321,1844.52419666976,0.00428216242557729,0.0297812953257334,TRUE,"S01",169,FALSE
"future_h10_upper",1,NA,580.660816669639,1504.14855996946,0.00690232238271789,0.0417617920139866,TRUE,"S01",169,FALSE
"future_h10_midpoint",1,NA,674.837971218557,1346.13303877818,0.00424255610527114,0.0384897800492993,TRUE,"S01",169,FALSE
"future_h10_width",1,NA,799.531098890451,1805.19916144148,0.00771021361655711,0.0354199275397028,TRUE,"S01",169,FALSE
"future_h20_lower",1,NA,1125.69546720321,1844.52419666976,0.00428216242557729,0.0297812953257334,TRUE,"S01",169,FALSE
"future_h20_upper",1,NA,580.660816669639,1504.14855996946,0.00690232238271789,0.0417617920139866,TRUE,"S01",169,FALSE
"future_h20_midpoint",1,NA,674.837971218557,1346.13303877818,0.00424255610527114,0.0384897800492993,TRUE,"S01",169,FALSE
"future_h20_width",1,NA,799.531098890451,1805.19916144148,0.00771021361655711,0.0354199275397028,TRUE,"S01",169,FALSE
"mean_lower",4,1.00005836619548,1329.84465026948,2188.50957267465,0.00220152405468996,0.0275486317635898,TRUE,"S02",179,TRUE
"mean_upper",4,1.00088492881302,1064.26426075747,2439.66752418094,0.00255789412843639,0.0306686830050442,TRUE,"S02",179,TRUE
"mean_midpoint",4,1.00019432395433,1243.44741819186,2485.38512426978,0.00165945493674056,0.0283787287241274,TRUE,"S02",179,TRUE
"mean_width",4,1.00064078993784,1109.87753798401,2439.68333241415,0.00342205392277914,0.0300046646169915,TRUE,"S02",179,TRUE
"observed_loss",4,1.00018936131899,5013.10213235955,7850.49689368755,0.0231359525559354,0.0142150958422575,TRUE,"S02",179,TRUE
"training_t0001_lower",4,0.999953727083817,3288.11375720526,5268.08142576725,0.0070762420404581,0.0172490591066058,TRUE,"S02",179,TRUE
"training_t0001_upper",4,1.00024041931638,3301.39651704342,6618.2277512161,0.00611298950504559,0.0174959840765932,TRUE,"S02",179,TRUE
"training_t0001_midpoint",4,1.00013497803181,3126.43056809234,6495.59170837257,0.00482808723317855,0.0178717428100782,TRUE,"S02",179,TRUE
"training_t0001_width",4,1.00008245932865,3477.40034775881,6786.45766957779,0.00906048414351482,0.0168593397284533,TRUE,"S02",179,TRUE
"training_t0050_lower",4,1.00107692770113,1931.58506049918,3303.91724625857,0.00360704656203058,0.0229233029223715,TRUE,"S02",179,TRUE
"training_t0050_upper",4,1.0002329832721,2241.20474293444,4071.40027768495,0.00277795851101522,0.0217808968329213,TRUE,"S02",179,TRUE
"training_t0050_midpoint",4,1.00022423434271,2091.18597858029,4259.75721583653,0.00223282813636532,0.0220164773970465,TRUE,"S02",179,TRUE
"training_t0050_width",4,1.00129412159218,1909.21322904488,4031.1580106104,0.00465113398398891,0.0229949315326014,TRUE,"S02",179,TRUE
"training_t0100_lower",4,0.999989680930103,2422.40165142928,5387.79345547098,0.00395171632975985,0.020313612105269,TRUE,"S02",179,TRUE
"training_t0100_upper",4,1.00008205233692,2015.28944957967,4133.34993098273,0.0040999747474334,0.0225584713281253,TRUE,"S02",179,TRUE
"training_t0100_midpoint",4,1.00011441283283,2020.27563847014,4989.88029522998,0.00295503489377118,0.0223427702836538,TRUE,"S02",179,TRUE
"training_t0100_width",4,1.000090978416,2325.26053150247,4480.08554386269,0.00557629153393439,0.0208129434669946,TRUE,"S02",179,TRUE
"training_t0150_lower",4,1.0001360015521,2532.43913056988,5439.11126117156,0.00237753493556845,0.0198537174871802,TRUE,"S02",179,TRUE
"training_t0150_upper",4,1.00017465146393,1373.78599537819,3424.04286455794,0.003700277573462,0.0270292563650045,TRUE,"S02",179,TRUE
"training_t0150_midpoint",4,1.00008036502858,1727.28283681054,3878.92259584965,0.00221920272844007,0.0240762631137398,TRUE,"S02",179,TRUE
"training_t0150_width",4,1.00046328352193,1671.32706105796,3898.15936569671,0.00438162496182477,0.024425448687047,TRUE,"S02",179,TRUE
"training_t0200_lower",4,1.00003459326162,4437.14312473328,6764.05375360594,0.00247702773175911,0.0151081146674631,TRUE,"S02",179,TRUE
"training_t0200_upper",4,1.00007028615314,1487.63850645728,3593.41484234381,0.00689812839270232,0.0260984808778528,TRUE,"S02",179,TRUE
"training_t0200_midpoint",4,0.999977967984093,1824.01333764187,4060.73236661035,0.00367387805567054,0.0234547042860644,TRUE,"S02",179,TRUE
"training_t0200_width",4,0.999983916860797,1762.90994345845,4774.83634461171,0.00737770097293132,0.0238934760966486,TRUE,"S02",179,TRUE
"terminal_lower",4,1.00003459326162,4437.14312473328,6764.05375360594,0.00247702773175911,0.0151081146674631,TRUE,"S02",179,TRUE
"terminal_upper",4,1.00007028615314,1487.63850645728,3593.41484234381,0.00689812839270232,0.0260984808778528,TRUE,"S02",179,TRUE
"terminal_midpoint",4,0.999977967984093,1824.01333764187,4060.73236661035,0.00367387805567054,0.0234547042860644,TRUE,"S02",179,TRUE
"terminal_width",4,0.999983916860797,1762.90994345845,4774.83634461171,0.00737770097293132,0.0238934760966486,TRUE,"S02",179,TRUE
"future_h01_lower",4,0.99993889506922,3352.69227511144,6245.74555255558,0.00243802883597381,0.017263713486155,TRUE,"S02",179,TRUE
"future_h01_upper",4,0.999950031137236,1615.96784809352,4178.80091215252,0.00481510729067978,0.0249610203966198,TRUE,"S02",179,TRUE
"future_h01_midpoint",4,0.999951394704301,2042.23458052651,4454.66108173522,0.0026734274758503,0.0221451783434487,TRUE,"S02",179,TRUE
"future_h01_width",4,0.999977362534826,1843.78352136161,5184.3127635534,0.00551287943208542,0.0232927376855988,TRUE,"S02",179,TRUE
"future_h05_lower",4,0.99993889506922,3352.69227511144,6245.74555255558,0.00243802883597381,0.017263713486155,TRUE,"S02",179,TRUE
"future_h05_upper",4,0.999950031137236,1615.96784809352,4178.80091215252,0.00481510729067978,0.0249610203966198,TRUE,"S02",179,TRUE
"future_h05_midpoint",4,0.999951394704301,2042.23458052651,4454.66108173522,0.0026734274758503,0.0221451783434487,TRUE,"S02",179,TRUE
"future_h05_width",4,0.999977362534826,1843.78352136161,5184.3127635534,0.00551287943208542,0.0232927376855988,TRUE,"S02",179,TRUE
"future_h10_lower",4,0.99993889506922,3352.69227511144,6245.74555255558,0.00243802883597381,0.017263713486155,TRUE,"S02",179,TRUE
"future_h10_upper",4,0.999950031137236,1615.96784809352,4178.80091215252,0.00481510729067978,0.0249610203966198,TRUE,"S02",179,TRUE
"future_h10_midpoint",4,0.999951394704301,2042.23458052651,4454.66108173522,0.0026734274758503,0.0221451783434487,TRUE,"S02",179,TRUE
"future_h10_width",4,0.999977362534826,1843.78352136161,5184.3127635534,0.00551287943208542,0.0232927376855988,TRUE,"S02",179,TRUE
"future_h20_lower",4,0.99993889506922,3352.69227511144,6245.74555255558,0.00243802883597381,0.017263713486155,TRUE,"S02",179,TRUE
"future_h20_upper",4,0.999950031137236,1615.96784809352,4178.80091215252,0.00481510729067978,0.0249610203966198,TRUE,"S02",179,TRUE
"future_h20_midpoint",4,0.999951394704301,2042.23458052651,4454.66108173522,0.0026734274758503,0.0221451783434487,TRUE,"S02",179,TRUE
"future_h20_width",4,0.999977362534826,1843.78352136161,5184.3127635534,0.00551287943208542,0.0232927376855988,TRUE,"S02",179,TRUE
"mean_lower",1,NA,481.473990898051,1287.28612692205,0.00341545497125494,0.0455888218963814,TRUE,"S01",72,FALSE
"mean_upper",1,NA,507.644269668454,984.215546962223,0.00326097514285807,0.0443720976790786,TRUE,"S01",72,FALSE
"mean_midpoint",1,NA,467.19829665552,934.330197306881,0.00251612129514268,0.0463236458518651,TRUE,"S01",72,FALSE
"mean_width",1,NA,533.103094066737,933.656679781071,0.00438890769340171,0.0433999511351966,TRUE,"S01",72,FALSE
"observed_loss",1,NA,1396.35313432157,2059.36022295404,0.0496361395838456,0.0270043315278294,TRUE,"S01",72,FALSE
"training_t0001_lower",1,NA,1333.2150150765,2717.07351117672,0.0130485843198375,0.0273133230995006,TRUE,"S01",72,FALSE
"training_t0001_upper",1,NA,1219.31052246514,2320.1885812333,0.0104753911566717,0.0285529968983283,TRUE,"S01",72,FALSE
"training_t0001_midpoint",1,NA,1186.70941915254,2396.06957004915,0.00875508509743804,0.0290910728573345,TRUE,"S01",72,FALSE
"training_t0001_width",1,NA,1397.60082605321,2774.35657678636,0.0161040121545507,0.0267154088711772,TRUE,"S01",72,FALSE
"training_t0050_lower",1,NA,809.689689192807,2114.61161882053,0.00653193839149897,0.0350605564211589,TRUE,"S01",72,FALSE
"training_t0050_upper",1,NA,776.48689933021,1424.79704002002,0.00541028059195407,0.0358296311987412,TRUE,"S01",72,FALSE
"training_t0050_midpoint",1,NA,826.805287376629,1518.64664124442,0.00421038549558545,0.0347858662579057,TRUE,"S01",72,FALSE
"training_t0050_width",1,NA,771.2628311401,1787.18884646731,0.00854589676051174,0.035978097169476,TRUE,"S01",72,FALSE
"training_t0100_lower",1,NA,1087.17050939737,1833.91893507116,0.00442988680212,0.0303292016669975,TRUE,"S01",72,FALSE
"training_t0100_upper",1,NA,858.397200560059,1193.17971365795,0.00446530881261109,0.0351735726914539,TRUE,"S01",72,FALSE
"training_t0100_midpoint",1,NA,888.986112334259,1525.25295898261,0.00326136564553721,0.0336040039005908,TRUE,"S01",72,FALSE
"training_t0100_width",1,NA,1044.47580922137,1236.46645640332,0.00602682524888439,0.0312379728402046,TRUE,"S01",72,FALSE
"training_t0150_lower",1,NA,1155.49152311538,1935.57333467011,0.00416959018126896,0.0294235718439296,TRUE,"S01",72,FALSE
"training_t0150_upper",1,NA,878.089626300207,1646.96920438216,0.00502309603493453,0.0337683174712723,TRUE,"S01",72,FALSE
"training_t0150_midpoint",1,NA,921.281637370543,1710.45702850146,0.0034837602000578,0.0329986119467944,TRUE,"S01",72,FALSE
"training_t0150_width",1,NA,1094.95877606651,1866.32294958674,0.00603180271272582,0.030221573487403,TRUE,"S01",72,FALSE
"training_t0200_lower",1,NA,1361.57470773042,1940.34406889063,0.00421011683329912,0.0275038293068387,TRUE,"S01",72,FALSE
"training_t0200_upper",1,NA,1446.59679950504,2474.08692757439,0.00430008304402626,0.02636783556257,TRUE,"S01",72,FALSE
"training_t0200_midpoint",1,NA,1276.03909612349,2445.96926141397,0.00311930342607402,0.0280285980391358,TRUE,"S01",72,FALSE
"training_t0200_width",1,NA,1444.15860423113,2616.19301061577,0.00592580626566501,0.0263663851031687,TRUE,"S01",72,FALSE
"terminal_lower",1,NA,1361.57470773042,1940.34406889063,0.00421011683329912,0.0275038293068387,TRUE,"S01",72,FALSE
"terminal_upper",1,NA,1446.59679950504,2474.08692757439,0.00430008304402626,0.02636783556257,TRUE,"S01",72,FALSE
"terminal_midpoint",1,NA,1276.03909612349,2445.96926141397,0.00311930342607402,0.0280285980391358,TRUE,"S01",72,FALSE
"terminal_width",1,NA,1444.15860423113,2616.19301061577,0.00592580626566501,0.0263663851031687,TRUE,"S01",72,FALSE
"future_h01_lower",1,NA,1231.33533496017,1898.84659722702,0.00413822776899509,0.0286794396441768,TRUE,"S01",72,FALSE
"future_h01_upper",1,NA,1109.4464240473,1978.43227880626,0.00415351504412359,0.0304724653417882,TRUE,"S01",72,FALSE
"future_h01_midpoint",1,NA,1014.23289028145,1601.61484089752,0.00311891831542938,0.0314790208741729,TRUE,"S01",72,FALSE
"future_h01_width",1,NA,1320.51682224762,2358.50620883618,0.00547176957974699,0.0275205477745459,TRUE,"S01",72,FALSE
"future_h05_lower",1,NA,1231.33533496017,1898.84659722702,0.00413822776899509,0.0286794396441768,TRUE,"S01",72,FALSE
"future_h05_upper",1,NA,1109.4464240473,1978.43227880626,0.00415351504412359,0.0304724653417882,TRUE,"S01",72,FALSE
"future_h05_midpoint",1,NA,1014.23289028145,1601.61484089752,0.00311891831542938,0.0314790208741729,TRUE,"S01",72,FALSE
"future_h05_width",1,NA,1320.51682224762,2358.50620883618,0.00547176957974699,0.0275205477745459,TRUE,"S01",72,FALSE
"future_h10_lower",1,NA,1231.33533496017,1898.84659722702,0.00413822776899509,0.0286794396441768,TRUE,"S01",72,FALSE
"future_h10_upper",1,NA,1109.4464240473,1978.43227880626,0.00415351504412359,0.0304724653417882,TRUE,"S01",72,FALSE
"future_h10_midpoint",1,NA,1014.23289028145,1601.61484089752,0.00311891831542938,0.0314790208741729,TRUE,"S01",72,FALSE
"future_h10_width",1,NA,1320.51682224762,2358.50620883618,0.00547176957974699,0.0275205477745459,TRUE,"S01",72,FALSE
"future_h20_lower",1,NA,1231.33533496017,1898.84659722702,0.00413822776899509,0.0286794396441768,TRUE,"S01",72,FALSE
"future_h20_upper",1,NA,1109.4464240473,1978.43227880626,0.00415351504412359,0.0304724653417882,TRUE,"S01",72,FALSE
"future_h20_midpoint",1,NA,1014.23289028145,1601.61484089752,0.00311891831542938,0.0314790208741729,TRUE,"S01",72,FALSE
"future_h20_width",1,NA,1320.51682224762,2358.50620883618,0.00547176957974699,0.0275205477745459,TRUE,"S01",72,FALSE
"mean_lower",1,NA,490.16555095583,1195.76538580509,0.00302302066734,0.045206528196058,TRUE,"S01",180,FALSE
"mean_upper",1,NA,661.244131439578,1374.45239542574,0.00227847892160018,0.0389542071136301,TRUE,"S01",180,FALSE
"mean_midpoint",1,NA,552.071081469055,1130.29164170993,0.00184695403808435,0.0425396275161836,TRUE,"S01",180,FALSE
"mean_width",1,NA,555.866514829819,1017.2326334591,0.00385248466062567,0.0424253622658093,TRUE,"S01",180,FALSE
"observed_loss",1,NA,1547.80043661105,2476.26833694291,0.042271723794331,0.0256476513175353,TRUE,"S01",180,FALSE
"training_t0001_lower",1,NA,1790.53166883414,2727.56410864918,0.0110025957944503,0.0235449373394359,TRUE,"S01",180,FALSE
"training_t0001_upper",1,NA,937.258045332727,1674.3575317221,0.0158173613126883,0.032705924983876,TRUE,"S01",180,FALSE
"training_t0001_midpoint",1,NA,1321.5396831996,2211.07699296452,0.00913163610023407,0.0275661454102836,TRUE,"S01",180,FALSE
"training_t0001_width",1,NA,1140.5276000478,2024.48444593858,0.0202174747933434,0.0296296745372449,TRUE,"S01",180,FALSE
"training_t0050_lower",1,NA,983.497169222136,1873.68355982278,0.0032147982810703,0.031885966645005,TRUE,"S01",180,FALSE
"training_t0050_upper",1,NA,1399.11148176487,2420.7138765415,0.00248427140013958,0.0266392630046631,TRUE,"S01",180,FALSE
"training_t0050_midpoint",1,NA,1114.19793227508,1740.88043111073,0.00205144696003653,0.0299637389503264,TRUE,"S01",180,FALSE
"training_t0050_width",1,NA,1171.32175203439,2225.11024183375,0.00401031094542295,0.0291138127611482,TRUE,"S01",180,FALSE
"training_t0100_lower",1,NA,1181.92599468034,1682.82758602527,0.0049659770182271,0.0291589456876422,TRUE,"S01",180,FALSE
"training_t0100_upper",1,NA,1157.03302710737,1894.17687068855,0.00568626029417464,0.0294189045253667,TRUE,"S01",180,FALSE
"training_t0100_midpoint",1,NA,1139.45063151302,2085.13755111261,0.00383614596909144,0.0296215537805067,TRUE,"S01",180,FALSE
"training_t0100_width",1,NA,1174.79482629896,2025.13646559172,0.00747107702195394,0.029160423733356,TRUE,"S01",180,FALSE
"training_t0150_lower",1,NA,730.066844972528,1391.5392119953,0.00440444648865298,0.0370761088061439,TRUE,"S01",180,FALSE
"training_t0150_upper",1,NA,1237.29362642673,2060.74662040099,0.00315968215844558,0.0285413482594622,TRUE,"S01",180,FALSE
"training_t0150_midpoint",1,NA,960.503026769072,1799.52634262792,0.00260009274604447,0.0322754363564337,TRUE,"S01",180,FALSE
"training_t0150_width",1,NA,853.060551871849,1909.64962962232,0.00560453342817965,0.0342501984729969,TRUE,"S01",180,FALSE
"training_t0200_lower",1,NA,1102.95475326647,1835.98774530903,0.00551619343609352,0.0301838454577375,TRUE,"S01",180,FALSE
"training_t0200_upper",1,NA,1526.58014603534,2837.32904860023,0.0033667441635029,0.0255275315333866,TRUE,"S01",180,FALSE
"training_t0200_midpoint",1,NA,1135.22724024033,2021.4789295129,0.00332403001439703,0.0296636403211444,TRUE,"S01",180,FALSE
"training_t0200_width",1,NA,1232.01255170492,1915.48175493313,0.00646350500732568,0.0285208809436649,TRUE,"S01",180,FALSE
"terminal_lower",1,NA,1102.95475326647,1835.98774530903,0.00551619343609352,0.0301838454577375,TRUE,"S01",180,FALSE
"terminal_upper",1,NA,1526.58014603534,2837.32904860023,0.0033667441635029,0.0255275315333866,TRUE,"S01",180,FALSE
"terminal_midpoint",1,NA,1135.22724024033,2021.4789295129,0.00332403001439703,0.0296636403211444,TRUE,"S01",180,FALSE
"terminal_width",1,NA,1232.01255170492,1915.48175493313,0.00646350500732568,0.0285208809436649,TRUE,"S01",180,FALSE
"future_h01_lower",1,NA,777.361110735963,1777.88072144124,0.00594558080971477,0.0359114030276252,TRUE,"S01",180,FALSE
"future_h01_upper",1,NA,1111.19197479497,2551.90620003397,0.00364206949064269,0.0300973944733942,TRUE,"S01",180,FALSE
"future_h01_midpoint",1,NA,871.482248054123,1870.60489618864,0.00345427039334753,0.0339286734055426,TRUE,"S01",180,FALSE
"future_h01_width",1,NA,860.221025111874,1680.03708134293,0.00704218977824178,0.0341005026497009,TRUE,"S01",180,FALSE
"future_h05_lower",1,NA,777.361110735963,1777.88072144124,0.00594558080971477,0.0359114030276252,TRUE,"S01",180,FALSE
"future_h05_upper",1,NA,1111.19197479497,2551.90620003397,0.00364206949064269,0.0300973944733942,TRUE,"S01",180,FALSE
"future_h05_midpoint",1,NA,871.482248054123,1870.60489618864,0.00345427039334753,0.0339286734055426,TRUE,"S01",180,FALSE
"future_h05_width",1,NA,860.221025111874,1680.03708134293,0.00704218977824178,0.0341005026497009,TRUE,"S01",180,FALSE
"future_h10_lower",1,NA,777.361110735963,1777.88072144124,0.00594558080971477,0.0359114030276252,TRUE,"S01",180,FALSE
"future_h10_upper",1,NA,1111.19197479497,2551.90620003397,0.00364206949064269,0.0300973944733942,TRUE,"S01",180,FALSE
"future_h10_midpoint",1,NA,871.482248054123,1870.60489618864,0.00345427039334753,0.0339286734055426,TRUE,"S01",180,FALSE
"future_h10_width",1,NA,860.221025111874,1680.03708134293,0.00704218977824178,0.0341005026497009,TRUE,"S01",180,FALSE
"future_h20_lower",1,NA,777.361110735963,1777.88072144124,0.00594558080971477,0.0359114030276252,TRUE,"S01",180,FALSE
"future_h20_upper",1,NA,1111.19197479497,2551.90620003397,0.00364206949064269,0.0300973944733942,TRUE,"S01",180,FALSE
"future_h20_midpoint",1,NA,871.482248054123,1870.60489618864,0.00345427039334753,0.0339286734055426,TRUE,"S01",180,FALSE
"future_h20_width",1,NA,860.221025111874,1680.03708134293,0.00704218977824178,0.0341005026497009,TRUE,"S01",180,FALSE
"mean_lower",1,NA,392.785272083506,815.371898591254,0.00347894990070372,0.0504482676618625,TRUE,"S02",186,FALSE
"mean_upper",1,NA,355.575898027815,706.143285936588,0.00335047970463163,0.0528975485507275,TRUE,"S02",186,FALSE
"mean_midpoint",1,NA,419.23446230814,792.225497621908,0.00224328154119779,0.0489029680574969,TRUE,"S02",186,FALSE
"mean_width",1,NA,343.997898185912,586.092509126108,0.00513791181137305,0.0538072382492051,TRUE,"S02",186,FALSE
"observed_loss",1,NA,1239.54082329479,2487.07779610895,0.0401329288154926,0.0283111557615702,TRUE,"S02",186,FALSE
"training_t0001_lower",1,NA,1494.898367051,2728.12722818019,0.0104048120348729,0.0257537133287654,TRUE,"S02",186,FALSE
"training_t0001_upper",1,NA,820.362045418238,1563.13116994173,0.0114000581384344,0.0345219787365822,TRUE,"S02",186,FALSE
"training_t0001_midpoint",1,NA,1199.24594227112,2517.81054640261,0.00754942298917172,0.028854434596566,TRUE,"S02",186,FALSE
"training_t0001_width",1,NA,1091.85642157961,2247.70025315403,0.0157813010360621,0.0303300488426041,TRUE,"S02",186,FALSE
"training_t0050_lower",1,NA,652.292479584047,1278.14164183744,0.00769297966977285,0.0392942561635604,TRUE,"S02",186,FALSE
"training_t0050_upper",1,NA,514.223370147431,1105.50003278762,0.00813582613798346,0.044220825882855,TRUE,"S02",186,FALSE
"training_t0050_midpoint",1,NA,621.17281936579,1406.00607189596,0.00539560854031827,0.0400981300824349,TRUE,"S02",186,FALSE
"training_t0050_width",1,NA,613.350383924795,1365.22429339545,0.0107880269288628,0.0402237338035079,TRUE,"S02",186,FALSE
"training_t0100_lower",1,NA,551.163035942704,1446.5314706367,0.00406643811465893,0.0426668085256893,TRUE,"S02",186,FALSE
"training_t0100_upper",1,NA,882.469791078581,2013.6158606582,0.00299061616679425,0.0334486547587532,TRUE,"S02",186,FALSE
"training_t0100_midpoint",1,NA,704.128141193638,1653.18782304155,0.00246834792134646,0.0377614544605638,TRUE,"S02",186,FALSE
"training_t0100_width",1,NA,625.854559643821,1665.34340505943,0.00522994936535305,0.0400372100910481,TRUE,"S02",186,FALSE
"training_t0150_lower",1,NA,563.77162994826,1155.1960186841,0.00430009917543837,0.0425535115546538,TRUE,"S02",186,FALSE
"training_t0150_upper",1,NA,684.060578802483,1731.10242622073,0.003768938041343,0.0381910500057102,TRUE,"S02",186,FALSE
"training_t0150_midpoint",1,NA,606.765808585561,1244.8812677967,0.00281955553102829,0.0407863858580343,TRUE,"S02",186,FALSE
"training_t0150_width",1,NA,618.139842790511,1648.61887384062,0.00580099826557459,0.0402370704463085,TRUE,"S02",186,FALSE
"training_t0200_lower",1,NA,565.508225778446,1057.44820919482,0.0108072903674703,0.0421717934749189,TRUE,"S02",186,FALSE
"training_t0200_upper",1,NA,837.817110515217,2071.22642070714,0.00777707694154107,0.0348106083076478,TRUE,"S02",186,FALSE
"training_t0200_midpoint",1,NA,607.537131092305,1174.80816665506,0.00682033746021354,0.0407015170470343,TRUE,"S02",186,FALSE
"training_t0200_width",1,NA,694.411714181621,1412.68053273507,0.0131018623671968,0.0380037931977228,TRUE,"S02",186,FALSE
"terminal_lower",1,NA,565.508225778446,1057.44820919482,0.0108072903674703,0.0421717934749189,TRUE,"S02",186,FALSE
"terminal_upper",1,NA,837.817110515217,2071.22642070714,0.00777707694154107,0.0348106083076478,TRUE,"S02",186,FALSE
"terminal_midpoint",1,NA,607.537131092305,1174.80816665506,0.00682033746021354,0.0407015170470343,TRUE,"S02",186,FALSE
"terminal_width",1,NA,694.411714181621,1412.68053273507,0.0131018623671968,0.0380037931977228,TRUE,"S02",186,FALSE
"future_h01_lower",1,NA,561.863015152533,1249.23799149843,0.00655580020798925,0.0424292725737008,TRUE,"S02",186,FALSE
"future_h01_upper",1,NA,667.483438028958,1252.01793054629,0.00550309446443072,0.0385298346414698,TRUE,"S02",186,FALSE
"future_h01_midpoint",1,NA,641.513945171004,1067.34994828288,0.00412792428768977,0.0395789682963796,TRUE,"S02",186,FALSE
"future_h01_width",1,NA,586.999083697911,1384.91221739151,0.00873609083063317,0.0411658980797884,TRUE,"S02",186,FALSE
"future_h05_lower",1,NA,561.863015152533,1249.23799149843,0.00655580020798925,0.0424292725737008,TRUE,"S02",186,FALSE
"future_h05_upper",1,NA,667.483438028958,1252.01793054629,0.00550309446443072,0.0385298346414698,TRUE,"S02",186,FALSE
"future_h05_midpoint",1,NA,641.513945171004,1067.34994828288,0.00412792428768977,0.0395789682963796,TRUE,"S02",186,FALSE
"future_h05_width",1,NA,586.999083697911,1384.91221739151,0.00873609083063317,0.0411658980797884,TRUE,"S02",186,FALSE
"future_h10_lower",1,NA,561.863015152533,1249.23799149843,0.00655580020798925,0.0424292725737008,TRUE,"S02",186,FALSE
"future_h10_upper",1,NA,667.483438028958,1252.01793054629,0.00550309446443072,0.0385298346414698,TRUE,"S02",186,FALSE
"future_h10_midpoint",1,NA,641.513945171004,1067.34994828288,0.00412792428768977,0.0395789682963796,TRUE,"S02",186,FALSE
"future_h10_width",1,NA,586.999083697911,1384.91221739151,0.00873609083063317,0.0411658980797884,TRUE,"S02",186,FALSE
"future_h20_lower",1,NA,561.863015152533,1249.23799149843,0.00655580020798925,0.0424292725737008,TRUE,"S02",186,FALSE
"future_h20_upper",1,NA,667.483438028958,1252.01793054629,0.00550309446443072,0.0385298346414698,TRUE,"S02",186,FALSE
"future_h20_midpoint",1,NA,641.513945171004,1067.34994828288,0.00412792428768977,0.0395789682963796,TRUE,"S02",186,FALSE
"future_h20_width",1,NA,586.999083697911,1384.91221739151,0.00873609083063317,0.0411658980797884,TRUE,"S02",186,FALSE
"mean_lower",4,1.00041755648167,1411.25478499166,3315.30284893916,0.00206252659165397,0.0266286770405095,TRUE,"S02",69,TRUE
"mean_upper",4,1.00060800502137,1550.84978388697,3211.38024721374,0.0018756907963185,0.0254220996269419,TRUE,"S02",69,TRUE
"mean_midpoint",4,1.00016456340678,1536.23557989267,3564.29350834625,0.00136151161348224,0.0255152155301961,TRUE,"S02",69,TRUE
"mean_width",4,1.00071072152176,1363.7617575504,3175.22317543086,0.00290495768630305,0.0270928386107523,TRUE,"S02",69,TRUE
"observed_loss",4,1.00019761547665,3582.35194894296,6494.70922137786,0.0284635155309768,0.0168643331291325,TRUE,"S02",69,TRUE
"training_t0001_lower",4,0.999938728566638,7477.54509418363,10243.7685350549,0.00315737030538659,0.0116632627057118,TRUE,"S02",69,TRUE
"training_t0001_upper",4,1.00009339489022,2372.77423268584,5068.67694006542,0.00492572670507394,0.0206799185381363,TRUE,"S02",69,TRUE
"training_t0001_midpoint",4,0.999987701914809,3518.15932798573,6923.40420158417,0.00305325960314536,0.0169068742217986,TRUE,"S02",69,TRUE
"training_t0001_width",4,1.00020752825346,3962.27904138721,8196.93243356746,0.00573916400279896,0.0159432628322796,TRUE,"S02",69,TRUE
"training_t0050_lower",4,1.00070643103423,2462.61742504718,6079.97948506962,0.00230861329309107,0.0201397217324842,TRUE,"S02",69,TRUE
"training_t0050_upper",4,1.00007291862701,2566.81454647992,4696.554975406,0.00241330094747891,0.01984034648804,TRUE,"S02",69,TRUE
"training_t0050_midpoint",4,1.00005489032319,2473.73631921491,5912.11198782478,0.00168600333625711,0.0201093180195209,TRUE,"S02",69,TRUE
"training_t0050_width",4,1.00041639905113,2558.10580746299,4817.09745771748,0.00329645250899147,0.0197876141266209,TRUE,"S02",69,TRUE
"training_t0100_lower",4,1.00011337357711,2415.491150234,5415.1385465306,0.005020386899595,0.0203760653636051,TRUE,"S02",69,TRUE
"training_t0100_upper",4,1.00057068000284,2831.84571659323,6091.25842936947,0.00450872899445525,0.0191984169494938,TRUE,"S02",69,TRUE
"training_t0100_midpoint",4,1.0002658042164,2603.16481061108,5400.17850541185,0.00334791222176258,0.0196181913111014,TRUE,"S02",69,TRUE
"training_t0100_width",4,1.00024651117682,2445.8993984343,5231.52087613129,0.00689136849775915,0.0203012212596872,TRUE,"S02",69,TRUE
"training_t0150_lower",4,1.00005449583954,1674.02189694069,4774.35261664142,0.00370250904739017,0.0245095156905908,TRUE,"S02",69,TRUE
"training_t0150_upper",4,1.00053922841801,2515.52470607881,4210.54603837387,0.00202153570028509,0.0198490732730048,TRUE,"S02",69,TRUE
"training_t0150_midpoint",4,0.999964967566449,1917.20100952553,4485.98366701015,0.00208276094836724,0.022849669912637,TRUE,"S02",69,TRUE
"training_t0150_width",4,1.00046153262401,1804.8016618377,4547.6427760253,0.00429140767493457,0.0235692111712329,TRUE,"S02",69,TRUE
"training_t0200_lower",4,1.00037493288975,3129.58910892729,6054.43518177189,0.00296765616181924,0.0179875585517493,TRUE,"S02",69,TRUE
"training_t0200_upper",4,1.00006764526241,3461.28196930001,4660.82307279163,0.00335165229871824,0.0174752683821075,TRUE,"S02",69,TRUE
"training_t0200_midpoint",4,1.00008560307662,3340.22042522443,5675.06354869949,0.00220435795382256,0.0175181999773232,TRUE,"S02",69,TRUE
"training_t0200_width",4,1.00021314034675,3045.31375441659,5655.70685652017,0.00460249699623122,0.0180979178778968,TRUE,"S02",69,TRUE
"terminal_lower",4,1.00037493288975,3129.58910892729,6054.43518177189,0.00296765616181924,0.0179875585517493,TRUE,"S02",69,TRUE
"terminal_upper",4,1.00006764526241,3461.28196930001,4660.82307279163,0.00335165229871824,0.0174752683821075,TRUE,"S02",69,TRUE
"terminal_midpoint",4,1.00008560307662,3340.22042522443,5675.06354869949,0.00220435795382256,0.0175181999773232,TRUE,"S02",69,TRUE
"terminal_width",4,1.00021314034675,3045.31375441659,5655.70685652017,0.00460249699623122,0.0180979178778968,TRUE,"S02",69,TRUE
"future_h01_lower",4,1.00064791782169,2040.42640738555,5031.41837542021,0.00395407025512402,0.022161989849103,TRUE,"S02",69,TRUE
"future_h01_upper",4,1.00035243722136,3205.31336223964,4590.33651511271,0.00261762337485083,0.0180366692959734,TRUE,"S02",69,TRUE
"future_h01_midpoint",4,1.00021396337065,2421.19242324109,5133.62797808801,0.00233955205470567,0.0203260423812358,TRUE,"S02",69,TRUE
"future_h01_width",4,1.00024968474767,2208.717542834,5238.60630642721,0.00488962817527066,0.021280157524804,TRUE,"S02",69,TRUE
"future_h05_lower",4,1.00064791782169,2040.42640738555,5031.41837542021,0.00395407025512402,0.022161989849103,TRUE,"S02",69,TRUE
"future_h05_upper",4,1.00035243722136,3205.31336223964,4590.33651511271,0.00261762337485083,0.0180366692959734,TRUE,"S02",69,TRUE
"future_h05_midpoint",4,1.00021396337065,2421.19242324109,5133.62797808801,0.00233955205470567,0.0203260423812358,TRUE,"S02",69,TRUE
"future_h05_width",4,1.00024968474767,2208.717542834,5238.60630642721,0.00488962817527066,0.021280157524804,TRUE,"S02",69,TRUE
"future_h10_lower",4,1.00064791782169,2040.42640738555,5031.41837542021,0.00395407025512402,0.022161989849103,TRUE,"S02",69,TRUE
"future_h10_upper",4,1.00035243722136,3205.31336223964,4590.33651511271,0.00261762337485083,0.0180366692959734,TRUE,"S02",69,TRUE
"future_h10_midpoint",4,1.00021396337065,2421.19242324109,5133.62797808801,0.00233955205470567,0.0203260423812358,TRUE,"S02",69,TRUE
"future_h10_width",4,1.00024968474767,2208.717542834,5238.60630642721,0.00488962817527066,0.021280157524804,TRUE,"S02",69,TRUE
"future_h20_lower",4,1.00064791782169,2040.42640738555,5031.41837542021,0.00395407025512402,0.022161989849103,TRUE,"S02",69,TRUE
"future_h20_upper",4,1.00035243722136,3205.31336223964,4590.33651511271,0.00261762337485083,0.0180366692959734,TRUE,"S02",69,TRUE
"future_h20_midpoint",4,1.00021396337065,2421.19242324109,5133.62797808801,0.00233955205470567,0.0203260423812358,TRUE,"S02",69,TRUE
"future_h20_width",4,1.00024968474767,2208.717542834,5238.60630642721,0.00488962817527066,0.021280157524804,TRUE,"S02",69,TRUE
"mean_lower",1,NA,507.994814134931,1014.77537602348,0.00354157532788686,0.0443233175071266,TRUE,"S01",87,FALSE
"mean_upper",1,NA,538.692192196003,1211.90914560714,0.00347452968040254,0.0430797809275361,TRUE,"S01",87,FALSE
"mean_midpoint",1,NA,587.212713037645,1145.65892633373,0.00231779520808766,0.0413206083329924,TRUE,"S01",87,FALSE
"mean_width",1,NA,452.392489181863,958.54557016496,0.00539661749810165,0.0469834535941643,TRUE,"S01",87,FALSE
"observed_loss",1,NA,1668.12261152438,2860.80710393606,0.0571515394347336,0.0245379720557,TRUE,"S01",87,FALSE
"training_t0001_lower",1,NA,1518.07717210208,2595.89618294568,0.00990104129470551,0.0256833316931957,TRUE,"S01",87,FALSE
"training_t0001_upper",1,NA,1997.25637821501,3281.29718982771,0.00711629409863651,0.022387265363097,TRUE,"S01",87,FALSE
"training_t0001_midpoint",1,NA,1668.16729911716,2803.11347135712,0.00607662228850375,0.0244881503534379,TRUE,"S01",87,FALSE
"training_t0001_width",1,NA,1694.13963228191,2992.74349213389,0.0121715366761717,0.0241979017355601,TRUE,"S01",87,FALSE
"training_t0050_lower",1,NA,930.311101423455,1550.31778345352,0.00417254239635033,0.0326156621824746,TRUE,"S01",87,FALSE
"training_t0050_upper",1,NA,907.493721828033,1845.79248305464,0.00442665830519046,0.0332468909102414,TRUE,"S01",87,FALSE
"training_t0050_midpoint",1,NA,1012.53676581149,1886.80296615708,0.00286721646905552,0.0313894727262559,TRUE,"S01",87,FALSE
"training_t0050_width",1,NA,856.292305653368,1404.65314791477,0.0063849361079061,0.0342202939883108,TRUE,"S01",87,FALSE
"training_t0100_lower",1,NA,856.330590613804,1918.29781477877,0.00594695098321991,0.0342375117818375,TRUE,"S01",87,FALSE
"training_t0100_upper",1,NA,839.210713487369,1511.16983115507,0.00572922806723607,0.0347251247981832,TRUE,"S01",87,FALSE
"training_t0100_midpoint",1,NA,904.71036433465,1820.05094052713,0.00392032840843932,0.0332573759686489,TRUE,"S01",87,FALSE
"training_t0100_width",1,NA,741.796197316439,1563.87507662088,0.00897488427562996,0.0368859277675607,TRUE,"S01",87,FALSE
"training_t0150_lower",1,NA,599.526048427057,1451.18298539196,0.00512860653993804,0.0407250853921511,TRUE,"S01",87,FALSE
"training_t0150_upper",1,NA,801.22748066768,1820.66858565169,0.00511979451908535,0.0353253085352553,TRUE,"S01",87,FALSE
"training_t0150_midpoint",1,NA,792.284972949153,1498.65775819066,0.00336447802360078,0.0355185957149187,TRUE,"S01",87,FALSE
"training_t0150_width",1,NA,631.856994733848,1638.40135711407,0.00771889095847131,0.0396817087288632,TRUE,"S01",87,FALSE
"training_t0200_lower",1,NA,616.70083709538,1154.24748961619,0.0128206366429933,0.0405037801180875,TRUE,"S01",87,FALSE
"training_t0200_upper",1,NA,1185.61176630429,2345.42921248114,0.00585623012558428,0.0290767960308049,TRUE,"S01",87,FALSE
"training_t0200_midpoint",1,NA,702.641352721691,1393.23444801922,0.00708334343714892,0.0377537296952882,TRUE,"S01",87,FALSE
"training_t0200_width",1,NA,724.713605915275,1425.85198880852,0.0140019645415197,0.0373278836963679,TRUE,"S01",87,FALSE
"terminal_lower",1,NA,616.70083709538,1154.24748961619,0.0128206366429933,0.0405037801180875,TRUE,"S01",87,FALSE
"terminal_upper",1,NA,1185.61176630429,2345.42921248114,0.00585623012558428,0.0290767960308049,TRUE,"S01",87,FALSE
"terminal_midpoint",1,NA,702.641352721691,1393.23444801922,0.00708334343714892,0.0377537296952882,TRUE,"S01",87,FALSE
"terminal_width",1,NA,724.713605915275,1425.85198880852,0.0140019645415197,0.0373278836963679,TRUE,"S01",87,FALSE
"future_h01_lower",1,NA,886.062689908383,1717.94604882047,0.0055564058402803,0.0336473609479006,TRUE,"S01",87,FALSE
"future_h01_upper",1,NA,926.640772242832,1671.91548014558,0.00583912386145227,0.0330391711016735,TRUE,"S01",87,FALSE
"future_h01_midpoint",1,NA,935.121640032724,1575.32424122725,0.00399855275597302,0.0327231723474351,TRUE,"S01",87,FALSE
"future_h01_width",1,NA,865.981433925459,1697.11485551946,0.00811328440661704,0.0338982756193694,TRUE,"S01",87,FALSE
"future_h05_lower",1,NA,886.062689908383,1717.94604882047,0.0055564058402803,0.0336473609479006,TRUE,"S01",87,FALSE
"future_h05_upper",1,NA,926.640772242832,1671.91548014558,0.00583912386145227,0.0330391711016735,TRUE,"S01",87,FALSE
"future_h05_midpoint",1,NA,935.121640032724,1575.32424122725,0.00399855275597302,0.0327231723474351,TRUE,"S01",87,FALSE
"future_h05_width",1,NA,865.981433925459,1697.11485551946,0.00811328440661704,0.0338982756193694,TRUE,"S01",87,FALSE
"future_h10_lower",1,NA,886.062689908383,1717.94604882047,0.0055564058402803,0.0336473609479006,TRUE,"S01",87,FALSE
"future_h10_upper",1,NA,926.640772242832,1671.91548014558,0.00583912386145227,0.0330391711016735,TRUE,"S01",87,FALSE
"future_h10_midpoint",1,NA,935.121640032724,1575.32424122725,0.00399855275597302,0.0327231723474351,TRUE,"S01",87,FALSE
"future_h10_width",1,NA,865.981433925459,1697.11485551946,0.00811328440661704,0.0338982756193694,TRUE,"S01",87,FALSE
"future_h20_lower",1,NA,886.062689908383,1717.94604882047,0.0055564058402803,0.0336473609479006,TRUE,"S01",87,FALSE
"future_h20_upper",1,NA,926.640772242832,1671.91548014558,0.00583912386145227,0.0330391711016735,TRUE,"S01",87,FALSE
"future_h20_midpoint",1,NA,935.121640032724,1575.32424122725,0.00399855275597302,0.0327231723474351,TRUE,"S01",87,FALSE
"future_h20_width",1,NA,865.981433925459,1697.11485551946,0.00811328440661704,0.0338982756193694,TRUE,"S01",87,FALSE
"mean_lower",1,NA,306.484606102224,668.103332449591,0.00465362890869664,0.0570714140138698,TRUE,"S02",85,FALSE
"mean_upper",1,NA,388.292292605723,730.802605506156,0.00367174806777048,0.0505853204074683,TRUE,"S02",85,FALSE
"mean_midpoint",1,NA,315.716502456506,549.686879058183,0.0031125046069522,0.0564882708809672,TRUE,"S02",85,FALSE
"mean_width",1,NA,477.357286998668,898.515994296182,0.00494102175021565,0.0456975750448089,TRUE,"S02",85,FALSE
"observed_loss",1,NA,1119.51887779577,1883.63035294695,0.0501363334112853,0.030002431326039,TRUE,"S02",85,FALSE
"training_t0001_lower",1,NA,754.938824497609,1305.92593459458,0.02120818098593,0.0362103159266981,TRUE,"S02",85,FALSE
"training_t0001_upper",1,NA,894.194030688896,1542.34520553945,0.0174011665293711,0.0335379112214631,TRUE,"S02",85,FALSE
"training_t0001_midpoint",1,NA,892.037056174852,1407.58793642906,0.0128525526699966,0.0335085175524618,TRUE,"S02",85,FALSE
"training_t0001_width",1,NA,749.994672294544,1347.10059029428,0.0289679138425063,0.0363232247831536,TRUE,"S02",85,FALSE
"training_t0050_lower",1,NA,307.53114205176,933.120803963376,0.0100817641316218,0.0566938678006755,TRUE,"S02",85,FALSE
"training_t0050_upper",1,NA,752.768486631975,1322.79251637505,0.00385507866257753,0.0364740402726839,TRUE,"S02",85,FALSE
"training_t0050_midpoint",1,NA,409.476806994963,911.836679393319,0.00510957784197086,0.0494964517689207,TRUE,"S02",85,FALSE
"training_t0050_width",1,NA,414.475622274299,1059.42812992765,0.0101768751885457,0.0490993445670824,TRUE,"S02",85,FALSE
"training_t0100_lower",1,NA,733.768479574752,1155.01716527005,0.00413749679996321,0.0376296310626472,TRUE,"S02",85,FALSE
"training_t0100_upper",1,NA,575.406231580144,1140.1974815568,0.00483398335996933,0.0415875204750406,TRUE,"S02",85,FALSE
"training_t0100_midpoint",1,NA,560.045290902132,1029.7162449634,0.00338505830857107,0.0424488419239838,TRUE,"S02",85,FALSE
"training_t0100_width",1,NA,714.621861624889,1610.60019144876,0.00600466484290609,0.0374091549759703,TRUE,"S02",85,FALSE
"training_t0150_lower",1,NA,912.27401903929,1645.02296278588,0.00398961356722832,0.033104707291912,TRUE,"S02",85,FALSE
"training_t0150_upper",1,NA,564.238398199084,962.396593147248,0.00510982069549763,0.0420895850007387,TRUE,"S02",85,FALSE
"training_t0150_midpoint",1,NA,639.724083527901,1170.39131507035,0.00342554657271187,0.0396635298864151,TRUE,"S02",85,FALSE
"training_t0150_width",1,NA,741.287112055254,1317.2467593337,0.0062290004198329,0.0367753119654671,TRUE,"S02",85,FALSE
"training_t0200_lower",1,NA,853.199039342971,1445.12988119551,0.00670560276703807,0.0345879669692726,TRUE,"S02",85,FALSE
"training_t0200_upper",1,NA,520.579991131745,1076.95042539263,0.0116389357012949,0.0438339632798645,TRUE,"S02",85,FALSE
"training_t0200_midpoint",1,NA,579.998610083186,1097.05127649036,0.00694280849884378,0.0415581329188804,TRUE,"S02",85,FALSE
"training_t0200_width",1,NA,620.028784884481,1137.02415088253,0.0128918041808535,0.0398728886372066,TRUE,"S02",85,FALSE
"terminal_lower",1,NA,853.199039342971,1445.12988119551,0.00670560276703807,0.0345879669692726,TRUE,"S02",85,FALSE
"terminal_upper",1,NA,520.579991131745,1076.95042539263,0.0116389357012949,0.0438339632798645,TRUE,"S02",85,FALSE
"terminal_midpoint",1,NA,579.998610083186,1097.05127649036,0.00694280849884378,0.0415581329188804,TRUE,"S02",85,FALSE
"terminal_width",1,NA,620.028784884481,1137.02415088253,0.0128918041808535,0.0398728886372066,TRUE,"S02",85,FALSE
"future_h01_lower",1,NA,1038.11071958502,1897.17669570103,0.00429730385388042,0.0310355755444929,TRUE,"S02",85,FALSE
"future_h01_upper",1,NA,755.055971072528,1160.68140512925,0.00622933726666988,0.0367657977125581,TRUE,"S02",85,FALSE
"future_h01_midpoint",1,NA,829.016041944863,1109.18357793961,0.00381289339478462,0.0349402368181377,TRUE,"S02",85,FALSE
"future_h01_width",1,NA,830.511077436564,1471.12737520166,0.00761585990740979,0.0347161561444438,TRUE,"S02",85,FALSE
"future_h05_lower",1,NA,1038.11071958502,1897.17669570103,0.00429730385388042,0.0310355755444929,TRUE,"S02",85,FALSE
"future_h05_upper",1,NA,755.055971072528,1160.68140512925,0.00622933726666988,0.0367657977125581,TRUE,"S02",85,FALSE
"future_h05_midpoint",1,NA,829.016041944863,1109.18357793961,0.00381289339478462,0.0349402368181377,TRUE,"S02",85,FALSE
"future_h05_width",1,NA,830.511077436564,1471.12737520166,0.00761585990740979,0.0347161561444438,TRUE,"S02",85,FALSE
"future_h10_lower",1,NA,1038.11071958502,1897.17669570103,0.00429730385388042,0.0310355755444929,TRUE,"S02",85,FALSE
"future_h10_upper",1,NA,755.055971072528,1160.68140512925,0.00622933726666988,0.0367657977125581,TRUE,"S02",85,FALSE
"future_h10_midpoint",1,NA,829.016041944863,1109.18357793961,0.00381289339478462,0.0349402368181377,TRUE,"S02",85,FALSE
"future_h10_width",1,NA,830.511077436564,1471.12737520166,0.00761585990740979,0.0347161561444438,TRUE,"S02",85,FALSE
"future_h20_lower",1,NA,1038.11071958502,1897.17669570103,0.00429730385388042,0.0310355755444929,TRUE,"S02",85,FALSE
"future_h20_upper",1,NA,755.055971072528,1160.68140512925,0.00622933726666988,0.0367657977125581,TRUE,"S02",85,FALSE
"future_h20_midpoint",1,NA,829.016041944863,1109.18357793961,0.00381289339478462,0.0349402368181377,TRUE,"S02",85,FALSE
"future_h20_width",1,NA,830.511077436564,1471.12737520166,0.00761585990740979,0.0347161561444438,TRUE,"S02",85,FALSE
"mean_lower",1,NA,502.343496942057,1119.5751856314,0.00353850534748544,0.0446192049200936,TRUE,"S01",92,FALSE
"mean_upper",1,NA,459.426906720543,1090.05990972515,0.00300631694799757,0.0469155523360714,TRUE,"S01",92,FALSE
"mean_midpoint",1,NA,539.29361873493,1185.94324287835,0.0022021153812549,0.0431570573326604,TRUE,"S01",92,FALSE
"mean_width",1,NA,468.761188347299,934.786419663806,0.00474815880492299,0.0466127024264596,TRUE,"S01",92,FALSE
"observed_loss",1,NA,1266.11003933724,2156.0959296643,0.0637197672037307,0.0280600048058152,TRUE,"S01",92,FALSE
"training_t0001_lower",1,NA,1568.59235273364,2593.01928187561,0.0111623203969014,0.0251249898206146,TRUE,"S01",92,FALSE
"training_t0001_upper",1,NA,1518.9850605552,2359.1091604217,0.010376230040817,0.0260330285057076,TRUE,"S01",92,FALSE
"training_t0001_midpoint",1,NA,1437.49627208761,2496.02397811015,0.00784487960299544,0.0263933954744838,TRUE,"S01",92,FALSE
"training_t0001_width",1,NA,1622.14714893314,2399.91424167773,0.0149974513939698,0.0250268579303211,TRUE,"S01",92,FALSE
"training_t0050_lower",1,NA,830.36692164023,1551.21306068221,0.00564156004190893,0.0348816617453525,TRUE,"S01",92,FALSE
"training_t0050_upper",1,NA,670.699290546961,1186.19126482573,0.00480735019042248,0.0389217170396854,TRUE,"S01",92,FALSE
"training_t0050_midpoint",1,NA,811.301516711705,1918.99169094377,0.00355313842303164,0.0351308265492732,TRUE,"S01",92,FALSE
"training_t0050_width",1,NA,817.173929781602,1692.65212563912,0.00719202057929982,0.0351312648851869,TRUE,"S01",92,FALSE
"training_t0100_lower",1,NA,1079.52396913161,1890.29368602225,0.00554761953520092,0.0304457719114635,TRUE,"S01",92,FALSE
"training_t0100_upper",1,NA,704.731332646456,1425.87703809094,0.00817340307073622,0.037990968180952,TRUE,"S01",92,FALSE
"training_t0100_midpoint",1,NA,911.216641140097,1656.34835847514,0.00465944800491988,0.0332552587293333,TRUE,"S01",92,FALSE
"training_t0100_width",1,NA,815.865263619496,1809.48844808066,0.00995733179688853,0.0351060561091368,TRUE,"S01",92,FALSE
"training_t0150_lower",1,NA,733.180825208017,1249.16259610775,0.00560397368390197,0.0370021659662655,TRUE,"S01",92,FALSE
"training_t0150_upper",1,NA,1243.65541543551,2335.79497713987,0.00349546854897625,0.0283997328118374,TRUE,"S01",92,FALSE
"training_t0150_midpoint",1,NA,896.352777334285,1521.16365734275,0.0032209684368609,0.0334489999014054,TRUE,"S01",92,FALSE
"training_t0150_width",1,NA,827.124385677794,1791.54875506771,0.00687686677151635,0.034786183827727,TRUE,"S01",92,FALSE
"training_t0200_lower",1,NA,847.101488402734,1696.23453224984,0.00610042844190938,0.0343510326894467,TRUE,"S01",92,FALSE
"training_t0200_upper",1,NA,1479.56271011126,2192.86650261526,0.00344708452906418,0.026106769642477,TRUE,"S01",92,FALSE
"training_t0200_midpoint",1,NA,977.69372433398,1924.87931382166,0.00356715691515207,0.0319682955494123,TRUE,"S01",92,FALSE
"training_t0200_width",1,NA,1019.17381432957,2101.5624868465,0.00687740027031706,0.0313449192799517,TRUE,"S01",92,FALSE
"terminal_lower",1,NA,847.101488402734,1696.23453224984,0.00610042844190938,0.0343510326894467,TRUE,"S01",92,FALSE
"terminal_upper",1,NA,1479.56271011126,2192.86650261526,0.00344708452906418,0.026106769642477,TRUE,"S01",92,FALSE
"terminal_midpoint",1,NA,977.69372433398,1924.87931382166,0.00356715691515207,0.0319682955494123,TRUE,"S01",92,FALSE
"terminal_width",1,NA,1019.17381432957,2101.5624868465,0.00687740027031706,0.0313449192799517,TRUE,"S01",92,FALSE
"future_h01_lower",1,NA,855.530832378602,1726.33663520953,0.00612329059026985,0.0341889331665091,TRUE,"S01",92,FALSE
"future_h01_upper",1,NA,1513.07453884892,2195.74195152056,0.00333076036763237,0.0257952100492257,TRUE,"S01",92,FALSE
"future_h01_midpoint",1,NA,984.349837640621,2013.0487801105,0.0035445473533171,0.0318502106425142,TRUE,"S01",92,FALSE
"future_h01_width",1,NA,1023.20171890296,2088.84883047826,0.00684692990393563,0.0312647729729605,TRUE,"S01",92,FALSE
"future_h05_lower",1,NA,855.530832378602,1726.33663520953,0.00612329059026985,0.0341889331665091,TRUE,"S01",92,FALSE
"future_h05_upper",1,NA,1513.07453884892,2195.74195152056,0.00333076036763237,0.0257952100492257,TRUE,"S01",92,FALSE
"future_h05_midpoint",1,NA,984.349837640621,2013.0487801105,0.0035445473533171,0.0318502106425142,TRUE,"S01",92,FALSE
"future_h05_width",1,NA,1023.20171890296,2088.84883047826,0.00684692990393563,0.0312647729729605,TRUE,"S01",92,FALSE
"future_h10_lower",1,NA,855.530832378602,1726.33663520953,0.00612329059026985,0.0341889331665091,TRUE,"S01",92,FALSE
"future_h10_upper",1,NA,1513.07453884892,2195.74195152056,0.00333076036763237,0.0257952100492257,TRUE,"S01",92,FALSE
"future_h10_midpoint",1,NA,984.349837640621,2013.0487801105,0.0035445473533171,0.0318502106425142,TRUE,"S01",92,FALSE
"future_h10_width",1,NA,1023.20171890296,2088.84883047826,0.00684692990393563,0.0312647729729605,TRUE,"S01",92,FALSE
"future_h20_lower",1,NA,855.530832378602,1726.33663520953,0.00612329059026985,0.0341889331665091,TRUE,"S01",92,FALSE
"future_h20_upper",1,NA,1513.07453884892,2195.74195152056,0.00333076036763237,0.0257952100492257,TRUE,"S01",92,FALSE
"future_h20_midpoint",1,NA,984.349837640621,2013.0487801105,0.0035445473533171,0.0318502106425142,TRUE,"S01",92,FALSE
"future_h20_width",1,NA,1023.20171890296,2088.84883047826,0.00684692990393563,0.0312647729729605,TRUE,"S01",92,FALSE
"mean_lower",1,NA,380.964116778756,834.518089874142,0.00270896807778243,0.05122178014403,TRUE,"S02",86,FALSE
"mean_upper",1,NA,244.883002412975,573.786552234413,0.00511037334250365,0.0638022160952528,TRUE,"S02",86,FALSE
"mean_midpoint",1,NA,248.465110064712,581.600762545038,0.00308129833433172,0.0634429227077257,TRUE,"S02",86,FALSE
"mean_width",1,NA,314.759290899268,756.586022370703,0.00535460545399763,0.0564746514959757,TRUE,"S02",86,FALSE
"observed_loss",1,NA,1428.9135514415,2093.83357929167,0.0332821221508959,0.0267372049857325,TRUE,"S02",86,FALSE
"training_t0001_lower",1,NA,1120.06507247774,2429.89472971441,0.00746465800240797,0.0298181781989855,TRUE,"S02",86,FALSE
"training_t0001_upper",1,NA,1484.58154545419,2764.70642162152,0.00573193096971063,0.025972831330484,TRUE,"S02",86,FALSE
"training_t0001_midpoint",1,NA,1331.13618241598,2553.61778440883,0.00451714681840659,0.0273727403335857,TRUE,"S02",86,FALSE
"training_t0001_width",1,NA,1329.76383961344,2745.13169319269,0.00923441037132213,0.0273720599259567,TRUE,"S02",86,FALSE
"training_t0050_lower",1,NA,630.048861779467,1164.563472921,0.0095505076469741,0.0399129746001813,TRUE,"S02",86,FALSE
"training_t0050_upper",1,NA,695.977160930724,1370.87680309252,0.0101142056523185,0.0379680571185473,TRUE,"S02",86,FALSE
"training_t0050_midpoint",1,NA,705.782496006755,1188.89635519535,0.00670454086941551,0.0377923100113271,TRUE,"S02",86,FALSE
"training_t0050_width",1,NA,623.043072939749,1272.18857109951,0.0144827194375143,0.0400835485108018,TRUE,"S02",86,FALSE
"training_t0100_lower",1,NA,934.686115336462,1851.60779803115,0.00279343378559825,0.0327510517438981,TRUE,"S02",86,FALSE
"training_t0100_upper",1,NA,534.453447135177,1301.95450469205,0.0046011480530403,0.0431983752095873,TRUE,"S02",86,FALSE
"training_t0100_midpoint",1,NA,658.027683727189,1518.21133039569,0.0026626959364665,0.0389941525014537,TRUE,"S02",86,FALSE
"training_t0100_width",1,NA,653.961299833088,1340.18263054031,0.00533286951247941,0.0391147739311597,TRUE,"S02",86,FALSE
"training_t0150_lower",1,NA,1162.96325317354,1795.81813627868,0.00217833350979213,0.0294170222041242,TRUE,"S02",86,FALSE
"training_t0150_upper",1,NA,315.365807183659,996.616819412695,0.00828208406868383,0.0565483155522698,TRUE,"S02",86,FALSE
"training_t0150_midpoint",1,NA,326.804304998179,1192.38821042006,0.00455716566602112,0.0552606350474814,TRUE,"S02",86,FALSE
"training_t0150_width",1,NA,409.491818555584,1027.26836280137,0.0080523872106929,0.0493121268314071,TRUE,"S02",86,FALSE
"training_t0200_lower",1,NA,1063.24301813587,1759.84654428427,0.00523684339232625,0.0307792157641411,TRUE,"S02",86,FALSE
"training_t0200_upper",1,NA,615.990086049862,1827.38170153007,0.00845110454792736,0.0401935896850212,TRUE,"S02",86,FALSE
"training_t0200_midpoint",1,NA,844.377712698962,2010.41770420186,0.00465888736514052,0.034486520540204,TRUE,"S02",86,FALSE
"training_t0200_width",1,NA,779.000248491145,1573.41611915518,0.00968486273949115,0.035768244022215,TRUE,"S02",86,FALSE
"terminal_lower",1,NA,1063.24301813587,1759.84654428427,0.00523684339232625,0.0307792157641411,TRUE,"S02",86,FALSE
"terminal_upper",1,NA,615.990086049862,1827.38170153007,0.00845110454792736,0.0401935896850212,TRUE,"S02",86,FALSE
"terminal_midpoint",1,NA,844.377712698962,2010.41770420186,0.00465888736514052,0.034486520540204,TRUE,"S02",86,FALSE
"terminal_width",1,NA,779.000248491145,1573.41611915518,0.00968486273949115,0.035768244022215,TRUE,"S02",86,FALSE
"future_h01_lower",1,NA,1344.41437273032,2236.32675736065,0.00264775240730924,0.0273020844932315,TRUE,"S02",86,FALSE
"future_h01_upper",1,NA,319.276774150643,1274.32573566943,0.0104496061869427,0.0567782943138255,TRUE,"S02",86,FALSE
"future_h01_midpoint",1,NA,315.055238739235,1221.10588470089,0.00583701492365072,0.0565939835031772,TRUE,"S02",86,FALSE
"future_h01_width",1,NA,472.940990527981,1188.50459320173,0.00965192538553985,0.0460120995283627,TRUE,"S02",86,FALSE
"future_h05_lower",1,NA,1344.41437273032,2236.32675736065,0.00264775240730924,0.0273020844932315,TRUE,"S02",86,FALSE
"future_h05_upper",1,NA,319.276774150643,1274.32573566943,0.0104496061869427,0.0567782943138255,TRUE,"S02",86,FALSE
"future_h05_midpoint",1,NA,315.055238739235,1221.10588470089,0.00583701492365072,0.0565939835031772,TRUE,"S02",86,FALSE
"future_h05_width",1,NA,472.940990527981,1188.50459320173,0.00965192538553985,0.0460120995283627,TRUE,"S02",86,FALSE
"future_h10_lower",1,NA,1344.41437273032,2236.32675736065,0.00264775240730924,0.0273020844932315,TRUE,"S02",86,FALSE
"future_h10_upper",1,NA,319.276774150643,1274.32573566943,0.0104496061869427,0.0567782943138255,TRUE,"S02",86,FALSE
"future_h10_midpoint",1,NA,315.055238739235,1221.10588470089,0.00583701492365072,0.0565939835031772,TRUE,"S02",86,FALSE
"future_h10_width",1,NA,472.940990527981,1188.50459320173,0.00965192538553985,0.0460120995283627,TRUE,"S02",86,FALSE
"future_h20_lower",1,NA,1344.41437273032,2236.32675736065,0.00264775240730924,0.0273020844932315,TRUE,"S02",86,FALSE
"future_h20_upper",1,NA,319.276774150643,1274.32573566943,0.0104496061869427,0.0567782943138255,TRUE,"S02",86,FALSE
"future_h20_midpoint",1,NA,315.055238739235,1221.10588470089,0.00583701492365072,0.0565939835031772,TRUE,"S02",86,FALSE
"future_h20_width",1,NA,472.940990527981,1188.50459320173,0.00965192538553985,0.0460120995283627,TRUE,"S02",86,FALSE
"mean_lower",4,1.00001383983723,2548.78754779708,4215.13100493243,0.00140402138793136,0.0198303618507723,TRUE,"S01",114,TRUE
"mean_upper",4,1.00165493879943,1816.05621357751,3105.07415504948,0.00210477346132172,0.0236241289625187,TRUE,"S01",114,TRUE
"mean_midpoint",4,1.0011840133706,2052.19080890805,3727.61317543858,0.00124329951417044,0.0221317663679238,TRUE,"S01",114,TRUE
"mean_width",4,1.00073879984574,2008.08804933292,3847.52326014547,0.0025741514398028,0.0223393691800903,TRUE,"S01",114,TRUE
"observed_loss",4,1.00006592970464,6645.15367424191,10293.6634692648,0.0316890415653485,0.0123446437587989,TRUE,"S01",114,TRUE
"training_t0001_lower",4,1.00013640254119,7607.08837387411,9344.30599132508,0.00319629786640984,0.0114096574908826,TRUE,"S01",114,TRUE
"training_t0001_upper",4,1.00001371242788,6151.86074640914,11114.1746319917,0.0056306381887612,0.0127514291596115,TRUE,"S01",114,TRUE
"training_t0001_midpoint",4,1.00011728171823,6547.84949008835,11574.8633994825,0.00323269843469146,0.0123577567335705,TRUE,"S01",114,TRUE
"training_t0001_width",4,0.999950303164079,6469.39725356052,11612.4140154935,0.00650015058128027,0.0124360605859156,TRUE,"S01",114,TRUE
"training_t0050_lower",4,0.99999528525927,3867.46215668371,7566.35647578366,0.00299529417234357,0.0160796022618472,TRUE,"S01",114,TRUE
"training_t0050_upper",4,1.00006731814842,3073.5870471003,5641.07310203261,0.00278952314750031,0.0182507735918216,TRUE,"S01",114,TRUE
"training_t0050_midpoint",4,0.999990719705296,3145.92710706226,6293.09157878918,0.00214526491525242,0.0178526998064576,TRUE,"S01",114,TRUE
"training_t0050_width",4,1.00004289835237,3677.8834760259,6637.86313794674,0.00398756611738992,0.0165057245414429,TRUE,"S01",114,TRUE
"training_t0100_lower",4,1.00010822673972,3908.76581764465,7389.79253023224,0.00204841460025647,0.0159470107382497,TRUE,"S01",114,TRUE
"training_t0100_upper",4,1.00152177170253,3161.60469449888,5549.38171194409,0.0024192955375153,0.017838009014051,TRUE,"S01",114,TRUE
"training_t0100_midpoint",4,1.00052650764606,3622.7935776236,7389.56661321367,0.0015398940701471,0.0166153275487332,TRUE,"S01",114,TRUE
"training_t0100_width",4,1.00104503142933,3342.74687199692,6420.118149134,0.0032491175782508,0.0172614171357326,TRUE,"S01",114,TRUE
"training_t0150_lower",4,0.999985187955415,3530.0057177654,6028.10219465084,0.00463075634467399,0.0169189851838939,TRUE,"S01",114,TRUE
"training_t0150_upper",4,1.00150011910292,4184.31527063683,7246.68781464911,0.00480917298187051,0.0154674655809979,TRUE,"S01",114,TRUE
"training_t0150_midpoint",4,1.00097494596007,3663.33736440094,6767.19083950594,0.00342474906923384,0.0165410607871454,TRUE,"S01",114,TRUE
"training_t0150_width",4,1.00065998325284,4045.81716157669,7912.63985865328,0.00651125743153324,0.0157137879017366,TRUE,"S01",114,TRUE
"training_t0200_lower",4,1.00007665979122,4372.97293052696,8856.20826509718,0.00300646047548832,0.0151136389869301,TRUE,"S01",114,TRUE
"training_t0200_upper",4,1.00016995529049,5298.83745761052,7383.51849361814,0.00228436658196548,0.0137548367308943,TRUE,"S01",114,TRUE
"training_t0200_midpoint",4,1.00002771814234,4780.57366647161,8902.8354927866,0.00186687723705643,0.0144574865721215,TRUE,"S01",114,TRUE
"training_t0200_width",4,1.00004050633349,4655.15514289674,8129.79575334969,0.00380295222207872,0.0146259097174046,TRUE,"S01",114,TRUE
"terminal_lower",4,1.00007665979122,4372.97293052696,8856.20826509718,0.00300646047548832,0.0151136389869301,TRUE,"S01",114,TRUE
"terminal_upper",4,1.00016995529049,5298.83745761052,7383.51849361814,0.00228436658196548,0.0137548367308943,TRUE,"S01",114,TRUE
"terminal_midpoint",4,1.00002771814234,4780.57366647161,8902.8354927866,0.00186687723705643,0.0144574865721215,TRUE,"S01",114,TRUE
"terminal_width",4,1.00004050633349,4655.15514289674,8129.79575334969,0.00380295222207872,0.0146259097174046,TRUE,"S01",114,TRUE
"future_h01_lower",4,0.999976615553203,3766.93646998263,6548.16220443393,0.00274314806744538,0.0163033035368397,TRUE,"S01",114,TRUE
"future_h01_upper",4,1.00011375622322,6224.87385834854,8142.7103195028,0.00144874184485409,0.0127173271761884,TRUE,"S01",114,TRUE
"future_h01_midpoint",4,1.00004776941789,4194.08398082862,9096.81422396366,0.00157147945599025,0.0154404691788852,TRUE,"S01",114,TRUE
"future_h01_width",4,0.999953696357328,4373.90979521314,7972.58385213831,0.00306888955693502,0.0151299937453002,TRUE,"S01",114,TRUE
"future_h05_lower",4,0.999976615553203,3766.93646998263,6548.16220443393,0.00274314806744538,0.0163033035368397,TRUE,"S01",114,TRUE
"future_h05_upper",4,1.00011375622322,6224.87385834854,8142.7103195028,0.00144874184485409,0.0127173271761884,TRUE,"S01",114,TRUE
"future_h05_midpoint",4,1.00004776941789,4194.08398082862,9096.81422396366,0.00157147945599025,0.0154404691788852,TRUE,"S01",114,TRUE
"future_h05_width",4,0.999953696357328,4373.90979521314,7972.58385213831,0.00306888955693502,0.0151299937453002,TRUE,"S01",114,TRUE
"future_h10_lower",4,0.999976615553203,3766.93646998263,6548.16220443393,0.00274314806744538,0.0163033035368397,TRUE,"S01",114,TRUE
"future_h10_upper",4,1.00011375622322,6224.87385834854,8142.7103195028,0.00144874184485409,0.0127173271761884,TRUE,"S01",114,TRUE
"future_h10_midpoint",4,1.00004776941789,4194.08398082862,9096.81422396366,0.00157147945599025,0.0154404691788852,TRUE,"S01",114,TRUE
"future_h10_width",4,0.999953696357328,4373.90979521314,7972.58385213831,0.00306888955693502,0.0151299937453002,TRUE,"S01",114,TRUE
"future_h20_lower",4,0.999976615553203,3766.93646998263,6548.16220443393,0.00274314806744538,0.0163033035368397,TRUE,"S01",114,TRUE
"future_h20_upper",4,1.00011375622322,6224.87385834854,8142.7103195028,0.00144874184485409,0.0127173271761884,TRUE,"S01",114,TRUE
"future_h20_midpoint",4,1.00004776941789,4194.08398082862,9096.81422396366,0.00157147945599025,0.0154404691788852,TRUE,"S01",114,TRUE
"future_h20_width",4,0.999953696357328,4373.90979521314,7972.58385213831,0.00306888955693502,0.0151299937453002,TRUE,"S01",114,TRUE
"mean_lower",4,1.00139922218135,1538.12582396418,3050.76446963236,0.00203534925537612,0.0255899511472358,TRUE,"S02",87,TRUE
"mean_upper",4,1.0012275926367,1063.5173238964,2571.5720688906,0.00273719349658169,0.030649514756341,TRUE,"S02",87,TRUE
"mean_midpoint",4,1.00135163459989,1172.17747508723,2638.93461976349,0.00175786082678739,0.0292068023890043,TRUE,"S02",87,TRUE
"mean_width",4,1.00010056802124,1378.08238776514,2804.92173772497,0.0032073010817655,0.0269971882570918,TRUE,"S02",87,TRUE
"observed_loss",4,1.00039231697033,5415.82392019269,9244.57147338454,0.0224573499166321,0.0136307768247199,TRUE,"S02",87,TRUE
"training_t0001_lower",4,1.00033901975543,5926.57918182629,10684.1705977319,0.00418084506147492,0.0130195791120021,TRUE,"S02",87,TRUE
"training_t0001_upper",4,0.999952493538803,7873.33216387155,11709.4777180146,0.00300188870759701,0.0113118077277374,TRUE,"S02",87,TRUE
"training_t0001_midpoint",4,1.00009465668455,6793.2052743475,11346.5802853451,0.00252481794240038,0.0121374247166274,TRUE,"S02",87,TRUE
"training_t0001_width",4,1.00024890075886,6413.0213277935,10743.3466214798,0.00520963899783131,0.0124892500647575,TRUE,"S02",87,TRUE
"training_t0050_lower",4,1.00026216996118,2149.00884635987,3967.09168069937,0.00294820885452228,0.0218485150843486,TRUE,"S02",87,TRUE
"training_t0050_upper",4,1.00002176961353,2816.9472763121,6198.57535983166,0.00229186671847026,0.0188603262168704,TRUE,"S02",87,TRUE
"training_t0050_midpoint",4,0.999957226790489,2322.51938197618,5096.55082537793,0.00187784613715922,0.0207757508130531,TRUE,"S02",87,TRUE
"training_t0050_width",4,1.00019265801918,2462.34166805552,4804.29960591009,0.00369953459553204,0.0202820896445116,TRUE,"S02",87,TRUE
"training_t0100_lower",4,1.00022789545631,2749.47144310119,5059.32839810211,0.00335439376419279,0.0191811734735909,TRUE,"S02",87,TRUE
"training_t0100_upper",4,1.00025906889261,2250.57178391621,4835.31278625754,0.00325812204325252,0.0210636340285222,TRUE,"S02",87,TRUE
"training_t0100_midpoint",4,1.00001217148996,2420.91460860124,5165.86763228891,0.00237216913465918,0.0203156505899146,TRUE,"S02",87,TRUE
"training_t0100_width",4,1.0002629399248,2427.85459194843,5441.2100486728,0.00474051091358655,0.0203097277316806,TRUE,"S02",87,TRUE
"training_t0150_lower",4,1.00021059388062,3059.62721738899,5873.82576999835,0.00186894185802213,0.0180765048858405,TRUE,"S02",87,TRUE
"training_t0150_upper",4,1.00201767946924,1337.89428569375,2953.37514589948,0.0040768518353279,0.0273844557111112,TRUE,"S02",87,TRUE
"training_t0150_midpoint",4,1.00164933146231,1636.9064078962,3639.4367233947,0.00225989754349791,0.0247593109445816,TRUE,"S02",87,TRUE
"training_t0150_width",4,1.00112401236567,1713.53437164987,3502.25428790408,0.00436213360808606,0.0242406811373055,TRUE,"S02",87,TRUE
"training_t0200_lower",4,1.00000419335415,4341.18521439059,5213.00959749811,0.00317996199334537,0.0155821454477408,TRUE,"S02",87,TRUE
"training_t0200_upper",4,1.00107413898211,1465.20603749255,2512.59275099245,0.0074706449353488,0.0268640944092628,TRUE,"S02",87,TRUE
"training_t0200_midpoint",4,1.00057727977962,2146.96546962793,3713.24760949955,0.00379572382157917,0.0220149030462034,TRUE,"S02",87,TRUE
"training_t0200_width",4,1.00101149694783,1749.99950874692,3117.26206222774,0.00832514338966777,0.0241278815731065,TRUE,"S02",87,TRUE
"terminal_lower",4,1.00000419335415,4341.18521439059,5213.00959749811,0.00317996199334537,0.0155821454477408,TRUE,"S02",87,TRUE
"terminal_upper",4,1.00107413898211,1465.20603749255,2512.59275099245,0.0074706449353488,0.0268640944092628,TRUE,"S02",87,TRUE
"terminal_midpoint",4,1.00057727977962,2146.96546962793,3713.24760949955,0.00379572382157917,0.0220149030462034,TRUE,"S02",87,TRUE
"terminal_width",4,1.00101149694783,1749.99950874692,3117.26206222774,0.00832514338966777,0.0241278815731065,TRUE,"S02",87,TRUE
"future_h01_lower",4,0.999994568055435,3596.68694366863,6228.16379417591,0.00224186634599033,0.0166705291977531,TRUE,"S02",87,TRUE
"future_h01_upper",4,1.00224625341348,1517.94806051604,3017.34860166206,0.00569790896673906,0.0258296902319171,TRUE,"S02",87,TRUE
"future_h01_midpoint",4,1.0019041480312,1857.30934904946,4057.4910781912,0.00301384678353077,0.0232604358043364,TRUE,"S02",87,TRUE
"future_h01_width",4,1.00136225958811,1846.90343140902,3708.81476963284,0.00604370852860323,0.0234644609616007,TRUE,"S02",87,TRUE
"future_h05_lower",4,0.999994568055435,3596.68694366863,6228.16379417591,0.00224186634599033,0.0166705291977531,TRUE,"S02",87,TRUE
"future_h05_upper",4,1.00224625341348,1517.94806051604,3017.34860166206,0.00569790896673906,0.0258296902319171,TRUE,"S02",87,TRUE
"future_h05_midpoint",4,1.0019041480312,1857.30934904946,4057.4910781912,0.00301384678353077,0.0232604358043364,TRUE,"S02",87,TRUE
"future_h05_width",4,1.00136225958811,1846.90343140902,3708.81476963284,0.00604370852860323,0.0234644609616007,TRUE,"S02",87,TRUE
"future_h10_lower",4,0.999994568055435,3596.68694366863,6228.16379417591,0.00224186634599033,0.0166705291977531,TRUE,"S02",87,TRUE
"future_h10_upper",4,1.00224625341348,1517.94806051604,3017.34860166206,0.00569790896673906,0.0258296902319171,TRUE,"S02",87,TRUE
"future_h10_midpoint",4,1.0019041480312,1857.30934904946,4057.4910781912,0.00301384678353077,0.0232604358043364,TRUE,"S02",87,TRUE
"future_h10_width",4,1.00136225958811,1846.90343140902,3708.81476963284,0.00604370852860323,0.0234644609616007,TRUE,"S02",87,TRUE
"future_h20_lower",4,0.999994568055435,3596.68694366863,6228.16379417591,0.00224186634599033,0.0166705291977531,TRUE,"S02",87,TRUE
"future_h20_upper",4,1.00224625341348,1517.94806051604,3017.34860166206,0.00569790896673906,0.0258296902319171,TRUE,"S02",87,TRUE
"future_h20_midpoint",4,1.0019041480312,1857.30934904946,4057.4910781912,0.00301384678353077,0.0232604358043364,TRUE,"S02",87,TRUE
"future_h20_width",4,1.00136225958811,1846.90343140902,3708.81476963284,0.00604370852860323,0.0234644609616007,TRUE,"S02",87,TRUE
"mean_lower",1,NA,544.779577552881,913.404054595158,0.00312485287952345,0.0428135857692802,TRUE,"S01",131,FALSE
"mean_upper",1,NA,520.921778387829,1057.77925688072,0.00338641488839092,0.0437637506549385,TRUE,"S01",131,FALSE
"mean_midpoint",1,NA,547.811508983325,974.912504704412,0.00229735264080199,0.0427160500370223,TRUE,"S01",131,FALSE
"mean_width",1,NA,512.279738542242,1101.20918017042,0.00464427591161358,0.044162178321167,TRUE,"S01",131,FALSE
"observed_loss",1,NA,1307.08140004914,2057.89196836846,0.0563191896188744,0.0277150297565802,TRUE,"S01",131,FALSE
"training_t0001_lower",1,NA,1686.4723644275,2277.95254145414,0.00838112979327975,0.0244650446468613,TRUE,"S01",131,FALSE
"training_t0001_upper",1,NA,1394.69186510753,2386.09167523595,0.00639879398834929,0.0266165271999106,TRUE,"S01",131,FALSE
"training_t0001_midpoint",1,NA,1585.21007208986,2259.88781354476,0.00536150932623222,0.0251412827540127,TRUE,"S01",131,FALSE
"training_t0001_width",1,NA,1534.90260824342,2742.31798921507,0.0104331014893322,0.025424218431727,TRUE,"S01",131,FALSE
"training_t0050_lower",1,NA,1035.44944652816,1513.44459822393,0.00673437973056768,0.0312518504239749,TRUE,"S01",131,FALSE
"training_t0050_upper",1,NA,774.734673362333,1715.20802141607,0.0092833571907474,0.0359995196111825,TRUE,"S01",131,FALSE
"training_t0050_midpoint",1,NA,765.777805609635,1527.52001171116,0.00625653283951762,0.0361253366546795,TRUE,"S01",131,FALSE
"training_t0050_width",1,NA,988.245344358883,1920.10018756469,0.010334879605263,0.031759879548923,TRUE,"S01",131,FALSE
"training_t0100_lower",1,NA,1120.83978408864,1879.97798734615,0.00360345821706596,0.0299199714941079,TRUE,"S01",131,FALSE
"training_t0100_upper",1,NA,800.600752462332,1629.19449970451,0.00442279426087616,0.0353828726217851,TRUE,"S01",131,FALSE
"training_t0100_midpoint",1,NA,883.111982813824,1818.48937320206,0.00291097960060075,0.0336712660363676,TRUE,"S01",131,FALSE
"training_t0100_width",1,NA,970.973054517622,2082.02540852151,0.00559602232876098,0.0321151640532815,TRUE,"S01",131,FALSE
"training_t0150_lower",1,NA,975.468078065199,1710.93204557182,0.00806749033459428,0.0324614251574943,TRUE,"S01",131,FALSE
"training_t0150_upper",1,NA,662.559413231229,1112.31175511791,0.0152915176510897,0.0389482869261778,TRUE,"S01",131,FALSE
"training_t0150_midpoint",1,NA,662.990061463117,1235.56324499851,0.00910802980228008,0.0389052000563399,TRUE,"S01",131,FALSE
"training_t0150_width",1,NA,799.723259770018,1242.84236068295,0.01633222832939,0.035422119025669,TRUE,"S01",131,FALSE
"training_t0200_lower",1,NA,935.049805769983,1630.92065264724,0.00541097795467748,0.0326360752941976,TRUE,"S01",131,FALSE
"training_t0200_upper",1,NA,893.830613991266,2072.45093377126,0.00518986268925852,0.0333606014648857,TRUE,"S01",131,FALSE
"training_t0200_midpoint",1,NA,1008.53883121961,1852.16726198856,0.00356239889832265,0.0315424051219717,TRUE,"S01",131,FALSE
"training_t0200_width",1,NA,819.349462642257,1912.27103413442,0.00796480344047402,0.0348080216484963,TRUE,"S01",131,FALSE
"terminal_lower",1,NA,935.049805769983,1630.92065264724,0.00541097795467748,0.0326360752941976,TRUE,"S01",131,FALSE
"terminal_upper",1,NA,893.830613991266,2072.45093377126,0.00518986268925852,0.0333606014648857,TRUE,"S01",131,FALSE
"terminal_midpoint",1,NA,1008.53883121961,1852.16726198856,0.00356239889832265,0.0315424051219717,TRUE,"S01",131,FALSE
"terminal_width",1,NA,819.349462642257,1912.27103413442,0.00796480344047402,0.0348080216484963,TRUE,"S01",131,FALSE
"future_h01_lower",1,NA,934.264935223661,1659.40625311604,0.0054086013327301,0.0326458972673506,TRUE,"S01",131,FALSE
"future_h01_upper",1,NA,896.129460901872,2072.45093377126,0.00517235198551034,0.0333164207108584,TRUE,"S01",131,FALSE
"future_h01_midpoint",1,NA,1009.02364525097,1888.99527837406,0.00355384696121756,0.0315132285781572,TRUE,"S01",131,FALSE
"future_h01_width",1,NA,820.829808671035,1894.25639906998,0.00794990375968771,0.0347858541459267,TRUE,"S01",131,FALSE
"future_h05_lower",1,NA,934.264935223661,1659.40625311604,0.0054086013327301,0.0326458972673506,TRUE,"S01",131,FALSE
"future_h05_upper",1,NA,896.129460901872,2072.45093377126,0.00517235198551034,0.0333164207108584,TRUE,"S01",131,FALSE
"future_h05_midpoint",1,NA,1009.02364525097,1888.99527837406,0.00355384696121756,0.0315132285781572,TRUE,"S01",131,FALSE
"future_h05_width",1,NA,820.829808671035,1894.25639906998,0.00794990375968771,0.0347858541459267,TRUE,"S01",131,FALSE
"future_h10_lower",1,NA,934.264935223661,1659.40625311604,0.0054086013327301,0.0326458972673506,TRUE,"S01",131,FALSE
"future_h10_upper",1,NA,896.129460901872,2072.45093377126,0.00517235198551034,0.0333164207108584,TRUE,"S01",131,FALSE
"future_h10_midpoint",1,NA,1009.02364525097,1888.99527837406,0.00355384696121756,0.0315132285781572,TRUE,"S01",131,FALSE
"future_h10_width",1,NA,820.829808671035,1894.25639906998,0.00794990375968771,0.0347858541459267,TRUE,"S01",131,FALSE
"future_h20_lower",1,NA,934.264935223661,1659.40625311604,0.0054086013327301,0.0326458972673506,TRUE,"S01",131,FALSE
"future_h20_upper",1,NA,896.129460901872,2072.45093377126,0.00517235198551034,0.0333164207108584,TRUE,"S01",131,FALSE
"future_h20_midpoint",1,NA,1009.02364525097,1888.99527837406,0.00355384696121756,0.0315132285781572,TRUE,"S01",131,FALSE
"future_h20_width",1,NA,820.829808671035,1894.25639906998,0.00794990375968771,0.0347858541459267,TRUE,"S01",131,FALSE
