"DGP","replication","method","profile","variable","draws","mean","sd","q05","q50","q95","acf_lag01","acf_lag05","acf_lag10","acf_lag25","acf_lag50","ess_bulk","ess_tail","approximate_ess_bulk_per_second","elapsed_seconds_per_chain_estimate","diagnostic_pass"
"S05",2,"M02","A","mean_midpoint",4000,0.351997114925477,0.0603623442304183,0.251481416874123,0.35428330162146,0.445895855733831,0.78083076491942,0.294040014603578,0.0731303459735708,-0.00738192518911963,-0.0228604954577232,487.053721272243,1022.18200440154,NA,NA,TRUE
"S05",2,"M02","A","mean_width",4000,1.96368144246544,0.121443598660421,1.77727566671517,1.95946300893061,2.16363329032245,0.77895264944585,0.321858009514526,0.102997887053326,0.00642205039591717,0.0250531167954337,451.858920469562,1022.44949036366,NA,NA,TRUE
"S05",2,"M02","A","observed_loss",4000,71.3552262402783,3.87444415913669,66.1230551171686,70.8391622129256,78.517793634485,0.687035497486334,0.14934458906721,-0.020911890201631,-0.00980514132332089,0.00908038182982295,807.198824180749,1041.10065448927,NA,NA,TRUE
"S05",2,"M02","A","terminal_midpoint",4000,0.92825452389928,0.100370847364097,0.759733383415723,0.929078775243714,1.08642812173134,0.559956743705281,0.171352281104173,0.0264631868720945,-0.0222627373896112,0.0111508728998691,787.066797714104,1193.38779175046,NA,NA,TRUE
"S05",2,"M02","A","terminal_width",4000,2.06542992823298,0.201977170497672,1.74182981904895,2.06067695474664,2.40816242699094,0.55700792308559,0.178881516866052,0.0259424847135171,-0.00264617077304802,0.023791566794992,779.125931889955,1261.02877854931,NA,NA,TRUE
"S05",2,"M02","B","mean_midpoint",4000,0.355959349946915,0.0593907963153005,0.253612054232308,0.360139062821996,0.448740812545924,0.773044983555304,0.272513696467218,0.0801580843186379,0.0346523849060257,0.0525081912367221,513.934776207624,920.080003645266,NA,NA,TRUE
"S05",2,"M02","B","mean_width",4000,1.96337484150347,0.120365283191811,1.7764816926945,1.95947859069413,2.16704540324752,0.773173264734196,0.304316076200566,0.0651294452442446,0.0251022966103691,-0.000829998609884484,477.409912394589,868.512207157159,NA,NA,TRUE
"S05",2,"M02","B","observed_loss",4000,71.1359849366962,3.83789736984162,65.9777194570752,70.6516185937931,77.461056380998,0.658768308658803,0.139252049964908,0.0235096553290891,0.00603071944280924,0.00299589628975939,754.929322209605,1385.39677126363,NA,NA,TRUE
"S05",2,"M02","B","terminal_midpoint",4000,0.932583143835833,0.103583940240098,0.761195178955349,0.93699565222315,1.09833495501467,0.57602575005476,0.154183363761927,0.0164832625186593,0.0331627589586732,0.0524210676257094,828.643424311584,1388.31982649466,NA,NA,TRUE
"S05",2,"M02","B","terminal_width",4000,2.05777880485202,0.198931853278588,1.72842575595793,2.05807037933734,2.38276518417676,0.547436596844413,0.155653235270819,0.0766214045435487,-0.023653393263861,0.0248207404441954,727.755694284138,1472.24390229243,NA,NA,TRUE
"S05",2,"M02","C","mean_midpoint",4000,0.35031702842641,0.0603221212597817,0.25152728335994,0.350463682540861,0.445126420363175,0.781885748556756,0.268936633746326,0.0860940483232134,-0.0131180434649155,-0.0382552656325825,499.405582326659,866.276919042067,NA,NA,TRUE
"S05",2,"M02","C","mean_width",4000,1.95237492703426,0.119216730957521,1.75905209543252,1.95506953736481,2.14602711318223,0.775073294911391,0.323979244065332,0.130043212196584,0.0317598515393989,-0.0202277417605271,429.626141916503,830.445041613712,NA,NA,TRUE
"S05",2,"M02","C","observed_loss",4000,71.3495733528718,3.91523581689716,66.0255596430506,70.8896687014698,77.9028883015056,0.66184595295247,0.110010535372445,0.00127717037571246,-0.0296382400159849,-0.0171704699173229,801.331361774266,1581.9175830096,NA,NA,TRUE
"S05",2,"M02","C","terminal_midpoint",4000,0.927961432521543,0.103637985990797,0.759248050924339,0.930351253650909,1.09456272458791,0.575096123398169,0.128821014336487,0.0100330905250565,-0.0259764477877829,0.0141789093379049,863.047258626556,1322.03597602331,NA,NA,TRUE
"S05",2,"M02","C","terminal_width",4000,2.05597188168453,0.203690509401879,1.7271768081982,2.05130703025511,2.4012729243482,0.552245054721638,0.16709522490339,0.0242216592515508,0.0555483607250992,-0.0440911995179653,832.935608339706,1340.1667091259,NA,NA,TRUE
"S05",2,"M02","D","mean_midpoint",4000,0.347562719924227,0.0607624926195415,0.240522118237136,0.35109764770443,0.441276639221278,0.776771279053184,0.278136038566227,0.0773647891600016,-0.0102391482311947,-0.0264541344893292,516.344917780651,1033.86426622455,NA,NA,TRUE
"S05",2,"M02","D","mean_width",4000,1.95671362136943,0.121354650336753,1.76038539938237,1.95844648390528,2.15605175611436,0.774373017758055,0.302883901674926,0.107869806290522,-0.0317108666630576,-0.0541595576097349,402.954121231921,733.277569612053,NA,NA,TRUE
"S05",2,"M02","D","observed_loss",4000,71.4201721533291,3.97548135104755,66.0599514633235,70.9819831741829,78.3369915358882,0.680782047874945,0.159982504899608,0.0370330150069405,0.0134848437787612,-0.00135424268415935,728.613546408647,1273.880400712,NA,NA,TRUE
"S05",2,"M02","D","terminal_midpoint",4000,0.925855529728351,0.104185659025644,0.749478019901282,0.930146006832856,1.08628281122382,0.572109614460693,0.15049006866037,0.00496441141740151,0.0130096475517127,0.0182053773532068,867.036508369238,1401.55883903057,NA,NA,TRUE
"S05",2,"M02","D","terminal_width",4000,2.04934379779095,0.201012749308491,1.72232599053556,2.0465634027771,2.3868973512458,0.564728362936924,0.163428982023926,0.0112116222493473,0.0177564884535978,0.0313975579613927,807.450004000623,1396.27045404498,NA,NA,TRUE
"S05",81,"M06","A","mean_midpoint",2000,0.580359296619065,0.109377396936282,0.398139840932002,0.581251340891704,0.760855964271881,0.702191114651959,0.214095516881434,0.0500154167161981,-0.00156374320518277,0.0343292328507201,295.686613883177,573.186195369796,NA,NA,TRUE
"S05",81,"M06","A","mean_width",2000,3.40886703691823,0.211900496451672,3.06822262141477,3.40466711692635,3.76367250821808,0.710717403205,0.219890813234211,0.0606909942984605,-0.00236222367836226,-0.017922721000752,301.692710432934,585.009132265309,NA,NA,TRUE
"S05",81,"M06","A","observed_loss",2000,137.613995772021,4.26139853404002,130.857971626526,137.473513742753,144.889113033896,0.305752099782003,0.0209673428870514,-0.0035959854452309,-0.00203781783353789,0.00643530893511776,869.521273938635,1435.25528855641,NA,NA,TRUE
"S05",81,"M06","A","terminal_midpoint",2000,0.277024813376852,0.275554167650805,-0.171521023218201,0.282784965849223,0.72215096616289,0.412889644421326,0.0775728775837634,0.00863938772230108,-0.0230643459984496,0.0189194089639932,511.106203008213,993.436153936457,NA,NA,TRUE
"S05",81,"M06","A","terminal_width",2000,4.5089316132141,0.590926048181583,3.51495666690906,4.51677512995216,5.43939094199108,0.469089313719985,0.147495287319788,0.00949559685794894,0.000213713311265428,0.0152455389046624,413.929388361872,787.132437552086,NA,NA,TRUE
"S05",81,"M06","B","mean_midpoint",2000,0.580235790512977,0.112545266213144,0.39251285199013,0.581438531324691,0.763186097726738,0.684845536413298,0.210210286875224,0.0656064419219565,0.026384965197329,0.00652663014734985,286.875801687817,635.648008875642,NA,NA,TRUE
"S05",81,"M06","B","mean_width",2000,3.40625270786014,0.208547906871064,3.05913182658165,3.406063187176,3.74455653053817,0.702787442969026,0.21184295613957,0.0396244155127017,-0.00510415634353965,0.00981057512310599,302.09701121816,647.133932505932,NA,NA,TRUE
"S05",81,"M06","B","observed_loss",2000,137.539328790536,4.30580047397219,130.684872380062,137.304644951617,145.017375656745,0.346204802855231,0.0592811577703047,0.0471266365933687,0.0351445479845616,-0.00607717325585761,623.809859747976,1356.61856856388,NA,NA,TRUE
"S05",81,"M06","B","terminal_midpoint",2000,0.25889328161695,0.278963297066922,-0.204466786379983,0.268714868731561,0.710226579491715,0.387689291097405,0.115190562783993,0.0259291061596725,0.00539167681772184,0.0202366898158363,552.206204161984,930.198276165826,NA,NA,TRUE
"S05",81,"M06","B","terminal_width",2000,4.50846490509639,0.582707064469586,3.5208821895444,4.50789088445132,5.43853299303175,0.457878567884242,0.140278440057741,0.0442433140982655,-0.00677217365537682,0.0384123047214333,450.178089658386,1000.0981574618,NA,NA,TRUE
"S05",81,"M06","C","mean_midpoint",2000,0.577400789923877,0.109866252247822,0.401430200882211,0.571885883076179,0.761363025104053,0.700840483471808,0.169808591429063,0.0398170155109812,-0.0178414766103666,-0.016271904268396,352.935734020475,647.549686665779,NA,NA,TRUE
"S05",81,"M06","C","mean_width",2000,3.39876678220692,0.211385035347864,3.0655606692186,3.39262480591663,3.75478268493906,0.716909977625813,0.202669745066926,0.0371956579463733,-0.0298204191730867,-0.0292919170634075,336.186040807126,625.048149895866,NA,NA,TRUE
"S05",81,"M06","C","observed_loss",2000,137.720343830759,4.35493152474877,130.881234155767,137.654836568783,144.774465039687,0.308595594310376,0.03529139865593,-0.00543709383433859,0.000897556839983516,0.0231119833716607,945.192686496644,1045.23371279339,NA,NA,TRUE
"S05",81,"M06","C","terminal_midpoint",2000,0.260483414210792,0.279107265215901,-0.185111859045368,0.271236475645242,0.715747524340972,0.414359727814772,0.0851392716443063,0.0156095534298832,0.00648005984090514,0.0155923327733822,545.05148133934,925.07537651216,NA,NA,TRUE
"S05",81,"M06","C","terminal_width",2000,4.51097777970251,0.598053789976151,3.51670625378918,4.5209550095521,5.46851826851415,0.501401021824067,0.136022562339274,0.0176850462443409,0.0139952699248048,-0.0114748877427349,442.215154242492,876.547691783944,NA,NA,TRUE
"S05",81,"M06","D","mean_midpoint",2000,0.585483996287362,0.113405857060865,0.406523778160304,0.582667728832782,0.784572782892777,0.708367352272842,0.1702242556788,0.0186544932041111,0.0034785908963881,-0.0146336075237975,347.422895584201,641.834232912096,NA,NA,TRUE
"S05",81,"M06","D","mean_width",2000,3.42650995972068,0.216463516182071,3.07569636354221,3.41608782332479,3.79778156010825,0.718157265393495,0.195057388205351,0.0621187572072367,-0.00694867725291298,-0.019392933857841,295.764567026355,575.414710261145,NA,NA,TRUE
"S05",81,"M06","D","observed_loss",2000,137.77880077235,4.19586755089988,131.070358091247,137.68207171317,144.831372557895,0.308022219921431,-0.0185438066648626,0.0205966466323876,-0.00167744464443334,-0.0458203672433533,904.818770137116,1422.34821049393,NA,NA,TRUE
"S05",81,"M06","D","terminal_midpoint",2000,0.277798958038079,0.274447691036921,-0.190734960566268,0.28923896202741,0.720437877790295,0.416219377875588,0.129432957464719,0.034766160997191,-0.0833604884701407,-0.0040702549159168,480.198281024901,1140.70697185401,NA,NA,TRUE
"S05",81,"M06","D","terminal_width",2000,4.52092511007961,0.563764155802543,3.55742473446115,4.53888104438494,5.44102758475667,0.456324862649693,0.144501334540783,0.048051926000558,-0.0673316214337713,-0.0227234010832173,441.643318796788,909.06035164454,NA,NA,TRUE
"S05",172,"M08","A","mean_midpoint",4000,0.794493598475919,0.116512961516118,0.612662894112056,0.790596041664708,0.991415006710537,0.682833429682087,0.181687774334839,0.0725858087292408,-0.0358480328080991,-0.00905885056215855,615.965616885712,1189.11641187018,NA,NA,TRUE
"S05",172,"M08","A","mean_width",4000,2.82374550015121,0.224312859214804,2.46298224058847,2.81690677661025,3.19439902241665,0.70069335414759,0.194137008533256,0.0707235546106868,-0.0136988371430595,-0.0141291530076952,591.173267624557,915.098043733046,NA,NA,TRUE
"S05",172,"M08","A","observed_loss",4000,82.5170317285175,4.31861570687896,75.6469582028436,82.3977773050827,89.8257192186423,0.267943492641762,0.0174576154531239,0.0116279093039115,0.000780220827096884,-0.0154142490568159,1891.87953185788,2833.28180987347,NA,NA,TRUE
"S05",172,"M08","A","terminal_midpoint",4000,1.18976259657355,0.299411829986214,0.699664337533466,1.19507754384666,1.67596633491114,0.242477700708865,0.0175427252212733,-0.00587731249441071,0.00496488321574214,-0.0179532383160917,2197.14939701217,3312.09028733733,NA,NA,TRUE
"S05",172,"M08","A","terminal_width",4000,2.77685444091662,0.592965294180681,1.79818079559377,2.77608510916641,3.75852317140253,0.286919551616098,0.0279125791300877,0.000516093413283027,-0.00726324852463908,-0.00160623010204497,1910.63288018466,3109.2404970494,NA,NA,TRUE
"S05",172,"M08","B","mean_midpoint",4000,0.794216963462559,0.11688181441283,0.611696702107016,0.789309843931969,0.991652551168299,0.665973232671238,0.246487527413907,0.0571702528617542,0.0382410544498824,0.0304777595511809,575.72075414249,1128.79388203375,NA,NA,TRUE
"S05",172,"M08","B","mean_width",4000,2.82780629181973,0.228295432889505,2.45946237595201,2.82634905254716,3.21251342722358,0.70645765670877,0.249156474984957,0.086892893412326,0.0557613782485472,0.0607548774812232,414.956873769343,962.967184903728,NA,NA,TRUE
"S05",172,"M08","B","observed_loss",4000,82.5985834879856,4.39556577398285,75.7058587053117,82.3805379561862,90.1615380300067,0.256853125137146,0.000555110317300059,-0.00308508685456077,0.0190429475614549,0.000852684296113097,2008.79194707295,2685.65442977699,NA,NA,TRUE
"S05",172,"M08","B","terminal_midpoint",4000,1.18577589860998,0.301969687090495,0.690954719200991,1.18759740227556,1.66447860784252,0.242336885620502,0.0125121028195957,-0.00398176392697589,0.0341116028386734,0.00601637971224131,2305.56963795161,2995.88184692555,NA,NA,TRUE
"S05",172,"M08","B","terminal_width",4000,2.75401136853477,0.586791401788934,1.79064705797049,2.76142254768262,3.70353854879028,0.311931625746009,-0.000965150859908753,0.00561200219594002,-0.0153117800935234,0.012745956714573,2060.23141989809,2797.08868271174,NA,NA,TRUE
"S05",172,"M08","C","mean_midpoint",4000,0.795343712538769,0.116506368467819,0.611671087160917,0.790241403138678,0.994657161229677,0.684635685396194,0.212814986031767,0.0665434647286892,-0.0140831974626711,0.019602377046205,626.289894576554,1086.59768944617,NA,NA,TRUE
"S05",172,"M08","C","mean_width",4000,2.828598914988,0.225158537367331,2.47400174546681,2.81967947627917,3.21086750355386,0.722038278772114,0.238326147825252,0.051273908928958,-0.0292240636123163,0.0485843374109488,591.387938505331,780.351431636173,NA,NA,TRUE
"S05",172,"M08","C","observed_loss",4000,82.5310744326323,4.30045377868708,75.8078677991709,82.4459822417718,89.9711100504164,0.282077001938924,0.0229566621976319,-0.0073571675552207,0.018154752766983,0.0048502886462684,1858.43874435137,2689.07584460667,NA,NA,TRUE
"S05",172,"M08","C","terminal_midpoint",4000,1.19400258557585,0.299035122298396,0.726453084688126,1.19064586157739,1.69738960164913,0.224537924594146,0.0148021230950063,-0.0337986348972178,0.0044676618710441,-0.0375555002267464,2151.96866021858,3326.84829446051,NA,NA,TRUE
"S05",172,"M08","C","terminal_width",4000,2.74767830116079,0.586008771533944,1.77309440274677,2.7464682081578,3.73346723607719,0.313650867729142,0.0226521706924652,-0.00533481381867646,0.00790863183769441,-0.00200401316786761,1775.0001601032,2592.97588631759,NA,NA,TRUE
"S05",172,"M08","D","mean_midpoint",4000,0.787697677905914,0.11312638448416,0.607256327145263,0.783697161717904,0.980659260789025,0.651432730232913,0.169981201224783,0.0846119980271405,0.0241714023877002,-0.00549857302060719,520.776895708295,1311.16991455027,NA,NA,TRUE
"S05",172,"M08","D","mean_width",4000,2.82253798637766,0.214876482029913,2.47936279946064,2.81558506206003,3.18984177640708,0.680150097137876,0.204056369330518,0.0967531895890164,0.0226996960467009,-0.0227487127746612,507.711263579959,1284.01299302698,NA,NA,TRUE
"S05",172,"M08","D","observed_loss",4000,82.7018405354665,4.35526644299013,75.8343797660851,82.6135969296045,90.1332474345836,0.269702158084284,0.0395199270721357,0.0405502977259376,0.0193215068034893,-0.00691900922036237,1425.03464053941,2995.28571216634,NA,NA,TRUE
"S05",172,"M08","D","terminal_midpoint",4000,1.19467159087508,0.298410037771723,0.704204680997385,1.19189292991702,1.68754968992961,0.251745078377167,-0.0119529072381041,0.00978617592680637,-0.0167423242273816,0.00266364085523792,2283.03878691853,2899.09352411828,NA,NA,TRUE
"S05",172,"M08","D","terminal_width",4000,2.76430649962767,0.608680607635777,1.74768403609286,2.76467303091125,3.76993353444058,0.314656529735313,0.0320010995707938,0.0221055022147962,-0.0118572179193226,0.0156951226159997,1836.99843922019,2437.33389721331,NA,NA,TRUE
"S06",24,"M02","A","mean_midpoint",4000,1.45224959199212,0.0651600608852421,1.34340565472924,1.45295512383171,1.56098629316881,0.832183476214146,0.405074874015434,0.150564109226816,0.060017993028829,-0.0772672366368589,377.062065365851,796.552843917306,NA,NA,TRUE
"S06",24,"M02","A","mean_width",4000,3.66719363720644,0.131179567323893,3.45563290445443,3.66539180522739,3.8863937871464,0.828241416787688,0.383998358543094,0.175323957208806,0.035242821669658,-0.0352915784413857,347.015916537581,716.942303591767,NA,NA,TRUE
"S06",24,"M02","A","observed_loss",4000,75.1299178250828,2.40775897410177,71.6089508572255,74.8572865391423,79.4336676585754,0.664009073987729,0.226606361460766,0.059492016216504,0.0461512343736881,-0.00892332266698122,625.437535140634,1202.30814294405,NA,NA,TRUE
"S06",24,"M02","A","terminal_midpoint",4000,1.34493285854765,0.132681930719467,1.14465963676338,1.33506803362219,1.57500009379052,0.65348549243242,0.212713054502108,0.071393712766468,0.0173926947770595,-0.0304841180134451,621.729267630376,1589.89736506056,NA,NA,TRUE
"S06",24,"M02","A","terminal_width",4000,3.44796569454811,0.262887960386329,3.05626982123879,3.4318627285875,3.90873944595302,0.64571460237285,0.236273667194025,0.123105730397525,0.020098128765033,-0.0340934911120518,530.98598050009,1624.69613111751,NA,NA,TRUE
"S06",24,"M02","B","mean_midpoint",4000,1.45321077036703,0.0599526821793096,1.3549164788404,1.4532345963687,1.55488689197134,0.805779908325669,0.348556272347431,0.106448370463986,-0.0101607680567179,-0.0299393606522744,437.562318416465,806.701177144418,NA,NA,TRUE
"S06",24,"M02","B","mean_width",4000,3.68282807423374,0.121389309023981,3.48526388797842,3.68103960068485,3.88475578877344,0.810547162346759,0.354133355900606,0.119863805544197,0.0325418101211511,0.015859122692006,405.973805568742,902.483554193146,NA,NA,TRUE
"S06",24,"M02","B","observed_loss",4000,75.0853091393811,2.2757495886745,71.6180871298244,74.9482735182185,79.1800823127395,0.619919502500855,0.201236234098832,0.0494403376633914,-0.03280717292577,-0.00844134016590622,649.182783566741,1580.76169744562,NA,NA,TRUE
"S06",24,"M02","B","terminal_midpoint",4000,1.34415319954147,0.133194077295938,1.140503084274,1.3365322291595,1.57328779749873,0.648199677761353,0.244789110719703,0.125224927138365,0.0467219338651689,-0.00918383671141928,417.443675138614,1380.15392158164,NA,NA,TRUE
"S06",24,"M02","B","terminal_width",4000,3.47135352467631,0.26716711415945,3.0644776508669,3.45340415728589,3.93539175586148,0.647256540128395,0.258154470164757,0.129286720499781,0.0289698335138763,0.0157637241696273,458.8337351506,1294.95312978393,NA,NA,TRUE
"S06",24,"M02","C","mean_midpoint",4000,1.44731482494963,0.0624364755065226,1.34546333814551,1.44708315264755,1.55157726692619,0.825949476630759,0.374028388982718,0.15171127741294,0.0587900600659756,0.0078615249370211,330.737189450935,840.592444202534,NA,NA,TRUE
"S06",24,"M02","C","mean_width",4000,3.67449202292582,0.126766635213084,3.47073266343967,3.67186265127592,3.8848372144854,0.82140297416006,0.402471795481261,0.205633051286045,0.00429267788802564,-0.0506246309174992,335.514611307344,883.038948865797,NA,NA,TRUE
"S06",24,"M02","C","observed_loss",4000,75.1937568510148,2.3611424303222,71.6256884887261,75.0188277754286,79.3759734237993,0.642609253085085,0.256137877014256,0.114827504997006,0.0261685500701164,0.0100431314830332,443.441897735354,1411.45143411926,NA,NA,TRUE
"S06",24,"M02","C","terminal_midpoint",4000,1.32959115868972,0.130256673373337,1.1278180306844,1.31942720487527,1.55522735630578,0.626743016147685,0.23210099057726,0.069844980393543,0.0348977780235675,-0.0226929366099576,535.869510444214,1413.12684296347,NA,NA,TRUE
"S06",24,"M02","C","terminal_width",4000,3.4443571053315,0.262059258396709,3.03724904769213,3.42483930219702,3.90850651645067,0.638913699805922,0.24245021814443,0.0877155501080338,-0.00303821003873532,-0.0400703673691232,570.892804868595,1366.66188013123,NA,NA,TRUE
"S06",24,"M02","D","mean_midpoint",4000,1.4501467617735,0.0617757688666027,1.35082966822058,1.44867680029046,1.55372940625287,0.822359545870658,0.360265439826744,0.134251302320499,-0.00402727970272898,0.0147318508857477,405.119952305016,666.909225776436,NA,NA,TRUE
"S06",24,"M02","D","mean_width",4000,3.67454786449583,0.126152569634162,3.47913068106349,3.67155917567792,3.88817657704993,0.821834410660806,0.367425772415985,0.130941294818782,-0.00523483781137096,0.00151732750348621,422.576038021086,781.258847818628,NA,NA,TRUE
"S06",24,"M02","D","observed_loss",4000,75.2095343826769,2.31927360541427,71.6476411689524,75.0383814733578,79.2546989852893,0.633055981054294,0.243965773553638,0.0712532711972853,-0.0233915562808663,0.0187869531750089,577.862547825452,1221.95802667834,NA,NA,TRUE
"S06",24,"M02","D","terminal_midpoint",4000,1.34508840188518,0.128883167697897,1.15021040885771,1.33836896094278,1.57010862479745,0.649896494978586,0.206476175794901,0.0730493978266213,0.0227842369014962,0.0105615903099051,599.978030903497,1536.66443875549,NA,NA,TRUE
"S06",24,"M02","D","terminal_width",4000,3.47244208856481,0.260661284119457,3.06975113092564,3.45617898423961,3.91897762832833,0.648240501960886,0.231760297214769,0.115422708183046,0.0221157730841996,0.0042031523662234,496.604439557233,1426.09352418457,NA,NA,TRUE
"S06",149,"M02","A","mean_midpoint",4000,-0.0668587078172517,0.0589017980124132,-0.164673082089584,-0.0673928349530177,0.029062940262456,0.844779406927799,0.439680819087253,0.198854729404687,-0.0082914585004311,-0.0445859463738466,332.892175826143,631.283241257541,NA,NA,TRUE
"S06",149,"M02","A","mean_width",4000,3.07562056514006,0.115836468084849,2.88026607013423,3.07606029290887,3.26301489114577,0.840960733661802,0.42723540011361,0.213641304895014,0.0149897826659879,-0.0312023502525967,309.207978091534,634.941002728951,NA,NA,TRUE
"S06",149,"M02","A","observed_loss",4000,77.1317542643719,2.13017665881424,73.8297328212043,76.9859629402626,80.8849402674576,0.621109158765021,0.269292770628573,0.125824229057194,0.00312556321897288,-0.0568651517608883,520.548462233821,1127.91560416411,NA,NA,TRUE
"S06",149,"M02","A","terminal_midpoint",4000,-0.153499864032493,0.112229807176997,-0.34741349852123,-0.147761907560869,0.0201389603064267,0.564669937405978,0.220451869495276,0.108248289635656,0.0042476325247667,-0.0291005161122029,578.428292705293,797.372765251012,NA,NA,TRUE
"S06",149,"M02","A","terminal_width",4000,3.22170619043082,0.220140045442738,2.84965933603569,3.23783195434022,3.56008731496148,0.564351542646858,0.188030827585689,0.0997182712363719,0.0163599107456772,-0.0237797495168772,577.762683473215,841.996469465577,NA,NA,TRUE
"S06",149,"M02","B","mean_midpoint",4000,-0.070199202476014,0.0596001957087972,-0.16743352804674,-0.071278638721028,0.0291686277076396,0.846758038819919,0.46546846302594,0.22068706795616,0.0193601173347372,-0.0805512661442991,315.501530564451,593.07729895572,NA,NA,TRUE
"S06",149,"M02","B","mean_width",4000,3.07721296346286,0.116757774200623,2.88621541755779,3.07582170559397,3.26987137377943,0.838248405440571,0.428126151008981,0.174027332178832,0.0284304164047083,-0.0531606915564853,346.983765005902,867.741264828686,NA,NA,TRUE
"S06",149,"M02","B","observed_loss",4000,77.1644078525358,2.11950729049697,73.8552227246205,77.0306305643753,80.8394647864907,0.622196363320487,0.281943187427543,0.128309588936771,0.00324543521851306,-0.0515911382079327,502.778744759631,863.072410052941,NA,NA,TRUE
"S06",149,"M02","B","terminal_midpoint",4000,-0.155337242825552,0.108168178940596,-0.33938899647338,-0.151710358262645,0.0119966896040744,0.565219776709509,0.162528617901476,0.054557207655657,0.0246786017994759,-0.0734107314640272,763.248916923089,1379.94166252661,NA,NA,TRUE
"S06",149,"M02","B","terminal_width",4000,3.23282717028966,0.21381298958937,2.86446032463681,3.24116311845107,3.56848711563399,0.551454719109602,0.140136555719268,0.0479272508728789,0.0230686282707626,-0.0653498591609497,812.745772981142,1599.01568591535,NA,NA,TRUE
"S06",149,"M02","C","mean_midpoint",4000,-0.0712141843211477,0.0568130030017463,-0.165328964630321,-0.0713242931996236,0.0249568785295028,0.824838068522904,0.429019926259292,0.189520512786926,-0.0296224326484963,0.0394094112274382,337.58869458115,776.358918894876,NA,NA,TRUE
"S06",149,"M02","C","mean_width",4000,3.07438696531078,0.112092672087244,2.89316072796477,3.07285336609219,3.2646463683064,0.822174052922446,0.391206349118436,0.145376737418737,0.0170638845123344,0.00931286978445742,361.146445229488,669.752322025332,NA,NA,TRUE
"S06",149,"M02","C","observed_loss",4000,77.1767267489883,2.09861598919806,73.9760122028207,77.0497898326051,80.8470554709123,0.598664549466024,0.247813064384106,0.0967137295725052,-0.00974886359451778,0.0141760155728297,534.617103235689,832.163412825721,NA,NA,TRUE
"S06",149,"M02","C","terminal_midpoint",4000,-0.163136333687444,0.111662920337672,-0.360835619656895,-0.157529855864248,0.00958554778574373,0.584453910682988,0.200122552360672,0.0585281311818336,-0.0197196803740248,0.048581820717872,652.147630755085,1035.16915405999,NA,NA,TRUE
"S06",149,"M02","C","terminal_width",4000,3.21726206018498,0.226145614652728,2.81950162330907,3.23082321353695,3.570025523987,0.578961438091233,0.145178693983791,0.0572122350315951,-0.00296617213782235,0.0373084122741524,667.495121127494,1315.96995305737,NA,NA,TRUE
"S06",149,"M02","D","mean_midpoint",4000,-0.070170938423507,0.0579600489379518,-0.165873659002166,-0.0710919985487318,0.0259393869865509,0.830894521846986,0.395507410714451,0.146156982956998,0.00935020851864033,-0.0425549837287495,393.523821362503,669.109605492728,NA,NA,TRUE
"S06",149,"M02","D","mean_width",4000,3.07429639457809,0.11483354660516,2.89177023087857,3.07453494636175,3.26132094950929,0.834504816017087,0.40895904838972,0.148957205755725,0.0173179503340912,-0.00402361985991732,359.61860399819,745.496824900982,NA,NA,TRUE
"S06",149,"M02","D","observed_loss",4000,77.1846731894058,2.12588305978804,73.8857820284754,77.0736555359106,80.8048878905849,0.635597135634062,0.233676185033492,0.0694220246954975,0.0186762921280743,-0.0500648332572564,602.792353622195,918.855752019729,NA,NA,TRUE
"S06",149,"M02","D","terminal_midpoint",4000,-0.159689357416548,0.108806579099443,-0.345839023282915,-0.154403869286922,0.00854370522726068,0.540275277669956,0.130680457650354,0.0476703105867985,0.00165643437616953,-0.00958969189859352,812.362400649279,1325.10306196109,NA,NA,TRUE
"S06",149,"M02","D","terminal_width",4000,3.21285180601634,0.219531770139621,2.83277001328326,3.22073625182222,3.55389457686284,0.55695347118833,0.168210825976923,0.0620671139880006,-0.0184916736036707,-0.00702370779592473,743.403408969045,1108.47574640492,NA,NA,TRUE
"S05",18,"M01","A","log_q_1",6000,-1.59650336838065,0.3047624783049,-2.09758467352717,-1.58655032509899,-1.11019491896454,0.736737086613659,0.411055278456006,0.24935284634692,0.130404225882781,0.0585049513875365,232.570769459742,902.058506420213,NA,NA,TRUE
"S05",18,"M01","A","mean_midpoint",6000,-2.06196924789502,0.153275110577688,-2.31078334208867,-2.0630716712159,-1.80225656876227,0.622986351374152,0.316307490870485,0.174772692630421,0.0614577427836468,0.0544655305555649,339.165924379229,1431.02587716933,NA,NA,TRUE
"S05",18,"M01","A","mean_width",6000,3.12210200912002,0.289387107876832,2.67193086314498,3.10920752257193,3.62011344575629,0.69670052126211,0.344323129760171,0.203488548760625,0.105361858137623,0.0627094288820909,275.500857448963,1251.68340543832,NA,NA,TRUE
"S05",18,"M01","A","observed_loss",6000,83.9965242882472,7.90460376987716,71.7962770488691,83.5735635494805,97.0915460023311,0.431062288923572,0.136364902765793,0.0738997409665706,0.00260658104517859,0.00862270236927791,1203.86830868843,1563.1595186376,NA,NA,TRUE
"S05",18,"M01","A","terminal_midpoint",6000,-3.61606902420344,0.640432168561965,-4.61823450131984,-3.64780834428975,-2.51199477669113,0.100345905766932,-0.0153184678006398,-0.00451516742688841,0.00149401448159089,-0.0214132590752484,4659.78556312317,4862.58881933222,NA,NA,TRUE
"S05",18,"M01","A","terminal_width",6000,1.8015326370122,1.13248857713755,0.183913447449107,1.68089872555656,3.88310239370928,0.250383600654521,-0.00132175513104562,0.0066537577642816,-0.000942049851691597,-0.0166835435795142,3565.6281882508,3953.5172384547,NA,NA,TRUE
"S05",18,"M01","B","log_q_1",6000,-1.52220964965953,0.269933195878113,-1.961451568436,-1.52386220096375,-1.08450689785267,0.656611856402951,0.292513648711714,0.122838646741521,0.0377980010461234,0.00608885311791406,591.009369884334,1160.77397917314,NA,NA,TRUE
"S05",18,"M01","B","mean_midpoint",6000,-2.09339426458058,0.139855145247057,-2.32210287417431,-2.09457991178107,-1.86119110447868,0.56449299133152,0.216211219849988,0.0866833223664242,0.0397307470446798,-0.000832942801071503,706.560064816199,1534.15214849988,NA,NA,TRUE
"S05",18,"M01","B","mean_width",6000,3.05327582387155,0.258280827702476,2.64257973249877,3.0506910954116,3.48473622087932,0.645721760030265,0.24747397873208,0.0931209789054618,0.029666845571703,-0.0180333511579328,674.32060521816,1624.64174869086,NA,NA,TRUE
"S05",18,"M01","B","observed_loss",6000,83.0972052222886,7.56390099435436,71.3817254364927,82.7805230309763,95.9344823531007,0.388340352217511,0.099318000744275,0.0648367946457734,-0.0111401882358712,-0.00699663541870471,1513.18449094302,2083.8267876606,NA,NA,TRUE
"S05",18,"M01","B","terminal_midpoint",6000,-3.62887660219742,0.640280878327854,-4.63800379931893,-3.65797343445693,-2.55024390281588,0.0755261208878644,0.000159678968762554,-0.0184090675506843,0.00102673560318482,0.0080525334007707,4882.7455128457,5065.86194839574,NA,NA,TRUE
"S05",18,"M01","B","terminal_width",6000,1.77320848521109,1.12761725088573,0.191515627619848,1.66411565572492,3.81838133981161,0.221318498524822,0.0184464904952304,-0.00476991744336006,0.0157329896718593,-0.0105425463885266,3630.31924484611,3592.07951621462,NA,NA,TRUE
"S05",18,"M01","C","log_q_1",6000,-1.57303813443122,0.315774549534453,-2.08700281854816,-1.55748261074067,-1.09577305484712,0.754037162387138,0.45102537351921,0.305803823732524,0.159042035226795,0.0997443130656865,283.8028654435,252.62931613099,NA,NA,TRUE
"S05",18,"M01","C","mean_midpoint",6000,-2.07783251650389,0.14798246662333,-2.31017087979206,-2.07936375879967,-1.8291465597776,0.608420035711492,0.296122831420705,0.154133878825053,0.0325250077048582,0.0302107993520358,510.248939490422,2052.83237887674,NA,NA,TRUE
"S05",18,"M01","C","mean_width",6000,3.09303360021431,0.282839715246937,2.64341428586794,3.08476571854388,3.56854538360921,0.697819902770024,0.346563025059599,0.201181552592867,0.0483633742071614,0.0206897760872678,441.528078928046,1347.48638840029,NA,NA,TRUE
"S05",18,"M01","C","observed_loss",6000,83.8112711996675,8.27434347536188,71.462131303908,83.4228657646322,97.4200906594554,0.478010704077317,0.226887582267249,0.180948280256271,0.130756335164625,0.0770611232111359,463.544526322651,253.732787625971,NA,NA,TRUE
"S05",18,"M01","C","terminal_midpoint",6000,-3.60891637929499,0.640868220919013,-4.6049255101032,-3.63831477427919,-2.51210449988578,0.105997025278486,-0.00164041338263134,0.010175590234761,0.0214733199708455,0.00701246615811643,4290.28886550965,5222.64705508786,NA,NA,TRUE
"S05",18,"M01","C","terminal_width",6000,1.78777693940331,1.11900771264128,0.182935626861326,1.67979309321028,3.81086830573679,0.216933322565022,0.0237003813543046,0.0148910093590892,-0.00629349625055769,-0.00245932583344992,3447.75440055258,4425.12236014315,NA,NA,TRUE
"S05",18,"M01","D","log_q_1",6000,-1.55681679500007,0.297137801713641,-2.05961315919453,-1.54085424183208,-1.0924067595771,0.725986795210596,0.426003001584328,0.30788847730588,0.157304736681572,0.0646923988761728,237.030289719497,583.586186831141,NA,NA,TRUE
"S05",18,"M01","D","mean_midpoint",6000,-2.08185086408882,0.152660473714335,-2.32361442205407,-2.08700436259421,-1.81876857258256,0.621687130800102,0.316375808864218,0.184019728810642,0.0790226508635749,0.0659867914752944,358.948240989446,1326.91117124093,NA,NA,TRUE
"S05",18,"M01","D","mean_width",6000,3.08151458357627,0.292067096615735,2.62339197314121,3.07059180546235,3.58491350883756,0.707396151584092,0.377600373908549,0.239213145482601,0.108803516600888,0.0739872980784749,302.732523388624,1139.29164957937,NA,NA,TRUE
"S05",18,"M01","D","observed_loss",6000,83.4994580851373,7.97570352331656,71.3864610408453,83.0684029496353,97.3869560118729,0.435179647196881,0.165089476013908,0.127778643571905,0.0407682208695012,0.00132724145058177,681.093323976097,919.975722786803,NA,NA,TRUE
"S05",18,"M01","D","terminal_midpoint",6000,-3.64520786967987,0.643895909820189,-4.64708364306508,-3.67907229858252,-2.52969563325126,0.0841648405079075,0.0134651042400835,-0.00984711372284313,-0.0240970979051916,0.000214399739629666,4329.90257244023,4186.59422345756,NA,NA,TRUE
"S05",18,"M01","D","terminal_width",6000,1.77985126819402,1.10471526516471,0.193371329299518,1.66543518576101,3.75907994067992,0.198267503667893,0.0172313528413003,0.0033556800435613,-0.00453866142944501,-0.0151550989247953,3271.14199808898,4046.10807295599,NA,NA,TRUE
"S05",99,"M11","A","log_q_1",9000,-1.11725911347017,0.183539010290295,-1.41789982459298,-1.11832741790793,-0.808250531234344,0.614812999271194,0.369945128875651,0.238182141951783,0.154283610170556,0.0785116833707,339.226909123463,610.686790202489,NA,NA,TRUE
"S05",99,"M11","A","log_lambda",9000,2.7334481803324,0.114063960499931,2.5455590977812,2.73338101285161,2.92182237791884,0.621724516600268,0.252690079777322,0.108660090462767,0.0303055574971741,-0.0116337020878437,1004.32971575637,2490.35017665492,NA,NA,TRUE
"S05",99,"M11","A","mean_midpoint",9000,1.88270209233857,0.0423657440388525,1.81397349246308,1.88220776975912,1.95202553663279,0.440481073341575,0.161863776797141,0.095358162282237,0.0508879916744035,0.0290855424085212,902.276900276539,3016.44794497063,NA,NA,TRUE
"S05",99,"M11","A","mean_width",9000,1.61549379014013,0.0854242105886744,1.47785954461918,1.61349188879424,1.75767708558846,0.68911732820816,0.403833936369885,0.250454700728963,0.142372534909892,0.0554936241263915,386.329059129916,912.68922516619,NA,NA,TRUE
"S05",99,"M11","A","observed_loss",9000,12.6072280690566,1.67504328006161,10.0221472180951,12.5144780225699,15.5323310668726,0.764496203866442,0.356281751702391,0.152872415652804,0.0476845210042981,-0.00598460295484298,703.448483232368,1889.98001342007,NA,NA,TRUE
"S05",99,"M11","A","terminal_midpoint",9000,0.225923408392198,0.362747897121887,-0.338004995629505,0.212839074657775,0.833404904458598,0.107313344409225,0.0248615018168626,-0.0105045851824215,-0.00192338498470287,0.00161885817071896,6870.54262322244,7733.51730200345,NA,NA,TRUE
"S05",99,"M11","A","terminal_width",9000,1.64415283962278,0.667749641584755,0.492788758529016,1.65543839497841,2.71738109290079,0.16198356593454,0.0171088351232018,-0.00837867340830669,0.00427298392234308,-0.0131487146153704,5681.66509598643,7185.70381648227,NA,NA,TRUE
"S05",99,"M11","B","log_q_1",9000,-1.10430157383232,0.183879249758764,-1.40528873292954,-1.10324363229052,-0.802809929530324,0.615648623197502,0.371157389296735,0.238417079959772,0.143427083129175,0.0959150298478151,331.799228783747,1378.37694073192,NA,NA,TRUE
"S05",99,"M11","B","log_lambda",9000,2.74265114143644,0.116111920574629,2.54856874871873,2.7445230647351,2.92938349422339,0.629144875188618,0.293421890153603,0.143082360166029,0.0564137824940929,0.00876575589332582,754.939044691051,2104.43853621571,NA,NA,TRUE
"S05",99,"M11","B","mean_midpoint",9000,1.88051007609082,0.0422055152615247,1.81237855529413,1.88034369918243,1.95117042356778,0.441922585369321,0.165406984427618,0.0854908598329784,0.0388200269660821,0.0213429207632774,933.576858235555,3927.99367771988,NA,NA,TRUE
"S05",99,"M11","B","mean_width",9000,1.60790918228233,0.0876510219595561,1.46726252647806,1.60547607609592,1.75508024764167,0.702542456471243,0.417761595253096,0.248968873891288,0.14034086770873,0.0678764625171452,361.981824253897,1508.50304767425,NA,NA,TRUE
"S05",99,"M11","B","observed_loss",9000,12.4595820712548,1.70193155273051,9.90186066678335,12.3252176949316,15.4269684768584,0.779221576682508,0.392235675452196,0.187260987829367,0.083690050133567,0.0154317135571282,565.827692881012,1361.45736630045,NA,NA,TRUE
"S05",99,"M11","B","terminal_midpoint",9000,0.233164330904818,0.36232085481523,-0.337736448665022,0.220824138569366,0.833952787153245,0.110856886426503,0.0115666117507425,-0.00663524373720288,-0.00361124925580785,0.00473680008068044,6574.96933170137,8171.13536154353,NA,NA,TRUE
"S05",99,"M11","B","terminal_width",9000,1.62918257492946,0.674694007758618,0.447998642277363,1.64687228140406,2.72560732073194,0.168285687537831,0.0156094584916082,-0.00688429996759642,-0.00348794437349843,-0.0042276715182654,5808.80283914956,7624.5419766326,NA,NA,TRUE
"S05",99,"M11","C","log_q_1",9000,-1.06516454823402,0.175953033133723,-1.35014883143661,-1.06412831401727,-0.776615298100807,0.583405717046337,0.340043660745199,0.233087894819797,0.108429484229842,0.0892433643236653,306.898280565339,1542.91011785031,NA,NA,TRUE
"S05",99,"M11","C","log_lambda",9000,2.75441903349475,0.116099071741845,2.5596270738194,2.75593694100482,2.94021696804837,0.64259100295426,0.28738813221836,0.140499040579257,0.0584483609178584,0.033423109293804,789.731290164359,2366.47135334625,NA,NA,TRUE
"S05",99,"M11","C","mean_midpoint",9000,1.87463985627506,0.0413552649986999,1.80677874768155,1.87476713102143,1.94240200268296,0.410018371165772,0.130988835365331,0.0755440362855523,0.0167689643658614,0.0432812774713091,1240.6553275847,3873.47940767508,NA,NA,TRUE
"S05",99,"M11","C","mean_width",9000,1.5910167862715,0.0827470193424476,1.45670403674354,1.59069520645994,1.72997474470491,0.677329492085701,0.388338747144377,0.233482352688018,0.107925381739485,0.0741859567201333,312.509257424619,1119.77084153978,NA,NA,TRUE
"S05",99,"M11","C","observed_loss",9000,12.2491424403109,1.64074499478185,9.77036918972485,12.1039564721711,15.1628982139558,0.774545231888398,0.374943164181886,0.190731679283665,0.0696706126892156,0.0488660740744019,511.216947385643,1744.99991074892,NA,NA,TRUE
"S05",99,"M11","C","terminal_midpoint",9000,0.234420029118756,0.363895782890187,-0.332291266108639,0.226359566627362,0.853930745750638,0.122763528425387,0.0253585727292457,-0.00261412725545272,-0.0171623401428658,-0.00328470672139358,7243.5578529953,7850.06416344563,NA,NA,TRUE
"S05",99,"M11","C","terminal_width",9000,1.61342706968784,0.672720073504246,0.438102639203777,1.61955264554449,2.70322401638893,0.158799857983741,0.00628110759195049,-0.00922230420182213,-0.00870576938310656,-0.012139031925734,6533.09721604101,7021.74842171616,NA,NA,TRUE
"S05",99,"M11","D","log_q_1",9000,-1.11410522106398,0.183309605926988,-1.41173623510236,-1.11644807920507,-0.808064605614446,0.60934828573529,0.356143184880343,0.245437506903399,0.14977602882824,0.0957587479194707,298.715632302526,982.601171552419,NA,NA,TRUE
"S05",99,"M11","D","log_lambda",9000,2.73748906177363,0.117817682696997,2.53968452306291,2.73784000811747,2.92976470471752,0.650715515698142,0.261039135943983,0.140714894764528,0.0485791026184491,0.0189649573847267,925.299724179274,2264.1929255069,NA,NA,TRUE
"S05",99,"M11","D","mean_midpoint",9000,1.88363345768674,0.0423531718619923,1.8151998272494,1.88322660672427,1.95402664090617,0.455157248019493,0.169261178066942,0.107388691339264,0.0577371140890559,0.0169961748778145,979.966612057304,3450.73101451138,NA,NA,TRUE
"S05",99,"M11","D","mean_width",9000,1.61528899860341,0.0880891564494398,1.47362000624057,1.61399196217091,1.76456059391562,0.70127844555544,0.414789445606061,0.256111834781986,0.136271019461241,0.0723281269412057,318.933231782898,1138.55333365291,NA,NA,TRUE
"S05",99,"M11","D","observed_loss",9000,12.5574769936874,1.71009169172708,9.91060809327859,12.4377064321567,15.52790474096,0.781093579732494,0.360555516337658,0.181281895356262,0.0596660368280313,0.0289459466546939,716.024750699988,1544.55771428733,NA,NA,TRUE
"S05",99,"M11","D","terminal_midpoint",9000,0.230920219070747,0.36726355741159,-0.340983387137689,0.22183872373992,0.855698602312996,0.12053942801644,0.00575571987316854,-0.00325153702611327,-0.016103351870144,0.00526471938900481,6374.53368057398,7111.35344901499,NA,NA,TRUE
"S05",99,"M11","D","terminal_width",9000,1.63745146063751,0.670117623828222,0.490074205894941,1.65237792496591,2.73263439356686,0.17185028214387,0.00428723629804362,-0.00200481529949353,-0.00482298552437975,-0.005518940589628,5802.76194395717,7249.70192438752,NA,NA,TRUE
"S05",181,"M06","A","mean_midpoint",2000,0.823524905355754,0.0962482556251549,0.662489681530446,0.824961267107811,0.982008927891482,0.648050239497615,0.100020971624478,-0.00797200525760835,-0.0266516917341265,-0.0315019746508864,439.412680140035,833.426557664415,NA,NA,TRUE
"S05",181,"M06","A","mean_width",2000,2.47122412725686,0.191866851509965,2.15686315597063,2.4707443459789,2.79315883614241,0.713652258922435,0.174571002390954,0.044584349354227,-0.0184135188737107,-0.0452144397017944,290.17049721142,830.379049975807,NA,NA,TRUE
"S05",181,"M06","A","observed_loss",2000,86.0016842320665,3.81283974596318,80.2104337457983,85.7790005636141,92.6182537211268,0.324823994465988,0.00607317235079856,-0.0158738169364215,-0.0028063040532327,-0.0396183380182849,908.530937686272,1315.66901922729,NA,NA,TRUE
"S05",181,"M06","A","terminal_midpoint",2000,0.320966289013485,0.207245926247873,-0.0317813285176354,0.320418845974975,0.667310095294881,0.27565425030865,-0.026777612416708,0.0389769771861625,0.0393411789571427,-0.00550402299204002,1048.14704745389,1369.35918559718,NA,NA,TRUE
"S05",181,"M06","A","terminal_width",2000,2.24406405537215,0.416083982929969,1.55270795587074,2.24509260486164,2.93664390993143,0.409296182231698,0.0717700854222775,0.0335232446368423,-0.0179834175021213,-0.0416686700176194,615.692582966793,1067.26867779882,NA,NA,TRUE
"S05",181,"M06","B","mean_midpoint",2000,0.834687839868602,0.0978038749461306,0.671321965786901,0.83252031042053,0.995989389339389,0.673390396238547,0.127241047616324,-0.0170678182001462,0.00683596703408331,-0.0064800580322416,417.883173699174,764.58361157923,NA,NA,TRUE
"S05",181,"M06","B","mean_width",2000,2.49222705646655,0.186294540953153,2.17665461089567,2.49075584302695,2.79865234270901,0.692728115635702,0.187891922293119,0.0572014414617277,0.0123957159938141,-0.000188259685730974,328.162629816903,707.894992103941,NA,NA,TRUE
"S05",181,"M06","B","observed_loss",2000,86.0270924858891,3.68156257994653,80.39845035635,85.7868535338432,92.4700570103357,0.259442760016869,0.0624020205092194,0.00792789814460318,-0.00236215563083413,0.036770319801718,816.936609029515,1502.31643107533,NA,NA,TRUE
"S05",181,"M06","B","terminal_midpoint",2000,0.333935531976785,0.20821431974134,-0.0178078297173373,0.334880541977313,0.674176765678954,0.331719009953459,0.0344797128690462,-0.0511901782411659,0.0042006090033113,-0.00847271337114431,821.289394181783,1413.5425758999,NA,NA,TRUE
"S05",181,"M06","B","terminal_width",2000,2.26204864839306,0.423715524192714,1.57840083585654,2.27287144282397,2.95592483266488,0.386340524070625,0.0403837680734914,-0.00346366308150442,0.0436765965928963,-0.0220735782714331,694.180600852705,953.983162808976,NA,NA,TRUE
"S05",181,"M06","C","mean_midpoint",2000,0.828764664792651,0.0977028961474954,0.667835287349313,0.827688959755956,0.991955340136773,0.677060161580938,0.223720702978809,0.0475664035009031,0.00656212039302776,0.0171543077451781,276.903734917814,454.91284271611,NA,NA,TRUE
"S05",181,"M06","C","mean_width",2000,2.47586323037844,0.188726265739865,2.14804441902481,2.47775801091837,2.77693097158946,0.699984501400896,0.214217171993889,0.0251862941343284,-0.00316028311703205,-0.00989342180953506,326.727940671961,712.732824376065,NA,NA,TRUE
"S05",181,"M06","C","observed_loss",2000,85.9002421828912,3.70063250528123,80.1487582682635,85.66087780398,92.4829893101557,0.327643067337067,0.0243530299347996,0.0266905790453638,0.0189495237649085,0.00782963391700119,711.610950670893,1135.97570842622,NA,NA,TRUE
"S05",181,"M06","C","terminal_midpoint",2000,0.320114946289388,0.210371271282384,-0.0244166581609401,0.31556362143802,0.666069275218499,0.322268301371885,0.0300011661831526,0.0127638845124924,0.00843008564257558,-0.0422342678208466,822.274308099043,1009.68228132125,NA,NA,TRUE
"S05",181,"M06","C","terminal_width",2000,2.22895306107069,0.419106724030823,1.54992159668197,2.22079464548084,2.91898395637353,0.380612174533112,0.0646971791592712,0.0278722646388078,-0.0121809155762415,-0.00497332568808175,726.166417747784,1188.81349032497,NA,NA,TRUE
"S05",181,"M06","D","mean_midpoint",2000,0.826379163277822,0.0954318540309352,0.674194903415452,0.826192337587183,0.983023357379197,0.637081194672648,0.17912769231562,-0.00675028923587794,-0.054021321391751,0.0304830930451837,389.901284404733,864.25631527956,NA,NA,TRUE
"S05",181,"M06","D","mean_width",2000,2.48218322801347,0.183651573170486,2.17319487180735,2.48253892201396,2.77986838356653,0.677483827678486,0.210244999364062,0.0175512787889457,-0.0932197742926731,0.0776547447000939,350.021433606037,777.794358274375,NA,NA,TRUE
"S05",181,"M06","D","observed_loss",2000,86.0853817196193,3.77083053800374,80.4186002283441,85.92651062067,92.6070278877705,0.28053686705427,0.0223158017628159,-0.0170903263741876,0.030698793951121,0.00859201413424534,1054.42236987719,1743.41697287435,NA,NA,TRUE
"S05",181,"M06","D","terminal_midpoint",2000,0.326098773994695,0.205429055379184,-0.0125325026225287,0.323742013057733,0.65527889761035,0.317696668761898,0.0391073703153731,0.0112485258766056,0.0165297102005789,0.00179924352304945,825.971433018365,1333.62974973139,NA,NA,TRUE
"S05",181,"M06","D","terminal_width",2000,2.28545795972119,0.416943710856578,1.5922907995888,2.29110124255345,2.9633595081102,0.409880894892249,0.00176340650984416,0.0205413055881983,-0.0354562046486954,-0.00826289295305772,832.884475157744,1372.14743350369,NA,NA,TRUE
"S06",41,"M02","A","mean_midpoint",4000,-1.12016641245009,0.0925421675888989,-1.26400482898339,-1.12570018843231,-0.962464896472631,0.922365596417489,0.69710874069111,0.508390749036664,0.262604404145871,0.00718394469001848,125.872088464055,294.068166065539,NA,NA,TRUE
"S06",41,"M02","A","mean_width",4000,3.02717273698353,0.181311290733204,2.74362586321504,3.01543366475915,3.34825422944865,0.920538297093857,0.699427887307488,0.521521770364964,0.220764836219813,0.0183022411665495,111.069886030204,282.858301131869,NA,NA,TRUE
"S06",41,"M02","A","observed_loss",4000,98.351034271316,4.76287420322456,90.2829771615776,98.4377610156464,106.275712100231,0.834251353280646,0.587095581451426,0.409388460698358,0.239290454612096,0.0193611141821973,141.48039436165,404.436251287977,NA,NA,TRUE
"S06",41,"M02","A","terminal_midpoint",4000,-0.915499862006605,0.112165520895295,-1.09939027767053,-0.917697976675876,-0.726768124763076,0.572381012405047,0.18760739775252,0.0664608185019311,0.0899909999430674,0.0200620040586793,550.032373955035,1589.36433574719,NA,NA,TRUE
"S06",41,"M02","A","terminal_width",4000,2.64225023298825,0.229953615082941,2.29224396599571,2.6275681146758,3.03983531511657,0.604001866294224,0.204399283555576,0.0426987163269031,0.0557021971261606,0.00297648794278242,667.328316115726,1341.68874793942,NA,NA,TRUE
"S06",41,"M02","B","mean_midpoint",4000,-1.12895109022096,0.0878864546211814,-1.26601367551749,-1.13247534998718,-0.981948672606441,0.909901840839783,0.64537408933985,0.447753397805583,0.14385165769144,0.0429191945268857,162.346425228396,387.404883809335,NA,NA,TRUE
"S06",41,"M02","B","mean_width",4000,3.01169882437664,0.173201030281751,2.74258618105605,3.00084484292608,3.30030286773872,0.909154269737126,0.648691960494146,0.457319331543242,0.16345254428149,0.0531985985577888,145.156635484026,334.411145068776,NA,NA,TRUE
"S06",41,"M02","B","observed_loss",4000,98.7566680197095,4.516965319587,91.5491623280635,98.5875653619472,106.341160562147,0.810336580460556,0.519385103701401,0.345613620537866,0.102220906631999,0.0308551178647079,196.244438036581,616.616639076805,NA,NA,TRUE
"S06",41,"M02","B","terminal_midpoint",4000,-0.918472890377319,0.113143948240658,-1.10535000497537,-0.920579525992219,-0.729390294027977,0.584551553421115,0.175425626035029,0.0854294004159838,0.0456687935635986,0.0288481392349068,565.329814135087,1139.85310749299,NA,NA,TRUE
"S06",41,"M02","B","terminal_width",4000,2.64519373621473,0.227121634390432,2.29443078014384,2.63256239226438,3.03828352284715,0.603631659193265,0.205431095342243,0.0596112629565508,0.0175739772358135,-0.00501656162898371,538.707907449779,1209.43624847077,NA,NA,TRUE
"S06",41,"M02","C","mean_midpoint",4000,-1.1224015040217,0.09300479444445,-1.26577739361267,-1.12807460823036,-0.959976121617352,0.919442169476154,0.655551128104284,0.427522116082961,0.158946847526067,0.0636808828162312,90.9751683980583,260.109573524326,NA,NA,TRUE
"S06",41,"M02","C","mean_width",4000,3.02262159014631,0.186567116246464,2.75188714490048,3.00761452726726,3.341217447438,0.920029542346793,0.681192247243647,0.462458949991729,0.177484659675188,0.0219901944845082,138.465584156105,307.682870095134,NA,NA,TRUE
"S06",41,"M02","C","observed_loss",4000,98.4838389242772,4.75989243766127,90.5066153613546,98.4929193563161,106.206793107818,0.826453084955546,0.542805635055812,0.364370322936702,0.138294261130581,0.0496232539567186,102.448802670188,369.356260145539,NA,NA,TRUE
"S06",41,"M02","C","terminal_midpoint",4000,-0.918213065519373,0.116162110359466,-1.11008361239925,-0.919111011425545,-0.72944331186561,0.618232348468051,0.204356090913183,0.0535711649511649,0.00106404867640093,-0.0397990119928862,676.414655332116,1225.69370112591,NA,NA,TRUE
"S06",41,"M02","C","terminal_width",4000,2.64704613286086,0.224367055941499,2.30273596695212,2.63274198002779,3.03244296651947,0.591020593629851,0.159976477017217,0.0577246929596281,0.01977873228381,0.0041019652326265,736.014622376364,1411.64233643202,NA,NA,TRUE
"S06",41,"M02","D","mean_midpoint",4000,-1.11671138315622,0.092431160734953,-1.25877739980345,-1.12292205928591,-0.951963852024175,0.921536246274345,0.687963460513457,0.482324646836458,0.185818112796844,0.107063683458182,118.168527067444,234.79716108643,NA,NA,TRUE
"S06",41,"M02","D","mean_width",4000,3.02566904303589,0.182713261976057,2.73941910002343,3.01662849679685,3.34077472915667,0.920204570840371,0.676182493441768,0.472930678879297,0.15526062628592,0.0872972320304793,116.298473268599,247.130151571619,NA,NA,TRUE
"S06",41,"M02","D","observed_loss",4000,98.1776853019091,4.66014060843115,90.2720345405398,98.2408049508474,105.60582417227,0.817888963790857,0.569688268644421,0.389044227789463,0.140960634460496,0.0994335253712577,136.910275583554,488.599036437718,NA,NA,TRUE
"S06",41,"M02","D","terminal_midpoint",4000,-0.911970142742787,0.114049397399594,-1.09118391418553,-0.913249138948889,-0.714844015236609,0.624161437448341,0.218531021248334,0.0700761959921273,-0.00761888245686973,-0.0561090091295245,601.477745177459,1103.34599476134,NA,NA,TRUE
"S06",41,"M02","D","terminal_width",4000,2.64483606493276,0.222286250291319,2.30083666787734,2.63266326567675,3.03438973976488,0.594486884874372,0.231063041200422,0.097726302743986,-0.0224896934114491,0.0102620470185789,621.055317814589,1013.99691959394,NA,NA,TRUE
"S06",194,"M01","A","log_q_1",6000,-2.06298255550773,0.364026427754938,-2.61226194960651,-2.09179966844839,-1.39997270917037,0.801220266049312,0.502133666083287,0.33371760902601,0.139304428429275,0.109283744275136,221.254214933977,183.176272928655,NA,NA,TRUE
"S06",194,"M01","A","mean_midpoint",6000,0.443274222685456,0.234230377119875,0.0103891960034299,0.464619007373338,0.781788156261636,0.793489562400355,0.494786429032342,0.335316264502496,0.14472749470165,0.11383245608221,220.308029792639,143.532041607658,NA,NA,TRUE
"S06",194,"M01","A","mean_width",6000,4.61573459481843,0.394188319168706,3.89586876958572,4.64767385078568,5.21066106662381,0.820355334822945,0.511801412368652,0.345655480446824,0.145685398986043,0.117913932260415,208.061924996012,144.920200865585,NA,NA,TRUE
"S06",194,"M01","A","observed_loss",6000,74.0816895139623,6.96305777687205,62.6949006189615,74.0009782189444,85.6543288134502,0.497742743603263,0.236266169604407,0.148743021059948,0.0543496410816163,0.0227272837628337,530.632051764652,773.605419398006,NA,NA,TRUE
"S06",194,"M01","A","terminal_midpoint",6000,-0.608881050788139,0.63317106059984,-1.55149968475035,-0.660432862380182,0.493084577409969,0.343815190354549,0.0565119200919722,0.0116846329302852,-0.00595737338705474,0.0229977772380474,2035.07731744682,2913.45101254639,NA,NA,TRUE
"S06",194,"M01","A","terminal_width",6000,3.32043848203063,1.27018232407015,1.28618598632682,3.2559414681022,5.51335232748251,0.465751745553259,0.102357546981029,0.0300626652451083,0.00957736378841553,-0.00959405752499763,1442.07464201934,2180.43621244393,NA,NA,TRUE
"S06",194,"M01","B","log_q_1",6000,-2.05171538853665,0.350367566036122,-2.58220587974958,-2.076310979464,-1.42234892216791,0.792882744071099,0.506875827349785,0.326078424081678,0.181632263254397,0.135875217831889,195.568146548413,94.8930896349571,NA,NA,TRUE
"S06",194,"M01","B","mean_midpoint",6000,0.441644808809191,0.235345814828682,0.0174517766469617,0.46211977448643,0.797106038434811,0.796931834229187,0.505283291164662,0.31143945740845,0.179927600784177,0.117947674287656,200.295505587992,106.29452852521,NA,NA,TRUE
"S06",194,"M01","B","mean_width",6000,4.60812002330153,0.399224224167446,3.89130829125079,4.63358277495502,5.21706255606988,0.824525334393176,0.528541411611669,0.334960677839403,0.177473138402087,0.104486797134306,184.281415212801,101.446600907039,NA,NA,TRUE
"S06",194,"M01","B","observed_loss",6000,73.9649040300902,6.82522645289311,63.0365134465647,73.8474883879624,85.3906495701062,0.487137406920337,0.207971059077809,0.127077807295927,0.0558151065896882,0.0242504769720785,492.216567220674,511.725319451269,NA,NA,TRUE
"S06",194,"M01","B","terminal_midpoint",6000,-0.618298891875326,0.628169758400068,-1.56199881503567,-0.67349971661698,0.498516888559494,0.320759151849118,0.0861306368396307,0.0212693411203879,0.0222122007806155,-0.00942769032638223,2141.46177106061,2714.82214517756,NA,NA,TRUE
"S06",194,"M01","B","terminal_width",6000,3.26663540160289,1.25561781747829,1.2235016325302,3.23734056299035,5.43858700033702,0.453395145032025,0.119377340428637,0.0288121645677401,0.00913861351556195,0.00489190540672556,1403.86600618195,1821.72260552993,NA,NA,TRUE
"S06",194,"M01","C","log_q_1",6000,-2.11369810528267,0.316725221642439,-2.62849312345913,-2.12161801239125,-1.58199635864492,0.740731843644742,0.385003625220573,0.19604044629874,0.056837192327135,-0.0114097869330312,466.442575862418,757.177450589445,NA,NA,TRUE
"S06",194,"M01","C","mean_midpoint",6000,0.482617692070144,0.211223784791422,0.120959775630144,0.489981005449515,0.811108964708641,0.744917256202863,0.37234015506503,0.182358838859367,0.0595174381550736,-0.038464718528045,508.048945370734,923.99709489101,NA,NA,TRUE
"S06",194,"M01","C","mean_width",6000,4.67574022406083,0.359416013669473,4.06704324058038,4.6899903121377,5.23461901529331,0.780754782833143,0.401107812848885,0.196481421401654,0.0553297055362211,-0.0352971929520764,477.422572646504,714.055832579932,NA,NA,TRUE
"S06",194,"M01","C","observed_loss",6000,74.6664310333644,6.77554105449885,63.7288733952391,74.4742428784334,86.0666604947394,0.481885836995759,0.202417640825455,0.0921127527524565,0.0277822715843385,-0.0127999065701415,855.951515165761,1877.59678726794,NA,NA,TRUE
"S06",194,"M01","C","terminal_midpoint",6000,-0.552712266981427,0.644954084834379,-1.51476251799077,-0.613406038267827,0.576423479976601,0.348538564295117,0.0795813398709887,0.0122542188549941,-0.0251450449951774,-0.00208463824362259,2007.39479664047,2377.49631167003,NA,NA,TRUE
"S06",194,"M01","C","terminal_width",6000,3.35353183934866,1.28801141845381,1.28783164289173,3.29552863376834,5.54288725785366,0.479879419947521,0.0915543598301306,0.0319070238974774,-0.00305094293004873,-0.0235086792213602,1453.90668959756,1998.40163824474,NA,NA,TRUE
"S06",194,"M01","D","log_q_1",6000,-2.09423211932607,0.348322252318301,-2.63372910948634,-2.1073442349758,-1.49595001562684,0.783045216942727,0.446038037399666,0.260889918540953,0.0505494933921105,0.0253930530367035,394.360231394762,589.971248962053,NA,NA,TRUE
"S06",194,"M01","D","mean_midpoint",6000,0.466275381373801,0.228744449597121,0.0763095351773958,0.477195532766193,0.822413387651168,0.780705032077876,0.462720591736845,0.272022744595355,0.0544773533756378,0.0205341350797263,376.752270380648,441.481336458016,NA,NA,TRUE
"S06",194,"M01","D","mean_width",6000,4.65091553848828,0.396003505897211,3.9627192537677,4.67148297918706,5.26871822985288,0.813246269440591,0.489607951500998,0.292641290801423,0.0901969119981503,0.0596855851481021,334.558593290071,430.864430151676,NA,NA,TRUE
"S06",194,"M01","D","observed_loss",6000,74.5543117748664,6.90727061540155,63.2873183787246,74.5178317126365,86.0815176361339,0.510481798764049,0.221710951350774,0.122098115492131,0.0361490233885126,0.0236808319753356,749.052475308638,1278.56924838076,NA,NA,TRUE
"S06",194,"M01","D","terminal_midpoint",6000,-0.56704097187805,0.646289281193349,-1.51290318771129,-0.62691150491645,0.57619772300424,0.356669603990035,0.104179905928694,0.0275191056752811,0.00527763446927646,0.00260021701075444,1726.69939696723,2386.94065491399,NA,NA,TRUE
"S06",194,"M01","D","terminal_width",6000,3.33140431824459,1.27530525665006,1.2965098628316,3.27886918513631,5.49623841250802,0.491753004824268,0.140926110417016,0.050985305918158,0.000750295334454656,0.0332179567136151,1237.54377115904,1875.84966621132,NA,NA,TRUE
"S05",39,"M03","A","mean_midpoint",1500,1.11869096707757,0.0904419286776654,0.966757799810103,1.11794096471524,1.27047316667292,0.464930024989076,0.0180627559263312,0.0121533284999752,-0.0231641430149003,0.0183706114550636,526.405204510883,754.972259311066,NA,NA,TRUE
"S05",39,"M03","A","mean_width",1500,2.52943762974953,0.177722086742457,2.22316527359944,2.5387745385305,2.8150025030239,0.505734143583579,0.0594651318782284,0.0244935487062313,-0.0560077544574823,0.0232899959781032,465.947173090774,786.066266329943,NA,NA,TRUE
"S05",39,"M03","A","observed_loss",1500,90.6192303122476,1.47341808102658,88.8932408550481,90.2844696677184,93.4351384804959,0.362561014458865,0.00554495078208588,0.0210765479984764,0.0164566706940997,0.0145342329631522,626.45931625117,952.949937495984,NA,NA,TRUE
"S05",39,"M03","B","mean_midpoint",1500,1.12292741489914,0.0891114127790594,0.973735627737863,1.12395753030732,1.26635705047723,0.537486809427099,0.0700653650852611,-0.00056824548312931,0.0125273780039692,-0.0277759991508227,404.105988713658,745.308205643187,NA,NA,TRUE
"S05",39,"M03","B","mean_width",1500,2.52911463298725,0.178696661470207,2.22526268018132,2.53249502742595,2.81790713460363,0.524533288992275,0.0283174618579089,0.0153059557164635,0.0274561513946458,0.0206278946921483,394.569657512402,581.446400222603,NA,NA,TRUE
"S05",39,"M03","B","observed_loss",1500,90.4926148159602,1.42760186818041,88.8467954034632,90.1267374714662,93.2596447885065,0.386869026685524,0.0194994123882259,-0.0519844455328816,-0.0555833459833818,0.030729485230631,701.400607598263,1007.08699616131,NA,NA,TRUE
"S05",39,"M03","C","mean_midpoint",1500,1.12358506156074,0.0869229006808155,0.978440638114953,1.12284578901581,1.26373886520869,0.532753401757078,0.0129912364467058,-0.0149309059283317,0.00266928774106959,-0.00174025417716134,503.741884394968,666.975954691402,NA,NA,TRUE
"S05",39,"M03","C","mean_width",1500,2.5343093227082,0.177728374516692,2.24145900347759,2.52754096226863,2.82828338030315,0.563265493337549,0.0827040812273115,0.0371851809181624,0.0218059454121336,-0.0252594666597179,408.12360953746,659.910504513554,NA,NA,TRUE
"S05",39,"M03","C","observed_loss",1500,90.4892897590804,1.40041513264405,88.8709527011633,90.1767452760702,93.2144707196044,0.369680828783082,0.0505898080689855,0.0340382122140879,0.0423764395217759,-0.0518057228250844,647.394743176862,758.022898734432,NA,NA,TRUE
"S05",39,"M03","D","mean_midpoint",1500,1.12168361481286,0.0934141609683093,0.963795481435592,1.12161340123547,1.27437765706339,0.525750928720137,0.0730964873314001,-0.0114058701528285,0.0128367097546115,-0.0117863210963386,468.148107456008,629.269240569546,NA,NA,TRUE
"S05",39,"M03","D","mean_width",1500,2.52913108014427,0.19055825308866,2.19813801772045,2.52950313704702,2.83823362617408,0.583188813403694,0.0844845184633023,0.0129426691419239,0.039896309851893,0.0329848194643413,407.018258764389,361.559209345039,NA,NA,TRUE
"S05",39,"M03","D","observed_loss",1500,90.6137306381262,1.56793764671309,88.8626506382031,90.2466224927663,93.8333991323309,0.415526114175286,0.0437984559385872,0.0361456329596231,-0.0067938180138542,0.000661848511880945,464.63791071209,1142.31670815729,NA,NA,TRUE
"S05",104,"M03","A","mean_midpoint",1500,0.171937372081044,0.086575004095802,0.0304669731931913,0.170028535620922,0.317836320688762,0.513603952772974,0.0614567821435452,-0.0502838771601272,0.00202723557572539,-0.0526567746219088,466.408886057009,635.717603784707,NA,NA,TRUE
"S05",104,"M03","A","mean_width",1500,2.84853869639756,0.165164761185034,2.58949506039499,2.83648241913413,3.1306062874933,0.556096730164647,0.0731105961890613,-0.0363202841327814,-0.0162708186187497,-0.0440861910865717,407.834175639786,773.660921198595,NA,NA,TRUE
"S05",104,"M03","A","observed_loss",1500,168.875910806987,1.43012894307884,167.163555083103,168.564420302956,171.648756962309,0.472285849838993,0.0538597942813447,-0.0528099791515038,0.0293400358976422,-0.0186702834117355,524.20783315474,945.864623946472,NA,NA,TRUE
"S05",104,"M03","B","mean_midpoint",1500,0.172277586159194,0.0873871762416229,0.038529408565682,0.168697586909304,0.319898757625385,0.50707884251349,0.0800138185899689,-0.0482326909390928,-0.0650381778227038,0.0345695103436226,463.84710757086,874.942353474424,NA,NA,TRUE
"S05",104,"M03","B","mean_width",1500,2.85550078674669,0.168630041232535,2.59604713817702,2.85176187746156,3.13900183257667,0.557614057831246,0.0197842738885942,0.0246955878222881,0.000908581301724771,0.0180996809022729,459.931367243666,711.927176721603,NA,NA,TRUE
"S05",104,"M03","B","observed_loss",1500,168.97795571008,1.50365332442782,167.179899451063,168.675969369045,171.974486989397,0.487020930501714,0.017734410116803,0.0348294995784288,-5.44136866881326e-05,0.0074701800939253,566.079824954867,798.884255404258,NA,NA,TRUE
"S05",104,"M03","C","mean_midpoint",1500,0.174175434718686,0.0877245790695753,0.040677603036499,0.169214337678164,0.321314219967227,0.476936952376758,-0.0187693404522596,0.0408951734870527,-0.0118754556657159,0.0107812726329647,649.799358016651,893.848108853019,NA,NA,TRUE
"S05",104,"M03","C","mean_width",1500,2.88556430128378,0.173889203252549,2.61499939926433,2.88009600181929,3.16373376556614,0.565303062925399,0.0764589428143293,0.0610114270011121,0.012866430986653,0.0632043212794655,285.932354945196,429.115907573795,NA,NA,TRUE
"S05",104,"M03","C","observed_loss",1500,168.999448889773,1.46059355463833,167.170708104143,168.665354901476,171.839986918268,0.4446203466195,-0.00650302531811984,-0.00584096107590857,-0.00838512427064727,-0.0163854010202695,598.240530685991,964.448154792813,NA,NA,TRUE
"S05",104,"M03","D","mean_midpoint",1500,0.171046778287985,0.0901938479622958,0.0217690919704744,0.172635414633274,0.315796695274755,0.551809082494141,0.0907343672715184,0.037365370869588,-0.00522747980244457,-0.0454029516469032,404.207021717078,635.530014513953,NA,NA,TRUE
"S05",104,"M03","D","mean_width",1500,2.86337763152117,0.1742112622288,2.57738812597407,2.86278493651787,3.14464994462467,0.553490250862679,0.110148312475284,0.0521617584080636,0.0159038177411592,-0.0566181715520895,352.394877964372,721.791908963345,NA,NA,TRUE
"S05",104,"M03","D","observed_loss",1500,169.017866387275,1.54224422310549,167.191989600348,168.658334612691,171.963912626008,0.460280065842794,0.0263168939893645,-0.0208647818606519,-0.0366374030728057,-0.0183491221856932,593.085883325542,695.959108740396,NA,NA,TRUE
"S05",183,"M01","A","log_q_1",6000,-4.08722454243577,0.382319958030764,-4.72390925467353,-4.09488248434994,-3.44734614916104,0.762173053954604,0.321808878815591,0.0902550028894377,-0.00961801258626162,-0.00145601198176705,691.058086051839,1290.26395424507,NA,NA,TRUE
"S05",183,"M01","A","mean_midpoint",6000,-0.261218563850071,0.114117969770091,-0.444631538326117,-0.262902511703208,-0.0714118329760434,0.622341920092804,0.188735482127509,0.0443213582339149,0.00489209451384024,0.0190420264296101,949.237372907792,2223.29649907371,NA,NA,TRUE
"S05",183,"M01","A","mean_width",6000,2.78349177313069,0.216488597512282,2.43403035664447,2.77994917059312,3.14455345857935,0.712559217385752,0.216133310679352,0.048109816397429,-0.0144018256380851,0.0252985943468143,871.379638323089,1635.14261815771,NA,NA,TRUE
"S05",183,"M01","A","observed_loss",6000,76.6354626301702,4.97454936673106,68.4759659940411,76.5864749042078,84.9528468292827,0.399260694597898,0.106723235584249,0.0333861787235881,-0.00269523669053264,-0.00582990958807558,1588.88011342004,3248.35819067719,NA,NA,TRUE
"S05",183,"M01","A","terminal_midpoint",6000,-0.593808948932386,0.411654182638033,-1.27436717314176,-0.588910651046949,0.0705794099246073,0.594714697296117,0.19850459646212,0.09159356132512,-0.00373431187110645,0.0438264082839967,973.551934158395,2823.63118515161,NA,NA,TRUE
"S05",183,"M01","A","terminal_width",6000,3.58095453551946,0.847335650631823,2.19149300392764,3.58732970134723,4.95488339935529,0.611353407554059,0.201502670433845,0.0757510483520416,0.0133771164636886,0.040937212121823,968.490163797262,2909.30606727579,NA,NA,TRUE
"S05",183,"M01","B","log_q_1",6000,-4.07184247087957,0.377110694360944,-4.66821667374365,-4.07309655441612,-3.45006585762949,0.761129429285514,0.318848016868202,0.134696826350049,0.0116020552026501,-0.027791361736242,618.277496970411,1333.10301617475,NA,NA,TRUE
"S05",183,"M01","B","mean_midpoint",6000,-0.265031397389885,0.112589960191727,-0.442220428145177,-0.268247517133062,-0.0758711629432341,0.603940712359867,0.181531662699575,0.037843216913274,0.0189393179766812,-0.00484067579337245,1060.063155641,2352.33271979302,NA,NA,TRUE
"S05",183,"M01","B","mean_width",6000,2.77609254380953,0.209737018760295,2.43444136032496,2.77744697845045,3.12275969039949,0.70369527016938,0.239672762461309,0.0537688118943243,0.0297387715587603,-0.00282887412280039,838.754904941613,1794.72806714336,NA,NA,TRUE
"S05",183,"M01","B","observed_loss",6000,76.5915013020738,4.96133415281365,68.4480359836921,76.4752743738296,84.8813816175296,0.402908608083661,0.106441154512799,0.0120407363048869,-0.000750429602713903,0.00701576046349297,1637.4585622426,3610.30875853691,NA,NA,TRUE
"S05",183,"M01","B","terminal_midpoint",6000,-0.582709107563746,0.400510826167842,-1.24768490369637,-0.579584005168122,0.0514330647052288,0.583767870848798,0.23436358149906,0.0746737599103965,0.00966927172284377,0.0141867267597301,937.463868981255,2875.55136450722,NA,NA,TRUE
"S05",183,"M01","B","terminal_width",6000,3.60491730112797,0.854849049125234,2.20632716558091,3.62179432161685,4.96985816207864,0.614162766038433,0.242834065795829,0.0862535269830289,-0.00533628684612125,0.00177025747550718,873.613254868475,2541.05491597997,NA,NA,TRUE
"S05",183,"M01","C","log_q_1",6000,-4.06572945262371,0.377660039448465,-4.68494107918938,-4.06882453745881,-3.42967977229768,0.761930808556527,0.332701585693827,0.100115989671007,-0.0252598358888128,0.0310414312787405,709.506417977592,1138.0222792784,NA,NA,TRUE
"S05",183,"M01","C","mean_midpoint",6000,-0.259982587976987,0.114961486908512,-0.445036424094819,-0.260876845202569,-0.0701248985379071,0.618506237723506,0.188496078277014,0.0587898202651047,0.0399755632119096,-0.000181499295903116,856.982427769493,2084.11057051986,NA,NA,TRUE
"S05",183,"M01","C","mean_width",6000,2.77822626354233,0.218115221054068,2.42171476951456,2.77539575780221,3.13858857170269,0.716693722877733,0.228359975363103,0.0907636371317647,0.0404681733056948,-0.0337123469264597,742.807238967644,1881.78654871602,NA,NA,TRUE
"S05",183,"M01","C","observed_loss",6000,76.4424327033653,4.93600380714124,68.5371728350699,76.4722802995528,84.6265161831014,0.378563953475764,0.103321833182387,0.0590402851233157,-0.0093593730584457,0.00746896344261695,1500.86287434697,2875.40955796153,NA,NA,TRUE
"S05",183,"M01","C","terminal_midpoint",6000,-0.568735188357597,0.41327723091945,-1.2598324410597,-0.558216382192904,0.0793977706555918,0.594000316526682,0.212358277012265,0.0924006100421394,0.0282848964267334,0.0170010826064836,787.239617905712,3073.70146366884,NA,NA,TRUE
"S05",183,"M01","C","terminal_width",6000,3.62504837094296,0.8697541806216,2.18193148162943,3.63258772973464,4.9969573773039,0.623854002609603,0.211368548352265,0.0694728990154918,0.00279586603008523,0.025711168529619,853.24379608616,2592.7312014971,NA,NA,TRUE
"S05",183,"M01","D","log_q_1",6000,-4.06125482519432,0.390284756491993,-4.68337587426733,-4.07066834929786,-3.39504498417991,0.776689894234608,0.340271311209727,0.11764941780146,-0.0382580745709585,-0.00942583436283892,673.381572238696,1413.6367201995,NA,NA,TRUE
"S05",183,"M01","D","mean_midpoint",6000,-0.260327060278014,0.113947139503625,-0.443058113707953,-0.259802726559056,-0.0700596291269925,0.616849846260879,0.196411346164921,0.0322690885820496,-0.0107147271762231,0.0252625499871985,1101.38664003781,2159.79073618286,NA,NA,TRUE
"S05",183,"M01","D","mean_width",6000,2.78129987456827,0.215149487243071,2.42676569087598,2.77773313988973,3.14534735569639,0.714436655541703,0.227688925231223,0.0144650555593827,-0.0228525279378035,0.0132437870215826,971.165021240661,1866.9683397345,NA,NA,TRUE
"S05",183,"M01","D","observed_loss",6000,76.3629670116585,4.89862973349831,68.4308285404014,76.3460668287669,84.4667860654412,0.393565998836327,0.117050145038384,0.0525426930093475,0.0222310461619292,-0.00793610057986288,1254.50484224275,2630.19703368928,NA,NA,TRUE
"S05",183,"M01","D","terminal_midpoint",6000,-0.577927601128187,0.40334684893876,-1.25300813904467,-0.559569943054546,0.0571369150235597,0.589259828998193,0.217131656253029,0.0511192306509791,0.0137992136980208,-0.0324181530584308,985.85481933646,2776.07414072565,NA,NA,TRUE
"S05",183,"M01","D","terminal_width",6000,3.60213207437082,0.85978535637992,2.15027779478025,3.6125375218635,4.95585539429843,0.611743727009919,0.24161293499403,0.0628118163791592,-0.0100191464718053,-0.0208807891837061,924.96280081219,2850.16831959364,NA,NA,TRUE
"S06",68,"M01","A","log_q_1",6000,-2.62231265351826,0.551865817690732,-3.75318340509507,-2.52734763052009,-1.92298792330474,0.895989764558812,0.69794129446135,0.546327598117142,0.278961487106899,0.128102505335871,193.018177941516,175.311418921403,NA,NA,TRUE
"S06",68,"M01","A","mean_midpoint",6000,-0.486101723827276,0.18990490189087,-0.779183626494355,-0.499636633685703,-0.154524920039088,0.773770439633002,0.468035856032595,0.307007593819213,0.154919440321383,0.0922875626676505,272.120291817832,313.161610114729,NA,NA,TRUE
"S06",68,"M01","A","mean_width",6000,4.0959891799216,0.316905694983473,3.6162948152908,4.07124170480716,4.64272195959711,0.812156830108478,0.485757539181984,0.292307235607393,0.146093877513641,0.0783574009591699,280.119760602391,358.342173561663,NA,NA,TRUE
"S06",68,"M01","A","observed_loss",6000,68.9871966520638,9.46887666785049,55.837955529897,67.5313661365266,87.9352381733618,0.749354870088216,0.539900337880158,0.415977613389836,0.236816191332337,0.117359852554233,213.783588355279,192.417175456895,NA,NA,TRUE
"S06",68,"M01","A","terminal_midpoint",6000,0.134007792854193,0.600078563594203,-0.877491073743837,0.15377029916701,1.08897451530247,0.223024048961379,0.0178420468649107,-0.0111851953383476,-0.0229569944877935,-0.0163453440311765,3442.53116858145,3945.42856730402,NA,NA,TRUE
"S06",68,"M01","A","terminal_width",6000,3.13009734891061,1.06776511521071,1.37220853392075,3.14069884134741,4.86797120055164,0.446806046389906,0.0825912425259909,0.0139395375674993,-0.00634117740905079,-0.0195364611138509,1705.86547538189,2768.95131211039,NA,NA,TRUE
"S06",68,"M01","B","log_q_1",6000,-2.64724806265882,0.574996684675509,-3.85434224219617,-2.54408152196264,-1.92994944152862,0.905376853908723,0.720969760823744,0.581053287692987,0.365712504831896,0.14665679594256,165.248366943,132.139924302161,NA,NA,TRUE
"S06",68,"M01","B","mean_midpoint",6000,-0.479263369290451,0.197937610717027,-0.779549256703572,-0.493573999261071,-0.118411028673605,0.781290391982991,0.465309719833187,0.318859881404243,0.137548213480754,0.0286635119058017,310.036709986145,306.514509402884,NA,NA,TRUE
"S06",68,"M01","B","mean_width",6000,4.11226582860702,0.331578142679818,3.62512303135748,4.08385991068776,4.71474617230905,0.814963919780663,0.465291098722054,0.301106566521728,0.120693303802694,-0.00153567006908747,374.053435768742,371.943635929485,NA,NA,TRUE
"S06",68,"M01","B","observed_loss",6000,69.3135687863874,9.52261499453142,56.465975871492,67.9182734171486,88.6855377837947,0.751806089136821,0.575356906292013,0.452042346626812,0.291598447001851,0.114893571734558,143.963795326812,169.768363079709,NA,NA,TRUE
"S06",68,"M01","B","terminal_midpoint",6000,0.138865529434404,0.596303246916389,-0.891045140077525,0.160551618026372,1.08137573048258,0.221379846464861,0.00991016222327328,0.0115394061161846,0.0282700342217098,0.00311320280562392,3411.9762224135,4030.10649146104,NA,NA,TRUE
"S06",68,"M01","B","terminal_width",6000,3.10804374218911,1.02870999086724,1.44128951794138,3.09049583408053,4.82624661836323,0.422632755290796,0.0530660964534461,0.00407572853604797,-0.00419911289541682,0.0296477974758466,1905.32599510499,2978.04816899846,NA,NA,TRUE
"S06",68,"M01","C","log_q_1",6000,-2.70459109380392,0.591760709510076,-3.97566924867347,-2.57723687349618,-1.97954538319291,0.906635166949999,0.719463334618944,0.556472407301378,0.303284501529734,0.17986015319648,150.642837042554,191.447836979918,NA,NA,TRUE
"S06",68,"M01","C","mean_midpoint",6000,-0.464503968542483,0.186165752020776,-0.745096237193059,-0.47838136592419,-0.126663852697309,0.76259860328445,0.437472390778966,0.27300000745325,0.0926446510650452,0.0897058759821782,269.601863152356,421.632662446162,NA,NA,TRUE
"S06",68,"M01","C","mean_width",6000,4.12894351638611,0.311392311968912,3.6644789968832,4.10409549006839,4.68345672855522,0.797997964645777,0.431716921222645,0.22609242201902,0.0608993833084274,0.0762063770642641,336.538361746745,430.708686131076,NA,NA,TRUE
"S06",68,"M01","C","observed_loss",6000,70.1814328052274,9.77350891282271,56.8245670956891,68.6216789286554,89.9080181545342,0.764848298315587,0.563118979449457,0.426447856533487,0.238098323171293,0.141192969395342,178.593438264394,234.771045892677,NA,NA,TRUE
"S06",68,"M01","C","terminal_midpoint",6000,0.127022873550743,0.584574175654378,-0.857414184311793,0.147803269591524,1.0657363692105,0.227467856032199,0.0145632112255536,0.00868493741415841,-0.00614832655173939,0.0061212464395551,2864.80427569603,3678.3344868515,NA,NA,TRUE
"S06",68,"M01","C","terminal_width",6000,3.09636430447655,1.0044583678768,1.4084928598369,3.10417746961039,4.75008605452663,0.445628906751188,0.0475543905742429,-0.0020514182262064,-0.00224267053480506,-0.0244059618957047,1929.56937179785,3448.62365980199,NA,NA,TRUE
"S06",68,"M01","D","log_q_1",6000,-2.63406684898596,0.55482962087835,-3.74299834454663,-2.53930735529439,-1.93782955089487,0.896413044955077,0.703605748488192,0.539203140497038,0.240807762854199,0.0162693728350178,256.667145869564,225.999141176841,NA,NA,TRUE
"S06",68,"M01","D","mean_midpoint",6000,-0.481224706232456,0.194634846019152,-0.779838686359275,-0.494994938693831,-0.13670436999677,0.777713555478838,0.463359366709739,0.312875978954915,0.128689948389314,0.0163098845379563,325.703503553145,303.171914204044,NA,NA,TRUE
"S06",68,"M01","D","mean_width",6000,4.10659120194913,0.33036074852198,3.61907599658408,4.07975375532219,4.6809465338688,0.820827240110381,0.483146804997268,0.315548358188996,0.127813296147685,-0.00281391349641308,348.034005203718,313.756798587634,NA,NA,TRUE
"S06",68,"M01","D","observed_loss",6000,69.1590800735793,9.44769856783625,56.3231007907026,67.6658959709785,87.8712393251153,0.743212281143304,0.52853937312334,0.383268038063759,0.172766974921511,-0.00648850728506172,321.83914652748,291.17018311534,NA,NA,TRUE
"S06",68,"M01","D","terminal_midpoint",6000,0.123366685626005,0.595525555880967,-0.887614205368321,0.14835714346086,1.06446135491951,0.23942304750273,-0.00421491411939688,-0.0079175436485007,-0.0247745411093132,-0.00136536572325085,3337.87180416343,4487.18278934004,NA,NA,TRUE
"S06",68,"M01","D","terminal_width",6000,3.09413302513001,1.04879781197999,1.31582590879111,3.10498543715411,4.76125306111058,0.447789129060225,0.0553502845404684,0.0136566421733472,-0.0270097924800427,-0.0248174193002081,1845.59851337894,3243.90942282992,NA,NA,TRUE
"S06",196,"M02","A","mean_midpoint",4000,1.2930145922293,0.081047867996074,1.16235036433979,1.29128320865734,1.42585007269268,0.853480923925169,0.464587163227027,0.235054290095276,-0.0039095479638127,-0.0270344535252527,306.80937290575,724.469440532803,NA,NA,TRUE
"S06",196,"M02","A","mean_width",4000,3.39502318042043,0.154978427623184,3.14204371866025,3.39214353831191,3.6522430200818,0.838086312129201,0.404505902948976,0.143425974111345,-0.0112622031232099,0.0520791887585071,376.862146591417,567.233013064396,NA,NA,TRUE
"S06",196,"M02","A","observed_loss",4000,124.191642804075,4.96466714647042,116.425417847176,124.016224430815,132.798669694025,0.750121684633364,0.355025822240875,0.179995542951504,-0.0101846160511968,-0.0448839733742653,386.75446429225,907.749374234042,NA,NA,TRUE
"S06",196,"M02","A","terminal_midpoint",4000,1.60823605378533,0.14916347706435,1.37197014877003,1.60256352792434,1.86727827931045,0.642178611857425,0.212364880244171,0.0760381684983865,0.009469549834498,-0.0349795978627588,562.598724783938,1294.61564778235,NA,NA,TRUE
"S06",196,"M02","A","terminal_width",4000,3.20050158180979,0.297155693001989,2.72360755742575,3.19135066301045,3.69760165355354,0.62836780112122,0.206848128522285,0.0352882286677866,-0.0127525641757773,-0.0289401509563862,684.110560380855,1509.75087781842,NA,NA,TRUE
"S06",196,"M02","B","mean_midpoint",4000,1.2870849294092,0.0823545797093809,1.15053269186082,1.28772160683798,1.42395346449079,0.859127692156196,0.456080915578782,0.181838397187256,-0.00811387498133032,-0.0121469116695234,343.915639146601,539.388798615608,NA,NA,TRUE
"S06",196,"M02","B","mean_width",4000,3.38761109322295,0.170789747457685,3.11628590550962,3.38406487167601,3.67634586590897,0.866528651634595,0.489052559178993,0.206736966605033,0.0624684414325668,0.00610744740551216,273.25482771768,431.521903844007,NA,NA,TRUE
"S06",196,"M02","B","observed_loss",4000,124.436583417673,5.06240340917776,116.745846038006,124.127736065911,133.142159187988,0.757655882442048,0.344868255395467,0.124360352563342,-0.0321689272844351,-0.0172523556321262,453.080562169776,745.615999591007,NA,NA,TRUE
"S06",196,"M02","B","terminal_midpoint",4000,1.59668201432789,0.150190183582908,1.36542038088027,1.58790687254626,1.85892092854007,0.638924027161969,0.240945660576123,0.0737579634592094,-0.012222078728898,-0.00315791623400396,541.806095104336,1322.38859692967,NA,NA,TRUE
"S06",196,"M02","B","terminal_width",4000,3.17142456656481,0.300126085856406,2.71403309841984,3.14921020408338,3.68728653194064,0.647777055286456,0.254665673037534,0.0864082445914915,0.00417060286241106,0.0258585098340353,549.83554516789,990.50235245067,NA,NA,TRUE
"S06",196,"M02","C","mean_midpoint",4000,1.29089989751372,0.0811438300980553,1.16079127108138,1.28792970437311,1.43037697259163,0.849751434470527,0.425209523088957,0.150592785623441,-0.0115254721293615,-0.023138187543665,386.48536295696,646.615185307056,NA,NA,TRUE
"S06",196,"M02","C","mean_width",4000,3.38841096467782,0.160254570689529,3.1236897006756,3.38871111660383,3.64895839948187,0.854106517483158,0.444103500205336,0.185318858843509,0.0293515531918018,-0.0346061131360582,336.927110215076,655.232714213192,NA,NA,TRUE
"S06",196,"M02","C","observed_loss",4000,124.223375870598,5.08385711925796,116.290407905,123.999981333566,132.978607886129,0.766119603385564,0.34300925236417,0.125827752143463,0.00893903465723723,-0.0249946998133541,446.003410165262,713.24232031115,NA,NA,TRUE
"S06",196,"M02","C","terminal_midpoint",4000,1.5965663773755,0.150011242883112,1.36541533357126,1.58534577362314,1.86000766392589,0.630482117463915,0.21166681024642,0.0905737318849127,0.00176367951803561,-0.0341289704428952,615.447981193208,1134.85353590509,NA,NA,TRUE
"S06",196,"M02","C","terminal_width",4000,3.17084657560939,0.300704734352488,2.7095982348873,3.15963078822873,3.69362576751732,0.647901832785845,0.248996848335383,0.0883556356120407,0.00252190301275498,-0.0350510694500359,512.631336481662,1303.57253906373,NA,NA,TRUE
"S06",196,"M02","D","mean_midpoint",4000,1.28654062664156,0.0797264964956986,1.15647621724896,1.28712877923888,1.41822942791231,0.850166914284654,0.438247862662143,0.156685172525093,0.0380792818559055,-0.041181038590334,325.049675759696,778.544630054205,NA,NA,TRUE
"S06",196,"M02","D","mean_width",4000,3.39076242195433,0.157936477243318,3.13610195301614,3.38754113731489,3.65614996390337,0.850358997283617,0.423766211080118,0.136414335662779,0.00988511541722978,0.0118127138471886,394.283754206974,817.119432743588,NA,NA,TRUE
"S06",196,"M02","D","observed_loss",4000,124.468185215325,4.88782089303937,116.751540992229,124.228841679754,132.991021092348,0.746171055373642,0.337578800791613,0.0909745423826985,0.0213941520179953,-0.0248324402712077,441.395820687623,1118.86716361879,NA,NA,TRUE
"S06",196,"M02","D","terminal_midpoint",4000,1.60094296040929,0.142867881573141,1.37404480179419,1.5976898355924,1.84138309281764,0.602589142837141,0.194977245301123,0.0873646245137519,0.0229178749109792,0.00384381374059343,562.102702287862,1620.85519683153,NA,NA,TRUE
"S06",196,"M02","D","terminal_width",4000,3.1868227030321,0.293535540656592,2.72691251255987,3.17161493334289,3.69616266116185,0.6384355893016,0.219048923286011,0.061970360252641,0.0167718267917968,-0.00509196925595028,636.568010445923,1351.07726344235,NA,NA,TRUE
"S05",41,"M02","A","mean_midpoint",4000,-1.3226876356411,0.0517409891103376,-1.40651839339836,-1.32359743095536,-1.23632539333574,0.755698918435464,0.207809325468723,0.0217670732958414,0.00197949086954798,0.00134582527842214,635.281830975211,1082.99602251873,NA,NA,TRUE
"S05",41,"M02","A","mean_width",4000,2.27918725403706,0.10209789039162,2.11153778760433,2.2778549645562,2.44735532055376,0.746798928935139,0.204937202063544,-0.0233152572578904,0.0102904976590251,0.0037133837874155,696.627700691241,1149.81329772691,NA,NA,TRUE
"S05",41,"M02","A","observed_loss",4000,118.050165642125,2.94620222074875,113.724790128978,117.810840034974,123.276155684317,0.572102916264438,0.112300613144897,0.00646880986535174,0.0195531172644739,-0.0146862167809157,918.112096436276,1816.97741805718,NA,NA,TRUE
"S05",41,"M02","A","terminal_midpoint",4000,-0.975706332917861,0.105161788050678,-1.15633552954373,-0.97090188486315,-0.811033365632963,0.478643889798978,0.0532078713426282,-0.0196489131803365,0.0110380376114579,0.0249648451433999,1243.48756004688,1865.30551210032,NA,NA,TRUE
"S05",41,"M02","A","terminal_width",4000,2.14991933822122,0.21000225082552,1.79427482431201,2.15066579174566,2.4866974146702,0.475199066601753,0.0338336568926529,-0.0178674484848256,-0.0180543733083286,0.0288763420077898,1268.90226172682,1963.12038827538,NA,NA,TRUE
"S05",41,"M02","B","mean_midpoint",4000,-1.3207614028003,0.0506383289602019,-1.40398732403681,-1.31950272107459,-1.23920191733732,0.744623089648793,0.219463507008502,0.0297465023223138,0.00467146859512908,-0.0172879646444802,635.160763441942,1288.62826453841,NA,NA,TRUE
"S05",41,"M02","B","mean_width",4000,2.2792492446136,0.100719062739603,2.1191298437314,2.27958194370672,2.44064474748561,0.742276365716689,0.270273852839295,0.0575985267847424,-0.0128398524078476,0.0275449289314553,544.209832939242,1197.63241510461,NA,NA,TRUE
"S05",41,"M02","B","observed_loss",4000,117.907492644385,3.042534651029,113.456715502156,117.652032228689,123.135860012314,0.60397516925726,0.157751396349716,0.0325052029552056,0.00538316668060258,0.0136021781729776,803.986280386178,1305.12643411579,NA,NA,TRUE
"S05",41,"M02","B","terminal_midpoint",4000,-0.971474603644214,0.105655485216579,-1.15286410557704,-0.96694622594513,-0.804933324800291,0.474849764859144,0.0485891796905431,0.024041087752181,0.0295770541954348,0.0212544296508843,1055.50382507573,1996.6429135771,NA,NA,TRUE
"S05",41,"M02","B","terminal_width",4000,2.1463432301357,0.206917363686116,1.80349108612729,2.14932229361736,2.47940077556227,0.464086187561526,0.0395496345271854,-0.00784379010000249,-0.0221531875895188,-0.0291462039855036,1264.49145707885,1760.27653877714,NA,NA,TRUE
"S05",41,"M02","C","mean_midpoint",4000,-1.32485922957867,0.0494129427011096,-1.40848197083151,-1.3240537906547,-1.24461841032695,0.73677105811692,0.225156337466086,0.0705911118901653,0.0423424081829634,-0.00743960727657925,592.826913358356,953.978805405268,NA,NA,TRUE
"S05",41,"M02","C","mean_width",4000,2.26483629735526,0.100406969183009,2.09806291774641,2.26500465376472,2.42884862526597,0.737474438392491,0.26261098288123,0.0986105975613026,0.0213471587987032,-0.00145222290747168,472.292298331128,930.043415790004,NA,NA,TRUE
"S05",41,"M02","C","observed_loss",4000,118.082850371346,2.95762453212921,113.781780875962,117.799818489972,123.356288125979,0.59393270730903,0.175301506654821,0.0324773389954771,0.0195177251575068,-0.00514589415500187,761.316122356152,1386.7501483875,NA,NA,TRUE
"S05",41,"M02","C","terminal_midpoint",4000,-0.978090735423861,0.105000558771195,-1.15499995069055,-0.972523950301982,-0.817717475461322,0.466643748968401,0.127984913401116,0.0173324366478416,0.0504163979193087,-0.00389000230081448,1009.26909248311,1783.66408808496,NA,NA,TRUE
"S05",41,"M02","C","terminal_width",4000,2.13579607063336,0.209791634237194,1.78498968113116,2.13652317147383,2.47093373334314,0.479455917005701,0.113954726359063,0.0488005899744273,0.0307498592234675,-0.0112473552460996,946.624035127636,1145.6185660249,NA,NA,TRUE
"S05",41,"M02","D","mean_midpoint",4000,-1.32094912426783,0.0497938491407386,-1.40468008326604,-1.32142592079069,-1.23980727578187,0.746401934017475,0.242621020888167,0.0847231801913831,0.00821039967390017,-0.0111771617070843,510.788957197301,1101.2597240134,NA,NA,TRUE
"S05",41,"M02","D","mean_width",4000,2.27887568728516,0.0980072787956945,2.12065010596148,2.27748083403072,2.44617951505461,0.73218274698569,0.259567261066534,0.0526504877139621,0.0307411922387059,0.019345371606442,542.105758232319,1244.17015210279,NA,NA,TRUE
"S05",41,"M02","D","observed_loss",4000,117.964994833972,2.86228062332801,113.707889337076,117.741817016389,123.102001096939,0.571998870970081,0.153584346593816,0.0560023988936655,0.0159690367030826,-0.0269309880587318,693.751496960337,1565.78937579164,NA,NA,TRUE
"S05",41,"M02","D","terminal_midpoint",4000,-0.971160866422535,0.10669363242412,-1.15399248952055,-0.965280462017679,-0.808067644061572,0.498548227036107,0.100005703814698,-0.00748881908788498,-0.0199479363634795,0.00957606863619202,1125.72182059392,1690.05710560891,NA,NA,TRUE
"S05",41,"M02","D","terminal_width",4000,2.15881385885772,0.207257832367011,1.80716991936475,2.1628865857127,2.49823951513656,0.476537740260783,0.107399998046049,0.0216541810532473,-0.0442889933746173,-0.00975041065182459,1044.6271376053,1648.63440814004,NA,NA,TRUE
"S05",41,"M03","A","mean_midpoint",1500,-1.10931620800089,0.100039729114394,-1.2544507469829,-1.1198778929857,-0.922788192277629,0.57784257978258,0.158587360434019,0.00688880783667235,-0.0241035845834378,0.049586828148515,350.023639088807,472.533799261929,NA,NA,TRUE
"S05",41,"M03","A","mean_width",1500,2.53946866385514,0.1997955608165,2.24366196870827,2.52084864420399,2.89779068399787,0.59552465757893,0.226484786604199,0.0583415321580594,-0.0530278817426994,-0.0200140889037184,262.040155642118,440.692055290216,NA,NA,TRUE
"S05",41,"M03","A","observed_loss",1500,119.048189408995,1.49173718641549,117.215393554121,118.762803282245,121.780899006536,0.421124883780237,0.0625641532868652,0.00186401277745858,-0.0155651260849167,-0.0268227178675556,450.088626100748,929.00395006375,NA,NA,TRUE
"S05",41,"M03","B","mean_midpoint",1500,-1.10230830449781,0.103993427234986,-1.25830720215903,-1.11045286946461,-0.919042647724415,0.557929230233757,0.077958856626599,0.0220400296030573,0.0899813698143939,-0.00685585618530935,411.23176220772,738.098485600202,NA,NA,TRUE
"S05",41,"M03","B","mean_width",1500,2.55656719691228,0.199385241787411,2.25681152022131,2.5441755133629,2.90985912377441,0.551818344462934,0.0613897582684877,-0.0291586819208978,0.0676404337359704,0.00229401594121041,422.271633065618,605.690432079295,NA,NA,TRUE
"S05",41,"M03","B","observed_loss",1500,119.162866451473,1.54121257291086,117.314745334504,118.868997244056,122.112093405484,0.442116175392158,0.0203157639848483,-0.0081424846640672,0.0130839696699739,-0.0466892209482557,569.245427765429,936.289109850064,NA,NA,TRUE
"S05",41,"M03","C","mean_midpoint",1500,-1.10075716433298,0.0948860771605225,-1.24207771163263,-1.10975781673512,-0.936943072692623,0.564577160663549,0.108272520355741,0.00920810140297873,-0.0501513689336552,0.0266223889647081,336.168387735908,787.922710570423,NA,NA,TRUE
"S05",41,"M03","C","mean_width",1500,2.54980778472581,0.18296224483965,2.28121812043894,2.53779411909442,2.87985010717968,0.598868649408445,0.113828943819577,0.0484659984921626,0.0232470364433076,-0.00337819819888831,332.011122561982,421.406689447684,NA,NA,TRUE
"S05",41,"M03","C","observed_loss",1500,119.000289167976,1.5251688669944,117.223578080182,118.670712972822,121.867987360321,0.415143582208434,-0.0380429668372359,-0.0225422513506341,0.00495060667980505,0.0157739081132015,625.888554875047,932.351665041087,NA,NA,TRUE
"S05",41,"M03","D","mean_midpoint",1500,-1.10718284369253,0.0981036747663233,-1.25818482267527,-1.11445553757431,-0.939046324096974,0.54432224862322,0.112996032056423,-0.0045474896508674,0.0372176684217207,0.0457816482487007,379.462682169156,694.749382036282,NA,NA,TRUE
"S05",41,"M03","D","mean_width",1500,2.53832600861528,0.197155774601116,2.23601765312414,2.52775315019662,2.87498184301923,0.578433950914243,0.142442616504237,0.00216152912162012,0.00592882905972019,0.0299807314100388,352.811420243079,626.086829399539,NA,NA,TRUE
"S05",41,"M03","D","observed_loss",1500,119.101655421911,1.50016397037525,117.266348208314,118.791677375982,121.977729985652,0.379393809155291,-0.00407965338134147,0.0255751063292868,0.00377737339163691,-0.040180630831811,693.94194787531,1109.0678982902,NA,NA,TRUE
"S05",113,"M09","A","log_q_1",6000,-3.8122681116097,0.434559148798398,-4.53373789885942,-3.82158343320309,-3.08526928358274,0.793568346924294,0.372965741296493,0.119403645154697,-0.0399864113367606,-0.0523830238075774,658.719384944058,1302.15236055136,NA,NA,TRUE
"S05",113,"M09","A","mean_midpoint",6000,0.940678123649552,0.228943988551213,0.576338487696499,0.936136429095807,1.32299599927394,0.67457403507932,0.218163117705577,0.0646914022683856,-0.0402043092040532,-0.0168382017968101,942.464688092373,1802.86374569869,NA,NA,TRUE
"S05",113,"M09","A","mean_width",6000,4.59498768266696,0.434368754846639,3.90101363190968,4.58843614096572,5.30973404066211,0.716034318389657,0.222406664257302,0.0645531012982751,-0.0338912307019855,-0.00584529193357769,895.052017183927,1911.7770802664,NA,NA,TRUE
"S05",113,"M09","A","observed_loss",6000,160.334981282524,10.6104993348896,142.775200732876,160.450457570832,177.617546397838,0.471741959616188,0.138858622124844,0.0308091796381644,-0.00434680030383079,-0.0285778900483243,1266.00862631947,2361.54037469644,NA,NA,TRUE
"S05",113,"M09","A","terminal_midpoint",6000,0.474942783117314,0.619421554900575,-0.512821956496423,0.461307439447363,1.53319614246868,0.493724187771017,0.148649626982357,0.0505312556490359,-0.00684770000207321,0.000225667824241881,1233.05290146673,3149.32578708829,NA,NA,TRUE
"S05",113,"M09","A","terminal_width",6000,5.37098460427812,1.25952707975546,3.3907969440053,5.33153446065213,7.47798815102137,0.550977239619995,0.179323956293217,0.0570922681335174,-0.0215980616673193,-0.013189538202893,1094.93869241219,3022.2958346179,NA,NA,TRUE
"S05",113,"M09","B","log_q_1",6000,-3.84750818576049,0.441539910255289,-4.55428524811651,-3.86143513783889,-3.0912707002138,0.798612369638283,0.372796513688751,0.161637103787408,0.0412896816841313,-0.00321265790826194,498.101516324371,670.935942844227,NA,NA,TRUE
"S05",113,"M09","B","mean_midpoint",6000,0.931684541292268,0.228250716019593,0.565858481818841,0.926825369069414,1.32134754793752,0.672132132615499,0.17061283152025,0.0657131688408347,-0.0224940950103068,-0.0138075611540935,1019.16990550288,1780.52128660337,NA,NA,TRUE
"S05",113,"M09","B","mean_width",6000,4.58197473156829,0.439043082745223,3.88338697870252,4.56801729681367,5.33087483292925,0.720651860429071,0.199135206346422,0.0516206194736834,-0.0238091159928247,0.0042972845999388,951.32063469722,1613.14689769985,NA,NA,TRUE
"S05",113,"M09","B","observed_loss",6000,160.89835542184,10.5450135473042,143.339398322349,160.968463026046,178.435804368953,0.493110063019432,0.16954530461895,0.105490839482628,0.00349443799740814,0.0186275145757267,1033.27206373696,1720.09407809739,NA,NA,TRUE
"S05",113,"M09","B","terminal_midpoint",6000,0.452843809814218,0.603736302802037,-0.522441479558355,0.436826519858685,1.45728575613909,0.481518644411116,0.102610347590623,-0.00751908641219183,0.00547819957676678,0.0137138056160681,1587.44432575218,3206.49755310023,NA,NA,TRUE
"S05",113,"M09","B","terminal_width",6000,5.32441723024766,1.218303088943,3.40000068537858,5.29762042480277,7.37292109245325,0.539412244842378,0.120013960886366,0.0117670555602773,-0.0137149929133305,0.020247598264893,1369.84007480172,3156.12969523591,NA,NA,TRUE
"S05",113,"M09","C","log_q_1",6000,-3.83466628832452,0.441157658958629,-4.54797085573098,-3.84158152336349,-3.10742669365204,0.793239295006693,0.365314412036485,0.123070084349886,-0.0252850615936384,0.0142618363276999,639.568917030811,1162.81646982767,NA,NA,TRUE
"S05",113,"M09","C","mean_midpoint",6000,0.940503295604462,0.225915616178238,0.573120187829637,0.934329735600212,1.31787483836507,0.668007556296422,0.226153076132204,0.0861515324190536,-0.0193311823092534,-0.0173678362934032,876.809977044728,2133.78428817301,NA,NA,TRUE
"S05",113,"M09","C","mean_width",6000,4.60100963707935,0.431480681769987,3.90717636796717,4.5923636561528,5.32127173248379,0.716848118381771,0.245471779882928,0.096581854595197,-0.0183506859281373,-0.0184458978996974,780.121974054063,1784.01545775734,NA,NA,TRUE
"S05",113,"M09","C","observed_loss",6000,160.586055077228,10.5526720550141,143.29324041846,160.574116891312,177.50208052064,0.470811392933085,0.197008081585954,0.0545478970046604,-0.0342061631503584,0.0217228782934666,1144.24332162173,2373.18815343771,NA,NA,TRUE
"S05",113,"M09","C","terminal_midpoint",6000,0.477368784574346,0.610940003057693,-0.48398064752531,0.470320998029864,1.50463132338628,0.457518602826475,0.132570407186436,0.0300865549785665,-0.00885041298526656,-0.0197668187790217,1362.29892876289,2850.86020982848,NA,NA,TRUE
"S05",113,"M09","C","terminal_width",6000,5.37536240677015,1.23820715289123,3.4284119831754,5.33999094842648,7.45906593947678,0.523174030845629,0.150612320574796,0.039739477039451,-0.0251179548573316,-0.0138354408469099,1189.1906900207,2782.66336624267,NA,NA,TRUE
"S05",113,"M09","D","log_q_1",6000,-3.81397207665796,0.443151093287319,-4.53185599426096,-3.8212239205751,-3.06889363634452,0.806495977047574,0.384231000820275,0.176894088446626,-0.0230706956394667,0.00145094499486492,563.576872752055,1196.35200614077,NA,NA,TRUE
"S05",113,"M09","D","mean_midpoint",6000,0.934524183676513,0.22860860767343,0.567206383243035,0.928763566862207,1.32155802520225,0.66605426101062,0.191758419036613,0.0544440333574595,-0.0243278183614794,0.0235833639962386,1006.80723044809,2187.32621593898,NA,NA,TRUE
"S05",113,"M09","D","mean_width",6000,4.5851345415789,0.433746901323745,3.89129666213309,4.57553219307889,5.32702104305207,0.710804072170324,0.208353500732851,0.0544303361189712,-0.0158259689221721,0.0237595236606168,938.621651885781,1905.22229413426,NA,NA,TRUE
"S05",113,"M09","D","observed_loss",6000,160.333652617963,10.8148339495803,142.386237653647,160.594107851274,178.209450327896,0.503451335585427,0.187287050064415,0.0724476727923372,-0.00260782203983051,0.00327486658989365,1097.45444133261,1995.46035797386,NA,NA,TRUE
"S05",113,"M09","D","terminal_midpoint",6000,0.454001368835865,0.611838394095325,-0.529592656264279,0.443776459194739,1.48820479431047,0.472438661861519,0.116915183365551,0.081726581954228,0.00697389909031657,0.0176923398748349,1264.67223050112,2836.6982820755,NA,NA,TRUE
"S05",113,"M09","D","terminal_width",6000,5.33928986540998,1.25662902259578,3.33127370784397,5.30602422054292,7.46824956312962,0.541217638085975,0.121948382640106,0.0941289730244833,0.013690208307345,0.0426135046853767,1140.0097231201,2657.80272499667,NA,NA,TRUE
"S05",186,"M03","A","mean_midpoint",1500,0.53319548749084,0.127329641694141,0.336967142900581,0.524302450268213,0.752857191193785,0.624806091858328,0.154585671094792,0.0581332683926614,-0.0106830607068881,0.0365796755725356,297.353149737559,596.473821933193,NA,NA,TRUE
"S05",186,"M03","A","mean_width",1500,2.66652240899521,0.251299798850335,2.2623903991072,2.65491935161155,3.09796257886118,0.624916890880381,0.1555889791498,0.0339909775492668,0.00808770161898947,0.0433226129318513,268.958148891127,652.273801416953,NA,NA,TRUE
"S05",186,"M03","A","observed_loss",1500,132.968524663974,1.31755033493607,131.398870805045,132.681450433132,135.494310946501,0.448668240370396,0.0382685793731264,-0.0259768241895371,-0.0234607127779175,-0.0254160166241282,515.163807268203,788.914339141145,NA,NA,TRUE
"S05",186,"M03","B","mean_midpoint",1500,0.531024564953523,0.128287383147958,0.329023964258303,0.53178759501392,0.747818439741514,0.596050397698963,0.109271038405275,0.001900937611448,-0.000996717107436951,-0.0894203680115813,392.513647585355,739.476694743202,NA,NA,TRUE
"S05",186,"M03","B","mean_width",1500,2.67782727976885,0.255726267441982,2.2637349516007,2.67516546437955,3.08866387272492,0.621778470099153,0.113201972491379,0.0274289269976434,-0.0134216510710162,-0.0853244712953709,318.448695306597,727.104676897529,NA,NA,TRUE
"S05",186,"M03","B","observed_loss",1500,132.988056461806,1.35512048754688,131.409531663201,132.670286333876,135.564179358554,0.395729714415879,0.00572477848009387,-0.0241012341351756,-0.0251386879562681,-0.0431544617765182,626.925224608901,873.132958553173,NA,NA,TRUE
"S05",186,"M03","C","mean_midpoint",1500,0.530289185979372,0.132007205755449,0.317986758616469,0.525144731127221,0.75928246136145,0.588217707652267,0.143266154927458,-0.00971981474015492,0.0275976204944389,0.0358482362237659,346.135892123524,538.098020155568,NA,NA,TRUE
"S05",186,"M03","C","mean_width",1500,2.66777654787166,0.265671289922661,2.24865411498264,2.65662001093036,3.11192444247025,0.594311310672947,0.144562753047427,-0.0110670369424061,0.0295493461258569,0.0753643544914944,355.085376993354,617.507497336672,NA,NA,TRUE
"S05",186,"M03","C","observed_loss",1500,133.048061699967,1.41220572879429,131.381150712856,132.756806183922,135.762853093054,0.417410998464177,-0.010567745148445,-0.0652983858233754,0.0033775134783731,-0.00959257175005232,579.771129434621,1011.67337858128,NA,NA,TRUE
"S05",186,"M03","D","mean_midpoint",1500,0.530254000642545,0.142368544409278,0.319499339832842,0.52163795073002,0.775600253914579,0.625878590870442,0.15693433589664,0.0517034595526467,0.00268337689044713,-0.0369289372174107,227.699726699655,365.884774924297,NA,NA,TRUE
"S05",186,"M03","D","mean_width",1500,2.65730797023047,0.291412219820709,2.21433438891865,2.63168655120898,3.16209967090637,0.631866048210108,0.166336876871538,0.0521777093484452,-0.0105381226688204,-0.031205469069496,231.407237043423,383.492657402871,NA,NA,TRUE
"S05",186,"M03","D","observed_loss",1500,133.115240077155,1.38396428579917,131.440119621068,132.828601411869,135.822578373781,0.463396715053944,0.0655984143921197,0.0310783195270526,-0.0186489913000196,0.0374140780879147,458.426952791033,693.176256137705,NA,NA,TRUE
"S06",76,"M06","A","mean_midpoint",2000,0.526486323462236,0.166125399157533,0.255222821042271,0.524112303396039,0.798313706560954,0.812582315343509,0.389336874335755,0.103823337565088,0.0744477328856325,-0.0242201819631747,181.584782755925,319.940321292597,NA,NA,TRUE
"S06",76,"M06","A","mean_width",2000,3.18193404698262,0.325369035142496,2.63397355934389,3.17820859297254,3.71178769454838,0.850628047097798,0.452693053273904,0.151498349727603,0.0756950364655835,-0.0182728676668234,148.072857678934,294.955981845252,NA,NA,TRUE
"S06",76,"M06","A","observed_loss",2000,61.8284505754444,3.2908000223356,56.6279833832831,61.659307396028,67.6206797080453,0.363135761137177,0.062502600487759,-0.0214061819977596,-0.0016805384177171,-0.0071522655902544,752.288284517797,1266.09055120313,NA,NA,TRUE
"S06",76,"M06","A","terminal_midpoint",2000,0.0303235659212557,0.318999659519046,-0.4581904809681,0.0132969640225914,0.575176690157979,0.619826021303957,0.217819402042659,0.0476888709798507,0.00919105911439842,0.0062337547788666,322.324280458031,437.42413557956,NA,NA,TRUE
"S06",76,"M06","A","terminal_width",2000,2.84685983725591,0.536958304672353,1.98907438889836,2.82283197953546,3.75764845622789,0.643053834757677,0.238806553533363,0.0670596767057875,0.0485660726033443,-0.0431479813661845,302.89149159152,500.384118399747,NA,NA,TRUE
"S06",76,"M06","B","mean_midpoint",2000,0.574704436565884,0.174649498011699,0.280294498240248,0.573952631699718,0.865700532559456,0.841653283860974,0.456705034024298,0.26306664817358,0.00174666080423547,0.0611254363472542,147.38132143809,221.302067862947,NA,NA,TRUE
"S06",76,"M06","B","mean_width",2000,3.27388035641413,0.342024566901171,2.67231555295744,3.29042948461354,3.82387982717126,0.869242073899647,0.53017780672762,0.329011329786679,0.0402845963805894,0.0698341594500295,123.150255057669,173.209949400656,NA,NA,TRUE
"S06",76,"M06","B","observed_loss",2000,61.9464134634572,3.37775120314174,56.6500540913552,61.7530437304217,67.732366359906,0.406459005552191,0.112137515899592,0.0310188452175478,-0.0206778006572085,0.0171443941418464,508.999800057084,1099.07266651169,NA,NA,TRUE
"S06",76,"M06","B","terminal_midpoint",2000,0.107826226990059,0.32730029881355,-0.389970506680872,0.086612575763396,0.679771179637695,0.664815640192103,0.264950328982222,0.106238179772857,0.0348977484009566,-0.0252021031623809,220.632561645171,539.531017790507,NA,NA,TRUE
"S06",76,"M06","B","terminal_width",2000,2.96292677485034,0.564694447877598,2.0873361588834,2.93472101384648,3.97609562085783,0.653335205312579,0.306434523897128,0.170874894458518,0.0147956599644161,0.0367515003231324,203.405673120686,344.358377078853,NA,NA,TRUE
"S06",76,"M06","C","mean_midpoint",2000,0.546598358986449,0.168203095305586,0.282585628979482,0.535063198247479,0.844784635319455,0.824736060168752,0.437697159287084,0.279477796829463,0.0266832849296245,0.0123388897705431,132.266145210719,256.352979816648,NA,NA,TRUE
"S06",76,"M06","C","mean_width",2000,3.22195624353452,0.330392160754266,2.72340554612568,3.20974641617627,3.78981015408491,0.859769112252451,0.483336235157738,0.273513799108299,-0.0058776726245204,-0.000316226607734281,140.234315382241,239.533937281969,NA,NA,TRUE
"S06",76,"M06","C","observed_loss",2000,61.7939608676879,3.29926043780912,56.5920528397569,61.7183276930831,67.3588577774886,0.398042700088417,0.07861351003021,-0.0153233480533627,0.00809115686905316,0.0100648936215672,735.769856065358,1094.88767124723,NA,NA,TRUE
"S06",76,"M06","C","terminal_midpoint",2000,0.0455451588144698,0.321326843540491,-0.444919624853548,0.024974878624426,0.629443720649951,0.65279696550337,0.255345978967389,0.163491987704138,0.0374602926455191,-0.0207031240170962,214.92354924488,357.301325605047,NA,NA,TRUE
"S06",76,"M06","C","terminal_width",2000,2.86836842952541,0.568976298093815,2.0189380933071,2.84133462608728,3.87674589101417,0.681061601551758,0.294140522079736,0.175633822650378,0.0271498552940457,-0.0376041449117235,182.196212802381,300.402705663555,NA,NA,TRUE
"S06",76,"M06","D","mean_midpoint",2000,0.514640005011892,0.183547358072268,0.233832627920988,0.504279405231811,0.83896987870472,0.859796048569063,0.478731161235682,0.265155735972855,0.157332975638565,0.0532951460699673,116.265652115255,236.014580688622,NA,NA,TRUE
"S06",76,"M06","D","mean_width",2000,3.15178906703198,0.358929255128429,2.59564805074398,3.14504833441249,3.74554854810899,0.879519956036774,0.513712492601301,0.24906866157977,0.121799576967956,0.0315517666855249,118.201610124289,216.518204105928,NA,NA,TRUE
"S06",76,"M06","D","observed_loss",2000,61.9168982413075,3.37677062209216,56.7335527144106,61.7206581710393,67.8303069703583,0.4180125624678,0.065803974790056,-0.0229159783386641,-0.0261285458919053,0.0390247288064505,652.416357175329,1243.17316036404,NA,NA,TRUE
"S06",76,"M06","D","terminal_midpoint",2000,0.0446371072945248,0.335557787813172,-0.463889341716096,0.0135124614972347,0.637943912888761,0.694164264765711,0.331538329273775,0.227879047831969,0.0932531578980741,0.0317200310232599,127.827710196772,362.208253057235,NA,NA,TRUE
"S06",76,"M06","D","terminal_width",2000,2.77821139312099,0.569450143074507,1.88618924519799,2.74590306324135,3.79229737147531,0.67049620736125,0.271533648826767,0.124854810176017,0.09021978620945,0.0470873665459047,184.882620839752,400.529079823408,NA,NA,TRUE
"S05",51,"M06","A","mean_midpoint",2000,-0.524777114821791,0.0822773645000256,-0.65362100293864,-0.525564153732892,-0.389072777342488,0.553619685962458,0.0852855060873326,-0.0379450226343228,0.00649871794406104,-0.0337609322698786,518.049998935627,823.069897583557,NA,NA,TRUE
"S05",51,"M06","A","mean_width",2000,2.08040371162558,0.149255863030887,1.84790228338751,2.07568186452378,2.33220122746445,0.63243805011013,0.132840130546091,0.000928281625871862,-0.0122353070136734,-0.00969346752362007,411.118270318505,891.202273415057,NA,NA,TRUE
"S05",51,"M06","A","observed_loss",2000,68.3871920096205,3.52072672983283,62.8359599168717,68.2752199453256,74.5798065512366,0.366636543589883,0.0314729479116593,0.0209436098518139,-0.0318202477912376,0.022027458731958,848.585628567015,1253.4776724661,NA,NA,TRUE
"S05",51,"M06","A","terminal_midpoint",2000,-0.392115211363434,0.174427148535088,-0.678294434301672,-0.390682288211939,-0.098904132316229,0.230247399539486,0.0104358823126468,-0.00100308606248278,0.0107393449465653,-0.00539228791160009,1037.91482206697,1454.27506495911,NA,NA,TRUE
"S05",51,"M06","A","terminal_width",2000,2.64549029232383,0.379317015510757,2.01212892479669,2.65362045712249,3.27661092420073,0.372107018199756,0.0115417982173603,-0.0268831290658549,-0.00294665530521154,-0.0140427057393075,834.381881698096,1242.0435284983,NA,NA,TRUE
"S05",51,"M06","B","mean_midpoint",2000,-0.528319936519306,0.0765741869319757,-0.655312969572127,-0.528640340713758,-0.401886811657759,0.545119922857046,0.0616928237102404,-0.0126189046213129,0.0334610893787265,-0.0129692388531535,542.379184201144,913.346088596629,NA,NA,TRUE
"S05",51,"M06","B","mean_width",2000,2.07428796210412,0.148215770639063,1.82860859223332,2.07500387593544,2.31993992858938,0.620401969489274,0.07592179653717,-0.0395420361612501,0.0299849835222556,-0.0319022357138093,503.54239843007,883.672964519439,NA,NA,TRUE
"S05",51,"M06","B","observed_loss",2000,68.5496003116776,3.55014626923707,63.0590523468262,68.3386335117325,74.5066789860249,0.328078618104446,0.0153246043951215,0.00950170889853604,0.0191837030324492,0.00864541196562193,902.967034101999,1312.76253337618,NA,NA,TRUE
"S05",51,"M06","B","terminal_midpoint",2000,-0.398908773617244,0.178378481983371,-0.685412069238853,-0.399953237417372,-0.097922172501716,0.285049121035703,0.0544573667120177,0.0195138200107495,0.0302040920950197,-0.00338311652207218,816.105951901026,1476.49720101258,NA,NA,TRUE
"S05",51,"M06","B","terminal_width",2000,2.65857444773695,0.385721403006659,1.9926823463748,2.66454944003831,3.27973267994651,0.389684220426764,0.0206466804696731,-0.0228192583971928,-0.00184019414557566,0.0156631489574732,778.153578519173,1178.92814526781,NA,NA,TRUE
"S05",51,"M06","C","mean_midpoint",2000,-0.529026679965735,0.0802607407064068,-0.660345758438331,-0.527564709505512,-0.398218171872678,0.568316323161841,0.0680793362612184,0.0193833284472868,-0.0129941307337254,0.0107302442835245,493.48282356355,1077.71441509163,NA,NA,TRUE
"S05",51,"M06","C","mean_width",2000,2.0758781361999,0.148504389452059,1.82554490223893,2.0757217213321,2.31688922720422,0.600465388372469,0.0525950484380521,0.0698980109906408,-0.0547171811014881,-0.0286111305560904,483.618427804247,866.674306755271,NA,NA,TRUE
"S05",51,"M06","C","observed_loss",2000,68.4297303928296,3.63691546635353,62.7875815238286,68.2486540316101,74.6680208999771,0.368223587413254,0.000669628854250768,-0.0362389838086371,0.0247501805409213,0.00960312296038641,910.623365338686,1410.2084547362,NA,NA,TRUE
"S05",51,"M06","C","terminal_midpoint",2000,-0.395242534730468,0.173542366713577,-0.678893989047282,-0.400952855215387,-0.104824368371045,0.240034925187958,-0.024250701408448,-0.0134179524263496,-0.0138441788464869,0.00405413384226871,1187.25587579998,1489.36715049142,NA,NA,TRUE
"S05",51,"M06","C","terminal_width",2000,2.64286268298655,0.377663850088627,1.9826837359619,2.64732951597875,3.26040027060072,0.371258090993371,-0.000148146514957131,0.00927068032313855,0.018203437691208,-0.00491925797430074,781.375676904945,1189.66634897889,NA,NA,TRUE
"S05",51,"M06","D","mean_midpoint",2000,-0.536286276417448,0.0804125140966511,-0.669011887482382,-0.537467105479108,-0.400822692657977,0.5731866813663,0.118918669393392,-0.0196366420060326,-0.0168979851526196,-0.0133978234892222,497.894420824703,1091.61670080718,NA,NA,TRUE
"S05",51,"M06","D","mean_width",2000,2.08901568005446,0.152544149731168,1.84100390915269,2.08739565107198,2.33852819904373,0.615914347711346,0.0796626629427217,0.0202206478229963,-0.0126880540219688,-0.0420705718066113,525.779042331757,891.057680443582,NA,NA,TRUE
"S05",51,"M06","D","observed_loss",2000,68.5565833863241,3.57038738992634,62.9583362008737,68.3969455571343,74.709167390363,0.352887350550357,0.0567127309258634,-0.00370251722231155,-0.0113544134568793,0.0207524658370025,835.11853738818,1498.69557119654,NA,NA,TRUE
"S05",51,"M06","D","terminal_midpoint",2000,-0.401831371567864,0.173624202840577,-0.691772233203188,-0.403922177115769,-0.110480190034326,0.251118514009322,0.0226999274751167,-0.00283569388437605,-0.0239570083973809,-0.0269107888068773,1026.62366299819,1625.52171715325,NA,NA,TRUE
"S05",51,"M06","D","terminal_width",2000,2.66478922238294,0.377998472919593,2.04799250041088,2.67010507055405,3.27613659092488,0.391231384001467,0.00341130130314259,-0.00763429357645845,0.0290391940204101,-0.000530087477173513,786.848381174405,1103.94061212917,NA,NA,TRUE
"S05",122,"M02","A","mean_midpoint",4000,-0.796698309204302,0.0516325881177711,-0.880557864743046,-0.797261696656751,-0.709743494730166,0.715810989370553,0.199325329455668,0.0363585177705241,-0.0241902750821366,0.00979937155078121,639.795403058589,1347.72313664822,NA,NA,TRUE
"S05",122,"M02","A","mean_width",4000,2.55078360057299,0.106774823430457,2.37849545834471,2.5494872246632,2.72682941447801,0.72216475154436,0.214694828890816,0.0765177883465173,-0.0318180417115056,-0.0377756312885806,594.639452764198,1244.31783351124,NA,NA,TRUE
"S05",122,"M02","A","observed_loss",4000,100.298039523726,3.16419009623309,95.1931208995831,100.264814500101,105.596354721359,0.497644784021048,0.109573567136149,0.0223277645775256,-0.0232922003416878,-0.00832184199248177,934.223554116923,2040.590265955,NA,NA,TRUE
"S05",122,"M02","A","terminal_midpoint",4000,-0.655068021872561,0.104711091684281,-0.826435197355101,-0.656624154109623,-0.485418088609014,0.475134615605169,0.0948225648373885,0.0272002703213701,0.0513859111062896,0.0248476091581986,991.489820594745,2197.31830709597,NA,NA,TRUE
"S05",122,"M02","A","terminal_width",4000,2.57128739341542,0.213860782309947,2.2353346259246,2.56116168217496,2.9311454069663,0.480456534864626,0.0784486093839479,-0.0179042355066886,-0.00297707390073005,0.0251537723529022,1174.25043500829,2012.22339681624,NA,NA,TRUE
"S05",122,"M02","B","mean_midpoint",4000,-0.794773869420027,0.0534232909793578,-0.88218976182872,-0.796165827675794,-0.707828847527053,0.74416481911421,0.274944869644793,0.0800592486631366,-0.0220284477549549,0.0558230794248824,452.134972481945,962.979999165199,NA,NA,TRUE
"S05",122,"M02","B","mean_width",4000,2.56013144996284,0.109054103508155,2.38845204736112,2.55850891106216,2.73675981015267,0.74266363129846,0.224863377139962,0.0274419791625538,-0.00322618669695068,-0.0600306586681821,605.373772549068,1143.6594055615,NA,NA,TRUE
"S05",122,"M02","B","observed_loss",4000,100.311029980968,3.13670445220218,95.4055693730552,100.107891208909,105.69826937633,0.507846335317498,0.145805945490473,0.0211074916250281,-0.00480078623212636,0.036479678070128,852.19985193811,1595.28325165728,NA,NA,TRUE
"S05",122,"M02","B","terminal_midpoint",4000,-0.653197791348274,0.106077304411806,-0.822388547210086,-0.655535912485234,-0.474145718205139,0.491568977916211,0.105487180049443,0.044145418156288,0.0190145009572835,9.67890790411653e-05,836.160340028449,2200.66189627585,NA,NA,TRUE
"S05",122,"M02","B","terminal_width",4000,2.58162527253457,0.210920025385186,2.2515010177865,2.57461944692667,2.93731920623258,0.486222793987773,0.095525658236457,-0.00356892061864971,-0.00569915369995043,-0.0321597884740917,1058.3309356749,2071.14274514759,NA,NA,TRUE
"S05",122,"M02","C","mean_midpoint",4000,-0.797798940036286,0.0535880212693176,-0.886913506878117,-0.798974535010372,-0.708216874961819,0.736156287058092,0.215119670747091,-0.0208089859002933,-0.0577033893501226,-0.0147748065461153,666.249440577571,1417.95163217545,NA,NA,TRUE
"S05",122,"M02","C","mean_width",4000,2.55115880451227,0.105559288125772,2.37945161835347,2.55075157967726,2.72746809743947,0.728181790493167,0.207674227049614,0.052161150759565,-0.00766263919400329,0.00520825664696313,595.151329369442,1195.49582913256,NA,NA,TRUE
"S05",122,"M02","C","observed_loss",4000,100.367024262159,3.20629676590076,95.1940852774694,100.295663180461,105.749127494386,0.52776785510608,0.118255912078747,-0.0132120065796641,-0.025340827149593,-0.0201673887444441,991.053368921601,1754.73344160827,NA,NA,TRUE
"S05",122,"M02","C","terminal_midpoint",4000,-0.659116971789959,0.104878102749594,-0.826189255113293,-0.661876495330427,-0.485214160564528,0.501509053239848,0.112338748469544,0.000384207544368806,-0.0231829948678153,0.0336682831908044,1059.15003947164,1893.03761968096,NA,NA,TRUE
"S05",122,"M02","C","terminal_width",4000,2.57302693478963,0.2106959540498,2.23754397404758,2.56554730203664,2.9264105505424,0.483809210886441,0.121508627621789,0.00781937731798093,0.0333385790919075,0.00285061575746613,962.11916947492,1685.67680053487,NA,NA,TRUE
"S05",122,"M02","D","mean_midpoint",4000,-0.796634188940578,0.0533075838642758,-0.8833976374408,-0.79845711510572,-0.707747353060866,0.728303461957662,0.254631563194368,0.068760278710796,-0.0297379833952182,-0.00368995893245741,577.403932353192,1384.33238218667,NA,NA,TRUE
"S05",122,"M02","D","mean_width",4000,2.55393057025112,0.100638042092972,2.38922316317765,2.55210182040909,2.72237109977179,0.715086396684025,0.240839885474768,0.0384635361021021,0.017272114914664,-0.0186818785415581,624.398135533197,1169.12760483771,NA,NA,TRUE
"S05",122,"M02","D","observed_loss",4000,100.367324951867,3.1547862558722,95.4749588283996,100.228958027029,105.818597010942,0.507861882502246,0.122054164429679,0.0371991233684893,-1.64329425046011e-05,0.0145940888670944,928.72863750685,2074.49389152718,NA,NA,TRUE
"S05",122,"M02","D","terminal_midpoint",4000,-0.653770485674422,0.107153205175643,-0.825672567313951,-0.65523425703996,-0.471843504536347,0.476019442496151,0.0680731086276361,0.0134453803386629,-0.00841916648987939,0.0187802751698188,1087.79354749687,1993.55020609178,NA,NA,TRUE
"S05",122,"M02","D","terminal_width",4000,2.5771895218462,0.20736337695022,2.24348346528163,2.57148287404506,2.93102719310718,0.457422043059126,0.0497086182677798,-0.0440150545907483,0.00449836851377554,0.0176479896900999,1317.39281334317,2394.00319510474,NA,NA,TRUE
"S05",188,"M01","A","log_q_1",6000,-4.59513585795574,0.393790104889124,-5.24275432614864,-4.59610098248571,-3.94006004912016,0.770969036714844,0.300580160142083,0.102764136923469,0.00760850141810005,-0.0566695953637127,698.902928789347,1405.07795509254,NA,NA,TRUE
"S05",188,"M01","A","mean_midpoint",6000,-0.154080232183679,0.0968971809650646,-0.31064513878569,-0.156415514512929,0.00553023706271908,0.5237316659155,0.10436539320708,0.0184169909829365,-0.0012664233553013,0.013990361594776,1483.75869849677,3036.57597623476,NA,NA,TRUE
"S05",188,"M01","A","mean_width",6000,2.34050207235246,0.188403274909503,2.0306786885613,2.34250562434642,2.65010063956946,0.656418831293858,0.146466018103216,0.0225179121967826,-3.95387896031985e-05,0.0102432120594296,1177.11446977958,2432.64529022083,NA,NA,TRUE
"S05",188,"M01","A","observed_loss",6000,69.4901850152095,3.80191029105879,63.4498748977128,69.4218271244308,75.9156611567896,0.323674097930663,0.0795989464579006,0.0268682313352826,0.00780066641251914,-0.0186212793384855,1926.6188375495,3638.97093834862,NA,NA,TRUE
"S05",188,"M01","A","terminal_midpoint",6000,-0.877301168413687,0.316709832790419,-1.40526925695137,-0.873883677027958,-0.37499897117033,0.331081609653803,0.0292853348082399,-0.0248920282212116,-0.0112494795250831,-0.004590190963659,2598.48513753246,4616.5808149394,NA,NA,TRUE
"S05",188,"M01","A","terminal_width",6000,2.18751190025473,0.639211379473746,1.09678285398414,2.21109677142914,3.20081246101255,0.478786269993284,0.05786215507395,0.0086313297494022,0.0234471573923463,-0.019482363878794,1763.6636833608,3270.32005610297,NA,NA,TRUE
"S05",188,"M01","B","log_q_1",6000,-4.55015513216443,0.385383576353295,-5.18035371491816,-4.55191923624458,-3.9074386722431,0.757457378272687,0.304901401734671,0.0879790202565856,-0.00253704822363947,-0.0189593182151849,732.505528161956,1524.90148619182,NA,NA,TRUE
"S05",188,"M01","B","mean_midpoint",6000,-0.152850418595271,0.0951760756007413,-0.309447093831917,-0.154147021419423,0.00586357902020434,0.517688471821378,0.0786605515787862,-0.0113924482942459,0.01027872878689,0.00027052572384976,1651.13377364104,2800.70199926269,NA,NA,TRUE
"S05",188,"M01","B","mean_width",6000,2.33980603480166,0.189262492006909,2.02867297486664,2.34121604212368,2.65319242784328,0.657131311646634,0.132563501664752,0.030368230787664,0.0102762144543551,0.0056316986782139,1181.56443962989,2370.39793921276,NA,NA,TRUE
"S05",188,"M01","B","observed_loss",6000,69.2483648758381,3.77404138064111,63.2650329415928,69.1142702373001,75.5396567596547,0.316959595882465,0.0492644982779213,0.0298675711139216,0.00628562325432303,-0.000847349865080517,2022.94026681966,3993.57695162859,NA,NA,TRUE
"S05",188,"M01","B","terminal_midpoint",6000,-0.878626768974109,0.318001882182935,-1.41363092989003,-0.873258558612068,-0.373190345802238,0.299254784582119,0.03744837733901,0.00329836191652954,0.0258812309682275,-0.00740870731457542,2477.01777791911,4367.2938272582,NA,NA,TRUE
"S05",188,"M01","B","terminal_width",6000,2.18202809343354,0.633975504186727,1.1070777740962,2.20138035111156,3.1916361864305,0.432999655024762,0.071440759859153,-0.00572615328689295,0.0056298016114795,-0.0219420270116897,1912.79237290008,3455.12049176652,NA,NA,TRUE
"S05",188,"M01","C","log_q_1",6000,-4.58274486152436,0.384573396641398,-5.19521914924678,-4.59125114067448,-3.93473540071524,0.748797491155498,0.278724196581416,0.0885456666887582,0.0182213527996119,-0.0106494074993745,748.217568065002,1787.27390626702,NA,NA,TRUE
"S05",188,"M01","C","mean_midpoint",6000,-0.157331744830353,0.0958871970232826,-0.309591409784358,-0.158811463583193,0.00363986757801177,0.510572021382563,0.0679491585922953,0.0079134422995687,0.000446806514231659,0.0151358709708631,1687.1964247354,3390.19010581361,NA,NA,TRUE
"S05",188,"M01","C","mean_width",6000,2.33323187244823,0.187949180700802,2.0304091616874,2.33175840949884,2.64204011280435,0.652022025379391,0.117873956732819,0.0117110591968163,-0.000298448975375428,-0.0303807228923692,1235.36264565613,2549.46440449863,NA,NA,TRUE
"S05",188,"M01","C","observed_loss",6000,69.4622209610079,3.71300984250591,63.5447405546396,69.4159614020941,75.6953041690671,0.322664530306077,0.0528492128298965,0.0144168068190645,0.00973388200736236,0.00950286861843768,1838.82706528668,3584.72751021633,NA,NA,TRUE
"S05",188,"M01","C","terminal_midpoint",6000,-0.876969905875496,0.325778210988407,-1.42276322000748,-0.870792125759171,-0.35269890275664,0.322598944326893,0.0456579692253677,0.00522617516512618,-0.00299225479275146,0.00890939461759481,2437.70670958262,4382.78710401223,NA,NA,TRUE
"S05",188,"M01","C","terminal_width",6000,2.17511451984872,0.632076506383124,1.14727371437161,2.17192911152287,3.19895548706172,0.450785095814766,0.0623940259621264,-0.00721058328067001,0.0323510000041396,-0.00808731506365229,1874.71537212583,3461.16002207864,NA,NA,TRUE
"S05",188,"M01","D","log_q_1",6000,-4.56642006735448,0.401934817880163,-5.19989336267376,-4.5795562446872,-3.89335078172854,0.763530884544418,0.299216771695294,0.0827800544598237,-3.75596283590716e-05,0.0206049942621097,714.17257343676,1090.99080116616,NA,NA,TRUE
"S05",188,"M01","D","mean_midpoint",6000,-0.154754030007918,0.0950402230125441,-0.31017067354251,-0.156200897171765,0.00314726878690511,0.522916092405961,0.0709133738283456,-0.00552688277147287,0.00367550170560969,0.00842616740691855,1731.15903090076,2995.05487901245,NA,NA,TRUE
"S05",188,"M01","D","mean_width",6000,2.3423547489798,0.190184605823992,2.02667938449749,2.3466713156644,2.6534575853459,0.672879277380045,0.116149173787394,-0.0268866353284252,0.0254117165376031,0.0036242405947303,1286.65761288359,2263.73264661007,NA,NA,TRUE
"S05",188,"M01","D","observed_loss",6000,69.3923115879783,3.81386385584645,63.2388371526994,69.2959778552182,75.8313275027707,0.340295258504413,0.0677814095954283,0.028942498264969,0.00999561952015764,0.00231375211324449,1638.99699182866,2625.2313749059,NA,NA,TRUE
"S05",188,"M01","D","terminal_midpoint",6000,-0.876000538617663,0.323177867905023,-1.41211671448323,-0.869785643520537,-0.359677350840477,0.306013949233632,0.04227874837002,0.00551076976907671,0.0111335376701327,0.0131714109475079,2506.19751211776,4166.677206488,NA,NA,TRUE
"S05",188,"M01","D","terminal_width",6000,2.20560360406505,0.632293226333134,1.14604398354065,2.22287531969697,3.21119478358526,0.446601871175553,0.0815849966161323,-0.00313972405723013,0.00922154586474945,-0.00317895092997346,1801.25911487238,3373.96735002062,NA,NA,TRUE
"S06",99,"M01","A","log_q_1",6000,-4.18073387241165,0.420779295172252,-4.84826831862129,-4.19320631860938,-3.46645578106453,0.796455991314048,0.375669228486318,0.14357848386002,-0.0130818363172604,0.047525661684171,580.141958858678,1197.01172804464,NA,NA,TRUE
"S06",99,"M01","A","mean_midpoint",6000,2.41622286821297,0.135998826833116,2.21337435113783,2.40607700749304,2.65517191876466,0.679482850694452,0.268630766273825,0.101869402405411,-0.0142417864965514,0.020906196357364,798.917342345613,1504.14436144906,NA,NA,TRUE
"S06",99,"M01","A","mean_width",6000,3.46532158688498,0.254920313984274,3.08390869116492,3.44224079878775,3.91935135880731,0.78943568538216,0.368371010517257,0.140418027654747,-0.0359752974115847,0.00118164655658004,607.886257293207,1152.23781520255,NA,NA,TRUE
"S06",99,"M01","A","observed_loss",6000,60.857021299806,4.20940682169113,54.0463254032116,60.7553994033447,67.9649357321041,0.397931591850583,0.0987432138569104,0.0333809944273071,-0.0213015075832465,0.00744922128651726,1598.62903342412,2939.81156104948,NA,NA,TRUE
"S06",99,"M01","A","terminal_midpoint",6000,2.18408000292044,0.295592018330528,1.69649844370738,2.18372181233667,2.65625943517414,0.139697154423017,0.0274642718881107,-0.000345928447108477,0.00561934293991198,-0.0192611466422914,3693.37094260705,4617.24196120796,NA,NA,TRUE
"S06",99,"M01","A","terminal_width",6000,5.37177839936168,0.601656216315803,4.40329997707835,5.35389868873642,6.37801749436229,0.222014380049483,0.0219098008027019,0.00157449648040466,0.00866080215934725,0.0139623793217654,3334.93721752449,4405.33857763678,NA,NA,TRUE
"S06",99,"M01","B","log_q_1",6000,-4.20105507592517,0.421764581723389,-4.88433971932476,-4.20526904999415,-3.49999033765573,0.799675291902189,0.398320250328758,0.20963170043304,0.0612501869085749,-0.028593522026398,460.107561990585,1106.94046296014,NA,NA,TRUE
"S06",99,"M01","B","mean_midpoint",6000,2.41259344198699,0.137731173396687,2.20783645784594,2.40137386356873,2.66057948178829,0.700907272572345,0.282465143048067,0.0908874520290929,-0.000911350810300671,0.00382109612873859,785.282022187349,1376.17443539192,NA,NA,TRUE
"S06",99,"M01","B","mean_width",6000,3.45772116315821,0.252360580426474,3.07922949594741,3.43660151162666,3.90313077797698,0.786738417365557,0.364654344281758,0.133966596914788,0.0164221839511653,0.0171013736739718,589.341145247241,1250.49656467112,NA,NA,TRUE
"S06",99,"M01","B","observed_loss",6000,60.9700382885399,4.09939068661976,54.2405127258035,60.9631202215269,67.613831576868,0.398273493769924,0.0986528627968162,0.0520763893377834,0.00194365663638384,-0.017304934461477,1326.88448473481,2840.86540259762,NA,NA,TRUE
"S06",99,"M01","B","terminal_midpoint",6000,2.18144890683359,0.289873868950606,1.70190269525241,2.1869523815722,2.64645283213173,0.137197783800865,0.0147174350823457,-0.00863531588427242,0.0128440086051173,0.00758266627005169,3940.41705166362,4740.40449413771,NA,NA,TRUE
"S06",99,"M01","B","terminal_width",6000,5.37682548220684,0.603536464050919,4.40641064204726,5.36756643304321,6.3832783782931,0.290914820580042,0.0548240283335141,0.00327882039893008,0.0297385138940013,0.0197588062259707,2396.76226707668,3643.03146386771,NA,NA,TRUE
"S06",99,"M01","C","log_q_1",6000,-4.18810706956388,0.41632966811146,-4.85644240644328,-4.19301239340979,-3.4832774966586,0.795194276045973,0.37798083323352,0.141543787458585,0.0466298727467658,-0.0295753779986524,593.380808918463,1221.16783282756,NA,NA,TRUE
"S06",99,"M01","C","mean_midpoint",6000,2.41154775515939,0.13217501646395,2.20925536255914,2.40226840766068,2.64524820419331,0.673832176929577,0.241139753085789,0.100804036884468,0.00863504349345226,-0.0131938692831807,875.938305466491,1335.1604991223,NA,NA,TRUE
"S06",99,"M01","C","mean_width",6000,3.45593718411058,0.242206434837009,3.08300648707393,3.4431576597174,3.87141963317099,0.775206949556847,0.318532041663895,0.130937163550903,0.0172971234015397,-0.0259182306970525,674.373966140569,1249.74053627903,NA,NA,TRUE
"S06",99,"M01","C","observed_loss",6000,60.7506973800695,4.1117023516854,54.089493427657,60.6977506324836,67.4390940660016,0.384499121536581,0.10688379923383,0.0491453514580175,-0.00198643971919596,-0.0300670758780465,1320.76325294106,3053.1790193831,NA,NA,TRUE
"S06",99,"M01","C","terminal_midpoint",6000,2.18013273054128,0.290019882075419,1.69781061915982,2.18625247765154,2.64906634219936,0.107505215735424,0.0270126708802972,-0.0011551304442436,-0.0225926358226121,0.00289621776229363,3792.85724181311,5013.76984657876,NA,NA,TRUE
"S06",99,"M01","C","terminal_width",6000,5.3822652058498,0.604306173246655,4.42392322618281,5.37331079439794,6.38494431102709,0.261968623697956,0.0526950544760975,-0.00679984899407638,-0.012722656546587,-0.00421211164236837,2444.49659410124,4199.92083330549,NA,NA,TRUE
"S06",99,"M01","D","log_q_1",6000,-4.20250731747654,0.429562487986258,-4.89998146765376,-4.20669258368125,-3.50741406304164,0.80309389362093,0.405918724471432,0.174486800145989,-0.00505205722074654,-0.0193055827753369,530.031605531606,1154.63671291953,NA,NA,TRUE
"S06",99,"M01","D","mean_midpoint",6000,2.41586951765861,0.136603676337779,2.20620075575205,2.405876896773,2.65163830337294,0.679783680920537,0.260539928017599,0.100223022709285,-0.00835861207800093,-0.00473113443969319,802.962838245859,1326.11102724725,NA,NA,TRUE
"S06",99,"M01","D","mean_width",6000,3.47469244141337,0.255631146831399,3.08109729888244,3.46038237052423,3.92112482189244,0.789198737283604,0.380428602151614,0.167145418812221,0.0019957596866772,-0.0207530833108423,597.224428089026,929.795574279133,NA,NA,TRUE
"S06",99,"M01","D","observed_loss",6000,61.0285238312131,4.21835698554847,54.2496111084083,60.9129278953325,68.1217662434688,0.403641096183754,0.114492555300573,0.0160490469539137,0.0054372789941615,0.0139965938607122,1412.68031862549,2819.57431020632,NA,NA,TRUE
"S06",99,"M01","D","terminal_midpoint",6000,2.17566858271602,0.294580181792343,1.6977673112809,2.1729266773745,2.65571976721223,0.108206721614149,0.0366142091994062,-0.00935435191287914,-0.0140079586177494,-0.00142525691032287,3877.82900525148,4991.16935170375,NA,NA,TRUE
"S06",99,"M01","D","terminal_width",6000,5.36838798622588,0.592926306746452,4.41373881039127,5.35181176406785,6.37751298876526,0.25215314709984,0.0254618838874793,-0.0122891441702417,-0.0073200132283105,-0.0108063160011078,2821.13519282393,3829.87828173039,NA,NA,TRUE
"S05",58,"M08","A","mean_midpoint",4000,2.79626346165863,0.130237629117386,2.58721037705117,2.79385813067752,3.01239152291262,0.714636053141866,0.231323794591068,0.048192620747378,-0.018142791756093,-0.0370702156891455,597.489329990398,1260.09553097488,NA,NA,TRUE
"S05",58,"M08","A","mean_width",4000,2.89828482811703,0.255239311448145,2.48551398368766,2.89777078115301,3.32191955281902,0.750916296425281,0.25965389991226,0.0474363192481744,-0.0330211384233041,-0.0434677765117486,574.461979256936,1220.01577797898,NA,NA,TRUE
"S05",58,"M08","A","observed_loss",4000,93.338497057591,5.26476567068316,84.8260480974932,93.1987962256783,102.322819187555,0.415429218628396,0.0761013214132602,0.0673626642759022,0.0193512543045888,0.000132402838441512,1050.72278453873,2174.41290523831,NA,NA,TRUE
"S05",58,"M08","A","terminal_midpoint",4000,2.31551902300689,0.312953499637933,1.80269962715086,2.31950549990552,2.82660623665499,0.214541082698066,0.0334863897919265,0.0013572115555509,-0.00185519105670276,-0.00971021278793011,1832.47477142936,3455.83625021835,NA,NA,TRUE
"S05",58,"M08","A","terminal_width",4000,2.08331221255852,0.647743239291824,0.996606846286674,2.07861511676099,3.14645513727878,0.322429094499929,-0.00410059193154434,-0.0334031499737742,-0.00124982771425001,-0.0187532942445652,1926.5198750239,2893.03955101394,NA,NA,TRUE
"S05",58,"M08","B","mean_midpoint",4000,2.79981236891612,0.13510521112,2.57206479959574,2.80123222219995,3.02481762748445,0.747275658513977,0.319030875125135,0.136484680337636,0.0427236503951102,0.00674774144409312,356.599730472651,1083.91522715277,NA,NA,TRUE
"S05",58,"M08","B","mean_width",4000,2.9075283179883,0.268014602827219,2.46667468179599,2.91433148892836,3.34856027738162,0.783075978634497,0.360532080082303,0.155805626102314,0.0274872635187047,0.0081030369609799,349.884054113039,950.167216476867,NA,NA,TRUE
"S05",58,"M08","B","observed_loss",4000,93.6582631913657,5.27329610864506,84.9590759471257,93.6392758647835,102.522415574101,0.40926994489331,0.125896746140638,0.0451945008738498,0.0242611455103866,-0.00613528789576874,800.348732012677,2241.26233877499,NA,NA,TRUE
"S05",58,"M08","B","terminal_midpoint",4000,2.33997664529949,0.316355326206426,1.82381782376921,2.33106845483399,2.86387219311518,0.227720414895112,0.0345021876230494,0.0042343378606568,-0.031367518580156,0.000205187294322458,2006.75581539345,2870.06242786552,NA,NA,TRUE
"S05",58,"M08","B","terminal_width",4000,2.09823470149236,0.655626146077517,1.02899974968628,2.09886641740733,3.17323407762565,0.341134239963643,0.0556513313331502,-0.00426716398185961,-0.0241666318733771,-0.0154422196573374,1500.91039686355,2875.33415589817,NA,NA,TRUE
"S05",58,"M08","C","mean_midpoint",4000,2.79774836807277,0.1349628995093,2.57307049312486,2.79766983677915,3.0182449670694,0.7353604039562,0.324883772239422,0.137663605291194,-0.0130793062921079,-0.00187179125340749,426.006189131569,1047.92575631331,NA,NA,TRUE
"S05",58,"M08","C","mean_width",4000,2.90009412012851,0.268261210249866,2.45667724838485,2.90552769115859,3.33733204953747,0.771776658301529,0.346861183556472,0.142840761006873,-0.0238882325348752,0.00739361142563264,416.996655574508,854.064229973122,NA,NA,TRUE
"S05",58,"M08","C","observed_loss",4000,93.3962617947323,5.14487274480286,85.2197955195055,93.2542142548345,102.178031540073,0.392207867486235,0.120939825392503,0.0497585698675229,0.0198823296633338,0.00365071748635147,871.929720353086,1855.63805020658,NA,NA,TRUE
"S05",58,"M08","C","terminal_midpoint",4000,2.32793425294511,0.319858997387468,1.8009416601603,2.32319707399498,2.86113807718366,0.217744232508073,0.000685695947236099,-0.0208587958636364,0.00645002019950973,0.0143774594862463,2118.0989865955,3144.86690774757,NA,NA,TRUE
"S05",58,"M08","C","terminal_width",4000,2.09969692251784,0.6566574458936,1.01426190066386,2.09484655632669,3.1677025349849,0.298803711532052,0.0168871885607761,0.0190001599411586,-0.021378108493851,-0.00618026373924705,1938.71202937533,2540.77449605756,NA,NA,TRUE
"S05",58,"M08","D","mean_midpoint",4000,2.80304529983583,0.135775556563638,2.57519981133242,2.80450071479856,3.0261107850358,0.75267468096999,0.33506302093312,0.116383209803859,0.00533583651670384,0.00225057990491164,456.954582826277,1010.94265137814,NA,NA,TRUE
"S05",58,"M08","D","mean_width",4000,2.91256390281118,0.265416384129903,2.45667093467936,2.92009382726465,3.346733977751,0.779499487926394,0.361611114254742,0.147533297915686,0.0331863297399476,0.0152216759123479,395.699348378935,938.473175583939,NA,NA,TRUE
"S05",58,"M08","D","observed_loss",4000,93.5186893289006,5.29404743370474,84.9658201308814,93.3156979828447,102.457906260986,0.400166587372413,0.0682030464807344,0.0295693699834806,0.00646213778784889,-0.00361560975236415,1152.04610026388,1820.68062692752,NA,NA,TRUE
"S05",58,"M08","D","terminal_midpoint",4000,2.33226950988273,0.310676553562629,1.82634014496519,2.32493407402568,2.85044147318747,0.206219444777483,0.0149587488735569,0.0212018341405256,-0.0255052004202075,0.0194390847953839,2284.28583123741,3370.84611140313,NA,NA,TRUE
"S05",58,"M08","D","terminal_width",4000,2.08886974706822,0.648088158010822,0.986922066210108,2.09706896047898,3.16347673189036,0.320559292878664,0.0282098707701363,-0.00222922240155068,-0.0392170824779086,0.0137633717675831,1598.11563635176,2523.079742028,NA,NA,TRUE
"S05",129,"M10","A","log_q_1",6000,-2.71212107785,0.315038064455906,-3.23330711402852,-2.71841840546627,-2.18167649575737,0.726238474162984,0.334786562455115,0.174879794458691,0.0647353707949585,0.00137065141016322,488.37077367626,1046.32881196139,NA,NA,TRUE
"S05",129,"M10","A","mean_midpoint",6000,1.25090448369751,0.0758646973772095,1.12505803217155,1.25181283829324,1.37380506595033,0.449844216327477,0.124973437902268,0.0415824779842931,0.0479797142918299,-0.00944300236051051,1145.88788050126,2425.66870937102,NA,NA,TRUE
"S05",129,"M10","A","mean_width",6000,2.56522149491945,0.150308183183391,2.30533848117316,2.56935471759736,2.80267914257774,0.625729472278772,0.214698268187862,0.128244304899632,0.0505873977388778,-0.0324706522310514,657.36613260112,1098.7614337468,NA,NA,TRUE
"S05",129,"M10","A","observed_loss",6000,54.4742816982235,4.27240415905018,47.6979678759988,54.3049089617476,61.797946492738,0.450195607873826,0.150776075387296,0.0500300282972194,0.0164258245242897,-0.00771715915819574,1197.5519326545,2802.68366608347,NA,NA,TRUE
"S05",129,"M10","A","terminal_midpoint",6000,1.77529423132666,0.392078246704644,1.1067606477303,1.7852968274362,2.40362730519573,0.159640724300704,0.0028124921185669,-0.00733112803062823,-0.00634884696061947,0.0104986742001442,3855.73016193866,5199.22534089751,NA,NA,TRUE
"S05",129,"M10","A","terminal_width",6000,1.93498165240756,0.771297320980096,0.562629258901798,1.9611395794973,3.16236063558345,0.310299811132604,0.0271375329565001,0.000518082614406707,-0.0146017742402534,-0.024312553017365,2786.23358807562,4193.3765861231,NA,NA,TRUE
"S05",129,"M10","B","log_q_1",6000,-2.74109990385255,0.307758975827689,-3.24571248391179,-2.73752543240987,-2.23296861449224,0.700743927388047,0.30236004902619,0.130746180043185,0.0551963782934782,0.0244811729919209,535.450362363646,1604.58247823836,NA,NA,TRUE
"S05",129,"M10","B","mean_midpoint",6000,1.25939949767681,0.0765056279649003,1.13026913051734,1.25969819207935,1.38468968191605,0.467433510240992,0.131062860303483,0.0537209652076775,0.0124577649206848,-0.0265464761226945,1065.81044316722,2575.55419976211,NA,NA,TRUE
"S05",129,"M10","B","mean_width",6000,2.58978815501539,0.150912969895986,2.33462449283638,2.59432511151649,2.83519573564848,0.623104017263779,0.215938269468478,0.0969310838425229,0.0501250135365969,0.00838925437365677,651.00325795269,1642.08684437413,NA,NA,TRUE
"S05",129,"M10","B","observed_loss",6000,54.7216333925572,4.21232577807502,48.0232901544287,54.609100151146,61.797266225799,0.429206335174819,0.118511518466698,0.0567060220332415,0.0252938910603516,0.0288507759398931,1250.7364010793,2762.72291008245,NA,NA,TRUE
"S05",129,"M10","B","terminal_midpoint",6000,1.76816999731944,0.393922897350362,1.09849917027885,1.77980296493376,2.40136747568111,0.144742494163552,0.0274266477929046,0.0114659995861024,-0.00549360435389475,-0.021838932649723,3991.93098587811,5365.49831281225,NA,NA,TRUE
"S05",129,"M10","B","terminal_width",6000,1.97263225442155,0.771046616291739,0.651693282913208,1.98698104637979,3.20816227694376,0.317974218397303,0.0325762597044068,-0.00430218415375921,0.00983242227830846,-0.00508583431118221,2601.50822455217,4471.00813647198,NA,NA,TRUE
"S05",129,"M10","C","log_q_1",6000,-2.70378112842744,0.323558106698317,-3.2380706025338,-2.70421407826248,-2.16823895616479,0.738269532280123,0.362601470166089,0.18991998711667,0.110425876556846,0.00717863724739306,409.861944835492,1112.57445706781,NA,NA,TRUE
"S05",129,"M10","C","mean_midpoint",6000,1.25151603465781,0.0776074030850712,1.12277507276163,1.25257239040418,1.37908301357692,0.473706028924882,0.142818136675187,0.058555350246517,0.0278838645498967,0.0105668365476109,1079.25741025791,2105.90217035828,NA,NA,TRUE
"S05",129,"M10","C","mean_width",6000,2.56483282461688,0.153710848719296,2.31179740342003,2.5647360797656,2.81250822496123,0.633447036631978,0.233718129338276,0.0940000760951096,0.103294552878269,0.0170649958540525,652.796862128283,1739.2136780241,NA,NA,TRUE
"S05",129,"M10","C","observed_loss",6000,54.5609771220973,4.27001787573646,47.8003559067587,54.429109024469,61.8958197942995,0.463866016005065,0.17307292335896,0.0916903138660521,0.0524915768522354,0.023428882752404,827.256474964669,2601.37116350808,NA,NA,TRUE
"S05",129,"M10","C","terminal_midpoint",6000,1.76470798390208,0.391467571983186,1.08904211763273,1.77399841601201,2.38624556805733,0.150296367840494,0.0323314392538377,0.00760772949797803,-0.00138871751273941,-0.0213965249202725,3772.52734544391,4987.26772110005,NA,NA,TRUE
"S05",129,"M10","C","terminal_width",6000,1.95057360992253,0.7909948630701,0.58094970864229,1.97579839592796,3.23430518604144,0.332682239591075,0.0522896705190503,0.00337542483586074,0.00255566026781135,-0.00080127143544726,2473.88691862447,4244.20143286864,NA,NA,TRUE
"S05",129,"M10","D","log_q_1",6000,-2.71245018273733,0.304058195774442,-3.19963584706054,-2.71741518873531,-2.20577394890417,0.713024050807823,0.324087060824496,0.152193019798647,0.0271203621967837,-0.00248370062933913,569.756782604174,928.229463129245,NA,NA,TRUE
"S05",129,"M10","D","mean_midpoint",6000,1.25264150217903,0.0765940951466388,1.12874805118267,1.25256991215764,1.37804907654834,0.465375394569138,0.110398140543583,0.0578510982278118,0.0279394740636768,-0.00154729527717075,1284.30748413843,2122.70506281614,NA,NA,TRUE
"S05",129,"M10","D","mean_width",6000,2.56939410655645,0.150928094476768,2.31512395129159,2.57143135756598,2.81606520977435,0.619918882391176,0.217770988183092,0.110802232557235,0.0391411009722653,-0.017740648620911,737.673141128296,1409.18648634971,NA,NA,TRUE
"S05",129,"M10","D","observed_loss",6000,54.4595945374612,4.17675233161186,47.6851774234371,54.4465519420788,61.4225773601181,0.436845480626618,0.136572801752838,0.0379923976330836,0.0199853120225698,-0.0306760782815557,1232.98941934354,2537.17326159994,NA,NA,TRUE
"S05",129,"M10","D","terminal_midpoint",6000,1.77043693929324,0.38843921163825,1.11922680313126,1.78223979871543,2.39325643098001,0.165045489510789,-0.00614319392232867,-0.00608263853034935,0.0233814049580017,-0.000961509412630415,3787.62437471521,4531.96065746483,NA,NA,TRUE
"S05",129,"M10","D","terminal_width",6000,1.94081261153913,0.784034242889181,0.571110615393887,1.96881055794937,3.1980470114645,0.327957820750533,0.0381319716222846,0.00985745563065054,0.00884155345487153,-0.0265798124073556,2404.56331829004,3974.41500259833,NA,NA,TRUE
"S05",190,"M06","A","mean_midpoint",2000,0.856561321145889,0.0938959905114547,0.705476122735855,0.853493736349561,1.01681256101713,0.5450859380966,0.0478563191768703,0.0191545694574587,0.0425082621056447,-0.00946236485280189,577.81706262742,983.498448262849,NA,NA,TRUE
"S05",190,"M06","A","mean_width",2000,2.43690454237558,0.184794882558752,2.13300377617329,2.43618367586145,2.75284356844866,0.619480908705052,0.0714414499605804,0.0337121056996163,0.0952228096245449,-0.0117613118569676,439.119375985529,677.967301538775,NA,NA,TRUE
"S05",190,"M06","A","observed_loss",2000,85.6594012346561,3.85534235488406,79.925379664545,85.3491883272284,92.5802663922036,0.271619992937665,0.0184310258780733,0.0271669179931594,0.0505651205205514,-0.0591225745789388,1026.46753309441,1660.6105878476,NA,NA,TRUE
"S05",190,"M06","A","terminal_midpoint",2000,1.85559706771352,0.258209095804209,1.45080284741259,1.8446871938031,2.29899872316116,0.268844609444782,-0.00805095340889846,-0.0147955894579009,-0.029889693391429,-0.0124049791104386,1109.56624268983,1416.19312696212,NA,NA,TRUE
"S05",190,"M06","A","terminal_width",2000,1.95476046624343,0.516653375668049,1.14414576236408,1.94893540956418,2.77872159535699,0.327986801472847,-0.0235645436659883,-0.0064975539068567,-0.00976978685798872,0.00254784099370449,969.704291564581,1371.38004178025,NA,NA,TRUE
"S05",190,"M06","B","mean_midpoint",2000,0.860887813852339,0.093135331534771,0.715034140278251,0.8570635700642,1.01993645079734,0.547722380631436,0.0589932768418725,0.0159702391122814,0.00512579486100111,0.0420321667081225,537.906898921029,898.111509578555,NA,NA,TRUE
"S05",190,"M06","B","mean_width",2000,2.44241280470996,0.183475703793159,2.14443258838122,2.44199225549812,2.75180568612103,0.611661425187,0.0966566153925215,0.000429899995201936,0.0246352599770397,0.03412295387479,468.86386535932,966.019388934532,NA,NA,TRUE
"S05",190,"M06","B","observed_loss",2000,85.4970141400588,3.76165561291693,79.7935812456656,85.279893591754,92.1122939823154,0.229762482366407,0.00685793124775,-0.0277362571221584,-0.0407967784423741,-0.0170570706773959,1245.75255497899,1409.40730955673,NA,NA,TRUE
"S05",190,"M06","B","terminal_midpoint",2000,1.85292918515634,0.252952277160928,1.45011816867216,1.84472521737485,2.29837323815655,0.285678734184096,0.0246180255757793,0.0110222176476367,-0.0333897598130955,-0.023877329454123,897.079608563219,1507.87044417185,NA,NA,TRUE
"S05",190,"M06","B","terminal_width",2000,1.95491193423079,0.501057178872185,1.13960069658648,1.94908054519877,2.79847649462363,0.349976057057676,0.0263588563927763,-0.000971355686522358,-0.0507437685536961,0.0178070258354257,833.104605283927,1547.63602218257,NA,NA,TRUE
"S05",190,"M06","C","mean_midpoint",2000,0.854441265420154,0.0947487116235493,0.700643106136169,0.851799603972104,1.01078436514025,0.561491497907727,0.0530701176992159,-0.0376330028378003,0.0201505745937887,-0.0416245508466861,567.116681943999,815.881805535933,NA,NA,TRUE
"S05",190,"M06","C","mean_width",2000,2.43515843315055,0.180026272959661,2.14230831427463,2.43481320319043,2.74034190381308,0.611880991325416,0.0762649398927381,0.0257446135112465,0.0287403641497709,-0.00667458131163261,515.292995589279,882.970147645019,NA,NA,TRUE
"S05",190,"M06","C","observed_loss",2000,85.6329051595523,3.8733095706372,79.6732276857548,85.3705451484662,92.4806221585531,0.24176683201786,-0.0170147847929389,-0.00449404319035209,0.0265595520419989,0.0226686167582733,1244.21840066055,1402.58235331553,NA,NA,TRUE
"S05",190,"M06","C","terminal_midpoint",2000,1.86141173314161,0.256560844083462,1.46049064372412,1.85043114660406,2.31187626403343,0.286252893006877,-0.0129532052067035,-0.0378073833134559,-0.00252227254628655,0.0168532105694649,986.984367985841,1646.08696176421,NA,NA,TRUE
"S05",190,"M06","C","terminal_width",2000,1.94991756570235,0.487028026097239,1.15309783322841,1.94605767383466,2.76310267117579,0.301499512331925,0.0241334987106696,-0.0127772508846903,-0.0134511660367372,0.0367588941646165,865.161665133017,1133.47468478648,NA,NA,TRUE
"S05",190,"M06","D","mean_midpoint",2000,0.85921612728207,0.0901376080989266,0.714782216006721,0.855408528055326,1.0102064453898,0.542673391202652,0.0731170531053857,0.01699659358462,0.0200434742976836,-0.0170383208834458,567.97444430401,997.850173783026,NA,NA,TRUE
"S05",190,"M06","D","mean_width",2000,2.44321216923496,0.178375223567027,2.14989956005755,2.44055913189813,2.74345886047008,0.604716052759322,0.0786767710273795,-0.00724959460804281,0.0161555519258923,-0.000861887884689041,519.531650136697,719.128213780451,NA,NA,TRUE
"S05",190,"M06","D","observed_loss",2000,85.6553060037477,3.71228615993979,80.0790628128077,85.4153875863115,92.0186520057779,0.221603087644632,0.0373107159284157,0.0097989537341455,-0.0234213089871481,0.00916985484726051,1202.0207211375,1573.08913788424,NA,NA,TRUE
"S05",190,"M06","D","terminal_midpoint",2000,1.85996050219592,0.255409886250975,1.44124243873337,1.84664953664479,2.28404757347711,0.299635927592048,0.029002595542935,0.0281349165120361,-0.00833475080270456,0.0281133242348864,908.073661712963,1507.74096557985,NA,NA,TRUE
"S05",190,"M06","D","terminal_width",2000,1.97009559408072,0.516664146355961,1.13087128082458,1.960525960597,2.78400051371024,0.357810435272694,0.0215934979908259,0.00522007723764108,0.0365874805605986,0.0550106214964224,767.404799033615,1329.53206838007,NA,NA,TRUE
"S06",104,"M06","A","mean_midpoint",2000,0.697504885629927,0.152110603680173,0.460419219255503,0.688089850935174,0.960038133758191,0.825086819656308,0.431034719705291,0.203190658462539,-0.0827770806890914,0.0284318000800997,176.205645354921,324.294255219064,NA,NA,TRUE
"S06",104,"M06","A","mean_width",2000,3.74156305504574,0.274190778133534,3.30802071724155,3.72981693530712,4.20012558085257,0.83810972551338,0.430788343470457,0.165434057375221,-0.0860786353934307,0.0408448093784866,190.841459259297,424.513572037545,NA,NA,TRUE
"S06",104,"M06","A","observed_loss",2000,88.3994636383039,4.5827976303856,81.1915077011263,88.3351691466918,96.0600506675,0.420088224830689,0.0632062173924825,0.0291223131161384,0.00825700381590345,0.000588085517865769,623.310427980106,1159.1004742689,NA,NA,TRUE
"S06",104,"M06","A","terminal_midpoint",2000,1.79431304129203,0.247378398794316,1.38045549040463,1.79049102793975,2.20135154819899,0.485613851292731,0.136579244531631,-0.0283925249246677,-0.00227265128964714,0.00508324044525446,504.946842152802,919.952866369441,NA,NA,TRUE
"S06",104,"M06","A","terminal_width",2000,3.62841342203491,0.513180358465298,2.78659821376434,3.63011778834755,4.46427646034792,0.542816048751641,0.142445918798988,0.00506631411521236,-0.00679659075013001,-0.0470677394871461,418.232752504162,738.112985213838,NA,NA,TRUE
"S06",104,"M06","B","mean_midpoint",2000,0.70098865829331,0.140230940559451,0.472374887532983,0.696085747706639,0.943187569160473,0.78913190592389,0.317790448849113,0.144091313995148,-0.109185207565626,-0.0219151076047407,217.093928533579,450.915892534831,NA,NA,TRUE
"S06",104,"M06","B","mean_width",2000,3.75429167272615,0.26440276184414,3.34705167112603,3.74377313212473,4.21417736955934,0.80997919935824,0.334676936122246,0.115963668412648,-0.131660829510066,0.0160938369452831,227.108953640953,461.477481839148,NA,NA,TRUE
"S06",104,"M06","B","observed_loss",2000,88.4205633586168,4.60012019869664,81.2890976898592,88.2876989288172,95.9464878144319,0.373928780869,0.0343520484430981,0.0131920413701501,-0.0134931711878175,-0.0115016789944904,765.103825001953,1198.94218733705,NA,NA,TRUE
"S06",104,"M06","B","terminal_midpoint",2000,1.8036336382017,0.240805803784889,1.40375692280805,1.80867083511163,2.18425105945342,0.419799173905767,0.0766647497703013,0.00910830953983138,-0.0213279745215054,-0.0266241167956798,581.759099344157,866.674306755271,NA,NA,TRUE
"S06",104,"M06","B","terminal_width",2000,3.67105663180873,0.504597036417503,2.85348254318814,3.66097438700159,4.49300418978136,0.543355895148833,0.143692632831861,0.0394314799363779,-0.0351081492311913,0.040978327555457,406.353701430203,771.489458733328,NA,NA,TRUE
"S06",104,"M06","C","mean_midpoint",2000,0.69753622643008,0.147060114413083,0.459355376920973,0.695264541961746,0.94975161180113,0.81370443517028,0.395022522443786,0.185415276278881,0.034485628919628,0.0480438323715624,161.99519524165,262.007798731209,NA,NA,TRUE
"S06",104,"M06","C","mean_width",2000,3.74019249587583,0.278914773692481,3.30065846821711,3.72958271720279,4.22863764708528,0.838473053706079,0.442414094046928,0.204611087686665,0.034861148908367,0.0144895247240409,139.775489279225,307.263735094467,NA,NA,TRUE
"S06",104,"M06","C","observed_loss",2000,88.4132548990597,4.31083021710042,81.8666004928772,88.138274449747,96.0507024638421,0.390407947864957,-0.0215598411418411,-0.0500000272811822,0.0184550160588285,-0.0405512506433601,875.150599294028,1392.82000125006,NA,NA,TRUE
"S06",104,"M06","C","terminal_midpoint",2000,1.80222683933519,0.232948740866706,1.4115572824004,1.79624082860363,2.19278464304203,0.420024876691268,0.0832417358257813,0.0132726096176439,-0.0282515058197591,-0.00174757314360887,507.042628385401,801.507988191842,NA,NA,TRUE
"S06",104,"M06","C","terminal_width",2000,3.64185178091024,0.490270158590086,2.82793450399893,3.64204244260987,4.43896029053206,0.505910509720219,0.130479869571704,-0.00907636552378678,-0.0295926402087632,-0.00871844717568063,455.604504433213,935.667183267363,NA,NA,TRUE
"S06",104,"M06","D","mean_midpoint",2000,0.70082994953168,0.141861418482962,0.471766181373122,0.697235187525922,0.942275834833749,0.798003182003555,0.354897511232904,0.112345356125286,0.0354124638171035,0.0418480767424941,177.621865488121,368.652965027078,NA,NA,TRUE
"S06",104,"M06","D","mean_width",2000,3.74165877015595,0.261855394028343,3.31238415575283,3.73406841445984,4.1854160361796,0.818164973647847,0.341709661793358,0.120372939040178,0.0296415819219765,0.0594239668736552,205.671452804813,583.992122087719,NA,NA,TRUE
"S06",104,"M06","D","observed_loss",2000,88.2016223740385,4.45263655098128,81.2856351505486,88.0668454605098,95.2817748097676,0.404242852928339,0.0442011857640154,0.00659681568774375,0.00604782427275092,-0.00381419009756071,691.561406716958,1242.53708435403,NA,NA,TRUE
"S06",104,"M06","D","terminal_midpoint",2000,1.79290737666111,0.240221356470277,1.39944130511707,1.79179701994666,2.19014111834094,0.456484363441871,0.0835257594767297,0.00730315281696036,-0.0176333248927182,-0.00421092338622615,541.624958646012,906.736509041677,NA,NA,TRUE
"S06",104,"M06","D","terminal_width",2000,3.64209484356783,0.472718924576662,2.87919114405793,3.64376157628351,4.4039447023686,0.475040711531394,0.0916611867776025,0.00915150706827556,-0.0200907579918895,-0.0836735428434428,521.173456500618,741.057704666259,NA,NA,TRUE
"S05",74,"M11","A","log_q_1",9000,-2.18026826533912,0.216067055686672,-2.54315122124005,-2.17401013349615,-1.83707733618066,0.612280064375609,0.288150399750169,0.143570640194133,0.0124651657694564,-0.00708576097278025,946.432295669469,1867.61773174983,NA,NA,FALSE
"S05",74,"M11","A","log_lambda",9000,2.83724705627803,0.105131532254022,2.6595789655851,2.84020020723546,3.00572289891589,0.549819489955108,0.210820498219992,0.101050683577899,-0.00514594559236795,0.00262456603511358,1318.56092016723,2876.78206613447,NA,NA,FALSE
"S05",74,"M11","A","mean_midpoint",9000,2.76048135445325,0.0528089626923832,2.67532675299925,2.75871163621327,2.85145272888453,0.58979888510139,0.24793965920421,0.131527101246637,0.0208664416012779,0.00411264013635997,1053.01096913863,2296.58277845106,NA,NA,FALSE
"S05",74,"M11","A","mean_width",9000,1.86610287374177,0.103195749714128,1.70141312325713,1.86268140860541,2.04046690528808,0.725216038310778,0.357617974620738,0.191012340036968,0.0242066149383547,-0.0147608251300182,802.106043758392,1627.34063480782,NA,NA,FALSE
"S05",74,"M11","A","observed_loss",9000,19.7530543593525,2.34760479295931,16.15253944216,19.5992636678542,23.8309225828431,0.726524865612575,0.310573265763527,0.144500800074801,-0.00117364609647333,0.00733923537679641,964.372076172504,1655.049817988,NA,NA,FALSE
"S05",74,"M11","A","terminal_midpoint",9000,3.72005412064508,0.352124717502202,3.16670760031818,3.71250185159825,4.31850164205788,0.1266842675507,0.0185258933404055,-0.00919154627027284,0.00378105251682666,0.00273557674722646,6481.60635372157,6871.85327911505,NA,NA,FALSE
"S05",74,"M11","A","terminal_width",9000,0.913690744446624,0.585423087420098,0.0960312027003483,0.850419712861054,1.98322679507341,0.261365777680785,0.0179241915537323,-0.00288391932074239,0.0159034644857182,-0.0171511905796106,4574.60429384779,5715.9761619233,NA,NA,FALSE
"S05",74,"M11","B","log_q_1",9000,-2.03478330026266,0.230529602883051,-2.41124718569503,-2.03432423387166,-1.6600663158731,0.674768483420973,0.438670687841998,0.345706313342466,0.272886466429878,0.245241049246455,17.0921929041144,131.206179528368,NA,NA,FALSE
"S05",74,"M11","B","log_lambda",9000,2.87122573652514,0.104281787328884,2.69698005983382,2.87119684868111,3.04175408310652,0.555973432074653,0.206902830602865,0.111107488345613,0.0884400219114604,0.0504656507866947,303.780748173943,1742.58377637877,NA,NA,FALSE
"S05",74,"M11","B","mean_midpoint",9000,2.73043982479965,0.0542686309335043,2.64475454439318,2.72832029855102,2.82337660394482,0.624607479011897,0.336320240557243,0.26853246811844,0.209474520019342,0.187228764414823,26.26832378493,527.057275718748,NA,NA,FALSE
"S05",74,"M11","B","mean_width",9000,1.79567099204373,0.110133693546942,1.62232761877781,1.79188699228898,1.98445736814467,0.768838395475148,0.498214254429193,0.379666119439293,0.299913646229027,0.265186524607562,16.6397659725789,246.889518488383,NA,NA,FALSE
"S05",74,"M11","B","observed_loss",9000,18.7649960426834,2.26243278823428,15.3494853395138,18.6008946367506,22.7807021336758,0.727839498521294,0.329360128279474,0.189623710299796,0.138572042095506,0.112238214070327,93.1567593703332,862.856049732993,NA,NA,FALSE
"S05",74,"M11","B","terminal_midpoint",9000,3.70713194081587,0.365363135058384,3.12698579869042,3.7023761255152,4.30896840244437,0.11344468979667,0.000970384825373097,0.00443397563016373,0.0033120503170762,0.0109567311065517,6536.63597177167,6756.85335225604,NA,NA,FALSE
"S05",74,"M11","B","terminal_width",9000,0.92825229473317,0.600478440424214,0.0961987587424239,0.862304442710391,2.04334484537943,0.263537418214846,-0.00303516903624059,0.0164660561028453,0.0124453300574588,-0.0156020770257402,5081.49528976238,6193.38373252748,NA,NA,FALSE
"S05",74,"M11","C","log_q_1",9000,-2.1830086792231,0.218540100743377,-2.54187635888183,-2.18052939165586,-1.82963743278552,0.635928367587366,0.305658417443987,0.165616597533892,0.0231103847780102,-0.00876093628874813,894.294112495674,1891.89987807251,NA,NA,FALSE
"S05",74,"M11","C","log_lambda",9000,2.83337502126346,0.107974841637193,2.65108048722315,2.83743193071038,3.00787191798287,0.570165695412112,0.241075781349069,0.118216489073716,-0.0031676465348886,-0.00162008535617902,1213.17808848769,2407.42670015262,NA,NA,FALSE
"S05",74,"M11","C","mean_midpoint",9000,2.76076754599472,0.0534699484095155,2.67371350129528,2.76014444969515,2.8495544450071,0.609744076741105,0.245433008938458,0.117171708764672,0.00918134070925226,-0.00568392904440384,1065.8310938567,2436.48200598279,NA,NA,FALSE
"S05",74,"M11","C","mean_width",9000,1.86849650655956,0.105721675277012,1.69775809669307,1.86571177490966,2.04761000288607,0.742144693664299,0.392552356646032,0.196694208244982,0.0122179754437521,-0.0113192862473655,795.306192535091,1596.87422708036,NA,NA,FALSE
"S05",74,"M11","C","observed_loss",9000,19.8270541094023,2.46052398545547,16.0798111419546,19.6262932967219,24.217651866807,0.74862869797959,0.359681497792685,0.170284825211643,0.000727234546321836,-0.00631745307690542,881.825448167945,1638.85907022711,NA,NA,FALSE
"S05",74,"M11","C","terminal_midpoint",9000,3.71185621631383,0.358182135364978,3.1373623649216,3.70763660819189,4.30449051136921,0.135779838307898,0.00664272580335537,0.00182274373438258,0.0154834938819619,-0.00551350248929546,6283.35413832,6870.61225509609,NA,NA,FALSE
"S05",74,"M11","C","terminal_width",9000,0.925421533552171,0.589121189119977,0.0999084516992937,0.853614803673814,1.9843656039303,0.264344940074551,0.00405704709299922,-0.0198421701306118,-0.00256993880679474,0.0219213180682641,4853.99484046895,6223.52983601471,NA,NA,FALSE
"S05",74,"M11","D","log_q_1",9000,-2.17832284592433,0.225138134295845,-2.56178147421679,-2.17291812446462,-1.81950007537594,0.634355484168064,0.321499273178444,0.15042836720853,0.0314795619020306,0.0446983725163095,802.853168898453,1923.03723452281,NA,NA,FALSE
"S05",74,"M11","D","log_lambda",9000,2.83484293304455,0.109508050468922,2.64993211704617,2.83821047233569,3.01112219787483,0.584636432776762,0.250260430305312,0.115345686976928,0.00564262745816999,0.0156707780330639,1168.94304771501,2854.40609044332,NA,NA,FALSE
"S05",74,"M11","D","mean_midpoint",9000,2.76088867527122,0.0547927248170402,2.67193566147112,2.76000815780022,2.85145673314656,0.617717098923596,0.274665352868073,0.128419589349316,0.0271359065039108,0.0315605558066712,871.799639230477,1995.7192707849,NA,NA,FALSE
"S05",74,"M11","D","mean_width",9000,1.86819283732012,0.108864916361807,1.69196206640679,1.86561236299721,2.05357574189171,0.750321471070862,0.399571056632505,0.191486000680879,0.0442350258982827,0.0198424209296544,684.174335886494,1523.6464824705,NA,NA,FALSE
"S05",74,"M11","D","observed_loss",9000,19.8079855199603,2.46793167969644,16.0657570981245,19.6383414040989,24.1652322049169,0.752707098437092,0.352391668403091,0.154361989121076,0.0124352535295308,0.00792464073286461,864.522021050105,1965.1778156886,NA,NA,FALSE
"S05",74,"M11","D","terminal_midpoint",9000,3.72870668997223,0.358736288405631,3.15519922048953,3.72257886809702,4.33920799663414,0.123593756540156,0.0027238991217412,-0.00364617624804779,0.0048504226801963,0.00554632321234361,6029.26010289096,7439.17436489456,NA,NA,FALSE
"S05",74,"M11","D","terminal_width",9000,0.934598047574276,0.595437578396886,0.100371079890386,0.863086803438079,2.01253848184333,0.264435044587525,0.0167860401057395,0.0107049029877988,0.00693226290817865,0.00401946298258271,4499.89937085134,6214.10877135942,NA,NA,FALSE
"S06",132,"M01","A","log_q_1",6000,-3.93632672221978,0.371279666588074,-4.53279126133431,-3.94014325588735,-3.30601058658612,0.760465611449451,0.336519970464642,0.116167779902504,-0.0118360529767161,0.00421628797854622,656.210648359645,1372.56717744305,NA,NA,TRUE
"S06",132,"M01","A","mean_midpoint",6000,0.830172544099826,0.156092588501031,0.573633776525131,0.831483098153521,1.08754517638364,0.671221033175808,0.241271962996611,0.106831588680665,0.00197716178341882,0.0509256901959164,709.922615819397,1407.42898171475,NA,NA,TRUE
"S06",132,"M01","A","mean_width",6000,3.9293654092247,0.294892631747449,3.45187918534284,3.93140504461599,4.41120525539673,0.754351920806568,0.328862788833218,0.134511125120179,0.0126629463987561,0.0415917329202498,449.452723363851,989.689419678824,NA,NA,TRUE
"S06",132,"M01","A","observed_loss",6000,59.1031881539211,4.68759576385582,51.5878124435601,58.9300957256517,66.9849791629936,0.466594085216713,0.139870331351868,0.0489140294133482,-0.00463203077898751,-0.0233922401904332,1303.43539287977,2593.97058696845,NA,NA,TRUE
"S06",132,"M01","A","terminal_midpoint",6000,2.57757328889828,0.531619221686387,1.66840986579882,2.6025229117778,3.41855647456886,0.498276402308723,0.199019807137226,0.096187696285115,-0.0141657762481195,0.0291429640590213,938.463450966761,1578.98193837469,NA,NA,TRUE
"S06",132,"M01","A","terminal_width",6000,5.07161886179092,0.989823305897394,3.37563927851682,5.11542602557666,6.6253802010737,0.546267596676961,0.222267485632146,0.114158098502647,0.00246375158416521,0.0224469550449773,834.715819146218,1438.29208278755,NA,NA,TRUE
"S06",132,"M01","B","log_q_1",6000,-3.95740353801002,0.371505704865244,-4.55679121522711,-3.96641273154463,-3.33083848499036,0.771366616380431,0.355576285562368,0.171763240807122,-0.00723193208955761,-0.0111135144688358,612.253148557264,1308.67955193466,NA,NA,TRUE
"S06",132,"M01","B","mean_midpoint",6000,0.837043838205038,0.151554971036112,0.584317104962683,0.837815100734309,1.08365588110638,0.665342071932694,0.219394142462168,0.0797128086710761,-0.0400756415858904,0.0188401399666648,900.713192265854,1613.73667529569,NA,NA,TRUE
"S06",132,"M01","B","mean_width",6000,3.93537763842707,0.287482079784228,3.46060181160295,3.94081045176567,4.40764352460166,0.750110613503677,0.271102012083459,0.103571397271786,-0.0327490149838291,0.0268361470775429,745.143572801059,1205.90004326024,NA,NA,TRUE
"S06",132,"M01","B","observed_loss",6000,59.2183847492352,4.78389483571554,51.6843880809693,59.0129136554959,67.2478493353806,0.456189948112518,0.107918248272362,0.0321553657697881,0.00411095472202316,-0.0139493204211386,1453.4040173445,2695.23722363498,NA,NA,TRUE
"S06",132,"M01","B","terminal_midpoint",6000,2.57423928474299,0.532698717195281,1.64690440654908,2.60521499370526,3.40086662358391,0.499593016249562,0.157236091885852,0.0472598604156669,-0.0182438596259199,0.000351168801213863,1234.40259782518,2287.3633418901,NA,NA,TRUE
"S06",132,"M01","B","terminal_width",6000,5.06524976506863,0.998904711703199,3.37361073875371,5.11686166690831,6.64655156450491,0.560644529678971,0.189206727936381,0.0644150788478142,-0.0281956640833783,0.0383469590946581,1040.38622260143,1568.03193063657,NA,NA,TRUE
"S06",132,"M01","C","log_q_1",6000,-3.94825089809525,0.377516734874649,-4.55723776295765,-3.95397363585857,-3.31402966028635,0.772747763238508,0.345571132189938,0.151383546825409,-0.028448334550378,-0.00587250821839443,632.114303832111,1251.18168654454,NA,NA,TRUE
"S06",132,"M01","C","mean_midpoint",6000,0.831502660100492,0.155134232957089,0.573531126238787,0.834063383493427,1.0882113870564,0.678531882861582,0.243413475224395,0.100212617734618,0.0321729804434707,0.0387702745102286,667.329436253276,1590.71062770121,NA,NA,TRUE
"S06",132,"M01","C","mean_width",6000,3.93077209484145,0.291078321277923,3.45181480924512,3.93248383488784,4.40652781124269,0.757722041665353,0.300940539953275,0.127747629453557,0.020896115496067,0.0438825630059348,565.807556442021,1406.30873761426,NA,NA,TRUE
"S06",132,"M01","C","observed_loss",6000,59.3617473725535,4.65872768463013,51.828253819041,59.188760143494,67.2152044386141,0.46293274078955,0.142314210358283,0.045667622665,0.0115694194499316,-0.000214713526985295,1305.64324472013,2828.4175002838,NA,NA,TRUE
"S06",132,"M01","C","terminal_midpoint",6000,2.55750709091373,0.53328654190977,1.62547499159798,2.59179528993733,3.38437951734252,0.494294838328865,0.20615252930561,0.099469164764186,0.00416785308831516,-0.00862510535595835,1059.70913128527,2015.45935645286,NA,NA,TRUE
"S06",132,"M01","C","terminal_width",6000,5.02874116064957,1.00900487664923,3.30390407736278,5.06075439732534,6.63068455952428,0.570243438097508,0.241563487517243,0.101969468710275,0.000603288016424187,0.0106537564513652,898.383815784652,1790.35845077249,NA,NA,TRUE
"S06",132,"M01","D","log_q_1",6000,-3.96778162287801,0.373886185799993,-4.5762949481042,-3.97742309454694,-3.35048268566093,0.769623237455681,0.350407045360479,0.136411262674562,-0.000362640356231345,-0.0526591837438938,595.614097999895,1247.08930481318,NA,NA,TRUE
"S06",132,"M01","D","mean_midpoint",6000,0.828145666794775,0.150855185839194,0.581584865835925,0.824947638574975,1.07810187400021,0.649812932700064,0.235327751045632,0.0836476704298173,0.0123961380448768,0.00962492007189028,852.564793991052,2111.75605347921,NA,NA,TRUE
"S06",132,"M01","D","mean_width",6000,3.92011686158139,0.287329785906071,3.44275302966889,3.91814498293539,4.38410952595513,0.746012087234565,0.293492374943197,0.101804465883055,0.00828674506175466,-0.00323805464040267,701.591797018542,1512.97752335982,NA,NA,TRUE
"S06",132,"M01","D","observed_loss",6000,59.3856988509431,4.61775905221035,52.0877809570954,59.3076487285659,67.0702636100334,0.470912458660291,0.142358671823155,0.0422704524171517,-0.0375271631885566,0.00474046787502323,1278.19410238647,2431.41205851186,NA,NA,TRUE
"S06",132,"M01","D","terminal_midpoint",6000,2.54559499767973,0.529406043696377,1.65473895179536,2.57487709356684,3.37895239252137,0.500524822416996,0.165679469416786,0.0843855117720548,-0.0230355686524773,-0.0282862254990682,1049.42944604944,1989.35275736038,NA,NA,TRUE
"S06",132,"M01","D","terminal_width",6000,5.01242352106325,0.982113701346304,3.3542152024968,5.0424650109463,6.57653418627311,0.5556938164059,0.204150971742138,0.101079293444964,-0.0241368586317703,-0.0255575994209606,897.509360915876,1872.84016455041,NA,NA,TRUE
"S05",77,"M01","A","log_q_1",6000,-1.01203813163223,0.254908761491166,-1.43253266351285,-1.01008035559738,-0.591639370857312,0.667199768787383,0.31148356442944,0.170477061218739,0.0360503293548991,0.025812398026213,560.751670344987,1238.09984551734,NA,NA,TRUE
"S05",77,"M01","A","mean_midpoint",6000,-0.640699319190546,0.144273809802142,-0.883015085605041,-0.638790077362923,-0.403998471360658,0.598183912305303,0.288770994129287,0.126581370011425,0.036346365561238,0.0157108557637619,658.689781729055,1813.08445344949,NA,NA,TRUE
"S05",77,"M01","A","mean_width",6000,3.18292991938541,0.261128011453178,2.76090418251231,3.18012173478671,3.62549066893088,0.672992720479771,0.310853304222169,0.129425474874225,0.0522790166252632,0.0293305018636865,578.969396786581,1767.77233456231,NA,NA,TRUE
"S05",77,"M01","A","observed_loss",6000,91.338429094378,8.20710924723267,78.4124683105408,91.1310533722282,105.237016456016,0.382719877613011,0.119208595743246,0.0237861104506833,0.0281281419141901,-0.00559195174208267,1514.5311359933,2941.69931123348,NA,NA,TRUE
"S05",77,"M01","A","terminal_midpoint",6000,-0.00303652293768811,0.810533342862185,-1.25860335597601,-0.0477016558219045,1.40322051750207,0.100024594591925,-0.00770324486159367,-0.0250915236889819,0.0121746057935986,0.00637040730738745,4738.31490579768,5456.09231017396,NA,NA,TRUE
"S05",77,"M01","A","terminal_width",6000,2.04679937221383,1.29503825897124,0.225491091411087,1.91114163986835,4.40914034228644,0.224584705942073,-0.000550604575650947,0.0105127865563407,-0.0268875790789746,0.00197074741982902,3347.15717086496,4194.2544655834,NA,NA,TRUE
"S05",77,"M01","B","log_q_1",6000,-1.00478702926914,0.250836821493722,-1.40304326172763,-1.01051895579136,-0.578853649592616,0.651493436721585,0.292029269729534,0.15148436671751,0.0191104262782901,0.00928990717196191,591.224601136122,1565.01291253014,NA,NA,TRUE
"S05",77,"M01","B","mean_midpoint",6000,-0.642709621444905,0.144208361259268,-0.880748391343943,-0.642309526183318,-0.407437325173129,0.58818335133333,0.251688049213386,0.125162984527381,0.0222463359254811,0.00595032934004372,689.467291660464,1579.20568176184,NA,NA,TRUE
"S05",77,"M01","B","mean_width",6000,3.18939964838384,0.258076309353786,2.77093011219513,3.18744641391164,3.61869875980338,0.666613085495018,0.290583675743778,0.135314661366383,0.0338077246330455,0.0261791345785503,633.089256379395,1758.21124085983,NA,NA,TRUE
"S05",77,"M01","B","observed_loss",6000,91.0816705192231,8.20719087810363,77.7859258219523,90.8866729297449,104.999691007623,0.376270618805401,0.0838325165890442,0.0586669609425281,-0.00472721405915896,-0.0233746528154589,1583.87760958143,3202.53887104829,NA,NA,TRUE
"S05",77,"M01","B","terminal_midpoint",6000,0.00168546068541524,0.811882619512447,-1.25278946666372,-0.03733830133784,1.37383771116242,0.122620620311076,0.00319611742403828,0.00808772713125316,-0.00946797231200199,0.0128609272846209,4378.38544682535,4890.890853239,NA,NA,TRUE
"S05",77,"M01","B","terminal_width",6000,2.07332525032391,1.31382646000225,0.215338867274415,1.94100774536696,4.45145144334007,0.251539549396571,0.0473156237293592,0.0051721239669317,-0.0137186370441495,-0.0209729390952939,3097.10191730628,4367.70225727326,NA,NA,TRUE
"S05",77,"M01","C","log_q_1",6000,-0.990862896916146,0.257504153209373,-1.40704224746104,-0.994979448534179,-0.550936589193427,0.659280897248664,0.310129930584358,0.185588926841541,0.0750999533407751,-0.00678833681583293,543.615518770016,1214.94673189177,NA,NA,TRUE
"S05",77,"M01","C","mean_midpoint",6000,-0.647585760982196,0.1484242811262,-0.891697734232961,-0.648271376580102,-0.407276629107027,0.610549737060611,0.29638494906396,0.138405895795489,0.0384760361524563,-0.0089461254358239,640.31677987866,1590.08537123306,NA,NA,TRUE
"S05",77,"M01","C","mean_width",6000,3.16898966177239,0.265493547896243,2.73565828459638,3.16998586535875,3.60594701975619,0.676755695511085,0.346901311443711,0.175834427501525,0.0648396796399426,-0.0128496246492592,523.520105451596,1556.76367309686,NA,NA,TRUE
"S05",77,"M01","C","observed_loss",6000,90.7209151373359,8.06940944680493,78.0280431483986,90.5565707364031,104.270328196007,0.350876626333387,0.101658628949843,0.0437120800885792,-0.000273147588826575,0.00989496003767177,1369.87607598895,3099.54290098854,NA,NA,TRUE
"S05",77,"M01","C","terminal_midpoint",6000,-0.0160447327264673,0.805119050717399,-1.28871539600986,-0.0382282743365198,1.36195946662047,0.111472143466635,0.0053737201293141,-0.00350847345961985,0.014279117818363,-0.0125987825742748,4600.90457891024,4732.10917211556,NA,NA,TRUE
"S05",77,"M01","C","terminal_width",6000,2.09122086613026,1.3040656931081,0.23179097392349,1.98548590759019,4.43797751504975,0.256919064406569,0.00359973629933685,0.038339712691627,0.0105286512517219,-0.0155995359701398,2907.22771721041,4529.36577698679,NA,NA,TRUE
"S05",77,"M01","D","log_q_1",6000,-1.01080536583838,0.255760225975339,-1.43105355525047,-1.00894860139255,-0.585511332439075,0.66704752985077,0.337968112934604,0.16272968674888,0.0292803084849534,0.0403726495705787,535.906141850533,1490.31497900755,NA,NA,TRUE
"S05",77,"M01","D","mean_midpoint",6000,-0.638673418182964,0.143832159810525,-0.879784721053831,-0.63719539494992,-0.398439295966956,0.603039115873047,0.267490667031752,0.144662264682786,0.0453010486268498,0.0312182438734282,536.086750578579,1740.069081439,NA,NA,TRUE
"S05",77,"M01","D","mean_width",6000,3.19138491967558,0.267422074626262,2.75918251760789,3.18598005764616,3.63444821435906,0.682090893786952,0.310785327803119,0.164935063278634,0.0404305040651837,0.0331579592886846,495.065635874099,1289.82102514243,NA,NA,TRUE
"S05",77,"M01","D","observed_loss",6000,91.2140337010834,8.10841851134319,78.1304763311324,91.0562979048155,104.727592078914,0.37293741074382,0.0874141586422133,0.0178533636454648,0.0188913753881512,0.018643697275874,1690.06359569226,3608.29934790016,NA,NA,TRUE
"S05",77,"M01","D","terminal_midpoint",6000,0.0115334258394979,0.818134994895923,-1.28626858018324,-0.0167684790637566,1.40525152118623,0.102261713476838,0.00868266288740576,-0.0122608628423313,-0.0319107563894339,0.00363818474638414,4599.11745285925,4876.97681390763,NA,NA,TRUE
"S05",77,"M01","D","terminal_width",6000,2.10083019283233,1.30516122219928,0.259508467135965,1.96643172000369,4.42978039527361,0.249704157072502,0.0309563456159658,-0.0125948219232791,-0.00996513314632236,-0.00933035620243973,3168.85826511083,4100.33089158561,NA,NA,TRUE
"S05",139,"M02","A","mean_midpoint",4000,-0.231061896380063,0.0666424878456113,-0.334436297728493,-0.234801104583562,-0.118507864655063,0.790064602813633,0.350459715796671,0.145862975924156,0.00380207728192924,-0.017415569185436,419.266841056676,847.266623018687,NA,NA,TRUE
"S05",139,"M02","A","mean_width",4000,2.35194158465922,0.137163534373846,2.13567539436647,2.34581037845566,2.58707549219369,0.79296377351646,0.357760856032444,0.153432982739731,-0.0108385622412327,-0.0207848277536897,410.933060008919,894.853709081147,NA,NA,TRUE
"S05",139,"M02","A","observed_loss",4000,120.931021421523,5.1253634749605,114.22979852058,120.523096556671,128.193244369533,0.541429730472679,0.156990806715414,0.0991122064441489,0.0116424217533964,-0.0245929001905181,526.309007143692,780.950671498906,NA,NA,TRUE
"S05",139,"M02","A","terminal_midpoint",4000,-1.16796158179516,0.162066198837287,-1.42682875374856,-1.17352895826913,-0.89963568771986,0.536474478690513,0.0924037801691308,0.0299733614737987,-0.00288934439282585,0.00030487300976205,933.429568375556,2394.98105621595,NA,NA,TRUE
"S05",139,"M02","A","terminal_width",4000,2.71488330480188,0.325047971234565,2.19025031764739,2.71695109100131,3.24579682527408,0.544743972659489,0.0996979274204575,0.0527471300115356,0.00138889228064295,0.00925199594040714,918.619796301246,2070.23804085349,NA,NA,TRUE
"S05",139,"M02","B","mean_midpoint",4000,-0.231998328999695,0.0636771523630987,-0.333858951290961,-0.231618757947662,-0.127412745151306,0.772642658699533,0.269609678782198,0.0567524645621023,0.0267140043671276,0.0211508761349187,556.823045636916,1189.20090590139,NA,NA,TRUE
"S05",139,"M02","B","mean_width",4000,2.34961835893686,0.122009679260539,2.15968685128655,2.34726847014655,2.55054825652074,0.761297590180483,0.255566435899543,0.0473389244889462,-0.00433301466251474,0.0349754460167693,590.495378705506,922.355486393454,NA,NA,TRUE
"S05",139,"M02","B","observed_loss",4000,120.750007212522,4.96556444244023,114.081118662916,120.334699261563,127.855015429778,0.541613929627579,0.0767435297941877,0.0300672155582353,-0.026182631484579,0.0160703808407272,739.322196160316,1098.55469842156,NA,NA,TRUE
"S05",139,"M02","B","terminal_midpoint",4000,-1.16889291474586,0.163902188097667,-1.41890137747494,-1.17952383663294,-0.890942920247406,0.517381498047179,0.0829472000637825,0.000742860440011604,0.00704269623729857,0.000312433204792396,1087.03471004551,2093.60495679464,NA,NA,TRUE
"S05",139,"M02","B","terminal_width",4000,2.7302762010546,0.319869313198313,2.23191512467207,2.7192889906922,3.24932429573282,0.507693929644903,0.0766071728615487,0.0165658371379752,0.00582434372457047,0.0122839145918896,1112.73147079237,2104.86477228191,NA,NA,TRUE
"S05",139,"M02","C","mean_midpoint",4000,-0.23401756895927,0.0636877216982701,-0.334269679074542,-0.236895741914804,-0.126975905549252,0.780673526852953,0.31552033567798,0.0887067408503308,-0.0353535426387457,-0.00617348294908615,493.13296448035,1061.54387613047,NA,NA,TRUE
"S05",139,"M02","C","mean_width",4000,2.33507507544178,0.129314904297191,2.13253959379732,2.32766364664548,2.55491219509679,0.780707097523466,0.321706791344754,0.107508854547159,-0.0180283637591627,0.00967852309349277,479.216305783955,976.862991227038,NA,NA,TRUE
"S05",139,"M02","C","observed_loss",4000,121.057982287241,4.66212737210467,114.531532628995,120.728504125736,128.259891224293,0.587835453372011,0.168311102777269,0.0392549495111587,-0.0213599903279948,-0.0102915436473264,673.275915804469,1112.43049985293,NA,NA,TRUE
"S05",139,"M02","C","terminal_midpoint",4000,-1.17433474631921,0.162286059164273,-1.42728561428362,-1.1830834107664,-0.901888200770372,0.531798915107359,0.100341654036263,-0.00711347908805787,0.0110154327398757,-0.000547006916043794,1006.92002279752,2026.28311170192,NA,NA,TRUE
"S05",139,"M02","C","terminal_width",4000,2.69769650862194,0.324688724244576,2.18838791208604,2.68960031784581,3.23098618731597,0.534124564265927,0.113275309756338,-0.0303395045834139,0.00908061708824928,-0.003223856169882,1010.26159162438,1962.50830648966,NA,NA,TRUE
"S05",139,"M02","D","mean_midpoint",4000,-0.231630025774924,0.0643680909219166,-0.335090035615195,-0.23202897246712,-0.126082883630604,0.778538103497179,0.295097427633627,0.136073567814512,0.00122381764325396,-0.0259329261928964,452.092793597634,1150.79967432438,NA,NA,TRUE
"S05",139,"M02","D","mean_width",4000,2.35005749456766,0.133338755129178,2.13360004998026,2.34761877422023,2.57106570990448,0.783174206886434,0.33028883854243,0.116863693478066,-0.0251113553328078,-0.0306101665577688,467.750565800897,800.798932731262,NA,NA,TRUE
"S05",139,"M02","D","observed_loss",4000,121.089289527805,4.69612472641898,114.581026382907,120.713227709041,128.369080705613,0.598073594667615,0.161910726135738,0.0451807392326865,-0.0408751664840617,0.00905499892330235,679.559287833412,1277.72502924059,NA,NA,TRUE
"S05",139,"M02","D","terminal_midpoint",4000,-1.16711755063044,0.163285309939487,-1.42246421147249,-1.17464741460799,-0.893176481164336,0.541963875263012,0.134173906648793,0.0409648474889863,0.0215762994688795,0.00837082077085292,730.197943106207,1835.89928212261,NA,NA,TRUE
"S05",139,"M02","D","terminal_width",4000,2.71617685889535,0.323788402930498,2.20716165744992,2.71236258014905,3.25957870118338,0.529323887492301,0.124927241054716,0.036938865143672,0.00198455270574821,0.0518779552858353,865.304063705171,1924.37473501419,NA,NA,TRUE
"S06",20,"M06","A","mean_midpoint",2000,4.04554193855508,0.121631469538999,3.85142086759208,4.04189733413407,4.25539296365411,0.715411463398262,0.24528308617655,0.0656876323632799,-0.0107565107771913,-0.0124244339229496,276.471219826189,513.503867535362,NA,NA,TRUE
"S06",20,"M06","A","mean_width",2000,4.40840912011778,0.230931301508573,4.05315151184348,4.39494301466548,4.79645429667441,0.744262503489718,0.261271321216902,0.0642032392820735,-0.0086811843377217,-0.0211653458964303,270.040686141028,588.128761774752,NA,NA,TRUE
"S06",20,"M06","A","observed_loss",2000,70.8907562313578,4.80920587308279,63.5492633544175,70.6787178887509,79.3382666441929,0.455515609311637,0.0903411807080703,0.00548317738467129,-0.0153761094536676,-0.00217619664412358,587.876998729156,1028.75829562051,NA,NA,TRUE
"S06",20,"M06","A","terminal_midpoint",2000,5.71332081036387,0.324592606706857,5.15735161035941,5.72423466041665,6.23999729335106,0.507297157962773,0.113572600223526,0.0209480966712479,-0.0401320395220422,0.0072313930517496,473.494457786729,1026.06900134258,NA,NA,TRUE
"S06",20,"M06","A","terminal_width",2000,3.59500657659469,0.545602741138438,2.71278595624907,3.5781611017936,4.50956398833695,0.478406715821636,0.0546019781960395,0.00710001539435774,-0.0100680741173014,-0.03414251543233,635.295320681156,1085.6834248792,NA,NA,TRUE
"S06",20,"M06","B","mean_midpoint",2000,4.05732657856601,0.11810369731306,3.86492561848092,4.05798273442406,4.26022193479388,0.688728208558611,0.247791479892566,0.134187459036002,0.0523073248663566,0.030798336200604,176.238061188022,569.196005102976,NA,NA,TRUE
"S06",20,"M06","B","mean_width",2000,4.43584859111465,0.216449161093675,4.07299345861027,4.4417210177159,4.80411096015132,0.689109893364798,0.197919341474644,0.0698496961579264,0.0615246470296207,0.0397350836437659,223.511023772941,745.358786819407,NA,NA,TRUE
"S06",20,"M06","B","observed_loss",2000,70.0987572957316,4.46317094908384,63.3634880167263,69.8720956695242,77.9204141112789,0.421469723699558,0.0631728870196991,-0.00709282483569059,0.00844859824201136,-0.00219443221477572,624.763538175819,953.671752417482,NA,NA,TRUE
"S06",20,"M06","B","terminal_midpoint",2000,5.75094346222728,0.324343997997954,5.19227479551381,5.75798097307946,6.25920096708353,0.511802667890089,0.123829587956742,0.00806343189749648,0.037879461465847,0.000748734759995838,416.86118406112,800.113454964762,NA,NA,TRUE
"S06",20,"M06","B","terminal_width",2000,3.61500340918278,0.561822317555165,2.70467382273747,3.60354356186575,4.58886815878702,0.498095870771369,0.124220837722961,0.0175422758111176,-0.0141463688943241,0.0134285089516322,476.733592844489,898.818281966696,NA,NA,TRUE
"S06",20,"M06","C","mean_midpoint",2000,4.04486830397206,0.117970958951849,3.85067849023959,4.04286153978007,4.24362602187822,0.699977625667942,0.157142242339437,0.0138857368189504,-0.0467100523193717,-0.03448545389515,391.448769005822,676.766088204548,NA,NA,TRUE
"S06",20,"M06","C","mean_width",2000,4.40596282566235,0.223276957115405,4.05330457177851,4.40374180582408,4.77929763973617,0.719413832157499,0.157831031515796,-0.00535052359984471,-0.087556321514367,-0.0316976647425321,384.593028562097,608.936215965562,NA,NA,TRUE
"S06",20,"M06","C","observed_loss",2000,70.865912457792,4.46328336242355,63.7190511731862,70.6721762037166,78.248712087547,0.424337631638085,0.0545113318757219,0.0426921396851031,-0.0186929860853333,-0.00700116803542225,641.384874503849,1004.31538402129,NA,NA,TRUE
"S06",20,"M06","C","terminal_midpoint",2000,5.7089964802449,0.316802295844284,5.17456675925772,5.70843409385327,6.2282706449011,0.444114900640403,0.103875116746701,0.0630173426841393,-0.000254913496233761,0.003667754015615,451.424245112396,812.241931038626,NA,NA,TRUE
"S06",20,"M06","C","terminal_width",2000,3.60659053383749,0.558456526857855,2.75551885037592,3.59604686335005,4.52735829279166,0.477691346164262,0.123140018064689,0.0529916107096238,-0.0638825737268484,-0.00499621480837495,398.952476550551,609.532715726491,NA,NA,TRUE
"S06",20,"M06","D","mean_midpoint",2000,4.04724743243998,0.118181343051501,3.85472484235523,4.0448169265766,4.24490950938288,0.68217625159288,0.179542826813197,0.0410052929539618,-0.00336064564040655,0.0138778217635756,276.668032363428,629.138216684903,NA,NA,TRUE
"S06",20,"M06","D","mean_width",2000,4.43163501915009,0.22426824724805,4.07877754157691,4.42249730105792,4.7992726786295,0.715735207778953,0.212084879614466,0.0317894571673238,-0.0426732127015797,-0.0295843817931926,285.256271197486,542.956595416946,NA,NA,TRUE
"S06",20,"M06","D","observed_loss",2000,70.7764836023787,4.53215214348252,63.7814063929188,70.6524573556592,78.7583450294372,0.436104942585406,0.107508351634318,0.0409355690477698,0.0344139246412643,0.0452757667359862,483.557216046424,1088.66205615652,NA,NA,TRUE
"S06",20,"M06","D","terminal_midpoint",2000,5.72979865346882,0.307433114607618,5.21997880306149,5.72984875024893,6.23639166339483,0.465718166348393,0.125108637639314,0.0199628428515605,-0.0441703973764996,-0.0310463466434787,446.560019772856,957.46018880642,NA,NA,TRUE
"S06",20,"M06","D","terminal_width",2000,3.64434126643571,0.544747339235808,2.72436424483395,3.65222180764612,4.55937012832459,0.465503248617031,0.0613451939543289,-0.0363692289582263,-0.0316839078844856,-0.0412631502028325,582.344934121051,890.539656175656,NA,NA,TRUE
"S06",134,"M06","A","mean_midpoint",2000,2.54099094098352,0.11730646528178,2.35436283947318,2.5418535111543,2.72709642153357,0.716317276305853,0.234616215732739,0.0654614438224249,-0.0777866784027885,0.0405671124037727,278.750972817466,599.56512287694,NA,NA,TRUE
"S06",134,"M06","A","mean_width",2000,3.15810084257982,0.204498784787906,2.8125136125147,3.15628609530948,3.49065443329234,0.737318018558997,0.260905784591533,0.0980424746501054,-0.0515088723612794,0.00361857280635967,249.776359028876,428.969840688285,NA,NA,TRUE
"S06",134,"M06","A","observed_loss",2000,48.9716175410494,2.88879653663329,44.5098479681043,48.8118147943338,54.0450527421223,0.409474723130532,0.0853826654303384,0.00506831702428733,-0.00239035282421341,0.00563249921846956,653.058775048077,964.095092640689,NA,NA,TRUE
"S06",134,"M06","A","terminal_midpoint",2000,3.09627173904811,0.261262407403767,2.67622386889437,3.08909680434591,3.54231247442102,0.453082117627628,0.111586414717462,0.0261947067545562,-0.00255312691889512,0.00776943494689072,469.51861402569,924.865957589262,NA,NA,TRUE
"S06",134,"M06","A","terminal_width",2000,2.01598053782883,0.484010408046243,1.22226020697408,2.00181091179867,2.82755211763826,0.510208524117853,0.126978532337526,0.0322119223378664,-0.0377430460468752,0.0282275109710961,453.588305558142,872.880461467428,NA,NA,TRUE
"S06",134,"M06","B","mean_midpoint",2000,2.52366285952966,0.116109891099484,2.33798139297344,2.52222584416252,2.71430964165128,0.702717718169376,0.200218157867591,0.0881926983232481,0.0104729489132223,0.00213783074141349,304.64974687303,638.894551196521,NA,NA,TRUE
"S06",134,"M06","B","mean_width",2000,3.13478498506218,0.206665176312916,2.79315183332568,3.13586004109071,3.47620702318631,0.753370546230434,0.22606770081159,0.0591376855075536,0.0219585405460295,0.0214993868918393,276.302557958887,478.048599685062,NA,NA,TRUE
"S06",134,"M06","B","observed_loss",2000,49.2995818793247,3.13061686755078,44.610574750178,49.1230064265369,54.5388955321291,0.469013633014063,0.085687376785087,0.0570927297809072,-0.00977720430449568,0.0174606753970993,489.929780570774,556.873658524498,NA,NA,TRUE
"S06",134,"M06","B","terminal_midpoint",2000,3.07253789073509,0.271550782041842,2.62922653048231,3.07701285400573,3.51286219974993,0.506207269289144,0.125641488730092,0.076255083114569,0.0238931102162555,0.0194998619189535,414.986101859725,862.460896184958,NA,NA,TRUE
"S06",134,"M06","B","terminal_width",2000,2.04266370136209,0.48482880155366,1.27311987875359,2.03350167095112,2.85491159513,0.520004420686959,0.171550244808618,0.00147991463831973,-0.0216495546317207,-0.0350092499306964,437.926431441274,662.99861689288,NA,NA,TRUE
"S06",134,"M06","C","mean_midpoint",2000,2.51939149396855,0.112873834630171,2.3322254493761,2.52264151594413,2.69807956546215,0.710979161257939,0.232410091765381,0.0671651118044555,-0.027292224231809,0.0269799288545054,300.256532197437,521.312842680425,NA,NA,TRUE
"S06",134,"M06","C","mean_width",2000,3.13668882417704,0.211458930371501,2.79105201032658,3.13520057710608,3.48428688769486,0.745639128940879,0.223806811183674,0.0639711111671189,-0.0287699027358533,-0.0447712995983618,270.889325626602,475.61879968385,NA,NA,TRUE
"S06",134,"M06","C","observed_loss",2000,49.2160276796162,3.09916244945104,44.6960272534593,48.9598420793688,54.4585344940712,0.440930080269256,0.11308319953678,0.0262623438404585,-0.00277479145524475,0.00673667060568836,576.366504281695,940.730518020159,NA,NA,TRUE
"S06",134,"M06","C","terminal_midpoint",2000,3.07246197241188,0.266062806071236,2.65252976683004,3.05970871446334,3.52399562833012,0.502797323484613,0.103688909821631,0.0130702457370371,-0.0296787470294625,0.00117727018862497,541.57995958238,847.924568037281,NA,NA,TRUE
"S06",134,"M06","C","terminal_width",2000,2.00418744301752,0.477514588217402,1.2440276593498,1.98238757909692,2.81433830769906,0.496667712908495,0.118888585728692,0.0568950642791692,-0.0141750191877922,-0.0510031913042224,431.925530003114,958.202655949362,NA,NA,TRUE
"S06",134,"M06","D","mean_midpoint",2000,2.52918982934351,0.11417828964981,2.34175881850962,2.52595257440593,2.72203808405704,0.699292371800954,0.234122123315527,0.0271087175771878,-0.120239931520566,0.0265247820756116,311.85134748421,719.548752237932,NA,NA,TRUE
"S06",134,"M06","D","mean_width",2000,3.15004200383648,0.210680999942633,2.80608910815617,3.15166848278072,3.50563787015707,0.755966739908257,0.317203682989932,0.116311829516658,-0.130421118516806,0.000681935783605794,249.720415483699,518.096970710134,NA,NA,TRUE
"S06",134,"M06","D","observed_loss",2000,49.1471370195852,3.13018044918043,44.4021368853863,48.9484816972491,54.8621064565057,0.499859145788999,0.10743431180505,-0.0159463383316762,-0.0359554097943302,0.0185126544548931,539.051333064964,841.825829662458,NA,NA,TRUE
"S06",134,"M06","D","terminal_midpoint",2000,3.0946140934507,0.259320613346399,2.67053909705753,3.09973320204806,3.4989356720931,0.493201420913874,0.0919823125517222,-0.0280135192984966,-0.0349643316592746,-0.0455373243255596,545.019838084274,742.166976857487,NA,NA,TRUE
"S06",134,"M06","D","terminal_width",2000,2.06244333851453,0.485424171063102,1.29001457641603,2.0410677463487,2.91850327299463,0.546556449315341,0.123690094994526,0.0259177913413943,-0.075962924332509,0.00466394968184729,426.827708349693,851.13714163042,NA,NA,TRUE
