"DGP","replication","method","profile","variable1","variable2","correlation"
"S05",2,"M02","A","mean_midpoint","mean_width",0.277188092012854
"S05",2,"M02","A","mean_midpoint","observed_loss",-0.799611478035405
"S05",2,"M02","A","mean_width","observed_loss",0.0160862803076643
"S05",2,"M02","A","mean_midpoint","terminal_midpoint",0.505154878054008
"S05",2,"M02","A","mean_width","terminal_midpoint",0.112360496470522
"S05",2,"M02","A","observed_loss","terminal_midpoint",-0.408347755060005
"S05",2,"M02","A","mean_midpoint","terminal_width",0.0843086439711113
"S05",2,"M02","A","mean_width","terminal_width",0.512436200715273
"S05",2,"M02","A","observed_loss","terminal_width",-0.00897978953894252
"S05",2,"M02","A","terminal_midpoint","terminal_width",0.150357805543307
"S05",2,"M02","B","mean_midpoint","mean_width",0.301642843334903
"S05",2,"M02","B","mean_midpoint","observed_loss",-0.786205167456402
"S05",2,"M02","B","mean_width","observed_loss",-0.0486890784950406
"S05",2,"M02","B","mean_midpoint","terminal_midpoint",0.492851716816624
"S05",2,"M02","B","mean_width","terminal_midpoint",0.130860409882801
"S05",2,"M02","B","observed_loss","terminal_midpoint",-0.414816870773347
"S05",2,"M02","B","mean_midpoint","terminal_width",0.090177379570247
"S05",2,"M02","B","mean_width","terminal_width",0.485681265849203
"S05",2,"M02","B","observed_loss","terminal_width",-0.0631544096166346
"S05",2,"M02","B","terminal_midpoint","terminal_width",0.192595215686315
"S05",2,"M02","C","mean_midpoint","mean_width",0.339865457669507
"S05",2,"M02","C","mean_midpoint","observed_loss",-0.802581420380353
"S05",2,"M02","C","mean_width","observed_loss",-0.0883658425536164
"S05",2,"M02","C","mean_midpoint","terminal_midpoint",0.501010385880064
"S05",2,"M02","C","mean_width","terminal_midpoint",0.11930578371854
"S05",2,"M02","C","observed_loss","terminal_midpoint",-0.412234273959913
"S05",2,"M02","C","mean_midpoint","terminal_width",0.086156425401201
"S05",2,"M02","C","mean_width","terminal_width",0.470483554521246
"S05",2,"M02","C","observed_loss","terminal_width",-0.0253581891289024
"S05",2,"M02","C","terminal_midpoint","terminal_width",0.189798441267367
"S05",2,"M02","D","mean_midpoint","mean_width",0.323344006804617
"S05",2,"M02","D","mean_midpoint","observed_loss",-0.804714011907884
"S05",2,"M02","D","mean_width","observed_loss",-0.0645676611351077
"S05",2,"M02","D","mean_midpoint","terminal_midpoint",0.516654584568005
"S05",2,"M02","D","mean_width","terminal_midpoint",0.151841936920169
"S05",2,"M02","D","observed_loss","terminal_midpoint",-0.41407941126331
"S05",2,"M02","D","mean_midpoint","terminal_width",0.153712661678917
"S05",2,"M02","D","mean_width","terminal_width",0.513065502868582
"S05",2,"M02","D","observed_loss","terminal_width",-0.101595903903283
"S05",2,"M02","D","terminal_midpoint","terminal_width",0.215531149458044
"S05",81,"M06","A","mean_midpoint","mean_width",0.847110763619543
"S05",81,"M06","A","mean_midpoint","observed_loss",-0.225377952252317
"S05",81,"M06","A","mean_width","observed_loss",-0.0526275055262381
"S05",81,"M06","A","mean_midpoint","terminal_midpoint",0.54740383469105
"S05",81,"M06","A","mean_width","terminal_midpoint",0.509953738951914
"S05",81,"M06","A","observed_loss","terminal_midpoint",-0.0771844165128379
"S05",81,"M06","A","mean_midpoint","terminal_width",0.547388049324103
"S05",81,"M06","A","mean_width","terminal_width",0.547330570852479
"S05",81,"M06","A","observed_loss","terminal_width",-0.210762236008693
"S05",81,"M06","A","terminal_midpoint","terminal_width",0.802255814762783
"S05",81,"M06","B","mean_midpoint","mean_width",0.854344314070408
"S05",81,"M06","B","mean_midpoint","observed_loss",-0.280702260745795
"S05",81,"M06","B","mean_width","observed_loss",-0.123247635573386
"S05",81,"M06","B","mean_midpoint","terminal_midpoint",0.536009126787004
"S05",81,"M06","B","mean_width","terminal_midpoint",0.51983001825962
"S05",81,"M06","B","observed_loss","terminal_midpoint",-0.134268996833646
"S05",81,"M06","B","mean_midpoint","terminal_width",0.528192931558027
"S05",81,"M06","B","mean_width","terminal_width",0.571028407972717
"S05",81,"M06","B","observed_loss","terminal_width",-0.239713170639405
"S05",81,"M06","B","terminal_midpoint","terminal_width",0.771552955606146
"S05",81,"M06","C","mean_midpoint","mean_width",0.849924753241103
"S05",81,"M06","C","mean_midpoint","observed_loss",-0.23063387163828
"S05",81,"M06","C","mean_width","observed_loss",-0.0908286060744953
"S05",81,"M06","C","mean_midpoint","terminal_midpoint",0.541002437327135
"S05",81,"M06","C","mean_width","terminal_midpoint",0.529091607990181
"S05",81,"M06","C","observed_loss","terminal_midpoint",-0.0649215544009499
"S05",81,"M06","C","mean_midpoint","terminal_width",0.532418693993143
"S05",81,"M06","C","mean_width","terminal_width",0.562766023049778
"S05",81,"M06","C","observed_loss","terminal_width",-0.17629715297121
"S05",81,"M06","C","terminal_midpoint","terminal_width",0.791231961011252
"S05",81,"M06","D","mean_midpoint","mean_width",0.863373288352937
"S05",81,"M06","D","mean_midpoint","observed_loss",-0.210365699986661
"S05",81,"M06","D","mean_width","observed_loss",-0.0384730962890542
"S05",81,"M06","D","mean_midpoint","terminal_midpoint",0.538100123979169
"S05",81,"M06","D","mean_width","terminal_midpoint",0.492391143674433
"S05",81,"M06","D","observed_loss","terminal_midpoint",-0.115335732790736
"S05",81,"M06","D","mean_midpoint","terminal_width",0.497551174675521
"S05",81,"M06","D","mean_width","terminal_width",0.51866312511094
"S05",81,"M06","D","observed_loss","terminal_width",-0.222600447540649
"S05",81,"M06","D","terminal_midpoint","terminal_width",0.780315412300833
"S05",172,"M08","A","mean_midpoint","mean_width",0.850048001829733
"S05",172,"M08","A","mean_midpoint","observed_loss",-0.285955143032666
"S05",172,"M08","A","mean_width","observed_loss",-0.163250706467437
"S05",172,"M08","A","mean_midpoint","terminal_midpoint",0.182728732363462
"S05",172,"M08","A","mean_width","terminal_midpoint",0.0811075256017872
"S05",172,"M08","A","observed_loss","terminal_midpoint",-0.0955676012684381
"S05",172,"M08","A","mean_midpoint","terminal_width",0.0372755697293668
"S05",172,"M08","A","mean_width","terminal_width",0.135106730603583
"S05",172,"M08","A","observed_loss","terminal_width",0.0497161904966209
"S05",172,"M08","A","terminal_midpoint","terminal_width",0.0599651981442054
"S05",172,"M08","B","mean_midpoint","mean_width",0.843969465367252
"S05",172,"M08","B","mean_midpoint","observed_loss",-0.300206529819341
"S05",172,"M08","B","mean_width","observed_loss",-0.166296674864575
"S05",172,"M08","B","mean_midpoint","terminal_midpoint",0.196422161594953
"S05",172,"M08","B","mean_width","terminal_midpoint",0.104145660899883
"S05",172,"M08","B","observed_loss","terminal_midpoint",-0.106977643487741
"S05",172,"M08","B","mean_midpoint","terminal_width",0.101968399553683
"S05",172,"M08","B","mean_width","terminal_width",0.2018428730649
"S05",172,"M08","B","observed_loss","terminal_width",0.0110120265755639
"S05",172,"M08","B","terminal_midpoint","terminal_width",0.11299947729915
"S05",172,"M08","C","mean_midpoint","mean_width",0.844611550871998
"S05",172,"M08","C","mean_midpoint","observed_loss",-0.270850676223984
"S05",172,"M08","C","mean_width","observed_loss",-0.139336883679161
"S05",172,"M08","C","mean_midpoint","terminal_midpoint",0.19454439591799
"S05",172,"M08","C","mean_width","terminal_midpoint",0.106866900268985
"S05",172,"M08","C","observed_loss","terminal_midpoint",-0.103392091192883
"S05",172,"M08","C","mean_midpoint","terminal_width",0.109143514858926
"S05",172,"M08","C","mean_width","terminal_width",0.190105213370101
"S05",172,"M08","C","observed_loss","terminal_width",0.0155420047944797
"S05",172,"M08","C","terminal_midpoint","terminal_width",0.121608383008671
"S05",172,"M08","D","mean_midpoint","mean_width",0.82510067072039
"S05",172,"M08","D","mean_midpoint","observed_loss",-0.279329268983692
"S05",172,"M08","D","mean_width","observed_loss",-0.131598073151496
"S05",172,"M08","D","mean_midpoint","terminal_midpoint",0.186352279423596
"S05",172,"M08","D","mean_width","terminal_midpoint",0.0996775326000125
"S05",172,"M08","D","observed_loss","terminal_midpoint",-0.0748897813273607
"S05",172,"M08","D","mean_midpoint","terminal_width",0.0732587598572855
"S05",172,"M08","D","mean_width","terminal_width",0.190007684233356
"S05",172,"M08","D","observed_loss","terminal_width",0.0422009709191173
"S05",172,"M08","D","terminal_midpoint","terminal_width",0.116391283669029
"S06",24,"M02","A","mean_midpoint","mean_width",0.797254684192374
"S06",24,"M02","A","mean_midpoint","observed_loss",-0.783282832690646
"S06",24,"M02","A","mean_width","observed_loss",-0.604827765620203
"S06",24,"M02","A","mean_midpoint","terminal_midpoint",0.533323013773897
"S06",24,"M02","A","mean_width","terminal_midpoint",0.386071326177204
"S06",24,"M02","A","observed_loss","terminal_midpoint",-0.2454214673041
"S06",24,"M02","A","mean_midpoint","terminal_width",0.438897444197326
"S06",24,"M02","A","mean_width","terminal_width",0.535008803487952
"S06",24,"M02","A","observed_loss","terminal_width",-0.156577072353659
"S06",24,"M02","A","terminal_midpoint","terminal_width",0.680566772831369
"S06",24,"M02","B","mean_midpoint","mean_width",0.75268456839096
"S06",24,"M02","B","mean_midpoint","observed_loss",-0.760755508193514
"S06",24,"M02","B","mean_width","observed_loss",-0.502690938427004
"S06",24,"M02","B","mean_midpoint","terminal_midpoint",0.496510159447743
"S06",24,"M02","B","mean_width","terminal_midpoint",0.384337415516571
"S06",24,"M02","B","observed_loss","terminal_midpoint",-0.197849409984285
"S06",24,"M02","B","mean_midpoint","terminal_width",0.375824148631093
"S06",24,"M02","B","mean_width","terminal_width",0.50716669253653
"S06",24,"M02","B","observed_loss","terminal_width",-0.0732189519783104
"S06",24,"M02","B","terminal_midpoint","terminal_width",0.69443823941114
"S06",24,"M02","C","mean_midpoint","mean_width",0.772883732826546
"S06",24,"M02","C","mean_midpoint","observed_loss",-0.785795797459022
"S06",24,"M02","C","mean_width","observed_loss",-0.558560882368535
"S06",24,"M02","C","mean_midpoint","terminal_midpoint",0.5183034535585
"S06",24,"M02","C","mean_width","terminal_midpoint",0.38755886530019
"S06",24,"M02","C","observed_loss","terminal_midpoint",-0.238087248354821
"S06",24,"M02","C","mean_midpoint","terminal_width",0.368565566860452
"S06",24,"M02","C","mean_width","terminal_width",0.507854066959187
"S06",24,"M02","C","observed_loss","terminal_width",-0.0953080853497444
"S06",24,"M02","C","terminal_midpoint","terminal_width",0.684074416497781
"S06",24,"M02","D","mean_midpoint","mean_width",0.787746016586696
"S06",24,"M02","D","mean_midpoint","observed_loss",-0.762477132624217
"S06",24,"M02","D","mean_width","observed_loss",-0.539104292422188
"S06",24,"M02","D","mean_midpoint","terminal_midpoint",0.50789020859507
"S06",24,"M02","D","mean_width","terminal_midpoint",0.394074963673531
"S06",24,"M02","D","observed_loss","terminal_midpoint",-0.192659746996064
"S06",24,"M02","D","mean_midpoint","terminal_width",0.373810322761223
"S06",24,"M02","D","mean_width","terminal_width",0.498634656617203
"S06",24,"M02","D","observed_loss","terminal_width",-0.0514070119860853
"S06",24,"M02","D","terminal_midpoint","terminal_width",0.702615463673325
"S06",149,"M02","A","mean_midpoint","mean_width",0.665298527929569
"S06",149,"M02","A","mean_midpoint","observed_loss",-0.704028017621674
"S06",149,"M02","A","mean_width","observed_loss",-0.522246052444492
"S06",149,"M02","A","mean_midpoint","terminal_midpoint",0.49595294559453
"S06",149,"M02","A","mean_width","terminal_midpoint",0.388034403755625
"S06",149,"M02","A","observed_loss","terminal_midpoint",-0.463154494102746
"S06",149,"M02","A","mean_midpoint","terminal_width",0.372285529373944
"S06",149,"M02","A","mean_width","terminal_width",0.49805967794548
"S06",149,"M02","A","observed_loss","terminal_width",-0.312735720201684
"S06",149,"M02","A","terminal_midpoint","terminal_width",0.692057200039068
"S06",149,"M02","B","mean_midpoint","mean_width",0.670021969455379
"S06",149,"M02","B","mean_midpoint","observed_loss",-0.712342529422802
"S06",149,"M02","B","mean_width","observed_loss",-0.50627001990053
"S06",149,"M02","B","mean_midpoint","terminal_midpoint",0.505098779929152
"S06",149,"M02","B","mean_width","terminal_midpoint",0.359572036631681
"S06",149,"M02","B","observed_loss","terminal_midpoint",-0.471607967790131
"S06",149,"M02","B","mean_midpoint","terminal_width",0.375516258693283
"S06",149,"M02","B","mean_width","terminal_width",0.479612301652848
"S06",149,"M02","B","observed_loss","terminal_width",-0.286993436930517
"S06",149,"M02","B","terminal_midpoint","terminal_width",0.677418272726471
"S06",149,"M02","C","mean_midpoint","mean_width",0.661844055964979
"S06",149,"M02","C","mean_midpoint","observed_loss",-0.703666153300531
"S06",149,"M02","C","mean_width","observed_loss",-0.519599474282985
"S06",149,"M02","C","mean_midpoint","terminal_midpoint",0.505783611699207
"S06",149,"M02","C","mean_width","terminal_midpoint",0.39851603714232
"S06",149,"M02","C","observed_loss","terminal_midpoint",-0.46160159664421
"S06",149,"M02","C","mean_midpoint","terminal_width",0.396507647820307
"S06",149,"M02","C","mean_width","terminal_width",0.5085530942448
"S06",149,"M02","C","observed_loss","terminal_width",-0.334666071253868
"S06",149,"M02","C","terminal_midpoint","terminal_width",0.710083064124163
"S06",149,"M02","D","mean_midpoint","mean_width",0.630703974662764
"S06",149,"M02","D","mean_midpoint","observed_loss",-0.698208885347107
"S06",149,"M02","D","mean_width","observed_loss",-0.493941519962434
"S06",149,"M02","D","mean_midpoint","terminal_midpoint",0.462730596564102
"S06",149,"M02","D","mean_width","terminal_midpoint",0.34602296404655
"S06",149,"M02","D","observed_loss","terminal_midpoint",-0.43873531713361
"S06",149,"M02","D","mean_midpoint","terminal_width",0.340586898612709
"S06",149,"M02","D","mean_width","terminal_width",0.488605203482492
"S06",149,"M02","D","observed_loss","terminal_width",-0.297057987210905
"S06",149,"M02","D","terminal_midpoint","terminal_width",0.671845606911453
"S05",18,"M01","A","log_q_1","mean_midpoint",-0.622304206175876
"S05",18,"M01","A","log_q_1","mean_width",-0.569656767220228
"S05",18,"M01","A","mean_midpoint","mean_width",0.824730860351062
"S05",18,"M01","A","log_q_1","observed_loss",-0.452177917047274
"S05",18,"M01","A","mean_midpoint","observed_loss",0.315730627425448
"S05",18,"M01","A","mean_width","observed_loss",0.359541389416118
"S05",18,"M01","A","log_q_1","terminal_midpoint",-0.0318068736309676
"S05",18,"M01","A","mean_midpoint","terminal_midpoint",0.131266980796872
"S05",18,"M01","A","mean_width","terminal_midpoint",0.0447078009217991
"S05",18,"M01","A","observed_loss","terminal_midpoint",0.0251010905168974
"S05",18,"M01","A","log_q_1","terminal_width",-0.0144862133395529
"S05",18,"M01","A","mean_midpoint","terminal_width",0.0474715290339938
"S05",18,"M01","A","mean_width","terminal_width",0.132651717719822
"S05",18,"M01","A","observed_loss","terminal_width",0.0726190940596979
"S05",18,"M01","A","terminal_midpoint","terminal_width",0.00325668223888711
"S05",18,"M01","B","log_q_1","mean_midpoint",-0.564897053910751
"S05",18,"M01","B","log_q_1","mean_width",-0.500981740933233
"S05",18,"M01","B","mean_midpoint","mean_width",0.796911859845838
"S05",18,"M01","B","log_q_1","observed_loss",-0.366408612695875
"S05",18,"M01","B","mean_midpoint","observed_loss",0.278614871161846
"S05",18,"M01","B","mean_width","observed_loss",0.337198063922101
"S05",18,"M01","B","log_q_1","terminal_midpoint",-0.023491217068177
"S05",18,"M01","B","mean_midpoint","terminal_midpoint",0.128925454541482
"S05",18,"M01","B","mean_width","terminal_midpoint",0.0448611718112975
"S05",18,"M01","B","observed_loss","terminal_midpoint",0.0226005401532609
"S05",18,"M01","B","log_q_1","terminal_width",0.0406293140521191
"S05",18,"M01","B","mean_midpoint","terminal_width",-0.0245312482235764
"S05",18,"M01","B","mean_width","terminal_width",0.0655495471197995
"S05",18,"M01","B","observed_loss","terminal_width",0.0309633282848129
"S05",18,"M01","B","terminal_midpoint","terminal_width",-0.0615867269085187
"S05",18,"M01","C","log_q_1","mean_midpoint",-0.599560451864362
"S05",18,"M01","C","log_q_1","mean_width",-0.554420884172702
"S05",18,"M01","C","mean_midpoint","mean_width",0.815655497334528
"S05",18,"M01","C","log_q_1","observed_loss",-0.499656942981142
"S05",18,"M01","C","mean_midpoint","observed_loss",0.304254136995329
"S05",18,"M01","C","mean_width","observed_loss",0.35603198854766
"S05",18,"M01","C","log_q_1","terminal_midpoint",-0.0256990262437445
"S05",18,"M01","C","mean_midpoint","terminal_midpoint",0.13667393999453
"S05",18,"M01","C","mean_width","terminal_midpoint",0.0392000734620876
"S05",18,"M01","C","observed_loss","terminal_midpoint",0.0283995386528681
"S05",18,"M01","C","log_q_1","terminal_width",-0.0210749866497329
"S05",18,"M01","C","mean_midpoint","terminal_width",0.0236600323761405
"S05",18,"M01","C","mean_width","terminal_width",0.104792675333657
"S05",18,"M01","C","observed_loss","terminal_width",0.0833160127623599
"S05",18,"M01","C","terminal_midpoint","terminal_width",-0.00468293131411173
"S05",18,"M01","D","log_q_1","mean_midpoint",-0.618197261356612
"S05",18,"M01","D","log_q_1","mean_width",-0.575720715242227
"S05",18,"M01","D","mean_midpoint","mean_width",0.826548645133472
"S05",18,"M01","D","log_q_1","observed_loss",-0.446376443473119
"S05",18,"M01","D","mean_midpoint","observed_loss",0.320715306612188
"S05",18,"M01","D","mean_width","observed_loss",0.370874041503703
"S05",18,"M01","D","log_q_1","terminal_midpoint",-0.0594546036842107
"S05",18,"M01","D","mean_midpoint","terminal_midpoint",0.151591361776828
"S05",18,"M01","D","mean_width","terminal_midpoint",0.0611741637390824
"S05",18,"M01","D","observed_loss","terminal_midpoint",0.0362288928290708
"S05",18,"M01","D","log_q_1","terminal_width",0.0105308390305554
"S05",18,"M01","D","mean_midpoint","terminal_width",0.0177473115529033
"S05",18,"M01","D","mean_width","terminal_width",0.100785064079873
"S05",18,"M01","D","observed_loss","terminal_width",0.0537419351011518
"S05",18,"M01","D","terminal_midpoint","terminal_width",-0.0580128180879451
"S05",99,"M11","A","log_q_1","log_lambda",0.337504744647419
"S05",99,"M11","A","log_q_1","mean_midpoint",-0.47067922177105
"S05",99,"M11","A","log_lambda","mean_midpoint",-0.237701938152479
"S05",99,"M11","A","log_q_1","mean_width",-0.628077168649879
"S05",99,"M11","A","log_lambda","mean_width",-0.522156596548605
"S05",99,"M11","A","mean_midpoint","mean_width",0.569143967325059
"S05",99,"M11","A","log_q_1","observed_loss",-0.429285829962652
"S05",99,"M11","A","log_lambda","observed_loss",-0.79346755445754
"S05",99,"M11","A","mean_midpoint","observed_loss",0.299453841627767
"S05",99,"M11","A","mean_width","observed_loss",0.656938835129623
"S05",99,"M11","A","log_q_1","terminal_midpoint",0.0314928868566816
"S05",99,"M11","A","log_lambda","terminal_midpoint",0.00796640678984078
"S05",99,"M11","A","mean_midpoint","terminal_midpoint",0.0485083506959177
"S05",99,"M11","A","mean_width","terminal_midpoint",-0.032795462360243
"S05",99,"M11","A","observed_loss","terminal_midpoint",-0.00562619082203873
"S05",99,"M11","A","log_q_1","terminal_width",-0.0314111890297025
"S05",99,"M11","A","log_lambda","terminal_width",-0.0304685557903624
"S05",99,"M11","A","mean_midpoint","terminal_width",0.00390114606944639
"S05",99,"M11","A","mean_width","terminal_width",0.0853911770808318
"S05",99,"M11","A","observed_loss","terminal_width",0.0416589796790706
"S05",99,"M11","A","terminal_midpoint","terminal_width",-0.707677544415204
"S05",99,"M11","B","log_q_1","log_lambda",0.355313042136689
"S05",99,"M11","B","log_q_1","mean_midpoint",-0.462505307349595
"S05",99,"M11","B","log_lambda","mean_midpoint",-0.245942121235677
"S05",99,"M11","B","log_q_1","mean_width",-0.631576669617974
"S05",99,"M11","B","log_lambda","mean_width",-0.549963867919394
"S05",99,"M11","B","mean_midpoint","mean_width",0.56475717096534
"S05",99,"M11","B","log_q_1","observed_loss",-0.439255146283377
"S05",99,"M11","B","log_lambda","observed_loss",-0.792503842185237
"S05",99,"M11","B","mean_midpoint","observed_loss",0.305845898792532
"S05",99,"M11","B","mean_width","observed_loss",0.680824724819835
"S05",99,"M11","B","log_q_1","terminal_midpoint",0.0411076470371515
"S05",99,"M11","B","log_lambda","terminal_midpoint",0.00774547407900976
"S05",99,"M11","B","mean_midpoint","terminal_midpoint",0.0698105093836322
"S05",99,"M11","B","mean_width","terminal_midpoint",-0.0353346530064862
"S05",99,"M11","B","observed_loss","terminal_midpoint",0.00322970205999932
"S05",99,"M11","B","log_q_1","terminal_width",-0.0497216741584573
"S05",99,"M11","B","log_lambda","terminal_width",-0.0512897396507767
"S05",99,"M11","B","mean_midpoint","terminal_width",-0.0125095728195162
"S05",99,"M11","B","mean_width","terminal_width",0.0981884897998561
"S05",99,"M11","B","observed_loss","terminal_width",0.0508166714735178
"S05",99,"M11","B","terminal_midpoint","terminal_width",-0.703231600507612
"S05",99,"M11","C","log_q_1","log_lambda",0.316413816177434
"S05",99,"M11","C","log_q_1","mean_midpoint",-0.43937954101888
"S05",99,"M11","C","log_lambda","mean_midpoint",-0.218529159600215
"S05",99,"M11","C","log_q_1","mean_width",-0.590511529654004
"S05",99,"M11","C","log_lambda","mean_width",-0.515990624068707
"S05",99,"M11","C","mean_midpoint","mean_width",0.545983711864501
"S05",99,"M11","C","log_q_1","observed_loss",-0.391104127184877
"S05",99,"M11","C","log_lambda","observed_loss",-0.798289662497246
"S05",99,"M11","C","mean_midpoint","observed_loss",0.279114388651227
"S05",99,"M11","C","mean_width","observed_loss",0.647884424421381
"S05",99,"M11","C","log_q_1","terminal_midpoint",0.0301969624148783
"S05",99,"M11","C","log_lambda","terminal_midpoint",0.0122691911219781
"S05",99,"M11","C","mean_midpoint","terminal_midpoint",0.0370984921204484
"S05",99,"M11","C","mean_width","terminal_midpoint",-0.0525187939193667
"S05",99,"M11","C","observed_loss","terminal_midpoint",-0.0166592490579819
"S05",99,"M11","C","log_q_1","terminal_width",-0.0310320073228279
"S05",99,"M11","C","log_lambda","terminal_width",-0.0343506942095735
"S05",99,"M11","C","mean_midpoint","terminal_width",-0.000861804383292762
"S05",99,"M11","C","mean_width","terminal_width",0.0992908156409366
"S05",99,"M11","C","observed_loss","terminal_width",0.0427472618270101
"S05",99,"M11","C","terminal_midpoint","terminal_width",-0.714668192126657
"S05",99,"M11","D","log_q_1","log_lambda",0.348916444748544
"S05",99,"M11","D","log_q_1","mean_midpoint",-0.461884809139547
"S05",99,"M11","D","log_lambda","mean_midpoint",-0.261881866660763
"S05",99,"M11","D","log_q_1","mean_width",-0.622778053720608
"S05",99,"M11","D","log_lambda","mean_width",-0.55185402317932
"S05",99,"M11","D","mean_midpoint","mean_width",0.586387276896031
"S05",99,"M11","D","log_q_1","observed_loss",-0.4263352456659
"S05",99,"M11","D","log_lambda","observed_loss",-0.802823670542944
"S05",99,"M11","D","mean_midpoint","observed_loss",0.329054119607347
"S05",99,"M11","D","mean_width","observed_loss",0.680879894407859
"S05",99,"M11","D","log_q_1","terminal_midpoint",0.0514634699259051
"S05",99,"M11","D","log_lambda","terminal_midpoint",-0.0102000436380494
"S05",99,"M11","D","mean_midpoint","terminal_midpoint",0.0574992762721237
"S05",99,"M11","D","mean_width","terminal_midpoint",-0.0280519178636028
"S05",99,"M11","D","observed_loss","terminal_midpoint",-0.00355105034411446
"S05",99,"M11","D","log_q_1","terminal_width",-0.0609342832668515
"S05",99,"M11","D","log_lambda","terminal_width",-0.0361975223297259
"S05",99,"M11","D","mean_midpoint","terminal_width",0.0023234905144103
"S05",99,"M11","D","mean_width","terminal_width",0.0881725668210759
"S05",99,"M11","D","observed_loss","terminal_width",0.0517806716378933
"S05",99,"M11","D","terminal_midpoint","terminal_width",-0.694776262141332
"S05",181,"M06","A","mean_midpoint","mean_width",0.696424954864329
"S05",181,"M06","A","mean_midpoint","observed_loss",-0.314370026286997
"S05",181,"M06","A","mean_width","observed_loss",-0.0818856993101003
"S05",181,"M06","A","mean_midpoint","terminal_midpoint",0.3378007340703
"S05",181,"M06","A","mean_width","terminal_midpoint",0.211862514214937
"S05",181,"M06","A","observed_loss","terminal_midpoint",0.185743171707287
"S05",181,"M06","A","mean_midpoint","terminal_width",0.224304002079764
"S05",181,"M06","A","mean_width","terminal_width",0.374424109566237
"S05",181,"M06","A","observed_loss","terminal_width",0.116600314485681
"S05",181,"M06","A","terminal_midpoint","terminal_width",0.457235710112369
"S05",181,"M06","B","mean_midpoint","mean_width",0.67685671561984
"S05",181,"M06","B","mean_midpoint","observed_loss",-0.284190609481155
"S05",181,"M06","B","mean_width","observed_loss",-0.0494262542383265
"S05",181,"M06","B","mean_midpoint","terminal_midpoint",0.381323195547739
"S05",181,"M06","B","mean_width","terminal_midpoint",0.217038224089655
"S05",181,"M06","B","observed_loss","terminal_midpoint",0.156401717656421
"S05",181,"M06","B","mean_midpoint","terminal_width",0.230126309219985
"S05",181,"M06","B","mean_width","terminal_width",0.36699274598109
"S05",181,"M06","B","observed_loss","terminal_width",0.122598472300899
"S05",181,"M06","B","terminal_midpoint","terminal_width",0.42546263789297
"S05",181,"M06","C","mean_midpoint","mean_width",0.728881246017947
"S05",181,"M06","C","mean_midpoint","observed_loss",-0.311576752412289
"S05",181,"M06","C","mean_width","observed_loss",-0.0940676715599818
"S05",181,"M06","C","mean_midpoint","terminal_midpoint",0.397164400425743
"S05",181,"M06","C","mean_width","terminal_midpoint",0.264200949073086
"S05",181,"M06","C","observed_loss","terminal_midpoint",0.168743284375679
"S05",181,"M06","C","mean_midpoint","terminal_width",0.279382411853111
"S05",181,"M06","C","mean_width","terminal_width",0.385235919547693
"S05",181,"M06","C","observed_loss","terminal_width",0.0922424180416664
"S05",181,"M06","C","terminal_midpoint","terminal_width",0.440132129976033
"S05",181,"M06","D","mean_midpoint","mean_width",0.686675559407411
"S05",181,"M06","D","mean_midpoint","observed_loss",-0.281558382647823
"S05",181,"M06","D","mean_width","observed_loss",-0.0237848837618958
"S05",181,"M06","D","mean_midpoint","terminal_midpoint",0.337428188730174
"S05",181,"M06","D","mean_width","terminal_midpoint",0.210763861164892
"S05",181,"M06","D","observed_loss","terminal_midpoint",0.190373322253931
"S05",181,"M06","D","mean_midpoint","terminal_width",0.173152085644547
"S05",181,"M06","D","mean_width","terminal_width",0.329328829214914
"S05",181,"M06","D","observed_loss","terminal_width",0.163989609718668
"S05",181,"M06","D","terminal_midpoint","terminal_width",0.443611494709871
"S06",41,"M02","A","mean_midpoint","mean_width",0.842926605328836
"S06",41,"M02","A","mean_midpoint","observed_loss",-0.908871175776617
"S06",41,"M02","A","mean_width","observed_loss",-0.72954340875317
"S06",41,"M02","A","mean_midpoint","terminal_midpoint",0.335131071522407
"S06",41,"M02","A","mean_width","terminal_midpoint",0.127677276976087
"S06",41,"M02","A","observed_loss","terminal_midpoint",-0.261052787417109
"S06",41,"M02","A","mean_midpoint","terminal_width",0.108071076333831
"S06",41,"M02","A","mean_width","terminal_width",0.336494991216882
"S06",41,"M02","A","observed_loss","terminal_width",0.0339745952035799
"S06",41,"M02","A","terminal_midpoint","terminal_width",0.295544282277714
"S06",41,"M02","B","mean_midpoint","mean_width",0.820998104432417
"S06",41,"M02","B","mean_midpoint","observed_loss",-0.890603999693114
"S06",41,"M02","B","mean_width","observed_loss",-0.702350738135009
"S06",41,"M02","B","mean_midpoint","terminal_midpoint",0.389253675042187
"S06",41,"M02","B","mean_width","terminal_midpoint",0.160231863724376
"S06",41,"M02","B","observed_loss","terminal_midpoint",-0.306367463717458
"S06",41,"M02","B","mean_midpoint","terminal_width",0.148819995309459
"S06",41,"M02","B","mean_width","terminal_width",0.372775958918988
"S06",41,"M02","B","observed_loss","terminal_width",-0.00362618087584348
"S06",41,"M02","B","terminal_midpoint","terminal_width",0.307189462168914
"S06",41,"M02","C","mean_midpoint","mean_width",0.842141942237588
"S06",41,"M02","C","mean_midpoint","observed_loss",-0.903150637248472
"S06",41,"M02","C","mean_width","observed_loss",-0.732179801571008
"S06",41,"M02","C","mean_midpoint","terminal_midpoint",0.338502226322185
"S06",41,"M02","C","mean_width","terminal_midpoint",0.125698073702534
"S06",41,"M02","C","observed_loss","terminal_midpoint",-0.263197283342407
"S06",41,"M02","C","mean_midpoint","terminal_width",0.120603144462793
"S06",41,"M02","C","mean_width","terminal_width",0.335890852639933
"S06",41,"M02","C","observed_loss","terminal_width",0.00806764570715794
"S06",41,"M02","C","terminal_midpoint","terminal_width",0.307263438406554
"S06",41,"M02","D","mean_midpoint","mean_width",0.856755855441942
"S06",41,"M02","D","mean_midpoint","observed_loss",-0.895805841888049
"S06",41,"M02","D","mean_width","observed_loss",-0.749914057921728
"S06",41,"M02","D","mean_midpoint","terminal_midpoint",0.372559892106729
"S06",41,"M02","D","mean_width","terminal_midpoint",0.181932915532479
"S06",41,"M02","D","observed_loss","terminal_midpoint",-0.282374293379094
"S06",41,"M02","D","mean_midpoint","terminal_width",0.170820415932685
"S06",41,"M02","D","mean_width","terminal_width",0.351852400407142
"S06",41,"M02","D","observed_loss","terminal_width",-0.0417277582994724
"S06",41,"M02","D","terminal_midpoint","terminal_width",0.337542914584953
"S06",194,"M01","A","log_q_1","mean_midpoint",-0.755233190465473
"S06",194,"M01","A","log_q_1","mean_width",-0.691948771983135
"S06",194,"M01","A","mean_midpoint","mean_width",0.902307355277978
"S06",194,"M01","A","log_q_1","observed_loss",-0.477054128590374
"S06",194,"M01","A","mean_midpoint","observed_loss",0.466163627558219
"S06",194,"M01","A","mean_width","observed_loss",0.566147583807548
"S06",194,"M01","A","log_q_1","terminal_midpoint",-0.224114638781845
"S06",194,"M01","A","mean_midpoint","terminal_midpoint",0.31374175370423
"S06",194,"M01","A","mean_width","terminal_midpoint",0.273606479806332
"S06",194,"M01","A","observed_loss","terminal_midpoint",0.16432114395852
"S06",194,"M01","A","log_q_1","terminal_width",-0.0990596313699035
"S06",194,"M01","A","mean_midpoint","terminal_width",0.181110763699089
"S06",194,"M01","A","mean_width","terminal_width",0.228375234847446
"S06",194,"M01","A","observed_loss","terminal_width",0.118002755792929
"S06",194,"M01","A","terminal_midpoint","terminal_width",0.315364158248896
"S06",194,"M01","B","log_q_1","mean_midpoint",-0.766248932786019
"S06",194,"M01","B","log_q_1","mean_width",-0.703189501679234
"S06",194,"M01","B","mean_midpoint","mean_width",0.905849715051548
"S06",194,"M01","B","log_q_1","observed_loss",-0.441663508670226
"S06",194,"M01","B","mean_midpoint","observed_loss",0.460275356236202
"S06",194,"M01","B","mean_width","observed_loss",0.554261280974702
"S06",194,"M01","B","log_q_1","terminal_midpoint",-0.208052918091596
"S06",194,"M01","B","mean_midpoint","terminal_midpoint",0.303617829381488
"S06",194,"M01","B","mean_width","terminal_midpoint",0.254870213323672
"S06",194,"M01","B","observed_loss","terminal_midpoint",0.158194071924911
"S06",194,"M01","B","log_q_1","terminal_width",-0.119599338804095
"S06",194,"M01","B","mean_midpoint","terminal_width",0.194550323677725
"S06",194,"M01","B","mean_width","terminal_width",0.252639787011735
"S06",194,"M01","B","observed_loss","terminal_width",0.127948893223175
"S06",194,"M01","B","terminal_midpoint","terminal_width",0.295755158079933
"S06",194,"M01","C","log_q_1","mean_midpoint",-0.700871771810279
"S06",194,"M01","C","log_q_1","mean_width",-0.637547082496857
"S06",194,"M01","C","mean_midpoint","mean_width",0.8984687492561
"S06",194,"M01","C","log_q_1","observed_loss",-0.435624242710919
"S06",194,"M01","C","mean_midpoint","observed_loss",0.461482361556561
"S06",194,"M01","C","mean_width","observed_loss",0.564540517840208
"S06",194,"M01","C","log_q_1","terminal_midpoint",-0.220964233094041
"S06",194,"M01","C","mean_midpoint","terminal_midpoint",0.338553265335363
"S06",194,"M01","C","mean_width","terminal_midpoint",0.298657176372119
"S06",194,"M01","C","observed_loss","terminal_midpoint",0.181036233600909
"S06",194,"M01","C","log_q_1","terminal_width",-0.173533204803683
"S06",194,"M01","C","mean_midpoint","terminal_width",0.260495737980486
"S06",194,"M01","C","mean_width","terminal_width",0.303428250883547
"S06",194,"M01","C","observed_loss","terminal_width",0.176599603088686
"S06",194,"M01","C","terminal_midpoint","terminal_width",0.386424123690836
"S06",194,"M01","D","log_q_1","mean_midpoint",-0.745257605270837
"S06",194,"M01","D","log_q_1","mean_width",-0.68840416556341
"S06",194,"M01","D","mean_midpoint","mean_width",0.911151661446473
"S06",194,"M01","D","log_q_1","observed_loss",-0.471586168327911
"S06",194,"M01","D","mean_midpoint","observed_loss",0.465747764842653
"S06",194,"M01","D","mean_width","observed_loss",0.562469878706261
"S06",194,"M01","D","log_q_1","terminal_midpoint",-0.239152222125564
"S06",194,"M01","D","mean_midpoint","terminal_midpoint",0.345648360230087
"S06",194,"M01","D","mean_width","terminal_midpoint",0.312097907167745
"S06",194,"M01","D","observed_loss","terminal_midpoint",0.19222403392461
"S06",194,"M01","D","log_q_1","terminal_width",-0.192020309894352
"S06",194,"M01","D","mean_midpoint","terminal_width",0.285069530010292
"S06",194,"M01","D","mean_width","terminal_width",0.322067781055152
"S06",194,"M01","D","observed_loss","terminal_width",0.167038701534758
"S06",194,"M01","D","terminal_midpoint","terminal_width",0.414553400997497
"S05",39,"M03","A","mean_midpoint","mean_width",0.722009315476845
"S05",39,"M03","A","mean_midpoint","observed_loss",-0.0214239887692057
"S05",39,"M03","A","mean_width","observed_loss",-0.0671524645516899
"S05",39,"M03","B","mean_midpoint","mean_width",0.745189096931116
"S05",39,"M03","B","mean_midpoint","observed_loss",-0.0381618347531874
"S05",39,"M03","B","mean_width","observed_loss",-0.0603409886863918
"S05",39,"M03","C","mean_midpoint","mean_width",0.718504663361511
"S05",39,"M03","C","mean_midpoint","observed_loss",-0.0528145830335339
"S05",39,"M03","C","mean_width","observed_loss",-0.0310639399344094
"S05",39,"M03","D","mean_midpoint","mean_width",0.748271143000693
"S05",39,"M03","D","mean_midpoint","observed_loss",-0.0332816232342606
"S05",39,"M03","D","mean_width","observed_loss",-0.0564065481097827
"S05",104,"M03","A","mean_midpoint","mean_width",0.137290458263192
"S05",104,"M03","A","mean_midpoint","observed_loss",0.0678251463932746
"S05",104,"M03","A","mean_width","observed_loss",0.117259646845238
"S05",104,"M03","B","mean_midpoint","mean_width",0.186120725179556
"S05",104,"M03","B","mean_midpoint","observed_loss",0.0965052278114735
"S05",104,"M03","B","mean_width","observed_loss",0.203944500753695
"S05",104,"M03","C","mean_midpoint","mean_width",0.177214841269086
"S05",104,"M03","C","mean_midpoint","observed_loss",0.161970245588176
"S05",104,"M03","C","mean_width","observed_loss",0.214564977027684
"S05",104,"M03","D","mean_midpoint","mean_width",0.125348960103876
"S05",104,"M03","D","mean_midpoint","observed_loss",0.0442157529989572
"S05",104,"M03","D","mean_width","observed_loss",0.155497570196444
"S05",183,"M01","A","log_q_1","mean_midpoint",0.108374425026739
"S05",183,"M01","A","log_q_1","mean_width",0.0282007023044267
"S05",183,"M01","A","mean_midpoint","mean_width",0.797137072407206
"S05",183,"M01","A","log_q_1","observed_loss",-0.45385505103841
"S05",183,"M01","A","mean_midpoint","observed_loss",-0.250731219427519
"S05",183,"M01","A","mean_width","observed_loss",-0.0776327441426912
"S05",183,"M01","A","log_q_1","terminal_midpoint",0.289222197608876
"S05",183,"M01","A","mean_midpoint","terminal_midpoint",0.498746723187197
"S05",183,"M01","A","mean_width","terminal_midpoint",0.456225658798276
"S05",183,"M01","A","observed_loss","terminal_midpoint",-0.364869627720049
"S05",183,"M01","A","log_q_1","terminal_width",0.274075246192075
"S05",183,"M01","A","mean_midpoint","terminal_width",0.481786154635998
"S05",183,"M01","A","mean_width","terminal_width",0.48514923576923
"S05",183,"M01","A","observed_loss","terminal_width",-0.295658531065147
"S05",183,"M01","A","terminal_midpoint","terminal_width",0.772507176567815
"S05",183,"M01","B","log_q_1","mean_midpoint",0.118301249133269
"S05",183,"M01","B","log_q_1","mean_width",0.0445710416839697
"S05",183,"M01","B","mean_midpoint","mean_width",0.788871324933338
"S05",183,"M01","B","log_q_1","observed_loss",-0.432113499280518
"S05",183,"M01","B","mean_midpoint","observed_loss",-0.27103384522185
"S05",183,"M01","B","mean_width","observed_loss",-0.112347631987655
"S05",183,"M01","B","log_q_1","terminal_midpoint",0.289843107395685
"S05",183,"M01","B","mean_midpoint","terminal_midpoint",0.504761718814702
"S05",183,"M01","B","mean_width","terminal_midpoint",0.463048765523556
"S05",183,"M01","B","observed_loss","terminal_midpoint",-0.369456233078882
"S05",183,"M01","B","log_q_1","terminal_width",0.269838187168311
"S05",183,"M01","B","mean_midpoint","terminal_width",0.470566790016409
"S05",183,"M01","B","mean_width","terminal_width",0.492549607171509
"S05",183,"M01","B","observed_loss","terminal_width",-0.304718436635122
"S05",183,"M01","B","terminal_midpoint","terminal_width",0.758681141915036
"S05",183,"M01","C","log_q_1","mean_midpoint",0.112536666775422
"S05",183,"M01","C","log_q_1","mean_width",0.0396959209007232
"S05",183,"M01","C","mean_midpoint","mean_width",0.799518763485271
"S05",183,"M01","C","log_q_1","observed_loss",-0.439008040971012
"S05",183,"M01","C","mean_midpoint","observed_loss",-0.25315061222375
"S05",183,"M01","C","mean_width","observed_loss",-0.095224114976718
"S05",183,"M01","C","log_q_1","terminal_midpoint",0.308536720786827
"S05",183,"M01","C","mean_midpoint","terminal_midpoint",0.512950526886307
"S05",183,"M01","C","mean_width","terminal_midpoint",0.449191589236874
"S05",183,"M01","C","observed_loss","terminal_midpoint",-0.384549678503172
"S05",183,"M01","C","log_q_1","terminal_width",0.281795164823387
"S05",183,"M01","C","mean_midpoint","terminal_width",0.480526016498131
"S05",183,"M01","C","mean_width","terminal_width",0.4791222621192
"S05",183,"M01","C","observed_loss","terminal_width",-0.314343625953028
"S05",183,"M01","C","terminal_midpoint","terminal_width",0.774436136240414
"S05",183,"M01","D","log_q_1","mean_midpoint",0.102567834368759
"S05",183,"M01","D","log_q_1","mean_width",0.0250092376259987
"S05",183,"M01","D","mean_midpoint","mean_width",0.7983304386312
"S05",183,"M01","D","log_q_1","observed_loss",-0.443580159092113
"S05",183,"M01","D","mean_midpoint","observed_loss",-0.251494144030017
"S05",183,"M01","D","mean_width","observed_loss",-0.0907681279372119
"S05",183,"M01","D","log_q_1","terminal_midpoint",0.307596113385451
"S05",183,"M01","D","mean_midpoint","terminal_midpoint",0.499841803743769
"S05",183,"M01","D","mean_width","terminal_midpoint",0.45582072191431
"S05",183,"M01","D","observed_loss","terminal_midpoint",-0.387396257372077
"S05",183,"M01","D","log_q_1","terminal_width",0.285105049706669
"S05",183,"M01","D","mean_midpoint","terminal_width",0.474541518966307
"S05",183,"M01","D","mean_width","terminal_width",0.483824516627383
"S05",183,"M01","D","observed_loss","terminal_width",-0.323762763574596
"S05",183,"M01","D","terminal_midpoint","terminal_width",0.774949138754033
"S06",68,"M01","A","log_q_1","mean_midpoint",-0.650252843618882
"S06",68,"M01","A","log_q_1","mean_width",-0.55660234474749
"S06",68,"M01","A","mean_midpoint","mean_width",0.864963653007603
"S06",68,"M01","A","log_q_1","observed_loss",-0.776779159571357
"S06",68,"M01","A","mean_midpoint","observed_loss",0.52693115673266
"S06",68,"M01","A","mean_width","observed_loss",0.550611637988337
"S06",68,"M01","A","log_q_1","terminal_midpoint",-0.0616339324053643
"S06",68,"M01","A","mean_midpoint","terminal_midpoint",0.164674106142009
"S06",68,"M01","A","mean_width","terminal_midpoint",0.0846199092607129
"S06",68,"M01","A","observed_loss","terminal_midpoint",0.0343658398466663
"S06",68,"M01","A","log_q_1","terminal_width",-0.0678238674418847
"S06",68,"M01","A","mean_midpoint","terminal_width",0.120739159149831
"S06",68,"M01","A","mean_width","terminal_width",0.204924418577588
"S06",68,"M01","A","observed_loss","terminal_width",0.122573986990969
"S06",68,"M01","A","terminal_midpoint","terminal_width",0.258687108700767
"S06",68,"M01","B","log_q_1","mean_midpoint",-0.679745571925294
"S06",68,"M01","B","log_q_1","mean_width",-0.591602641773335
"S06",68,"M01","B","mean_midpoint","mean_width",0.873730339152816
"S06",68,"M01","B","log_q_1","observed_loss",-0.779749105060895
"S06",68,"M01","B","mean_midpoint","observed_loss",0.551975202702484
"S06",68,"M01","B","mean_width","observed_loss",0.575056905190915
"S06",68,"M01","B","log_q_1","terminal_midpoint",-0.0667982704793834
"S06",68,"M01","B","mean_midpoint","terminal_midpoint",0.167133043012284
"S06",68,"M01","B","mean_width","terminal_midpoint",0.0856519014841625
"S06",68,"M01","B","observed_loss","terminal_midpoint",0.0277661421998156
"S06",68,"M01","B","log_q_1","terminal_width",-0.110378319671866
"S06",68,"M01","B","mean_midpoint","terminal_width",0.149521952760962
"S06",68,"M01","B","mean_width","terminal_width",0.201939892330699
"S06",68,"M01","B","observed_loss","terminal_width",0.107815805704401
"S06",68,"M01","B","terminal_midpoint","terminal_width",0.227699336088428
"S06",68,"M01","C","log_q_1","mean_midpoint",-0.641288111370236
"S06",68,"M01","C","log_q_1","mean_width",-0.533586136917519
"S06",68,"M01","C","mean_midpoint","mean_width",0.858731129903155
"S06",68,"M01","C","log_q_1","observed_loss",-0.791074684562654
"S06",68,"M01","C","mean_midpoint","observed_loss",0.53129894670927
"S06",68,"M01","C","mean_width","observed_loss",0.547138454221865
"S06",68,"M01","C","log_q_1","terminal_midpoint",-0.0867091932144486
"S06",68,"M01","C","mean_midpoint","terminal_midpoint",0.169687031770893
"S06",68,"M01","C","mean_width","terminal_midpoint",0.0834088561076812
"S06",68,"M01","C","observed_loss","terminal_midpoint",0.0411582021137814
"S06",68,"M01","C","log_q_1","terminal_width",-0.0741643323798494
"S06",68,"M01","C","mean_midpoint","terminal_width",0.119949919245005
"S06",68,"M01","C","mean_width","terminal_width",0.197163537089936
"S06",68,"M01","C","observed_loss","terminal_width",0.113297077055078
"S06",68,"M01","C","terminal_midpoint","terminal_width",0.211043020518962
"S06",68,"M01","D","log_q_1","mean_midpoint",-0.642998458842734
"S06",68,"M01","D","log_q_1","mean_width",-0.55971070126392
"S06",68,"M01","D","mean_midpoint","mean_width",0.875747286610519
"S06",68,"M01","D","log_q_1","observed_loss",-0.765505195174047
"S06",68,"M01","D","mean_midpoint","observed_loss",0.502870710228165
"S06",68,"M01","D","mean_width","observed_loss",0.546334311020394
"S06",68,"M01","D","log_q_1","terminal_midpoint",-0.0529668257864689
"S06",68,"M01","D","mean_midpoint","terminal_midpoint",0.167261542711247
"S06",68,"M01","D","mean_width","terminal_midpoint",0.101380752894545
"S06",68,"M01","D","observed_loss","terminal_midpoint",0.0222377272915679
"S06",68,"M01","D","log_q_1","terminal_width",-0.0798891669122386
"S06",68,"M01","D","mean_midpoint","terminal_width",0.0891697731989752
"S06",68,"M01","D","mean_width","terminal_width",0.151032969997189
"S06",68,"M01","D","observed_loss","terminal_width",0.108044151440643
"S06",68,"M01","D","terminal_midpoint","terminal_width",0.250687282253286
"S06",196,"M02","A","mean_midpoint","mean_width",0.633707899921178
"S06",196,"M02","A","mean_midpoint","observed_loss",-0.863494379003106
"S06",196,"M02","A","mean_width","observed_loss",-0.487848741797059
"S06",196,"M02","A","mean_midpoint","terminal_midpoint",0.451433495614229
"S06",196,"M02","A","mean_width","terminal_midpoint",0.219885372681368
"S06",196,"M02","A","observed_loss","terminal_midpoint",-0.316516304321556
"S06",196,"M02","A","mean_midpoint","terminal_width",0.202442789199352
"S06",196,"M02","A","mean_width","terminal_width",0.405561833591061
"S06",196,"M02","A","observed_loss","terminal_width",-0.0270298295887763
"S06",196,"M02","A","terminal_midpoint","terminal_width",0.487620393006627
"S06",196,"M02","B","mean_midpoint","mean_width",0.58555715525472
"S06",196,"M02","B","mean_midpoint","observed_loss",-0.863487979763872
"S06",196,"M02","B","mean_width","observed_loss",-0.422418576489015
"S06",196,"M02","B","mean_midpoint","terminal_midpoint",0.473953318205643
"S06",196,"M02","B","mean_width","terminal_midpoint",0.248014179475665
"S06",196,"M02","B","observed_loss","terminal_midpoint",-0.34631531379389
"S06",196,"M02","B","mean_midpoint","terminal_width",0.252973539099864
"S06",196,"M02","B","mean_width","terminal_width",0.517021142128551
"S06",196,"M02","B","observed_loss","terminal_width",-0.0777149206648054
"S06",196,"M02","B","terminal_midpoint","terminal_width",0.491161076830087
"S06",196,"M02","C","mean_midpoint","mean_width",0.599470335075755
"S06",196,"M02","C","mean_midpoint","observed_loss",-0.874057921824326
"S06",196,"M02","C","mean_width","observed_loss",-0.451496487283219
"S06",196,"M02","C","mean_midpoint","terminal_midpoint",0.492234725558909
"S06",196,"M02","C","mean_width","terminal_midpoint",0.232296918998575
"S06",196,"M02","C","observed_loss","terminal_midpoint",-0.35938357373327
"S06",196,"M02","C","mean_midpoint","terminal_width",0.252854355840403
"S06",196,"M02","C","mean_width","terminal_width",0.503773330230923
"S06",196,"M02","C","observed_loss","terminal_width",-0.0817625913856872
"S06",196,"M02","C","terminal_midpoint","terminal_width",0.503906440089933
"S06",196,"M02","D","mean_midpoint","mean_width",0.644215668551145
"S06",196,"M02","D","mean_midpoint","observed_loss",-0.865531774625133
"S06",196,"M02","D","mean_width","observed_loss",-0.522437604442323
"S06",196,"M02","D","mean_midpoint","terminal_midpoint",0.475201175276156
"S06",196,"M02","D","mean_width","terminal_midpoint",0.231114543092864
"S06",196,"M02","D","observed_loss","terminal_midpoint",-0.33627701493303
"S06",196,"M02","D","mean_midpoint","terminal_width",0.270470957490935
"S06",196,"M02","D","mean_width","terminal_width",0.474795727370665
"S06",196,"M02","D","observed_loss","terminal_width",-0.122574934535849
"S06",196,"M02","D","terminal_midpoint","terminal_width",0.457253086896574
"S05",41,"M02","A","mean_midpoint","mean_width",0.458241987299609
"S05",41,"M02","A","mean_midpoint","observed_loss",-0.806340340959317
"S05",41,"M02","A","mean_width","observed_loss",-0.277602381616779
"S05",41,"M02","A","mean_midpoint","terminal_midpoint",0.420639979300406
"S05",41,"M02","A","mean_width","terminal_midpoint",0.169206181101937
"S05",41,"M02","A","observed_loss","terminal_midpoint",-0.370452339404084
"S05",41,"M02","A","mean_midpoint","terminal_width",0.167427107279719
"S05",41,"M02","A","mean_width","terminal_width",0.427299375227106
"S05",41,"M02","A","observed_loss","terminal_width",0.00208015379004855
"S05",41,"M02","A","terminal_midpoint","terminal_width",0.431002446752441
"S05",41,"M02","B","mean_midpoint","mean_width",0.448917318494267
"S05",41,"M02","B","mean_midpoint","observed_loss",-0.830487636899529
"S05",41,"M02","B","mean_width","observed_loss",-0.309582631293285
"S05",41,"M02","B","mean_midpoint","terminal_midpoint",0.436901639834263
"S05",41,"M02","B","mean_width","terminal_midpoint",0.135147732537422
"S05",41,"M02","B","observed_loss","terminal_midpoint",-0.379157800495589
"S05",41,"M02","B","mean_midpoint","terminal_width",0.157319580986296
"S05",41,"M02","B","mean_width","terminal_width",0.394547547380846
"S05",41,"M02","B","observed_loss","terminal_width",-0.00300040868678688
"S05",41,"M02","B","terminal_midpoint","terminal_width",0.427910239386248
"S05",41,"M02","C","mean_midpoint","mean_width",0.446421031484514
"S05",41,"M02","C","mean_midpoint","observed_loss",-0.82465073475621
"S05",41,"M02","C","mean_width","observed_loss",-0.332706852427883
"S05",41,"M02","C","mean_midpoint","terminal_midpoint",0.429522716689045
"S05",41,"M02","C","mean_width","terminal_midpoint",0.18919714378911
"S05",41,"M02","C","observed_loss","terminal_midpoint",-0.391838900030605
"S05",41,"M02","C","mean_midpoint","terminal_width",0.217920127370097
"S05",41,"M02","C","mean_width","terminal_width",0.473400609524889
"S05",41,"M02","C","observed_loss","terminal_width",-0.0645941336140901
"S05",41,"M02","C","terminal_midpoint","terminal_width",0.443642431818112
"S05",41,"M02","D","mean_midpoint","mean_width",0.437795133572639
"S05",41,"M02","D","mean_midpoint","observed_loss",-0.811098181006665
"S05",41,"M02","D","mean_width","observed_loss",-0.297382310922643
"S05",41,"M02","D","mean_midpoint","terminal_midpoint",0.449125198580504
"S05",41,"M02","D","mean_width","terminal_midpoint",0.16766221935114
"S05",41,"M02","D","observed_loss","terminal_midpoint",-0.388048968248354
"S05",41,"M02","D","mean_midpoint","terminal_width",0.19967406355339
"S05",41,"M02","D","mean_width","terminal_width",0.421951933148166
"S05",41,"M02","D","observed_loss","terminal_width",-0.0315303871161058
"S05",41,"M02","D","terminal_midpoint","terminal_width",0.438067130841271
"S05",41,"M03","A","mean_midpoint","mean_width",0.71085955376519
"S05",41,"M03","A","mean_midpoint","observed_loss",0.28640780113285
"S05",41,"M03","A","mean_width","observed_loss",0.236495087593626
"S05",41,"M03","B","mean_midpoint","mean_width",0.704787089679212
"S05",41,"M03","B","mean_midpoint","observed_loss",0.268015944079253
"S05",41,"M03","B","mean_width","observed_loss",0.23107612638629
"S05",41,"M03","C","mean_midpoint","mean_width",0.69984700440573
"S05",41,"M03","C","mean_midpoint","observed_loss",0.372608510316084
"S05",41,"M03","C","mean_width","observed_loss",0.313205066577771
"S05",41,"M03","D","mean_midpoint","mean_width",0.731832439954019
"S05",41,"M03","D","mean_midpoint","observed_loss",0.207332591998268
"S05",41,"M03","D","mean_width","observed_loss",0.194347863144263
"S05",113,"M09","A","log_q_1","mean_midpoint",0.183379295436662
"S05",113,"M09","A","log_q_1","mean_width",0.148278167575059
"S05",113,"M09","A","mean_midpoint","mean_width",0.941201643788885
"S05",113,"M09","A","log_q_1","observed_loss",-0.522193723954545
"S05",113,"M09","A","mean_midpoint","observed_loss",-0.387873181733896
"S05",113,"M09","A","mean_width","observed_loss",-0.297576597413241
"S05",113,"M09","A","log_q_1","terminal_midpoint",-0.0670563373922307
"S05",113,"M09","A","mean_midpoint","terminal_midpoint",0.54839856257895
"S05",113,"M09","A","mean_width","terminal_midpoint",0.540198577397652
"S05",113,"M09","A","observed_loss","terminal_midpoint",-0.041340504516324
"S05",113,"M09","A","log_q_1","terminal_width",0.0153648069781304
"S05",113,"M09","A","mean_midpoint","terminal_width",0.549485655636663
"S05",113,"M09","A","mean_width","terminal_width",0.568250625897798
"S05",113,"M09","A","observed_loss","terminal_width",-0.125485888373795
"S05",113,"M09","A","terminal_midpoint","terminal_width",0.836644601359533
"S05",113,"M09","B","log_q_1","mean_midpoint",0.196573502403794
"S05",113,"M09","B","log_q_1","mean_width",0.184228772334889
"S05",113,"M09","B","mean_midpoint","mean_width",0.94278939304374
"S05",113,"M09","B","log_q_1","observed_loss",-0.521743789958855
"S05",113,"M09","B","mean_midpoint","observed_loss",-0.395363622129966
"S05",113,"M09","B","mean_width","observed_loss",-0.311308477838135
"S05",113,"M09","B","log_q_1","terminal_midpoint",-0.0609384226263352
"S05",113,"M09","B","mean_midpoint","terminal_midpoint",0.532897537688568
"S05",113,"M09","B","mean_width","terminal_midpoint",0.526582225522061
"S05",113,"M09","B","observed_loss","terminal_midpoint",-0.0357281342980423
"S05",113,"M09","B","log_q_1","terminal_width",0.0450263709883838
"S05",113,"M09","B","mean_midpoint","terminal_width",0.527181985786004
"S05",113,"M09","B","mean_width","terminal_width",0.547790722550377
"S05",113,"M09","B","observed_loss","terminal_width",-0.125304225480088
"S05",113,"M09","B","terminal_midpoint","terminal_width",0.820365395554641
"S05",113,"M09","C","log_q_1","mean_midpoint",0.158548198616916
"S05",113,"M09","C","log_q_1","mean_width",0.138463789774602
"S05",113,"M09","C","mean_midpoint","mean_width",0.943192452290373
"S05",113,"M09","C","log_q_1","observed_loss",-0.517120420111682
"S05",113,"M09","C","mean_midpoint","observed_loss",-0.385834545683807
"S05",113,"M09","C","mean_width","observed_loss",-0.29633768775841
"S05",113,"M09","C","log_q_1","terminal_midpoint",-0.090294779477568
"S05",113,"M09","C","mean_midpoint","terminal_midpoint",0.533952066171053
"S05",113,"M09","C","mean_width","terminal_midpoint",0.521673217495522
"S05",113,"M09","C","observed_loss","terminal_midpoint",-0.0276900281720768
"S05",113,"M09","C","log_q_1","terminal_width",0.0165030645480529
"S05",113,"M09","C","mean_midpoint","terminal_width",0.553034559284276
"S05",113,"M09","C","mean_width","terminal_width",0.562651937211332
"S05",113,"M09","C","observed_loss","terminal_width",-0.1259304872637
"S05",113,"M09","C","terminal_midpoint","terminal_width",0.828770485035295
"S05",113,"M09","D","log_q_1","mean_midpoint",0.183970144972836
"S05",113,"M09","D","log_q_1","mean_width",0.152145900825732
"S05",113,"M09","D","mean_midpoint","mean_width",0.943373041918234
"S05",113,"M09","D","log_q_1","observed_loss",-0.544092580555716
"S05",113,"M09","D","mean_midpoint","observed_loss",-0.384528203582335
"S05",113,"M09","D","mean_width","observed_loss",-0.297294404549041
"S05",113,"M09","D","log_q_1","terminal_midpoint",-0.0800391115409984
"S05",113,"M09","D","mean_midpoint","terminal_midpoint",0.531360645112959
"S05",113,"M09","D","mean_width","terminal_midpoint",0.527606208421051
"S05",113,"M09","D","observed_loss","terminal_midpoint",-0.00845671430460658
"S05",113,"M09","D","log_q_1","terminal_width",0.00801622049017853
"S05",113,"M09","D","mean_midpoint","terminal_width",0.529973444576205
"S05",113,"M09","D","mean_width","terminal_width",0.553649501262971
"S05",113,"M09","D","observed_loss","terminal_width",-0.0937010143565323
"S05",113,"M09","D","terminal_midpoint","terminal_width",0.827499232212651
"S05",186,"M03","A","mean_midpoint","mean_width",0.850106558481565
"S05",186,"M03","A","mean_midpoint","observed_loss",0.0780744985942729
"S05",186,"M03","A","mean_width","observed_loss",0.0572162680676041
"S05",186,"M03","B","mean_midpoint","mean_width",0.854510311055517
"S05",186,"M03","B","mean_midpoint","observed_loss",0.0128176222573825
"S05",186,"M03","B","mean_width","observed_loss",-0.0360777069773857
"S05",186,"M03","C","mean_midpoint","mean_width",0.849100967674663
"S05",186,"M03","C","mean_midpoint","observed_loss",0.117052529587656
"S05",186,"M03","C","mean_width","observed_loss",0.0767880565377573
"S05",186,"M03","D","mean_midpoint","mean_width",0.879708574321408
"S05",186,"M03","D","mean_midpoint","observed_loss",0.0606205352204391
"S05",186,"M03","D","mean_width","observed_loss",0.00523744393026474
"S06",76,"M06","A","mean_midpoint","mean_width",0.912234424684517
"S06",76,"M06","A","mean_midpoint","observed_loss",-0.102235866725167
"S06",76,"M06","A","mean_width","observed_loss",-0.0125546339726129
"S06",76,"M06","A","mean_midpoint","terminal_midpoint",0.695276426204182
"S06",76,"M06","A","mean_width","terminal_midpoint",0.591471951378349
"S06",76,"M06","A","observed_loss","terminal_midpoint",0.174179474446466
"S06",76,"M06","A","mean_midpoint","terminal_width",0.545955472420123
"S06",76,"M06","A","mean_width","terminal_width",0.638797240281835
"S06",76,"M06","A","observed_loss","terminal_width",0.311969282823631
"S06",76,"M06","A","terminal_midpoint","terminal_width",0.510101696075019
"S06",76,"M06","B","mean_midpoint","mean_width",0.92830254857713
"S06",76,"M06","B","mean_midpoint","observed_loss",0.00268157777989254
"S06",76,"M06","B","mean_width","observed_loss",0.0896486337419543
"S06",76,"M06","B","mean_midpoint","terminal_midpoint",0.703399494108002
"S06",76,"M06","B","mean_width","terminal_midpoint",0.627205184865495
"S06",76,"M06","B","observed_loss","terminal_midpoint",0.246278210722978
"S06",76,"M06","B","mean_midpoint","terminal_width",0.63224063484611
"S06",76,"M06","B","mean_width","terminal_width",0.691441411554016
"S06",76,"M06","B","observed_loss","terminal_width",0.32935436184878
"S06",76,"M06","B","terminal_midpoint","terminal_width",0.575676164879476
"S06",76,"M06","C","mean_midpoint","mean_width",0.924980402204826
"S06",76,"M06","C","mean_midpoint","observed_loss",0.0622857176132531
"S06",76,"M06","C","mean_width","observed_loss",0.150258952720543
"S06",76,"M06","C","mean_midpoint","terminal_midpoint",0.712026924381689
"S06",76,"M06","C","mean_width","terminal_midpoint",0.618461555280616
"S06",76,"M06","C","observed_loss","terminal_midpoint",0.236684504626575
"S06",76,"M06","C","mean_midpoint","terminal_width",0.630266758592775
"S06",76,"M06","C","mean_width","terminal_width",0.703457964351625
"S06",76,"M06","C","observed_loss","terminal_width",0.377114705739447
"S06",76,"M06","C","terminal_midpoint","terminal_width",0.541493749342807
"S06",76,"M06","D","mean_midpoint","mean_width",0.931631268751144
"S06",76,"M06","D","mean_midpoint","observed_loss",-0.106758152072278
"S06",76,"M06","D","mean_width","observed_loss",-0.0166066853385447
"S06",76,"M06","D","mean_midpoint","terminal_midpoint",0.734001577231298
"S06",76,"M06","D","mean_width","terminal_midpoint",0.654928454261344
"S06",76,"M06","D","observed_loss","terminal_midpoint",0.12782231559804
"S06",76,"M06","D","mean_midpoint","terminal_width",0.634824267304523
"S06",76,"M06","D","mean_width","terminal_width",0.710474406014812
"S06",76,"M06","D","observed_loss","terminal_width",0.253765161714782
"S06",76,"M06","D","terminal_midpoint","terminal_width",0.587624179209016
"S05",51,"M06","A","mean_midpoint","mean_width",0.227484247600042
"S05",51,"M06","A","mean_midpoint","observed_loss",-0.258572806452037
"S05",51,"M06","A","mean_width","observed_loss",0.237696409733822
"S05",51,"M06","A","mean_midpoint","terminal_midpoint",0.354369095904331
"S05",51,"M06","A","mean_width","terminal_midpoint",0.228720479155815
"S05",51,"M06","A","observed_loss","terminal_midpoint",0.0620962596360074
"S05",51,"M06","A","mean_midpoint","terminal_width",0.204348407927569
"S05",51,"M06","A","mean_width","terminal_width",0.388608092440889
"S05",51,"M06","A","observed_loss","terminal_width",-0.111428980452899
"S05",51,"M06","A","terminal_midpoint","terminal_width",0.393492238644918
"S05",51,"M06","B","mean_midpoint","mean_width",0.176546295594199
"S05",51,"M06","B","mean_midpoint","observed_loss",-0.251153367269972
"S05",51,"M06","B","mean_width","observed_loss",0.187051825358622
"S05",51,"M06","B","mean_midpoint","terminal_midpoint",0.346932496663506
"S05",51,"M06","B","mean_width","terminal_midpoint",0.221973377697812
"S05",51,"M06","B","observed_loss","terminal_midpoint",-0.00939746237845709
"S05",51,"M06","B","mean_midpoint","terminal_width",0.18700158316989
"S05",51,"M06","B","mean_width","terminal_width",0.369270294918686
"S05",51,"M06","B","observed_loss","terminal_width",-0.137329320152335
"S05",51,"M06","B","terminal_midpoint","terminal_width",0.411171736112179
"S05",51,"M06","C","mean_midpoint","mean_width",0.147838662346761
"S05",51,"M06","C","mean_midpoint","observed_loss",-0.309868838346476
"S05",51,"M06","C","mean_width","observed_loss",0.236661267104559
"S05",51,"M06","C","mean_midpoint","terminal_midpoint",0.322367384350529
"S05",51,"M06","C","mean_width","terminal_midpoint",0.197185980496791
"S05",51,"M06","C","observed_loss","terminal_midpoint",0.0269829278082736
"S05",51,"M06","C","mean_midpoint","terminal_width",0.211273406396902
"S05",51,"M06","C","mean_width","terminal_width",0.352622652885669
"S05",51,"M06","C","observed_loss","terminal_width",-0.116076610716185
"S05",51,"M06","C","terminal_midpoint","terminal_width",0.383764987839862
"S05",51,"M06","D","mean_midpoint","mean_width",0.156614100139822
"S05",51,"M06","D","mean_midpoint","observed_loss",-0.289049534897099
"S05",51,"M06","D","mean_width","observed_loss",0.272390787210734
"S05",51,"M06","D","mean_midpoint","terminal_midpoint",0.332361023170096
"S05",51,"M06","D","mean_width","terminal_midpoint",0.145902415010746
"S05",51,"M06","D","observed_loss","terminal_midpoint",-0.00441702274105615
"S05",51,"M06","D","mean_midpoint","terminal_width",0.200115683614094
"S05",51,"M06","D","mean_width","terminal_width",0.373003403749003
"S05",51,"M06","D","observed_loss","terminal_width",-0.0820540424238968
"S05",51,"M06","D","terminal_midpoint","terminal_width",0.423370511416347
"S05",122,"M02","A","mean_midpoint","mean_width",0.348691784112726
"S05",122,"M02","A","mean_midpoint","observed_loss",-0.7409739048189
"S05",122,"M02","A","mean_width","observed_loss",-0.0448523570143683
"S05",122,"M02","A","mean_midpoint","terminal_midpoint",0.448504111036759
"S05",122,"M02","A","mean_width","terminal_midpoint",0.163546259634204
"S05",122,"M02","A","observed_loss","terminal_midpoint",-0.211078260085843
"S05",122,"M02","A","mean_midpoint","terminal_width",0.187646150244409
"S05",122,"M02","A","mean_width","terminal_width",0.468809109022535
"S05",122,"M02","A","observed_loss","terminal_width",0.0230957520767958
"S05",122,"M02","A","terminal_midpoint","terminal_width",0.422425226420005
"S05",122,"M02","B","mean_midpoint","mean_width",0.374541479540488
"S05",122,"M02","B","mean_midpoint","observed_loss",-0.731162165920562
"S05",122,"M02","B","mean_width","observed_loss",-0.0391399520797695
"S05",122,"M02","B","mean_midpoint","terminal_midpoint",0.457922072551888
"S05",122,"M02","B","mean_width","terminal_midpoint",0.147392285645502
"S05",122,"M02","B","observed_loss","terminal_midpoint",-0.221125296033532
"S05",122,"M02","B","mean_midpoint","terminal_width",0.157513127352437
"S05",122,"M02","B","mean_width","terminal_width",0.456758285235021
"S05",122,"M02","B","observed_loss","terminal_width",0.0625790005027972
"S05",122,"M02","B","terminal_midpoint","terminal_width",0.414528953713142
"S05",122,"M02","C","mean_midpoint","mean_width",0.327767435138032
"S05",122,"M02","C","mean_midpoint","observed_loss",-0.743947085153385
"S05",122,"M02","C","mean_width","observed_loss",-0.0296188691385762
"S05",122,"M02","C","mean_midpoint","terminal_midpoint",0.468667422116879
"S05",122,"M02","C","mean_width","terminal_midpoint",0.162122137476271
"S05",122,"M02","C","observed_loss","terminal_midpoint",-0.239318707809898
"S05",122,"M02","C","mean_midpoint","terminal_width",0.116939642362509
"S05",122,"M02","C","mean_width","terminal_width",0.428023467848286
"S05",122,"M02","C","observed_loss","terminal_width",0.0679265179248569
"S05",122,"M02","C","terminal_midpoint","terminal_width",0.403783215793419
"S05",122,"M02","D","mean_midpoint","mean_width",0.367848015737539
"S05",122,"M02","D","mean_midpoint","observed_loss",-0.744380049881342
"S05",122,"M02","D","mean_width","observed_loss",-0.0538119799586802
"S05",122,"M02","D","mean_midpoint","terminal_midpoint",0.448896709866224
"S05",122,"M02","D","mean_width","terminal_midpoint",0.169961264500161
"S05",122,"M02","D","observed_loss","terminal_midpoint",-0.230771004761307
"S05",122,"M02","D","mean_midpoint","terminal_width",0.127808540979577
"S05",122,"M02","D","mean_width","terminal_width",0.414700539110338
"S05",122,"M02","D","observed_loss","terminal_width",0.0653433600170438
"S05",122,"M02","D","terminal_midpoint","terminal_width",0.418339969834635
"S05",188,"M01","A","log_q_1","mean_midpoint",0.0536412259921693
"S05",188,"M01","A","log_q_1","mean_width",0.0400126254200675
"S05",188,"M01","A","mean_midpoint","mean_width",0.72930030407918
"S05",188,"M01","A","log_q_1","observed_loss",-0.348673377663361
"S05",188,"M01","A","mean_midpoint","observed_loss",-0.138448966847697
"S05",188,"M01","A","mean_width","observed_loss",-0.0188424288634535
"S05",188,"M01","A","log_q_1","terminal_midpoint",-0.00437521107064472
"S05",188,"M01","A","mean_midpoint","terminal_midpoint",0.366444241548855
"S05",188,"M01","A","mean_width","terminal_midpoint",0.28615012282885
"S05",188,"M01","A","observed_loss","terminal_midpoint",-0.0208695743690995
"S05",188,"M01","A","log_q_1","terminal_width",-0.0689961254083034
"S05",188,"M01","A","mean_midpoint","terminal_width",0.283121878824259
"S05",188,"M01","A","mean_width","terminal_width",0.38242711822474
"S05",188,"M01","A","observed_loss","terminal_width",0.0580034045172914
"S05",188,"M01","A","terminal_midpoint","terminal_width",0.438551523192612
"S05",188,"M01","B","log_q_1","mean_midpoint",-0.000813558447710127
"S05",188,"M01","B","log_q_1","mean_width",-0.0201396769902726
"S05",188,"M01","B","mean_midpoint","mean_width",0.705948648797465
"S05",188,"M01","B","log_q_1","observed_loss",-0.32203135600791
"S05",188,"M01","B","mean_midpoint","observed_loss",-0.140848710442269
"S05",188,"M01","B","mean_width","observed_loss",-0.0313290539624087
"S05",188,"M01","B","log_q_1","terminal_midpoint",-0.0389585189778003
"S05",188,"M01","B","mean_midpoint","terminal_midpoint",0.348470983685551
"S05",188,"M01","B","mean_width","terminal_midpoint",0.257336448795767
"S05",188,"M01","B","observed_loss","terminal_midpoint",-0.0270806907332643
"S05",188,"M01","B","log_q_1","terminal_width",-0.103687983326452
"S05",188,"M01","B","mean_midpoint","terminal_width",0.252096785683214
"S05",188,"M01","B","mean_width","terminal_width",0.364035377257579
"S05",188,"M01","B","observed_loss","terminal_width",0.0621141871645442
"S05",188,"M01","B","terminal_midpoint","terminal_width",0.421219399540135
"S05",188,"M01","C","log_q_1","mean_midpoint",0.00785045991868188
"S05",188,"M01","C","log_q_1","mean_width",0.0101801538141482
"S05",188,"M01","C","mean_midpoint","mean_width",0.724107711561937
"S05",188,"M01","C","log_q_1","observed_loss",-0.321543094454366
"S05",188,"M01","C","mean_midpoint","observed_loss",-0.155308362993593
"S05",188,"M01","C","mean_width","observed_loss",-0.0515344609529869
"S05",188,"M01","C","log_q_1","terminal_midpoint",-0.0338216223873685
"S05",188,"M01","C","mean_midpoint","terminal_midpoint",0.367195607464307
"S05",188,"M01","C","mean_width","terminal_midpoint",0.286333157118933
"S05",188,"M01","C","observed_loss","terminal_midpoint",-0.041463534169595
"S05",188,"M01","C","log_q_1","terminal_width",-0.0472262169692499
"S05",188,"M01","C","mean_midpoint","terminal_width",0.257030138254624
"S05",188,"M01","C","mean_width","terminal_width",0.359168851220345
"S05",188,"M01","C","observed_loss","terminal_width",0.070839371047526
"S05",188,"M01","C","terminal_midpoint","terminal_width",0.436404710383005
"S05",188,"M01","D","log_q_1","mean_midpoint",0.0094582055135623
"S05",188,"M01","D","log_q_1","mean_width",-0.0268976330276486
"S05",188,"M01","D","mean_midpoint","mean_width",0.705512688345226
"S05",188,"M01","D","log_q_1","observed_loss",-0.310543927419472
"S05",188,"M01","D","mean_midpoint","observed_loss",-0.159251543718411
"S05",188,"M01","D","mean_width","observed_loss",-0.024965555728488
"S05",188,"M01","D","log_q_1","terminal_midpoint",-0.00930388232711149
"S05",188,"M01","D","mean_midpoint","terminal_midpoint",0.368694878702192
"S05",188,"M01","D","mean_width","terminal_midpoint",0.271634363954175
"S05",188,"M01","D","observed_loss","terminal_midpoint",-0.0724711687796585
"S05",188,"M01","D","log_q_1","terminal_width",-0.062584727794807
"S05",188,"M01","D","mean_midpoint","terminal_width",0.264395532401726
"S05",188,"M01","D","mean_width","terminal_width",0.362540592001651
"S05",188,"M01","D","observed_loss","terminal_width",0.0505455118592565
"S05",188,"M01","D","terminal_midpoint","terminal_width",0.443442344217244
"S06",99,"M01","A","log_q_1","mean_midpoint",-0.0293649718255909
"S06",99,"M01","A","log_q_1","mean_width",-0.0533466461284128
"S06",99,"M01","A","mean_midpoint","mean_width",0.800812277372192
"S06",99,"M01","A","log_q_1","observed_loss",-0.375762955025258
"S06",99,"M01","A","mean_midpoint","observed_loss",-0.0596640389120842
"S06",99,"M01","A","mean_width","observed_loss",0.181500662476873
"S06",99,"M01","A","log_q_1","terminal_midpoint",-0.148672781081438
"S06",99,"M01","A","mean_midpoint","terminal_midpoint",0.131116094875319
"S06",99,"M01","A","mean_width","terminal_midpoint",0.11104657777772
"S06",99,"M01","A","observed_loss","terminal_midpoint",0.150480331068201
"S06",99,"M01","A","log_q_1","terminal_width",0.0517539306784625
"S06",99,"M01","A","mean_midpoint","terminal_width",0.107900201184517
"S06",99,"M01","A","mean_width","terminal_width",0.148870131811124
"S06",99,"M01","A","observed_loss","terminal_width",-0.00829243395197131
"S06",99,"M01","A","terminal_midpoint","terminal_width",0.550903845221322
"S06",99,"M01","B","log_q_1","mean_midpoint",-0.0321935245707439
"S06",99,"M01","B","log_q_1","mean_width",-0.0716865049241006
"S06",99,"M01","B","mean_midpoint","mean_width",0.811882603611071
"S06",99,"M01","B","log_q_1","observed_loss",-0.408640125941427
"S06",99,"M01","B","mean_midpoint","observed_loss",-0.0770676725331707
"S06",99,"M01","B","mean_width","observed_loss",0.125264564885849
"S06",99,"M01","B","log_q_1","terminal_midpoint",-0.0902445321851564
"S06",99,"M01","B","mean_midpoint","terminal_midpoint",0.162854847142727
"S06",99,"M01","B","mean_width","terminal_midpoint",0.14131740350555
"S06",99,"M01","B","observed_loss","terminal_midpoint",0.127789056036172
"S06",99,"M01","B","log_q_1","terminal_width",0.121778817456142
"S06",99,"M01","B","mean_midpoint","terminal_width",0.109020386136725
"S06",99,"M01","B","mean_width","terminal_width",0.157783538353595
"S06",99,"M01","B","observed_loss","terminal_width",-0.0672892251656096
"S06",99,"M01","B","terminal_midpoint","terminal_width",0.525327688040029
"S06",99,"M01","C","log_q_1","mean_midpoint",0.0420000902671491
"S06",99,"M01","C","log_q_1","mean_width",0.0370573203406376
"S06",99,"M01","C","mean_midpoint","mean_width",0.788114079355984
"S06",99,"M01","C","log_q_1","observed_loss",-0.413288809878938
"S06",99,"M01","C","mean_midpoint","observed_loss",-0.114274725956864
"S06",99,"M01","C","mean_width","observed_loss",0.0910166346662635
"S06",99,"M01","C","log_q_1","terminal_midpoint",-0.119456231719398
"S06",99,"M01","C","mean_midpoint","terminal_midpoint",0.129320729122997
"S06",99,"M01","C","mean_width","terminal_midpoint",0.107695924845226
"S06",99,"M01","C","observed_loss","terminal_midpoint",0.125603469095486
"S06",99,"M01","C","log_q_1","terminal_width",0.13501140861916
"S06",99,"M01","C","mean_midpoint","terminal_width",0.110262179666617
"S06",99,"M01","C","mean_width","terminal_width",0.147598520887666
"S06",99,"M01","C","observed_loss","terminal_width",-0.0956942235252952
"S06",99,"M01","C","terminal_midpoint","terminal_width",0.515145262102085
"S06",99,"M01","D","log_q_1","mean_midpoint",0.00738165162019482
"S06",99,"M01","D","log_q_1","mean_width",-0.0318463034158799
"S06",99,"M01","D","mean_midpoint","mean_width",0.80370187200817
"S06",99,"M01","D","log_q_1","observed_loss",-0.43449884410753
"S06",99,"M01","D","mean_midpoint","observed_loss",-0.0833247913621259
"S06",99,"M01","D","mean_width","observed_loss",0.145493099984961
"S06",99,"M01","D","log_q_1","terminal_midpoint",-0.129213857702811
"S06",99,"M01","D","mean_midpoint","terminal_midpoint",0.136882215571755
"S06",99,"M01","D","mean_width","terminal_midpoint",0.109219714019329
"S06",99,"M01","D","observed_loss","terminal_midpoint",0.12687734680827
"S06",99,"M01","D","log_q_1","terminal_width",0.087843844514707
"S06",99,"M01","D","mean_midpoint","terminal_width",0.114511892883326
"S06",99,"M01","D","mean_width","terminal_width",0.169744692288161
"S06",99,"M01","D","observed_loss","terminal_width",-0.0566730441894027
"S06",99,"M01","D","terminal_midpoint","terminal_width",0.517159012178416
"S05",58,"M08","A","mean_midpoint","mean_width",0.86640849036697
"S05",58,"M08","A","mean_midpoint","observed_loss",-0.438865628642184
"S05",58,"M08","A","mean_width","observed_loss",-0.352814594529765
"S05",58,"M08","A","mean_midpoint","terminal_midpoint",0.167132020309381
"S05",58,"M08","A","mean_width","terminal_midpoint",0.0774008869124591
"S05",58,"M08","A","observed_loss","terminal_midpoint",0.021384672150032
"S05",58,"M08","A","mean_midpoint","terminal_width",0.112008327719906
"S05",58,"M08","A","mean_width","terminal_width",0.193331692387933
"S05",58,"M08","A","observed_loss","terminal_width",0.0228456282067315
"S05",58,"M08","A","terminal_midpoint","terminal_width",0.354612348436454
"S05",58,"M08","B","mean_midpoint","mean_width",0.881668746887704
"S05",58,"M08","B","mean_midpoint","observed_loss",-0.434130826132103
"S05",58,"M08","B","mean_width","observed_loss",-0.371981993727308
"S05",58,"M08","B","mean_midpoint","terminal_midpoint",0.159366058861488
"S05",58,"M08","B","mean_width","terminal_midpoint",0.083657803103026
"S05",58,"M08","B","observed_loss","terminal_midpoint",0.0237412993041997
"S05",58,"M08","B","mean_midpoint","terminal_width",0.125308721587088
"S05",58,"M08","B","mean_width","terminal_width",0.195154193104162
"S05",58,"M08","B","observed_loss","terminal_width",-0.000759369508414522
"S05",58,"M08","B","terminal_midpoint","terminal_width",0.386456066719542
"S05",58,"M08","C","mean_midpoint","mean_width",0.879964164857053
"S05",58,"M08","C","mean_midpoint","observed_loss",-0.427598865429297
"S05",58,"M08","C","mean_width","observed_loss",-0.363900193616973
"S05",58,"M08","C","mean_midpoint","terminal_midpoint",0.154550571752088
"S05",58,"M08","C","mean_width","terminal_midpoint",0.101838202000682
"S05",58,"M08","C","observed_loss","terminal_midpoint",0.0503804603441153
"S05",58,"M08","C","mean_midpoint","terminal_width",0.126170308785156
"S05",58,"M08","C","mean_width","terminal_width",0.198289313146379
"S05",58,"M08","C","observed_loss","terminal_width",0.0104772976543944
"S05",58,"M08","C","terminal_midpoint","terminal_width",0.400639934701334
"S05",58,"M08","D","mean_midpoint","mean_width",0.878875908794342
"S05",58,"M08","D","mean_midpoint","observed_loss",-0.426934144480478
"S05",58,"M08","D","mean_width","observed_loss",-0.354839832471428
"S05",58,"M08","D","mean_midpoint","terminal_midpoint",0.116166794583146
"S05",58,"M08","D","mean_width","terminal_midpoint",0.0525450055574997
"S05",58,"M08","D","observed_loss","terminal_midpoint",0.0514014159003915
"S05",58,"M08","D","mean_midpoint","terminal_width",0.0749724336137099
"S05",58,"M08","D","mean_width","terminal_width",0.158454516488969
"S05",58,"M08","D","observed_loss","terminal_width",0.00770863386467409
"S05",58,"M08","D","terminal_midpoint","terminal_width",0.377161428464857
"S05",129,"M10","A","log_q_1","mean_midpoint",-0.427335446862322
"S05",129,"M10","A","log_q_1","mean_width",-0.45270133482364
"S05",129,"M10","A","mean_midpoint","mean_width",0.70651008571034
"S05",129,"M10","A","log_q_1","observed_loss",-0.530814645710078
"S05",129,"M10","A","mean_midpoint","observed_loss",0.19603816675854
"S05",129,"M10","A","mean_width","observed_loss",0.344303843037241
"S05",129,"M10","A","log_q_1","terminal_midpoint",0.0171792450843085
"S05",129,"M10","A","mean_midpoint","terminal_midpoint",0.138705305690484
"S05",129,"M10","A","mean_width","terminal_midpoint",0.0942132872777934
"S05",129,"M10","A","observed_loss","terminal_midpoint",-0.0571907594056144
"S05",129,"M10","A","log_q_1","terminal_width",0.0455012489444464
"S05",129,"M10","A","mean_midpoint","terminal_width",0.0629670789939606
"S05",129,"M10","A","mean_width","terminal_width",0.131626273168818
"S05",129,"M10","A","observed_loss","terminal_width",-0.0692423377186275
"S05",129,"M10","A","terminal_midpoint","terminal_width",0.430848344249011
"S05",129,"M10","B","log_q_1","mean_midpoint",-0.388318903377693
"S05",129,"M10","B","log_q_1","mean_width",-0.424628780111651
"S05",129,"M10","B","mean_midpoint","mean_width",0.715201387235575
"S05",129,"M10","B","log_q_1","observed_loss",-0.535750320350336
"S05",129,"M10","B","mean_midpoint","observed_loss",0.181116838015495
"S05",129,"M10","B","mean_width","observed_loss",0.324773168448326
"S05",129,"M10","B","log_q_1","terminal_midpoint",0.0174511726151535
"S05",129,"M10","B","mean_midpoint","terminal_midpoint",0.130808178794194
"S05",129,"M10","B","mean_width","terminal_midpoint",0.0903711112176337
"S05",129,"M10","B","observed_loss","terminal_midpoint",-0.0607716347766853
"S05",129,"M10","B","log_q_1","terminal_width",0.0455879736217936
"S05",129,"M10","B","mean_midpoint","terminal_width",0.0779752282918773
"S05",129,"M10","B","mean_width","terminal_width",0.157434947771115
"S05",129,"M10","B","observed_loss","terminal_width",-0.0594454307261952
"S05",129,"M10","B","terminal_midpoint","terminal_width",0.432637322322421
"S05",129,"M10","C","log_q_1","mean_midpoint",-0.41365579906417
"S05",129,"M10","C","log_q_1","mean_width",-0.462590619349387
"S05",129,"M10","C","mean_midpoint","mean_width",0.719503566937952
"S05",129,"M10","C","log_q_1","observed_loss",-0.536849243128058
"S05",129,"M10","C","mean_midpoint","observed_loss",0.198998846052829
"S05",129,"M10","C","mean_width","observed_loss",0.340153046191869
"S05",129,"M10","C","log_q_1","terminal_midpoint",0.0114819035587763
"S05",129,"M10","C","mean_midpoint","terminal_midpoint",0.138954117877773
"S05",129,"M10","C","mean_width","terminal_midpoint",0.0925800913372627
"S05",129,"M10","C","observed_loss","terminal_midpoint",-0.0993998596452747
"S05",129,"M10","C","log_q_1","terminal_width",0.0547094668278364
"S05",129,"M10","C","mean_midpoint","terminal_width",0.048107147625408
"S05",129,"M10","C","mean_width","terminal_width",0.120952720236451
"S05",129,"M10","C","observed_loss","terminal_width",-0.0607369484871638
"S05",129,"M10","C","terminal_midpoint","terminal_width",0.420045960691674
"S05",129,"M10","D","log_q_1","mean_midpoint",-0.416634318808324
"S05",129,"M10","D","log_q_1","mean_width",-0.469396046594614
"S05",129,"M10","D","mean_midpoint","mean_width",0.711589660233156
"S05",129,"M10","D","log_q_1","observed_loss",-0.507865950660454
"S05",129,"M10","D","mean_midpoint","observed_loss",0.194482422967355
"S05",129,"M10","D","mean_width","observed_loss",0.330391981854839
"S05",129,"M10","D","log_q_1","terminal_midpoint",-0.00117662892902701
"S05",129,"M10","D","mean_midpoint","terminal_midpoint",0.140410927700754
"S05",129,"M10","D","mean_width","terminal_midpoint",0.107989658537868
"S05",129,"M10","D","observed_loss","terminal_midpoint",-0.0558371823921337
"S05",129,"M10","D","log_q_1","terminal_width",0.00592978316291958
"S05",129,"M10","D","mean_midpoint","terminal_width",0.0766757679366153
"S05",129,"M10","D","mean_width","terminal_width",0.159324405425101
"S05",129,"M10","D","observed_loss","terminal_width",-0.0458902386215359
"S05",129,"M10","D","terminal_midpoint","terminal_width",0.429128722535772
"S05",190,"M06","A","mean_midpoint","mean_width",0.739780378952821
"S05",190,"M06","A","mean_midpoint","observed_loss",-0.120747684865033
"S05",190,"M06","A","mean_width","observed_loss",0.149800854859739
"S05",190,"M06","A","mean_midpoint","terminal_midpoint",0.335235480913973
"S05",190,"M06","A","mean_width","terminal_midpoint",0.275227178186794
"S05",190,"M06","A","observed_loss","terminal_midpoint",0.101990013935862
"S05",190,"M06","A","mean_midpoint","terminal_width",0.272851409073868
"S05",190,"M06","A","mean_width","terminal_width",0.352987831218934
"S05",190,"M06","A","observed_loss","terminal_width",0.0510460269849379
"S05",190,"M06","A","terminal_midpoint","terminal_width",0.465486138242875
"S05",190,"M06","B","mean_midpoint","mean_width",0.73356581946617
"S05",190,"M06","B","mean_midpoint","observed_loss",-0.073454378050457
"S05",190,"M06","B","mean_width","observed_loss",0.1723789566176
"S05",190,"M06","B","mean_midpoint","terminal_midpoint",0.354078268049727
"S05",190,"M06","B","mean_width","terminal_midpoint",0.244304804582737
"S05",190,"M06","B","observed_loss","terminal_midpoint",0.0452765761642623
"S05",190,"M06","B","mean_midpoint","terminal_width",0.258404302483623
"S05",190,"M06","B","mean_width","terminal_width",0.34376412455656
"S05",190,"M06","B","observed_loss","terminal_width",0.0891835323640759
"S05",190,"M06","B","terminal_midpoint","terminal_width",0.441322945449388
"S05",190,"M06","C","mean_midpoint","mean_width",0.740650383947971
"S05",190,"M06","C","mean_midpoint","observed_loss",-0.106311934677533
"S05",190,"M06","C","mean_width","observed_loss",0.141362097686389
"S05",190,"M06","C","mean_midpoint","terminal_midpoint",0.340891672676981
"S05",190,"M06","C","mean_width","terminal_midpoint",0.244299004050094
"S05",190,"M06","C","observed_loss","terminal_midpoint",0.0804697140234521
"S05",190,"M06","C","mean_midpoint","terminal_width",0.246884512030165
"S05",190,"M06","C","mean_width","terminal_width",0.352946045684908
"S05",190,"M06","C","observed_loss","terminal_width",0.0964483196582537
"S05",190,"M06","C","terminal_midpoint","terminal_width",0.420445354812308
"S05",190,"M06","D","mean_midpoint","mean_width",0.698094954595594
"S05",190,"M06","D","mean_midpoint","observed_loss",-0.136154495509373
"S05",190,"M06","D","mean_width","observed_loss",0.134721639617604
"S05",190,"M06","D","mean_midpoint","terminal_midpoint",0.329878375767156
"S05",190,"M06","D","mean_width","terminal_midpoint",0.25299797556916
"S05",190,"M06","D","observed_loss","terminal_midpoint",0.0126138017200682
"S05",190,"M06","D","mean_midpoint","terminal_width",0.181304423454693
"S05",190,"M06","D","mean_width","terminal_width",0.321982379783659
"S05",190,"M06","D","observed_loss","terminal_width",0.010533966211379
"S05",190,"M06","D","terminal_midpoint","terminal_width",0.39852501073745
"S06",104,"M06","A","mean_midpoint","mean_width",0.851470118093079
"S06",104,"M06","A","mean_midpoint","observed_loss",-0.141698950484239
"S06",104,"M06","A","mean_width","observed_loss",0.0361845370337535
"S06",104,"M06","A","mean_midpoint","terminal_midpoint",0.462131942647406
"S06",104,"M06","A","mean_width","terminal_midpoint",0.411787038877005
"S06",104,"M06","A","observed_loss","terminal_midpoint",-0.424028775671408
"S06",104,"M06","A","mean_midpoint","terminal_width",0.350598631236139
"S06",104,"M06","A","mean_width","terminal_width",0.453377642403462
"S06",104,"M06","A","observed_loss","terminal_width",-0.152583048818796
"S06",104,"M06","A","terminal_midpoint","terminal_width",0.464808733314222
"S06",104,"M06","B","mean_midpoint","mean_width",0.836344760973512
"S06",104,"M06","B","mean_midpoint","observed_loss",-0.074309297088904
"S06",104,"M06","B","mean_width","observed_loss",0.144098371865523
"S06",104,"M06","B","mean_midpoint","terminal_midpoint",0.41806516271374
"S06",104,"M06","B","mean_width","terminal_midpoint",0.304261714977991
"S06",104,"M06","B","observed_loss","terminal_midpoint",-0.369576982027849
"S06",104,"M06","B","mean_midpoint","terminal_width",0.352273694902419
"S06",104,"M06","B","mean_width","terminal_width",0.456936298574674
"S06",104,"M06","B","observed_loss","terminal_width",-0.0557633481824856
"S06",104,"M06","B","terminal_midpoint","terminal_width",0.398870087111101
"S06",104,"M06","C","mean_midpoint","mean_width",0.850762950677361
"S06",104,"M06","C","mean_midpoint","observed_loss",-0.0438309589412988
"S06",104,"M06","C","mean_width","observed_loss",0.157349412291402
"S06",104,"M06","C","mean_midpoint","terminal_midpoint",0.392846226250804
"S06",104,"M06","C","mean_width","terminal_midpoint",0.299592575338842
"S06",104,"M06","C","observed_loss","terminal_midpoint",-0.345809268780821
"S06",104,"M06","C","mean_midpoint","terminal_width",0.321746583409633
"S06",104,"M06","C","mean_width","terminal_width",0.412893947343455
"S06",104,"M06","C","observed_loss","terminal_width",-0.0989338860145526
"S06",104,"M06","C","terminal_midpoint","terminal_width",0.402117131560891
"S06",104,"M06","D","mean_midpoint","mean_width",0.831101755202893
"S06",104,"M06","D","mean_midpoint","observed_loss",-0.0167697692236374
"S06",104,"M06","D","mean_width","observed_loss",0.178935608658652
"S06",104,"M06","D","mean_midpoint","terminal_midpoint",0.436241254583368
"S06",104,"M06","D","mean_width","terminal_midpoint",0.321156293149041
"S06",104,"M06","D","observed_loss","terminal_midpoint",-0.369503880045102
"S06",104,"M06","D","mean_midpoint","terminal_width",0.277893779553745
"S06",104,"M06","D","mean_width","terminal_width",0.38706828387728
"S06",104,"M06","D","observed_loss","terminal_width",-0.0930697818616867
"S06",104,"M06","D","terminal_midpoint","terminal_width",0.377728508865539
"S05",74,"M11","A","log_q_1","log_lambda",0.405013134671274
"S05",74,"M11","A","log_q_1","mean_midpoint",-0.632743336095037
"S05",74,"M11","A","log_lambda","mean_midpoint",-0.370030607209535
"S05",74,"M11","A","log_q_1","mean_width",-0.683040101775927
"S05",74,"M11","A","log_lambda","mean_width",-0.517796107804539
"S05",74,"M11","A","mean_midpoint","mean_width",0.780935543579603
"S05",74,"M11","A","log_q_1","observed_loss",-0.528084608393367
"S05",74,"M11","A","log_lambda","observed_loss",-0.742619329002547
"S05",74,"M11","A","mean_midpoint","observed_loss",0.484613552953854
"S05",74,"M11","A","mean_width","observed_loss",0.695085066535977
"S05",74,"M11","A","log_q_1","terminal_midpoint",-0.0809014309242226
"S05",74,"M11","A","log_lambda","terminal_midpoint",-0.0623042530811308
"S05",74,"M11","A","mean_midpoint","terminal_midpoint",0.170584545262802
"S05",74,"M11","A","mean_width","terminal_midpoint",0.100191079294066
"S05",74,"M11","A","observed_loss","terminal_midpoint",0.0911805267414608
"S05",74,"M11","A","log_q_1","terminal_width",-0.0555147162038952
"S05",74,"M11","A","log_lambda","terminal_width",-0.0638687968238249
"S05",74,"M11","A","mean_midpoint","terminal_width",0.0880772408069394
"S05",74,"M11","A","mean_width","terminal_width",0.14493504130559
"S05",74,"M11","A","observed_loss","terminal_width",0.0982517835012909
"S05",74,"M11","A","terminal_midpoint","terminal_width",0.287350121792984
"S05",74,"M11","B","log_q_1","log_lambda",0.360788693284571
"S05",74,"M11","B","log_q_1","mean_midpoint",-0.668829220423184
"S05",74,"M11","B","log_lambda","mean_midpoint",-0.336360233829094
"S05",74,"M11","B","log_q_1","mean_width",-0.726815312341437
"S05",74,"M11","B","log_lambda","mean_width",-0.483472004710964
"S05",74,"M11","B","mean_midpoint","mean_width",0.794911994975833
"S05",74,"M11","B","log_q_1","observed_loss",-0.507817009878795
"S05",74,"M11","B","log_lambda","observed_loss",-0.742862671352549
"S05",74,"M11","B","mean_midpoint","observed_loss",0.471387003759517
"S05",74,"M11","B","mean_width","observed_loss",0.666003580987627
"S05",74,"M11","B","log_q_1","terminal_midpoint",-0.0846740747366368
"S05",74,"M11","B","log_lambda","terminal_midpoint",-0.0617122942325057
"S05",74,"M11","B","mean_midpoint","terminal_midpoint",0.152890019110961
"S05",74,"M11","B","mean_width","terminal_midpoint",0.0967200913604463
"S05",74,"M11","B","observed_loss","terminal_midpoint",0.0776189899965691
"S05",74,"M11","B","log_q_1","terminal_width",-0.0190217253753966
"S05",74,"M11","B","log_lambda","terminal_width",-0.0479290769996929
"S05",74,"M11","B","mean_midpoint","terminal_width",0.0518265868959642
"S05",74,"M11","B","mean_width","terminal_width",0.103471753360142
"S05",74,"M11","B","observed_loss","terminal_width",0.0664322581830903
"S05",74,"M11","B","terminal_midpoint","terminal_width",0.25932651347301
"S05",74,"M11","C","log_q_1","log_lambda",0.412770626504982
"S05",74,"M11","C","log_q_1","mean_midpoint",-0.648477696195684
"S05",74,"M11","C","log_lambda","mean_midpoint",-0.365903981582741
"S05",74,"M11","C","log_q_1","mean_width",-0.691689144613414
"S05",74,"M11","C","log_lambda","mean_width",-0.542442824583063
"S05",74,"M11","C","mean_midpoint","mean_width",0.789375425765417
"S05",74,"M11","C","log_q_1","observed_loss",-0.54773447591719
"S05",74,"M11","C","log_lambda","observed_loss",-0.758296540355133
"S05",74,"M11","C","mean_midpoint","observed_loss",0.493586617371401
"S05",74,"M11","C","mean_width","observed_loss",0.715205518673384
"S05",74,"M11","C","log_q_1","terminal_midpoint",-0.0932487589544571
"S05",74,"M11","C","log_lambda","terminal_midpoint",-0.0661604473633977
"S05",74,"M11","C","mean_midpoint","terminal_midpoint",0.182015684450274
"S05",74,"M11","C","mean_width","terminal_midpoint",0.118640486567511
"S05",74,"M11","C","observed_loss","terminal_midpoint",0.0883950555575937
"S05",74,"M11","C","log_q_1","terminal_width",-0.0263318105096538
"S05",74,"M11","C","log_lambda","terminal_width",-0.0625745060765589
"S05",74,"M11","C","mean_midpoint","terminal_width",0.0532614512628426
"S05",74,"M11","C","mean_width","terminal_width",0.115054236183317
"S05",74,"M11","C","observed_loss","terminal_width",0.0877106523457541
"S05",74,"M11","C","terminal_midpoint","terminal_width",0.27695488788811
"S05",74,"M11","D","log_q_1","log_lambda",0.431430359965077
"S05",74,"M11","D","log_q_1","mean_midpoint",-0.661342834015614
"S05",74,"M11","D","log_lambda","mean_midpoint",-0.399733172685348
"S05",74,"M11","D","log_q_1","mean_width",-0.704509254893578
"S05",74,"M11","D","log_lambda","mean_width",-0.555046176096088
"S05",74,"M11","D","mean_midpoint","mean_width",0.801174080486104
"S05",74,"M11","D","log_q_1","observed_loss",-0.555455627553788
"S05",74,"M11","D","log_lambda","observed_loss",-0.765252552506559
"S05",74,"M11","D","mean_midpoint","observed_loss",0.512289103581366
"S05",74,"M11","D","mean_width","observed_loss",0.713544134394336
"S05",74,"M11","D","log_q_1","terminal_midpoint",-0.108693950622319
"S05",74,"M11","D","log_lambda","terminal_midpoint",-0.0810887330484147
"S05",74,"M11","D","mean_midpoint","terminal_midpoint",0.173054050542729
"S05",74,"M11","D","mean_width","terminal_midpoint",0.127046844933487
"S05",74,"M11","D","observed_loss","terminal_midpoint",0.111741036059903
"S05",74,"M11","D","log_q_1","terminal_width",-0.0441315787131253
"S05",74,"M11","D","log_lambda","terminal_width",-0.074125271593326
"S05",74,"M11","D","mean_midpoint","terminal_width",0.0776735875490858
"S05",74,"M11","D","mean_width","terminal_width",0.139929338728946
"S05",74,"M11","D","observed_loss","terminal_width",0.108931883924435
"S05",74,"M11","D","terminal_midpoint","terminal_width",0.295329047723311
"S06",132,"M01","A","log_q_1","mean_midpoint",-0.136672831671327
"S06",132,"M01","A","log_q_1","mean_width",-0.0740002825107064
"S06",132,"M01","A","mean_midpoint","mean_width",0.896322470936308
"S06",132,"M01","A","log_q_1","observed_loss",-0.358015024141198
"S06",132,"M01","A","mean_midpoint","observed_loss",-0.15846480225734
"S06",132,"M01","A","mean_width","observed_loss",-0.0464149965413689
"S06",132,"M01","A","log_q_1","terminal_midpoint",0.154177247602661
"S06",132,"M01","A","mean_midpoint","terminal_midpoint",0.526531718394861
"S06",132,"M01","A","mean_width","terminal_midpoint",0.522227244427488
"S06",132,"M01","A","observed_loss","terminal_midpoint",-0.337901677412564
"S06",132,"M01","A","log_q_1","terminal_width",0.143392909581882
"S06",132,"M01","A","mean_midpoint","terminal_width",0.499635894432732
"S06",132,"M01","A","mean_width","terminal_width",0.530569017988181
"S06",132,"M01","A","observed_loss","terminal_width",-0.264115601226985
"S06",132,"M01","A","terminal_midpoint","terminal_width",0.78649340203753
"S06",132,"M01","B","log_q_1","mean_midpoint",-0.0973525179969604
"S06",132,"M01","B","log_q_1","mean_width",-0.013681992435656
"S06",132,"M01","B","mean_midpoint","mean_width",0.889637194196976
"S06",132,"M01","B","log_q_1","observed_loss",-0.358356389757491
"S06",132,"M01","B","mean_midpoint","observed_loss",-0.173291773156724
"S06",132,"M01","B","mean_width","observed_loss",-0.0702340329512087
"S06",132,"M01","B","log_q_1","terminal_midpoint",0.182184489523792
"S06",132,"M01","B","mean_midpoint","terminal_midpoint",0.502272640876205
"S06",132,"M01","B","mean_width","terminal_midpoint",0.492292742177316
"S06",132,"M01","B","observed_loss","terminal_midpoint",-0.345414969655223
"S06",132,"M01","B","log_q_1","terminal_width",0.214154469802691
"S06",132,"M01","B","mean_midpoint","terminal_width",0.481996807916248
"S06",132,"M01","B","mean_width","terminal_width",0.527364808079003
"S06",132,"M01","B","observed_loss","terminal_width",-0.28642146159589
"S06",132,"M01","B","terminal_midpoint","terminal_width",0.787470951627036
"S06",132,"M01","C","log_q_1","mean_midpoint",-0.107716427438951
"S06",132,"M01","C","log_q_1","mean_width",-0.0541173921883997
"S06",132,"M01","C","mean_midpoint","mean_width",0.888401954748268
"S06",132,"M01","C","log_q_1","observed_loss",-0.342202206810504
"S06",132,"M01","C","mean_midpoint","observed_loss",-0.210161431029078
"S06",132,"M01","C","mean_width","observed_loss",-0.0922569140364048
"S06",132,"M01","C","log_q_1","terminal_midpoint",0.18678294405824
"S06",132,"M01","C","mean_midpoint","terminal_midpoint",0.521993109798465
"S06",132,"M01","C","mean_width","terminal_midpoint",0.515987014498529
"S06",132,"M01","C","observed_loss","terminal_midpoint",-0.364733326211039
"S06",132,"M01","C","log_q_1","terminal_width",0.177389345482685
"S06",132,"M01","C","mean_midpoint","terminal_width",0.497626651303902
"S06",132,"M01","C","mean_width","terminal_width",0.532739985631479
"S06",132,"M01","C","observed_loss","terminal_width",-0.29279041660463
"S06",132,"M01","C","terminal_midpoint","terminal_width",0.784481426284835
"S06",132,"M01","D","log_q_1","mean_midpoint",-0.0746915911359556
"S06",132,"M01","D","log_q_1","mean_width",-0.0242911983791144
"S06",132,"M01","D","mean_midpoint","mean_width",0.885954660165417
"S06",132,"M01","D","log_q_1","observed_loss",-0.404258739552481
"S06",132,"M01","D","mean_midpoint","observed_loss",-0.189972955765527
"S06",132,"M01","D","mean_width","observed_loss",-0.0777515859801066
"S06",132,"M01","D","log_q_1","terminal_midpoint",0.217082071976067
"S06",132,"M01","D","mean_midpoint","terminal_midpoint",0.520212293779306
"S06",132,"M01","D","mean_width","terminal_midpoint",0.511514806959879
"S06",132,"M01","D","observed_loss","terminal_midpoint",-0.3542156521906
"S06",132,"M01","D","log_q_1","terminal_width",0.228861299871964
"S06",132,"M01","D","mean_midpoint","terminal_width",0.476312502065948
"S06",132,"M01","D","mean_width","terminal_width",0.513033442802359
"S06",132,"M01","D","observed_loss","terminal_width",-0.2823797256144
"S06",132,"M01","D","terminal_midpoint","terminal_width",0.792768500808347
"S05",77,"M01","A","log_q_1","mean_midpoint",-0.630076401320554
"S05",77,"M01","A","log_q_1","mean_width",-0.573274519800943
"S05",77,"M01","A","mean_midpoint","mean_width",0.777458322710764
"S05",77,"M01","A","log_q_1","observed_loss",-0.365036145819373
"S05",77,"M01","A","mean_midpoint","observed_loss",0.339082583208504
"S05",77,"M01","A","mean_width","observed_loss",0.448490197932204
"S05",77,"M01","A","log_q_1","terminal_midpoint",-0.095258909603164
"S05",77,"M01","A","mean_midpoint","terminal_midpoint",0.151723038013917
"S05",77,"M01","A","mean_width","terminal_midpoint",0.0949255218384132
"S05",77,"M01","A","observed_loss","terminal_midpoint",0.0652877965068631
"S05",77,"M01","A","log_q_1","terminal_width",-0.0547319266807337
"S05",77,"M01","A","mean_midpoint","terminal_width",0.0676447460037154
"S05",77,"M01","A","mean_width","terminal_width",0.134209118830412
"S05",77,"M01","A","observed_loss","terminal_width",0.0964467654527453
"S05",77,"M01","A","terminal_midpoint","terminal_width",0.220804522675413
"S05",77,"M01","B","log_q_1","mean_midpoint",-0.623588518041919
"S05",77,"M01","B","log_q_1","mean_width",-0.568096114742643
"S05",77,"M01","B","mean_midpoint","mean_width",0.756668796323318
"S05",77,"M01","B","log_q_1","observed_loss",-0.339781763049102
"S05",77,"M01","B","mean_midpoint","observed_loss",0.301747874672431
"S05",77,"M01","B","mean_width","observed_loss",0.425812680330886
"S05",77,"M01","B","log_q_1","terminal_midpoint",-0.090040403170503
"S05",77,"M01","B","mean_midpoint","terminal_midpoint",0.171765422932229
"S05",77,"M01","B","mean_width","terminal_midpoint",0.108781025076943
"S05",77,"M01","B","observed_loss","terminal_midpoint",0.086929652747158
"S05",77,"M01","B","log_q_1","terminal_width",-0.0226770162834171
"S05",77,"M01","B","mean_midpoint","terminal_width",0.0572840263286177
"S05",77,"M01","B","mean_width","terminal_width",0.12612125252583
"S05",77,"M01","B","observed_loss","terminal_width",0.0708225155456476
"S05",77,"M01","B","terminal_midpoint","terminal_width",0.20556896292727
"S05",77,"M01","C","log_q_1","mean_midpoint",-0.637734777170719
"S05",77,"M01","C","log_q_1","mean_width",-0.594472764651923
"S05",77,"M01","C","mean_midpoint","mean_width",0.774372483215426
"S05",77,"M01","C","log_q_1","observed_loss",-0.35746972419725
"S05",77,"M01","C","mean_midpoint","observed_loss",0.325981408930731
"S05",77,"M01","C","mean_width","observed_loss",0.430073620411001
"S05",77,"M01","C","log_q_1","terminal_midpoint",-0.0805701513448732
"S05",77,"M01","C","mean_midpoint","terminal_midpoint",0.171437033991551
"S05",77,"M01","C","mean_width","terminal_midpoint",0.0963761526925208
"S05",77,"M01","C","observed_loss","terminal_midpoint",0.0617681556431041
"S05",77,"M01","C","log_q_1","terminal_width",-0.0475768890586723
"S05",77,"M01","C","mean_midpoint","terminal_width",0.0728468984010496
"S05",77,"M01","C","mean_width","terminal_width",0.134620390506543
"S05",77,"M01","C","observed_loss","terminal_width",0.0779705894365651
"S05",77,"M01","C","terminal_midpoint","terminal_width",0.170802423349036
"S05",77,"M01","D","log_q_1","mean_midpoint",-0.644918899339448
"S05",77,"M01","D","log_q_1","mean_width",-0.590331891989114
"S05",77,"M01","D","mean_midpoint","mean_width",0.76830585341989
"S05",77,"M01","D","log_q_1","observed_loss",-0.381908725176702
"S05",77,"M01","D","mean_midpoint","observed_loss",0.33636365278955
"S05",77,"M01","D","mean_width","observed_loss",0.441044297239763
"S05",77,"M01","D","log_q_1","terminal_midpoint",-0.0679587488429015
"S05",77,"M01","D","mean_midpoint","terminal_midpoint",0.139108559545926
"S05",77,"M01","D","mean_width","terminal_midpoint",0.0640650250998198
"S05",77,"M01","D","observed_loss","terminal_midpoint",0.0368736289455818
"S05",77,"M01","D","log_q_1","terminal_width",-0.0263523405236166
"S05",77,"M01","D","mean_midpoint","terminal_width",0.0589826914218803
"S05",77,"M01","D","mean_width","terminal_width",0.126328862841341
"S05",77,"M01","D","observed_loss","terminal_width",0.0854322365972445
"S05",77,"M01","D","terminal_midpoint","terminal_width",0.206688913677423
"S05",139,"M02","A","mean_midpoint","mean_width",0.648274797082965
"S05",139,"M02","A","mean_midpoint","observed_loss",-0.343988057947709
"S05",139,"M02","A","mean_width","observed_loss",-0.465125474542353
"S05",139,"M02","A","mean_midpoint","terminal_midpoint",0.505376618292577
"S05",139,"M02","A","mean_width","terminal_midpoint",0.335144569046073
"S05",139,"M02","A","observed_loss","terminal_midpoint",0.208290287375268
"S05",139,"M02","A","mean_midpoint","terminal_width",0.379281676926999
"S05",139,"M02","A","mean_width","terminal_width",0.506552695333244
"S05",139,"M02","A","observed_loss","terminal_width",-0.218876863254962
"S05",139,"M02","A","terminal_midpoint","terminal_width",0.751877825846083
"S05",139,"M02","B","mean_midpoint","mean_width",0.602270949011994
"S05",139,"M02","B","mean_midpoint","observed_loss",-0.315059831864983
"S05",139,"M02","B","mean_width","observed_loss",-0.437469346941176
"S05",139,"M02","B","mean_midpoint","terminal_midpoint",0.490371741935855
"S05",139,"M02","B","mean_width","terminal_midpoint",0.318758735873472
"S05",139,"M02","B","observed_loss","terminal_midpoint",0.247036641866342
"S05",139,"M02","B","mean_midpoint","terminal_width",0.338850087474708
"S05",139,"M02","B","mean_width","terminal_width",0.472328416979145
"S05",139,"M02","B","observed_loss","terminal_width",-0.140448606726394
"S05",139,"M02","B","terminal_midpoint","terminal_width",0.762754865118251
"S05",139,"M02","C","mean_midpoint","mean_width",0.636426939811534
"S05",139,"M02","C","mean_midpoint","observed_loss",-0.371682739198061
"S05",139,"M02","C","mean_width","observed_loss",-0.462960724963643
"S05",139,"M02","C","mean_midpoint","terminal_midpoint",0.509034943650842
"S05",139,"M02","C","mean_width","terminal_midpoint",0.377014574265954
"S05",139,"M02","C","observed_loss","terminal_midpoint",0.20738918218045
"S05",139,"M02","C","mean_midpoint","terminal_width",0.381993680764448
"S05",139,"M02","C","mean_width","terminal_width",0.52654046291982
"S05",139,"M02","C","observed_loss","terminal_width",-0.175375363754576
"S05",139,"M02","C","terminal_midpoint","terminal_width",0.771620091555791
"S05",139,"M02","D","mean_midpoint","mean_width",0.645367272130951
"S05",139,"M02","D","mean_midpoint","observed_loss",-0.327618165042607
"S05",139,"M02","D","mean_width","observed_loss",-0.417011094999449
"S05",139,"M02","D","mean_midpoint","terminal_midpoint",0.528972230005774
"S05",139,"M02","D","mean_width","terminal_midpoint",0.39471758485179
"S05",139,"M02","D","observed_loss","terminal_midpoint",0.223594935499725
"S05",139,"M02","D","mean_midpoint","terminal_width",0.393330154912961
"S05",139,"M02","D","mean_width","terminal_width",0.534258932566365
"S05",139,"M02","D","observed_loss","terminal_width",-0.158903820055164
"S05",139,"M02","D","terminal_midpoint","terminal_width",0.77208819730865
"S06",20,"M06","A","mean_midpoint","mean_width",0.835003554717842
"S06",20,"M06","A","mean_midpoint","observed_loss",-0.188121293366132
"S06",20,"M06","A","mean_width","observed_loss",0.0330892494741237
"S06",20,"M06","A","mean_midpoint","terminal_midpoint",0.409379121882244
"S06",20,"M06","A","mean_width","terminal_midpoint",0.219853049327831
"S06",20,"M06","A","observed_loss","terminal_midpoint",-0.326824039407338
"S06",20,"M06","A","mean_midpoint","terminal_width",0.159097464350308
"S06",20,"M06","A","mean_width","terminal_width",0.326013835084497
"S06",20,"M06","A","observed_loss","terminal_width",0.155268004081663
"S06",20,"M06","A","terminal_midpoint","terminal_width",0.190484484134313
"S06",20,"M06","B","mean_midpoint","mean_width",0.822756655526094
"S06",20,"M06","B","mean_midpoint","observed_loss",-0.167674749237134
"S06",20,"M06","B","mean_width","observed_loss",0.0362538737107403
"S06",20,"M06","B","mean_midpoint","terminal_midpoint",0.404705508909338
"S06",20,"M06","B","mean_width","terminal_midpoint",0.199811190460693
"S06",20,"M06","B","observed_loss","terminal_midpoint",-0.255650391364834
"S06",20,"M06","B","mean_midpoint","terminal_width",0.192830690252287
"S06",20,"M06","B","mean_width","terminal_width",0.318695224260637
"S06",20,"M06","B","observed_loss","terminal_width",0.132083635578608
"S06",20,"M06","B","terminal_midpoint","terminal_width",0.198536943342826
"S06",20,"M06","C","mean_midpoint","mean_width",0.817718722828546
"S06",20,"M06","C","mean_midpoint","observed_loss",-0.181235473981167
"S06",20,"M06","C","mean_width","observed_loss",0.0276225757142413
"S06",20,"M06","C","mean_midpoint","terminal_midpoint",0.361514443952823
"S06",20,"M06","C","mean_width","terminal_midpoint",0.142984781381474
"S06",20,"M06","C","observed_loss","terminal_midpoint",-0.246799137459291
"S06",20,"M06","C","mean_midpoint","terminal_width",0.190825511784117
"S06",20,"M06","C","mean_width","terminal_width",0.361167168138388
"S06",20,"M06","C","observed_loss","terminal_width",0.116684285369987
"S06",20,"M06","C","terminal_midpoint","terminal_width",0.163178274943395
"S06",20,"M06","D","mean_midpoint","mean_width",0.817821026758439
"S06",20,"M06","D","mean_midpoint","observed_loss",-0.152401653969324
"S06",20,"M06","D","mean_width","observed_loss",0.0677807146130656
"S06",20,"M06","D","mean_midpoint","terminal_midpoint",0.377435830110962
"S06",20,"M06","D","mean_width","terminal_midpoint",0.17186421198478
"S06",20,"M06","D","observed_loss","terminal_midpoint",-0.256264942814087
"S06",20,"M06","D","mean_midpoint","terminal_width",0.169946081478118
"S06",20,"M06","D","mean_width","terminal_width",0.341814888155227
"S06",20,"M06","D","observed_loss","terminal_width",0.111191963421743
"S06",20,"M06","D","terminal_midpoint","terminal_width",0.179951655714905
"S06",134,"M06","A","mean_midpoint","mean_width",0.617147012308071
"S06",134,"M06","A","mean_midpoint","observed_loss",-0.298587919220019
"S06",134,"M06","A","mean_width","observed_loss",0.0784151356294486
"S06",134,"M06","A","mean_midpoint","terminal_midpoint",0.509920955967308
"S06",134,"M06","A","mean_width","terminal_midpoint",0.13572211216525
"S06",134,"M06","A","observed_loss","terminal_midpoint",-0.23896955185997
"S06",134,"M06","A","mean_midpoint","terminal_width",0.17195536331253
"S06",134,"M06","A","mean_width","terminal_width",0.452420772497912
"S06",134,"M06","A","observed_loss","terminal_width",0.17613077638117
"S06",134,"M06","A","terminal_midpoint","terminal_width",0.0368466358669803
"S06",134,"M06","B","mean_midpoint","mean_width",0.554666019416906
"S06",134,"M06","B","mean_midpoint","observed_loss",-0.379171966582765
"S06",134,"M06","B","mean_width","observed_loss",0.0804889923138441
"S06",134,"M06","B","mean_midpoint","terminal_midpoint",0.538826372607364
"S06",134,"M06","B","mean_width","terminal_midpoint",0.0816241350931821
"S06",134,"M06","B","observed_loss","terminal_midpoint",-0.314282924674997
"S06",134,"M06","B","mean_midpoint","terminal_width",0.0515302510456662
"S06",134,"M06","B","mean_width","terminal_width",0.429109388237191
"S06",134,"M06","B","observed_loss","terminal_width",0.262502306522136
"S06",134,"M06","B","terminal_midpoint","terminal_width",-0.0252570025927807
"S06",134,"M06","C","mean_midpoint","mean_width",0.569083286667781
"S06",134,"M06","C","mean_midpoint","observed_loss",-0.350046502675068
"S06",134,"M06","C","mean_width","observed_loss",0.0803420172193088
"S06",134,"M06","C","mean_midpoint","terminal_midpoint",0.498458184336779
"S06",134,"M06","C","mean_width","terminal_midpoint",0.0747802793352054
"S06",134,"M06","C","observed_loss","terminal_midpoint",-0.270131693571966
"S06",134,"M06","C","mean_midpoint","terminal_width",0.0501626733300545
"S06",134,"M06","C","mean_width","terminal_width",0.42455924510313
"S06",134,"M06","C","observed_loss","terminal_width",0.249480691268109
"S06",134,"M06","C","terminal_midpoint","terminal_width",-0.0847018877134772
"S06",134,"M06","D","mean_midpoint","mean_width",0.518475937076849
"S06",134,"M06","D","mean_midpoint","observed_loss",-0.344075836486753
"S06",134,"M06","D","mean_width","observed_loss",0.135526326282531
"S06",134,"M06","D","mean_midpoint","terminal_midpoint",0.466659070806144
"S06",134,"M06","D","mean_width","terminal_midpoint",0.0154355959312084
"S06",134,"M06","D","observed_loss","terminal_midpoint",-0.259427359006347
"S06",134,"M06","D","mean_midpoint","terminal_width",0.0120739968394036
"S06",134,"M06","D","mean_width","terminal_width",0.443283549164719
"S06",134,"M06","D","observed_loss","terminal_width",0.264571692829495
"S06",134,"M06","D","terminal_midpoint","terminal_width",-0.0829259975125708
