"fixture_id","learning_rate_mode","estimand","rhat","ess_bulk","ess_tail","mcse_mean","pass"
"fixed_W_local_level","fixed_rate","train_lower_t001",1.00019677403764,13908.705617809,19418.79340738,0.0052694855059511,TRUE
"fixed_W_local_level","fixed_rate","train_lower_t002",1.00019534624301,13313.9475604449,19762.6786032766,0.00525958130625966,TRUE
"fixed_W_local_level","fixed_rate","train_lower_t003",1.00004254785909,13076.2690656132,18817.2677077884,0.00521411571509805,TRUE
"fixed_W_local_level","fixed_rate","train_lower_t004",1.00003903350374,12547.6147607269,18113.2844979861,0.00520980609570016,TRUE
"fixed_W_local_level","fixed_rate","train_lower_t005",1.0000676241265,12611.1974073196,18196.1747875966,0.00502207000982682,TRUE
"fixed_W_local_level","fixed_rate","train_lower_t006",1.00006728833932,12454.458728345,17501.3832257324,0.00488271314613598,TRUE
"fixed_W_local_level","fixed_rate","train_lower_t007",1.00006563071231,12427.6729557001,17652.3044243759,0.00466083903700595,TRUE
"fixed_W_local_level","fixed_rate","train_lower_t008",1.00003028316371,12321.1327442211,17323.9517012572,0.0044205113049567,TRUE
"fixed_W_local_level","fixed_rate","train_lower_t009",1.00000791633211,11787.7880309478,16740.3219046621,0.00422104885135925,TRUE
"fixed_W_local_level","fixed_rate","train_lower_t010",0.999976123925361,11841.4722631488,16662.2830704098,0.00389591775947264,TRUE
"fixed_W_local_level","fixed_rate","train_lower_t011",1.00008334165242,12080.717215501,15922.1292129962,0.00354381906985875,TRUE
"fixed_W_local_level","fixed_rate","train_lower_t012",0.99997951490142,13105.7724415433,15177.2304262909,0.00318703007508114,TRUE
"fixed_W_local_level","fixed_rate","train_lower_t013",0.999986475463376,13287.8549792771,15949.4948864258,0.00306646808910244,TRUE
"fixed_W_local_level","fixed_rate","train_lower_t014",1.00000544675805,12635.0435686922,15551.1506973586,0.00313615543501371,TRUE
"fixed_W_local_level","fixed_rate","train_lower_t015",1.00000380075339,12665.7219635519,15471.9416177602,0.00327982136878318,TRUE
"fixed_W_local_level","fixed_rate","train_lower_t016",1.00020918398657,11801.1795458505,15561.1452983129,0.00365765723362094,TRUE
"fixed_W_local_level","fixed_rate","train_lower_t017",1.00006998818522,11426.7488111086,15544.9529330998,0.00413790438974939,TRUE
"fixed_W_local_level","fixed_rate","train_lower_t018",1.00005798280183,11246.4666900484,15419.4041514401,0.00454085896324083,TRUE
"fixed_W_local_level","fixed_rate","train_lower_t019",1.00014830262996,11686.6003531977,15650.7625814481,0.00484388154341519,TRUE
"fixed_W_local_level","fixed_rate","train_lower_t020",1.00004294303629,11756.483193602,16366.2918290017,0.00519303337828611,TRUE
"fixed_W_local_level","fixed_rate","train_lower_t021",1.00006634279533,12029.9950082315,16869.4284996875,0.00547252540663305,TRUE
"fixed_W_local_level","fixed_rate","train_lower_t022",1.00002530750455,12086.9114003262,16198.8204074565,0.00576045869376073,TRUE
"fixed_W_local_level","fixed_rate","train_lower_t023",0.999987344442999,12206.8908445415,16157.557075561,0.00602441053077374,TRUE
"fixed_W_local_level","fixed_rate","train_lower_t024",0.999993760185648,12760.9349398614,17302.208394838,0.00614161928283515,TRUE
"fixed_W_local_level","fixed_rate","train_upper_t001",1.00005392040154,13647.0414938543,15646.6017604891,0.00470844777451607,TRUE
"fixed_W_local_level","fixed_rate","train_upper_t002",0.999975207506858,13039.0811018128,15440.8608099717,0.00459299020681168,TRUE
"fixed_W_local_level","fixed_rate","train_upper_t003",0.99997784701116,13225.371041691,15029.9663610403,0.00437222504075204,TRUE
"fixed_W_local_level","fixed_rate","train_upper_t004",1.0000025552531,13040.8554442139,15823.9261475117,0.00421760833124228,TRUE
"fixed_W_local_level","fixed_rate","train_upper_t005",1.00003080065795,12847.553493853,14985.7603617963,0.00419291673338231,TRUE
"fixed_W_local_level","fixed_rate","train_upper_t006",1.00010521630404,12564.3902840893,14522.3446642621,0.00432748677329811,TRUE
"fixed_W_local_level","fixed_rate","train_upper_t007",1.00002851014451,11570.3551426495,14255.2906636704,0.00455784750649786,TRUE
"fixed_W_local_level","fixed_rate","train_upper_t008",0.999966431219038,11029.3569308301,14320.9313088141,0.00473992857906271,TRUE
"fixed_W_local_level","fixed_rate","train_upper_t009",0.999959521265296,10667.8637516915,15607.1871195837,0.00492826856936419,TRUE
"fixed_W_local_level","fixed_rate","train_upper_t010",0.999980613636577,10766.8474946341,15347.05865889,0.00500272249584237,TRUE
"fixed_W_local_level","fixed_rate","train_upper_t011",1.00000969195557,10831.311927024,15816.4216269,0.00503991863743797,TRUE
"fixed_W_local_level","fixed_rate","train_upper_t012",0.999976738949857,10847.9303045174,16298.4266443796,0.00510156569692847,TRUE
"fixed_W_local_level","fixed_rate","train_upper_t013",0.999972787266025,10569.3046180253,15365.7971462734,0.00516459501560891,TRUE
"fixed_W_local_level","fixed_rate","train_upper_t014",0.999977556709175,10468.6050772233,15567.1872864638,0.00514746143687481,TRUE
"fixed_W_local_level","fixed_rate","train_upper_t015",0.999972840685237,10476.2805898499,14484.2904708819,0.00506835230695278,TRUE
"fixed_W_local_level","fixed_rate","train_upper_t016",1.00001271677218,10655.9644326047,16072.6194204201,0.00490498525489893,TRUE
"fixed_W_local_level","fixed_rate","train_upper_t017",0.999999720699414,10967.2847355761,15154.3792442003,0.00468532846830288,TRUE
"fixed_W_local_level","fixed_rate","train_upper_t018",0.999970407981629,11150.7773857425,15182.9973610755,0.00447217132150419,TRUE
"fixed_W_local_level","fixed_rate","train_upper_t019",0.999972377120509,11083.8890639684,16617.7922344252,0.00425770474618071,TRUE
"fixed_W_local_level","fixed_rate","train_upper_t020",0.999973099583943,11383.3630706243,16902.7095239778,0.00396102901469295,TRUE
"fixed_W_local_level","fixed_rate","train_upper_t021",1.00000130876428,12098.4480413285,15619.4356811959,0.00363165839570856,TRUE
"fixed_W_local_level","fixed_rate","train_upper_t022",1.00018801789034,13178.9670082035,16036.1817990127,0.00334722034533708,TRUE
"fixed_W_local_level","fixed_rate","train_upper_t023",0.999989833124758,14465.9518536559,17330.8479946389,0.00320410400920969,TRUE
"fixed_W_local_level","fixed_rate","train_upper_t024",1.00005786889155,15487.8557180532,18468.5649162461,0.00328515682693606,TRUE
"fixed_W_local_level","fixed_rate","train_midpoint_t001",1.00016220588808,13843.519347676,19080.4355873197,0.00366841925792329,TRUE
"fixed_W_local_level","fixed_rate","train_midpoint_t002",1.0000857172777,13380.2134411077,18598.4458675193,0.00358314267722176,TRUE
"fixed_W_local_level","fixed_rate","train_midpoint_t003",1.00000532586883,13427.6129554803,17874.3268676935,0.00344342980460351,TRUE
"fixed_W_local_level","fixed_rate","train_midpoint_t004",1.00002996134649,13276.4792467414,17706.270116765,0.00333602999421137,TRUE
"fixed_W_local_level","fixed_rate","train_midpoint_t005",1.00004220661218,13505.4230309467,18540.3493537544,0.00321322149858292,TRUE
"fixed_W_local_level","fixed_rate","train_midpoint_t006",1.00006135769762,13252.8306538486,18507.6242999203,0.00320558428947467,TRUE
"fixed_W_local_level","fixed_rate","train_midpoint_t007",1.00010993717018,12671.3071262561,16775.1420649192,0.00321290312991322,TRUE
"fixed_W_local_level","fixed_rate","train_midpoint_t008",1.00000110074729,12276.5584386125,16336.7220131701,0.00319725874923144,TRUE
"fixed_W_local_level","fixed_rate","train_midpoint_t009",0.999973118864888,12061.2086594936,17631.6575351965,0.003165864295634,TRUE
"fixed_W_local_level","fixed_rate","train_midpoint_t010",0.999959910968064,12274.7502946389,16675.2472785702,0.00303854186792693,TRUE
"fixed_W_local_level","fixed_rate","train_midpoint_t011",0.999977151694633,12638.5342340518,16914.3313101747,0.0028660335428546,TRUE
"fixed_W_local_level","fixed_rate","train_midpoint_t012",0.999963109344082,13367.0087932246,18369.2360553699,0.00269411532334981,TRUE
"fixed_W_local_level","fixed_rate","train_midpoint_t013",1.00005082240986,13584.7957355755,17056.5656437071,0.00260453937215106,TRUE
"fixed_W_local_level","fixed_rate","train_midpoint_t014",1.00005658883236,13497.9977344099,17763.7621252792,0.00258274322649797,TRUE
"fixed_W_local_level","fixed_rate","train_midpoint_t015",1.0000288319843,13507.3110742203,18364.8165355889,0.00260478308862402,TRUE
"fixed_W_local_level","fixed_rate","train_midpoint_t016",1.00003235714246,13803.2318291438,18297.7636107304,0.0026399393129848,TRUE
"fixed_W_local_level","fixed_rate","train_midpoint_t017",0.999962331982176,14210.7569338194,18106.2821021112,0.00270069052272052,TRUE
"fixed_W_local_level","fixed_rate","train_midpoint_t018",0.999979793108082,14086.0802217989,18280.6401589106,0.00279903807949005,TRUE
"fixed_W_local_level","fixed_rate","train_midpoint_t019",0.999987945954983,14081.4067482155,18570.99700877,0.00287657643762612,TRUE
"fixed_W_local_level","fixed_rate","train_midpoint_t020",0.999996109815593,14382.0975423398,18447.3648641525,0.00289923878649644,TRUE
"fixed_W_local_level","fixed_rate","train_midpoint_t021",1.00000217791977,14585.9629999137,18982.8637361655,0.00291525159802121,TRUE
"fixed_W_local_level","fixed_rate","train_midpoint_t022",0.99999208791368,15179.5007034065,19030.6629342493,0.00290240914858611,TRUE
"fixed_W_local_level","fixed_rate","train_midpoint_t023",0.999973386373951,15454.9380655159,18513.1446741358,0.00295045768691964,TRUE
"fixed_W_local_level","fixed_rate","train_midpoint_t024",0.999970017364383,16376.3002024587,18983.7354233667,0.00300211400625758,TRUE
"fixed_W_local_level","fixed_rate","train_width_t001",1.00003922975083,13121.8788539477,17477.6945029906,0.00681488386686304,TRUE
"fixed_W_local_level","fixed_rate","train_width_t002",1.00010254125795,12588.627731184,17018.4737655979,0.00678031992568135,TRUE
"fixed_W_local_level","fixed_rate","train_width_t003",1.00000557672494,12204.2881521968,16153.4340752868,0.00671334549056263,TRUE
"fixed_W_local_level","fixed_rate","train_width_t004",0.999971257340146,11781.0077824097,17486.5176026651,0.00670887464665444,TRUE
"fixed_W_local_level","fixed_rate","train_width_t005",0.999993095861833,11505.5813045314,16224.3653662355,0.00666523971610322,TRUE
"fixed_W_local_level","fixed_rate","train_width_t006",0.999973780519972,11429.7672223968,17125.7784574763,0.00660685678536735,TRUE
"fixed_W_local_level","fixed_rate","train_width_t007",0.999983207968654,10993.6683176247,17123.3771726072,0.00659021594585864,TRUE
"fixed_W_local_level","fixed_rate","train_width_t008",0.999984779214545,10633.032437547,16153.9564418791,0.00657031268155601,TRUE
"fixed_W_local_level","fixed_rate","train_width_t009",0.999983494957471,10080.4714867691,15516.5465054332,0.00664178886843619,TRUE
"fixed_W_local_level","fixed_rate","train_width_t010",0.999976770317717,10056.4687362239,15339.3682827663,0.00659391946747941,TRUE
"fixed_W_local_level","fixed_rate","train_width_t011",0.999976314232747,10051.1494960766,14153.1681971847,0.00656393119798119,TRUE
"fixed_W_local_level","fixed_rate","train_width_t012",0.999971507876074,10062.7876208525,13725.1838943444,0.00658463368877453,TRUE
"fixed_W_local_level","fixed_rate","train_width_t013",0.999987261585425,9842.63923858575,12862.9035189635,0.0067019507509504,TRUE
"fixed_W_local_level","fixed_rate","train_width_t014",0.99996467676745,9511.3141953186,12550.1017909532,0.00680077681300503,TRUE
"fixed_W_local_level","fixed_rate","train_width_t015",0.999995631467055,9707.77628915227,12118.0986469078,0.00676875173269595,TRUE
"fixed_W_local_level","fixed_rate","train_width_t016",1.00005873807878,9445.08167766212,13065.1459370253,0.00687566256004337,TRUE
"fixed_W_local_level","fixed_rate","train_width_t017",1.00005492317651,9499.47474183973,13486.5601590679,0.00697454527655172,TRUE
"fixed_W_local_level","fixed_rate","train_width_t018",1.00003597009808,9510.7314271728,13944.0305985641,0.00705998637754987,TRUE
"fixed_W_local_level","fixed_rate","train_width_t019",1.00014164445631,9722.25100561572,14044.1291545003,0.00711086227670057,TRUE
"fixed_W_local_level","fixed_rate","train_width_t020",1.00002779855221,9882.09846515502,13559.3875205567,0.00723413467244276,TRUE
"fixed_W_local_level","fixed_rate","train_width_t021",1.00007822431681,10396.6932068924,13335.9508496933,0.00729276639026383,TRUE
"fixed_W_local_level","fixed_rate","train_width_t022",1.00002802929207,10752.5235721912,14202.5851933646,0.00743964285839679,TRUE
"fixed_W_local_level","fixed_rate","train_width_t023",0.999986983247132,11197.8048625128,14515.5595324488,0.00763943954752997,TRUE
"fixed_W_local_level","fixed_rate","train_width_t024",1.000021048092,11728.2786394024,15152.3473882014,0.00780847863164347,TRUE
"fixed_W_local_level","fixed_rate","observed_loss",1.00014136278256,16690.1702820556,20163.3907810892,0.0115050685887781,TRUE
"fixed_W_local_level","fixed_rate","terminal_state_midpoint_1",0.999970017364383,16376.3002024587,18983.7354233667,0.00300211400625758,TRUE
"fixed_W_local_level","fixed_rate","terminal_state_abs_separation_1",1.000021048092,11728.2786394024,15152.3473882014,0.00780847863164347,TRUE
"fixed_W_local_level","fixed_rate","time0_state_midpoint_1",1.00014457462148,14201.8055352528,18153.6151036615,0.00377640963306286,TRUE
"fixed_W_local_level","fixed_rate","time0_state_abs_separation_1",1.00006319331188,14033.5540566252,19006.7457768833,0.00682984979335604,TRUE
"fixed_W_local_level","fixed_rate","future_conditional_mean_lower_t001",0.999993760185648,12760.9349398614,17302.208394838,0.00614161928283515,TRUE
"fixed_W_local_level","fixed_rate","future_conditional_mean_lower_t002",0.999993760185648,12760.9349398614,17302.208394838,0.00614161928283515,TRUE
"fixed_W_local_level","fixed_rate","future_conditional_mean_lower_t003",0.999993760185648,12760.9349398614,17302.208394838,0.00614161928283515,TRUE
"fixed_W_local_level","fixed_rate","future_conditional_mean_lower_t004",0.999993760185648,12760.9349398614,17302.208394838,0.00614161928283515,TRUE
"fixed_W_local_level","fixed_rate","future_conditional_mean_upper_t001",1.00005786889155,15487.8557180532,18468.5649162461,0.00328515682693606,TRUE
"fixed_W_local_level","fixed_rate","future_conditional_mean_upper_t002",1.00005786889155,15487.8557180532,18468.5649162461,0.00328515682693606,TRUE
"fixed_W_local_level","fixed_rate","future_conditional_mean_upper_t003",1.00005786889155,15487.8557180532,18468.5649162461,0.00328515682693606,TRUE
"fixed_W_local_level","fixed_rate","future_conditional_mean_upper_t004",1.00005786889155,15487.8557180532,18468.5649162461,0.00328515682693606,TRUE
"fixed_W_local_level","fixed_rate","future_conditional_mean_midpoint_t001",0.999970017364383,16376.3002024587,18983.7354233667,0.00300211400625758,TRUE
"fixed_W_local_level","fixed_rate","future_conditional_mean_midpoint_t002",0.999970017364383,16376.3002024587,18983.7354233667,0.00300211400625758,TRUE
"fixed_W_local_level","fixed_rate","future_conditional_mean_midpoint_t003",0.999970017364383,16376.3002024587,18983.7354233667,0.00300211400625758,TRUE
"fixed_W_local_level","fixed_rate","future_conditional_mean_midpoint_t004",0.999970017364383,16376.3002024587,18983.7354233667,0.00300211400625758,TRUE
"fixed_W_local_level","fixed_rate","future_conditional_mean_width_t001",1.000021048092,11728.2786394024,15152.3473882014,0.00780847863164347,TRUE
"fixed_W_local_level","fixed_rate","future_conditional_mean_width_t002",1.000021048092,11728.2786394024,15152.3473882014,0.00780847863164347,TRUE
"fixed_W_local_level","fixed_rate","future_conditional_mean_width_t003",1.000021048092,11728.2786394024,15152.3473882014,0.00780847863164347,TRUE
"fixed_W_local_level","fixed_rate","future_conditional_mean_width_t004",1.000021048092,11728.2786394024,15152.3473882014,0.00780847863164347,TRUE
"fixed_W_local_level","learned_pseudoresidual_normalized","train_lower_t001",0.999971261581412,11130.833876854,15558.4193257893,0.00419127414009142,TRUE
"fixed_W_local_level","learned_pseudoresidual_normalized","train_lower_t002",1.0000358496381,10083.6210440588,15903.2886537247,0.00439105980990263,TRUE
"fixed_W_local_level","learned_pseudoresidual_normalized","train_lower_t003",1.00027658251191,9405.77863945987,15451.1322062987,0.00457745878870991,TRUE
"fixed_W_local_level","learned_pseudoresidual_normalized","train_lower_t004",1.00026499802193,9056.4724679107,15911.3006809193,0.00468505115860948,TRUE
"fixed_W_local_level","learned_pseudoresidual_normalized","train_lower_t005",1.00036459456148,8797.28458719861,16123.384572457,0.00469087307483456,TRUE
"fixed_W_local_level","learned_pseudoresidual_normalized","train_lower_t006",1.00047125003614,8845.04941116946,15759.319059893,0.00451701782754377,TRUE
"fixed_W_local_level","learned_pseudoresidual_normalized","train_lower_t007",1.00032186811772,8744.58812183289,15135.2374642379,0.00432297276235928,TRUE
"fixed_W_local_level","learned_pseudoresidual_normalized","train_lower_t008",1.00017106184457,8879.39382293316,14879.4860305653,0.00396941511814902,TRUE
"fixed_W_local_level","learned_pseudoresidual_normalized","train_lower_t009",1.00033193475068,9056.7986343992,16189.4951582429,0.00350603479623124,TRUE
"fixed_W_local_level","learned_pseudoresidual_normalized","train_lower_t010",1.00016906765273,9967.52151675405,14945.5111905688,0.00285559566844443,TRUE
"fixed_W_local_level","learned_pseudoresidual_normalized","train_lower_t011",1.00019336989143,11587.9219240749,15276.3570169597,0.00219004207286761,TRUE
"fixed_W_local_level","learned_pseudoresidual_normalized","train_lower_t012",1.00011404539142,13994.4250559321,15967.1409725839,0.00165655349980503,TRUE
"fixed_W_local_level","learned_pseudoresidual_normalized","train_lower_t013",1.0001043800937,17324.3675906222,17186.0866224268,0.00133064404187454,TRUE
"fixed_W_local_level","learned_pseudoresidual_normalized","train_lower_t014",1.00003808374542,17802.2468392436,16161.8800661599,0.00128010770453979,TRUE
"fixed_W_local_level","learned_pseudoresidual_normalized","train_lower_t015",1.00022122999952,15380.6497159511,18026.6409611698,0.0014828945463465,TRUE
"fixed_W_local_level","learned_pseudoresidual_normalized","train_lower_t016",1.00020682826066,11471.5494697102,16422.3471477592,0.00211335137164868,TRUE
"fixed_W_local_level","learned_pseudoresidual_normalized","train_lower_t017",1.00009008316956,9328.43617497425,15700.0684397409,0.00312256063995287,TRUE
"fixed_W_local_level","learned_pseudoresidual_normalized","train_lower_t018",1.00002749144416,7546.86284719915,14573.3816027944,0.00412437646134782,TRUE
"fixed_W_local_level","learned_pseudoresidual_normalized","train_lower_t019",1.00025494762122,7277.51607167187,11714.287240883,0.0048786643633673,TRUE
"fixed_W_local_level","learned_pseudoresidual_normalized","train_lower_t020",1.00013658530539,7247.27911599242,10859.0730123818,0.00552169209282643,TRUE
"fixed_W_local_level","learned_pseudoresidual_normalized","train_lower_t021",1.00006313283469,7372.14175505084,11226.0194411278,0.00604590637753768,TRUE
"fixed_W_local_level","learned_pseudoresidual_normalized","train_lower_t022",1.0000814247715,7471.91080386685,10356.5986081001,0.00652638051757273,TRUE
"fixed_W_local_level","learned_pseudoresidual_normalized","train_lower_t023",1.00003389699913,7860.70032195924,11160.1168310871,0.00678594230295144,TRUE
"fixed_W_local_level","learned_pseudoresidual_normalized","train_lower_t024",1.00003440059074,8125.45199518028,12295.1101742318,0.00706944615064646,TRUE
"fixed_W_local_level","learned_pseudoresidual_normalized","train_upper_t001",1.00014109440284,14338.0459904277,19154.33399402,0.00315379963200041,TRUE
"fixed_W_local_level","learned_pseudoresidual_normalized","train_upper_t002",1.00013687858335,13408.1907765655,17050.7021231923,0.00287661644759732,TRUE
"fixed_W_local_level","learned_pseudoresidual_normalized","train_upper_t003",1.00011004677611,13665.5456077478,16480.0508020014,0.00246361196900981,TRUE
"fixed_W_local_level","learned_pseudoresidual_normalized","train_upper_t004",1.00012067810911,14195.2844725384,15708.7948545802,0.0021322610321071,TRUE
"fixed_W_local_level","learned_pseudoresidual_normalized","train_upper_t005",1.00010467137311,13557.8322196832,13937.2154923717,0.00211221460952086,TRUE
"fixed_W_local_level","learned_pseudoresidual_normalized","train_upper_t006",1.00000970990154,12710.9892178508,15141.9300594399,0.00242715361943746,TRUE
"fixed_W_local_level","learned_pseudoresidual_normalized","train_upper_t007",1.00005800781888,10485.6953300937,13465.0148615224,0.00272600963314445,TRUE
"fixed_W_local_level","learned_pseudoresidual_normalized","train_upper_t008",1.00004110479423,9387.27799616692,14069.0929765326,0.00321489311864933,TRUE
"fixed_W_local_level","learned_pseudoresidual_normalized","train_upper_t009",1.00004907817821,9042.29310451351,15135.8131616125,0.00368948288403817,TRUE
"fixed_W_local_level","learned_pseudoresidual_normalized","train_upper_t010",1.00013601249356,8872.7859307472,14105.0602668366,0.00408463039630655,TRUE
"fixed_W_local_level","learned_pseudoresidual_normalized","train_upper_t011",1.00016071369431,8683.77411665658,12496.0157770358,0.00440863929779822,TRUE
"fixed_W_local_level","learned_pseudoresidual_normalized","train_upper_t012",1.00019408229056,8653.77102360792,10848.5178687548,0.00459664652584726,TRUE
"fixed_W_local_level","learned_pseudoresidual_normalized","train_upper_t013",1.00007122532364,8560.33542495851,10817.0506193275,0.00475548890276716,TRUE
"fixed_W_local_level","learned_pseudoresidual_normalized","train_upper_t014",1.0001575545547,8706.4038618433,9940.89437144976,0.00470113874332629,TRUE
"fixed_W_local_level","learned_pseudoresidual_normalized","train_upper_t015",1.00025705920513,8431.16842741964,11782.6647085963,0.00471810842320406,TRUE
"fixed_W_local_level","learned_pseudoresidual_normalized","train_upper_t016",1.00024889935727,8510.54110520058,12775.5115786712,0.00452940744594321,TRUE
"fixed_W_local_level","learned_pseudoresidual_normalized","train_upper_t017",1.00047423951198,8574.16830565185,13462.6674005974,0.0042663161720078,TRUE
"fixed_W_local_level","learned_pseudoresidual_normalized","train_upper_t018",1.00066248854023,8211.90346712898,12827.9380203199,0.00402953975802279,TRUE
"fixed_W_local_level","learned_pseudoresidual_normalized","train_upper_t019",1.00064334230752,7892.48495306123,12654.7149107606,0.00365515633133023,TRUE
"fixed_W_local_level","learned_pseudoresidual_normalized","train_upper_t020",1.00064167997923,8625.25201787526,15246.6053237722,0.00296573163131817,TRUE
"fixed_W_local_level","learned_pseudoresidual_normalized","train_upper_t021",1.00091487193371,11305.065087933,14881.2557784152,0.00213852370455832,TRUE
"fixed_W_local_level","learned_pseudoresidual_normalized","train_upper_t022",1.00060040754049,14783.8048383316,16642.5037929032,0.0015534113096036,TRUE
"fixed_W_local_level","learned_pseudoresidual_normalized","train_upper_t023",1.00022580229383,18031.522768231,17186.3575462472,0.00132883934778017,TRUE
"fixed_W_local_level","learned_pseudoresidual_normalized","train_upper_t024",1.00019253470202,19176.4986935469,19082.6600552131,0.00145600024415917,TRUE
"fixed_W_local_level","learned_pseudoresidual_normalized","train_midpoint_t001",0.999998977722337,12582.8814171476,16617.2041707218,0.00271625975489368,TRUE
"fixed_W_local_level","learned_pseudoresidual_normalized","train_midpoint_t002",0.999959392658503,11462.2858808158,16007.9575510731,0.00269265305744896,TRUE
"fixed_W_local_level","learned_pseudoresidual_normalized","train_midpoint_t003",1.00003344599401,10841.5190296067,15761.7698173653,0.00259386526094501,TRUE
"fixed_W_local_level","learned_pseudoresidual_normalized","train_midpoint_t004",1.0000664929905,10710.0405538074,16254.2025338394,0.00245769193182867,TRUE
"fixed_W_local_level","learned_pseudoresidual_normalized","train_midpoint_t005",1.00011966048385,10626.8391773059,16823.026608885,0.00239655904158068,TRUE
"fixed_W_local_level","learned_pseudoresidual_normalized","train_midpoint_t006",1.00018350819597,10991.5239138275,17287.2360088016,0.00240268119996512,TRUE
"fixed_W_local_level","learned_pseudoresidual_normalized","train_midpoint_t007",1.0000568409883,10327.1866709543,15208.7681968866,0.00245827221388217,TRUE
"fixed_W_local_level","learned_pseudoresidual_normalized","train_midpoint_t008",0.999996217938382,9985.35057701499,14501.4014263351,0.00253247016086122,TRUE
"fixed_W_local_level","learned_pseudoresidual_normalized","train_midpoint_t009",0.999998311752568,9957.91623907285,15110.645185235,0.00255410778909789,TRUE
"fixed_W_local_level","learned_pseudoresidual_normalized","train_midpoint_t010",1.00007309930327,10068.0791441344,16840.4352498595,0.00249300137455187,TRUE
"fixed_W_local_level","learned_pseudoresidual_normalized","train_midpoint_t011",1.00016670123586,10117.5667780544,14823.4771666804,0.00239694241530679,TRUE
"fixed_W_local_level","learned_pseudoresidual_normalized","train_midpoint_t012",1.00006037817283,9992.18445761001,16284.9738927839,0.0023234501944734,TRUE
"fixed_W_local_level","learned_pseudoresidual_normalized","train_midpoint_t013",1.00000660128033,9912.67848349806,14627.6176427758,0.00230407699430757,TRUE
"fixed_W_local_level","learned_pseudoresidual_normalized","train_midpoint_t014",1.00006519796483,10044.9062866201,14843.8792195896,0.00226700141940108,TRUE
"fixed_W_local_level","learned_pseudoresidual_normalized","train_midpoint_t015",1.00020889478882,9587.96009888731,15315.2666939828,0.00235505184813008,TRUE
"fixed_W_local_level","learned_pseudoresidual_normalized","train_midpoint_t016",1.00020489872409,9344.67710604214,15575.40405041,0.00249451228542872,TRUE
"fixed_W_local_level","learned_pseudoresidual_normalized","train_midpoint_t017",1.00046631964222,9066.46498966433,15897.7808640036,0.00274817832866143,TRUE
"fixed_W_local_level","learned_pseudoresidual_normalized","train_midpoint_t018",1.00049920860607,8127.24441544052,14619.3209494909,0.00308148275037355,TRUE
"fixed_W_local_level","learned_pseudoresidual_normalized","train_midpoint_t019",1.00067007778498,7606.0461436586,13560.8345149055,0.00331252425437771,TRUE
"fixed_W_local_level","learned_pseudoresidual_normalized","train_midpoint_t020",1.00047581988831,7521.00873729966,12621.1333972542,0.00337871283745352,TRUE
"fixed_W_local_level","learned_pseudoresidual_normalized","train_midpoint_t021",1.00038901318255,7752.37801395165,12582.4056708234,0.00334727255862095,TRUE
"fixed_W_local_level","learned_pseudoresidual_normalized","train_midpoint_t022",1.00027152631324,7829.25021290646,12352.9377335692,0.0033826666472409,TRUE
"fixed_W_local_level","learned_pseudoresidual_normalized","train_midpoint_t023",1.00014045912187,8322.88273915605,13490.3792472827,0.0033962423665571,TRUE
"fixed_W_local_level","learned_pseudoresidual_normalized","train_midpoint_t024",1.00014403750875,8674.86600999167,13655.9118488045,0.00352478306929318,TRUE
"fixed_W_local_level","learned_pseudoresidual_normalized","train_width_t001",1.00008593702177,11539.2030032343,16430.9840837344,0.00504134622691819,TRUE
"fixed_W_local_level","learned_pseudoresidual_normalized","train_width_t002",1.00019118211751,10391.1819953731,16260.3785699777,0.00509904305051898,TRUE
"fixed_W_local_level","learned_pseudoresidual_normalized","train_width_t003",1.00036173382962,9643.18453279077,15776.8435200223,0.00520512462696533,TRUE
"fixed_W_local_level","learned_pseudoresidual_normalized","train_width_t004",1.00036169449461,9142.76123549598,16198.3414470707,0.0053700553500204,TRUE
"fixed_W_local_level","learned_pseudoresidual_normalized","train_width_t005",1.00044969484787,8736.80152647254,14465.0715407603,0.00547108526283837,TRUE
"fixed_W_local_level","learned_pseudoresidual_normalized","train_width_t006",1.00044971775977,8685.59697579618,13335.2316997909,0.00542484220430013,TRUE
"fixed_W_local_level","learned_pseudoresidual_normalized","train_width_t007",1.00040100732638,8397.84285381744,13033.0145080303,0.0052702294611101,TRUE
"fixed_W_local_level","learned_pseudoresidual_normalized","train_width_t008",1.00024934643031,8315.22984441724,12811.2617468709,0.00512574105584194,TRUE
"fixed_W_local_level","learned_pseudoresidual_normalized","train_width_t009",1.00039564008095,8016.13594692228,12510.2764526369,0.00510456804653284,TRUE
"fixed_W_local_level","learned_pseudoresidual_normalized","train_width_t010",1.00032330185905,8424.88701715606,11723.3865731655,0.00499436474427686,TRUE
"fixed_W_local_level","learned_pseudoresidual_normalized","train_width_t011",1.00023664044531,8510.52185247219,10820.5986697826,0.00504860700475123,TRUE
"fixed_W_local_level","learned_pseudoresidual_normalized","train_width_t012",1.00019876463382,8780.79980394436,10695.9700753173,0.00511109407562362,TRUE
"fixed_W_local_level","learned_pseudoresidual_normalized","train_width_t013",1.00020286079718,8739.71671718462,10586.7554397762,0.00524848127266073,TRUE
"fixed_W_local_level","learned_pseudoresidual_normalized","train_width_t014",1.00020524051007,8807.84385339033,10540.4993730307,0.00522140573896731,TRUE
"fixed_W_local_level","learned_pseudoresidual_normalized","train_width_t015",1.0001947271922,8681.40503444886,11214.5421175099,0.0051901767687627,TRUE
"fixed_W_local_level","learned_pseudoresidual_normalized","train_width_t016",1.00014660968108,8675.12656592261,11288.3271956829,0.00503985552969807,TRUE
"fixed_W_local_level","learned_pseudoresidual_normalized","train_width_t017",1.00053576051341,8502.04265936233,12775.9814488937,0.00510949444545413,TRUE
"fixed_W_local_level","learned_pseudoresidual_normalized","train_width_t018",1.00044098916003,7776.31552138066,11406.1811893269,0.00533033339192325,TRUE
"fixed_W_local_level","learned_pseudoresidual_normalized","train_width_t019",1.00019713297054,7604.3990945012,11623.0126309164,0.0055166751504705,TRUE
"fixed_W_local_level","learned_pseudoresidual_normalized","train_width_t020",1.00004165694489,7731.66965646087,11745.144453682,0.00575229100701814,TRUE
"fixed_W_local_level","learned_pseudoresidual_normalized","train_width_t021",0.999979495441583,7917.65726044573,11398.5994517692,0.00612487527349557,TRUE
"fixed_W_local_level","learned_pseudoresidual_normalized","train_width_t022",1.00013288009825,7952.88215182199,11872.24883029,0.00665354576695704,TRUE
"fixed_W_local_level","learned_pseudoresidual_normalized","train_width_t023",0.999992430438945,8229.96205787066,11995.0908612736,0.00703353768654395,TRUE
"fixed_W_local_level","learned_pseudoresidual_normalized","train_width_t024",1.00000532549017,8561.90006095024,12656.7631148981,0.00737791024301708,TRUE
"fixed_W_local_level","learned_pseudoresidual_normalized","observed_loss",1.00004690327227,9631.69100400131,15106.2968409516,0.00549544239816011,TRUE
"fixed_W_local_level","learned_pseudoresidual_normalized","terminal_state_midpoint_1",1.00014403750875,8674.86600999167,13655.9118488045,0.00352478306929318,TRUE
"fixed_W_local_level","learned_pseudoresidual_normalized","terminal_state_abs_separation_1",1.00000532549017,8561.90006095024,12656.7631148981,0.00737791024301708,TRUE
"fixed_W_local_level","learned_pseudoresidual_normalized","time0_state_midpoint_1",0.99998328166618,13646.0263380617,17303.6987208529,0.00283503573034375,TRUE
"fixed_W_local_level","learned_pseudoresidual_normalized","time0_state_abs_separation_1",1.0000982287254,12446.1901361293,17545.1837256285,0.00518282183268623,TRUE
"fixed_W_local_level","learned_pseudoresidual_normalized","future_conditional_mean_lower_t001",1.00003440059074,8125.45199518028,12295.1101742318,0.00706944615064646,TRUE
"fixed_W_local_level","learned_pseudoresidual_normalized","future_conditional_mean_lower_t002",1.00003440059074,8125.45199518028,12295.1101742318,0.00706944615064646,TRUE
"fixed_W_local_level","learned_pseudoresidual_normalized","future_conditional_mean_lower_t003",1.00003440059074,8125.45199518028,12295.1101742318,0.00706944615064646,TRUE
"fixed_W_local_level","learned_pseudoresidual_normalized","future_conditional_mean_lower_t004",1.00003440059074,8125.45199518028,12295.1101742318,0.00706944615064646,TRUE
"fixed_W_local_level","learned_pseudoresidual_normalized","future_conditional_mean_upper_t001",1.00019253470202,19176.4986935469,19082.6600552131,0.00145600024415917,TRUE
"fixed_W_local_level","learned_pseudoresidual_normalized","future_conditional_mean_upper_t002",1.00019253470202,19176.4986935469,19082.6600552131,0.00145600024415917,TRUE
"fixed_W_local_level","learned_pseudoresidual_normalized","future_conditional_mean_upper_t003",1.00019253470202,19176.4986935469,19082.6600552131,0.00145600024415917,TRUE
"fixed_W_local_level","learned_pseudoresidual_normalized","future_conditional_mean_upper_t004",1.00019253470202,19176.4986935469,19082.6600552131,0.00145600024415917,TRUE
"fixed_W_local_level","learned_pseudoresidual_normalized","future_conditional_mean_midpoint_t001",1.00014403750875,8674.86600999167,13655.9118488045,0.00352478306929318,TRUE
"fixed_W_local_level","learned_pseudoresidual_normalized","future_conditional_mean_midpoint_t002",1.00014403750875,8674.86600999167,13655.9118488045,0.00352478306929318,TRUE
"fixed_W_local_level","learned_pseudoresidual_normalized","future_conditional_mean_midpoint_t003",1.00014403750875,8674.86600999167,13655.9118488045,0.00352478306929318,TRUE
"fixed_W_local_level","learned_pseudoresidual_normalized","future_conditional_mean_midpoint_t004",1.00014403750875,8674.86600999167,13655.9118488045,0.00352478306929318,TRUE
"fixed_W_local_level","learned_pseudoresidual_normalized","future_conditional_mean_width_t001",1.00000532549017,8561.90006095024,12656.7631148981,0.00737791024301708,TRUE
"fixed_W_local_level","learned_pseudoresidual_normalized","future_conditional_mean_width_t002",1.00000532549017,8561.90006095024,12656.7631148981,0.00737791024301708,TRUE
"fixed_W_local_level","learned_pseudoresidual_normalized","future_conditional_mean_width_t003",1.00000532549017,8561.90006095024,12656.7631148981,0.00737791024301708,TRUE
"fixed_W_local_level","learned_pseudoresidual_normalized","future_conditional_mean_width_t004",1.00000532549017,8561.90006095024,12656.7631148981,0.00737791024301708,TRUE
"fixed_W_local_level","learned_pseudoresidual_normalized","log_lambda",1.00004128472224,14538.7898307877,20836.2403856467,0.00180640327787255,TRUE
"frozen_trend_seasonal_discount","fixed_rate","train_lower_t001",1.0003639662489,19378.8745688238,19748.1832558055,0.00756388826781978,TRUE
"frozen_trend_seasonal_discount","fixed_rate","train_lower_t002",1.00018620932076,19052.1285724192,18763.1784979447,0.00710685521124852,TRUE
"frozen_trend_seasonal_discount","fixed_rate","train_lower_t003",0.999989353950975,20594.2676729849,19966.0307740542,0.00638423273732727,TRUE
"frozen_trend_seasonal_discount","fixed_rate","train_lower_t004",1.00001618991912,17294.3140656873,17969.954013163,0.00753221565128498,TRUE
"frozen_trend_seasonal_discount","fixed_rate","train_lower_t005",1.00013464559121,17635.2414654403,16761.3559670881,0.00711849916841689,TRUE
"frozen_trend_seasonal_discount","fixed_rate","train_lower_t006",1.00001663538933,17529.7973388996,17445.5326941514,0.00675746394795197,TRUE
"frozen_trend_seasonal_discount","fixed_rate","train_lower_t007",1.00001256124603,19492.2861392751,18313.1250017139,0.00599562034359651,TRUE
"frozen_trend_seasonal_discount","fixed_rate","train_lower_t008",0.99997697164167,16191.0704463264,14912.0035452965,0.00720977307317708,TRUE
"frozen_trend_seasonal_discount","fixed_rate","train_lower_t009",1.00010687955712,16577.4619470429,16799.9245075756,0.00699220316498221,TRUE
"frozen_trend_seasonal_discount","fixed_rate","train_lower_t010",1.00000085127622,16687.5027041884,16282.0008268912,0.00659946862485344,TRUE
"frozen_trend_seasonal_discount","fixed_rate","train_lower_t011",1.00004434783626,18174.9912429423,17482.5379967382,0.00592226426985183,TRUE
"frozen_trend_seasonal_discount","fixed_rate","train_lower_t012",0.999966068447649,15493.0117389555,14369.9418620219,0.00715916037339784,TRUE
"frozen_trend_seasonal_discount","fixed_rate","train_lower_t013",1.00001441736058,15702.7712337029,15127.6111106703,0.00706288370976576,TRUE
"frozen_trend_seasonal_discount","fixed_rate","train_lower_t014",1.00002061681977,16549.2027508209,16155.4124774715,0.00655241997247583,TRUE
"frozen_trend_seasonal_discount","fixed_rate","train_lower_t015",1.00006627126387,17253.8260211432,15612.9860249588,0.00604943411949293,TRUE
"frozen_trend_seasonal_discount","fixed_rate","train_lower_t016",0.999960284342239,15293.5892711825,13166.1769648197,0.00713007609705428,TRUE
"frozen_trend_seasonal_discount","fixed_rate","train_lower_t017",0.999961934863574,15750.1700497992,15277.1819721093,0.00710162462725484,TRUE
"frozen_trend_seasonal_discount","fixed_rate","train_lower_t018",1.00004061655116,16350.804595788,15141.3123085466,0.00661211516566357,TRUE
"frozen_trend_seasonal_discount","fixed_rate","train_lower_t019",1.00005100509046,16614.9447124883,15361.511059652,0.00626174702096472,TRUE
"frozen_trend_seasonal_discount","fixed_rate","train_lower_t020",0.99998323194691,14831.7406409716,13958.7269703738,0.00723184100697263,TRUE
"frozen_trend_seasonal_discount","fixed_rate","train_lower_t021",0.999961997321619,15598.9595279691,15326.9668460394,0.00727500917579204,TRUE
"frozen_trend_seasonal_discount","fixed_rate","train_lower_t022",1.00003669854609,16178.8001673574,15206.6939573186,0.0067949414690335,TRUE
"frozen_trend_seasonal_discount","fixed_rate","train_lower_t023",1.00008017308766,16488.2914112394,15088.7633335153,0.00660477255092238,TRUE
"frozen_trend_seasonal_discount","fixed_rate","train_lower_t024",0.999993397982798,14828.6643309462,14771.2634798313,0.00740490298544521,TRUE
"frozen_trend_seasonal_discount","fixed_rate","train_lower_t025",0.999985926465544,15746.6925104732,15797.7147832911,0.00760018667888907,TRUE
"frozen_trend_seasonal_discount","fixed_rate","train_lower_t026",0.999995442601349,15802.8818524309,15493.8648549307,0.00722477146995557,TRUE
"frozen_trend_seasonal_discount","fixed_rate","train_lower_t027",1.00001813070053,15924.8599177027,14620.8878083414,0.00707359459119723,TRUE
"frozen_trend_seasonal_discount","fixed_rate","train_lower_t028",1.00009470680109,14568.4039706616,14998.8247373703,0.00776545574634054,TRUE
"frozen_trend_seasonal_discount","fixed_rate","train_lower_t029",0.999972893741641,15551.3135239444,15433.9830292808,0.00809491944991584,TRUE
"frozen_trend_seasonal_discount","fixed_rate","train_lower_t030",0.999997401201315,15772.081614514,16080.4559086712,0.00772520576795351,TRUE
"frozen_trend_seasonal_discount","fixed_rate","train_lower_t031",1.00004733166897,16079.0210716698,15349.5804240734,0.00757563197881365,TRUE
"frozen_trend_seasonal_discount","fixed_rate","train_lower_t032",1.00000727974784,15132.5717341868,15167.6435612745,0.00810321265139796,TRUE
"frozen_trend_seasonal_discount","fixed_rate","train_lower_t033",0.999970890506312,16159.6819325289,16252.969581841,0.0086418902497137,TRUE
"frozen_trend_seasonal_discount","fixed_rate","train_lower_t034",0.999962569710334,16138.4976512832,16263.9142206264,0.00824649523278669,TRUE
"frozen_trend_seasonal_discount","fixed_rate","train_lower_t035",1.00002198005443,16254.5076667442,15974.2824988763,0.00827486113265995,TRUE
"frozen_trend_seasonal_discount","fixed_rate","train_lower_t036",1.00000343406207,15354.2044987429,15436.7645541578,0.0086896746264639,TRUE
"frozen_trend_seasonal_discount","fixed_rate","train_upper_t001",1.00000627596927,21156.6022821685,20201.4730826755,0.0065777243867538,TRUE
"frozen_trend_seasonal_discount","fixed_rate","train_upper_t002",1.00011074188847,19798.7853681635,18851.5816380004,0.0070104670820126,TRUE
"frozen_trend_seasonal_discount","fixed_rate","train_upper_t003",0.999962673595873,16828.5941365294,16828.8439158641,0.00819272677220618,TRUE
"frozen_trend_seasonal_discount","fixed_rate","train_upper_t004",0.99999761639419,19252.2170017368,18466.9387680548,0.00716672278056913,TRUE
"frozen_trend_seasonal_discount","fixed_rate","train_upper_t005",1.00006395251144,18487.0385713133,18391.2795774921,0.00625344390809924,TRUE
"frozen_trend_seasonal_discount","fixed_rate","train_upper_t006",1.00015106576122,17435.5673317061,16263.8194367007,0.00666615025429741,TRUE
"frozen_trend_seasonal_discount","fixed_rate","train_upper_t007",0.999980134600961,14970.7203275689,14681.2213981558,0.00801167705615316,TRUE
"frozen_trend_seasonal_discount","fixed_rate","train_upper_t008",1.00001367690542,18008.3936354471,17265.1295268657,0.00676263715377633,TRUE
"frozen_trend_seasonal_discount","fixed_rate","train_upper_t009",0.999958701843115,17856.7099619074,17925.3357188237,0.00599261678045187,TRUE
"frozen_trend_seasonal_discount","fixed_rate","train_upper_t010",0.99998055955902,16716.632164259,15630.4579309125,0.00647293334993522,TRUE
"frozen_trend_seasonal_discount","fixed_rate","train_upper_t011",0.999961928415836,14758.0269742538,14087.1652973574,0.00791192300628548,TRUE
"frozen_trend_seasonal_discount","fixed_rate","train_upper_t012",0.999959780727331,17264.2229700419,16606.6993953294,0.0065578319123884,TRUE
"frozen_trend_seasonal_discount","fixed_rate","train_upper_t013",1.00000687248215,17548.9066309122,17001.0506886811,0.0058571838179514,TRUE
"frozen_trend_seasonal_discount","fixed_rate","train_upper_t014",0.99997798880294,16785.9054191771,15671.8197641726,0.00637062925828445,TRUE
"frozen_trend_seasonal_discount","fixed_rate","train_upper_t015",0.999968054059175,14191.3095230113,13919.417841205,0.00788235278090398,TRUE
"frozen_trend_seasonal_discount","fixed_rate","train_upper_t016",1.00000701337703,16609.6251585812,15521.9830280301,0.00652066693031451,TRUE
"frozen_trend_seasonal_discount","fixed_rate","train_upper_t017",0.99998117961838,17648.6221173833,17406.5860054363,0.005849980271423,TRUE
"frozen_trend_seasonal_discount","fixed_rate","train_upper_t018",0.999962683344533,16539.5579184357,15147.4324777168,0.00644258874224295,TRUE
"frozen_trend_seasonal_discount","fixed_rate","train_upper_t019",1.00000820256493,14002.5117377779,13625.2598313988,0.00796967181719793,TRUE
"frozen_trend_seasonal_discount","fixed_rate","train_upper_t020",1.00009492664067,15960.5248806572,15777.5818687494,0.00666712102037424,TRUE
"frozen_trend_seasonal_discount","fixed_rate","train_upper_t021",1.00000302917329,17188.1784597949,16895.6326668353,0.00605054474157852,TRUE
"frozen_trend_seasonal_discount","fixed_rate","train_upper_t022",1.00000486830146,15967.3989497606,15294.8345330838,0.00672873020400399,TRUE
"frozen_trend_seasonal_discount","fixed_rate","train_upper_t023",1.00014308268505,14244.5534552473,14257.3747838003,0.00807167114577555,TRUE
"frozen_trend_seasonal_discount","fixed_rate","train_upper_t024",1.00002976745987,15898.2590420853,15626.3703491225,0.00685412816988967,TRUE
"frozen_trend_seasonal_discount","fixed_rate","train_upper_t025",1.00001392607141,17402.1407158289,17863.197000879,0.00634536867605113,TRUE
"frozen_trend_seasonal_discount","fixed_rate","train_upper_t026",1.00009599570958,16164.1918250477,16427.9017634386,0.00700593441965854,TRUE
"frozen_trend_seasonal_discount","fixed_rate","train_upper_t027",1.00004640657582,14848.6415209989,14183.509195548,0.00824335504191662,TRUE
"frozen_trend_seasonal_discount","fixed_rate","train_upper_t028",1.00019908892873,15918.6950958825,16005.0436848088,0.00714222395529313,TRUE
"frozen_trend_seasonal_discount","fixed_rate","train_upper_t029",0.999999557176774,17196.8013388127,17584.1940238635,0.00687122063467712,TRUE
"frozen_trend_seasonal_discount","fixed_rate","train_upper_t030",1.00003398282021,16573.9584768833,16692.6634869697,0.00739753927587462,TRUE
"frozen_trend_seasonal_discount","fixed_rate","train_upper_t031",1.00011413662747,15778.0483501756,14522.9358097143,0.00852892419858683,TRUE
"frozen_trend_seasonal_discount","fixed_rate","train_upper_t032",1.00004745814775,16331.8384007481,16445.4684848947,0.00756417613063906,TRUE
"frozen_trend_seasonal_discount","fixed_rate","train_upper_t033",0.999966459625468,17716.9342551128,17874.9299396045,0.0074149825530986,TRUE
"frozen_trend_seasonal_discount","fixed_rate","train_upper_t034",1.0000370026547,16318.1428846318,16575.4675101591,0.00807462629775062,TRUE
"frozen_trend_seasonal_discount","fixed_rate","train_upper_t035",1.00004060642645,15676.3193877592,14922.4787646362,0.00913198414429894,TRUE
"frozen_trend_seasonal_discount","fixed_rate","train_upper_t036",0.999994497118946,17038.6329077657,16665.2068234732,0.00808792709789998,TRUE
"frozen_trend_seasonal_discount","fixed_rate","train_midpoint_t001",1.00027604364393,20612.3540644852,20539.0250431122,0.00535416397142439,TRUE
"frozen_trend_seasonal_discount","fixed_rate","train_midpoint_t002",1.00000880057066,19444.4991755826,20681.7340648343,0.00533687451760554,TRUE
"frozen_trend_seasonal_discount","fixed_rate","train_midpoint_t003",0.999987856080816,18373.8433335691,17790.1257574119,0.00553505047513801,TRUE
"frozen_trend_seasonal_discount","fixed_rate","train_midpoint_t004",1.00000340410214,17834.1302435636,19323.9436477284,0.00558290776020856,TRUE
"frozen_trend_seasonal_discount","fixed_rate","train_midpoint_t005",1.00009551399353,17791.8643926577,18545.3236600288,0.00505709507277941,TRUE
"frozen_trend_seasonal_discount","fixed_rate","train_midpoint_t006",1.00022175398515,17131.7048509539,18747.3886886734,0.00505100069381938,TRUE
"frozen_trend_seasonal_discount","fixed_rate","train_midpoint_t007",1.00000514080384,16090.3535674891,16108.7242663234,0.00535703517588906,TRUE
"frozen_trend_seasonal_discount","fixed_rate","train_midpoint_t008",0.999975380011028,15685.3349424466,17536.7990992064,0.00537685827945425,TRUE
"frozen_trend_seasonal_discount","fixed_rate","train_midpoint_t009",1.00005139876487,16753.9187773281,18923.1000962255,0.00489214861608937,TRUE
"frozen_trend_seasonal_discount","fixed_rate","train_midpoint_t010",0.999968751337973,16183.1570644546,17824.3902108677,0.0049654901586527,TRUE
"frozen_trend_seasonal_discount","fixed_rate","train_midpoint_t011",1.00001650943122,14850.9566948426,15612.4581504305,0.00533133020101799,TRUE
"frozen_trend_seasonal_discount","fixed_rate","train_midpoint_t012",0.999984677339609,15357.7969968701,17138.2810769053,0.00519689133446017,TRUE
"frozen_trend_seasonal_discount","fixed_rate","train_midpoint_t013",0.999999126567055,15844.530576187,16821.6189767536,0.00492304172567368,TRUE
"frozen_trend_seasonal_discount","fixed_rate","train_midpoint_t014",0.999964799402556,15532.0549097413,17548.8371479659,0.00495057945216399,TRUE
"frozen_trend_seasonal_discount","fixed_rate","train_midpoint_t015",0.999983397610015,14049.0765473744,14958.9369200211,0.00539006792735473,TRUE
"frozen_trend_seasonal_discount","fixed_rate","train_midpoint_t016",0.999973037943226,14453.2210919078,16244.0102270966,0.00522685390773066,TRUE
"frozen_trend_seasonal_discount","fixed_rate","train_midpoint_t017",0.999961310462091,15670.7147307788,16755.0866446185,0.00493237901585114,TRUE
"frozen_trend_seasonal_discount","fixed_rate","train_midpoint_t018",0.999967578241177,15145.8592148288,16632.3424908583,0.00502730117625904,TRUE
"frozen_trend_seasonal_discount","fixed_rate","train_midpoint_t019",0.999973305405887,13712.2787310428,15228.9262761403,0.0054795759354625,TRUE
"frozen_trend_seasonal_discount","fixed_rate","train_midpoint_t020",1.00000768591603,13706.0707163617,15064.8723772564,0.00539097870077178,TRUE
"frozen_trend_seasonal_discount","fixed_rate","train_midpoint_t021",0.999984561048715,15427.1714356996,16672.9841899181,0.00507873614404244,TRUE
"frozen_trend_seasonal_discount","fixed_rate","train_midpoint_t022",1.0000282149982,14743.6473968773,16591.2790587308,0.00521888231470029,TRUE
"frozen_trend_seasonal_discount","fixed_rate","train_midpoint_t023",1.0000007843425,13559.3167870216,15284.9136471159,0.00564327444985412,TRUE
"frozen_trend_seasonal_discount","fixed_rate","train_midpoint_t024",1.00010228979945,13468.4558841754,16167.345239604,0.00557744222328561,TRUE
"frozen_trend_seasonal_discount","fixed_rate","train_midpoint_t025",1.00000940998467,15577.1867962991,16627.7211705937,0.00532523885983086,TRUE
"frozen_trend_seasonal_discount","fixed_rate","train_midpoint_t026",0.999997671300174,14287.8966485293,17305.1780255051,0.00556004595991878,TRUE
"frozen_trend_seasonal_discount","fixed_rate","train_midpoint_t027",1.00006234122998,13644.3734184308,15150.2008205859,0.00592454446026603,TRUE
"frozen_trend_seasonal_discount","fixed_rate","train_midpoint_t028",1.00008561209385,13550.1053602385,16841.866317903,0.00585182587145441,TRUE
"frozen_trend_seasonal_discount","fixed_rate","train_midpoint_t029",0.999985499812606,15463.6260521416,16780.4780135622,0.00573990985313994,TRUE
"frozen_trend_seasonal_discount","fixed_rate","train_midpoint_t030",0.999986487946417,14325.2149091281,16816.2053776539,0.00595571927693411,TRUE
"frozen_trend_seasonal_discount","fixed_rate","train_midpoint_t031",1.00007871686144,13859.5339985017,16149.3015821283,0.006316694488618,TRUE
"frozen_trend_seasonal_discount","fixed_rate","train_midpoint_t032",1.00006164567475,14161.9588159407,16374.4355175084,0.00614866864712382,TRUE
"frozen_trend_seasonal_discount","fixed_rate","train_midpoint_t033",0.999972880137673,16297.0380752757,17299.7250082579,0.00614105458574678,TRUE
"frozen_trend_seasonal_discount","fixed_rate","train_midpoint_t034",1.00000714550963,14852.8412768698,17388.6471213526,0.00640442724176656,TRUE
"frozen_trend_seasonal_discount","fixed_rate","train_midpoint_t035",1.00005585654741,14035.2254874796,17034.5080400012,0.00683010930378991,TRUE
"frozen_trend_seasonal_discount","fixed_rate","train_midpoint_t036",0.999982992732926,14842.3817281639,17548.9000760742,0.00656514368915323,TRUE
"frozen_trend_seasonal_discount","fixed_rate","train_width_t001",1.00017838105116,17686.0437721893,19842.6008078572,0.00927506345105666,TRUE
"frozen_trend_seasonal_discount","fixed_rate","train_width_t002",0.999960696100369,17172.9683480005,19264.0095765844,0.00915245005823259,TRUE
"frozen_trend_seasonal_discount","fixed_rate","train_width_t003",1.00000988580084,16470.3972029861,17589.1354234838,0.00961293164623265,TRUE
"frozen_trend_seasonal_discount","fixed_rate","train_width_t004",0.99997264939977,16421.6007619205,18502.1603871452,0.00958260638071263,TRUE
"frozen_trend_seasonal_discount","fixed_rate","train_width_t005",1.00009509998016,16432.0459396389,17814.8193889203,0.00875358092133584,TRUE
"frozen_trend_seasonal_discount","fixed_rate","train_width_t006",1.00003665467797,15713.5764012293,18078.8463946925,0.00874982004654161,TRUE
"frozen_trend_seasonal_discount","fixed_rate","train_width_t007",0.999973218990447,15053.5848228536,16308.8228852781,0.00918624090045358,TRUE
"frozen_trend_seasonal_discount","fixed_rate","train_width_t008",1.00005843643184,15050.4699882571,16076.9174540102,0.0091279172303212,TRUE
"frozen_trend_seasonal_discount","fixed_rate","train_width_t009",1.00003720655455,15467.1268795312,15859.0204834295,0.0085865355406906,TRUE
"frozen_trend_seasonal_discount","fixed_rate","train_width_t010",1.00001242605965,15287.3709338799,17694.4059223877,0.00849534863311318,TRUE
"frozen_trend_seasonal_discount","fixed_rate","train_width_t011",0.999974417194771,14612.793959066,15177.2355580301,0.00900242559297463,TRUE
"frozen_trend_seasonal_discount","fixed_rate","train_width_t012",1.0000017987203,14485.0062000671,16081.7195162223,0.00887467628208286,TRUE
"frozen_trend_seasonal_discount","fixed_rate","train_width_t013",1.00013730005422,14559.6921089555,16007.6746923191,0.00849457289983518,TRUE
"frozen_trend_seasonal_discount","fixed_rate","train_width_t014",1.00015222628807,15022.2744080037,16789.3628743299,0.00830241039209222,TRUE
"frozen_trend_seasonal_discount","fixed_rate","train_width_t015",1.00008275803281,13978.4517342153,15397.2006515533,0.00908003617103682,TRUE
"frozen_trend_seasonal_discount","fixed_rate","train_width_t016",1.00006705911846,14037.573299661,15171.048674428,0.00880746437864009,TRUE
"frozen_trend_seasonal_discount","fixed_rate","train_width_t017",0.999987616442455,14367.1050696613,16190.9653645829,0.0084851076558602,TRUE
"frozen_trend_seasonal_discount","fixed_rate","train_width_t018",1.00001736826636,14799.4070250748,16411.0009256628,0.00834570332932007,TRUE
"frozen_trend_seasonal_discount","fixed_rate","train_width_t019",1.00014311867676,13608.4423381582,14905.3088809798,0.00923487644757189,TRUE
"frozen_trend_seasonal_discount","fixed_rate","train_width_t020",1.00009696521099,13687.136628286,15390.5121116375,0.00889984666745198,TRUE
"frozen_trend_seasonal_discount","fixed_rate","train_width_t021",0.999998263133749,14143.3856154622,16272.1031579288,0.0087117833692031,TRUE
"frozen_trend_seasonal_discount","fixed_rate","train_width_t022",1.00007949512286,14527.9875340752,16555.6824662184,0.00853924783285381,TRUE
"frozen_trend_seasonal_discount","fixed_rate","train_width_t023",1.0002796112805,13368.7754259487,14270.667593128,0.00937641932095197,TRUE
"frozen_trend_seasonal_discount","fixed_rate","train_width_t024",1.00001774824269,13636.2060164628,15570.6585865168,0.00903278048011052,TRUE
"frozen_trend_seasonal_discount","fixed_rate","train_width_t025",1.00015236878892,14209.2870616369,15867.5086625869,0.00908052000775906,TRUE
"frozen_trend_seasonal_discount","fixed_rate","train_width_t026",1.00008042564028,14682.3579875871,16497.4488578026,0.00890757956902815,TRUE
"frozen_trend_seasonal_discount","fixed_rate","train_width_t027",1.00024597831828,13326.9797623475,14561.0219105586,0.00971128173419551,TRUE
"frozen_trend_seasonal_discount","fixed_rate","train_width_t028",1.00018325464481,13554.9155446386,16332.7927114345,0.00942291164716694,TRUE
"frozen_trend_seasonal_discount","fixed_rate","train_width_t029",0.999966935830727,14250.5416838517,16411.7299522782,0.00967510387599926,TRUE
"frozen_trend_seasonal_discount","fixed_rate","train_width_t030",1.00000775356137,15081.9935087324,16444.1294919376,0.00940634779041112,TRUE
"frozen_trend_seasonal_discount","fixed_rate","train_width_t031",1.00010702913441,14177.0084532431,14982.3570476199,0.0100264490199026,TRUE
"frozen_trend_seasonal_discount","fixed_rate","train_width_t032",1.00001160870963,14472.0805050542,16594.5044302941,0.00972609014483024,TRUE
"frozen_trend_seasonal_discount","fixed_rate","train_width_t033",0.999994283746596,14877.5844862471,15661.3607984284,0.0103777624789884,TRUE
"frozen_trend_seasonal_discount","fixed_rate","train_width_t034",0.999997911357259,15293.7566128156,17364.0057253115,0.0101888460715375,TRUE
"frozen_trend_seasonal_discount","fixed_rate","train_width_t035",1.00018340116016,14652.8196114861,16347.3218297518,0.0106914515652785,TRUE
"frozen_trend_seasonal_discount","fixed_rate","train_width_t036",0.999991660070066,15260.034784527,17074.0699391136,0.0103775069783294,TRUE
"frozen_trend_seasonal_discount","fixed_rate","observed_loss",1.00011158956539,13785.9942237682,17634.065192854,0.0185570337731681,TRUE
"frozen_trend_seasonal_discount","fixed_rate","terminal_state_midpoint_1",0.999991630649471,14477.8180143157,18055.6819460295,0.00459567891558594,TRUE
"frozen_trend_seasonal_discount","fixed_rate","terminal_state_midpoint_2",1.00003213810027,18463.8863052452,21003.1799545858,0.000192561564132931,TRUE
"frozen_trend_seasonal_discount","fixed_rate","terminal_state_midpoint_3",0.999963003729072,16060.5566337635,19916.6959000069,0.003890154001674,TRUE
"frozen_trend_seasonal_discount","fixed_rate","terminal_state_midpoint_4",1.00004471770915,15633.5736367245,18185.5403448428,0.00400662953707196,TRUE
"frozen_trend_seasonal_discount","fixed_rate","terminal_state_midpoint_5",0.999981325907074,14947.7280487416,19515.6032599343,0.00291163333071634,TRUE
"frozen_trend_seasonal_discount","fixed_rate","terminal_state_abs_separation_1",0.999959587233954,14462.3074403268,16566.3550865948,0.00803913725268028,TRUE
"frozen_trend_seasonal_discount","fixed_rate","terminal_state_abs_separation_2",0.999987024775512,16058.9802766613,15926.4241609712,0.00035802352437188,TRUE
"frozen_trend_seasonal_discount","fixed_rate","terminal_state_abs_separation_3",1.00056408865826,16557.4182876569,18684.8831912806,0.0062078756644157,TRUE
"frozen_trend_seasonal_discount","fixed_rate","terminal_state_abs_separation_4",1.00003290991251,16294.0169719398,17962.4459520057,0.00631882637172224,TRUE
"frozen_trend_seasonal_discount","fixed_rate","terminal_state_abs_separation_5",0.999966108964647,16641.079479869,17449.8886182807,0.00453851465858993,TRUE
"frozen_trend_seasonal_discount","fixed_rate","time0_state_midpoint_1",0.999984722554535,21938.1117870465,23036.281868075,0.00451067485072324,TRUE
"frozen_trend_seasonal_discount","fixed_rate","time0_state_midpoint_2",0.999967899606183,23790.5545844062,23056.878698077,0.00167759559300635,TRUE
"frozen_trend_seasonal_discount","fixed_rate","time0_state_midpoint_3",1.00003782291653,21611.29117082,23331.8599478133,0.0040900958485241,TRUE
"frozen_trend_seasonal_discount","fixed_rate","time0_state_midpoint_4",1.00000909340324,21344.7796744133,23775.8146737631,0.00385589284962092,TRUE
"frozen_trend_seasonal_discount","fixed_rate","time0_state_midpoint_5",1.0000306783736,22661.1192549059,23428.0090516496,0.00334252116496826,TRUE
"frozen_trend_seasonal_discount","fixed_rate","time0_state_abs_separation_1",0.999976090173324,20904.774608137,20948.7832360232,0.00686924054191404,TRUE
"frozen_trend_seasonal_discount","fixed_rate","time0_state_abs_separation_2",1.00017136374093,23824.986942433,22542.0293296805,0.00200949628420858,TRUE
"frozen_trend_seasonal_discount","fixed_rate","time0_state_abs_separation_3",1.00021327681299,22462.6842929694,21090.0592780978,0.00560332683375647,TRUE
"frozen_trend_seasonal_discount","fixed_rate","time0_state_abs_separation_4",1.00011494868324,21571.4648953971,20205.5019157196,0.00556672206509289,TRUE
"frozen_trend_seasonal_discount","fixed_rate","time0_state_abs_separation_5",0.999962112989031,21613.9407910388,21392.5450259361,0.00472772866502597,TRUE
"frozen_trend_seasonal_discount","fixed_rate","future_conditional_mean_lower_t001",0.999961924849244,16343.1974264368,16811.2099174099,0.00934306614005557,TRUE
"frozen_trend_seasonal_discount","fixed_rate","future_conditional_mean_lower_t002",0.999961204366117,16143.3892921494,16815.4752934645,0.00895017322270825,TRUE
"frozen_trend_seasonal_discount","fixed_rate","future_conditional_mean_lower_t003",0.999991778597788,16185.038023817,16259.2882496452,0.00888943787131473,TRUE
"frozen_trend_seasonal_discount","fixed_rate","future_conditional_mean_lower_t004",1.00002563491136,15502.3699598391,16062.9974536905,0.00922899611938316,TRUE
"frozen_trend_seasonal_discount","fixed_rate","future_conditional_mean_upper_t001",0.999975723014751,17796.1203649076,18247.65306724,0.00813537811124904,TRUE
"frozen_trend_seasonal_discount","fixed_rate","future_conditional_mean_upper_t002",1.0000467329924,16391.1280775851,16568.0858298363,0.00879380873781976,TRUE
"frozen_trend_seasonal_discount","fixed_rate","future_conditional_mean_upper_t003",1.00003017697244,15796.7970526794,15332.8951864554,0.00969585679489045,TRUE
"frozen_trend_seasonal_discount","fixed_rate","future_conditional_mean_upper_t004",0.99998418269792,16982.5835219456,16606.8506934846,0.00868081900115253,TRUE
"frozen_trend_seasonal_discount","fixed_rate","future_conditional_mean_midpoint_t001",0.999974991161489,16692.358175502,18369.3674769751,0.00669245417276385,TRUE
"frozen_trend_seasonal_discount","fixed_rate","future_conditional_mean_midpoint_t002",1.00001856895957,15019.9378041148,17730.5210242883,0.00699239005198074,TRUE
"frozen_trend_seasonal_discount","fixed_rate","future_conditional_mean_midpoint_t003",1.00007168298517,14350.8601548714,17131.7770266017,0.00730719147685109,TRUE
"frozen_trend_seasonal_discount","fixed_rate","future_conditional_mean_midpoint_t004",0.999987106277075,15082.6323805372,17528.5781014192,0.00699157595789381,TRUE
"frozen_trend_seasonal_discount","fixed_rate","future_conditional_mean_width_t001",0.999962981163974,15271.1683541025,17214.2611919344,0.0112823008109734,TRUE
"frozen_trend_seasonal_discount","fixed_rate","future_conditional_mean_width_t002",1.00014208708878,15695.1283628822,17011.5002689607,0.0109981229826988,TRUE
"frozen_trend_seasonal_discount","fixed_rate","future_conditional_mean_width_t003",1.00015531745696,14776.7330419204,16547.2708351136,0.0115030164404724,TRUE
"frozen_trend_seasonal_discount","fixed_rate","future_conditional_mean_width_t004",1.00002636567627,15425.4880940529,17488.3929193838,0.0111540826352717,TRUE
"frozen_trend_seasonal_discount","learned_pseudoresidual_normalized","train_lower_t001",1.00000952559279,19354.9187233731,19164.4043055206,0.00485604061422507,TRUE
"frozen_trend_seasonal_discount","learned_pseudoresidual_normalized","train_lower_t002",1.00017605217446,19416.2783557747,18691.3894404773,0.00420861913805874,TRUE
"frozen_trend_seasonal_discount","learned_pseudoresidual_normalized","train_lower_t003",1.00003366953125,19346.9150009775,18443.9110444604,0.00391272218366896,TRUE
"frozen_trend_seasonal_discount","learned_pseudoresidual_normalized","train_lower_t004",0.999980603718509,19214.6067568362,19864.1359664849,0.00402172185009526,TRUE
"frozen_trend_seasonal_discount","learned_pseudoresidual_normalized","train_lower_t005",0.999977007696018,18912.3144760009,18211.4871851538,0.003675712522883,TRUE
"frozen_trend_seasonal_discount","learned_pseudoresidual_normalized","train_lower_t006",1.00004286945726,19667.5242024733,18871.9108690185,0.00330316042747096,TRUE
"frozen_trend_seasonal_discount","learned_pseudoresidual_normalized","train_lower_t007",0.999969304930664,18767.2867203627,16839.9830903629,0.00331129393044138,TRUE
"frozen_trend_seasonal_discount","learned_pseudoresidual_normalized","train_lower_t008",0.99997122572818,17083.544529211,17830.6108685082,0.00346418691801748,TRUE
"frozen_trend_seasonal_discount","learned_pseudoresidual_normalized","train_lower_t009",0.999997182722338,17778.2542653417,17154.5902227646,0.00324604690529975,TRUE
"frozen_trend_seasonal_discount","learned_pseudoresidual_normalized","train_lower_t010",1.00000624446975,19022.9609205084,17533.4412288363,0.00301655872558422,TRUE
"frozen_trend_seasonal_discount","learned_pseudoresidual_normalized","train_lower_t011",0.999985629888016,18537.132214498,17372.3733409718,0.00302188627871216,TRUE
"frozen_trend_seasonal_discount","learned_pseudoresidual_normalized","train_lower_t012",1.00014308815496,17456.1392666906,17179.1651335374,0.00308061306041271,TRUE
"frozen_trend_seasonal_discount","learned_pseudoresidual_normalized","train_lower_t013",1.00008116662927,18224.5076876922,17241.8092448314,0.00303462965232676,TRUE
"frozen_trend_seasonal_discount","learned_pseudoresidual_normalized","train_lower_t014",0.999967556746456,18676.1328950821,16968.5052843121,0.00290709267459995,TRUE
"frozen_trend_seasonal_discount","learned_pseudoresidual_normalized","train_lower_t015",1.0001681580297,18480.2684948394,17652.0812773995,0.00286964162374693,TRUE
"frozen_trend_seasonal_discount","learned_pseudoresidual_normalized","train_lower_t016",1.00005341960572,19293.5174082237,18445.8598995709,0.00278498516977263,TRUE
"frozen_trend_seasonal_discount","learned_pseudoresidual_normalized","train_lower_t017",1.00000661074636,17130.8835072336,15951.1486457734,0.00301197789084149,TRUE
"frozen_trend_seasonal_discount","learned_pseudoresidual_normalized","train_lower_t018",1.00003688470598,17801.0707291947,17084.5653630759,0.00286739493857414,TRUE
"frozen_trend_seasonal_discount","learned_pseudoresidual_normalized","train_lower_t019",0.999973883908881,17396.1897072765,16117.0710439903,0.00288074739981212,TRUE
"frozen_trend_seasonal_discount","learned_pseudoresidual_normalized","train_lower_t020",0.99995838932649,17972.1512467553,17933.7924624625,0.00279034748169362,TRUE
"frozen_trend_seasonal_discount","learned_pseudoresidual_normalized","train_lower_t021",1.00000086944532,16599.137718507,16298.222443086,0.00307286173786,TRUE
"frozen_trend_seasonal_discount","learned_pseudoresidual_normalized","train_lower_t022",1.00008788902678,18135.3121690834,15779.2196858461,0.00287854597603176,TRUE
"frozen_trend_seasonal_discount","learned_pseudoresidual_normalized","train_lower_t023",1.00002209878779,17635.611970623,16057.1879901967,0.00287220382086241,TRUE
"frozen_trend_seasonal_discount","learned_pseudoresidual_normalized","train_lower_t024",1.00006116993806,17616.1491401595,16587.215564504,0.0029279223487032,TRUE
"frozen_trend_seasonal_discount","learned_pseudoresidual_normalized","train_lower_t025",1.00007324017799,16966.0612163016,15042.2718076016,0.00316500563150142,TRUE
"frozen_trend_seasonal_discount","learned_pseudoresidual_normalized","train_lower_t026",1.00011863734336,15904.2519163306,14419.5824002972,0.00325635252996063,TRUE
"frozen_trend_seasonal_discount","learned_pseudoresidual_normalized","train_lower_t027",1.00000829872562,17431.9297261875,15434.8520880675,0.00309947002167959,TRUE
"frozen_trend_seasonal_discount","learned_pseudoresidual_normalized","train_lower_t028",0.999959384648737,17284.6238453871,16291.7859840971,0.00310284226415682,TRUE
"frozen_trend_seasonal_discount","learned_pseudoresidual_normalized","train_lower_t029",0.999992207232588,16475.1406246256,14891.9759027101,0.00352540741363408,TRUE
"frozen_trend_seasonal_discount","learned_pseudoresidual_normalized","train_lower_t030",1.00005983144843,16352.7611361985,14940.8929979252,0.00352768699769569,TRUE
"frozen_trend_seasonal_discount","learned_pseudoresidual_normalized","train_lower_t031",0.999995658511445,17980.8571426101,17088.4961933416,0.0033486954966104,TRUE
"frozen_trend_seasonal_discount","learned_pseudoresidual_normalized","train_lower_t032",0.999974965309467,16421.2226790361,16616.1854465073,0.00349099366344913,TRUE
"frozen_trend_seasonal_discount","learned_pseudoresidual_normalized","train_lower_t033",1.0005293404426,16631.9567915738,16177.6115090613,0.00399061712146794,TRUE
"frozen_trend_seasonal_discount","learned_pseudoresidual_normalized","train_lower_t034",0.999982608477816,16652.9487107451,16245.3952281613,0.0039399662029374,TRUE
"frozen_trend_seasonal_discount","learned_pseudoresidual_normalized","train_lower_t035",1.00009588783846,18754.2508872569,17876.4808241217,0.00373482422966314,TRUE
"frozen_trend_seasonal_discount","learned_pseudoresidual_normalized","train_lower_t036",0.999964444222785,17919.0612328094,16523.7969649157,0.00384965060992715,TRUE
"frozen_trend_seasonal_discount","learned_pseudoresidual_normalized","train_upper_t001",1.00018344759053,20179.3880398885,19672.6203095772,0.00420833813204982,TRUE
"frozen_trend_seasonal_discount","learned_pseudoresidual_normalized","train_upper_t002",1.00012513710731,19480.0644029845,19119.8164516622,0.00420017267292684,TRUE
"frozen_trend_seasonal_discount","learned_pseudoresidual_normalized","train_upper_t003",1.00012005371258,18929.4087623641,18947.8346526377,0.00430572532628431,TRUE
"frozen_trend_seasonal_discount","learned_pseudoresidual_normalized","train_upper_t004",1.00000185269798,18898.3427380922,18747.5531811132,0.00408963670727182,TRUE
"frozen_trend_seasonal_discount","learned_pseudoresidual_normalized","train_upper_t005",1.00014837150178,19704.8023862399,18713.839019038,0.00337684352655107,TRUE
"frozen_trend_seasonal_discount","learned_pseudoresidual_normalized","train_upper_t006",1.00003783883749,17875.7468113743,17046.2734349394,0.0035986986761133,TRUE
"frozen_trend_seasonal_discount","learned_pseudoresidual_normalized","train_upper_t007",1.00033486135574,16926.8540663667,17333.6494503359,0.00364605934635718,TRUE
"frozen_trend_seasonal_discount","learned_pseudoresidual_normalized","train_upper_t008",0.999990192990443,17243.165373769,17973.3432322303,0.00354333527823228,TRUE
"frozen_trend_seasonal_discount","learned_pseudoresidual_normalized","train_upper_t009",0.999959689194802,19029.7630373111,18799.0357276715,0.00304610366146212,TRUE
"frozen_trend_seasonal_discount","learned_pseudoresidual_normalized","train_upper_t010",0.999998447372134,17528.6055149075,16044.4313656956,0.00328920543996007,TRUE
"frozen_trend_seasonal_discount","learned_pseudoresidual_normalized","train_upper_t011",1.00004373453558,18733.8756814561,17527.2007488268,0.00308643402144923,TRUE
"frozen_trend_seasonal_discount","learned_pseudoresidual_normalized","train_upper_t012",1.00010842260568,18453.1797060155,17925.9774864997,0.00305438327922315,TRUE
"frozen_trend_seasonal_discount","learned_pseudoresidual_normalized","train_upper_t013",1.00000234332365,17935.9559172202,17344.778488449,0.002945461785694,TRUE
"frozen_trend_seasonal_discount","learned_pseudoresidual_normalized","train_upper_t014",0.99996797054716,17594.3731696246,16678.8922506638,0.00307654406934836,TRUE
"frozen_trend_seasonal_discount","learned_pseudoresidual_normalized","train_upper_t015",1.00005865421562,16964.352231643,16844.3619681106,0.00306096702401377,TRUE
"frozen_trend_seasonal_discount","learned_pseudoresidual_normalized","train_upper_t016",1.00009205896292,18721.2852127807,17085.732826924,0.00285610705585837,TRUE
"frozen_trend_seasonal_discount","learned_pseudoresidual_normalized","train_upper_t017",1.00015679775221,17594.4691599243,17290.9951186308,0.00292322343808621,TRUE
"frozen_trend_seasonal_discount","learned_pseudoresidual_normalized","train_upper_t018",0.999980017637727,17485.9334048485,16116.7892897595,0.00299961525068946,TRUE
"frozen_trend_seasonal_discount","learned_pseudoresidual_normalized","train_upper_t019",1.00003107916702,17344.9778139255,16450.0905436344,0.00291461778469036,TRUE
"frozen_trend_seasonal_discount","learned_pseudoresidual_normalized","train_upper_t020",1.00034576697005,18202.4348931848,16681.6445074802,0.00281382866115705,TRUE
"frozen_trend_seasonal_discount","learned_pseudoresidual_normalized","train_upper_t021",1.000068604197,17700.988991667,16284.7112650712,0.00294916792768066,TRUE
"frozen_trend_seasonal_discount","learned_pseudoresidual_normalized","train_upper_t022",1.00001460510622,17585.9997111593,15727.7294012394,0.00304161836698671,TRUE
"frozen_trend_seasonal_discount","learned_pseudoresidual_normalized","train_upper_t023",1.00011891852078,16275.2185410293,15096.8913885851,0.00305881334761237,TRUE
"frozen_trend_seasonal_discount","learned_pseudoresidual_normalized","train_upper_t024",0.999975050404472,17492.618081093,17006.2633466685,0.00292993523065258,TRUE
"frozen_trend_seasonal_discount","learned_pseudoresidual_normalized","train_upper_t025",1.00006082614521,17369.3031336902,16293.6667136202,0.00312846486364359,TRUE
"frozen_trend_seasonal_discount","learned_pseudoresidual_normalized","train_upper_t026",1.00004239140198,16980.8267428506,15781.5926342241,0.00323265644598131,TRUE
"frozen_trend_seasonal_discount","learned_pseudoresidual_normalized","train_upper_t027",1.00003078818556,16289.1032454127,14799.4972278619,0.00323205623765356,TRUE
"frozen_trend_seasonal_discount","learned_pseudoresidual_normalized","train_upper_t028",1.00013630350446,16216.1305976221,15573.8883246575,0.00319853379027262,TRUE
"frozen_trend_seasonal_discount","learned_pseudoresidual_normalized","train_upper_t029",1.0001762940391,17019.3102675871,15537.4960242266,0.00348620042532614,TRUE
"frozen_trend_seasonal_discount","learned_pseudoresidual_normalized","train_upper_t030",0.999964664852405,16055.3247086635,15974.6825018072,0.00358927807737483,TRUE
"frozen_trend_seasonal_discount","learned_pseudoresidual_normalized","train_upper_t031",0.999987294471209,16927.0273959436,15831.0760284309,0.00346377033051926,TRUE
"frozen_trend_seasonal_discount","learned_pseudoresidual_normalized","train_upper_t032",1.00009679782601,16959.7505225838,15542.7127910352,0.00341150902104255,TRUE
"frozen_trend_seasonal_discount","learned_pseudoresidual_normalized","train_upper_t033",1.00000255084931,17302.5205186506,16070.7591976416,0.00390868413112306,TRUE
"frozen_trend_seasonal_discount","learned_pseudoresidual_normalized","train_upper_t034",1.0002109238182,16768.816687865,16574.4203611012,0.00397995269655708,TRUE
"frozen_trend_seasonal_discount","learned_pseudoresidual_normalized","train_upper_t035",0.99996468955609,17085.2826743537,16122.7925286398,0.00391862767431749,TRUE
"frozen_trend_seasonal_discount","learned_pseudoresidual_normalized","train_upper_t036",1.00009089864695,17874.5407585134,18034.7847960432,0.0037595353833509,TRUE
"frozen_trend_seasonal_discount","learned_pseudoresidual_normalized","train_midpoint_t001",1.00000442874806,19905.8715915367,20581.1782857199,0.00346577489730896,TRUE
"frozen_trend_seasonal_discount","learned_pseudoresidual_normalized","train_midpoint_t002",1.00020183216184,17963.1734999093,19078.1449303308,0.00332572408028183,TRUE
"frozen_trend_seasonal_discount","learned_pseudoresidual_normalized","train_midpoint_t003",1.0001445113499,18461.4628560798,19146.5515552902,0.00318615511838996,TRUE
"frozen_trend_seasonal_discount","learned_pseudoresidual_normalized","train_midpoint_t004",0.999967115919517,19083.5770474414,20327.5767166294,0.00309484259527036,TRUE
"frozen_trend_seasonal_discount","learned_pseudoresidual_normalized","train_midpoint_t005",1.00009095319932,18375.7775036997,18968.4803177549,0.00270533887683058,TRUE
"frozen_trend_seasonal_discount","learned_pseudoresidual_normalized","train_midpoint_t006",1.00008336524214,17434.4150896726,19582.8615735224,0.00268017046463185,TRUE
"frozen_trend_seasonal_discount","learned_pseudoresidual_normalized","train_midpoint_t007",1.00006383217574,17022.7296645325,18134.4917024395,0.00265077278123186,TRUE
"frozen_trend_seasonal_discount","learned_pseudoresidual_normalized","train_midpoint_t008",0.999995264392368,17504.8826330729,19692.3655776933,0.00258887099648291,TRUE
"frozen_trend_seasonal_discount","learned_pseudoresidual_normalized","train_midpoint_t009",0.999999328268574,18609.9387953197,19698.3815796705,0.0023377717346773,TRUE
"frozen_trend_seasonal_discount","learned_pseudoresidual_normalized","train_midpoint_t010",1.00012546710433,16786.0366938783,17823.7596471819,0.00242675124344955,TRUE
"frozen_trend_seasonal_discount","learned_pseudoresidual_normalized","train_midpoint_t011",1.00005197212576,18203.8968868332,19935.6624861594,0.00231312643777446,TRUE
"frozen_trend_seasonal_discount","learned_pseudoresidual_normalized","train_midpoint_t012",1.00002249449847,18155.8980045909,19249.7658780327,0.00228302282576275,TRUE
"frozen_trend_seasonal_discount","learned_pseudoresidual_normalized","train_midpoint_t013",1.00000622022047,17973.3794539432,19472.388334905,0.00223077182819322,TRUE
"frozen_trend_seasonal_discount","learned_pseudoresidual_normalized","train_midpoint_t014",1.00000885030569,17947.5430316687,18824.1231842746,0.00222270363313641,TRUE
"frozen_trend_seasonal_discount","learned_pseudoresidual_normalized","train_midpoint_t015",1.00018472757277,17046.2209505443,18971.7050013841,0.00222864462621432,TRUE
"frozen_trend_seasonal_discount","learned_pseudoresidual_normalized","train_midpoint_t016",1.00010706640183,18765.7532759205,18826.6960906179,0.00210238076232555,TRUE
"frozen_trend_seasonal_discount","learned_pseudoresidual_normalized","train_midpoint_t017",1.00004738089247,16588.0464395818,16964.5671603444,0.00224906258031913,TRUE
"frozen_trend_seasonal_discount","learned_pseudoresidual_normalized","train_midpoint_t018",1.00003253181424,17106.0864230984,18600.4705865286,0.00219459265943378,TRUE
"frozen_trend_seasonal_discount","learned_pseudoresidual_normalized","train_midpoint_t019",1.00001080989512,16543.6087955938,18321.8156249606,0.00219659864990185,TRUE
"frozen_trend_seasonal_discount","learned_pseudoresidual_normalized","train_midpoint_t020",1.00007777283047,18531.8798870297,18520.3096909477,0.00205792369517585,TRUE
"frozen_trend_seasonal_discount","learned_pseudoresidual_normalized","train_midpoint_t021",0.999974286959939,16305.9237080049,17038.6722510422,0.00228006421149479,TRUE
"frozen_trend_seasonal_discount","learned_pseudoresidual_normalized","train_midpoint_t022",0.999962530517402,16834.2405307108,17847.1549054589,0.00224807175196447,TRUE
"frozen_trend_seasonal_discount","learned_pseudoresidual_normalized","train_midpoint_t023",0.999996728007404,16147.1168224564,16393.0735247041,0.00223270048540955,TRUE
"frozen_trend_seasonal_discount","learned_pseudoresidual_normalized","train_midpoint_t024",0.999961366724228,17131.3374710844,18871.6140808458,0.00219251484319748,TRUE
"frozen_trend_seasonal_discount","learned_pseudoresidual_normalized","train_midpoint_t025",1.00000211615587,16047.2751500696,17722.223217339,0.00240351738775476,TRUE
"frozen_trend_seasonal_discount","learned_pseudoresidual_normalized","train_midpoint_t026",1.00005748262363,15726.8339569035,16951.426907628,0.00243610320639626,TRUE
"frozen_trend_seasonal_discount","learned_pseudoresidual_normalized","train_midpoint_t027",1.00003575524577,16227.0848071942,16836.116013488,0.00237416619945027,TRUE
"frozen_trend_seasonal_discount","learned_pseudoresidual_normalized","train_midpoint_t028",1.00001680996436,15116.9869261991,17419.21803305,0.00245470279576335,TRUE
"frozen_trend_seasonal_discount","learned_pseudoresidual_normalized","train_midpoint_t029",1.0001390185016,15190.4884119978,16991.7323950087,0.00270518679068329,TRUE
"frozen_trend_seasonal_discount","learned_pseudoresidual_normalized","train_midpoint_t030",1.00005002759754,15192.5150600287,15970.2410626713,0.0027071090437122,TRUE
"frozen_trend_seasonal_discount","learned_pseudoresidual_normalized","train_midpoint_t031",0.999998092593791,16735.2624127362,18169.1838530462,0.00255437149190137,TRUE
"frozen_trend_seasonal_discount","learned_pseudoresidual_normalized","train_midpoint_t032",1.00005291465373,15663.0015921909,17255.8967589287,0.00264358532263498,TRUE
"frozen_trend_seasonal_discount","learned_pseudoresidual_normalized","train_midpoint_t033",1.00031175413134,15808.1916479122,16646.7703610989,0.00305819777472525,TRUE
"frozen_trend_seasonal_discount","learned_pseudoresidual_normalized","train_midpoint_t034",1.00013173414588,16155.6555651833,17811.6592184328,0.00300040011350453,TRUE
"frozen_trend_seasonal_discount","learned_pseudoresidual_normalized","train_midpoint_t035",0.999975347003893,17064.4003472947,17532.9917640626,0.00290965802681176,TRUE
"frozen_trend_seasonal_discount","learned_pseudoresidual_normalized","train_midpoint_t036",1.00016360073828,16922.882584237,18317.3974877886,0.00293647767612187,TRUE
"frozen_trend_seasonal_discount","learned_pseudoresidual_normalized","train_width_t001",1.0002602774458,16361.0041292446,17718.4542049576,0.00586534290194923,TRUE
"frozen_trend_seasonal_discount","learned_pseudoresidual_normalized","train_width_t002",1.00004348286201,17133.9108513557,17542.5255255636,0.00530399701065655,TRUE
"frozen_trend_seasonal_discount","learned_pseudoresidual_normalized","train_width_t003",0.999973009756652,16952.9883894545,17681.398766421,0.00522089853504087,TRUE
"frozen_trend_seasonal_discount","learned_pseudoresidual_normalized","train_width_t004",0.999964008196724,16193.0220029117,17618.9292324146,0.00529101340683788,TRUE
"frozen_trend_seasonal_discount","learned_pseudoresidual_normalized","train_width_t005",1.00011386113486,17013.366482152,18075.2413595996,0.00454463756090932,TRUE
"frozen_trend_seasonal_discount","learned_pseudoresidual_normalized","train_width_t006",1.00009115025612,16734.5707311849,17561.4007438741,0.00445108816537263,TRUE
"frozen_trend_seasonal_discount","learned_pseudoresidual_normalized","train_width_t007",1.00005539298498,16507.3656642663,17208.23453971,0.00444497517962249,TRUE
"frozen_trend_seasonal_discount","learned_pseudoresidual_normalized","train_width_t008",0.999971368738923,14446.5575570494,16169.8071594675,0.00482368601613367,TRUE
"frozen_trend_seasonal_discount","learned_pseudoresidual_normalized","train_width_t009",0.99999173368807,16167.6247187627,16006.5226641021,0.00419185224969974,TRUE
"frozen_trend_seasonal_discount","learned_pseudoresidual_normalized","train_width_t010",0.99998479126844,16772.1217484445,16986.4809235578,0.00410787730542741,TRUE
"frozen_trend_seasonal_discount","learned_pseudoresidual_normalized","train_width_t011",1.00011442194252,16527.0155318328,17652.3249580589,0.00401901035689649,TRUE
"frozen_trend_seasonal_discount","learned_pseudoresidual_normalized","train_width_t012",1.0001940536287,15767.0450536463,17022.3529505037,0.00406322664875111,TRUE
"frozen_trend_seasonal_discount","learned_pseudoresidual_normalized","train_width_t013",0.999975784049514,15997.3582336572,16762.2787474455,0.00395526321016304,TRUE
"frozen_trend_seasonal_discount","learned_pseudoresidual_normalized","train_width_t014",0.999962069428076,15291.0213368673,16379.0556733078,0.00405538119827671,TRUE
"frozen_trend_seasonal_discount","learned_pseudoresidual_normalized","train_width_t015",0.999966048119243,16754.1649711483,16845.1937562151,0.00375677505155357,TRUE
"frozen_trend_seasonal_discount","learned_pseudoresidual_normalized","train_width_t016",1.00015370747454,16452.2844776299,16864.108468047,0.00381519710914493,TRUE
"frozen_trend_seasonal_discount","learned_pseudoresidual_normalized","train_width_t017",1.00023404806927,15375.3526223995,16225.0113983793,0.0038888595608871,TRUE
"frozen_trend_seasonal_discount","learned_pseudoresidual_normalized","train_width_t018",0.999968695546507,15777.8114647804,16064.1739370934,0.00389645465705292,TRUE
"frozen_trend_seasonal_discount","learned_pseudoresidual_normalized","train_width_t019",0.999962196519792,15741.9581168583,17040.217808697,0.00378464633334701,TRUE
"frozen_trend_seasonal_discount","learned_pseudoresidual_normalized","train_width_t020",1.00016813024401,14169.1883434217,15451.0595561653,0.00393155746743406,TRUE
"frozen_trend_seasonal_discount","learned_pseudoresidual_normalized","train_width_t021",1.00014278503273,15240.1959739326,16423.6202894673,0.00394535628303676,TRUE
"frozen_trend_seasonal_discount","learned_pseudoresidual_normalized","train_width_t022",1.00002180616868,15876.3448609786,16439.7458566666,0.00386066005652078,TRUE
"frozen_trend_seasonal_discount","learned_pseudoresidual_normalized","train_width_t023",1.00014228781263,15302.8397979,16168.2185735168,0.0039079193911039,TRUE
"frozen_trend_seasonal_discount","learned_pseudoresidual_normalized","train_width_t024",0.999971880837311,15475.4277262691,17301.4543224467,0.00384605090739728,TRUE
"frozen_trend_seasonal_discount","learned_pseudoresidual_normalized","train_width_t025",0.9999868099875,15352.3168962601,15185.9982239375,0.00406247646234398,TRUE
"frozen_trend_seasonal_discount","learned_pseudoresidual_normalized","train_width_t026",1.00003293596139,14448.8329142381,15616.6046690814,0.0042450575965691,TRUE
"frozen_trend_seasonal_discount","learned_pseudoresidual_normalized","train_width_t027",1.00009405619145,14522.8446383538,15433.1687516322,0.00418031785028173,TRUE
"frozen_trend_seasonal_discount","learned_pseudoresidual_normalized","train_width_t028",1.00003208463029,15846.0478931971,16094.6657586639,0.00403874250354043,TRUE
"frozen_trend_seasonal_discount","learned_pseudoresidual_normalized","train_width_t029",0.999991843945288,15301.1467627242,16984.2784850547,0.00445041156887467,TRUE
"frozen_trend_seasonal_discount","learned_pseudoresidual_normalized","train_width_t030",1.00021969914836,13959.3526636587,15340.430750046,0.00470035682531089,TRUE
"frozen_trend_seasonal_discount","learned_pseudoresidual_normalized","train_width_t031",1.00001377766569,14944.0777075932,15929.6447664445,0.00451449393782208,TRUE
"frozen_trend_seasonal_discount","learned_pseudoresidual_normalized","train_width_t032",1.00017286477909,14580.8395035686,15872.8869153763,0.00448340029018444,TRUE
"frozen_trend_seasonal_discount","learned_pseudoresidual_normalized","train_width_t033",1.00022201603171,15629.737720516,16428.3382462945,0.00491547892927464,TRUE
"frozen_trend_seasonal_discount","learned_pseudoresidual_normalized","train_width_t034",1.0000593222502,14315.7616199024,15732.2911734244,0.00523061816710965,TRUE
"frozen_trend_seasonal_discount","learned_pseudoresidual_normalized","train_width_t035",1.0000454757946,14535.0878003806,17032.5139709044,0.00509523621774105,TRUE
"frozen_trend_seasonal_discount","learned_pseudoresidual_normalized","train_width_t036",1.00017639844373,15705.3153058987,17215.2706260924,0.00487686955845346,TRUE
"frozen_trend_seasonal_discount","learned_pseudoresidual_normalized","observed_loss",1.00014004800234,10110.9266285713,15462.7864223056,0.00459976044314991,TRUE
"frozen_trend_seasonal_discount","learned_pseudoresidual_normalized","terminal_state_midpoint_1",1.00026746838625,16702.2804156801,19627.0824056765,0.00191764671219361,TRUE
"frozen_trend_seasonal_discount","learned_pseudoresidual_normalized","terminal_state_midpoint_2",0.999997905045363,19954.3209832486,23132.4378404021,0.000107231225343321,TRUE
"frozen_trend_seasonal_discount","learned_pseudoresidual_normalized","terminal_state_midpoint_3",0.999996163155885,16632.4549042674,20067.0457345333,0.00206731834072098,TRUE
"frozen_trend_seasonal_discount","learned_pseudoresidual_normalized","terminal_state_midpoint_4",1.00008713382708,18093.5996775667,20608.6802109257,0.00209028157579129,TRUE
"frozen_trend_seasonal_discount","learned_pseudoresidual_normalized","terminal_state_midpoint_5",1.00004879056421,17033.6107586143,19566.7878489894,0.00147478125632683,TRUE
"frozen_trend_seasonal_discount","learned_pseudoresidual_normalized","terminal_state_abs_separation_1",1.00002046571036,15327.8916190955,16152.1627954168,0.00355198491033531,TRUE
"frozen_trend_seasonal_discount","learned_pseudoresidual_normalized","terminal_state_abs_separation_2",0.999981018773084,18828.2862220601,19835.1289377877,0.000177457401261631,TRUE
"frozen_trend_seasonal_discount","learned_pseudoresidual_normalized","terminal_state_abs_separation_3",1.00005788514982,18027.3958325525,19579.5856253063,0.00317023417152193,TRUE
"frozen_trend_seasonal_discount","learned_pseudoresidual_normalized","terminal_state_abs_separation_4",1.00004896793278,17136.8933898629,18257.884383496,0.00338972410910282,TRUE
"frozen_trend_seasonal_discount","learned_pseudoresidual_normalized","terminal_state_abs_separation_5",1.00016883994726,17396.2118521808,20544.7334983029,0.00238954140395263,TRUE
"frozen_trend_seasonal_discount","learned_pseudoresidual_normalized","time0_state_midpoint_1",0.999977761198871,23049.3052831865,23709.0277131316,0.00366133993621937,TRUE
"frozen_trend_seasonal_discount","learned_pseudoresidual_normalized","time0_state_midpoint_2",0.999995364827449,23130.1130190757,22857.5025107895,0.00170042109045361,TRUE
"frozen_trend_seasonal_discount","learned_pseudoresidual_normalized","time0_state_midpoint_3",0.999994584585417,23134.2865949216,22992.0782204284,0.00347234909389401,TRUE
"frozen_trend_seasonal_discount","learned_pseudoresidual_normalized","time0_state_midpoint_4",0.999985949281163,22438.0841497759,23516.2357421727,0.00321069924377886,TRUE
"frozen_trend_seasonal_discount","learned_pseudoresidual_normalized","time0_state_midpoint_5",1.00004361553547,22885.1062656251,21880.4750568109,0.00290875461683217,TRUE
"frozen_trend_seasonal_discount","learned_pseudoresidual_normalized","time0_state_abs_separation_1",1.00010750127717,22156.983523496,22910.3187101558,0.00495190868621347,TRUE
"frozen_trend_seasonal_discount","learned_pseudoresidual_normalized","time0_state_abs_separation_2",0.99996821158857,23741.7353829641,22862.2080058026,0.00202210351748546,TRUE
"frozen_trend_seasonal_discount","learned_pseudoresidual_normalized","time0_state_abs_separation_3",1.00025680434513,23647.4221269871,23003.7568266982,0.00444214735981809,TRUE
"frozen_trend_seasonal_discount","learned_pseudoresidual_normalized","time0_state_abs_separation_4",1.00004524053594,23246.0744762104,22929.3408540128,0.00416792228285672,TRUE
"frozen_trend_seasonal_discount","learned_pseudoresidual_normalized","time0_state_abs_separation_5",0.99996343173686,24142.5410389943,23878.263719109,0.00364685889010859,TRUE
"frozen_trend_seasonal_discount","learned_pseudoresidual_normalized","future_conditional_mean_lower_t001",1.00036702276858,17886.4966037501,17519.9619923002,0.00450184220597545,TRUE
"frozen_trend_seasonal_discount","learned_pseudoresidual_normalized","future_conditional_mean_lower_t002",0.999960313290176,16881.1109667244,16654.1405353431,0.00442874413072201,TRUE
"frozen_trend_seasonal_discount","learned_pseudoresidual_normalized","future_conditional_mean_lower_t003",1.00006749157918,18758.7998262632,18432.5884259006,0.00410491371178546,TRUE
"frozen_trend_seasonal_discount","learned_pseudoresidual_normalized","future_conditional_mean_lower_t004",0.999959758346828,17828.2002730515,17084.2778230344,0.00414559098654042,TRUE
"frozen_trend_seasonal_discount","learned_pseudoresidual_normalized","future_conditional_mean_upper_t001",1.00003582790821,17968.9087940052,17542.8726187226,0.00448077688600308,TRUE
"frozen_trend_seasonal_discount","learned_pseudoresidual_normalized","future_conditional_mean_upper_t002",1.00018306225447,17690.9725411714,17372.461741497,0.00437662053280305,TRUE
"frozen_trend_seasonal_discount","learned_pseudoresidual_normalized","future_conditional_mean_upper_t003",0.999965488109402,18067.7170469535,16475.0011077095,0.00423399609154778,TRUE
"frozen_trend_seasonal_discount","learned_pseudoresidual_normalized","future_conditional_mean_upper_t004",1.00009032149497,17862.2279861429,17935.5069185406,0.00405340467874831,TRUE
"frozen_trend_seasonal_discount","learned_pseudoresidual_normalized","future_conditional_mean_midpoint_t001",1.00033132361525,17340.8185297653,19311.114003731,0.00351851057334003,TRUE
"frozen_trend_seasonal_discount","learned_pseudoresidual_normalized","future_conditional_mean_midpoint_t002",1.00005422541486,16964.999481774,19018.2818922739,0.0033926405498558,TRUE
"frozen_trend_seasonal_discount","learned_pseudoresidual_normalized","future_conditional_mean_midpoint_t003",0.99999572198498,17840.6890501321,18749.0638007512,0.00319355338189631,TRUE
"frozen_trend_seasonal_discount","learned_pseudoresidual_normalized","future_conditional_mean_midpoint_t004",1.00010999295831,17132.3969203845,18270.6627997529,0.00314150392841817,TRUE
"frozen_trend_seasonal_discount","learned_pseudoresidual_normalized","future_conditional_mean_width_t001",1.00004019939988,17180.905439689,17754.0054499251,0.00550175339806512,TRUE
"frozen_trend_seasonal_discount","learned_pseudoresidual_normalized","future_conditional_mean_width_t002",1.0000523200453,15753.2666221357,16942.7000949095,0.0056124164459901,TRUE
"frozen_trend_seasonal_discount","learned_pseudoresidual_normalized","future_conditional_mean_width_t003",1.00003417917614,15266.2437522186,17270.0537221164,0.00557000678193908,TRUE
"frozen_trend_seasonal_discount","learned_pseudoresidual_normalized","future_conditional_mean_width_t004",1.00009417360246,15821.0692092857,17250.5091819765,0.00527929211423033,TRUE
"frozen_trend_seasonal_discount","learned_pseudoresidual_normalized","log_lambda",1.00003833127472,14015.9770477445,20130.1940479939,0.00149863825693765,TRUE
"shared_component_scale_trend_regression","fixed_rate","train_lower_t001",1.00005275979006,22140.5573828667,19760.87587755,0.00617633782296461,TRUE
"shared_component_scale_trend_regression","fixed_rate","train_lower_t002",1.00009413672905,21112.7378575027,18680.0524754513,0.00563050700045095,TRUE
"shared_component_scale_trend_regression","fixed_rate","train_lower_t003",0.999967793034505,20414.8776179951,17949.2933690461,0.00527149674370424,TRUE
"shared_component_scale_trend_regression","fixed_rate","train_lower_t004",0.999991534705699,18980.1978915198,17618.2705089234,0.00522774755507172,TRUE
"shared_component_scale_trend_regression","fixed_rate","train_lower_t005",0.999970723842413,17906.3644241325,16766.9221589897,0.00528793852365217,TRUE
"shared_component_scale_trend_regression","fixed_rate","train_lower_t006",1.00000461858559,17113.3882436165,16510.1481764984,0.0053544161638134,TRUE
"shared_component_scale_trend_regression","fixed_rate","train_lower_t007",1.00002894032083,16712.1199804145,16417.2399291862,0.00547795415200805,TRUE
"shared_component_scale_trend_regression","fixed_rate","train_lower_t008",1.00002464411593,16576.3644185429,16018.6211647267,0.00556660052948519,TRUE
"shared_component_scale_trend_regression","fixed_rate","train_lower_t009",0.999992737842315,16592.5171401393,16313.9524488547,0.00561996522067237,TRUE
"shared_component_scale_trend_regression","fixed_rate","train_lower_t010",1.00009964087054,16589.3390844139,15901.9192960712,0.00568779724088037,TRUE
"shared_component_scale_trend_regression","fixed_rate","train_lower_t011",1.00003082769845,16380.3086024285,16101.1598991133,0.0057927103777099,TRUE
"shared_component_scale_trend_regression","fixed_rate","train_lower_t012",1.00004576415522,16498.8013419271,15863.9797402179,0.00577120386820318,TRUE
"shared_component_scale_trend_regression","fixed_rate","train_lower_t013",0.999979145433803,16493.104581106,16311.8818567325,0.00572938776422091,TRUE
"shared_component_scale_trend_regression","fixed_rate","train_lower_t014",0.999995468036073,16636.7888893598,15935.4638547446,0.00573484889268368,TRUE
"shared_component_scale_trend_regression","fixed_rate","train_lower_t015",0.999979045866212,16455.0828332678,15873.1479392764,0.00580688512741055,TRUE
"shared_component_scale_trend_regression","fixed_rate","train_lower_t016",0.999970429259877,16174.9073697997,15938.3169191316,0.00578798626707973,TRUE
"shared_component_scale_trend_regression","fixed_rate","train_lower_t017",1.00001590514321,15964.390372254,15136.0593138476,0.00583083971594105,TRUE
"shared_component_scale_trend_regression","fixed_rate","train_lower_t018",0.999998549282345,15726.7889871946,14926.3083585501,0.00592140475492778,TRUE
"shared_component_scale_trend_regression","fixed_rate","train_lower_t019",1.00006287871135,15554.2109475426,14403.0413788966,0.00602918978182185,TRUE
"shared_component_scale_trend_regression","fixed_rate","train_lower_t020",1.00018054794729,15348.0694334548,13558.1090819552,0.006170169434934,TRUE
"shared_component_scale_trend_regression","fixed_rate","train_lower_t021",1.00005466949288,14891.7744254613,13970.6445754319,0.00638257976118475,TRUE
"shared_component_scale_trend_regression","fixed_rate","train_lower_t022",1.00008517241729,14229.8616702285,13153.1387731469,0.00671748350779945,TRUE
"shared_component_scale_trend_regression","fixed_rate","train_lower_t023",1.00000995371747,13863.7396588362,12886.6935545963,0.00710787004367753,TRUE
"shared_component_scale_trend_regression","fixed_rate","train_lower_t024",0.999959493379676,13995.3215650913,12640.6569723571,0.0075556745452486,TRUE
"shared_component_scale_trend_regression","fixed_rate","train_lower_t025",1.00001428104124,13415.8056791898,12862.9481068672,0.00823617741892419,TRUE
"shared_component_scale_trend_regression","fixed_rate","train_lower_t026",0.999976604065004,13243.2541819206,12660.8249673991,0.00899657771979025,TRUE
"shared_component_scale_trend_regression","fixed_rate","train_lower_t027",0.999972910511779,13382.29109908,12615.9065169885,0.00995957726374596,TRUE
"shared_component_scale_trend_regression","fixed_rate","train_lower_t028",0.99996330638422,13776.3095678453,13008.1926134111,0.0110239721935794,TRUE
"shared_component_scale_trend_regression","fixed_rate","train_lower_t029",1.00002522892016,14025.4231305821,13522.5308773691,0.012285894526664,TRUE
"shared_component_scale_trend_regression","fixed_rate","train_lower_t030",1.00002088353079,14492.8585822309,14033.8822747888,0.0136988006847178,TRUE
"shared_component_scale_trend_regression","fixed_rate","train_upper_t001",1.00000723065794,19629.3238842176,20269.9243739893,0.00738967695811384,TRUE
"shared_component_scale_trend_regression","fixed_rate","train_upper_t002",1.00009214858304,18657.597551925,19109.6674133339,0.0068191183613574,TRUE
"shared_component_scale_trend_regression","fixed_rate","train_upper_t003",0.999963458277852,17188.7665389974,18339.9681624563,0.00648475605118838,TRUE
"shared_component_scale_trend_regression","fixed_rate","train_upper_t004",1.00000450959016,17047.9430518293,17576.401810988,0.00620732987774303,TRUE
"shared_component_scale_trend_regression","fixed_rate","train_upper_t005",0.999958779356543,16786.4495701138,16642.3753879518,0.00606150274103258,TRUE
"shared_component_scale_trend_regression","fixed_rate","train_upper_t006",0.999965298991465,16315.9368067066,16372.1836945511,0.00600229213798094,TRUE
"shared_component_scale_trend_regression","fixed_rate","train_upper_t007",0.999959026935826,15920.3351589707,15481.9372888442,0.00596567049091605,TRUE
"shared_component_scale_trend_regression","fixed_rate","train_upper_t008",0.999960488538153,16136.652657953,16605.9024466544,0.00590405197195099,TRUE
"shared_component_scale_trend_regression","fixed_rate","train_upper_t009",0.999987898768519,15921.8999653708,16060.3445407275,0.00586886966688188,TRUE
"shared_component_scale_trend_regression","fixed_rate","train_upper_t010",1.00007960082773,15982.7921988578,16028.4235294592,0.00582598857956901,TRUE
"shared_component_scale_trend_regression","fixed_rate","train_upper_t011",1.00007769549591,16173.1442027799,16332.7241614439,0.00578682055267004,TRUE
"shared_component_scale_trend_regression","fixed_rate","train_upper_t012",1.00024975883165,16459.6553039714,16583.3675424466,0.00566419552269964,TRUE
"shared_component_scale_trend_regression","fixed_rate","train_upper_t013",1.00004427136248,16615.6643167634,15781.2768527274,0.00554808329235115,TRUE
"shared_component_scale_trend_regression","fixed_rate","train_upper_t014",1.00008400664425,16660.6362234993,15931.4447917471,0.00551358066991958,TRUE
"shared_component_scale_trend_regression","fixed_rate","train_upper_t015",1.00014599526655,16656.382062339,16294.1521940651,0.00547482199940277,TRUE
"shared_component_scale_trend_regression","fixed_rate","train_upper_t016",1.00011233043606,16505.5320919503,16511.7548535211,0.0054776104973257,TRUE
"shared_component_scale_trend_regression","fixed_rate","train_upper_t017",1.00011934801682,16544.9580760652,16629.881114549,0.00549978998088448,TRUE
"shared_component_scale_trend_regression","fixed_rate","train_upper_t018",1.00009721783304,16565.0450037054,16411.4507476501,0.00554138502569538,TRUE
"shared_component_scale_trend_regression","fixed_rate","train_upper_t019",1.00005752316236,16396.1072191942,15591.6633245345,0.00570276602606413,TRUE
"shared_component_scale_trend_regression","fixed_rate","train_upper_t020",1.00014928159015,16468.89831514,15223.4885806484,0.00578207432486209,TRUE
"shared_component_scale_trend_regression","fixed_rate","train_upper_t021",1.00011822991606,16181.3228055134,14657.6493997245,0.00594031676261378,TRUE
"shared_component_scale_trend_regression","fixed_rate","train_upper_t022",1.00002643432308,16267.3358020704,14809.406446184,0.00611200445199094,TRUE
"shared_component_scale_trend_regression","fixed_rate","train_upper_t023",1.00000477534317,15473.1040548146,14013.0812332696,0.00646315103843659,TRUE
"shared_component_scale_trend_regression","fixed_rate","train_upper_t024",0.999975166756372,15142.1223120362,13941.2929283161,0.00687276598723094,TRUE
"shared_component_scale_trend_regression","fixed_rate","train_upper_t025",1.00008710109505,14976.0384431925,13786.4545887788,0.00741705099459244,TRUE
"shared_component_scale_trend_regression","fixed_rate","train_upper_t026",1.00007681910547,14879.3576575742,13853.482749805,0.00812884829033503,TRUE
"shared_component_scale_trend_regression","fixed_rate","train_upper_t027",0.999984355815989,14591.811391938,13466.7509284067,0.00906272140951116,TRUE
"shared_component_scale_trend_regression","fixed_rate","train_upper_t028",1.00003474193289,14495.9034285751,14030.0820339091,0.0101012036825476,TRUE
"shared_component_scale_trend_regression","fixed_rate","train_upper_t029",1.00013968452423,14822.9670819513,14209.3796063375,0.011265548681358,TRUE
"shared_component_scale_trend_regression","fixed_rate","train_upper_t030",1.00014367308189,14963.0044650665,14716.6089119092,0.0126155957772287,TRUE
"shared_component_scale_trend_regression","fixed_rate","train_midpoint_t001",1.00003506514312,20187.5719264519,20827.7880126204,0.00524873394429113,TRUE
"shared_component_scale_trend_regression","fixed_rate","train_midpoint_t002",1.00002034760832,19128.8035806729,20212.7237688976,0.00476370375246831,TRUE
"shared_component_scale_trend_regression","fixed_rate","train_midpoint_t003",0.999983880032266,18255.5556346328,19404.7600689677,0.00443605945369244,TRUE
"shared_component_scale_trend_regression","fixed_rate","train_midpoint_t004",0.999962812527578,17080.8040983264,17943.8073805746,0.00435538140150545,TRUE
"shared_component_scale_trend_regression","fixed_rate","train_midpoint_t005",0.999976049007971,16102.1584226834,18088.8168252975,0.00434811323789051,TRUE
"shared_component_scale_trend_regression","fixed_rate","train_midpoint_t006",1.00003866176551,15504.8667831044,17075.7658936185,0.0043502796432968,TRUE
"shared_component_scale_trend_regression","fixed_rate","train_midpoint_t007",0.999977455271181,14945.9439802492,17552.0651205089,0.00441416805151045,TRUE
"shared_component_scale_trend_regression","fixed_rate","train_midpoint_t008",1.00002382534255,15275.8232159253,18106.6458007747,0.00437052773394604,TRUE
"shared_component_scale_trend_regression","fixed_rate","train_midpoint_t009",0.999972188311954,15128.3820274226,17918.640757622,0.00438885028555152,TRUE
"shared_component_scale_trend_regression","fixed_rate","train_midpoint_t010",0.999982002175473,15375.5544339795,18259.599986613,0.00436231932944804,TRUE
"shared_component_scale_trend_regression","fixed_rate","train_midpoint_t011",0.999988683461183,15100.8187332666,17745.6647985554,0.00440534335796782,TRUE
"shared_component_scale_trend_regression","fixed_rate","train_midpoint_t012",0.999992059148901,15482.8521187562,17136.2379114958,0.00432729619347053,TRUE
"shared_component_scale_trend_regression","fixed_rate","train_midpoint_t013",0.999992453747254,15746.4926603605,16652.0061459622,0.00425685902515587,TRUE
"shared_component_scale_trend_regression","fixed_rate","train_midpoint_t014",1.00001771636011,15747.0485535188,16811.5196202082,0.00425571966503294,TRUE
"shared_component_scale_trend_regression","fixed_rate","train_midpoint_t015",1.00004173672421,15511.9469634139,17566.5595646241,0.00426225662266071,TRUE
"shared_component_scale_trend_regression","fixed_rate","train_midpoint_t016",0.999981018670797,15495.641056485,17436.0203667208,0.0042774500947311,TRUE
"shared_component_scale_trend_regression","fixed_rate","train_midpoint_t017",0.99997476379343,15181.3583360979,16829.7494326537,0.00432365127230066,TRUE
"shared_component_scale_trend_regression","fixed_rate","train_midpoint_t018",0.999960280036134,14958.990187545,15916.3841418888,0.00437792496167326,TRUE
"shared_component_scale_trend_regression","fixed_rate","train_midpoint_t019",0.99998834676302,14544.0967551331,15919.2856183816,0.0044702898385248,TRUE
"shared_component_scale_trend_regression","fixed_rate","train_midpoint_t020",1.00021165338278,14274.2821032281,14285.8601829018,0.00458181052855681,TRUE
"shared_component_scale_trend_regression","fixed_rate","train_midpoint_t021",1.00010403362924,13555.6013713773,13827.4203789693,0.00477984582722951,TRUE
"shared_component_scale_trend_regression","fixed_rate","train_midpoint_t022",1.0001645534815,13275.7303223146,13949.9608181968,0.00499854401729948,TRUE
"shared_component_scale_trend_regression","fixed_rate","train_midpoint_t023",1.00005753530978,12731.772984343,13697.004549333,0.00532621381693527,TRUE
"shared_component_scale_trend_regression","fixed_rate","train_midpoint_t024",0.999966678380314,12593.0235298115,13699.9588873484,0.00566576721630956,TRUE
"shared_component_scale_trend_regression","fixed_rate","train_midpoint_t025",0.999976243298597,12512.1993175124,13471.2555424514,0.00610285027442962,TRUE
"shared_component_scale_trend_regression","fixed_rate","train_midpoint_t026",1.00000601444734,12261.8991959499,13286.5860132323,0.00670389431591579,TRUE
"shared_component_scale_trend_regression","fixed_rate","train_midpoint_t027",1.00001008364574,12058.9263032222,13109.722694901,0.00749644048139386,TRUE
"shared_component_scale_trend_regression","fixed_rate","train_midpoint_t028",1.00001501249876,12033.6212621395,13209.0245773783,0.0083727889352229,TRUE
"shared_component_scale_trend_regression","fixed_rate","train_midpoint_t029",1.0000016324133,12178.6687478183,13939.0479270237,0.00944262105153366,TRUE
"shared_component_scale_trend_regression","fixed_rate","train_midpoint_t030",1.00003203097,12852.6603958112,14637.2022782614,0.0105147135904872,TRUE
"shared_component_scale_trend_regression","fixed_rate","train_width_t001",1.00001761278,18872.1053665474,20442.8745621174,0.00860857088525955,TRUE
"shared_component_scale_trend_regression","fixed_rate","train_width_t002",0.999962153175928,17294.7655990489,18328.1457391849,0.00809373377338361,TRUE
"shared_component_scale_trend_regression","fixed_rate","train_width_t003",0.999970584038084,15882.9707539556,17678.8396622459,0.00779346153472272,TRUE
"shared_component_scale_trend_regression","fixed_rate","train_width_t004",0.999964409073955,15553.5302781448,17765.6632031038,0.00748898723468395,TRUE
"shared_component_scale_trend_regression","fixed_rate","train_width_t005",0.999959971211631,15394.7081740909,16908.7749850094,0.00731856711642851,TRUE
"shared_component_scale_trend_regression","fixed_rate","train_width_t006",0.999986263882172,15081.9434866407,16225.8231539063,0.00734642618647559,TRUE
"shared_component_scale_trend_regression","fixed_rate","train_width_t007",1.00016048139986,14649.710755552,16505.0471505103,0.00735327937636876,TRUE
"shared_component_scale_trend_regression","fixed_rate","train_width_t008",1.00000953916179,14326.4787752695,16293.6154024059,0.00745651953306859,TRUE
"shared_component_scale_trend_regression","fixed_rate","train_width_t009",0.999975518089184,14129.1433714754,16295.1617079868,0.00747272444883498,TRUE
"shared_component_scale_trend_regression","fixed_rate","train_width_t010",0.999960379063224,14367.5277051685,16008.2025661596,0.00751852301058775,TRUE
"shared_component_scale_trend_regression","fixed_rate","train_width_t011",0.999966243008074,14621.9201314306,15795.0188404038,0.00750509776432829,TRUE
"shared_component_scale_trend_regression","fixed_rate","train_width_t012",1.00001202442656,14558.3941231471,16248.0938957486,0.00742211381618214,TRUE
"shared_component_scale_trend_regression","fixed_rate","train_width_t013",1.0001436070164,14708.5715877438,15897.7346070166,0.00737010572924446,TRUE
"shared_component_scale_trend_regression","fixed_rate","train_width_t014",0.999972472039095,14619.9828686244,16373.3643239965,0.0073398276980459,TRUE
"shared_component_scale_trend_regression","fixed_rate","train_width_t015",1.00000293275186,14412.841815005,16262.0564256715,0.00731640598398459,TRUE
"shared_component_scale_trend_regression","fixed_rate","train_width_t016",1.00003144324115,14332.8415356875,16090.5619738948,0.00732864912293336,TRUE
"shared_component_scale_trend_regression","fixed_rate","train_width_t017",1.00011215823851,14431.3817057301,16551.5959292714,0.00731776067817531,TRUE
"shared_component_scale_trend_regression","fixed_rate","train_width_t018",1.0001818133538,14163.5811287002,16615.6517089402,0.00740161920802147,TRUE
"shared_component_scale_trend_regression","fixed_rate","train_width_t019",1.0000732010674,14020.0976934476,16438.8432513983,0.00752735076924113,TRUE
"shared_component_scale_trend_regression","fixed_rate","train_width_t020",1.00015462528652,13703.9396543226,16165.8466237916,0.0076997002333334,TRUE
"shared_component_scale_trend_regression","fixed_rate","train_width_t021",1.00011386092942,13589.3836373288,16040.644453375,0.0078418736623193,TRUE
"shared_component_scale_trend_regression","fixed_rate","train_width_t022",1.00011526794856,13341.1954321959,14825.6605375742,0.00813930971476329,TRUE
"shared_component_scale_trend_regression","fixed_rate","train_width_t023",1.00001683455702,13085.3566524952,14864.1078640683,0.00852784112907654,TRUE
"shared_component_scale_trend_regression","fixed_rate","train_width_t024",1.00004594036099,12993.1805273282,13836.8446852998,0.00901143014047461,TRUE
"shared_component_scale_trend_regression","fixed_rate","train_width_t025",0.999990304087687,12592.4837016257,14289.365958172,0.00976362704223793,TRUE
"shared_component_scale_trend_regression","fixed_rate","train_width_t026",1.00001887895946,12564.1863543959,14227.9568542063,0.0106115938228357,TRUE
"shared_component_scale_trend_regression","fixed_rate","train_width_t027",1.00030323554447,12290.5966719961,13901.9875629897,0.0116450162730649,TRUE
"shared_component_scale_trend_regression","fixed_rate","train_width_t028",1.0000769430509,12440.3768305099,14204.8170525116,0.0128187472671555,TRUE
"shared_component_scale_trend_regression","fixed_rate","train_width_t029",1.00017713239543,12778.2830322919,14628.9277034196,0.0141190299108762,TRUE
"shared_component_scale_trend_regression","fixed_rate","train_width_t030",1.00022092894529,13386.0520049196,15114.5773990604,0.0157055303998538,TRUE
"shared_component_scale_trend_regression","fixed_rate","observed_loss",1.00041532900523,8784.27817666311,15967.3408381542,0.0181757768414473,TRUE
"shared_component_scale_trend_regression","fixed_rate","terminal_state_midpoint_1",1.00003382895351,16446.9432224088,18533.7219834639,0.0127058899200985,TRUE
"shared_component_scale_trend_regression","fixed_rate","terminal_state_midpoint_2",0.999973122992461,19564.6346303525,17889.4975600289,0.00197751824184667,TRUE
"shared_component_scale_trend_regression","fixed_rate","terminal_state_midpoint_3",1.00000497568809,23034.7328451451,20294.5545143294,0.00764631780804701,TRUE
"shared_component_scale_trend_regression","fixed_rate","terminal_state_abs_separation_1",1.00009768731057,19356.2944440837,19865.4583913314,0.0165839969866535,TRUE
"shared_component_scale_trend_regression","fixed_rate","terminal_state_abs_separation_2",1.00062183832241,13036.8554195877,14060.9307824271,0.00341838412828632,TRUE
"shared_component_scale_trend_regression","fixed_rate","terminal_state_abs_separation_3",1.00000962564387,17767.0375873462,17395.6891396194,0.0116163071954556,TRUE
"shared_component_scale_trend_regression","fixed_rate","time0_state_midpoint_1",1.00009020271033,21630.2136946918,23070.2674974492,0.00692320363447947,TRUE
"shared_component_scale_trend_regression","fixed_rate","time0_state_midpoint_2",1.00020075661509,22788.4411250595,21487.4373435535,0.00140621056759131,TRUE
"shared_component_scale_trend_regression","fixed_rate","time0_state_midpoint_3",0.999981041119662,22337.1560845136,22389.8737379712,0.00573149946713704,TRUE
"shared_component_scale_trend_regression","fixed_rate","time0_state_abs_separation_1",0.999985593915877,22262.3916169989,23614.6079322704,0.00889251987713645,TRUE
"shared_component_scale_trend_regression","fixed_rate","time0_state_abs_separation_2",0.99997347298646,14823.3756388043,19708.4934724873,0.00237303442570757,TRUE
"shared_component_scale_trend_regression","fixed_rate","time0_state_abs_separation_3",0.9999810917922,23942.4608250326,23878.5131594589,0.00696102576613763,TRUE
"shared_component_scale_trend_regression","fixed_rate","future_conditional_mean_lower_t001",1.0000335058488,14732.1358405439,13899.7688653755,0.0153391152159655,TRUE
"shared_component_scale_trend_regression","fixed_rate","future_conditional_mean_lower_t002",1.00009796916196,15052.0651377406,13991.0117050997,0.0172131525079266,TRUE
"shared_component_scale_trend_regression","fixed_rate","future_conditional_mean_lower_t003",1.00009524697647,15376.9970085244,14078.9881521909,0.0192216578621583,TRUE
"shared_component_scale_trend_regression","fixed_rate","future_conditional_mean_upper_t001",1.00022804917656,15015.5030576059,15626.3779217607,0.0142199351991858,TRUE
"shared_component_scale_trend_regression","fixed_rate","future_conditional_mean_upper_t002",1.00026933040069,15320.0554475326,16477.8064765922,0.0160054061358429,TRUE
"shared_component_scale_trend_regression","fixed_rate","future_conditional_mean_upper_t003",1.00028104721918,15613.1743370989,16844.6049552573,0.0179386844236882,TRUE
"shared_component_scale_trend_regression","fixed_rate","future_conditional_mean_midpoint_t001",1.000009751899,13272.0207565985,14931.9912144248,0.0118722699016191,TRUE
"shared_component_scale_trend_regression","fixed_rate","future_conditional_mean_midpoint_t002",0.999981054064779,13750.0933916924,14789.0141230275,0.0133757770237104,TRUE
"shared_component_scale_trend_regression","fixed_rate","future_conditional_mean_midpoint_t003",0.999971861658976,14217.8941769347,15031.792257526,0.0149729609684044,TRUE
"shared_component_scale_trend_regression","fixed_rate","future_conditional_mean_width_t001",1.0003563784898,13845.2414366029,16203.0851380907,0.0174464842677714,TRUE
"shared_component_scale_trend_regression","fixed_rate","future_conditional_mean_width_t002",1.00044106238959,14370.7752384407,16706.4792034987,0.0196866810939719,TRUE
"shared_component_scale_trend_regression","fixed_rate","future_conditional_mean_width_t003",1.0005160424685,14363.152362173,16489.2568756566,0.0223499083707579,TRUE
"shared_component_scale_trend_regression","fixed_rate","log_component_scale_trend",1.00165021941756,1187.51172592294,2218.90721916873,0.0125719886983316,TRUE
"shared_component_scale_trend_regression","fixed_rate","log_component_scale_regression",1.00097084758184,1125.31956132885,1657.19298205554,0.0177285097176807,TRUE
"shared_component_scale_trend_regression","fixed_rate","component_innovation_energy_trend",1.00160743595693,1183.58559132184,2264.04998748282,0.0398421392734555,TRUE
"shared_component_scale_trend_regression","fixed_rate","component_innovation_energy_regression",1.00097191821524,1116.97123864205,1676.97457497748,0.0665271578967862,TRUE
"shared_component_scale_trend_regression","learned_pseudoresidual_normalized","train_lower_t001",1.00004119106501,16661.3620970407,17552.8162125919,0.00422095339797717,TRUE
"shared_component_scale_trend_regression","learned_pseudoresidual_normalized","train_lower_t002",0.999961298607728,16251.043404996,16744.940043451,0.00358673055889874,TRUE
"shared_component_scale_trend_regression","learned_pseudoresidual_normalized","train_lower_t003",1.00000656711316,17087.9431308929,15754.5768144731,0.00310031161763608,TRUE
"shared_component_scale_trend_regression","learned_pseudoresidual_normalized","train_lower_t004",0.999999612841747,17103.5785601408,16032.1380379563,0.00286327152726659,TRUE
"shared_component_scale_trend_regression","learned_pseudoresidual_normalized","train_lower_t005",1.00003213210976,16940.1021087088,16555.0984248378,0.00273067939438277,TRUE
"shared_component_scale_trend_regression","learned_pseudoresidual_normalized","train_lower_t006",0.999961416660674,17457.4501271014,16871.9469121777,0.00266702227983855,TRUE
"shared_component_scale_trend_regression","learned_pseudoresidual_normalized","train_lower_t007",1.00001737945636,17535.9239228491,16643.4745963305,0.00263564551166325,TRUE
"shared_component_scale_trend_regression","learned_pseudoresidual_normalized","train_lower_t008",0.999960807540208,18048.096681978,16285.9465711825,0.00262722103893976,TRUE
"shared_component_scale_trend_regression","learned_pseudoresidual_normalized","train_lower_t009",1.00002172082969,17871.7864757807,16385.8253390415,0.00263768427807798,TRUE
"shared_component_scale_trend_regression","learned_pseudoresidual_normalized","train_lower_t010",0.999973964289797,18238.8853180321,16853.8518619803,0.00263073428937723,TRUE
"shared_component_scale_trend_regression","learned_pseudoresidual_normalized","train_lower_t011",1.00010114368803,18401.4405780605,17863.1077336042,0.00261984934908812,TRUE
"shared_component_scale_trend_regression","learned_pseudoresidual_normalized","train_lower_t012",1.00010323450369,18293.4778329765,17258.514785774,0.00261223222816703,TRUE
"shared_component_scale_trend_regression","learned_pseudoresidual_normalized","train_lower_t013",1.00002328448911,17410.9090025661,16639.2507658749,0.00259328683140041,TRUE
"shared_component_scale_trend_regression","learned_pseudoresidual_normalized","train_lower_t014",0.999976863370107,18003.0509734754,16706.4501725275,0.0025449334442134,TRUE
"shared_component_scale_trend_regression","learned_pseudoresidual_normalized","train_lower_t015",1.00001044283827,17362.0267368564,17584.1145143517,0.00253926925750637,TRUE
"shared_component_scale_trend_regression","learned_pseudoresidual_normalized","train_lower_t016",1.00001964485088,17001.6261497346,17575.4250481075,0.00252611231921106,TRUE
"shared_component_scale_trend_regression","learned_pseudoresidual_normalized","train_lower_t017",1.00003470765016,17847.5840759114,17807.2355396319,0.00246639696237846,TRUE
"shared_component_scale_trend_regression","learned_pseudoresidual_normalized","train_lower_t018",0.999970667763929,17344.3755373619,17376.0691537189,0.00251155805498377,TRUE
"shared_component_scale_trend_regression","learned_pseudoresidual_normalized","train_lower_t019",0.999963371210452,17754.8793501636,17079.0087079285,0.0024988059731482,TRUE
"shared_component_scale_trend_regression","learned_pseudoresidual_normalized","train_lower_t020",0.999980134584439,17637.212067089,17841.9555845942,0.00251623555535172,TRUE
"shared_component_scale_trend_regression","learned_pseudoresidual_normalized","train_lower_t021",0.999981509410961,17782.3971180903,17821.6056318227,0.00253835102043362,TRUE
"shared_component_scale_trend_regression","learned_pseudoresidual_normalized","train_lower_t022",0.999978815662577,17625.4223365883,15768.7677577706,0.00255566894485764,TRUE
"shared_component_scale_trend_regression","learned_pseudoresidual_normalized","train_lower_t023",0.999982538678425,17028.6596350294,15789.4422728349,0.00262390285296754,TRUE
"shared_component_scale_trend_regression","learned_pseudoresidual_normalized","train_lower_t024",0.999993228976018,16327.5627129165,15702.9232034073,0.00274996547441686,TRUE
"shared_component_scale_trend_regression","learned_pseudoresidual_normalized","train_lower_t025",1.00006257177464,15550.1498578011,15137.6652529409,0.00295585196508706,TRUE
"shared_component_scale_trend_regression","learned_pseudoresidual_normalized","train_lower_t026",1.00022651723198,14893.7732774654,14667.331721407,0.00323717557397293,TRUE
"shared_component_scale_trend_regression","learned_pseudoresidual_normalized","train_lower_t027",1.00027415559537,14807.829551676,13289.592613538,0.00355823059521766,TRUE
"shared_component_scale_trend_regression","learned_pseudoresidual_normalized","train_lower_t028",1.00010600333649,13857.1589488862,12407.0194006612,0.00421228966067151,TRUE
"shared_component_scale_trend_regression","learned_pseudoresidual_normalized","train_lower_t029",1.00000648392756,13616.0990651134,13040.7955402414,0.00499992935976763,TRUE
"shared_component_scale_trend_regression","learned_pseudoresidual_normalized","train_lower_t030",0.999967536589377,14867.6085319393,14583.8664161441,0.00583667059625394,TRUE
"shared_component_scale_trend_regression","learned_pseudoresidual_normalized","train_upper_t001",1.00007147736337,16305.9857477558,15747.3496123828,0.00486350026539053,TRUE
"shared_component_scale_trend_regression","learned_pseudoresidual_normalized","train_upper_t002",1.00003320527275,15751.74135066,15346.8297253453,0.00415748734167524,TRUE
"shared_component_scale_trend_regression","learned_pseudoresidual_normalized","train_upper_t003",1.00001430868024,15167.8189196669,14911.3030559228,0.00364148175018078,TRUE
"shared_component_scale_trend_regression","learned_pseudoresidual_normalized","train_upper_t004",0.999973958420029,15104.618087048,14378.4971092915,0.00327686708977647,TRUE
"shared_component_scale_trend_regression","learned_pseudoresidual_normalized","train_upper_t005",1.00005942515054,15864.6688492522,16147.7694715853,0.00298258036974085,TRUE
"shared_component_scale_trend_regression","learned_pseudoresidual_normalized","train_upper_t006",1.00032932423813,16637.5307724892,16292.585764718,0.00276591466168095,TRUE
"shared_component_scale_trend_regression","learned_pseudoresidual_normalized","train_upper_t007",0.99997317759595,17223.1503874757,16691.0111312201,0.0026704471970836,TRUE
"shared_component_scale_trend_regression","learned_pseudoresidual_normalized","train_upper_t008",0.99998443099428,17910.3971535214,17010.8007917986,0.00259874836931131,TRUE
"shared_component_scale_trend_regression","learned_pseudoresidual_normalized","train_upper_t009",0.999980430959916,17946.4538418589,16740.1916651019,0.00261145209742075,TRUE
"shared_component_scale_trend_regression","learned_pseudoresidual_normalized","train_upper_t010",0.999959802428143,18184.9948458343,16903.3280158703,0.00260884883182322,TRUE
"shared_component_scale_trend_regression","learned_pseudoresidual_normalized","train_upper_t011",0.999959186185046,18365.5133572597,16553.3278230475,0.00260421850414224,TRUE
"shared_component_scale_trend_regression","learned_pseudoresidual_normalized","train_upper_t012",0.99998777881262,18096.065478206,16566.7429868092,0.00255764548831079,TRUE
"shared_component_scale_trend_regression","learned_pseudoresidual_normalized","train_upper_t013",0.999990519656654,17445.7157949008,17122.284685297,0.00254195715326132,TRUE
"shared_component_scale_trend_regression","learned_pseudoresidual_normalized","train_upper_t014",1.00006918843862,17415.0592032136,16210.4938401821,0.00252433539481297,TRUE
"shared_component_scale_trend_regression","learned_pseudoresidual_normalized","train_upper_t015",1.00002729669981,17739.8651731164,16994.7775418284,0.00248215879910492,TRUE
"shared_component_scale_trend_regression","learned_pseudoresidual_normalized","train_upper_t016",1.00008496720627,17764.6260102599,17214.9868160042,0.00246921534084519,TRUE
"shared_component_scale_trend_regression","learned_pseudoresidual_normalized","train_upper_t017",1.00021355701827,17247.8008506776,16949.8066566757,0.00251661596365542,TRUE
"shared_component_scale_trend_regression","learned_pseudoresidual_normalized","train_upper_t018",1.00045964360399,16931.0732411436,16541.9113500678,0.00252491390620671,TRUE
"shared_component_scale_trend_regression","learned_pseudoresidual_normalized","train_upper_t019",1.00027514646643,17608.6044039024,16920.3981821121,0.00245763290046476,TRUE
"shared_component_scale_trend_regression","learned_pseudoresidual_normalized","train_upper_t020",1.00015237403688,17757.0217324739,15844.7660590377,0.00247202503796286,TRUE
"shared_component_scale_trend_regression","learned_pseudoresidual_normalized","train_upper_t021",1.00008401851279,17774.4872892137,16830.2249334414,0.00245381187043147,TRUE
"shared_component_scale_trend_regression","learned_pseudoresidual_normalized","train_upper_t022",1.00012400342673,17340.987935074,17427.8379805424,0.00248002735681182,TRUE
"shared_component_scale_trend_regression","learned_pseudoresidual_normalized","train_upper_t023",0.99999533734554,16946.2974438066,18167.4485384103,0.00251908838285507,TRUE
"shared_component_scale_trend_regression","learned_pseudoresidual_normalized","train_upper_t024",0.999993954289299,17265.5043786721,16376.5047796664,0.00257234962872524,TRUE
"shared_component_scale_trend_regression","learned_pseudoresidual_normalized","train_upper_t025",1.00005357541872,16730.5466946229,16448.5155175193,0.002706590576219,TRUE
"shared_component_scale_trend_regression","learned_pseudoresidual_normalized","train_upper_t026",1.00010346323346,16398.8044519954,15667.7389216725,0.00294077829642313,TRUE
"shared_component_scale_trend_regression","learned_pseudoresidual_normalized","train_upper_t027",1.00000916656824,15175.816669044,14393.2599496562,0.0033848208259586,TRUE
"shared_component_scale_trend_regression","learned_pseudoresidual_normalized","train_upper_t028",1.00044927120282,14517.5638074731,13423.303702618,0.00402490598294793,TRUE
"shared_component_scale_trend_regression","learned_pseudoresidual_normalized","train_upper_t029",1.0002099785004,14178.2962671951,13482.8005836258,0.00481395279955396,TRUE
"shared_component_scale_trend_regression","learned_pseudoresidual_normalized","train_upper_t030",1.00004265284178,14731.5812438813,14331.5530007392,0.00579900700854896,TRUE
"shared_component_scale_trend_regression","learned_pseudoresidual_normalized","train_midpoint_t001",1.00004989998118,15407.5920376614,17039.1689722031,0.00354174601854343,TRUE
"shared_component_scale_trend_regression","learned_pseudoresidual_normalized","train_midpoint_t002",0.999977670303455,14404.5886609131,16542.7302415055,0.00300707166454934,TRUE
"shared_component_scale_trend_regression","learned_pseudoresidual_normalized","train_midpoint_t003",0.999963135552781,14613.5966419585,15673.9464541413,0.00258568887085772,TRUE
"shared_component_scale_trend_regression","learned_pseudoresidual_normalized","train_midpoint_t004",0.999966461059516,14752.4308680278,15764.6217517265,0.00234371200672976,TRUE
"shared_component_scale_trend_regression","learned_pseudoresidual_normalized","train_midpoint_t005",0.99996125622368,15498.7511559068,17234.2081164757,0.00216512632217642,TRUE
"shared_component_scale_trend_regression","learned_pseudoresidual_normalized","train_midpoint_t006",1.0001542462696,16236.0564553318,16843.2469215821,0.00206491867398149,TRUE
"shared_component_scale_trend_regression","learned_pseudoresidual_normalized","train_midpoint_t007",0.999972777645846,16783.7837257766,17407.8878889974,0.00199600083219942,TRUE
"shared_component_scale_trend_regression","learned_pseudoresidual_normalized","train_midpoint_t008",0.999994535774412,17400.5534774137,18293.5070239997,0.00195246374993138,TRUE
"shared_component_scale_trend_regression","learned_pseudoresidual_normalized","train_midpoint_t009",0.999973470140294,17445.7291161006,18454.3459895423,0.00196111754543652,TRUE
"shared_component_scale_trend_regression","learned_pseudoresidual_normalized","train_midpoint_t010",0.999963348940382,17953.0929469083,18360.9855555286,0.00195887486090016,TRUE
"shared_component_scale_trend_regression","learned_pseudoresidual_normalized","train_midpoint_t011",1.00000322338812,18440.3586675891,18701.6162140298,0.00194874539741839,TRUE
"shared_component_scale_trend_regression","learned_pseudoresidual_normalized","train_midpoint_t012",1.0000511126553,17883.4559984635,19012.6952492621,0.00192347209933065,TRUE
"shared_component_scale_trend_regression","learned_pseudoresidual_normalized","train_midpoint_t013",0.999961604612457,17171.5926014211,18425.3326007449,0.00191654791637232,TRUE
"shared_component_scale_trend_regression","learned_pseudoresidual_normalized","train_midpoint_t014",0.999972631277665,16871.1961106829,17931.7260074171,0.00190896949813646,TRUE
"shared_component_scale_trend_regression","learned_pseudoresidual_normalized","train_midpoint_t015",0.999972226388809,17006.6921646896,18408.6155680831,0.00188077926890865,TRUE
"shared_component_scale_trend_regression","learned_pseudoresidual_normalized","train_midpoint_t016",0.999990199685683,17185.7190520167,18830.8513187221,0.00186553877313749,TRUE
"shared_component_scale_trend_regression","learned_pseudoresidual_normalized","train_midpoint_t017",0.999976578054122,17536.4974628833,18834.2670298617,0.00184103682194332,TRUE
"shared_component_scale_trend_regression","learned_pseudoresidual_normalized","train_midpoint_t018",1.00020251466847,17243.1601505993,18489.1223319963,0.00185789703316792,TRUE
"shared_component_scale_trend_regression","learned_pseudoresidual_normalized","train_midpoint_t019",1.00008075962925,17323.0407686927,18921.9591989633,0.00185470631086313,TRUE
"shared_component_scale_trend_regression","learned_pseudoresidual_normalized","train_midpoint_t020",1.00024442166975,17502.7875988754,18862.7121617528,0.0018446838244714,TRUE
"shared_component_scale_trend_regression","learned_pseudoresidual_normalized","train_midpoint_t021",1.00007837711171,17577.6269753918,18976.2548075386,0.00184905960775517,TRUE
"shared_component_scale_trend_regression","learned_pseudoresidual_normalized","train_midpoint_t022",1.00007381998745,17128.6093185493,18529.1801067473,0.0018715424367903,TRUE
"shared_component_scale_trend_regression","learned_pseudoresidual_normalized","train_midpoint_t023",1.00000000313369,16725.5273799293,17382.9404319587,0.00190923474623022,TRUE
"shared_component_scale_trend_regression","learned_pseudoresidual_normalized","train_midpoint_t024",1.00000933251719,16152.9837428489,16611.6084968644,0.00199238601140491,TRUE
"shared_component_scale_trend_regression","learned_pseudoresidual_normalized","train_midpoint_t025",1.00012211163121,15422.5739838185,16854.6898032931,0.00211581821014607,TRUE
"shared_component_scale_trend_regression","learned_pseudoresidual_normalized","train_midpoint_t026",1.00028368616772,14343.3217560111,15609.7274302699,0.00233871379623168,TRUE
"shared_component_scale_trend_regression","learned_pseudoresidual_normalized","train_midpoint_t027",1.00023968321614,13261.5219707182,14131.9865842246,0.00269040519479925,TRUE
"shared_component_scale_trend_regression","learned_pseudoresidual_normalized","train_midpoint_t028",1.00011749895035,12693.4893418058,13585.6395781857,0.00316349415950531,TRUE
"shared_component_scale_trend_regression","learned_pseudoresidual_normalized","train_midpoint_t029",1.00006810597569,12509.8664035678,13843.2163346413,0.00379757149152054,TRUE
"shared_component_scale_trend_regression","learned_pseudoresidual_normalized","train_midpoint_t030",1.0000453232501,13174.5143645683,15178.2860959311,0.00455869449457461,TRUE
"shared_component_scale_trend_regression","learned_pseudoresidual_normalized","train_width_t001",1.0002745433604,14074.0156355991,16674.0408541395,0.0057137637749961,TRUE
"shared_component_scale_trend_regression","learned_pseudoresidual_normalized","train_width_t002",0.999994873450217,14159.6548369514,16289.5448053486,0.00492918247928173,TRUE
"shared_component_scale_trend_regression","learned_pseudoresidual_normalized","train_width_t003",1.00004953170248,14037.3921384337,15382.4782478986,0.0043800651242172,TRUE
"shared_component_scale_trend_regression","learned_pseudoresidual_normalized","train_width_t004",1.00000656831774,14335.1567303614,15811.3231972377,0.00395709212959273,TRUE
"shared_component_scale_trend_regression","learned_pseudoresidual_normalized","train_width_t005",0.999979417195866,14688.6800787826,16714.5375607444,0.00369760075256317,TRUE
"shared_component_scale_trend_regression","learned_pseudoresidual_normalized","train_width_t006",1.00007974460487,15415.1937492875,17256.0820114959,0.00351639920030873,TRUE
"shared_component_scale_trend_regression","learned_pseudoresidual_normalized","train_width_t007",0.999962795762917,15559.043962337,16804.6561606615,0.0034642056217733,TRUE
"shared_component_scale_trend_regression","learned_pseudoresidual_normalized","train_width_t008",0.999959629590149,15825.187674685,15572.8707877611,0.0034323099860662,TRUE
"shared_component_scale_trend_regression","learned_pseudoresidual_normalized","train_width_t009",1.00002821914073,15333.5094876279,16296.1387471397,0.00351611250361547,TRUE
"shared_component_scale_trend_regression","learned_pseudoresidual_normalized","train_width_t010",0.999967470121883,15789.8819112199,17192.7800961804,0.00347912658913676,TRUE
"shared_component_scale_trend_regression","learned_pseudoresidual_normalized","train_width_t011",1.00003570590785,16115.4910685275,17163.5790656699,0.00346133113033512,TRUE
"shared_component_scale_trend_regression","learned_pseudoresidual_normalized","train_width_t012",1.00009321612128,14783.4320504397,16330.0898023559,0.00354661313480573,TRUE
"shared_component_scale_trend_regression","learned_pseudoresidual_normalized","train_width_t013",1.00004969007679,14267.4010730665,15850.9751812773,0.00347275914743401,TRUE
"shared_component_scale_trend_regression","learned_pseudoresidual_normalized","train_width_t014",1.00006317995156,15564.6070875314,16477.4050781281,0.00334812356569482,TRUE
"shared_component_scale_trend_regression","learned_pseudoresidual_normalized","train_width_t015",1.00020780181892,15290.3394526014,17132.417382426,0.00333527748791542,TRUE
"shared_component_scale_trend_regression","learned_pseudoresidual_normalized","train_width_t016",1.00040922793441,15267.2488468686,15555.0038371834,0.00337309821791982,TRUE
"shared_component_scale_trend_regression","learned_pseudoresidual_normalized","train_width_t017",1.00018860561499,14657.1816975422,16545.5776403858,0.00344311317752732,TRUE
"shared_component_scale_trend_regression","learned_pseudoresidual_normalized","train_width_t018",1.0003634732581,14456.4883574731,16364.7042479698,0.00340396013705008,TRUE
"shared_component_scale_trend_regression","learned_pseudoresidual_normalized","train_width_t019",1.00023358553483,15214.5204936713,16478.63986279,0.0033047718633806,TRUE
"shared_component_scale_trend_regression","learned_pseudoresidual_normalized","train_width_t020",1.00014116221762,15313.1199368256,16088.8849182035,0.00336274741546119,TRUE
"shared_component_scale_trend_regression","learned_pseudoresidual_normalized","train_width_t021",1.00006058271418,15178.626732076,15740.9120593924,0.00337233874030188,TRUE
"shared_component_scale_trend_regression","learned_pseudoresidual_normalized","train_width_t022",1.00001651728554,15104.8900524558,16273.9832172166,0.00338339653859403,TRUE
"shared_component_scale_trend_regression","learned_pseudoresidual_normalized","train_width_t023",0.999974020194412,14762.0864763387,16628.3949532554,0.00345789435360738,TRUE
"shared_component_scale_trend_regression","learned_pseudoresidual_normalized","train_width_t024",1.00010568143639,14622.5161904439,16291.9331636528,0.00350674229109846,TRUE
"shared_component_scale_trend_regression","learned_pseudoresidual_normalized","train_width_t025",1.00001669106834,14520.184714055,15636.5255641705,0.00364254169519344,TRUE
"shared_component_scale_trend_regression","learned_pseudoresidual_normalized","train_width_t026",1.00002273189461,13951.6764885153,14053.488982541,0.00393827066833233,TRUE
"shared_component_scale_trend_regression","learned_pseudoresidual_normalized","train_width_t027",1.00001837572613,13057.0532920813,13787.3661402008,0.00451313976571489,TRUE
"shared_component_scale_trend_regression","learned_pseudoresidual_normalized","train_width_t028",0.999986422632458,11996.6652074456,13397.7111801017,0.00533053165983281,TRUE
"shared_component_scale_trend_regression","learned_pseudoresidual_normalized","train_width_t029",0.999978782283757,11881.5052672126,13915.4192438123,0.00622255685732387,TRUE
"shared_component_scale_trend_regression","learned_pseudoresidual_normalized","train_width_t030",0.999971709461585,12220.1922216914,13615.5183173523,0.0073181817969084,TRUE
"shared_component_scale_trend_regression","learned_pseudoresidual_normalized","observed_loss",1.00039966899499,7535.28964828305,14202.8327354082,0.00403020570799406,TRUE
"shared_component_scale_trend_regression","learned_pseudoresidual_normalized","terminal_state_midpoint_1",0.999977841277553,19293.6280546773,19657.6529899539,0.00861296619999765,TRUE
"shared_component_scale_trend_regression","learned_pseudoresidual_normalized","terminal_state_midpoint_2",0.999961592592827,20577.8415297236,20688.5028696431,0.00142545215950536,TRUE
"shared_component_scale_trend_regression","learned_pseudoresidual_normalized","terminal_state_midpoint_3",1.00002289729899,23308.426497665,18686.5369270872,0.00718363775232189,TRUE
"shared_component_scale_trend_regression","learned_pseudoresidual_normalized","terminal_state_abs_separation_1",1.00013737605622,21108.6311167583,21899.8606108536,0.0107926081059021,TRUE
"shared_component_scale_trend_regression","learned_pseudoresidual_normalized","terminal_state_abs_separation_2",1.00050635487001,17752.7035762603,19725.3685703007,0.00206103793864868,TRUE
"shared_component_scale_trend_regression","learned_pseudoresidual_normalized","terminal_state_abs_separation_3",1.00007526066186,19685.9027128225,19937.4467995513,0.00983210022854684,TRUE
"shared_component_scale_trend_regression","learned_pseudoresidual_normalized","time0_state_midpoint_1",1.00012920574884,22696.655858651,22978.6893785644,0.00606958620573038,TRUE
"shared_component_scale_trend_regression","learned_pseudoresidual_normalized","time0_state_midpoint_2",1.00012901802509,23108.3424629469,20180.8655787591,0.00113313054140063,TRUE
"shared_component_scale_trend_regression","learned_pseudoresidual_normalized","time0_state_midpoint_3",1.00005720323499,23246.5759299031,22316.1997907997,0.00537190757079327,TRUE
"shared_component_scale_trend_regression","learned_pseudoresidual_normalized","time0_state_abs_separation_1",1.00007983712535,24039.9118714482,23630.2079345219,0.00747473704020508,TRUE
"shared_component_scale_trend_regression","learned_pseudoresidual_normalized","time0_state_abs_separation_2",1.00061362301232,20233.5082962344,20662.8413013772,0.00161488910034526,TRUE
"shared_component_scale_trend_regression","learned_pseudoresidual_normalized","time0_state_abs_separation_3",1.00015433106619,23771.9967193226,23507.2689223702,0.00643997389168062,TRUE
"shared_component_scale_trend_regression","learned_pseudoresidual_normalized","future_conditional_mean_lower_t001",0.999991688305373,15538.1188978174,15530.6377604125,0.00685069102275107,TRUE
"shared_component_scale_trend_regression","learned_pseudoresidual_normalized","future_conditional_mean_lower_t002",0.999960820245568,16205.9815413991,15814.9872178793,0.00806911148172306,TRUE
"shared_component_scale_trend_regression","learned_pseudoresidual_normalized","future_conditional_mean_lower_t003",0.999967252266404,16801.6758362766,16891.5546523087,0.00940484484715786,TRUE
"shared_component_scale_trend_regression","learned_pseudoresidual_normalized","future_conditional_mean_upper_t001",1.00006267808988,15448.4724833067,15194.3784782748,0.00685768514784121,TRUE
"shared_component_scale_trend_regression","learned_pseudoresidual_normalized","future_conditional_mean_upper_t002",1.00007365239036,16198.6735031759,16147.3416050113,0.00808617237377116,TRUE
"shared_component_scale_trend_regression","learned_pseudoresidual_normalized","future_conditional_mean_upper_t003",1.00008504438086,16762.8553418102,16395.2659288447,0.00943324336199798,TRUE
"shared_component_scale_trend_regression","learned_pseudoresidual_normalized","future_conditional_mean_midpoint_t001",1.00002118191312,14042.327105263,15435.1448206554,0.00545506692111243,TRUE
"shared_component_scale_trend_regression","learned_pseudoresidual_normalized","future_conditional_mean_midpoint_t002",1.00000637579829,14940.7339235834,16777.8542310807,0.00649282217736533,TRUE
"shared_component_scale_trend_regression","learned_pseudoresidual_normalized","future_conditional_mean_midpoint_t003",0.999996014539829,15709.8573828449,17105.1102162201,0.00761372634075263,TRUE
"shared_component_scale_trend_regression","learned_pseudoresidual_normalized","future_conditional_mean_width_t001",0.999983549893699,13686.1617850207,16358.8787431807,0.00837057757024387,TRUE
"shared_component_scale_trend_regression","learned_pseudoresidual_normalized","future_conditional_mean_width_t002",1.00000629310184,14964.3037361481,17011.1757375729,0.00964444224759912,TRUE
"shared_component_scale_trend_regression","learned_pseudoresidual_normalized","future_conditional_mean_width_t003",1.00002841853386,15839.2267474995,17716.3438711875,0.0111202065334944,TRUE
"shared_component_scale_trend_regression","learned_pseudoresidual_normalized","log_lambda",1.00020657015301,14759.7898603293,20895.5303819721,0.0015697805246319,TRUE
"shared_component_scale_trend_regression","learned_pseudoresidual_normalized","log_component_scale_trend",1.00490775707187,1411.39507093261,3102.89120150915,0.00981729726097618,TRUE
"shared_component_scale_trend_regression","learned_pseudoresidual_normalized","log_component_scale_regression",1.0002462742,1460.57625776776,2041.28415820644,0.0139279663802147,TRUE
"shared_component_scale_trend_regression","learned_pseudoresidual_normalized","component_innovation_energy_trend",1.00464904702388,1465.82698172987,3179.26353733372,0.0208931670906484,TRUE
"shared_component_scale_trend_regression","learned_pseudoresidual_normalized","component_innovation_energy_regression",1.00013117167994,1468.43681209462,2119.70733304086,0.0378720417762179,TRUE
