"family","target","endpoint","index","observed","mean_error","median_error","q025_error","q975_error","rmse"
"fixed_design","RQR","lower",1,TRUE,-1.96565244957043,-1.93788510358155,-3.6431993177678,-0.442915468551918,2.12662066725079
"fixed_design","RQR","lower",2,TRUE,-1.94626471484943,-1.91797779925822,-3.61232103324663,-0.434285029464854,2.10647991887098
"fixed_design","RQR","lower",3,TRUE,-1.92695812656976,-1.89870491745392,-3.58142413092584,-0.42495788381639,2.08642628502012
"fixed_design","RQR","lower",4,TRUE,-1.9077326847314,-1.87909576292648,-3.55071287541853,-0.419386919310564,2.06645982788441
"fixed_design","RQR","lower",5,TRUE,-1.88858838933437,-1.85977139140894,-3.52011917852033,-0.411420341238576,2.04658061131551
"fixed_design","RQR","lower",6,TRUE,-1.86952524037867,-1.84091234491394,-3.49089761026419,-0.403523338229642,2.02678870088515
"fixed_design","RQR","lower",7,TRUE,-1.85054323786429,-1.82259533341246,-3.46062609960882,-0.396224894240318,2.00708416394172
"fixed_design","RQR","lower",8,TRUE,-1.83164238179123,-1.80317593179612,-3.42957213020464,-0.386929150939686,1.98746706966923
"fixed_design","RQR","lower",9,TRUE,-1.81282267215949,-1.78488988406256,-3.39997281587047,-0.378083824635722,1.96793748914839
"fixed_design","RQR","lower",10,TRUE,-1.79408410896908,-1.76604635411484,-3.36911271471755,-0.368934114479317,1.94849549542025
"fixed_design","RQR","lower",11,TRUE,-1.77542669221999,-1.74772249487819,-3.33923633464245,-0.362101348008301,1.92914116355222
"fixed_design","RQR","lower",12,TRUE,-1.75685042191222,-1.72865591992265,-3.3095802418585,-0.35550775467071,1.90987457070682
"fixed_design","RQR","lower",13,TRUE,-1.73835529804578,-1.70934074623994,-3.27977259043327,-0.34881157643457,1.89069579621308
"fixed_design","RQR","lower",14,TRUE,-1.71994132062066,-1.69074154810043,-3.24980866780294,-0.341747208437606,1.87160492164087
"fixed_design","RQR","lower",15,TRUE,-1.70160848963686,-1.67288018581048,-3.22124579720245,-0.334636568386729,1.85260203087818
"fixed_design","RQR","lower",16,TRUE,-1.68335680509439,-1.65453175951225,-3.19239798971013,-0.327806538847956,1.83368721021159
"fixed_design","RQR","lower",17,TRUE,-1.66518626699324,-1.63609567213073,-3.16299534984214,-0.319305768987572,1.81486054840998
"fixed_design","RQR","lower",18,TRUE,-1.64709687533341,-1.6183698990772,-3.13460180024581,-0.310369496703811,1.79612213681168
"fixed_design","RQR","lower",19,TRUE,-1.6290886301149,-1.5999500597717,-3.10689540822075,-0.303476276004768,1.77747206941523
"fixed_design","RQR","lower",20,TRUE,-1.61116153133772,-1.5819215075737,-3.07748279041056,-0.295842107440847,1.75891044297388
"fixed_design","RQR","lower",21,TRUE,-1.59331557900187,-1.56378103282795,-3.04943560291645,-0.287392775706793,1.74043735709405
"fixed_design","RQR","lower",22,TRUE,-1.57555077310733,-1.54552574892722,-3.02168137216953,-0.27778278357411,1.72205291433793
"fixed_design","RQR","lower",23,TRUE,-1.55786711365412,-1.52760433434008,-2.99370898711974,-0.269810354441251,1.70375722033035
"fixed_design","RQR","lower",24,TRUE,-1.54026460064223,-1.51042516253346,-2.96617492754118,-0.261464473514185,1.68555038387027
"fixed_design","RQR","lower",25,TRUE,-1.52274323407167,-1.49322124227195,-2.93815510456445,-0.252976989168879,1.66743251704694
"fixed_design","RQR","lower",26,TRUE,-1.50530301394242,-1.47588951672584,-2.91014772068747,-0.243971298964029,1.64940373536107
"fixed_design","RQR","lower",27,TRUE,-1.4879439402545,-1.4574181614971,-2.88281974460961,-0.235713859983241,1.63146415785126
"fixed_design","RQR","lower",28,TRUE,-1.47066601300791,-1.4398732238897,-2.85455902371909,-0.226952301811569,1.61361390722584
"fixed_design","RQR","lower",29,TRUE,-1.45346923220264,-1.42206829188301,-2.82675138100473,-0.217591195406099,1.59585311000052
"fixed_design","RQR","lower",30,TRUE,-1.43635359783869,-1.40547813069736,-2.80088925295675,-0.211541235426547,1.57818189664206
"fixed_design","RQR","lower",31,TRUE,-1.41931910991606,-1.38829797817193,-2.77339612210202,-0.20377313991778,1.5606004017182
"fixed_design","RQR","lower",32,TRUE,-1.40236576843476,-1.3718964617075,-2.74519410729918,-0.196205449548584,1.54310876405438
"fixed_design","RQR","lower",33,TRUE,-1.38549357339478,-1.35422421872925,-2.71967473838289,-0.191428183842875,1.52570712689726
"fixed_design","RQR","lower",34,TRUE,-1.36870252479612,-1.33710157562424,-2.6940833015338,-0.184594155457088,1.50839563808577
"fixed_design","RQR","lower",35,TRUE,-1.35199262263879,-1.31970675201998,-2.66844183553935,-0.176779413356339,1.49117445022966
"fixed_design","RQR","lower",36,TRUE,-1.33536386692278,-1.30309177670385,-2.64103057822951,-0.168614632161881,1.47404372089629
"fixed_design","RQR","lower",37,TRUE,-1.31881625764809,-1.28670734141416,-2.61343004303127,-0.16093626432167,1.45700361280586
"fixed_design","RQR","lower",38,TRUE,-1.30234979481472,-1.27003289244725,-2.58745421667596,-0.155501897767505,1.4400542940356
"fixed_design","RQR","lower",39,TRUE,-1.28596447842268,-1.25365369659449,-2.56154272603032,-0.147297834045523,1.4231959382333
"fixed_design","RQR","lower",40,TRUE,-1.26966030847197,-1.2373801937317,-2.53631427902157,-0.139948861772299,1.40642872484083
"fixed_design","RQR","lower",41,TRUE,-1.25343728496257,-1.2209728782341,-2.5106863483251,-0.132890963257404,1.38975283932796
"fixed_design","RQR","lower",42,TRUE,-1.2372954078945,-1.20482072738083,-2.48404179381731,-0.125225402892734,1.37316847343716
"fixed_design","RQR","lower",43,TRUE,-1.22123467726775,-1.18847570038232,-2.45919218406945,-0.119402924416693,1.35667582543987
"fixed_design","RQR","lower",44,TRUE,-1.20525509308233,-1.17259816244664,-2.43444112622037,-0.113458105603555,1.34027510040496
"fixed_design","RQR","lower",45,TRUE,-1.18935665533822,-1.15658757229298,-2.40986137771394,-0.105952421117307,1.32396651047981
"fixed_design","RQR","lower",46,TRUE,-1.17353936403545,-1.14123431058484,-2.38443301547101,-0.0973482164926836,1.30775027518494
"fixed_design","RQR","lower",47,TRUE,-1.15780321917399,-1.1252329609898,-2.36080777554263,-0.0920449172639883,1.29162662172267
"fixed_design","RQR","lower",48,TRUE,-1.14214822075386,-1.10981726100098,-2.33688466492533,-0.0842881888936579,1.2755957853007
"fixed_design","RQR","lower",49,TRUE,-1.12657436877505,-1.09444895977129,-2.31107988186258,-0.0763809350348333,1.25965800947137
"fixed_design","RQR","lower",50,TRUE,-1.11108166323756,-1.07923067957321,-2.28636519541653,-0.0693498505617002,1.2438135464874
"fixed_design","RQR","lower",51,TRUE,-1.0956701041414,-1.063582399337,-2.26284610673785,-0.0625093872558251,1.22806265767506
"fixed_design","RQR","lower",52,TRUE,-1.08033969148656,-1.04816021349671,-2.23833496806549,-0.0549615692994466,1.2124056138256
"fixed_design","RQR","lower",53,TRUE,-1.06509042527304,-1.03294739254452,-2.21371024944666,-0.0479033448586655,1.19684269560608
"fixed_design","RQR","lower",54,TRUE,-1.04992230550085,-1.01704332397578,-2.18985663909423,-0.0412120894504706,1.18137419399046
"fixed_design","RQR","lower",55,TRUE,-1.03483533216998,-1.00169092052371,-2.16629147295945,-0.033325571141696,1.16600041071221
"fixed_design","RQR","lower",56,TRUE,-1.01982950528043,-0.986771407405042,-2.14323022267729,-0.0267187389768202,1.15072165873947
"fixed_design","RQR","lower",57,TRUE,-1.00490482483221,-0.97158740543351,-2.11992214535809,-0.0182529265004434,1.13553826277412
"fixed_design","RQR","lower",58,TRUE,-0.990061290825306,-0.956628812974621,-2.09787195821689,-0.0115530492776262,1.12045055977584
"fixed_design","RQR","lower",59,TRUE,-0.975298903259729,-0.941759828775346,-2.07544969752795,-0.00346939389409513,1.10545889951277
"fixed_design","RQR","lower",60,TRUE,-0.960617662135475,-0.92646443432042,-2.05163416017362,0.00525092981219718,1.09056364514004
"fixed_design","RQR","lower",61,TRUE,-0.946017567452544,-0.91148546212903,-2.02860352805821,0.0141863578087489,1.07576517380765
"fixed_design","RQR","lower",62,TRUE,-0.931498619210936,-0.89649609709522,-2.0046735466649,0.0218477929835756,1.06106387729949
"fixed_design","RQR","lower",63,TRUE,-0.91706081741065,-0.881786692780912,-1.98238437806416,0.0298680986463658,1.04646016270486
"fixed_design","RQR","lower",64,TRUE,-0.902704162051689,-0.866723539774752,-1.96069718825878,0.0361345338956996,1.03195445312461
"fixed_design","RQR","lower",65,TRUE,-0.88842865313405,-0.85228089071508,-1.93716236930556,0.043358596118976,1.01754718841335
"fixed_design","RQR","lower",66,TRUE,-0.874234290657735,-0.838135878049061,-1.91563806856617,0.0512024523268291,1.00323882596008
"fixed_design","RQR","lower",67,TRUE,-0.860121074622742,-0.824072859265389,-1.89331801450088,0.0589525047210621,0.989029841508819
"fixed_design","RQR","lower",68,TRUE,-0.846089005029073,-0.809514636462502,-1.87162611626744,0.0643782763316967,0.974920730021819
"fixed_design","RQR","lower",69,TRUE,-0.832138081876728,-0.795413855255126,-1.84905085025263,0.0713686199889952,0.960912006587175
"fixed_design","RQR","lower",70,TRUE,-0.818268305165705,-0.781224816562401,-1.82711652559238,0.0777207083928826,0.947004207373413
"fixed_design","RQR","lower",71,TRUE,-0.804479674896005,-0.767455513037246,-1.80611400763493,0.0861355303408668,0.933197890633359
"fixed_design","RQR","lower",72,TRUE,-0.79077219106763,-0.753714668014668,-1.78456595203521,0.0946250474947499,0.91949363775981
"fixed_design","RQR","lower",73,TRUE,-0.777145853680576,-0.739900648144453,-1.76349329179422,0.102643329696706,0.905892054395623
"fixed_design","RQR","lower",74,TRUE,-0.763600662734846,-0.726252139985952,-1.74180555385008,0.109745908165347,0.892393771600911
"fixed_design","RQR","lower",75,TRUE,-0.750136618230439,-0.712546510351288,-1.72040483308928,0.115726299462,0.878999447080109
"fixed_design","RQR","lower",76,TRUE,-0.736753720167356,-0.699683741517064,-1.69928181689404,0.123904793828116,0.86570976647179
"fixed_design","RQR","lower",77,TRUE,-0.723451968545594,-0.686540751990033,-1.67921461987827,0.132140181889177,0.852525444704125
"fixed_design","RQR","lower",78,TRUE,-0.710231363365157,-0.673570612743603,-1.65845771390268,0.140102877668861,0.839447227418995
"fixed_design","RQR","lower",79,TRUE,-0.697091904626044,-0.660903541397577,-1.63819908257892,0.146327849978482,0.82647589246773
"fixed_design","RQR","lower",80,TRUE,-0.684033592328252,-0.647634878112947,-1.6184652182638,0.153864602813585,0.813612251481554
"fixed_design","RQR","lower",81,TRUE,-0.671056426471784,-0.634497152114146,-1.59683370571364,0.159161297361089,0.800857151519728
"fixed_design","RQR","lower",82,TRUE,-0.65816040705664,-0.621691338709438,-1.57517765544998,0.1657971601293,0.788211476798401
"fixed_design","RQR","lower",83,TRUE,-0.645345534082818,-0.609246303856189,-1.55397637670583,0.173216798540103,0.775676150503073
"fixed_design","RQR","lower",84,TRUE,-0.63261180755032,-0.595944307624749,-1.53438357954012,0.180481411429552,0.763252136687489
"fixed_design","RQR","lower",85,TRUE,-0.619959227459144,-0.583366483244116,-1.51475108898711,0.18635354419151,0.750940442261571
"fixed_design","RQR","lower",86,TRUE,-0.607387793809292,-0.570812316695234,-1.49550944171724,0.192474370098711,0.738742119070801
"fixed_design","RQR","lower",87,TRUE,-0.594897506600764,-0.558498994510515,-1.47606639107204,0.200050788905275,0.726658266069139
"fixed_design","RQR","lower",88,TRUE,-0.582488365833557,-0.546082053852807,-1.45716317204689,0.206043588839165,0.714690031587183
"fixed_design","RQR","lower",89,TRUE,-0.570160371507676,-0.53333804661078,-1.4385455440554,0.212177488224031,0.702838615696753
"fixed_design","RQR","lower",90,TRUE,-0.557913523623117,-0.520892569100064,-1.4191576905591,0.219958904795145,0.691105272672516
"fixed_design","RQR","lower",91,TRUE,-0.54574782217988,-0.509031832643918,-1.40032110629754,0.226104185573041,0.679491313550477
"fixed_design","RQR","lower",92,TRUE,-0.533663267177967,-0.497190384024871,-1.38372916232009,0.234205165434691,0.667998108782259
"fixed_design","RQR","lower",93,TRUE,-0.521659858617377,-0.485051597402827,-1.36536649970014,0.24241719267297,0.65662709098302
"fixed_design","RQR","lower",94,TRUE,-0.509737596498111,-0.473576991253495,-1.34748438252927,0.249844265012614,0.645379757769536
"fixed_design","RQR","lower",95,TRUE,-0.497896480820167,-0.462193202790705,-1.32836843115936,0.255897586954468,0.634257674683422
"fixed_design","RQR","lower",96,TRUE,-0.486136511583547,-0.450235022914448,-1.30934603352157,0.263204382022493,0.623262478192679
"fixed_design","RQR","lower",97,TRUE,-0.47445768878825,-0.438693736895095,-1.29222343837243,0.269344898880956,0.612395878762568
"fixed_design","RQR","lower",98,TRUE,-0.462860012434275,-0.427321401295716,-1.27412231037549,0.276144423019842,0.601659663984399
"fixed_design","RQR","lower",99,TRUE,-0.451343482521625,-0.415893387604404,-1.25653655337655,0.283285483465568,0.591055701747871
"fixed_design","RQR","lower",100,TRUE,-0.439908099050298,-0.4044943607045,-1.23883189267867,0.287678635443775,0.58058594343933
"fixed_design","RQR","lower",101,TRUE,-0.428553862020293,-0.393344847684824,-1.22014040644708,0.293552589185086,0.570252427144514
"fixed_design","RQR","lower",102,TRUE,-0.417280771431612,-0.382299774750968,-1.20303247778065,0.299659702809185,0.560057280829935
"fixed_design","RQR","lower",103,TRUE,-0.406088827284253,-0.371276949794399,-1.18609279913706,0.305421583994546,0.550002725472219
"fixed_design","RQR","lower",104,TRUE,-0.394978029578219,-0.360365393068631,-1.16983970188075,0.312364866728698,0.540091078099066
"fixed_design","RQR","lower",105,TRUE,-0.383948378313506,-0.349243534664942,-1.15365633638887,0.318576497720722,0.530324754699288
"fixed_design","RQR","lower",106,TRUE,-0.372999873490118,-0.338756757826832,-1.13721552336819,0.325487313747366,0.520706272952411
"fixed_design","RQR","lower",107,TRUE,-0.362132515108053,-0.328712005124745,-1.1209901598438,0.331046491247279,0.511238254720573
"fixed_design","RQR","lower",108,TRUE,-0.351346303167311,-0.318477027152573,-1.10497440464982,0.337585955134018,0.501923428237009
"fixed_design","RQR","lower",109,TRUE,-0.340641237667892,-0.308068043138598,-1.08964108081583,0.34404600305675,0.492764629916155
"fixed_design","RQR","lower",110,TRUE,-0.330017318609796,-0.298002465670292,-1.07475308381011,0.350565183584002,0.483764805700444
"fixed_design","RQR","lower",111,TRUE,-0.319474545993023,-0.287819828165056,-1.05931797071504,0.357030539080918,0.474927011848253
"fixed_design","RQR","lower",112,TRUE,-0.309012919817573,-0.27754805663718,-1.04521373169015,0.363566244851698,0.466254415056309
"fixed_design","RQR","lower",113,TRUE,-0.298632440083447,-0.267329160715417,-1.03079579562138,0.370214923874631,0.45775029179832
"fixed_design","RQR","lower",114,TRUE,-0.288333106790644,-0.257565142723803,-1.01596072544272,0.376493126233372,0.449418026749925
"fixed_design","RQR","lower",115,TRUE,-0.278114919939163,-0.24802749593811,-1.00187032582569,0.381671447497358,0.441261110158548
"fixed_design","RQR","lower",116,TRUE,-0.267977879529006,-0.238327205439341,-0.987142216976884,0.388163766613816,0.433283134005798
"fixed_design","RQR","lower",117,TRUE,-0.257921985560173,-0.228374160603448,-0.97290212062685,0.394264525907228,0.425487786800182
"fixed_design","RQR","lower",118,TRUE,-0.247947238032662,-0.218889004770923,-0.958986573122217,0.399794817541843,0.417878846829711
"fixed_design","RQR","lower",119,TRUE,-0.238053636946474,-0.209569034901174,-0.944713492963215,0.40628330361918,0.41046017369821
"fixed_design","RQR","lower",120,TRUE,-0.228241182301611,-0.200307541105144,-0.93083797473271,0.412541835188894,0.403235697966619
"fixed_design","RQR","lower",121,TRUE,-0.21850987409807,-0.190620142327221,-0.915759383426886,0.418369986354936,0.3962094087223
"fixed_design","RQR","lower",122,TRUE,-0.208859712335852,-0.180918261370856,-0.902712523847174,0.424070654214112,0.38938533890637
"fixed_design","RQR","lower",123,TRUE,-0.199290697014957,-0.172139058036247,-0.889800845404733,0.431072175457404,0.38276754824249
"fixed_design","RQR","lower",124,TRUE,-0.189802828135385,-0.162713425136825,-0.877867669725345,0.437118557009842,0.37636010363152
"fixed_design","RQR","lower",125,TRUE,-0.180396105697137,-0.153647012571267,-0.865760488931613,0.440886684875012,0.37016705690608
"fixed_design","RQR","lower",126,TRUE,-0.171070529700212,-0.145139892290417,-0.852338836775202,0.447151339631097,0.364192419878374
"fixed_design","RQR","lower",127,TRUE,-0.16182610014461,-0.136182813078688,-0.839023051838237,0.452721792828517,0.358440136664289
"fixed_design","RQR","lower",128,TRUE,-0.152662817030331,-0.127607072766939,-0.825832399471615,0.457627110040878,0.352914053327332
"fixed_design","RQR","lower",129,TRUE,-0.143580680357375,-0.118838041542416,-0.812398688617381,0.46333717337235,0.347617884957231
"fixed_design","RQR","lower",130,TRUE,-0.134579690125743,-0.11027994356363,-0.800725181163179,0.469458960068051,0.342555180379368
"fixed_design","RQR","lower",131,TRUE,-0.125659846335434,-0.101578084480249,-0.790237740355638,0.474330182147536,0.337729284781298
"fixed_design","RQR","lower",132,TRUE,-0.116821148986447,-0.0932392114749529,-0.779427694640648,0.480242808437864,0.333143300639059
"fixed_design","RQR","lower",133,TRUE,-0.108063598078784,-0.084845385802867,-0.768220877011312,0.485384719868986,0.328800047425801
"fixed_design","RQR","lower",134,TRUE,-0.0993871936124444,-0.0762645757176874,-0.757166798475457,0.491626258825517,0.324702020684324
"fixed_design","RQR","lower",135,TRUE,-0.0907919355874273,-0.068382062702589,-0.745511193266194,0.497049273598158,0.320851351138651
"fixed_design","RQR","lower",136,TRUE,-0.0822778240037338,-0.060209563346127,-0.733361971999862,0.50132401504562,0.317249764602276
"fixed_design","RQR","lower",137,TRUE,-0.0738448588613642,-0.0521510314920168,-0.722899463961977,0.507153131875344,0.313898543506489
"fixed_design","RQR","lower",138,TRUE,-0.0654930401603169,-0.04375647257403,-0.712242028149439,0.512913832140002,0.310798490915334
"fixed_design","RQR","lower",139,TRUE,-0.0572223679005924,-0.0360672506819366,-0.700180570938729,0.51821621925139,0.307949897909199
"fixed_design","RQR","lower",140,TRUE,-0.0490328420821919,-0.0282100692957263,-0.689241654784498,0.523380742795203,0.30535251520233
"fixed_design","RQR","lower",141,TRUE,-0.0409244627051141,-0.02006242084533,-0.676851641755938,0.528426435115146,0.303005529808124
"fixed_design","RQR","lower",142,TRUE,-0.0328972297693596,-0.0124357857998631,-0.665778759227137,0.534171327060655,0.300907547478831
"fixed_design","RQR","lower",143,TRUE,-0.0249511432749285,-0.00472945503247443,-0.65626303385453,0.539659355518656,0.299056581524834
"fixed_design","RQR","lower",144,TRUE,-0.01708620322182,0.00319238246247626,-0.646866066721346,0.544925476579184,0.29745004846647
"fixed_design","RQR","lower",145,TRUE,-0.0093024096100353,0.0105379366441557,-0.637617546923716,0.550991226086899,0.296084770794551
"fixed_design","RQR","lower",146,TRUE,-0.00159976243957361,0.0175581831515299,-0.627589647395319,0.55645758999719,0.294956986922036
"fixed_design","RQR","lower",147,TRUE,0.00602173828956469,0.0246204950515767,-0.617449709244811,0.560555082013978,0.294062368208168
"fixed_design","RQR","lower",148,TRUE,0.0135620925773806,0.0323808840005243,-0.608056369169736,0.56576522145173,0.293396042737675
"fixed_design","RQR","lower",149,TRUE,0.0210213004238729,0.0398849260595052,-0.599520038610989,0.571361744999852,0.2929526253515
"fixed_design","RQR","lower",150,TRUE,0.028399361829042,0.0470794721780036,-0.590134829267364,0.576442780152066,0.292726253260954
"fixed_design","RQR","lower",151,TRUE,0.0356962767928883,0.0542871136428722,-0.580008632800706,0.582023135947487,0.292710626441954
"fixed_design","RQR","lower",152,TRUE,0.042912045315411,0.0608547591008789,-0.57019371891951,0.586601371628746,0.29289905190554
"fixed_design","RQR","lower",153,TRUE,0.0500466673966105,0.0677917841233961,-0.561400275941549,0.592289597278375,0.293284490878423
"fixed_design","RQR","lower",154,TRUE,0.0571001430364872,0.0744577276266876,-0.551687277897241,0.597038070541526,0.293859607903516
"fixed_design","RQR","lower",155,TRUE,0.0640724722350401,0.0809010994225756,-0.543202361630777,0.602801498126119,0.294616820883517
"fixed_design","RQR","lower",156,TRUE,0.0709636549922704,0.0877531875587454,-0.53530318200943,0.608705860696321,0.295548351137088
"fixed_design","RQR","lower",157,TRUE,0.0777736913081773,0.0945043922753648,-0.526271580919916,0.614318963367326,0.29664627261154
"fixed_design","RQR","lower",158,TRUE,0.0845025811827607,0.101074364425962,-0.519684538593735,0.619765170153814,0.297902559492131
"fixed_design","RQR","lower",159,TRUE,0.0911503246160218,0.10777902085264,-0.511925969703358,0.625149540726341,0.299309131559307
"fixed_design","RQR","lower",160,TRUE,0.0977169216079591,0.114031126926569,-0.505094239461957,0.630953199854749,0.300857896764828
"fixed_design","RQR","lower",161,TRUE,0.104202372158574,0.120415220284825,-0.498592492024292,0.636350115179633,0.302540790619705
"fixed_design","RQR","lower",162,TRUE,0.110606676267865,0.126355155048453,-0.492144670950952,0.641424761741395,0.304349812105726
"fixed_design","RQR","lower",163,TRUE,0.116929833935833,0.132745782666899,-0.485187366419776,0.645821693694177,0.306277055933973
"fixed_design","RQR","lower",164,TRUE,0.123171845162477,0.138944346063854,-0.477463295332486,0.650613552651348,0.308314741074721
"fixed_design","RQR","lower",165,TRUE,0.129332709947799,0.145073179765686,-0.469904530911532,0.655930618861024,0.310455235571445
"fixed_design","RQR","lower",166,TRUE,0.135412428291797,0.150716258352192,-0.461816608520432,0.661291076447387,0.312691077726165
"fixed_design","RQR","lower",167,TRUE,0.141411000194472,0.15660410001383,-0.454947546738779,0.665575240271249,0.31501499380369
"fixed_design","RQR","lower",168,TRUE,0.147328425655824,0.162566548018582,-0.448578372906811,0.670166841321075,0.317419912448988
"fixed_design","RQR","lower",169,TRUE,0.153164704675853,0.16885783523901,-0.43991742862984,0.675060017083143,0.319898976045722
"fixed_design","RQR","lower",170,TRUE,0.158919837254559,0.174796595970591,-0.432845667718876,0.680224918792905,0.322445549266276
"fixed_design","RQR","lower",171,TRUE,0.164593823391942,0.18014271787909,-0.427509420687906,0.683506004201287,0.325053225075872
"fixed_design","RQR","lower",172,TRUE,0.170186663088001,0.185477606112907,-0.4206027246908,0.68856086675067,0.327715828457158
"fixed_design","RQR","lower",173,TRUE,0.175698356342737,0.190720686208184,-0.414623783937015,0.692976316983436,0.330427418118519
"fixed_design","RQR","lower",174,TRUE,0.181128903156151,0.196067378789719,-0.408118973307483,0.697789781477635,0.333182286440842
"fixed_design","RQR","lower",175,TRUE,0.18647830352824,0.201190564433877,-0.402254747532022,0.701141543664365,0.335974957904815
"fixed_design","RQR","lower",176,TRUE,0.191746557459007,0.20605621388272,-0.396730651685707,0.70553443814009,0.338800186225402
"fixed_design","RQR","lower",177,TRUE,0.196933664948451,0.211182353469667,-0.392993116247448,0.710555168019662,0.341652950402732
"fixed_design","RQR","lower",178,TRUE,0.202039625996571,0.216635345230616,-0.388328894251546,0.715162056752834,0.344528449880333
"fixed_design","RQR","lower",179,TRUE,0.207064440603368,0.22144358284111,-0.383156832462873,0.719855806785223,0.347422098982946
"fixed_design","RQR","lower",180,TRUE,0.212008108768843,0.226389461150209,-0.378678575400901,0.723769143243779,0.350329520787717
"fixed_design","RQR","lower",181,TRUE,0.216870630492993,0.231256561528156,-0.373012390656088,0.728230905695527,0.353246540564741
"fixed_design","RQR","lower",182,TRUE,0.221652005775821,0.235888069523394,-0.368199927968115,0.733151963177131,0.356169178906036
"fixed_design","RQR","lower",183,TRUE,0.226352234617325,0.240404365113553,-0.362645693034845,0.736542015676779,0.359093644646216
"fixed_design","RQR","lower",184,TRUE,0.230971317017507,0.245255442479908,-0.358641947346469,0.74077693412217,0.362016327663617
"fixed_design","RQR","lower",185,TRUE,0.235509252976365,0.249666397556246,-0.355105182875821,0.744512203787324,0.364933791637315
"fixed_design","RQR","lower",186,TRUE,0.2399660424939,0.254051572621885,-0.350350604966192,0.749325153808599,0.367842766823561
"fixed_design","RQR","lower",187,TRUE,0.244341685570112,0.258425022713935,-0.346346324509509,0.754953011417323,0.370740142904418
"fixed_design","RQR","lower",188,TRUE,0.248636182205,0.262790590473944,-0.342484640901141,0.758756665686785,0.373622961951932
"fixed_design","RQR","lower",189,TRUE,0.252849532398566,0.267164752615101,-0.338426019818271,0.76358384041605,0.376488411542814
"fixed_design","RQR","lower",190,TRUE,0.256981736150808,0.271889777364075,-0.33377131851037,0.767987146960288,0.379333818051352
"fixed_design","RQR","lower",191,TRUE,0.261032793461728,0.276462331470955,-0.330095590177911,0.771803444390096,0.382156640141953
"fixed_design","RQR","lower",192,TRUE,0.265002704331324,0.280522710778758,-0.326425740220771,0.775706164013575,0.384954462477315
"fixed_design","RQR","lower",193,TRUE,0.268891468759596,0.284770891243454,-0.322793277659126,0.779190724539635,0.38772498965358
"fixed_design","RQR","lower",194,TRUE,0.272699086746546,0.288350861880714,-0.317890876321234,0.782968924725466,0.390466040369929
"fixed_design","RQR","lower",195,TRUE,0.276425558292172,0.292192252494055,-0.314281932066423,0.786642946699692,0.393175541836772
"fixed_design","RQR","lower",196,TRUE,0.280070883396476,0.295940385491362,-0.310751034957148,0.790138860292236,0.395851524423952
"fixed_design","RQR","lower",197,TRUE,0.283635062059456,0.299320920272584,-0.306414994860112,0.793618471117244,0.398492116548126
"fixed_design","RQR","lower",198,TRUE,0.287118094281113,0.302850444449371,-0.30316565088555,0.797168413649144,0.40109553979665
"fixed_design","RQR","lower",199,TRUE,0.290519980061447,0.306320671484921,-0.299163698269224,0.800407822181532,0.403660104283813
"fixed_design","RQR","lower",200,TRUE,0.293840719400458,0.309638381415291,-0.295587674658384,0.803737257199901,0.406184204234105
"fixed_design","RQR","lower",201,TRUE,0.297080312298145,0.312532845988885,-0.29328724963411,0.807489974291595,0.408666313786294
"fixed_design","RQR","lower",202,TRUE,0.300238758754509,0.315607376465718,-0.290549907225997,0.810710503749993,0.41110498301142
"fixed_design","RQR","lower",203,TRUE,0.30331605876955,0.318771745477739,-0.287850414106286,0.813489532764045,0.413498834137323
"fixed_design","RQR","lower",204,TRUE,0.306312212343268,0.321815894413736,-0.284907031233249,0.816995243119427,0.415846557972001
"fixed_design","RQR","lower",205,TRUE,0.309227219475663,0.324508318160192,-0.281590731006016,0.819122936373627,0.418146910517883
"fixed_design","RQR","lower",206,TRUE,0.312061080166735,0.327647779108336,-0.278686850201766,0.82165105378955,0.420398709769046
"fixed_design","RQR","lower",207,TRUE,0.314813794416483,0.330319173985357,-0.275867331273311,0.824083480702496,0.422600832683382
"fixed_design","RQR","lower",208,TRUE,0.317485362224909,0.33322494047176,-0.274010402655258,0.826549017369265,0.42475221232182
"fixed_design","RQR","lower",209,TRUE,0.320075783592011,0.335971803891803,-0.273043808861583,0.829394300161861,0.42685183514683
"fixed_design","RQR","lower",210,TRUE,0.32258505851779,0.338560865015063,-0.271207869973248,0.831763279729745,0.428898738472636
"fixed_design","RQR","lower",211,TRUE,0.325013187002245,0.34096759385265,-0.270264132022016,0.833626403944383,0.43089200805975
"fixed_design","RQR","lower",212,TRUE,0.327360169045378,0.34317033914032,-0.268092481471933,0.835611155506752,0.432830775846741
"fixed_design","RQR","lower",213,TRUE,0.329626004647187,0.345082257677887,-0.266589847033331,0.838053205240071,0.434714217812345
"fixed_design","RQR","lower",214,TRUE,0.331810693807673,0.347352515693462,-0.265623685260064,0.840788748559356,0.436541551961372
"fixed_design","RQR","lower",215,TRUE,0.333914236526837,0.349564728590084,-0.265120250151539,0.843017984499681,0.438312036428091
"fixed_design","RQR","lower",216,TRUE,0.335936632804676,0.351347282629414,-0.263714562375997,0.845316925152744,0.440024967691112
"fixed_design","RQR","lower",217,TRUE,0.337877882641193,0.353435928815073,-0.261405943223227,0.847254495747928,0.441679678894047
"fixed_design","RQR","lower",218,TRUE,0.339737986036387,0.355489556117844,-0.258795900272012,0.849429408749828,0.443275538266537
"fixed_design","RQR","lower",219,TRUE,0.341516942990257,0.357271205252343,-0.257142202061214,0.85140772922628,0.444811947640497
"fixed_design","RQR","lower",220,TRUE,0.343214753502805,0.358978639466872,-0.256221724588496,0.853525967539988,0.44628834105676
"fixed_design","RQR","lower",221,TRUE,0.344831417574029,0.361075261881922,-0.255755685331563,0.855659803097868,0.447704183457498
"fixed_design","RQR","lower",222,TRUE,0.34636693520393,0.362437076549591,-0.254644987495683,0.856958916538517,0.449058969460151
"fixed_design","RQR","lower",223,TRUE,0.347821306392507,0.363624771377454,-0.253623084976746,0.858542711957085,0.450352222208779
"fixed_design","RQR","lower",224,TRUE,0.349194531139762,0.364972755425745,-0.252647584700098,0.859908853763366,0.451583492299055
"fixed_design","RQR","lower",225,TRUE,0.350486609445693,0.36646606920421,-0.251501491211624,0.861710375755517,0.452752356773321
"fixed_design","RQR","lower",226,TRUE,0.351697541310301,0.367578677002603,-0.251299480223079,0.863065902466113,0.453858418182376
"fixed_design","RQR","lower",227,TRUE,0.352827326733587,0.36879871837955,-0.250867249459243,0.864497573849074,0.454901303710894
"fixed_design","RQR","lower",228,TRUE,0.353875965715549,0.37012775277284,-0.249953389870567,0.86566698870772,0.455880664363567
"fixed_design","RQR","lower",229,TRUE,0.354843458256187,0.371202217985405,-0.249360727446592,0.867260796380796,0.456796174209288
"fixed_design","RQR","lower",230,TRUE,0.355729804355503,0.372168796521102,-0.249073809407463,0.869110398360353,0.457647529680863
"fixed_design","RQR","lower",231,TRUE,0.356535004013495,0.372719291499857,-0.249144225476057,0.869602843781592,0.45843444892797
"fixed_design","RQR","lower",232,TRUE,0.357259057230164,0.373802893366638,-0.248759863774212,0.87017770471846,0.459156671221216
"fixed_design","RQR","lower",233,TRUE,0.35790196400551,0.374330463492236,-0.247493276936463,0.870743320569326,0.459813956405355
"fixed_design","RQR","lower",234,TRUE,0.358463724339533,0.374610566848523,-0.247208977398896,0.871772021699016,0.460406084399873
"fixed_design","RQR","lower",235,TRUE,0.358944338232233,0.374974446613861,-0.246511708469855,0.872740414467956,0.460932854745328
"fixed_design","RQR","lower",236,TRUE,0.359343805683609,0.375702940285449,-0.245697139011937,0.873619338363512,0.461394086193967
"fixed_design","RQR","lower",237,TRUE,0.359662126693663,0.375961117963717,-0.246097914651606,0.87438845292912,0.461789616343313
"fixed_design","RQR","lower",238,TRUE,0.359899301262393,0.376335942340062,-0.246279953546864,0.875176857283986,0.462119301311541
"fixed_design","RQR","lower",239,TRUE,0.3600553293898,0.376738649750568,-0.247736917449122,0.875401482288603,0.462383015453626
"fixed_design","RQR","lower",240,TRUE,0.360130211075884,0.376714541414174,-0.247802980967023,0.875693533982852,0.462580651117362
"fixed_design","RQR","lower",241,TRUE,0.360123946320645,0.376743361270965,-0.248511463778287,0.875257835593519,0.462712118438495
"fixed_design","RQR","lower",242,TRUE,0.360036535124082,0.376782718543149,-0.248859657310441,0.875338960332835,0.462777345174365
"fixed_design","RQR","lower",243,TRUE,0.359867977486197,0.37633601910581,-0.249344205099194,0.875278329466896,0.462776276575531
"fixed_design","RQR","lower",244,TRUE,0.359618273406987,0.375987078070323,-0.249424935429103,0.875087957969623,0.462708875295047
"fixed_design","RQR","lower",245,TRUE,0.359287422886456,0.375766389233895,-0.249878732246654,0.874744725184568,0.462575121335126
"fixed_design","RQR","lower",246,TRUE,0.3588754259246,0.375122897689451,-0.250589503903589,0.8752372645427,0.462375012031097
"fixed_design","RQR","lower",247,TRUE,0.358382282521422,0.374451568758795,-0.250348593163985,0.874841397029922,0.462108562072666
"fixed_design","RQR","lower",248,TRUE,0.357807992676921,0.373923334046669,-0.250699831919804,0.873996277552828,0.461775803562618
"fixed_design","RQR","lower",249,TRUE,0.357152556391096,0.373008865901196,-0.252248545122682,0.873323145090035,0.461376786113243
"fixed_design","RQR","lower",250,TRUE,0.356415973663948,0.372287835148271,-0.252884534195146,0.872761723448398,0.460911576980881
"fixed_design","RQR","lower",251,TRUE,0.355598244495477,0.371462798949688,-0.254067371449587,0.872280875443779,0.460380261239117
"fixed_design","RQR","lower",252,TRUE,0.354699368885683,0.370360315835856,-0.255651510459234,0.871062083879363,0.459782941991295
"fixed_design","RQR","lower",253,TRUE,0.353719346834566,0.369647098635748,-0.257299617914898,0.870643859570761,0.459119740623168
"fixed_design","RQR","lower",254,TRUE,0.352658178342125,0.368653514220203,-0.257654457103503,0.869583814743391,0.458390797096605
"fixed_design","RQR","lower",255,TRUE,0.351515863408361,0.367495799340147,-0.258349527459076,0.86838143300698,0.457596270285475
"fixed_design","RQR","lower",256,TRUE,0.350292402033275,0.366230509536075,-0.260427902788863,0.867512843061585,0.456736338354935
"fixed_design","RQR","lower",257,TRUE,0.348987794216864,0.364790687469597,-0.261024664937753,0.866817476921746,0.455811199185526
"fixed_design","RQR","lower",258,TRUE,0.347602039959132,0.363315435504646,-0.263001001374086,0.866015422091421,0.454821070843639
"fixed_design","RQR","lower",259,TRUE,0.346135139260075,0.36162275874871,-0.264737650014047,0.864818724219002,0.453766192100086
"fixed_design","RQR","lower",260,TRUE,0.344587092119695,0.360083851737801,-0.267763696230964,0.863523942531826,0.452646822998676
"fixed_design","RQR","lower",261,TRUE,0.342957898537993,0.358265341536,-0.268171541236714,0.861429065055233,0.451463245476902
"fixed_design","RQR","lower",262,TRUE,0.341247558514967,0.356304582817412,-0.270092477229991,0.86007068847949,0.450215764041012
"fixed_design","RQR","lower",263,TRUE,0.339456072050618,0.35460487191187,-0.271644268218688,0.858462030264223,0.448904706497974
"fixed_design","RQR","lower",264,TRUE,0.337583439144946,0.352512687345148,-0.273260615056065,0.856756198260292,0.447530424747021
"fixed_design","RQR","lower",265,TRUE,0.33562965979795,0.350539299905799,-0.27525852567001,0.853821881197659,0.446093295633719
"fixed_design","RQR","lower",266,TRUE,0.333594734009632,0.348215681271957,-0.276858580887083,0.851338105795342,0.444593721869724
"fixed_design","RQR","lower",267,TRUE,0.33147866177999,0.345957436103571,-0.279586158453492,0.849630717886401,0.443032133021634
"fixed_design","RQR","lower",268,TRUE,0.329281443109025,0.343663107567927,-0.281301140485148,0.847747108244818,0.441408986572633
"fixed_design","RQR","lower",269,TRUE,0.327003077996737,0.341136382669933,-0.282967454985002,0.845956489090452,0.439724769060851
"fixed_design","RQR","lower",270,TRUE,0.324643566443125,0.338670924881106,-0.28443171863251,0.843890341700614,0.437979997298718
"fixed_design","RQR","lower",271,TRUE,0.322202908448191,0.336182619828039,-0.286543956529446,0.841635365155172,0.436175219677829
"fixed_design","RQR","lower",272,TRUE,0.319681104011934,0.333434996051652,-0.289251749057349,0.839446285328861,0.434311017564206
"fixed_design","RQR","lower",273,TRUE,0.317078153134353,0.330811136524364,-0.291898574006556,0.83686805751012,0.432388006789144
"fixed_design","RQR","lower",274,TRUE,0.314394055815449,0.327833792472331,-0.294407745835536,0.83489418338275,0.430406839241204
"fixed_design","RQR","lower",275,TRUE,0.311628812055222,0.325090435741406,-0.296615631654101,0.831744241828302,0.428368204565256
"fixed_design","RQR","lower",276,TRUE,0.308782421853672,0.322218073822563,-0.299546928535682,0.828985177237328,0.426272831974878
"fixed_design","RQR","lower",277,TRUE,0.305854885210798,0.319301307040541,-0.302965508690724,0.825659685005921,0.424121492184783
"fixed_design","RQR","lower",278,TRUE,0.302846202126602,0.316271224982907,-0.305520338427478,0.822154477912854,0.421914999470385
"fixed_design","RQR","lower",279,TRUE,0.299756372601082,0.312967527140696,-0.30801111516318,0.818902820438538,0.419654213861987
"fixed_design","RQR","lower",280,TRUE,0.296585396634239,0.309401051801873,-0.311342048366743,0.815823616736052,0.417340043481556
"fixed_design","RQR","lower",281,TRUE,0.293333274226073,0.306127759965322,-0.314847093624697,0.812128080332393,0.414973447030415
"fixed_design","RQR","lower",282,TRUE,0.290000005376583,0.302685936600145,-0.318421105474137,0.808812631509793,0.41255543643667
"fixed_design","RQR","lower",283,TRUE,0.286585590085771,0.299037917337786,-0.321511292414942,0.805587661587045,0.410087079671576
"fixed_design","RQR","lower",284,TRUE,0.283090028353636,0.294970687513341,-0.323883674017432,0.802429037720464,0.407569503744487
"fixed_design","RQR","lower",285,TRUE,0.279513320180177,0.291393560594648,-0.327549083177659,0.798389394249834,0.405003897886431
"fixed_design","RQR","lower",286,TRUE,0.275855465565395,0.287866296274897,-0.330969026183755,0.794501675253587,0.402391516932698
"fixed_design","RQR","lower",287,TRUE,0.27211646450929,0.283993348324777,-0.334635019104741,0.790240983514657,0.399733684915199
"fixed_design","RQR","lower",288,TRUE,0.268296317011862,0.28009141612493,-0.338457050305203,0.787164300127237,0.397031798875596
"fixed_design","RQR","lower",289,TRUE,0.26439502307311,0.275743304689361,-0.34215603078649,0.782973257870173,0.394287332910415
"fixed_design","RQR","lower",290,TRUE,0.260412582693035,0.271539915354882,-0.345503283516021,0.778268922005628,0.3915018424595
"fixed_design","RQR","lower",291,TRUE,0.256348995871637,0.26714991849843,-0.348907462810191,0.77442183570367,0.388676968849099
"fixed_design","RQR","lower",292,TRUE,0.252204262608916,0.263240849615614,-0.352782604475986,0.770330312983055,0.385814444100781
"fixed_design","RQR","lower",293,TRUE,0.247978382904872,0.258940362261592,-0.355867687415292,0.765840952271718,0.382916096017028
"fixed_design","RQR","lower",294,TRUE,0.243671356759505,0.254366684955127,-0.359388316674647,0.760537474821291,0.379983853553792
"fixed_design","RQR","lower",295,TRUE,0.239283184172814,0.249932973540198,-0.362044463510955,0.756340661657798,0.377019752489498
"fixed_design","RQR","lower",296,TRUE,0.234813865144801,0.245378530854507,-0.366198420944295,0.751099760466519,0.374025941398831
"fixed_design","RQR","lower",297,TRUE,0.230263399675464,0.241008720650899,-0.370458826486092,0.745887915803281,0.37100468793813
"fixed_design","RQR","lower",298,TRUE,0.225631787764804,0.23650502174465,-0.375198889130203,0.741462279279804,0.367958385447221
"fixed_design","RQR","lower",299,TRUE,0.220919029412821,0.231908099972173,-0.378023967550435,0.735834877165465,0.364889559870013
"fixed_design","RQR","lower",300,TRUE,0.216125124619514,0.227086211975562,-0.382144748160871,0.729948923459656,0.36180087699303
"fixed_design","RQR","lower",301,TRUE,0.211250073384885,0.221668756494235,-0.385839585495129,0.724572347858018,0.358695149997189
"fixed_design","RQR","lower",302,TRUE,0.206293875708932,0.216385259972206,-0.390267092783894,0.718749675840172,0.355575347313378
"fixed_design","RQR","lower",303,TRUE,0.201256531591657,0.211201099814696,-0.395906601372751,0.713038296541062,0.352444600766719
"fixed_design","RQR","lower",304,TRUE,0.196138041033058,0.206001619194736,-0.399991009306742,0.708156443148043,0.34930621398757
"fixed_design","RQR","lower",305,TRUE,0.190938404033135,0.200345666820343,-0.404277527848587,0.701750277347651,0.34616367105925
"fixed_design","RQR","lower",306,TRUE,0.18565762059189,0.195071442927465,-0.408366420101613,0.696965300979358,0.343020645363026
"fixed_design","RQR","lower",307,TRUE,0.180295690709322,0.189917286305042,-0.413023574905412,0.690342702141242,0.339881008569811
"fixed_design","RQR","lower",308,TRUE,0.174852614385429,0.18430731449561,-0.417799003650504,0.684503342142327,0.336748839715335
"fixed_design","RQR","lower",309,TRUE,0.169328391620215,0.178848143194746,-0.422235511543354,0.67889171391849,0.333628434280885
"fixed_design","RQR","lower",310,TRUE,0.163723022413677,0.172983477235309,-0.426594643664944,0.672720853443015,0.330524313185177
"fixed_design","RQR","lower",311,TRUE,0.158036506765816,0.166770371934956,-0.431085708269429,0.666177395020086,0.327441231574261
"fixed_design","RQR","lower",312,TRUE,0.152268844676631,0.16095083213519,-0.435771140223621,0.65997256552413,0.324384187275627
"fixed_design","RQR","lower",313,TRUE,0.146420036146124,0.154817516502638,-0.440205859265375,0.653658331562661,0.321358428759916
"fixed_design","RQR","lower",314,TRUE,0.140490081174293,0.148937063007739,-0.443755304162197,0.647056608286641,0.318369462428879
"fixed_design","RQR","lower",315,TRUE,0.134478979761139,0.142748577139022,-0.448042452693096,0.639940665063765,0.315423059021894
"fixed_design","RQR","lower",316,TRUE,0.128386731906662,0.136573140914794,-0.451574344620103,0.632799275499245,0.312525258905665
"fixed_design","RQR","lower",317,TRUE,0.122213337610862,0.130424678849564,-0.457094558756257,0.625965508896939,0.309682375983473
"fixed_design","RQR","lower",318,TRUE,0.115958796873738,0.12421997155582,-0.462811748859503,0.619502028932296,0.306900999932194
"fixed_design","RQR","lower",319,TRUE,0.109623109695292,0.117885805279397,-0.467950488805757,0.612556050329493,0.304187996448493
"fixed_design","RQR","lower",320,TRUE,0.103206276075522,0.111393926555345,-0.472503532142719,0.605413264566766,0.301550505161396
"fixed_design","RQR","lower",321,TRUE,0.0967082960144292,0.104528496347833,-0.478386301852542,0.598362150078485,0.298995934848613
"fixed_design","RQR","lower",322,TRUE,0.0901291695120134,0.0978349835865008,-0.484365145794189,0.590984070241648,0.2965319555805
"fixed_design","RQR","lower",323,TRUE,0.0834688965682743,0.0912704395852748,-0.489382032348228,0.583371276038034,0.294166487410769
"fixed_design","RQR","lower",324,TRUE,0.0767274771832119,0.0844622191691612,-0.495059218945392,0.575997641155523,0.29190768523942
"fixed_design","RQR","lower",325,TRUE,0.0699049113568257,0.0772375621679881,-0.501528783234428,0.56838567500413,0.289763919493699
"fixed_design","RQR","lower",326,TRUE,0.0630011990891177,0.0705340043330554,-0.506522494709507,0.560424979102276,0.287743752309776
"fixed_design","RQR","lower",327,TRUE,0.0560163403800856,0.0632758016877048,-0.513727139938852,0.552773098477948,0.285855908953877
"fixed_design","RQR","lower",328,TRUE,0.04895033522973,0.056248719072811,-0.521128297827347,0.545528660490325,0.284109244298838
"fixed_design","RQR","lower",329,TRUE,0.0418031836380517,0.0489246652888505,-0.527956570407475,0.538533280491171,0.282512704271845
"fixed_design","RQR","lower",330,TRUE,0.0345748856050503,0.0413870818960047,-0.535045153148358,0.530230900959221,0.281075282311808
"fixed_design","RQR","lower",331,TRUE,0.0272654411307259,0.0336733183572311,-0.541022298372909,0.52286581692723,0.279805971019279
"fixed_design","RQR","lower",332,TRUE,0.0198748502150783,0.0258888009552095,-0.547090924470569,0.514999741437016,0.278713709345375
"fixed_design","RQR","lower",333,TRUE,0.0124031128581076,0.0182879364807622,-0.554078724262615,0.506443998883296,0.277807325844014
"fixed_design","RQR","lower",334,TRUE,0.00485022905981337,0.0103695715868186,-0.561543852013926,0.497866753150459,0.277095478697364
"fixed_design","RQR","lower",335,TRUE,-0.00278380117980427,0.00227529015664601,-0.567909437692953,0.489736981057963,0.27658659340905
"fixed_design","RQR","lower",336,TRUE,-0.0104989778607444,-0.00566167188152206,-0.573328966522916,0.481238827315619,0.276288799233111
"fixed_design","RQR","lower",337,TRUE,-0.0182953009830081,-0.0138616700974027,-0.578738189751628,0.472178278031985,0.276209865557694
"fixed_design","RQR","lower",338,TRUE,-0.0261727705465951,-0.0217001943565401,-0.585589894981374,0.463259269605019,0.276357139579357
"fixed_design","RQR","lower",339,TRUE,-0.034131386551505,-0.0300899783473061,-0.590974315809886,0.454228075432267,0.276737486675679
"fixed_design","RQR","lower",340,TRUE,-0.0421711489977375,-0.0380042350434306,-0.59757029028293,0.445616822220239,0.277357234901606
"fixed_design","RQR","lower",341,TRUE,-0.0502920578852942,-0.0459877494484503,-0.604947899961963,0.437292744850663,0.278222124992111
"fixed_design","RQR","lower",342,TRUE,-0.0584941132141735,-0.0540927250182624,-0.611808165086378,0.427886277975517,0.279337267147933
"fixed_design","RQR","lower",343,TRUE,-0.0667773149843762,-0.0622201012664256,-0.618043159532056,0.418705612105155,0.280707105714113
"fixed_design","RQR","lower",344,TRUE,-0.0751416631959019,-0.0705826323204026,-0.624737413030793,0.409909627452412,0.282335392639182
"fixed_design","RQR","lower",345,TRUE,-0.0835871578487507,-0.07912596993977,-0.632489035132647,0.400815639922507,0.284225170336925
"fixed_design","RQR","lower",346,TRUE,-0.0921137989429238,-0.0882814689785809,-0.639721400269532,0.391576353423128,0.286378764276877
"fixed_design","RQR","lower",347,TRUE,-0.100721586478418,-0.0969762002533214,-0.646148383320324,0.381637224517888,0.288797785320678
"fixed_design","RQR","lower",348,TRUE,-0.109410520455237,-0.105945987817999,-0.653351858332714,0.373071622714842,0.291483141516729
"fixed_design","RQR","lower",349,TRUE,-0.118180600873379,-0.114938661923601,-0.660859671376302,0.363508853542127,0.294435058782043
"fixed_design","RQR","lower",350,TRUE,-0.127031827732843,-0.123563876871499,-0.668198144566171,0.353849529679621,0.297653109652651
"fixed_design","RQR","lower",351,TRUE,-0.135964201033632,-0.132518141483196,-0.676104446335207,0.344223104727666,0.30113624908393
"fixed_design","RQR","lower",352,TRUE,-0.144977720775743,-0.141738581980899,-0.684541612974697,0.334731607129079,0.304882856137294
"fixed_design","RQR","lower",353,TRUE,-0.154072386959177,-0.151020408588224,-0.69337541746561,0.324559535647446,0.308890780303085
"fixed_design","RQR","lower",354,TRUE,-0.163248199583934,-0.160322407237714,-0.700746509617168,0.314483974035161,0.313157391180242
"fixed_design","RQR","lower",355,TRUE,-0.172505158650015,-0.169487444475219,-0.709355847104318,0.304649587457373,0.317679630256837
"fixed_design","RQR","lower",356,TRUE,-0.181843264157419,-0.178705729785963,-0.717566975396334,0.294580372818707,0.322454063604593
"fixed_design","RQR","lower",357,TRUE,-0.191262516106146,-0.188542340791066,-0.726523435962297,0.284088949209815,0.327476934405622
"fixed_design","RQR","lower",358,TRUE,-0.200762914496197,-0.198413661574687,-0.73455666199213,0.273658507882427,0.332744214361056
"fixed_design","RQR","lower",359,TRUE,-0.21034445932757,-0.208310201145448,-0.74514649240225,0.264179621967896,0.33825165317866
"fixed_design","RQR","lower",360,TRUE,-0.220007150600266,-0.218068965216084,-0.753979285990552,0.253848398359005,0.343994825490892
"fixed_design","RQR","lower",361,TRUE,-0.229750988314286,-0.228117298000303,-0.761114086600188,0.243607677656131,0.349969174707914
"fixed_design","RQR","lower",362,TRUE,-0.239575972469628,-0.237815686735428,-0.769023207906606,0.233635977563565,0.356170053455492
"fixed_design","RQR","lower",363,TRUE,-0.249482103066294,-0.247685466497227,-0.778803411353509,0.223203568297138,0.362592760380593
"fixed_design","RQR","lower",364,TRUE,-0.259469380104283,-0.257450418777909,-0.78843557538868,0.213456989168582,0.369232573224725
"fixed_design","RQR","lower",365,TRUE,-0.269537803583596,-0.267930462909588,-0.798594617244527,0.203662116092067,0.376084778164802
"fixed_design","RQR","lower",366,TRUE,-0.279687373504232,-0.277943952177371,-0.808475113015979,0.192032311275386,0.383144695503288
"fixed_design","RQR","lower",367,TRUE,-0.28991808986619,-0.288523978971804,-0.81807572346578,0.181268134823021,0.390407701853802
"fixed_design","RQR","lower",368,TRUE,-0.300229952669472,-0.299310084940823,-0.827724462042957,0.171248333331141,0.39786924901669
"fixed_design","RQR","lower",369,TRUE,-0.310622961914078,-0.310162980623579,-0.837538158220654,0.161005388885736,0.405524879772793
"fixed_design","RQR","lower",370,TRUE,-0.321097117600006,-0.320388192238029,-0.847787894666457,0.151006669126057,0.413370240844745
"fixed_design","RQR","lower",371,TRUE,-0.331652419727257,-0.330906574185176,-0.857242710181626,0.140361481940829,0.421401093285663
"fixed_design","RQR","lower",372,TRUE,-0.342288868295831,-0.341836078098149,-0.865059804731103,0.129357669348176,0.429613320556941
"fixed_design","RQR","lower",373,TRUE,-0.353006463305729,-0.35293661281948,-0.875831877436478,0.118492948301087,0.438002934551953
"fixed_design","RQR","lower",374,TRUE,-0.36380520475695,-0.364076783847865,-0.885917626331773,0.108187678461009,0.446566079812438
"fixed_design","RQR","lower",375,TRUE,-0.374685092649494,-0.375096556251103,-0.896139913284065,0.0980869272793316,0.455299036170637
"fixed_design","RQR","lower",376,TRUE,-0.385646126983362,-0.386044838219244,-0.907257651022391,0.0869363546572172,0.464198220034114
"fixed_design","RQR","lower",377,TRUE,-0.396688307758552,-0.397013929630709,-0.917417460255302,0.075654027976303,0.473260184512625
"fixed_design","RQR","lower",378,TRUE,-0.407811634975066,-0.408597641042267,-0.927658614664323,0.0640774288149153,0.482481618568222
"fixed_design","RQR","lower",379,TRUE,-0.419016108632902,-0.419988682274099,-0.938346396926824,0.0542540827417464,0.491859345351607
"fixed_design","RQR","lower",380,TRUE,-0.430301728732062,-0.431674097436322,-0.948747474702815,0.0435435617542952,0.501390319870049
"fixed_design","RQR","lower",381,TRUE,-0.441668495272545,-0.443019077140371,-0.959324039938922,0.0334117633647571,0.511071626115335
"fixed_design","RQR","lower",382,TRUE,-0.453116408254351,-0.454534979969108,-0.971269813224166,0.0232082346508832,0.520900473764369
"fixed_design","RQR","lower",383,TRUE,-0.464645467677481,-0.465845728793517,-0.982292453780479,0.0132994887967765,0.530874194550413
"fixed_design","RQR","lower",384,TRUE,-0.476255673541934,-0.477871338637903,-0.99270959354431,0.00273974188177631,0.540990238389558
"fixed_design","RQR","lower",385,TRUE,-0.487947025847709,-0.489719542644746,-1.00270227246718,-0.00804988919591735,0.551246169334926
"fixed_design","RQR","lower",386,TRUE,-0.499719524594809,-0.501591482666552,-1.01430262025794,-0.0192496512319764,0.561639661420194
"fixed_design","RQR","lower",387,TRUE,-0.511573169783231,-0.513211324247808,-1.02578709425505,-0.0296697099160853,0.572168494444381
"fixed_design","RQR","lower",388,TRUE,-0.523507961412975,-0.525238015499229,-1.037688089222,-0.0409561077275509,0.582830549741302
"fixed_design","RQR","lower",389,TRUE,-0.535523899484044,-0.537410925672883,-1.04883778948562,-0.0519287504719545,0.59362380596956
"fixed_design","RQR","lower",390,TRUE,-0.547620983996435,-0.549910617119847,-1.05942717760479,-0.0623395992745118,0.604546334952432
"fixed_design","RQR","lower",391,TRUE,-0.559799214950151,-0.561885443049861,-1.07153260632487,-0.0721937230580214,0.615596297591339
"fixed_design","RQR","lower",392,TRUE,-0.572058592345188,-0.574324395987208,-1.08168044704009,-0.082928827950544,0.626771939871672
"fixed_design","RQR","lower",393,TRUE,-0.584399116181549,-0.586906857943313,-1.09302903835683,-0.0941698565358438,0.638071588975607
"fixed_design","RQR","lower",394,TRUE,-0.596820786459234,-0.599913006389618,-1.10403794850833,-0.105669050440954,0.649493649512936
"fixed_design","RQR","lower",395,TRUE,-0.609323603178241,-0.61246152323076,-1.11564123470472,-0.117264000805633,0.661036599877932
"fixed_design","RQR","lower",396,TRUE,-0.621907566338572,-0.624841635198316,-1.12737218280308,-0.128411447633858,0.672698988737761
"fixed_design","RQR","lower",397,TRUE,-0.634572675940226,-0.63810522688865,-1.13808896072218,-0.1395011792245,0.684479431655758
"fixed_design","RQR","lower",398,TRUE,-0.647318931983202,-0.651000826947182,-1.15035097105469,-0.150415243725771,0.696376607851208
"fixed_design","RQR","lower",399,TRUE,-0.660146334467503,-0.664326942714969,-1.16166302298113,-0.161134873474215,0.708389257095771
"fixed_design","RQR","lower",400,TRUE,-0.673054883393126,-0.677278052670378,-1.17500544242391,-0.172030575198472,0.720516176745507
"fixed_design","RQR","lower",401,TRUE,-0.686044578760072,-0.690584197092295,-1.18807302789922,-0.181591126098013,0.732756218906574
"fixed_design","RQR","lower",402,TRUE,-0.699115420568342,-0.704287789260035,-1.20155634350899,-0.192268924108232,0.745108287731825
"fixed_design","RQR","lower",403,TRUE,-0.712267408817935,-0.718018514159902,-1.21445671036717,-0.20254520993361,0.757571336845032
"fixed_design","RQR","lower",404,TRUE,-0.725500543508852,-0.731881382181311,-1.22870710367434,-0.212635909426594,0.770144366888958
"fixed_design","RQR","lower",405,TRUE,-0.73881482464109,-0.745797331422257,-1.24167181252391,-0.224323642517581,0.782826423193207
"fixed_design","RQR","lower",406,TRUE,-0.752210252214652,-0.759483135915213,-1.25586588931638,-0.234995117567158,0.795616593557539
"fixed_design","RQR","lower",407,TRUE,-0.765686826229538,-0.773506053162268,-1.26812637470794,-0.245777050119543,0.808514006146186
"fixed_design","RQR","lower",408,TRUE,-0.779244546685747,-0.787635124459326,-1.28245077650951,-0.256140738355192,0.821517827488635
"fixed_design","RQR","lower",409,TRUE,-0.792883413583278,-0.801858138380976,-1.29517296435088,-0.266281258648169,0.834627260582325
"fixed_design","RQR","lower",410,TRUE,-0.806603426922133,-0.815996217776827,-1.30932700141985,-0.276174962149073,0.84784154309271
"fixed_design","RQR","lower",411,TRUE,-0.820404586702311,-0.830148813209141,-1.32313141338698,-0.286349578456779,0.861159945646194
"fixed_design","RQR","lower",412,TRUE,-0.834286892923812,-0.844288452504811,-1.33828583600086,-0.296802555360736,0.874581770211568
"fixed_design","RQR","lower",413,TRUE,-0.848250345586637,-0.858646074032802,-1.35355741637903,-0.30811400606189,0.888106348565631
"fixed_design","RQR","lower",414,TRUE,-0.862294944690786,-0.872442650475151,-1.36804094608607,-0.318180914312439,0.901733040838843
"fixed_design","RQR","lower",415,TRUE,-0.876420690236257,-0.88688174231432,-1.38265999701054,-0.327572560266226,0.915461234136978
"fixed_design","RQR","lower",416,TRUE,-0.890627582223049,-0.901124943005059,-1.39766765384031,-0.338105469842577,0.929290341234894
"fixed_design","RQR","lower",417,TRUE,-0.904915620651167,-0.915880946878399,-1.41093410070973,-0.350047984939998,0.943219799338695
"fixed_design","RQR","lower",418,TRUE,-0.919284805520608,-0.931021319672865,-1.42528069412896,-0.361465330471207,0.95724906891268
"fixed_design","RQR","lower",419,TRUE,-0.933735136831371,-0.945961036718935,-1.4404139119911,-0.37210252102929,0.971377632567702
"fixed_design","RQR","lower",420,TRUE,-0.948266614583458,-0.960766528180274,-1.45429344209023,-0.382144726783701,0.98560499400763
"fixed_design","RQR","lower",421,TRUE,-0.962879238776867,-0.975609899585061,-1.46865345472706,-0.391985758145824,0.999930677030824
"fixed_design","RQR","lower",422,TRUE,-0.9775730094116,-0.990377327252811,-1.48409805164434,-0.402687100261084,1.01435422458366
"fixed_design","RQR","lower",423,TRUE,-0.992347926487657,-1.00545085715121,-1.49997945487642,-0.413471101926194,1.02887519786325
"fixed_design","RQR","lower",424,TRUE,-1.00720399000504,-1.0208211234227,-1.51536459504423,-0.424079960237162,1.04349317546681
"fixed_design","RQR","lower",425,TRUE,-1.02214119996374,-1.03625071868641,-1.53122917791016,-0.43311384069976,1.05820775258491
"fixed_design","RQR","lower",426,TRUE,-1.03715955636376,-1.05149704085055,-1.54860004283563,-0.445320664399524,1.07301854023649
"fixed_design","RQR","lower",427,TRUE,-1.05225905920511,-1.0673912148718,-1.56523036835961,-0.457383984284529,1.08792516454311
"fixed_design","RQR","lower",428,TRUE,-1.06743970848779,-1.08285040925311,-1.58224943858234,-0.466529248921122,1.10292726604049
"fixed_design","RQR","lower",429,TRUE,-1.08270150421178,-1.09813077570588,-1.59834362944855,-0.476996389047353,1.11802449902512
"fixed_design","RQR","lower",430,TRUE,-1.0980444463771,-1.11405220031776,-1.6146506834617,-0.48648622475023,1.13321653093421
"fixed_design","RQR","lower",431,TRUE,-1.11346853498374,-1.13042752240513,-1.63202091577768,-0.495632811120914,1.14850304175696
"fixed_design","RQR","lower",432,TRUE,-1.12897377003171,-1.1464964667402,-1.64840263386818,-0.505252422299292,1.16388372347564
"fixed_design","RQR","lower",433,TRUE,-1.14456015152099,-1.16234551849854,-1.66446656851941,-0.515256891210822,1.17935827953464
"fixed_design","RQR","lower",434,TRUE,-1.1602276794516,-1.17870168164017,-1.6830840242444,-0.524980669445758,1.19492642433622
"fixed_design","RQR","lower",435,TRUE,-1.17597635382354,-1.19533421028409,-1.70029708493874,-0.535973259553991,1.21058788276124
"fixed_design","RQR","lower",436,TRUE,-1.1918061746368,-1.21198859318057,-1.71666665785836,-0.545606425166786,1.22634238971372
"fixed_design","RQR","lower",437,TRUE,-1.20771714189138,-1.22865964386172,-1.73418077165947,-0.555041825383275,1.24218968968788
"fixed_design","RQR","lower",438,TRUE,-1.22370925558728,-1.24553923599556,-1.75239933968023,-0.564738896776606,1.25812953635634
"fixed_design","RQR","lower",439,TRUE,-1.23978251572451,-1.26162643892108,-1.770649103245,-0.574025998077496,1.27416169217858
"fixed_design","RQR","lower",440,TRUE,-1.25593692230306,-1.27818470220542,-1.78878613139158,-0.583274415663352,1.29028592802831
"fixed_design","RQR","lower",441,TRUE,-1.27217247532293,-1.29491592058125,-1.80844383293898,-0.593115071798774,1.30650202283892
"fixed_design","RQR","lower",442,TRUE,-1.28848917478413,-1.31177193802162,-1.82727487757933,-0.604274252718193,1.32280976326595
"fixed_design","RQR","lower",443,TRUE,-1.30488702068665,-1.32880039662479,-1.84655518973646,-0.614829671624091,1.33920894336577
"fixed_design","RQR","lower",444,TRUE,-1.32136601303049,-1.34584988551407,-1.86498888776358,-0.625073764230648,1.35569936428951
"fixed_design","RQR","lower",445,TRUE,-1.33792615181566,-1.36293620918096,-1.88414217851261,-0.635078492251069,1.37228083399149
"fixed_design","RQR","lower",446,TRUE,-1.35456743704214,-1.38038377642452,-1.90374149568263,-0.645683563656009,1.3889531669514
"fixed_design","RQR","lower",447,TRUE,-1.37128986870996,-1.39788664188805,-1.92177281480636,-0.655472720092061,1.40571618390948
"fixed_design","RQR","lower",448,TRUE,-1.38809344681909,-1.41549942625529,-1.94190051281807,-0.664274266345586,1.42256971161405
"fixed_design","RQR","lower",449,TRUE,-1.40497817136955,-1.43307954059496,-1.95991214904143,-0.674628657342986,1.43951358258075
"fixed_design","RQR","lower",450,TRUE,-1.42194404236133,-1.45076531317618,-1.97997499145627,-0.685658129686603,1.4565476348628
"fixed_design","RQR","lower",451,TRUE,-1.43899105979444,-1.46876133579595,-2.00160406420028,-0.695957119679859,1.47367171183193
"fixed_design","RQR","lower",452,TRUE,-1.45611922366887,-1.48644614258559,-2.02328248277609,-0.706250769525986,1.49088566196915
"fixed_design","RQR","lower",453,TRUE,-1.47332853398462,-1.50471430132612,-2.04399984220544,-0.716928122174724,1.50818933866507
"fixed_design","RQR","lower",454,TRUE,-1.49061899074169,-1.52283273843571,-2.06590355478892,-0.727349646655499,1.52558260002924
"fixed_design","RQR","lower",455,TRUE,-1.50799059394009,-1.54110639156648,-2.08826931060365,-0.737110403578725,1.54306530870799
"fixed_design","RQR","lower",456,TRUE,-1.52544334357981,-1.55913808152255,-2.10926001267591,-0.746135320293661,1.5606373317104
"fixed_design","RQR","lower",457,TRUE,-1.54297723966085,-1.57731851455769,-2.13022924200676,-0.755467293903438,1.57829854024199
"fixed_design","RQR","lower",458,TRUE,-1.56059228218322,-1.59539162227987,-2.15187786648286,-0.76607481460003,1.59604880954575
"fixed_design","RQR","lower",459,TRUE,-1.57828847114691,-1.6135861600113,-2.17414112698963,-0.776430359170309,1.6138880187501
"fixed_design","RQR","lower",460,TRUE,-1.59606580655192,-1.63226531209608,-2.19528113660833,-0.78576258760907,1.63181605072349
"fixed_design","RQR","lower",461,TRUE,-1.61392428839826,-1.65086790019899,-2.21841644450336,-0.796032826897527,1.64983279193534
"fixed_design","RQR","lower",462,TRUE,-1.63186391668592,-1.66940379965401,-2.24002515223317,-0.804912369765654,1.66793813232288
"fixed_design","RQR","lower",463,TRUE,-1.64988469141491,-1.68834473427679,-2.26206452838889,-0.813168372047616,1.68613196516381
"fixed_design","RQR","lower",464,TRUE,-1.66798661258521,-1.70731009434133,-2.28383300318478,-0.822518071928798,1.70441418695426
"fixed_design","RQR","lower",465,TRUE,-1.68616968019684,-1.72617852210503,-2.30736976755513,-0.830117524839213,1.72278469729202
"fixed_design","RQR","lower",466,TRUE,-1.70443389424979,-1.74534022455194,-2.33103039621609,-0.842091386306342,1.74124339876466
"fixed_design","RQR","lower",467,TRUE,-1.72277925474407,-1.76462567511248,-2.3546603271129,-0.853646808174963,1.75979019684226
"fixed_design","RQR","lower",468,TRUE,-1.74120576167967,-1.78391040362939,-2.37659466461181,-0.865138650057324,1.77842499977475
"fixed_design","RQR","lower",469,TRUE,-1.75971341505659,-1.80320214037662,-2.39955058686076,-0.874827906843724,1.79714771849336
"fixed_design","RQR","lower",470,TRUE,-1.77830221487484,-1.82317514658235,-2.42415709356089,-0.884498327207023,1.81595826651625
"fixed_design","RQR","lower",471,TRUE,-1.7969721611344,-1.84286623859782,-2.44735574010587,-0.894721675788114,1.83485655985785
"fixed_design","RQR","lower",472,TRUE,-1.81572325383529,-1.86263827583736,-2.47210379260324,-0.904341562449291,1.8538425169421
"fixed_design","RQR","lower",473,TRUE,-1.83455549297751,-1.88244903626696,-2.49565261672474,-0.914658954020245,1.872916058519
"fixed_design","RQR","lower",474,TRUE,-1.85346887856105,-1.90193625991673,-2.52070980729706,-0.924969074408697,1.89207710758465
"fixed_design","RQR","lower",475,TRUE,-1.87246341058591,-1.9221384404916,-2.54538492691621,-0.935066297059671,1.91132558930444
"fixed_design","RQR","lower",476,TRUE,-1.89153908905209,-1.94250289402568,-2.56991071684436,-0.947051576864327,1.93066143093929
"fixed_design","RQR","lower",477,TRUE,-1.9106959139596,-1.96244657088664,-2.59395512285414,-0.956889501201678,1.95008456177486
"fixed_design","RQR","lower",478,TRUE,-1.92993388530843,-1.98284957223756,-2.61666466044119,-0.966837103427082,1.96959491305351
"fixed_design","RQR","lower",479,TRUE,-1.94925300309858,-2.00305674757931,-2.64114258704361,-0.97671217314404,1.98919241790891
"fixed_design","RQR","lower",480,TRUE,-1.96865326733006,-2.02322128785412,-2.66788718624186,-0.986013424948559,2.00887701130323
"fixed_design","RQR","lower",481,TRUE,-1.98813467800286,-2.04400483819858,-2.69410395612173,-0.995599114092339,2.02864862996677
"fixed_design","RQR","lower",482,TRUE,-2.00769723511698,-2.06451138123061,-2.71873735422865,-1.0046715786371,2.04850721233985
"fixed_design","RQR","lower",483,TRUE,-2.02734093867243,-2.08508734485537,-2.74724291362238,-1.01483047167025,2.06845269851704
"fixed_design","RQR","lower",484,TRUE,-2.0470657886692,-2.10575413859245,-2.7735483361171,-1.02524955320579,2.08848503019338
"fixed_design","RQR","lower",485,TRUE,-2.06687178510729,-2.12644118485097,-2.80058720002292,-1.03585125979494,2.10860415061275
"fixed_design","RQR","lower",486,TRUE,-2.08675892798671,-2.14704222731738,-2.82720567401088,-1.04654464085894,2.12881000451812
"fixed_design","RQR","lower",487,TRUE,-2.10672721730745,-2.16744942674833,-2.85474361169394,-1.05739106587757,2.14910253810373
"fixed_design","RQR","lower",488,TRUE,-2.12677665306951,-2.18848068090874,-2.88046038561556,-1.06965317152525,2.16948169896894
"fixed_design","RQR","lower",489,TRUE,-2.1469072352729,-2.2095868359952,-2.90844884879759,-1.08168953241113,2.18994743607392
"fixed_design","RQR","lower",490,TRUE,-2.1671189639176,-2.23007304402499,-2.93322708747211,-1.09307133243434,2.21049969969691
"fixed_design","RQR","lower",491,TRUE,-2.18741183900364,-2.25092857366671,-2.96096624194569,-1.10372082885954,2.23113844139304
"fixed_design","RQR","lower",492,TRUE,-2.20778586053099,-2.27232681744942,-2.98733958981704,-1.11352660060789,2.25186361395467
"fixed_design","RQR","lower",493,TRUE,-2.22824102849967,-2.29331458553214,-3.01467575769883,-1.12591374843657,2.2726751713732
"fixed_design","RQR","lower",494,TRUE,-2.24877734290967,-2.31457683342057,-3.04168659672552,-1.13649377176305,2.29357306880218
"fixed_design","RQR","lower",495,TRUE,-2.26939480376099,-2.33609303980409,-3.06848781591127,-1.14648064773525,2.31455726252185
"fixed_design","RQR","lower",496,TRUE,-2.29009341105364,-2.35748755779662,-3.09509762747592,-1.15780237388367,2.33562770990485
"fixed_design","RQR","lower",497,TRUE,-2.31087316478761,-2.37899056961846,-3.1226162652495,-1.1686826380523,2.35678436938321
"fixed_design","RQR","lower",498,TRUE,-2.33173406496291,-2.4005365599148,-3.15051952393984,-1.17838288771732,2.3780272004165
"fixed_design","RQR","lower",499,TRUE,-2.35267611157952,-2.42213374021281,-3.17949142155246,-1.18903950901749,2.39935616346108
"fixed_design","RQR","lower",500,TRUE,-2.37369930463746,-2.44404996401123,-3.20874883294204,-1.19836913125539,2.42077121994041
"fixed_design","RQR","lower",501,TRUE,-2.39480364413673,-2.4663128427604,-3.23627323095723,-1.21037214536414,2.44227233221648
"fixed_design","RQR","lower",502,TRUE,-2.41598913007731,-2.48805513153498,-3.26463951337265,-1.22257036426092,2.46385946356214
"fixed_design","RQR","lower",503,TRUE,-2.43725576245922,-2.50944216133413,-3.29204963459746,-1.23201570690008,2.48553257813441
"fixed_design","RQR","lower",504,TRUE,-2.45860354128246,-2.5316626695115,-3.32132663939997,-1.24276574044521,2.50729164094871
"fixed_design","RQR","lower",505,TRUE,-2.48003246654701,-2.55362663796886,-3.34969053489961,-1.25447500721471,2.529136617854
"fixed_design","RQR","lower",506,TRUE,-2.50154253825289,-2.57548976738029,-3.38056853619881,-1.26562668223032,2.55106747550871
"fixed_design","RQR","lower",507,TRUE,-2.5231337564001,-2.59762011262612,-3.4102956309049,-1.27775630240689,2.57308418135752
"fixed_design","RQR","lower",508,TRUE,-2.54480612098862,-2.6195803115349,-3.44142196696307,-1.28828477948543,2.5951867036089
"fixed_design","RQR","lower",509,TRUE,-2.56655963201847,-2.64179329225761,-3.47182808174161,-1.30054000008809,2.61737501121342
"fixed_design","RQR","lower",510,TRUE,-2.58839428948964,-2.66390702228642,-3.50051558825776,-1.31243431904593,2.63964907384278
"fixed_design","RQR","lower",511,TRUE,-2.61031009340214,-2.68659858685899,-3.53068356679637,-1.32462944703746,2.66200886186951
"fixed_design","RQR","lower",512,TRUE,-2.63230704375595,-2.70981184166322,-3.56091289912894,-1.33686849591222,2.68445434634737
"fixed_design","RQR","lower",513,TRUE,-2.6543851405511,-2.73220511506833,-3.58786497878557,-1.35090230751567,2.70698549899239
"fixed_design","RQR","lower",514,TRUE,-2.67654438378756,-2.75498649235526,-3.61894714888388,-1.36238641329721,2.72960229216448
"fixed_design","RQR","lower",515,TRUE,-2.69878477346535,-2.77799841611929,-3.64951345933937,-1.37459370431177,2.75230469884972
"fixed_design","RQR","lower",516,TRUE,-2.72110630958446,-2.80052873011269,-3.67833850021216,-1.38491684129498,2.77509269264318
"fixed_design","RQR","lower",517,TRUE,-2.74350899214489,-2.82277429361541,-3.71021920964872,-1.39717295074441,2.79796624773224
"fixed_design","RQR","lower",518,TRUE,-2.76599282114665,-2.8453249610057,-3.74031614842109,-1.40898683565082,2.82092533888055
"fixed_design","RQR","lower",519,TRUE,-2.78855779658973,-2.86835042460636,-3.76974315705848,-1.42023383583032,2.84396994141244
"fixed_design","RQR","lower",520,TRUE,-2.81120391847414,-2.89147632084797,-3.80001253169267,-1.42962876654308,2.86710003119779
"fixed_design","RQR","lower",521,TRUE,-2.83393118679986,-2.91453190932365,-3.83214959075298,-1.43952095269351,2.89031558463748
"fixed_design","RQR","lower",522,TRUE,-2.85673960156691,-2.93764967565875,-3.86311548133206,-1.4490187006747,2.91361657864918
"fixed_design","RQR","lower",523,TRUE,-2.87962916277529,-2.96102503478439,-3.89612529386964,-1.46091289819212,2.93700299065368
"fixed_design","RQR","lower",524,TRUE,-2.90259987042498,-2.98428074867786,-3.92658407049913,-1.47212035854151,2.96047479856161
"fixed_design","RQR","lower",525,TRUE,-2.925651724516,-3.00805110186234,-3.95928205953571,-1.4845117124059,2.98403198076051
"fixed_design","RQR","lower",526,TRUE,-2.94878472504834,-3.03147722336785,-3.99158633263456,-1.49650364033116,3.00767451610242
"fixed_design","RQR","lower",527,TRUE,-2.97199887202201,-3.05511487123608,-4.02256116807858,-1.50734354758357,3.03140238389178
"fixed_design","RQR","lower",528,TRUE,-2.995294165437,-3.07883641605065,-4.05553270601855,-1.52023298359411,3.05521556387366
"fixed_design","RQR","lower",529,TRUE,-3.01867060529331,-3.10249480387581,-4.08868748753002,-1.53431440001385,3.07911403622244
"fixed_design","RQR","lower",530,TRUE,-3.04212819159095,-3.12664399889541,-4.1206625148248,-1.54543750625876,3.10309778153077
"fixed_design","RQR","lower",531,TRUE,-3.06566692432991,-3.15044697873925,-4.15395942996841,-1.55861307256164,3.12716678079889
"fixed_design","RQR","lower",532,TRUE,-3.08928680351019,-3.1742081171049,-4.18641116901778,-1.57174696480967,3.15132101542424
"fixed_design","RQR","lower",533,TRUE,-3.11298782913179,-3.19879611592303,-4.21834888077155,-1.58430446256553,3.17556046719143
"fixed_design","RQR","lower",534,TRUE,-3.13677000119472,-3.22271300002782,-4.25081587401221,-1.59758914260356,3.19988511826245
"fixed_design","RQR","lower",535,TRUE,-3.16063331969897,-3.24669435389281,-4.28420611503667,-1.60960135655,3.22429495116723
"fixed_design","RQR","lower",536,TRUE,-3.18457778464454,-3.27091417377221,-4.31834362116851,-1.62219645415955,3.2487899487944
"fixed_design","RQR","lower",537,TRUE,-3.20860339603144,-3.29518061855855,-4.35088176741721,-1.63344993920939,3.27337009438243
"fixed_design","RQR","lower",538,TRUE,-3.23271015385966,-3.31912753366403,-4.38362912945987,-1.64346566217118,3.2980353715109
"fixed_design","RQR","lower",539,TRUE,-3.25689805812921,-3.34378330966116,-4.4171255877583,-1.65535556429324,3.32278576409215
"fixed_design","RQR","lower",540,TRUE,-3.28116710884007,-3.36908730689256,-4.45021170048092,-1.66880758678124,3.34762125636307
"fixed_design","RQR","upper",1,TRUE,0.0352652809056931,0.0241969505533884,-0.0892547793164695,0.223527244238097,0.0854407004919134
"fixed_design","RQR","upper",2,TRUE,0.0350765901466374,0.0239996702069666,-0.0883186340758792,0.222059110496713,0.0848592977041573
"fixed_design","RQR","upper",3,TRUE,0.0348884709441553,0.0238149370113727,-0.087612755125219,0.220562078129501,0.0842809493364904
"fixed_design","RQR","upper",4,TRUE,0.0347009232982467,0.023732630743072,-0.0867997062534927,0.218835032000992,0.0837056647397
"fixed_design","RQR","upper",5,TRUE,0.0345139472089116,0.0235835358964541,-0.085890551853604,0.21745162983012,0.0831334533796391
"fixed_design","RQR","upper",6,TRUE,0.03432754267615,0.0234225934780612,-0.0851072868910456,0.215906079767377,0.0825643248377172
"fixed_design","RQR","upper",7,TRUE,0.0341417096999617,0.0233591230735921,-0.0842703761296778,0.214450500577,0.0819982888113357
"fixed_design","RQR","upper",8,TRUE,0.0339564482803472,0.023160452309477,-0.083401147590474,0.213161351857694,0.0814353551142638
"fixed_design","RQR","upper",9,TRUE,0.033771758417306,0.0230443943958906,-0.0824418063672944,0.211623965638696,0.0808755336769523
"fixed_design","RQR","upper",10,TRUE,0.0335876401108384,0.0229486299820043,-0.0816155619776041,0.21009011792299,0.0803188345467809
"fixed_design","RQR","upper",11,TRUE,0.0334040933609441,0.0227694240046319,-0.0810571392083279,0.208607033525283,0.0797652678882344
"fixed_design","RQR","upper",12,TRUE,0.0332211181676233,0.0226034513201909,-0.0803506297468211,0.207395380538192,0.0792148439830047
"fixed_design","RQR","upper",13,TRUE,0.0330387145308763,0.022534759770712,-0.0797196464258201,0.205953809745045,0.0786675732300143
"fixed_design","RQR","upper",14,TRUE,0.0328568824507025,0.0223578941825989,-0.0789302463472379,0.204858664997512,0.0781234661453545
"fixed_design","RQR","upper",15,TRUE,0.0326756219271024,0.0222564363361694,-0.0782420799222547,0.20330695139726,0.0775825333621383
"fixed_design","RQR","upper",16,TRUE,0.0324949329600756,0.0221364584747388,-0.0777087656223269,0.201955580783898,0.0770447856302578
"fixed_design","RQR","upper",17,TRUE,0.0323148155496222,0.0219366991733983,-0.0770122817675919,0.20059755202136,0.0765102338160452
"fixed_design","RQR","upper",18,TRUE,0.0321352696957426,0.0218151364325421,-0.0763440455632491,0.199022878728108,0.0759788889018305
"fixed_design","RQR","upper",19,TRUE,0.0319562953984363,0.021716383499111,-0.0755396507909493,0.197381395745096,0.07545076198539
"fixed_design","RQR","upper",20,TRUE,0.0317778926577034,0.0215479733643086,-0.0747098350487375,0.19613188546001,0.0749258642792822
"fixed_design","RQR","upper",21,TRUE,0.0316000614735441,0.021390015752163,-0.0738379127782721,0.194520830361869,0.0744042071100635
"fixed_design","RQR","upper",22,TRUE,0.0314228018459585,0.0212814285262381,-0.0731455054293291,0.193166067454439,0.0738858019173779
"fixed_design","RQR","upper",23,TRUE,0.0312461137749462,0.0212196255739347,-0.0725572072822309,0.191739998350748,0.0733706602529158
"fixed_design","RQR","upper",24,TRUE,0.0310699972605073,0.0210449281175398,-0.071903473915187,0.19018719718353,0.0728587937792352
"fixed_design","RQR","upper",25,TRUE,0.0308944523026418,0.0209566531515562,-0.0713448075319394,0.188782086291742,0.0723502142684386
"fixed_design","RQR","upper",26,TRUE,0.03071947890135,0.0208106913647709,-0.0707104308194206,0.187561235520976,0.0718449336006987
"fixed_design","RQR","upper",27,TRUE,0.0305450770566318,0.0205771063778492,-0.0701249590536178,0.186338856028816,0.0713429637626269
"fixed_design","RQR","upper",28,TRUE,0.0303712467684869,0.0204275785503331,-0.0695735029894938,0.184795332128578,0.0708443168454773
"fixed_design","RQR","upper",29,TRUE,0.0301979880369156,0.0203069389567571,-0.0689483338147928,0.183573082635494,0.0703490050431793
"fixed_design","RQR","upper",30,TRUE,0.0300253008619176,0.0202186321907629,-0.0682823349567209,0.182182091065557,0.0698570406501909
"fixed_design","RQR","upper",31,TRUE,0.0298531852434932,0.0200109214578299,-0.0676550491481459,0.180828254631857,0.0693684360591657
"fixed_design","RQR","upper",32,TRUE,0.0296816411816423,0.0198878730956107,-0.0669692411907326,0.179486092687362,0.0688832037584261
"fixed_design","RQR","upper",33,TRUE,0.029510668676365,0.0198602815203008,-0.0663067059571021,0.178168357800505,0.0684013563292347
"fixed_design","RQR","upper",34,TRUE,0.029340267727661,0.0197310476777871,-0.0656332895789833,0.17687303630359,0.0679229064428552
"fixed_design","RQR","upper",35,TRUE,0.0291704383355304,0.0196574285054725,-0.0650625629802571,0.175748655720168,0.0674478668573974
"fixed_design","RQR","upper",36,TRUE,0.0290011804999738,0.0195955486365298,-0.0645031534227943,0.174413583927427,0.066976250414434
"fixed_design","RQR","upper",37,TRUE,0.0288324942209902,0.0195123300901108,-0.0640249755201934,0.173166326522713,0.0665080700353842
"fixed_design","RQR","upper",38,TRUE,0.0286643794985802,0.0194504748728422,-0.0635543658478189,0.171999464386919,0.0660433387176552
"fixed_design","RQR","upper",39,TRUE,0.0284968363327437,0.0193014503091735,-0.062966317689045,0.170909832910793,0.0655820695305311
"fixed_design","RQR","upper",40,TRUE,0.0283298647234807,0.0192137040738817,-0.0624377521386779,0.169640891808081,0.0651242756108032
"fixed_design","RQR","upper",41,TRUE,0.0281634646707913,0.0191396732608178,-0.0619094589474761,0.168547370062915,0.0646699701581308
"fixed_design","RQR","upper",42,TRUE,0.0279976361746753,0.019021913460552,-0.061249276672324,0.167232252534852,0.0642191664301253
"fixed_design","RQR","upper",43,TRUE,0.0278323792351327,0.0188910333174019,-0.0606143156161977,0.166094709011407,0.0637718777371491
"fixed_design","RQR","upper",44,TRUE,0.0276676938521637,0.0188305423510946,-0.0601629785212047,0.164803926963005,0.0633281174368182
"fixed_design","RQR","upper",45,TRUE,0.0275035800257681,0.018755433226545,-0.059697974734009,0.163756242637125,0.062887898928203
"fixed_design","RQR","upper",46,TRUE,0.0273400377559462,0.0186306089694936,-0.0591800246424658,0.162813671488545,0.0624512356457161
"fixed_design","RQR","upper",47,TRUE,0.0271770670426975,0.0185494467747554,-0.0585509112263543,0.161737840191351,0.0620181410526799
"fixed_design","RQR","upper",48,TRUE,0.0270146678860224,0.0184481139194064,-0.058032345817099,0.160936783639223,0.061588628634565
"fixed_design","RQR","upper",49,TRUE,0.0268528402859208,0.0183804193764166,-0.0575212140730465,0.159907992603047,0.0611627118918911
"fixed_design","RQR","upper",50,TRUE,0.0266915842423927,0.0183062783869585,-0.0570156047416723,0.158795373249126,0.0607404043327818
"fixed_design","RQR","upper",51,TRUE,0.0265308997554383,0.0182050055417732,-0.0565442324410765,0.157681581655156,0.0603217194651664
"fixed_design","RQR","upper",52,TRUE,0.026370786825057,0.0180635976104109,-0.0560795922535978,0.156332163678287,0.0599066707886192
"fixed_design","RQR","upper",53,TRUE,0.0262112454512494,0.0179223376512574,-0.0558387511839468,0.155171238090602,0.0594952717858309
"fixed_design","RQR","upper",54,TRUE,0.0260522756340152,0.0178530760372065,-0.0554582076304771,0.154135567729942,0.0590875359137025
"fixed_design","RQR","upper",55,TRUE,0.0258938773733546,0.0177397950738528,-0.0551281222123592,0.153104999261292,0.0586834765940571
"fixed_design","RQR","upper",56,TRUE,0.0257360506692675,0.017642170755536,-0.0546123979314527,0.152233969954173,0.0582831072039619
"fixed_design","RQR","upper",57,TRUE,0.0255787955217537,0.0175318614535887,-0.0542432181121287,0.151260100844077,0.057886441065654
"fixed_design","RQR","upper",58,TRUE,0.0254221119308136,0.0174320512123332,-0.0537722476429786,0.150285972635688,0.0574934914360665
"fixed_design","RQR","upper",59,TRUE,0.025265999896447,0.0173757856687866,-0.0535181497257211,0.149301106987893,0.0571042714959472
"fixed_design","RQR","upper",60,TRUE,0.0251104594186538,0.0173365765572876,-0.0532710044816133,0.148285215909512,0.0567187943385679
"fixed_design","RQR","upper",61,TRUE,0.0249554904974341,0.0171814901967729,-0.0529569856829298,0.147251778639814,0.0563370729580193
"fixed_design","RQR","upper",62,TRUE,0.0248010931327878,0.0171310240469333,-0.0526145579289515,0.146564579060997,0.055959120237089
"fixed_design","RQR","upper",63,TRUE,0.024647267324715,0.0170725419888972,-0.0521607019645461,0.145418290481931,0.0555849489347202
"fixed_design","RQR","upper",64,TRUE,0.0244940130732158,0.0170255254147358,-0.0518613741678204,0.14456855267249,0.0552145716730499
"fixed_design","RQR","upper",65,TRUE,0.0243413303782902,0.016882700516525,-0.0516942420936164,0.143581996291102,0.054848000924026
"fixed_design","RQR","upper",66,TRUE,0.0241892192399379,0.0167699265982492,-0.0514197360338983,0.142546384737155,0.0544852489956032
"fixed_design","RQR","upper",67,TRUE,0.0240376796581591,0.0167308582977231,-0.0511601319992769,0.141605808467974,0.0541263280175209
"fixed_design","RQR","upper",68,TRUE,0.0238867116329537,0.0166142283273841,-0.05093133983337,0.140493958464232,0.0537712499266637
"fixed_design","RQR","upper",69,TRUE,0.023736315164322,0.0165416021680973,-0.0505206240931215,0.139396136854955,0.0534200264520086
"fixed_design","RQR","upper",70,TRUE,0.0235864902522637,0.0164740350346958,-0.0502326329152802,0.138368272178512,0.0530726690991651
"fixed_design","RQR","upper",71,TRUE,0.0234372368967789,0.0164322940191373,-0.0500404119723271,0.137421828418086,0.0527291891345128
"fixed_design","RQR","upper",72,TRUE,0.0232885550978676,0.0163841930007873,-0.0497125350972098,0.136517232178009,0.0523895975689445
"fixed_design","RQR","upper",73,TRUE,0.0231404448555297,0.0162951913442366,-0.0494706692821079,0.135635005796204,0.0520539051412238
"fixed_design","RQR","upper",74,TRUE,0.0229929061697655,0.016217044246531,-0.0492033979360112,0.134727316137736,0.0517221223009679
"fixed_design","RQR","upper",75,TRUE,0.0228459390405746,0.0160974687571455,-0.0490314310128359,0.133951096607656,0.0513942591912656
"fixed_design","RQR","upper",76,TRUE,0.0226995434679572,0.0160545737148424,-0.048826844352576,0.133237849592054,0.0510703256309463
"fixed_design","RQR","upper",77,TRUE,0.0225537194519133,0.0159754471303818,-0.0486414663279554,0.132504564798196,0.0507503310965129
"fixed_design","RQR","upper",78,TRUE,0.0224084669924428,0.015866280862951,-0.0483235281022913,0.131692653857595,0.0504342847037559
"fixed_design","RQR","upper",79,TRUE,0.022263786089546,0.0157478719761706,-0.0481014655954283,0.130899600528264,0.0501221951890676
"fixed_design","RQR","upper",80,TRUE,0.0221196767432227,0.0157303106094113,-0.0480229139539087,0.130224344082133,0.049814070890474
"fixed_design","RQR","upper",81,TRUE,0.0219761389534727,0.0156722698859071,-0.0478774550795251,0.129282947513935,0.0495099197284096
"fixed_design","RQR","upper",82,TRUE,0.0218331727202962,0.0155629494706198,-0.0476408096591559,0.128498949438158,0.0492097491862554
"fixed_design","RQR","upper",83,TRUE,0.0216907780436932,0.0154772099250973,-0.0475200546489693,0.127839970767319,0.048913566290666
"fixed_design","RQR","upper",84,TRUE,0.0215489549236639,0.0153899058578303,-0.0473306933605142,0.126838393689903,0.048621377591715
"fixed_design","RQR","upper",85,TRUE,0.0214077033602079,0.0152418948303925,-0.0471115957205412,0.12600018069776,0.0483331891428831
"fixed_design","RQR","upper",86,TRUE,0.0212670233533254,0.015162357740186,-0.0468475137202493,0.125110891944225,0.0480490064809248
"fixed_design","RQR","upper",87,TRUE,0.0211269149030164,0.0150946945103984,-0.0467093993471589,0.124243947389883,0.0477688346056412
"fixed_design","RQR","upper",88,TRUE,0.020987378009281,0.0149906955094768,-0.0465933934489288,0.12339232712289,0.0474926779595957
"fixed_design","RQR","upper",89,TRUE,0.0208484126721191,0.0149406732511733,-0.0464373205221454,0.12235303016661,0.0472205404078078
"fixed_design","RQR","upper",90,TRUE,0.0207100188915305,0.0148437851710006,-0.0462332279614069,0.121650886227551,0.046952425217462
"fixed_design","RQR","upper",91,TRUE,0.0205721966675153,0.0147333019408883,-0.0461353883063422,0.120784455548235,0.0466883350376706
"fixed_design","RQR","upper",92,TRUE,0.0204349460000739,0.0146507315027701,-0.0459188902390026,0.120076406267118,0.0464282718793326
"fixed_design","RQR","upper",93,TRUE,0.0202982668892058,0.0145661161781823,-0.0458631959524816,0.119317689269227,0.0461722370951277
"fixed_design","RQR","upper",94,TRUE,0.0201621593349114,0.01454507644182,-0.0457826004766245,0.118687839205958,0.0459202313596915
"fixed_design","RQR","upper",95,TRUE,0.0200266233371903,0.0143818438647269,-0.0457109930586638,0.118056186644051,0.0456722546500153
"fixed_design","RQR","upper",96,TRUE,0.0198916588960426,0.0142818375234641,-0.0455663412318651,0.117242140811574,0.0454283062261165
"fixed_design","RQR","upper",97,TRUE,0.0197572660114686,0.014168749550788,-0.045467277175798,0.116356572433637,0.0451883846120252
"fixed_design","RQR","upper",98,TRUE,0.019623444683468,0.0141004126435649,-0.0454364645272377,0.11556491131021,0.0449524875771365
"fixed_design","RQR","upper",99,TRUE,0.0194901949120409,0.0140607794778332,-0.0454242023671009,0.11481440290616,0.0447206121179757
"fixed_design","RQR","upper",100,TRUE,0.0193575166971872,0.01395630235103,-0.0453012311720182,0.114066352340158,0.044492754440425
"fixed_design","RQR","upper",101,TRUE,0.0192254100389071,0.0138520685400585,-0.0452051174063149,0.113276041520071,0.0442689099424622
"fixed_design","RQR","upper",102,TRUE,0.0190938749372006,0.0137615867343801,-0.0451932035227497,0.11255403565593,0.0440490731974595
"fixed_design","RQR","upper",103,TRUE,0.0189629113920674,0.0136856161270449,-0.0451480330211272,0.111863409551108,0.0438332379380926
"fixed_design","RQR","upper",104,TRUE,0.0188325194035077,0.0136342051522799,-0.0451140414914291,0.11108089284241,0.0436213970409103
"fixed_design","RQR","upper",105,TRUE,0.0187026989715215,0.013582245881455,-0.0449038530802092,0.110377686831052,0.0434135425116113
"fixed_design","RQR","upper",106,TRUE,0.0185734500961087,0.0135403108593744,-0.0449080849047671,0.109831305576001,0.0432096654710797
"fixed_design","RQR","upper",107,TRUE,0.0184447727772697,0.0134660836283044,-0.0448623652038748,0.109269381307804,0.0430097561422232
"fixed_design","RQR","upper",108,TRUE,0.018316667015004,0.0133444928814996,-0.0448069657339411,0.108714970372086,0.042813803837664
"fixed_design","RQR","upper",109,TRUE,0.0181891328093118,0.0132266908408566,-0.0446598945283034,0.108232095371467,0.0426217969483257
"fixed_design","RQR","upper",110,TRUE,0.0180621701601931,0.0131370748702225,-0.0446466337883339,0.107772405146706,0.0424337229329604
"fixed_design","RQR","upper",111,TRUE,0.0179357790676477,0.0130594215135263,-0.0446076510576993,0.107098506981104,0.0422495683086586
"fixed_design","RQR","upper",112,TRUE,0.0178099595316761,0.012972819265744,-0.0445840735037565,0.106555692478986,0.0420693186423816
"fixed_design","RQR","upper",113,TRUE,0.0176847115522778,0.0128422290976871,-0.0446592598737975,0.106077190206279,0.0418929585435552
"fixed_design","RQR","upper",114,TRUE,0.0175600351294531,0.01276808054604,-0.0444955824854559,0.105456201949829,0.0417204716577603
"fixed_design","RQR","upper",115,TRUE,0.0174359302632019,0.0127063630322258,-0.0445060843156585,0.104773565309043,0.041551840661553
"fixed_design","RQR","upper",116,TRUE,0.017312396953524,0.0126652127598756,-0.0445549343576652,0.104105966626573,0.041387047258446
"fixed_design","RQR","upper",117,TRUE,0.0171894352004197,0.0125292549067834,-0.0445582873822597,0.103710544193932,0.0412260721760779
"fixed_design","RQR","upper",118,TRUE,0.0170670450038889,0.0124656044936715,-0.0447051329628841,0.103412966933219,0.0410688951645949
"fixed_design","RQR","upper",119,TRUE,0.0169452263639315,0.0123343541091507,-0.0446765580886468,0.10320099742917,0.0409154949962678
"fixed_design","RQR","upper",120,TRUE,0.0168239792805478,0.0122640504637847,-0.0446797935316502,0.102804112672426,0.0407658494663593
"fixed_design","RQR","upper",121,TRUE,0.0167033037537374,0.0122226272459185,-0.0448098704203058,0.102107413547082,0.0406199353952587
"fixed_design","RQR","upper",122,TRUE,0.0165831997835005,0.0121411100222378,-0.0448559609897158,0.101551977496414,0.0404777286318936
"fixed_design","RQR","upper",123,TRUE,0.0164636673698373,0.0120605818673635,-0.0448353012508925,0.101151729868778,0.0403392040584245
"fixed_design","RQR","upper",124,TRUE,0.0163447065127473,0.0119526509106633,-0.0448830115974568,0.100879097489127,0.0402043355962277
"fixed_design","RQR","upper",125,TRUE,0.016226317212231,0.0118786667036889,-0.0449026528921773,0.100400377870979,0.0400730962131636
"fixed_design","RQR","upper",126,TRUE,0.016108499468288,0.0117824779103208,-0.0448857344496956,0.100069638015703,0.0399454579321272
"fixed_design","RQR","upper",127,TRUE,0.0159912532809187,0.011745586842382,-0.0449565085639633,0.0999178640286175,0.0398213918408717
"fixed_design","RQR","upper",128,TRUE,0.0158745786501227,0.0116286245520795,-0.0450981334355209,0.0996058870810509,0.0397008681030919
"fixed_design","RQR","upper",129,TRUE,0.0157584755759003,0.0115197545687659,-0.044931815847592,0.0991712223788633,0.0395838559707532
"fixed_design","RQR","upper",130,TRUE,0.0156429440582515,0.011466901810402,-0.0449574446924489,0.0988283108803151,0.0394703237976433
"fixed_design","RQR","upper",131,TRUE,0.015527984097176,0.0114034545096369,-0.0450434815803889,0.0985068513057138,0.0393602390541245
"fixed_design","RQR","upper",132,TRUE,0.0154135956926741,0.0113029527450229,-0.0451385626264187,0.0982526272127717,0.0392535683430587
"fixed_design","RQR","upper",133,TRUE,0.0152997788447455,0.0112086363436284,-0.0452497614022468,0.0981663316608025,0.0391502774168726
"fixed_design","RQR","upper",134,TRUE,0.0151865335533905,0.0111452142329445,-0.0454044939588965,0.0976874412190369,0.0390503311957306
"fixed_design","RQR","upper",135,TRUE,0.0150738598186091,0.0110521016547604,-0.0455149211619862,0.0976246402582011,0.0389536937867747
"fixed_design","RQR","upper",136,TRUE,0.0149617576404011,0.0109112786047633,-0.0455752870628673,0.0975667477461639,0.0388603285043932
"fixed_design","RQR","upper",137,TRUE,0.0148502270187667,0.0108405468011157,-0.0456558211266535,0.0973119858826749,0.0387701978914727
"fixed_design","RQR","upper",138,TRUE,0.0147392679537056,0.0107840019682237,-0.0458151114842771,0.0970120031444456,0.0386832637415861
"fixed_design","RQR","upper",139,TRUE,0.014628880445218,0.0106808116398582,-0.0458084541169449,0.0968365966351388,0.0385994871220693
"fixed_design","RQR","upper",140,TRUE,0.0145190644933041,0.0105755387299535,-0.0459637960387657,0.0966587977078027,0.0385188283979333
"fixed_design","RQR","upper",141,TRUE,0.0144098200979635,0.0105119808039474,-0.0461079766367549,0.0965374347119035,0.038441247256559
"fixed_design","RQR","upper",142,TRUE,0.0143011472591963,0.0104388716288664,-0.0462206959270277,0.0960385643689506,0.0383667027331193
"fixed_design","RQR","upper",143,TRUE,0.0141930459770029,0.010352315835133,-0.0463138341146239,0.0955480967052398,0.0382951532366714
"fixed_design","RQR","upper",144,TRUE,0.0140855162513828,0.0102830333018396,-0.0464283565609476,0.0954523592791137,0.0382265565768609
"fixed_design","RQR","upper",145,TRUE,0.0139785580823363,0.0102077049846734,-0.0465152553386318,0.0950883375765796,0.038160869991179
"fixed_design","RQR","upper",146,TRUE,0.0138721714698631,0.0101155943754194,-0.0465202404097145,0.0947815288600883,0.0380980501727117
"fixed_design","RQR","upper",147,TRUE,0.0137663564139635,0.0100721309050474,-0.0466457697599017,0.0947380269319748,0.0380380532983213
"fixed_design","RQR","upper",148,TRUE,0.0136611129146374,0.00995773057043525,-0.0466308099790487,0.0946902994262254,0.0379808350571992
"fixed_design","RQR","upper",149,TRUE,0.0135564409718847,0.00983258177549812,-0.0468236572222243,0.094446714021966,0.0379263506797279
"fixed_design","RQR","upper",150,TRUE,0.0134523405857056,0.0096660046369784,-0.0470577992759872,0.0944551803048615,0.0378745549665933
"fixed_design","RQR","upper",151,TRUE,0.0133488117561,0.00957037436399696,-0.0471701535692995,0.0941634330445381,0.0378254023180852
"fixed_design","RQR","upper",152,TRUE,0.0132458544830678,0.00948945322829975,-0.0474291003419501,0.0942834926874439,0.037778846763528
"fixed_design","RQR","upper",153,TRUE,0.0131434687666092,0.00938180630348404,-0.0475599243479532,0.094000105464823,0.0377348419907811
"fixed_design","RQR","upper",154,TRUE,0.0130416546067239,0.00930214399887955,-0.0476972896216115,0.0937769169971015,0.0376933413757531
"fixed_design","RQR","upper",155,TRUE,0.0129404120034123,0.00919710627347948,-0.0478013087921678,0.0937500042201637,0.0376542980118731
"fixed_design","RQR","upper",156,TRUE,0.012839740956674,0.00909571947599888,-0.0479398960417917,0.0939172901211714,0.0376176647394624
"fixed_design","RQR","upper",157,TRUE,0.0127396414665093,0.00900420775710149,-0.0480578853221094,0.093905999805484,0.0375833941749566
"fixed_design","RQR","upper",158,TRUE,0.0126401135329181,0.00895845002332694,-0.0481494665393251,0.0936987043546685,0.0375514387399245
"fixed_design","RQR","upper",159,TRUE,0.0125411571559004,0.00885853806710736,-0.0482470767582227,0.0935210985170378,0.0375217506898345
"fixed_design","RQR","upper",160,TRUE,0.0124427723354562,0.00874857426547255,-0.0484262371159928,0.0935511621413681,0.0374942821425225
"fixed_design","RQR","upper",161,TRUE,0.0123449590715854,0.00866010023285024,-0.0486025035073333,0.0934928268253163,0.0374689851063151
"fixed_design","RQR","upper",162,TRUE,0.0122477173642881,0.00859590818381196,-0.0487446879613715,0.0934459190276045,0.0374458115077655
"fixed_design","RQR","upper",163,TRUE,0.0121510472135644,0.00850930527471406,-0.0489049485205358,0.0931446815017278,0.0374247132189615
"fixed_design","RQR","upper",164,TRUE,0.012054948619414,0.00842090131912471,-0.0490451178213144,0.0928869500144049,0.0374056420843681
"fixed_design","RQR","upper",165,TRUE,0.0119594215818373,0.00833150124475285,-0.0491543299851752,0.0927387101367231,0.037388549947169
"fixed_design","RQR","upper",166,TRUE,0.011864466100834,0.00825259728009975,-0.049385475992985,0.0925694476737306,0.0373733886750732
"fixed_design","RQR","upper",167,TRUE,0.0117700821764042,0.0081437869079516,-0.049561581802162,0.0925320360242637,0.0373601101855577
"fixed_design","RQR","upper",168,TRUE,0.0116762698085478,0.00811196363272293,-0.0497227477054688,0.09214535517089,0.0373486664705168
"fixed_design","RQR","upper",169,TRUE,0.011583028997265,0.00805401430051411,-0.0498986317248028,0.0921251188374002,0.0373390096202941
"fixed_design","RQR","upper",170,TRUE,0.0114903597425556,0.00801574997715782,-0.0500817293197578,0.0921950705371945,0.0373310918470737
"fixed_design","RQR","upper",171,TRUE,0.0113982620444198,0.00798266414132283,-0.0502639085637143,0.0921663695003991,0.03732486550761
"fixed_design","RQR","upper",172,TRUE,0.0113067359028574,0.00792859902806792,-0.0504080268507654,0.0921059499740078,0.0373202831252792
"fixed_design","RQR","upper",173,TRUE,0.0112157813178686,0.00788567842097949,-0.0505019923127746,0.0919483503050241,0.0373172974114365
"fixed_design","RQR","upper",174,TRUE,0.0111253982894531,0.00779163152577989,-0.0506193957089859,0.0920420160858007,0.0373158612860659
"fixed_design","RQR","upper",175,TRUE,0.0110355868176111,0.00775723635730935,-0.050695409384323,0.0920135769981962,0.0373159278977128
"fixed_design","RQR","upper",176,TRUE,0.0109463469023428,0.00764509362664406,-0.0508287595103123,0.0916668783073202,0.0373174506426904
"fixed_design","RQR","upper",177,TRUE,0.0108576785436479,0.00761307137853945,-0.050932904895638,0.0916359144017374,0.0373203831835525
"fixed_design","RQR","upper",178,TRUE,0.0107695817415265,0.00749991118055909,-0.0511128064023585,0.091662902871771,0.0373246794668317
"fixed_design","RQR","upper",179,TRUE,0.0106820564959785,0.00741962538815201,-0.0512522460760638,0.0918271744227213,0.0373302937400372
"fixed_design","RQR","upper",180,TRUE,0.010595102807004,0.00734277092026622,-0.0513523284863907,0.0918354276652026,0.0373371805679144
"fixed_design","RQR","upper",181,TRUE,0.0105087206746032,0.00727023134602811,-0.0516269743394668,0.0916489895523698,0.0373452948479672
"fixed_design","RQR","upper",182,TRUE,0.0104229100987756,0.00718545968867812,-0.0518419167712954,0.0915246661928271,0.0373545918252459
"fixed_design","RQR","upper",183,TRUE,0.0103376710795217,0.00710334415057829,-0.0520705586736016,0.0914367182961984,0.0373650271064057
"fixed_design","RQR","upper",184,TRUE,0.0102530036168411,0.00706426412356427,-0.0523179922029075,0.0914818114443418,0.0373765566730433
"fixed_design","RQR","upper",185,TRUE,0.010168907710734,0.00697117494868854,-0.052406942044817,0.0914784048374732,0.0373891368943177
"fixed_design","RQR","upper",186,TRUE,0.0100853833612006,0.00686405356730158,-0.0526882637324686,0.0915014107651362,0.0374027245388656
"fixed_design","RQR","upper",187,TRUE,0.0100024305682406,0.0068065403985807,-0.0528573607819937,0.0915541609763264,0.037417276786022
"fixed_design","RQR","upper",188,TRUE,0.0099200493318541,0.00670205583138452,-0.0530992501949398,0.0916473576540684,0.0374327512363558
"fixed_design","RQR","upper",189,TRUE,0.00983823965204108,0.00660864822873714,-0.0533207526978732,0.0916889946545356,0.0374491059215354
"fixed_design","RQR","upper",190,TRUE,0.00975700152880141,0.00651842083100224,-0.0535110555136789,0.0918533467570432,0.0374662993135357
"fixed_design","RQR","upper",191,TRUE,0.00967633496213543,0.0064455261054347,-0.0537221526843192,0.0918895508384015,0.0374842903332021
"fixed_design","RQR","upper",192,TRUE,0.00959623995204272,0.00634735358286315,-0.0539258277765687,0.0918488936098522,0.0375030383581856
"fixed_design","RQR","upper",193,TRUE,0.0095167164985237,0.00629879507029485,-0.054096727334198,0.0919199799404369,0.0375225032302658
"fixed_design","RQR","upper",194,TRUE,0.00943776460157816,0.0061889271061681,-0.0542913411385062,0.0918825807840931,0.0375426452620766
"fixed_design","RQR","upper",195,TRUE,0.00935938426120597,0.00613833276109105,-0.0545276448809498,0.0919218849221636,0.0375634252432535
"fixed_design","RQR","upper",196,TRUE,0.0092815754774075,0.00601545588930441,-0.0546730124161309,0.0919090061286438,0.0375848044460178
"fixed_design","RQR","upper",197,TRUE,0.00920433825018226,0.00591316086875784,-0.0548722862203562,0.091872051067428,0.0376067446302154
"fixed_design","RQR","upper",198,TRUE,0.00912767257953061,0.00583307145592738,-0.0550389161961012,0.0918221716424409,0.0376292080478302
"fixed_design","RQR","upper",199,TRUE,0.00905157846545245,0.00572712202756565,-0.055126006582029,0.0917642334220434,0.0376521574469868
"fixed_design","RQR","upper",200,TRUE,0.00897605590794775,0.00570068133611307,-0.0553743044837789,0.0916583113699914,0.0376755560754637
"fixed_design","RQR","upper",201,TRUE,0.00890110490701664,0.00563846916382072,-0.0554751763081751,0.0915686486039525,0.0376993676837333
"fixed_design","RQR","upper",202,TRUE,0.008826725462659,0.00554858027233629,-0.0555583983316587,0.0917620443011186,0.0377235565275477
"fixed_design","RQR","upper",203,TRUE,0.00875291757487484,0.00548061377273884,-0.0557117031852992,0.0917803224598792,0.0377480873700892
"fixed_design","RQR","upper",204,TRUE,0.00867968124366404,0.00539127672492774,-0.0559216374362663,0.0917397358162409,0.0377729254837021
"fixed_design","RQR","upper",205,TRUE,0.00860701646902672,0.00533125847482824,-0.0560836878391848,0.0917223965659218,0.0377980366512263
"fixed_design","RQR","upper",206,TRUE,0.0085349232509631,0.00528900368264662,-0.056170880258598,0.0917510897254428,0.0378233871669474
"fixed_design","RQR","upper",207,TRUE,0.00846340158947283,0.00521462996401179,-0.0563012893056341,0.0917356775311589,0.0378489438371847
"fixed_design","RQR","upper",208,TRUE,0.00839245148455605,0.00517544984594521,-0.0565099367547755,0.0918845628783149,0.0378746739805316
"fixed_design","RQR","upper",209,TRUE,0.00832207293621296,0.00511042550870594,-0.0566556392634639,0.0919129924425945,0.0379005454277677
"fixed_design","RQR","upper",210,TRUE,0.00825226594444312,0.00506190239953165,-0.0567424819888413,0.0921046745428009,0.0379265265214582
"fixed_design","RQR","upper",211,TRUE,0.00818303050924687,0.00498794385674912,-0.0568431333816448,0.0921857434387852,0.0379525861152589
"fixed_design","RQR","upper",212,TRUE,0.00811436663062409,0.00490009043939244,-0.056957083594834,0.0919289649487038,0.037978693572941
"fixed_design","RQR","upper",213,TRUE,0.00804627430857468,0.0048253836838138,-0.0571869895694118,0.0920106970122066,0.0380048187671537
"fixed_design","RQR","upper",214,TRUE,0.00797875354309885,0.00477372242428143,-0.0574526152262943,0.0919833763627455,0.0380309320779398
"fixed_design","RQR","upper",215,TRUE,0.00791180433419649,0.00471475602940225,-0.0576483381053746,0.0921389656918224,0.0380570043910184
"fixed_design","RQR","upper",216,TRUE,0.00784542668186784,0.00462484037802348,-0.0577336224444199,0.0922423199171897,0.038083007095851
"fixed_design","RQR","upper",217,TRUE,0.00777962058611244,0.00455059470021432,-0.0578180797839886,0.0921055780314464,0.0381089120835055
"fixed_design","RQR","upper",218,TRUE,0.00771438604693051,0.00450567059867352,-0.0579346654490524,0.0921812263148718,0.0381346917443307
"fixed_design","RQR","upper",219,TRUE,0.00764972306432228,0.0044325533327459,-0.0580045304024323,0.092214283571755,0.0381603189654569
"fixed_design","RQR","upper",220,TRUE,0.0075856316382873,0.00438791838370861,-0.0580941231168092,0.0922917555348634,0.0381857671281345
"fixed_design","RQR","upper",221,TRUE,0.00752211176882602,0.00436213787517859,-0.0582127623019222,0.092398543759439,0.038211010104924
"fixed_design","RQR","upper",222,TRUE,0.00745916345593799,0.00433837712117952,-0.0584270086273062,0.0925069433986494,0.0382360222567502
"fixed_design","RQR","upper",223,TRUE,0.00739678669962365,0.00427443629127528,-0.0585553135722231,0.0925468089065288,0.0382607784298315
"fixed_design","RQR","upper",224,TRUE,0.0073349814998828,0.00418629169000752,-0.0586578044720682,0.0925981584847293,0.0382852539524976
"fixed_design","RQR","upper",225,TRUE,0.0072737478567153,0.00412645169236505,-0.0587508327219843,0.0926059703944969,0.0383094246319048
"fixed_design","RQR","upper",226,TRUE,0.00721308577012139,0.00403589871665072,-0.0588032011791665,0.0925250330985048,0.0383332667506619
"fixed_design","RQR","upper",227,TRUE,0.00715299524010096,0.00394249002783426,-0.0589546605598437,0.0924896283977472,0.0383567570633746
"fixed_design","RQR","upper",228,TRUE,0.00709347626665389,0.00387520808199644,-0.0590571133045016,0.0925251714699149,0.0383798727931212
"fixed_design","RQR","upper",229,TRUE,0.00703452884978052,0.00382478813083421,-0.0592273769182214,0.0925248345916032,0.0384025916278667
"fixed_design","RQR","upper",230,TRUE,0.00697615298948062,0.00379756998092246,-0.0593227943604979,0.0926004267624956,0.0384248917168259
"fixed_design","RQR","upper",231,TRUE,0.00691834868575408,0.00374721958147179,-0.0594303680265525,0.0926914995336696,0.0384467516667844
"fixed_design","RQR","upper",232,TRUE,0.00686111593860114,0.00365252438846265,-0.059560239527115,0.0926790854186759,0.038468150538385
"fixed_design","RQR","upper",233,TRUE,0.00680445474802155,0.00357683116120561,-0.0596156215223766,0.0925638592549471,0.038489067842389
"fixed_design","RQR","upper",234,TRUE,0.00674836511401555,0.00353935203773426,-0.0596295761535457,0.0925811484017524,0.0385094835359187
"fixed_design","RQR","upper",235,TRUE,0.00669284703658292,0.00348387173225023,-0.0596768835024554,0.0927491209403394,0.0385293780186899
"fixed_design","RQR","upper",236,TRUE,0.00663790051572398,0.00341042547751925,-0.0597604778813739,0.0927746260885275,0.0385487321292409
"fixed_design","RQR","upper",237,TRUE,0.00658352555143852,0.00336322826670572,-0.0598375611851471,0.0927805993397031,0.0385675271411642
"fixed_design","RQR","upper",238,TRUE,0.0065297221437263,0.00327856551344413,-0.0599570220723876,0.0926943053660158,0.038585744759349
"fixed_design","RQR","upper",239,TRUE,0.0064764902925879,0.00320265090063233,-0.0600758237898964,0.0926074490723445,0.038603367116239
"fixed_design","RQR","upper",240,TRUE,0.00642382999802264,0.00315859534221419,-0.0601801108848361,0.0927210824559045,0.0386203767681121
"fixed_design","RQR","upper",241,TRUE,0.00637174126003096,0.00307957941250203,-0.0602251360078223,0.0926826099497887,0.0386367566913884
"fixed_design","RQR","upper",242,TRUE,0.00632022407861298,0.00302788911682545,-0.0603954421866418,0.0925699007759783,0.0386524902789705
"fixed_design","RQR","upper",243,TRUE,0.00626927845376837,0.00298599995293708,-0.0604117051554988,0.0925669875458907,0.0386675613366219
"fixed_design","RQR","upper",244,TRUE,0.00621890438549723,0.00292167366151947,-0.0605870122872262,0.092529790950893,0.0386819540793884
"fixed_design","RQR","upper",245,TRUE,0.00616910187379967,0.00287644526107528,-0.0606032910195574,0.0925080593585391,0.0386956531280674
"fixed_design","RQR","upper",246,TRUE,0.0061198709186756,0.00282197303742587,-0.0606381744456616,0.0925056387297646,0.0387086435057285
"fixed_design","RQR","upper",247,TRUE,0.00607121152012488,0.00280879685613001,-0.0607136844152832,0.092406273247719,0.0387209106342906
"fixed_design","RQR","upper",248,TRUE,0.00602312367814764,0.00279097856971461,-0.0608267836062767,0.0922908912800894,0.0387324403311594
"fixed_design","RQR","upper",249,TRUE,0.00597560739274398,0.00272091780678985,-0.0608922908597826,0.0923332309379685,0.0387432188059281
"fixed_design","RQR","upper",250,TRUE,0.0059286626639138,0.00266245234519003,-0.0609783868680023,0.0923770875811416,0.0387532326571462
"fixed_design","RQR","upper",251,TRUE,0.0058822894916571,0.00261013952603073,-0.0610141996402772,0.0923964254940202,0.0387624688691588
"fixed_design","RQR","upper",252,TRUE,0.00583648787597398,0.00255615396636183,-0.061080153960945,0.0923971487531595,0.0387709148090206
"fixed_design","RQR","upper",253,TRUE,0.00579125781686422,0.00250004081778649,-0.0611803032031248,0.0923565160623319,0.0387785582234865
"fixed_design","RQR","upper",254,TRUE,0.00574659931432805,0.00247676957713472,-0.061160708924623,0.0923310221051875,0.0387853872360833
"fixed_design","RQR","upper",255,TRUE,0.00570251236836524,0.0024645303903943,-0.0612026550598718,0.0922783540727044,0.0387913903442631
"fixed_design","RQR","upper",256,TRUE,0.00565899697897591,0.00240081695657701,-0.0612071979670179,0.0922166511790296,0.0387965564166438
"fixed_design","RQR","upper",257,TRUE,0.00561605314616016,0.00233086666772609,-0.0613237076065407,0.092221861994756,0.0388008746903369
"fixed_design","RQR","upper",258,TRUE,0.00557368086991789,0.00230175964537804,-0.0614952869226741,0.0921942356811676,0.0388043347683662
"fixed_design","RQR","upper",259,TRUE,0.0055318801502492,0.00223397757820903,-0.0615143623010579,0.0921302777703175,0.0388069266171791
"fixed_design","RQR","upper",260,TRUE,0.00549065098715389,0.00221463575435272,-0.0616345123448519,0.0920098477826177,0.038808640564254
"fixed_design","RQR","upper",261,TRUE,0.00544999338063203,0.00217028648548523,-0.0616454782198517,0.0920467599950677,0.0388094672958035
"fixed_design","RQR","upper",262,TRUE,0.00540990733068377,0.00209369372851775,-0.0616395979534009,0.0920848863435791,0.0388093978545781
"fixed_design","RQR","upper",263,TRUE,0.00537039283730898,0.00206672941855674,-0.0616355037310934,0.0921759823409691,0.0388084236377701
"fixed_design","RQR","upper",264,TRUE,0.00533144990050745,0.00205053221676561,-0.0617292963981574,0.0921632512282783,0.0388065363950216
"fixed_design","RQR","upper",265,TRUE,0.00529307852027984,0.00201187383500978,-0.0617794929531331,0.0920104370245373,0.0388037282265359
"fixed_design","RQR","upper",266,TRUE,0.00525527869662536,0.00198534703254116,-0.0618459572177736,0.0920215279124215,0.0387999915812966
"fixed_design","RQR","upper",267,TRUE,0.0052180504295447,0.0019469013761776,-0.0618942857558687,0.0920261211423525,0.0387953192553943
"fixed_design","RQR","upper",268,TRUE,0.00518139371903717,0.0019228793141814,-0.0620244936955201,0.0919261584199131,0.0387897043904628
"fixed_design","RQR","upper",269,TRUE,0.00514530856510335,0.00189485343758812,-0.0619927696451473,0.091955702806048,0.0387831404722272
"fixed_design","RQR","upper",270,TRUE,0.005109794967743,0.00187975596708368,-0.0618947253860505,0.0919462544659947,0.0387756213291641
"fixed_design","RQR","upper",271,TRUE,0.00507485292695602,0.00188511351083482,-0.0619322873727946,0.0919336720248237,0.0387671411312766
"fixed_design","RQR","upper",272,TRUE,0.00504048244274261,0.00189858143826744,-0.0619765721962184,0.091937609847609,0.0387576943889842
"fixed_design","RQR","upper",273,TRUE,0.00500668351510267,0.00189535079146008,-0.0620030012622834,0.0919333486787268,0.0387472759521304
"fixed_design","RQR","upper",274,TRUE,0.00497345614403621,0.00183101090254634,-0.0620698711666638,0.0919641942077859,0.0387358810091083
"fixed_design","RQR","upper",275,TRUE,0.00494080032954325,0.00180994904619725,-0.0621461141707356,0.0920044982136245,0.0387235050861054
"fixed_design","RQR","upper",276,TRUE,0.00490871607162374,0.00181621568823853,-0.062148529135069,0.0919215207562158,0.0387101440464705
"fixed_design","RQR","upper",277,TRUE,0.00487720337027793,0.00177766090953985,-0.0621132052180077,0.0918515646468542,0.0386957940902019
"fixed_design","RQR","upper",278,TRUE,0.00484626222550539,0.00177750521486553,-0.0621090634993585,0.0918064215983257,0.0386804517535589
"fixed_design","RQR","upper",279,TRUE,0.00481589263730641,0.00175799514551867,-0.0621576438347571,0.0918063272590895,0.0386641139087992
"fixed_design","RQR","upper",280,TRUE,0.00478609460568091,0.00172469847056395,-0.0621988587850287,0.0915847724271862,0.0386467777640409
"fixed_design","RQR","upper",281,TRUE,0.00475686813062889,0.00174171760146515,-0.0622161132814704,0.0914406043940614,0.0386284408632531
"fixed_design","RQR","upper",282,TRUE,0.00472821321215036,0.00174849157584051,-0.062349723869262,0.0915047817766382,0.0386091010863733
"fixed_design","RQR","upper",283,TRUE,0.00470012985024528,0.00175653019699618,-0.0623420129326477,0.0912934713390449,0.038588756649556
"fixed_design","RQR","upper",284,TRUE,0.00467261804491368,0.00173706762120352,-0.0624178198727277,0.0912405195554792,0.0385674061055514
"fixed_design","RQR","upper",285,TRUE,0.00464567779615569,0.00168690498978341,-0.0624554496027345,0.0911127759033725,0.0385450483442161
"fixed_design","RQR","upper",286,TRUE,0.00461930910397115,0.00167822733881423,-0.062365640770971,0.0909368379181763,0.0385216825931573
"fixed_design","RQR","upper",287,TRUE,0.00459351196836008,0.0016600514160085,-0.0623488293743285,0.0910206542677018,0.0384973084185112
"fixed_design","RQR","upper",288,TRUE,0.00456828638932252,0.00165277727341779,-0.0623577969341454,0.0908424245635746,0.0384719257258581
"fixed_design","RQR","upper",289,TRUE,0.0045436323668584,0.00164208348301592,-0.0625016418788814,0.0909016005727294,0.0384455347612726
"fixed_design","RQR","upper",290,TRUE,0.00451954990096776,0.00158546915731445,-0.0625539429086781,0.0908793378075125,0.0384181361125138
"fixed_design","RQR","upper",291,TRUE,0.00449603899165059,0.00155727767699415,-0.0625721596578024,0.0907797480028959,0.0383897307103539
"fixed_design","RQR","upper",292,TRUE,0.00447309963890714,0.00156005923711899,-0.0625817001774793,0.0906593769130025,0.0383603198300473
"fixed_design","RQR","upper",293,TRUE,0.00445073184273692,0.0015460626661476,-0.0625178611313853,0.0904748631945602,0.0383299050929416
"fixed_design","RQR","upper",294,TRUE,0.00442893560314018,0.00152783454986294,-0.0624990877701714,0.090439936570684,0.0382984884682324
"fixed_design","RQR","upper",295,TRUE,0.00440771092011716,0.00151031139415914,-0.0624903268040509,0.0904127912468669,0.0382660722748609
"fixed_design","RQR","upper",296,TRUE,0.00438705779366737,0.00148308036221678,-0.0624394005310392,0.0903252261633485,0.0382326591835582
"fixed_design","RQR","upper",297,TRUE,0.00436697622379127,0.00144362520904796,-0.0623530065396581,0.0902554060845114,0.038198252219036
"fixed_design","RQR","upper",298,TRUE,0.00434746621048864,0.0014272580877145,-0.0623735649229843,0.0900323973154161,0.0381628547623241
"fixed_design","RQR","upper",299,TRUE,0.0043285277537593,0.00139844843099558,-0.0623209045826268,0.0898935544648718,0.0381264705532591
"fixed_design","RQR","upper",300,TRUE,0.00431016085360363,0.00141564340209022,-0.0622829802925667,0.0897946737414869,0.0380891036931213
"fixed_design","RQR","upper",301,TRUE,0.00429236551002143,0.00140047054426551,-0.0622701805503278,0.0897593777058433,0.0380507586474242
"fixed_design","RQR","upper",302,TRUE,0.00427514172301274,0.00135030625652933,-0.0622321300684259,0.0895768792857532,0.0380114402488563
"fixed_design","RQR","upper",303,TRUE,0.00425848949257749,0.00138057780305734,-0.062161850520122,0.0893904348586771,0.0379711537003768
"fixed_design","RQR","upper",304,TRUE,0.00424240881871571,0.00138823310670489,-0.0621411908156541,0.0892673763916783,0.0379299045784662
"fixed_design","RQR","upper",305,TRUE,0.00422689970142741,0.00136601382850355,-0.0621364217052012,0.089134756025128,0.0378876988365323
"fixed_design","RQR","upper",306,TRUE,0.00421196214071262,0.00137848689062581,-0.0620412423348493,0.0890269038713882,0.037844542808474
"fixed_design","RQR","upper",307,TRUE,0.00419759613657127,0.0013915012874185,-0.0619688242504577,0.0887740506756208,0.0378004432124028
"fixed_design","RQR","upper",308,TRUE,0.00418380168900361,0.00140108443708642,-0.0618626546322594,0.0888117480651325,0.0377554071545232
"fixed_design","RQR","upper",309,TRUE,0.00417057879800947,0.00138890054701946,-0.0618605224616024,0.0887698768727682,0.0377094421331726
"fixed_design","RQR","upper",310,TRUE,0.00415792746358854,0.0013727674321109,-0.0618277923997417,0.0887025919858618,0.0376625560430233
"fixed_design","RQR","upper",311,TRUE,0.0041458476857413,0.00138589416171764,-0.0617459038877539,0.0885413217314158,0.0376147571794442
"fixed_design","RQR","upper",312,TRUE,0.00413433946446736,0.00138298469449674,-0.0616673788976178,0.0884481554406621,0.0375660542430263
"fixed_design","RQR","upper",313,TRUE,0.00412340279976708,0.00137549298425433,-0.061524369083272,0.0882660778067711,0.0375164563442701
"fixed_design","RQR","upper",314,TRUE,0.00411303769164005,0.00138686871149465,-0.0614852344592388,0.0881350900077743,0.0374659730084368
"fixed_design","RQR","upper",315,TRUE,0.00410324414008672,0.00137721050881379,-0.0614776544102218,0.0879417076614539,0.0374146141805632
"fixed_design","RQR","upper",316,TRUE,0.0040940221451069,0.00138033564566742,-0.0614677850257893,0.08771175180628,0.0373623902306404
"fixed_design","RQR","upper",317,TRUE,0.00408537170670052,0.00134970983161264,-0.0614631595873042,0.0875420832368862,0.0373093119589578
"fixed_design","RQR","upper",318,TRUE,0.00407729282486761,0.00136236133949597,-0.061396920390583,0.0874547119304566,0.0372553906016099
"fixed_design","RQR","upper",319,TRUE,0.00406978549960821,0.00135440725099412,-0.0612649527363623,0.0872846546797112,0.0372006378361688
"fixed_design","RQR","upper",320,TRUE,0.00406284973092225,0.00134234476383932,-0.0611869387182903,0.0871465676892492,0.0371450657875193
"fixed_design","RQR","upper",321,TRUE,0.00405648551880977,0.00136497095165234,-0.0611529154105712,0.0869975370401173,0.0370886870338589
"fixed_design","RQR","upper",322,TRUE,0.00405069286327098,0.00134937319143247,-0.0611330241663476,0.0868923376153003,0.0370315146128591
"fixed_design","RQR","upper",323,TRUE,0.00404547176430549,0.00136272504606217,-0.0609672819288082,0.0867308391204498,0.0369735620279899
"fixed_design","RQR","upper",324,TRUE,0.00404082222191342,0.00137748142559124,-0.06089544461808,0.0865990816807179,0.036914843255004
"fixed_design","RQR","upper",325,TRUE,0.00403674423609506,0.00139776271081705,-0.060840285193553,0.0864606031464746,0.0368553727485815
"fixed_design","RQR","upper",326,TRUE,0.00403323780685021,0.0014017739045823,-0.0607921713434337,0.086310485298942,0.0367951654491318
"fixed_design","RQR","upper",327,TRUE,0.00403030293417858,0.00138233348457229,-0.0607459451508925,0.0861265770848142,0.0367342367897511
"fixed_design","RQR","upper",328,TRUE,0.00402793961808063,0.00135256857610267,-0.0606563404027542,0.0861013841140493,0.0366726027033343
"fixed_design","RQR","upper",329,TRUE,0.00402614785855595,0.00133902597532754,-0.0606558349282807,0.085923927458801,0.0366102796298375
"fixed_design","RQR","upper",330,TRUE,0.004024927655605,0.00133293691776859,-0.0605961934400913,0.0857970807675125,0.0365472845236888
"fixed_design","RQR","upper",331,TRUE,0.00402427900922748,0.0013401303477425,-0.0604219607046454,0.085629862589458,0.0364836348613433
"fixed_design","RQR","upper",332,TRUE,0.00402420191942344,0.00136518104209639,-0.0603573150798999,0.0854509217097336,0.0364193486489801
"fixed_design","RQR","upper",333,TRUE,0.00402469638619292,0.00136358536967641,-0.0602348356358575,0.0853330079045418,0.0363544444303351
"fixed_design","RQR","upper",334,TRUE,0.00402576240953583,0.00136507731189887,-0.0601182167596871,0.0850858081795547,0.036288941294667
"fixed_design","RQR","upper",335,TRUE,0.00402739998945243,0.00136391934286873,-0.0600296822632414,0.0850085426504553,0.0362228588848495
"fixed_design","RQR","upper",336,TRUE,0.00402960912594229,0.00135030149225735,-0.0599399770022402,0.0849842411939665,0.0361562174055849
"fixed_design","RQR","upper",337,TRUE,0.00403238981900567,0.00134063906880611,-0.0598574107170984,0.0849205077562505,0.0360890376317332
"fixed_design","RQR","upper",338,TRUE,0.00403574206864247,0.00136367545495387,-0.059726823907211,0.0848876182020423,0.0360213409167488
"fixed_design","RQR","upper",339,TRUE,0.00403966587485297,0.00138727215474866,-0.0597190947340538,0.0845999471726513,0.0359531492012181
"fixed_design","RQR","upper",340,TRUE,0.00404416123763656,0.0014066100180561,-0.0596270566798127,0.0843684332486606,0.0358844850214897
"fixed_design","RQR","upper",341,TRUE,0.00404922815699401,0.00141044935046199,-0.05946615629662,0.0840879483642191,0.0358153715183877
"fixed_design","RQR","upper",342,TRUE,0.00405486663292494,0.00141667021850689,-0.0593054953464863,0.0839918006327048,0.035745832445999
"fixed_design","RQR","upper",343,TRUE,0.00406107666542939,0.00139042091279485,-0.0591667654733918,0.0839935392984658,0.0356758921805248
"fixed_design","RQR","upper",344,TRUE,0.00406785825450704,0.0014303586074288,-0.0590427182934001,0.0838398830424845,0.0356055757291827
"fixed_design","RQR","upper",345,TRUE,0.00407521140015839,0.00145071604910285,-0.0589399665332998,0.0836583663764098,0.0355349087391505
"fixed_design","RQR","upper",346,TRUE,0.00408313610238344,0.00143301285548914,-0.0588589646040052,0.0833030166333204,0.0354639175065357
"fixed_design","RQR","upper",347,TRUE,0.00409163236118157,0.00148196341680041,-0.0586494053642424,0.0831187500265901,0.0353926289853582
"fixed_design","RQR","upper",348,TRUE,0.00410070017655334,0.00145484844346999,-0.0585507044951025,0.0828066251746661,0.0353210707965317
"fixed_design","RQR","upper",349,TRUE,0.00411033954849859,0.00150629711566453,-0.0584190942857203,0.0826101323109677,0.0352492712368248
"fixed_design","RQR","upper",350,TRUE,0.00412055047701737,0.00152381356204634,-0.0582329349592479,0.0826432978757588,0.035177259287789
"fixed_design","RQR","upper",351,TRUE,0.00413133296210957,0.00151675491586434,-0.0580766021133171,0.0823172422500839,0.0351050646246311
"fixed_design","RQR","upper",352,TRUE,0.00414268700377546,0.00152122013022815,-0.0579856739267217,0.0822766503806976,0.0350327176250134
"fixed_design","RQR","upper",353,TRUE,0.00415461260201483,0.00153142394805774,-0.0579110900448709,0.0821252227184652,0.0349602493777588
"fixed_design","RQR","upper",354,TRUE,0.00416710975682729,0.00155454738750962,-0.0577730574680212,0.0819381820588228,0.0348876916914407
"fixed_design","RQR","upper",355,TRUE,0.00418017846821361,0.00160416564492616,-0.0576443918691123,0.0818043855003414,0.034815077102833
"fixed_design","RQR","upper",356,TRUE,0.0041938187361734,0.00168442618297327,-0.0575580023723326,0.0815868560104991,0.0347424388851958
"fixed_design","RQR","upper",357,TRUE,0.00420803056070628,0.00168120677189421,-0.0574115295404515,0.0813102873354362,0.0346698110563714
"fixed_design","RQR","upper",358,TRUE,0.00422281394181302,0.00171036130992308,-0.0571961154810681,0.0810873330818981,0.0345972283866615
"fixed_design","RQR","upper",359,TRUE,0.00423816887949324,0.00171171142380133,-0.0570480803545564,0.0808730274241308,0.0345247264064589
"fixed_design","RQR","upper",360,TRUE,0.00425409537374715,0.00174366313587782,-0.0569993383904012,0.0808204242105636,0.0344523414136009
"fixed_design","RQR","upper",361,TRUE,0.00427059342457416,0.0017429559492389,-0.0569618404727479,0.0805418100968898,0.0343801104804136
"fixed_design","RQR","upper",362,TRUE,0.0042876630319748,0.00179630191085023,-0.0568166806980538,0.0803969765184821,0.0343080714604143
"fixed_design","RQR","upper",363,TRUE,0.00430530419594891,0.00182501688704773,-0.0566521458956457,0.0802701344743013,0.0342362629946346
"fixed_design","RQR","upper",364,TRUE,0.00432351691649634,0.00184190050631039,-0.056417760572142,0.080237316524479,0.0341647245175297
"fixed_design","RQR","upper",365,TRUE,0.00434230119361763,0.00188745085317966,-0.0563892172572359,0.0799929227522272,0.0340934962624348
"fixed_design","RQR","upper",366,TRUE,0.00436165702731217,0.00190103787425345,-0.0561410242539047,0.0798448697133803,0.0340226192665284
"fixed_design","RQR","upper",367,TRUE,0.00438158441758024,0.00191328189131346,-0.0560932536452178,0.0797329123778052,0.0339521353752621
"fixed_design","RQR","upper",368,TRUE,0.00440208336442218,0.00193300131420016,-0.0559434137339892,0.0796649367671651,0.0338820872462129
"fixed_design","RQR","upper",369,TRUE,0.00442315386783692,0.00199190152494377,-0.055854289475242,0.0794175453362809,0.0338125183523141
"fixed_design","RQR","upper",370,TRUE,0.00444479592782536,0.0020273748958174,-0.0556170206374031,0.0794475679970088,0.0337434729844191
"fixed_design","RQR","upper",371,TRUE,0.00446700954438756,0.00208046359442771,-0.0556124866092652,0.0792837243492191,0.0336749962531503
"fixed_design","RQR","upper",372,TRUE,0.00448979471752317,0.00212096625212789,-0.0554671767248318,0.0791091095641984,0.0336071340899844
"fixed_design","RQR","upper",373,TRUE,0.00451315144723225,0.00219156103927078,-0.0554307112745023,0.0787913428473879,0.0335399332475248
"fixed_design","RQR","upper",374,TRUE,0.00453707973351465,0.00225570182176383,-0.0553882167457318,0.0787740295630684,0.0334734412989091
"fixed_design","RQR","upper",375,TRUE,0.00456157957637068,0.00227296132595113,-0.0553456304046071,0.0785166539199054,0.0334077066362995
"fixed_design","RQR","upper",376,TRUE,0.00458665097580019,0.00228268979352609,-0.0552502165622608,0.0782808013635734,0.0333427784684044
"fixed_design","RQR","upper",377,TRUE,0.00461229393180318,0.00233241255763295,-0.0551331417907151,0.0781073598276464,0.0332787068169744
"fixed_design","RQR","upper",378,TRUE,0.0046385084443797,0.00240940776788124,-0.0551891109283366,0.0779914181720612,0.0332155425122208
"fixed_design","RQR","upper",379,TRUE,0.00466529451352963,0.0024321570296576,-0.0552157724127218,0.0779058104807594,0.0331533371870999
"fixed_design","RQR","upper",380,TRUE,0.00469265213925281,0.00247969734999332,-0.0551617715758035,0.0778966272889292,0.0330921432704077
"fixed_design","RQR","upper",381,TRUE,0.00472058132154999,0.00251396064172171,-0.0550807814467652,0.0778087593698045,0.0330320139786302
"fixed_design","RQR","upper",382,TRUE,0.00474908206042056,0.0025628846627708,-0.0549612476009255,0.0776637301317316,0.0329730033064933
"fixed_design","RQR","upper",383,TRUE,0.00477815435586439,0.00253991170794299,-0.0548504913883719,0.0773574993247786,0.0329151660161578
"fixed_design","RQR","upper",384,TRUE,0.00480779820788192,0.00259268444511462,-0.0547208906963427,0.07716685518737,0.0328585576250045
"fixed_design","RQR","upper",385,TRUE,0.00483801361647255,0.0026417161766732,-0.0546089100911736,0.0772287063686564,0.0328032343919576
"fixed_design","RQR","upper",386,TRUE,0.00486880058163702,0.00264067020101578,-0.0544945784232741,0.0768051187987998,0.032749253302293
"fixed_design","RQR","upper",387,TRUE,0.00490015910337475,0.00267834403259326,-0.0544223016949671,0.0767507982605077,0.0326966720508818
"fixed_design","RQR","upper",388,TRUE,0.00493208918168647,0.00274001490800002,-0.0542432957342725,0.0766732205746742,0.0326455490238217
"fixed_design","RQR","upper",389,TRUE,0.00496459081657116,0.00276319800409053,-0.0541976867976171,0.0765200922894212,0.032595943278408
"fixed_design","RQR","upper",390,TRUE,0.00499766400802953,0.0027909812797261,-0.0541624240945092,0.0764595833403496,0.0325479145214054
"fixed_design","RQR","upper",391,TRUE,0.0050313087560616,0.00283874650162909,-0.0540678095703418,0.0764137532743947,0.0325015230855752
"fixed_design","RQR","upper",392,TRUE,0.00506552506066677,0.00291094885792198,-0.0538397458255974,0.0764529014645989,0.0324568299044276
"fixed_design","RQR","upper",393,TRUE,0.00510031292184535,0.00293052735996936,-0.0538175488799835,0.0765187909181666,0.0324138964851621
"fixed_design","RQR","upper",394,TRUE,0.00513567233959763,0.002949903658647,-0.0537152808477953,0.0765551591890031,0.0323727848797724
"fixed_design","RQR","upper",395,TRUE,0.00517160331392367,0.00298703746454876,-0.053616542103014,0.0764084310613934,0.0323335576542902
"fixed_design","RQR","upper",396,TRUE,0.00520810584482289,0.00303972771138683,-0.0535583940489087,0.0761650394297565,0.0322962778561529
"fixed_design","RQR","upper",397,TRUE,0.00524517993229559,0.00307926808638604,-0.0533679106988581,0.0758883957650187,0.0322610089796835
"fixed_design","RQR","upper",398,TRUE,0.00528282557634206,0.00311331866274689,-0.0533564548841183,0.0755464611367174,0.0322278149296776
"fixed_design","RQR","upper",399,TRUE,0.0053210427769617,0.00314475512681434,-0.053226156703645,0.075485079901985,0.0321967599831002
"fixed_design","RQR","upper",400,TRUE,0.00535983153415483,0.00317715022545439,-0.0531196583566366,0.0754724297708792,0.0321679087489014
"fixed_design","RQR","upper",401,TRUE,0.00539919184792164,0.00323291499010547,-0.0530046196769683,0.0752938520787786,0.0321413261259684
"fixed_design","RQR","upper",402,TRUE,0.00543912371826179,0.00329548908217981,-0.0528744021343318,0.0754637896065522,0.0321170772592385
"fixed_design","RQR","upper",403,TRUE,0.00547962714517556,0.00339030078198156,-0.0527797276965824,0.075193962466782,0.032095227494008
"fixed_design","RQR","upper",404,TRUE,0.0055207021286628,0.00346320406820234,-0.052595573145907,0.0751676305992924,0.0320758423284778
"fixed_design","RQR","upper",405,TRUE,0.0055623486687236,0.00350254105832605,-0.0525551528778748,0.0752314841348988,0.0320589873645892
"fixed_design","RQR","upper",406,TRUE,0.00560456676535758,0.00358169474749936,-0.0524511289571509,0.075281982178912,0.0320447282572098
"fixed_design","RQR","upper",407,TRUE,0.00564735641856523,0.00363960927017871,-0.0523763252002893,0.0750969401083779,0.0320331306617407
"fixed_design","RQR","upper",408,TRUE,0.00569071762834659,0.00372698080453882,-0.0522851286469083,0.0752906537865441,0.0320242601802247
"fixed_design","RQR","upper",409,TRUE,0.00573465039470108,0.00376999429717463,-0.0523483181100656,0.0751545948078995,0.0320181823060465
"fixed_design","RQR","upper",410,TRUE,0.00577915471762937,0.00379752165793557,-0.0523714305191084,0.0751865495092579,0.0320149623673249
"fixed_design","RQR","upper",411,TRUE,0.00582423059713095,0.00383084750227236,-0.0523493204033579,0.0752094827481789,0.0320146654691053
"fixed_design","RQR","upper",412,TRUE,0.00586987803320607,0.00388957790984647,-0.0522376575633026,0.0751302901849833,0.0320173564344745
"fixed_design","RQR","upper",413,TRUE,0.00591609702585458,0.00389773703696317,-0.0521198981203848,0.0752002583539899,0.0320230997447239
"fixed_design","RQR","upper",414,TRUE,0.00596288757507678,0.00398263043160952,-0.0519981748271462,0.0754376981417843,0.0320319594787011
"fixed_design","RQR","upper",415,TRUE,0.00601024968087225,0.00401737381695744,-0.0519128086083164,0.0756482565907283,0.0320439992514958
"fixed_design","RQR","upper",416,TRUE,0.00605818334324127,0.00407092548462619,-0.0518892182266694,0.0757822232282807,0.0320592821526148
"fixed_design","RQR","upper",417,TRUE,0.00610668856218413,0.00412834765811287,-0.0518154394428753,0.0757686804828639,0.0320778706838096
"fixed_design","RQR","upper",418,TRUE,0.00615576533770001,0.00417730070230993,-0.0517736490241761,0.0757437717421291,0.0320998266967251
"fixed_design","RQR","upper",419,TRUE,0.00620541366978947,0.00427699063479927,-0.0516349034855285,0.0758312313451491,0.0321252113305478
"fixed_design","RQR","upper",420,TRUE,0.00625563355845252,0.00430931003573999,-0.0515897217345313,0.0760225004373878,0.0321540849498324
"fixed_design","RQR","upper",421,TRUE,0.00630642500368906,0.00436736509418658,-0.0514805859320086,0.0759075272324278,0.0321865070826954
"fixed_design","RQR","upper",422,TRUE,0.00635778800549915,0.0043986631684142,-0.0514449439005574,0.0759460906533103,0.0322225363595647
"fixed_design","RQR","upper",423,TRUE,0.00640972256388263,0.00441802927066226,-0.0514931673426181,0.0762141009643639,0.0322622304526783
"fixed_design","RQR","upper",424,TRUE,0.00646222867883981,0.00444117296205539,-0.0514817998394306,0.0763161807045938,0.0323056460165264
"fixed_design","RQR","upper",425,TRUE,0.00651530635037001,0.00449185963856902,-0.0515208706669173,0.0763892469003252,0.032352838629431
"fixed_design","RQR","upper",426,TRUE,0.00656895557847424,0.00458386231624197,-0.0516060097379029,0.0764674352720445,0.032403862736459
"fixed_design","RQR","upper",427,TRUE,0.00662317636315162,0.00466802539373657,-0.0515015761548467,0.0766583969176801,0.0324587715938577
"fixed_design","RQR","upper",428,TRUE,0.00667796870440247,0.00472474943089591,-0.0514076053855741,0.0766716064922267,0.0325176172152053
"fixed_design","RQR","upper",429,TRUE,0.0067333326022269,0.00482026364577215,-0.0514853423748564,0.0766479469575539,0.0325804503194578
"fixed_design","RQR","upper",430,TRUE,0.00678926805662491,0.00484619102690642,-0.0514597497401318,0.0768385946050844,0.0326473202810742
"fixed_design","RQR","upper",431,TRUE,0.00684577506759641,0.00487749031605345,-0.0514024809945007,0.0769796568393424,0.0327182750823891
"fixed_design","RQR","upper",432,TRUE,0.00690285363514117,0.00496297296771298,-0.051452411680342,0.0770632390582545,0.0327933612683996
"fixed_design","RQR","upper",433,TRUE,0.00696050375925948,0.00502570927705626,-0.0514719977518353,0.0770142999348259,0.0328726239041205
"fixed_design","RQR","upper",434,TRUE,0.00701872543995164,0.00504957071393353,-0.0515378685209861,0.0771166071902668,0.032956106534652
"fixed_design","RQR","upper",435,TRUE,0.00707751867721704,0.00510983683127054,-0.0514596008395082,0.0775039776950564,0.0330438511480949
"fixed_design","RQR","upper",436,TRUE,0.00713688347105557,0.00519318685971216,-0.0515288602445748,0.0777057317132374,0.0331358981414345
"fixed_design","RQR","upper",437,TRUE,0.00719681982146812,0.00524408835353207,-0.0515840271735143,0.0779443895002164,0.033232286289502
"fixed_design","RQR","upper",438,TRUE,0.00725732772845396,0.00527615097949863,-0.0516733419619384,0.0782316119580441,0.0333330527171074
"fixed_design","RQR","upper",439,TRUE,0.00731840719201325,0.00530402815617971,-0.0517233309158154,0.078471006845471,0.0334382328744273
"fixed_design","RQR","upper",440,TRUE,0.00738005821214612,0.00538926915799842,-0.0517505002057256,0.0787654343072818,0.0335478605157103
"fixed_design","RQR","upper",441,TRUE,0.00744228078885237,0.00542697373379753,-0.0517205745228184,0.0791309581864993,0.0336619676813541
"fixed_design","RQR","upper",442,TRUE,0.00750507492213231,0.00552677781843614,-0.0517432105643556,0.0795412745480198,0.0337805846833873
"fixed_design","RQR","upper",443,TRUE,0.00756844061198539,0.00559786380589644,-0.0517116510030388,0.0799947913240906,0.033903740094377
"fixed_design","RQR","upper",444,TRUE,0.00763237785841228,0.00568905505718509,-0.0517880859617768,0.0804354100045942,0.0340314607397669
"fixed_design","RQR","upper",445,TRUE,0.00769688666141242,0.00576498024440975,-0.0517961943988403,0.0809226705128286,0.0341637716936333
"fixed_design","RQR","upper",446,TRUE,0.00776196702098637,0.005825137214874,-0.0519970150166283,0.0815764964565403,0.0343006962778345
"fixed_design","RQR","upper",447,TRUE,0.00782761893713369,0.00587787926931427,-0.0521953194696318,0.0820709809485676,0.0344422560645113
"fixed_design","RQR","upper",448,TRUE,0.00789384240985425,0.00596775722268929,-0.0524314167778722,0.082161350836741,0.034588470881884
"fixed_design","RQR","upper",449,TRUE,0.00796063743914851,0.00599147711575643,-0.052446822793132,0.0824364818879302,0.0347393588232757
"fixed_design","RQR","upper",450,TRUE,0.00802800402501614,0.00601064770873961,-0.0524570078718782,0.0829086634918793,0.0348949362592807
"fixed_design","RQR","upper",451,TRUE,0.00809594216745758,0.00604885203222683,-0.0524754928597433,0.0834102590396641,0.0350552178529825
"fixed_design","RQR","upper",452,TRUE,0.00816445186647204,0.00608818526582967,-0.0525570384417476,0.0838617348116503,0.035220216578116
"fixed_design","RQR","upper",453,TRUE,0.00823353312206053,0.00611156317126516,-0.0527944650993315,0.0840715527618847,0.0353899437400578
"fixed_design","RQR","upper",454,TRUE,0.00830318593422217,0.00617641383536405,-0.0528622365353858,0.0845764576771836,0.0355644089995158
"fixed_design","RQR","upper",455,TRUE,0.00837341030295729,0.00624719653601448,-0.0529845475627992,0.0850356369239702,0.0357436203987877
"fixed_design","RQR","upper",456,TRUE,0.00844420622826588,0.00630090890869484,-0.0534474021447718,0.085461441021858,0.0359275843904424
"fixed_design","RQR","upper",457,TRUE,0.00851557371014804,0.00636965956812186,-0.0535612082754972,0.0860441925123642,0.0361163058682779
"fixed_design","RQR","upper",458,TRUE,0.00858751274860379,0.0064105773839871,-0.053602724844273,0.0867365615771667,0.0363097882004017
"fixed_design","RQR","upper",459,TRUE,0.00866002334363259,0.00643008286753632,-0.0537068937644157,0.0872490594714177,0.0365080332642736
"fixed_design","RQR","upper",460,TRUE,0.0087331054952354,0.0064357803291788,-0.0538268618217038,0.0877445661809493,0.036711041483554
"fixed_design","RQR","upper",461,TRUE,0.00880675920341158,0.00652521096429004,-0.0539329944157819,0.0884277666164109,0.0369188118665886
"fixed_design","RQR","upper",462,TRUE,0.00888098446816101,0.00656460376491197,-0.0540858328665585,0.0890270697493351,0.0371313420463711
"fixed_design","RQR","upper",463,TRUE,0.00895578128948414,0.00655125516447896,-0.0543581379911999,0.0895781249832653,0.037348628321815
"fixed_design","RQR","upper",464,TRUE,0.00903114966738088,0.00661209544546538,-0.054485057205239,0.090349034673553,0.037570665700173
"fixed_design","RQR","upper",465,TRUE,0.00910708960185095,0.00664703334136419,-0.054698626615932,0.0909935708988986,0.0377974479404427
"fixed_design","RQR","upper",466,TRUE,0.0091836010928943,0.00670178040529191,-0.0549641023587248,0.0915361262735606,0.0380289675975975
"fixed_design","RQR","upper",467,TRUE,0.00926068414051166,0.00673088349483065,-0.0552457949350912,0.0920185044323346,0.0382652160674895
"fixed_design","RQR","upper",468,TRUE,0.00933833874470195,0.00678891234067502,-0.0554115334684581,0.0928065667973856,0.0385061836322696
"fixed_design","RQR","upper",469,TRUE,0.00941656490546591,0.00684476040883386,-0.055789255023425,0.0935429789425685,0.0387518595061815
"fixed_design","RQR","upper",470,TRUE,0.0094953626228036,0.006878028029638,-0.0560390969118656,0.0941589026449237,0.039002231881584
"fixed_design","RQR","upper",471,TRUE,0.0095747318967144,0.00691303645592045,-0.0563418560733288,0.0948513123895997,0.039257287975069
"fixed_design","RQR","upper",472,TRUE,0.00965467272719903,0.00692259777655257,-0.0567943565696682,0.0955439607341815,0.0395170140735432
"fixed_design","RQR","upper",473,TRUE,0.00973518511425693,0.00695760694680315,-0.0569762770100844,0.0960187174097542,0.0397813955801511
"fixed_design","RQR","upper",474,TRUE,0.00981626905788838,0.00697582767260263,-0.0573063423805171,0.0964594826320111,0.0400504170599234
"fixed_design","RQR","upper",475,TRUE,0.00989792455809344,0.00699427749031656,-0.0575416072260943,0.0972442082180669,0.0403240622850405
"fixed_design","RQR","upper",476,TRUE,0.00998015161487175,0.00703732628880294,-0.0577894002737966,0.0979741849391425,0.0406023142796094
"fixed_design","RQR","upper",477,TRUE,0.0100629502282239,0.00710574014290544,-0.0580915681110015,0.0986028456352705,0.04088515536386
"fixed_design","RQR","upper",478,TRUE,0.0101463203981493,0.00716634002519856,-0.0583886597561168,0.0993810594047428,0.0411725671976715
"fixed_design","RQR","upper",479,TRUE,0.0102302621246481,0.00718981199582203,-0.0587352594321353,0.0999087884387078,0.0414645308233506
"fixed_design","RQR","upper",480,TRUE,0.0103147754077205,0.00726096387976427,-0.0591192076819113,0.100894906393633,0.0417610267075885
"fixed_design","RQR","upper",481,TRUE,0.0103998602473665,0.00733189775640153,-0.0594036583439173,0.101686193463407,0.042062034782529
"fixed_design","RQR","upper",482,TRUE,0.0104855166435859,0.00732094055229394,-0.0598288337705113,0.102703777812439,0.0423675344858921
"fixed_design","RQR","upper",483,TRUE,0.0105717445963785,0.0073192739341731,-0.0600299740046926,0.103697450867672,0.0426775048000993
"fixed_design","RQR","upper",484,TRUE,0.0106585441057452,0.00737186481479702,-0.0604368087227683,0.104462062183407,0.0429919242903562
"fixed_design","RQR","upper",485,TRUE,0.0107459151716847,0.00742189115605663,-0.0609630346209516,0.105294678770645,0.0433107711416531
"fixed_design","RQR","upper",486,TRUE,0.0108338577941982,0.00746199790565606,-0.0613328440704361,0.106082623702406,0.0436340231946531
"fixed_design","RQR","upper",487,TRUE,0.010922371973285,0.00748298241930934,-0.0618463795482516,0.106932831638771,0.0439616579804379
"fixed_design","RQR","upper",488,TRUE,0.0110114577089453,0.00755014909983512,-0.0621229098994987,0.107669484471275,0.0442936527540934
"fixed_design","RQR","upper",489,TRUE,0.0111011150011792,0.00770565210077534,-0.0626227748367211,0.108548283134202,0.0446299845271172
"fixed_design","RQR","upper",490,TRUE,0.0111913438499866,0.00776330269875138,-0.0632209900946762,0.109641776551593,0.0449706300986387
"fixed_design","RQR","upper",491,TRUE,0.0112821442553674,0.00784453973459388,-0.0636715781176766,0.110533372572955,0.0453155660854445
"fixed_design","RQR","upper",492,TRUE,0.0113735162173215,0.00789176905370417,-0.0641771113630761,0.111315969869387,0.045664768950809
"fixed_design","RQR","upper",493,TRUE,0.0114654597358495,0.00793517355881835,-0.0647197319593137,0.112200509510293,0.0460182150321311
"fixed_design","RQR","upper",494,TRUE,0.0115579748109506,0.00798254089486574,-0.0652722715241465,0.113109043709442,0.0463758805673831
"fixed_design","RQR","upper",495,TRUE,0.0116510614426255,0.00801113724244518,-0.0656452775342378,0.113872545463025,0.0467377417203836
"fixed_design","RQR","upper",496,TRUE,0.0117447196308739,0.00806099910167291,-0.0661983384978236,0.114772014991662,0.0471037746049034
"fixed_design","RQR","upper",497,TRUE,0.0118389493756952,0.0081452544939137,-0.066801923146438,0.115570366022113,0.0474739553076226
"fixed_design","RQR","upper",498,TRUE,0.0119337506770908,0.00819317952026922,-0.0671780746110857,0.116592674402876,0.0478482599099573
"fixed_design","RQR","upper",499,TRUE,0.0120291235350592,0.00829141272533973,-0.0677004593301036,0.117477953616809,0.0482266645087725
"fixed_design","RQR","upper",500,TRUE,0.0121250679496016,0.00835192536879071,-0.0682165607826595,0.118545783800614,0.0486091452360084
"fixed_design","RQR","upper",501,TRUE,0.0122215839207173,0.00842842756129526,-0.0687465897147718,0.119479239998229,0.0489956782772407
"fixed_design","RQR","upper",502,TRUE,0.0123186714484064,0.00845407689662783,-0.0692724789285889,0.120508071207792,0.0493862398892014
"fixed_design","RQR","upper",503,TRUE,0.0124163305326689,0.00856177318695939,-0.0698585331413616,0.121699234473247,0.0497808064162879
"fixed_design","RQR","upper",504,TRUE,0.0125145611735052,0.0085631735463776,-0.070296644233694,0.122603611689584,0.0501793543060876
"fixed_design","RQR","upper",505,TRUE,0.0126133633709146,0.00863145059494275,-0.07087567229812,0.123669185813571,0.0505818601239458
"fixed_design","RQR","upper",506,TRUE,0.0127127371248978,0.00868290553517737,-0.071594245715507,0.124800452881318,0.0509883005666097
"fixed_design","RQR","upper",507,TRUE,0.0128126824354545,0.00877484108164251,-0.072290743071118,0.125710150518645,0.0513986524749743
"fixed_design","RQR","upper",508,TRUE,0.0129131993025846,0.00885025263315143,-0.0729563829938277,0.126946333579154,0.0518128928459646
"fixed_design","RQR","upper",509,TRUE,0.0130142877262882,0.00888425408919782,-0.0736241430688023,0.127988629269727,0.0522309988435827
"fixed_design","RQR","upper",510,TRUE,0.0131159477065653,0.00896087402604264,-0.0743857743600554,0.129067768488091,0.0526529478091504
"fixed_design","RQR","upper",511,TRUE,0.0132181792434161,0.00902464714138308,-0.0751340344892607,0.130076008559412,0.0530787172707796
"fixed_design","RQR","upper",512,TRUE,0.0133209823368401,0.00908082888240092,-0.0757277418276464,0.131437341886245,0.0535082849520999
"fixed_design","RQR","upper",513,TRUE,0.0134243569868378,0.00920973194688557,-0.0763310992018229,0.13236756353128,0.0539416287802745
"fixed_design","RQR","upper",514,TRUE,0.0135283031934088,0.0092583449825876,-0.07697682403048,0.13342826445414,0.0543787268933339
"fixed_design","RQR","upper",515,TRUE,0.013632820956553,0.00930925588514054,-0.0775888502792599,0.134503760966293,0.0548195576468573
"fixed_design","RQR","upper",516,TRUE,0.0137379102762714,0.00939893870341724,-0.0781979041900339,0.135639030085793,0.055264099620032
"fixed_design","RQR","upper",517,TRUE,0.0138435711525626,0.00946435782778411,-0.0788876144206391,0.136847319534045,0.0557123316211162
"fixed_design","RQR","upper",518,TRUE,0.0139498035854275,0.0095579173325523,-0.0795834716269242,0.137808917109182,0.0561642326923386
"fixed_design","RQR","upper",519,TRUE,0.0140566075748662,0.00961474226568626,-0.0801882548122739,0.138735007600926,0.0566197821142565
"fixed_design","RQR","upper",520,TRUE,0.0141639831208783,0.00966775338283289,-0.0808688971517171,0.140150703481033,0.057078959409603
"fixed_design","RQR","upper",521,TRUE,0.0142719302234636,0.0097690961368705,-0.0816443839123664,0.141301278438772,0.057541744346648
"fixed_design","RQR","upper",522,TRUE,0.0143804488826226,0.00984797544802643,-0.0823167919000022,0.142472482730324,0.0580081169420987
"fixed_design","RQR","upper",523,TRUE,0.0144895390983551,0.00987925865367845,-0.0831358041405633,0.143623759564519,0.0584780574635632
"fixed_design","RQR","upper",524,TRUE,0.0145992008706608,0.00994344829141869,-0.0839630518551019,0.144876510044232,0.058951546431602
"fixed_design","RQR","upper",525,TRUE,0.0147094341995407,0.00998650995012785,-0.0845450312183724,0.145950630010189,0.0594285646213906
"fixed_design","RQR","upper",526,TRUE,0.0148202390849933,0.0100365429326243,-0.0852828484163862,0.14706241330107,0.0599090930640136
"fixed_design","RQR","upper",527,TRUE,0.0149316155270197,0.0101385725683856,-0.0860917950375019,0.148048834165399,0.0603931130474144
"fixed_design","RQR","upper",528,TRUE,0.0150435635256198,0.0102130659191103,-0.0866977082446442,0.149084674400251,0.0608806061170188
"fixed_design","RQR","upper",529,TRUE,0.0151560830807931,0.0103204390655346,-0.0873617528042932,0.15016244005093,0.0613715540760528
"fixed_design","RQR","upper",530,TRUE,0.0152691741925401,0.0104033826748453,-0.0880142545554468,0.151177890121794,0.0618659389855753
"fixed_design","RQR","upper",531,TRUE,0.0153828368608604,0.0104849070414219,-0.088802924180338,0.152256115262643,0.0623637431642414
"fixed_design","RQR","upper",532,TRUE,0.0154970710857543,0.0105249722489015,-0.0894067462115287,0.153320369219321,0.0628649491878161
"fixed_design","RQR","upper",533,TRUE,0.0156118768672218,0.0105627522888258,-0.0901754137929774,0.154432848679777,0.0633695398884532
"fixed_design","RQR","upper",534,TRUE,0.0157272542052625,0.0106281313409612,-0.0910608769419678,0.155365068126336,0.0638774983537572
"fixed_design","RQR","upper",535,TRUE,0.0158432030998767,0.01071663161733,-0.0918950726067392,0.156580537040944,0.0643888079256422
"fixed_design","RQR","upper",536,TRUE,0.0159597235510648,0.0108634743736377,-0.0927331675068985,0.157973687954183,0.0649034521990028
"fixed_design","RQR","upper",537,TRUE,0.0160768155588257,0.0109664737378291,-0.0935165491527041,0.159285801782714,0.0654214150202111
"fixed_design","RQR","upper",538,TRUE,0.0161944791231605,0.0110359200352128,-0.094310654377727,0.160491115099027,0.0659426804854533
"fixed_design","RQR","upper",539,TRUE,0.0163127142440694,0.011049913496141,-0.0949958073978602,0.161784990233012,0.0664672329389171
"fixed_design","RQR","upper",540,TRUE,0.0164315209215508,0.011096705179237,-0.0958393318509485,0.163031290657736,0.0669950569708433
"fixed_design","ET","lower",1,TRUE,-0.908394528587513,-0.882475013225264,-2.03981451916093,0.015263572082706,1.04101940023288
"fixed_design","ET","lower",2,TRUE,-0.899442861300679,-0.87356724366236,-2.02322142508728,0.0177746795438427,1.03155075322757
"fixed_design","ET","lower",3,TRUE,-0.890530658119378,-0.864620110839459,-2.0085796657127,0.0214753194647126,1.02212792045857
"fixed_design","ET","lower",4,TRUE,-0.88165791904361,-0.855752142587423,-1.99305571335376,0.0244479447886861,1.01275096618498
"fixed_design","ET","lower",5,TRUE,-0.872824644073374,-0.84709044811215,-1.97760469308414,0.0265416701341838,1.00341995614687
"fixed_design","ET","lower",6,TRUE,-0.864030833208671,-0.838605209391164,-1.96248049072937,0.0277846245871304,0.994134957604793
"fixed_design","ET","lower",7,TRUE,-0.855276486449501,-0.83003397298171,-1.94755217858439,0.0304274713725827,0.984896039380349
"fixed_design","ET","lower",8,TRUE,-0.846561603795863,-0.821170554921142,-1.93152591405123,0.0333246549013251,0.97570327189804
"fixed_design","ET","lower",9,TRUE,-0.837886185247759,-0.812838088448704,-1.91544580120457,0.0356257401022371,0.966556727228249
"fixed_design","ET","lower",10,TRUE,-0.829250230805186,-0.8044223194874,-1.89962627187848,0.0381941994853982,0.957456479131497
"fixed_design","ET","lower",11,TRUE,-0.820653740468147,-0.79639842925576,-1.88357736830374,0.0413951139404843,0.948402603103954
"fixed_design","ET","lower",12,TRUE,-0.812096714236641,-0.788046380314756,-1.86752990031819,0.0441107896374539,0.93939517642428
"fixed_design","ET","lower",13,TRUE,-0.803579152110667,-0.779430951963635,-1.85177475239906,0.0458879015994885,0.930434278201796
"fixed_design","ET","lower",14,TRUE,-0.795101054090225,-0.770607838686109,-1.83632301309157,0.0467317848124771,0.921519989426047
"fixed_design","ET","lower",15,TRUE,-0.786662420175317,-0.762394641645346,-1.82024572692413,0.0486814465745796,0.912652393017778
"fixed_design","ET","lower",16,TRUE,-0.778263250365941,-0.753872412170604,-1.80465258462892,0.0522554000155763,0.90383157388137
"fixed_design","ET","lower",17,TRUE,-0.769903544662098,-0.745814267850662,-1.78898946457014,0.0554774402393742,0.895057618958769
"fixed_design","ET","lower",18,TRUE,-0.761583303063788,-0.73801481325471,-1.77488808297852,0.0582187898558787,0.88633061728495
"fixed_design","ET","lower",19,TRUE,-0.75330252557101,-0.729960414740109,-1.75986023249195,0.0608622505258832,0.877650660044943
"fixed_design","ET","lower",20,TRUE,-0.745061212183765,-0.721497862980884,-1.74575849678158,0.063022404123785,0.869017840632483
"fixed_design","ET","lower",21,TRUE,-0.736859362902053,-0.713778675080101,-1.73072783622044,0.0651944050596535,0.860432254710293
"fixed_design","ET","lower",22,TRUE,-0.728696977725873,-0.705698149591439,-1.71581706192343,0.0669576172960059,0.851894000272068
"fixed_design","ET","lower",23,TRUE,-0.720574056655227,-0.697943537123349,-1.70101577921017,0.0696140564699605,0.843403177706179
"fixed_design","ET","lower",24,TRUE,-0.712490599690113,-0.689876050754581,-1.68596726634089,0.0724557192480098,0.834959889861136
"fixed_design","ET","lower",25,TRUE,-0.704446606830532,-0.682053999770683,-1.67354498726532,0.0746423440697644,0.826564242112871
"fixed_design","ET","lower",26,TRUE,-0.696442078076483,-0.674331749527103,-1.65823655416835,0.0771759785103059,0.81821634243385
"fixed_design","ET","lower",27,TRUE,-0.688477013427968,-0.666563569005746,-1.644017855916,0.0795596125389741,0.809916301464068
"fixed_design","ET","lower",28,TRUE,-0.680551412884985,-0.658873990737063,-1.62793184854973,0.0821445311716412,0.801664232583957
"fixed_design","ET","lower",29,TRUE,-0.672665276447534,-0.650907288948944,-1.61301848008857,0.0846350588980079,0.793460251989254
"fixed_design","ET","lower",30,TRUE,-0.664818604115617,-0.643531089362575,-1.59901671519957,0.0877776237568179,0.785304478767847
"fixed_design","ET","lower",31,TRUE,-0.657011395889232,-0.635904454606741,-1.58491340741564,0.0907438731884776,0.777197034978644
"fixed_design","ET","lower",32,TRUE,-0.64924365176838,-0.628206729385973,-1.57089682933132,0.0933709413100255,0.769138045732488
"fixed_design","ET","lower",33,TRUE,-0.64151537175306,-0.620065946367377,-1.55700002643021,0.0967862994352648,0.761127639275159
"fixed_design","ET","lower",34,TRUE,-0.633826555843273,-0.612192105983272,-1.54406071841159,0.0992786044828801,0.753165947072473
"fixed_design","ET","lower",35,TRUE,-0.62617720403902,-0.604309238030149,-1.53095693973684,0.100973649630004,0.745253103897517
"fixed_design","ET","lower",36,TRUE,-0.618567316340298,-0.596335899061626,-1.5173371944743,0.102934661997847,0.737389247920032
"fixed_design","ET","lower",37,TRUE,-0.61099689274711,-0.588852030230051,-1.50428520603213,0.10457808899122,0.729574520797967
"fixed_design","ET","lower",38,TRUE,-0.603465933259454,-0.581536487334349,-1.49142444675345,0.106874786071991,0.721809067771208
"fixed_design","ET","lower",39,TRUE,-0.595974437877331,-0.574345589106004,-1.47841244326561,0.108945647305622,0.714093037757498
"fixed_design","ET","lower",40,TRUE,-0.58852240660074,-0.567187670893043,-1.46533825452636,0.11164096019716,0.706426583450556
"fixed_design","ET","lower",41,TRUE,-0.581109839429683,-0.559614255675457,-1.45182576354436,0.114440026433088,0.698809861420373
"fixed_design","ET","lower",42,TRUE,-0.573736736364158,-0.552446695711998,-1.43843316739245,0.115520611403198,0.691243032215698
"fixed_design","ET","lower",43,TRUE,-0.566403097404165,-0.545304475891775,-1.42695701229254,0.117065988139995,0.683726260468682
"fixed_design","ET","lower",44,TRUE,-0.559108922549706,-0.537967667293662,-1.41416482437211,0.119378700955448,0.676259715001662
"fixed_design","ET","lower",45,TRUE,-0.551854211800779,-0.530628320059681,-1.40175021436883,0.12219162861907,0.66884356893605
"fixed_design","ET","lower",46,TRUE,-0.544638965157385,-0.523613051520801,-1.38966281491993,0.124028449068179,0.661477999803279
"fixed_design","ET","lower",47,TRUE,-0.537463182619524,-0.517003148587307,-1.37687924952895,0.126879678889826,0.654163189657761
"fixed_design","ET","lower",48,TRUE,-0.530326864187195,-0.510156874152219,-1.36497065011518,0.129517697646846,0.646899325191776
"fixed_design","ET","lower",49,TRUE,-0.5232300098604,-0.503175905056233,-1.35308140864205,0.131371213664041,0.639686597852229
"fixed_design","ET","lower",50,TRUE,-0.516172619639136,-0.496068360841677,-1.33954118016965,0.13386017941193,0.632525203959154
"fixed_design","ET","lower",51,TRUE,-0.509154693523406,-0.489391031497211,-1.3268114355951,0.136332768034399,0.625415344825891
"fixed_design","ET","lower",52,TRUE,-0.502176231513208,-0.482576567018471,-1.3139725496189,0.139264759311071,0.618357226880762
"fixed_design","ET","lower",53,TRUE,-0.495237233608543,-0.475665719049607,-1.30154939464875,0.141610288014846,0.611351061790139
"fixed_design","ET","lower",54,TRUE,-0.488337699809411,-0.468561589167614,-1.28888987411917,0.144243427928402,0.604397066582708
"fixed_design","ET","lower",55,TRUE,-0.481477630115812,-0.461914806702848,-1.27760722586348,0.146702693363102,0.597495463774744
"fixed_design","ET","lower",56,TRUE,-0.474657024527745,-0.454855575622898,-1.2655858816582,0.148969705020576,0.590646481496182
"fixed_design","ET","lower",57,TRUE,-0.467875883045211,-0.448069050688702,-1.25277716239582,0.150821151939406,0.583850353617239
"fixed_design","ET","lower",58,TRUE,-0.461134205668209,-0.441552344329496,-1.24144483105644,0.153125753699185,0.577107319875307
"fixed_design","ET","lower",59,TRUE,-0.454431992396741,-0.435109325501829,-1.22938686549519,0.155201266386055,0.570417626001812
"fixed_design","ET","lower",60,TRUE,-0.447769243230805,-0.428174753612917,-1.21801353838899,0.157488625605854,0.563781523848705
"fixed_design","ET","lower",61,TRUE,-0.441145958170402,-0.42169634028075,-1.20584758195274,0.159538858903906,0.557199271514198
"fixed_design","ET","lower",62,TRUE,-0.434562137215531,-0.415789169714214,-1.19479708393131,0.161413709662267,0.550671133467326
"fixed_design","ET","lower",63,TRUE,-0.428017780366193,-0.409197976449076,-1.18376501346641,0.16410954163683,0.544197380670877
"fixed_design","ET","lower",64,TRUE,-0.421512887622389,-0.402060093215678,-1.17300352324416,0.166377228960293,0.537778290702177
"fixed_design","ET","lower",65,TRUE,-0.415047458984116,-0.395454747874563,-1.16278583668638,0.169048341156828,0.531414147871164
"fixed_design","ET","lower",66,TRUE,-0.408621494451377,-0.389331776954182,-1.15180846139917,0.172353163737093,0.525105243335156
"fixed_design","ET","lower",67,TRUE,-0.40223499402417,-0.382473440664097,-1.13995780908039,0.174672773257198,0.518851875209611
"fixed_design","ET","lower",68,TRUE,-0.395887957702496,-0.376444675918241,-1.12864991428369,0.178050252490317,0.512654348674172
"fixed_design","ET","lower",69,TRUE,-0.389580385486355,-0.370062151499918,-1.11680612343743,0.181324388293226,0.506512976073182
"fixed_design","ET","lower",70,TRUE,-0.383312277375746,-0.363756060372053,-1.10704117311225,0.183680055290728,0.500428077009802
"fixed_design","ET","lower",71,TRUE,-0.37708363337067,-0.357898550680927,-1.09674519625053,0.186208114665614,0.494399978432794
"fixed_design","ET","lower",72,TRUE,-0.370894453471127,-0.352322072839361,-1.08675102530872,0.189038348658768,0.48842901471493
"fixed_design","ET","lower",73,TRUE,-0.364744737677116,-0.346716409497768,-1.07658232147187,0.19173232965241,0.482515527721941
"fixed_design","ET","lower",74,TRUE,-0.358634485988638,-0.34079553017121,-1.06593909014487,0.194238141286037,0.476659866870795
"fixed_design","ET","lower",75,TRUE,-0.352563698405693,-0.334305349186452,-1.054832933704,0.197386508111011,0.470862389176022
"fixed_design","ET","lower",76,TRUE,-0.346532374928281,-0.32820132640502,-1.04544417451103,0.19941635228695,0.465123459282707
"fixed_design","ET","lower",77,TRUE,-0.340540515556401,-0.3221695617208,-1.03525046997145,0.202743063491797,0.459443449484661
"fixed_design","ET","lower",78,TRUE,-0.334588120290055,-0.315987828957001,-1.02567323254648,0.205862789306531,0.453822739726188
"fixed_design","ET","lower",79,TRUE,-0.328675189129241,-0.310020358667677,-1.01615786555506,0.208090668813746,0.448261717585738
"fixed_design","ET","lower",80,TRUE,-0.322801722073959,-0.304391561926953,-1.00553671205642,0.211361979311705,0.442760778239655
"fixed_design","ET","lower",81,TRUE,-0.31696771912421,-0.298542877311059,-0.995857533453581,0.214054960002771,0.437320324404073
"fixed_design","ET","lower",82,TRUE,-0.311173180279995,-0.292606033028676,-0.985191827858375,0.216309419413646,0.431940766252948
"fixed_design","ET","lower",83,TRUE,-0.305418105541311,-0.286977730085993,-0.976599805081751,0.218292464864488,0.426622521310029
"fixed_design","ET","lower",84,TRUE,-0.299702494908161,-0.280939874758784,-0.966728120472689,0.221233307684512,0.421366014312533
"fixed_design","ET","lower",85,TRUE,-0.294026348380543,-0.275209783529004,-0.95741663282178,0.223365807591373,0.416171677044083
"fixed_design","ET","lower",86,TRUE,-0.288389665958458,-0.270001416275313,-0.947978629105413,0.226723136847167,0.411039948134431
"fixed_design","ET","lower",87,TRUE,-0.282792447641906,-0.264008487709174,-0.937950375182553,0.228686170046433,0.405971272823315
"fixed_design","ET","lower",88,TRUE,-0.277234693430886,-0.258372425046255,-0.928258916868004,0.231212221615976,0.40096610268572
"fixed_design","ET","lower",89,TRUE,-0.271716403325399,-0.252965093003851,-0.918246066347247,0.23287386981078,0.396024895315716
"fixed_design","ET","lower",90,TRUE,-0.266237577325445,-0.24768757213791,-0.908158131777575,0.235127032528407,0.391148113965906
"fixed_design","ET","lower",91,TRUE,-0.260798215431023,-0.242273918114835,-0.900383195587063,0.237509282256515,0.386336227139517
"fixed_design","ET","lower",92,TRUE,-0.255398317642135,-0.236802048098674,-0.889993502078844,0.240683041114355,0.381589708131999
"fixed_design","ET","lower",93,TRUE,-0.250037883958779,-0.231376876671172,-0.881665801725751,0.243387075623497,0.376909034519034
"fixed_design","ET","lower",94,TRUE,-0.244716914380956,-0.226182347964875,-0.873357807481425,0.245401162440615,0.372294687587764
"fixed_design","ET","lower",95,TRUE,-0.239435408908665,-0.220853845792777,-0.866118827937997,0.248051749922449,0.367747151708067
"fixed_design","ET","lower",96,TRUE,-0.234193367541907,-0.215358474130756,-0.856992118976206,0.250500582883768,0.363266913640714
"fixed_design","ET","lower",97,TRUE,-0.228990790280682,-0.210425494490357,-0.848507061815934,0.253557896908681,0.358854461779297
"fixed_design","ET","lower",98,TRUE,-0.223827677124989,-0.205124352536581,-0.839943782583945,0.257354198309076,0.354510285322901
"fixed_design","ET","lower",99,TRUE,-0.21870402807483,-0.200264061653157,-0.830098116068076,0.25989300559011,0.3502348733766
"fixed_design","ET","lower",100,TRUE,-0.213619843130203,-0.195402814822104,-0.821395236877356,0.263296578264865,0.346028713977038
"fixed_design","ET","lower",101,TRUE,-0.208575122291109,-0.190481947800792,-0.813657863201708,0.266619299961394,0.341892293040567
"fixed_design","ET","lower",102,TRUE,-0.203569865557548,-0.185709549306938,-0.804848628710053,0.269506011679756,0.33782609323167
"fixed_design","ET","lower",103,TRUE,-0.198604072929519,-0.180912705727321,-0.795073144993392,0.272186103375744,0.333830592749722
"fixed_design","ET","lower",104,TRUE,-0.193677744407023,-0.176184296941161,-0.786546512259767,0.274532303608751,0.329906264032536
"fixed_design","ET","lower",105,TRUE,-0.18879087999006,-0.171100445849952,-0.777383664667706,0.277118207989656,0.326053572375563
"fixed_design","ET","lower",106,TRUE,-0.183943479678629,-0.166228534185881,-0.76982540576493,0.280769361016104,0.322272974466142
"fixed_design","ET","lower",107,TRUE,-0.179135543472731,-0.16183045450233,-0.761497517859369,0.283339504786191,0.318564916832799
"fixed_design","ET","lower",108,TRUE,-0.174367071372366,-0.157075400480487,-0.75533458516606,0.285982833345868,0.314929834210186
"fixed_design","ET","lower",109,TRUE,-0.169638063377534,-0.15237004488004,-0.746831053218379,0.288195741004673,0.311368147821067
"fixed_design","ET","lower",110,TRUE,-0.164948519488234,-0.148140682967883,-0.73969555797716,0.2915031968894,0.307880263577458
"fixed_design","ET","lower",111,TRUE,-0.160298439704467,-0.143348524928135,-0.732679594591871,0.294612976711361,0.304466570203983
"fixed_design","ET","lower",112,TRUE,-0.155687824026233,-0.138252527048121,-0.725016112576584,0.297312632482278,0.301127437287377
"fixed_design","ET","lower",113,TRUE,-0.151116672453531,-0.133880332599639,-0.716383104745366,0.299611822336634,0.297863213257098
"fixed_design","ET","lower",114,TRUE,-0.146584984986363,-0.129560602906924,-0.70855501799393,0.302315542839337,0.294674223303042
"fixed_design","ET","lower",115,TRUE,-0.142092761624726,-0.124971593725847,-0.701053610494125,0.304596071617436,0.291560767237456
"fixed_design","ET","lower",116,TRUE,-0.137640002368623,-0.120470995013293,-0.693514734298259,0.307032657775206,0.28852311730926
"fixed_design","ET","lower",117,TRUE,-0.133226707218053,-0.115463375622701,-0.686588055674145,0.309796514972622,0.285561515980153
"fixed_design","ET","lower",118,TRUE,-0.128852876173014,-0.110858632208403,-0.67922779300199,0.312487099126408,0.28267617367301
"fixed_design","ET","lower",119,TRUE,-0.124518509233509,-0.106672298241612,-0.671505817183015,0.31490119533033,0.279867266504227
"fixed_design","ET","lower",120,TRUE,-0.120223606399537,-0.102141237175477,-0.664958323798485,0.317304716229386,0.277134934012771
"fixed_design","ET","lower",121,TRUE,-0.115968167671097,-0.0982142411316136,-0.657846236574666,0.320174108931772,0.274479276899747
"fixed_design","ET","lower",122,TRUE,-0.11175219304819,-0.0939863469061951,-0.650967495496631,0.323177263567186,0.271900354793275
"fixed_design","ET","lower",123,TRUE,-0.107575682530816,-0.0898294045334424,-0.644017566614826,0.32629211171167,0.269398184054317
"fixed_design","ET","lower",124,TRUE,-0.103438636118974,-0.0857757560143043,-0.636403287843226,0.328653913555332,0.266972735639887
"fixed_design","ET","lower",125,TRUE,-0.0993410538126655,-0.0815257783162252,-0.63045559833965,0.331029107866971,0.264623933040643
"fixed_design","ET","lower",126,TRUE,-0.0952829356118895,-0.0775252684422663,-0.62483595814628,0.333255471828859,0.262351650310313
"fixed_design","ET","lower",127,TRUE,-0.0912642815166462,-0.073461102423795,-0.617792121371227,0.335361690195001,0.260155710204634
"fixed_design","ET","lower",128,TRUE,-0.0872850915269353,-0.0693567811887985,-0.611001042774603,0.338421906067963,0.25803588244751
"fixed_design","ET","lower",129,TRUE,-0.0833453656427574,-0.0654630823056269,-0.604739747221446,0.341002125200147,0.255991882141893
"fixed_design","ET","lower",130,TRUE,-0.0794451038641124,-0.0612911904204006,-0.598071288910979,0.343805649820387,0.254023368342451
"fixed_design","ET","lower",131,TRUE,-0.0755843061910001,-0.0575086139785115,-0.59220034919697,0.345669154967533,0.252129942806366
"fixed_design","ET","lower",132,TRUE,-0.0717629726234201,-0.0536926135994935,-0.586034291758208,0.348604592631722,0.250311148937683
"fixed_design","ET","lower",133,TRUE,-0.0679811031613732,-0.0500054144730412,-0.57968681012267,0.350475454986246,0.248566470939398
"fixed_design","ET","lower",134,TRUE,-0.0642386978048587,-0.0462968544461531,-0.573542331679751,0.352493300660834,0.246895333186036
"fixed_design","ET","lower",135,TRUE,-0.0605357565538774,-0.0424572252206452,-0.567744113059519,0.355129127148652,0.245297099827779
"fixed_design","ET","lower",136,TRUE,-0.0568722794084283,-0.0387482157211631,-0.562286553159153,0.357440255613235,0.243771074635306
"fixed_design","ET","lower",137,TRUE,-0.0532482663685125,-0.0349023904292965,-0.556848737432744,0.360151161789272,0.242316501092423
"fixed_design","ET","lower",138,TRUE,-0.049663717434129,-0.0315220122598528,-0.552243656913231,0.36257772419468,0.240932562741307
"fixed_design","ET","lower",139,TRUE,-0.0461186326052781,-0.0278291764283653,-0.547572216712335,0.365555089938073,0.239618383782819
"fixed_design","ET","lower",140,TRUE,-0.0426130118819603,-0.024061559768938,-0.542574761853793,0.368072956382048,0.238373029931909
"fixed_design","ET","lower",141,TRUE,-0.0391468552641751,-0.0206327850369723,-0.538115520144336,0.370936243603715,0.237195509525596
"fixed_design","ET","lower",142,TRUE,-0.0357201627519223,-0.0173477173659392,-0.534392905785434,0.373111821679268,0.236084774878555
"fixed_design","ET","lower",143,TRUE,-0.0323329343452027,-0.0139356562823799,-0.529520905806066,0.376394067070981,0.235039723878852
"fixed_design","ET","lower",144,TRUE,-0.0289851700440155,-0.0106447552743208,-0.524709569992624,0.379135646539524,0.234059201814038
"fixed_design","ET","lower",145,TRUE,-0.0256768698483616,-0.00761547729644923,-0.520303212768906,0.381600138414954,0.233142003415546
"fixed_design","ET","lower",146,TRUE,-0.0224080337582396,-0.00430794393567662,-0.514911936836902,0.384116064010158,0.232286875107299
"fixed_design","ET","lower",147,TRUE,-0.019178661773651,-0.00115798606861538,-0.510513583899505,0.386545668632474,0.231492517442563
"fixed_design","ET","lower",148,TRUE,-0.0159887538945947,0.00207638137793253,-0.505948454599747,0.389204336050051,0.230757587711442
"fixed_design","ET","lower",149,TRUE,-0.0128383101210713,0.00523137651394124,-0.501679060762509,0.392079494363491,0.230080702700072
"fixed_design","ET","lower",150,TRUE,-0.00972733045308069,0.00814637001472683,-0.497186440880658,0.394844931795342,0.22946044158145
"fixed_design","ET","lower",151,TRUE,-0.00665581489062243,0.0111688268034808,-0.492996967320753,0.396923779266291,0.228895348917045
"fixed_design","ET","lower",152,TRUE,-0.00362376343369725,0.0142157707897152,-0.487601315549952,0.399975832728733,0.228383937747832
"fixed_design","ET","lower",153,TRUE,-0.000631176082304688,0.0173395205593012,-0.483726223408555,0.401198951057261,0.227924692753151
"fixed_design","ET","lower",154,TRUE,0.00232194716355498,0.0204617418997127,-0.479657314119154,0.403167279484275,0.227516073455883
"fixed_design","ET","lower",155,TRUE,0.00523560630388213,0.0230092237065527,-0.475187368645205,0.40573279006603,0.227156517452751
"fixed_design","ET","lower",156,TRUE,0.00810980133867632,0.0259954435080621,-0.471985460742996,0.406801234052882,0.226844443649148
"fixed_design","ET","lower",157,TRUE,0.0109445322679382,0.0289320321650112,-0.468720016957988,0.408440096968994,0.226578255478726
"fixed_design","ET","lower",158,TRUE,0.0137397990916669,0.0315596376561899,-0.465136113968899,0.410330627020382,0.226356344088961
"fixed_design","ET","lower",159,TRUE,0.0164956018098633,0.0346796537533093,-0.461885572587931,0.412697350045263,0.226177091475156
"fixed_design","ET","lower",160,TRUE,0.0192119404225263,0.0373248435778207,-0.457770494336204,0.415065082773629,0.226038873546649
"fixed_design","ET","lower",161,TRUE,0.0218888149296574,0.0400928953729791,-0.454162534293361,0.417343269234727,0.225940063110457
"fixed_design","ET","lower",162,TRUE,0.0245262253312557,0.0427094583861421,-0.450837238982281,0.420191385264385,0.225879032759126
"fixed_design","ET","lower",163,TRUE,0.0271241716273206,0.0455539987670992,-0.447841768428521,0.422551296661042,0.22585415765116
"fixed_design","ET","lower",164,TRUE,0.0296826538178533,0.0480405447672959,-0.443915514213552,0.424769539238895,0.225863818173994
"fixed_design","ET","lower",165,TRUE,0.0322016719028528,0.0508063053402963,-0.439745256019318,0.427218845433613,0.225906402481115
"fixed_design","ET","lower",166,TRUE,0.0346812258823203,0.0533474830643772,-0.436614315635326,0.429030201914702,0.225980308896515
"fixed_design","ET","lower",167,TRUE,0.0371213157562548,0.0556662949106819,-0.432754292666926,0.430686522071521,0.226083948181198
"fixed_design","ET","lower",168,TRUE,0.0395219415246561,0.0577663229729357,-0.430131235158161,0.432464550479395,0.226215745657957
"fixed_design","ET","lower",169,TRUE,0.0418831031875254,0.0599834704463903,-0.427191807353458,0.434175890530114,0.226374143192021
"fixed_design","ET","lower",170,TRUE,0.0442048007448614,0.0622095221630596,-0.424835151721934,0.435699567135663,0.226557601026491
"fixed_design","ET","lower",171,TRUE,0.046487034196665,0.0645891686307759,-0.421573893069966,0.437581960315249,0.226764599472671
"fixed_design","ET","lower",172,TRUE,0.048729803542936,0.0669003744080587,-0.419530949661795,0.439580428406091,0.226993640456527
"fixed_design","ET","lower",173,TRUE,0.0509331087836738,0.069196775501005,-0.416850948686523,0.441717332137664,0.22724324892346
"fixed_design","ET","lower",174,TRUE,0.0530969499188794,0.0714324164720274,-0.415070370220907,0.444057580257507,0.227511974104475
"fixed_design","ET","lower",175,TRUE,0.0552213269485519,0.0737397218487634,-0.412615847186022,0.445398907113566,0.227798390647574
"fixed_design","ET","lower",176,TRUE,0.0573062398726918,0.0758680168370916,-0.409986361704125,0.44792261299008,0.228101099618856
"fixed_design","ET","lower",177,TRUE,0.0593516886912989,0.0779727969372047,-0.407528724283102,0.449613875794253,0.228418729378357
"fixed_design","ET","lower",178,TRUE,0.0613576734043732,0.0798251783902003,-0.40489396927187,0.451375441118377,0.228749936336085
"fixed_design","ET","lower",179,TRUE,0.0633241940119149,0.0817520727864621,-0.402598542024474,0.453007669523759,0.229093405594063
"fixed_design","ET","lower",180,TRUE,0.065251250513924,0.0838064922934355,-0.400150050519486,0.454394583684666,0.229447851480467
"fixed_design","ET","lower",181,TRUE,0.0671388429104001,0.0856148769995286,-0.397467643122123,0.456134428157992,0.229812017982079
"fixed_design","ET","lower",182,TRUE,0.0689869712013437,0.0875063203026064,-0.395486132767172,0.457894514905489,0.230184679081434
"fixed_design","ET","lower",183,TRUE,0.0707956353867546,0.0894535694894084,-0.39262516082815,0.45971201820045,0.230564639005021
"fixed_design","ET","lower",184,TRUE,0.0725648354666326,0.0912110638159455,-0.39136993387418,0.461226011875084,0.230950732388923
"fixed_design","ET","lower",185,TRUE,0.0742945714409782,0.0929235422786937,-0.388768120060469,0.46247943061733,0.231341824368171
"fixed_design","ET","lower",186,TRUE,0.0759848433097905,0.0947917836499865,-0.386588196034598,0.464224577290093,0.231736810596009
"fixed_design","ET","lower",187,TRUE,0.0776356510730706,0.0965226862410256,-0.384840666840225,0.464962864646512,0.232134617199068
"fixed_design","ET","lower",188,TRUE,0.0792469947308176,0.0979804660236882,-0.383588754264215,0.466148060489395,0.2325342006743
"fixed_design","ET","lower",189,TRUE,0.0808188742830322,0.0996536769116487,-0.381796178737932,0.467045347297749,0.232934547733304
"fixed_design","ET","lower",190,TRUE,0.0823512897297142,0.101107497645682,-0.379697449202353,0.467920795772691,0.233334675099429
"fixed_design","ET","lower",191,TRUE,0.0838442410708627,0.102645037216226,-0.377146029090289,0.469130339317849,0.233733629262821
"fixed_design","ET","lower",192,TRUE,0.0852977283064794,0.104146003760814,-0.375143934981889,0.470009131037505,0.234130486198309
"fixed_design","ET","lower",193,TRUE,0.0867117514365627,0.105662078519095,-0.373609806217929,0.470889639282937,0.234524351050772
"fixed_design","ET","lower",194,TRUE,0.0880863104611136,0.107051303804024,-0.371878267944925,0.471973774107886,0.234914357792371
"fixed_design","ET","lower",195,TRUE,0.0894214053801319,0.108427464056589,-0.370419031038369,0.473198509912318,0.235299668855746
"fixed_design","ET","lower",196,TRUE,0.0907170361936172,0.109839922783298,-0.368626337518195,0.474505433265342,0.235679474747043
"fixed_design","ET","lower",197,TRUE,0.0919732029015699,0.11107796965113,-0.366757895649853,0.47506054569384,0.236052993642366
"fixed_design","ET","lower",198,TRUE,0.0931899055039896,0.112139469778005,-0.365707279912074,0.47612300591742,0.236419470970996
"fixed_design","ET","lower",199,TRUE,0.094367144000877,0.113463054440654,-0.364062707451621,0.477226167186392,0.236778178988488
"fixed_design","ET","lower",200,TRUE,0.0955049183922314,0.114416278682643,-0.362494487839835,0.477995739709716,0.237128416342509
"fixed_design","ET","lower",201,TRUE,0.0966032286780531,0.115573191691502,-0.361911703845088,0.478820693182355,0.23746950763408
"fixed_design","ET","lower",202,TRUE,0.0976620748583423,0.11668910214787,-0.360840613268987,0.479599659163861,0.237800802976646
"fixed_design","ET","lower",203,TRUE,0.0986814569330984,0.11799265234833,-0.359859628446393,0.479962158796323,0.238121677555219
"fixed_design","ET","lower",204,TRUE,0.0996613749023222,0.118740725217418,-0.358833933377879,0.480942600826552,0.238431531187628
"fixed_design","ET","lower",205,TRUE,0.100601828766013,0.119934480404902,-0.357774978033441,0.481704640622,0.238729787889761
"fixed_design","ET","lower",206,TRUE,0.101502818524171,0.120763681138259,-0.357130253470044,0.482408431313594,0.23901589544648
"fixed_design","ET","lower",207,TRUE,0.102364344176797,0.121320133714758,-0.356219704173029,0.482935323138818,0.239289324989766
"fixed_design","ET","lower",208,TRUE,0.10318640572389,0.122319414778721,-0.355249433156125,0.483399227476749,0.239549570585496
"fixed_design","ET","lower",209,TRUE,0.103969003165449,0.123387334881534,-0.355344533141723,0.484042123407732,0.239796148830098
"fixed_design","ET","lower",210,TRUE,0.104712136501477,0.124062114047185,-0.354024259758835,0.484595087476599,0.240028598458264
"fixed_design","ET","lower",211,TRUE,0.105415805731971,0.124828761367109,-0.353331293360148,0.48572431754503,0.240246479962705
"fixed_design","ET","lower",212,TRUE,0.106080010856933,0.125653155721694,-0.352628066455981,0.486806411283216,0.240449375226921
"fixed_design","ET","lower",213,TRUE,0.106704751876362,0.126473595452161,-0.351729086968271,0.4873073282851,0.240636887171782
"fixed_design","ET","lower",214,TRUE,0.107290028790258,0.126910522139586,-0.351306316485748,0.487862714221568,0.24080863941669
"fixed_design","ET","lower",215,TRUE,0.107835841598622,0.127323023024903,-0.350251842678258,0.488176584076191,0.240964275955979
"fixed_design","ET","lower",216,TRUE,0.108342190301453,0.12783175931372,-0.34943546800163,0.488084074460996,0.241103460851166
"fixed_design","ET","lower",217,TRUE,0.108809074898751,0.128283261990117,-0.348835227596534,0.488278527831779,0.241225877939584
"fixed_design","ET","lower",218,TRUE,0.109236495390517,0.128975472807427,-0.347741768124936,0.488752878918466,0.24133123055988
"fixed_design","ET","lower",219,TRUE,0.109624451776749,0.129570857391078,-0.347051338513242,0.488675338037571,0.241419241294825
"fixed_design","ET","lower",220,TRUE,0.109972944057449,0.130201937930892,-0.346393626851914,0.48837837529469,0.241489651731825
"fixed_design","ET","lower",221,TRUE,0.110281972232616,0.130441191090455,-0.34596445229142,0.488928340359284,0.241542222241478
"fixed_design","ET","lower",222,TRUE,0.110551536302251,0.130704686269632,-0.34535419233129,0.489405585549024,0.241576731774529
"fixed_design","ET","lower",223,TRUE,0.110781636266353,0.130849304679085,-0.344599092512363,0.489166549399782,0.241592977677493
"fixed_design","ET","lower",224,TRUE,0.110972272124922,0.130974798156076,-0.343962122020219,0.488977261949884,0.241590775527248
"fixed_design","ET","lower",225,TRUE,0.111123443877958,0.131083338771676,-0.343713476529306,0.489193062852472,0.241569958984837
"fixed_design","ET","lower",226,TRUE,0.111235151525462,0.130785768333266,-0.34385120248897,0.488741351920222,0.241530379668732
"fixed_design","ET","lower",227,TRUE,0.111307395067433,0.13086155617968,-0.343254347499996,0.488878335093095,0.241471907047791
"fixed_design","ET","lower",228,TRUE,0.111340174503871,0.131171493934549,-0.342252283713666,0.488488092058227,0.241394428354132
"fixed_design","ET","lower",229,TRUE,0.111333489834777,0.131223324228963,-0.342111741030706,0.487868681292238,0.241297848516132
"fixed_design","ET","lower",230,TRUE,0.11128734106015,0.130996026125445,-0.342266602807693,0.487933566165005,0.241182090111787
"fixed_design","ET","lower",231,TRUE,0.11120172817999,0.13108157062713,-0.341504278941457,0.487659148934053,0.241047093342614
"fixed_design","ET","lower",232,TRUE,0.111076651194297,0.130819142500154,-0.341937940662499,0.487284987720308,0.240892816028342
"fixed_design","ET","lower",233,TRUE,0.110912110103072,0.130522610806319,-0.342242643679685,0.486923555358012,0.240719233622575
"fixed_design","ET","lower",234,TRUE,0.110708104906313,0.130258366965682,-0.342662399451358,0.486363778173509,0.240526339249673
"fixed_design","ET","lower",235,TRUE,0.110464635604023,0.129997940852453,-0.342386375131294,0.485898907950718,0.240314143763044
"fixed_design","ET","lower",236,TRUE,0.110181702196199,0.129784976790894,-0.341657376113964,0.484995882207761,0.240082675825088
"fixed_design","ET","lower",237,TRUE,0.109859304682843,0.129600752583161,-0.341932547216873,0.484604514834138,0.239831982009028
"fixed_design","ET","lower",238,TRUE,0.109497443063954,0.128962631808528,-0.342474302475903,0.48418282559554,0.239562126922836
"fixed_design","ET","lower",239,TRUE,0.109096117339532,0.128619692755652,-0.343137161188607,0.483477685754229,0.239273193355515
"fixed_design","ET","lower",240,TRUE,0.108655327509578,0.128231320520315,-0.343243193434375,0.482948406634569,0.238965282445965
"fixed_design","ET","lower",241,TRUE,0.108175073574091,0.127685836926678,-0.343583248989492,0.482244783070151,0.23863851387467
"fixed_design","ET","lower",242,TRUE,0.10765535553307,0.127164220133987,-0.344457521871847,0.481529703965461,0.238293026078462
"fixed_design","ET","lower",243,TRUE,0.107096173386518,0.126858858085738,-0.344800540195417,0.481048973330704,0.237928976488579
"fixed_design","ET","lower",244,TRUE,0.106497527134432,0.126128935997424,-0.345220525717283,0.480096956810672,0.237546541792267
"fixed_design","ET","lower",245,TRUE,0.105859416776814,0.125415764785178,-0.345302199745778,0.479171995915157,0.237145918218153
"fixed_design","ET","lower",246,TRUE,0.105181842313663,0.124806643535451,-0.345738191954999,0.478192904163586,0.236727321845588
"fixed_design","ET","lower",247,TRUE,0.10446480374498,0.123752649656193,-0.345742288389054,0.477236716981472,0.236290988938188
"fixed_design","ET","lower",248,TRUE,0.103708301070764,0.12288485473278,-0.345481404919266,0.47646228122942,0.235837176301726
"fixed_design","ET","lower",249,TRUE,0.102912334291015,0.121627728895015,-0.346271341243183,0.475595044892887,0.235366161666551
"fixed_design","ET","lower",250,TRUE,0.102076903405733,0.120699828343106,-0.346165397107108,0.473964688575271,0.23487824409466
"fixed_design","ET","lower",251,TRUE,0.101202008414919,0.119680291717653,-0.345606327898015,0.473600249964781,0.23437374441149
"fixed_design","ET","lower",252,TRUE,0.100287649318571,0.118783647826924,-0.346181459731135,0.472394666336806,0.23385300566251
"fixed_design","ET","lower",253,TRUE,0.0993338261166915,0.117786544876716,-0.347063885268098,0.471098767166844,0.23331639359457
"fixed_design","ET","lower",254,TRUE,0.0983405388092789,0.116818554237594,-0.34688446896278,0.470041623964205,0.232764297161954
"fixed_design","ET","lower",255,TRUE,0.0973077873963334,0.115607723596353,-0.348061850185485,0.468943124628118,0.232197129056988
"fixed_design","ET","lower",256,TRUE,0.0962355718778555,0.11444356180601,-0.348529512816338,0.467776416038358,0.231615326264969
"fixed_design","ET","lower",257,TRUE,0.0951238922538445,0.113346184888202,-0.348884114869491,0.466376167727021,0.231019350643098
"fixed_design","ET","lower",258,TRUE,0.0939727485243011,0.112149988687467,-0.349513474429002,0.464986667857496,0.230409689522971
"fixed_design","ET","lower",259,TRUE,0.0927821406892249,0.110798112226018,-0.349653869016475,0.464202457310506,0.229786856336072
"fixed_design","ET","lower",260,TRUE,0.091552068748616,0.109573303182234,-0.350478259616087,0.46285924568898,0.229151391261556
"fixed_design","ET","lower",261,TRUE,0.0902825327024743,0.10819364101742,-0.351237319001961,0.461494027680124,0.228503861895466
"fixed_design","ET","lower",262,TRUE,0.0889735325507998,0.106866836396442,-0.351973392679536,0.459992250056266,0.227844863940333
"fixed_design","ET","lower",263,TRUE,0.0876250682935928,0.10546720026486,-0.352861927809505,0.458060569005468,0.227175021913919
"fixed_design","ET","lower",264,TRUE,0.0862371399308532,0.103911897837977,-0.354472060317469,0.456285099868029,0.226494989875626
"fixed_design","ET","lower",265,TRUE,0.0848097474625805,0.102314005479777,-0.355481939836432,0.454793554055924,0.225805452168872
"fixed_design","ET","lower",266,TRUE,0.0833428908887753,0.100814543653735,-0.356573573825732,0.453231768300781,0.225107124177447
"fixed_design","ET","lower",267,TRUE,0.081836570209437,0.0990745294951087,-0.357871103712511,0.451338453498699,0.22440075309355
"fixed_design","ET","lower",268,TRUE,0.0802907854245663,0.0973392991508553,-0.359257360316416,0.449321101203484,0.223687118694921
"fixed_design","ET","lower",269,TRUE,0.0787055365341626,0.0958320412248597,-0.360788754401014,0.447527683450875,0.222967034128087
"fixed_design","ET","lower",270,TRUE,0.0770808235382267,0.0942753176693728,-0.361198146671469,0.446089500856722,0.222241346694379
"fixed_design","ET","lower",271,TRUE,0.0754166464367579,0.0926168053115721,-0.362299026827192,0.444325036637017,0.221510938634949
"fixed_design","ET","lower",272,TRUE,0.073713005229756,0.0906216630457534,-0.363216860232373,0.442208814758688,0.220776727910566
"fixed_design","ET","lower",273,TRUE,0.0719698999172216,0.0890111864634307,-0.36533400729896,0.440220175054257,0.220039668971512
"fixed_design","ET","lower",274,TRUE,0.0701873304991545,0.0870637940446569,-0.366496480592026,0.438249452745282,0.219300753512341
"fixed_design","ET","lower",275,TRUE,0.0683652969755548,0.0849914752174007,-0.368178527477516,0.43683880762374,0.218561011205768
"fixed_design","ET","lower",276,TRUE,0.0665037993464222,0.083154130465329,-0.369805343568646,0.43476370445713,0.217821510409365
"fixed_design","ET","lower",277,TRUE,0.0646028376117568,0.0813233227121626,-0.371544319195102,0.433323930729701,0.217083358838131
"fixed_design","ET","lower",278,TRUE,0.0626624117715589,0.0791821694305061,-0.372665565073757,0.431446735385805,0.216347704195401
"fixed_design","ET","lower",279,TRUE,0.0606825218258283,0.0769861796084084,-0.374244386215173,0.429487380311389,0.215615734753911
"fixed_design","ET","lower",280,TRUE,0.0586631677745647,0.074754524281356,-0.375318214357615,0.426822005318801,0.214888679878182
"fixed_design","ET","lower",281,TRUE,0.0566043496177686,0.0726109695095129,-0.377167868733751,0.424654492300077,0.21416781047872
"fixed_design","ET","lower",282,TRUE,0.0545060673554397,0.0705594703541467,-0.378620306656636,0.422906212571983,0.213454439387889
"fixed_design","ET","lower",283,TRUE,0.0523683209875779,0.0682318548837013,-0.379929983897898,0.420572605940608,0.212749921646647
"fixed_design","ET","lower",284,TRUE,0.0501911105141838,0.0659249016598088,-0.382229673421851,0.418052014073719,0.212055654690724
"fixed_design","ET","lower",285,TRUE,0.0479744359352568,0.0636057857253415,-0.384119951121985,0.415712145505371,0.211373078424234
"fixed_design","ET","lower",286,TRUE,0.045718297250797,0.0614940133234462,-0.385780984044269,0.413516979233649,0.210703675168167
"fixed_design","ET","lower",287,TRUE,0.0434226944608042,0.0590004979732113,-0.387087970316851,0.410825513385042,0.21004896947077
"fixed_design","ET","lower",288,TRUE,0.0410876275652792,0.0565483079241142,-0.388397341562613,0.40861146947737,0.209410527766409
"fixed_design","ET","lower",289,TRUE,0.0387130965642216,0.0538981055224341,-0.389839189294552,0.405922820557216,0.20878995786928
"fixed_design","ET","lower",290,TRUE,0.0362991014576304,0.0512742091979289,-0.392157392504491,0.403723770253012,0.208188908288167
"fixed_design","ET","lower",291,TRUE,0.0338456422455071,0.0487449580070982,-0.393871985685842,0.401310945625247,0.20760906734848
"fixed_design","ET","lower",292,TRUE,0.0313527189278509,0.0462039834452351,-0.395936220732755,0.398067164199453,0.207052162108008
"fixed_design","ET","lower",293,TRUE,0.0288203315046621,0.0433720079301269,-0.397634841965362,0.395249769023455,0.206519957053218
"fixed_design","ET","lower",294,TRUE,0.0262484799759406,0.040733916930168,-0.399718565723285,0.393015906863222,0.206014252563564
"fixed_design","ET","lower",295,TRUE,0.0236371643416862,0.0379043865037222,-0.40204943693811,0.389739597238568,0.205536883132177
"fixed_design","ET","lower",296,TRUE,0.0209863846018994,0.0351978832852862,-0.404582601621744,0.386906953502592,0.205089715332441
"fixed_design","ET","lower",297,TRUE,0.0182961407565795,0.0323474618353615,-0.406473444339309,0.383810661074833,0.204674645521452
"fixed_design","ET","lower",298,TRUE,0.015566432805727,0.0291839001291532,-0.408121339301779,0.381311194058729,0.204293597273115
"fixed_design","ET","lower",299,TRUE,0.0127972607493419,0.0262154750082737,-0.41065317033486,0.378487006742837,0.203948518535722
"fixed_design","ET","lower",300,TRUE,0.00998862458742396,0.0231218472079503,-0.413350727715335,0.375614201766114,0.203641378511309
"fixed_design","ET","lower",301,TRUE,0.00714052431997306,0.020300518837043,-0.41596266693004,0.372815331568455,0.203374164256796
"fixed_design","ET","lower",302,TRUE,0.00425295994698991,0.0171874506537289,-0.418134645700804,0.370045721581542,0.203148877010018
"fixed_design","ET","lower",303,TRUE,0.00132593146847398,0.0138408398515403,-0.420035096943638,0.367253533629598,0.202967528247073
"fixed_design","ET","lower",304,TRUE,-0.00164056111557492,0.0105507281857607,-0.421858856199013,0.363867753853195,0.20283213548106
"fixed_design","ET","lower",305,TRUE,-0.00464651780515655,0.00736901041323568,-0.423591453733493,0.360983933593606,0.20274471781607
"fixed_design","ET","lower",306,TRUE,-0.00769193860027087,0.0039680211699138,-0.42565440076332,0.357997483859405,0.202707291274334
"fixed_design","ET","lower",307,TRUE,-0.0107768235009178,0.000746978141132468,-0.428110117782036,0.354870542459531,0.202721863918472
"fixed_design","ET","lower",308,TRUE,-0.0139011725070976,-0.00252459954405248,-0.430672530182893,0.351961438774292,0.202790430794922
"fixed_design","ET","lower",309,TRUE,-0.0170649856188099,-0.0059792105726329,-0.4330573945479,0.348326370119523,0.202914968728651
"fixed_design","ET","lower",310,TRUE,-0.0202682628360553,-0.00954845145279446,-0.435815592716027,0.345223821860464,0.203097431003132
"fixed_design","ET","lower",311,TRUE,-0.0235110041588331,-0.0130184342270419,-0.438488212151838,0.342335099887056,0.203339741963165
"fixed_design","ET","lower",312,TRUE,-0.0267932095871438,-0.0163192232501749,-0.441230906118048,0.339227628185766,0.203643791581366
"fixed_design","ET","lower",313,TRUE,-0.030114879120987,-0.0198649937302489,-0.444277458102797,0.33638121175168,0.204011430031929
"fixed_design","ET","lower",314,TRUE,-0.033476012760363,-0.0235714947145257,-0.446823999326341,0.333069735382961,0.204444462317449
"fixed_design","ET","lower",315,TRUE,-0.0368766105052721,-0.0271163711438384,-0.449644125905017,0.329413380159263,0.204944642996132
"fixed_design","ET","lower",316,TRUE,-0.0403166723557133,-0.0304684532500123,-0.453182789525493,0.326159837266034,0.20551367105756
"fixed_design","ET","lower",317,TRUE,-0.0437961983116874,-0.0340493245409741,-0.456147267208412,0.322130557689046,0.206153184995116
"fixed_design","ET","lower",318,TRUE,-0.0473151883731946,-0.0376822720473263,-0.459420957831838,0.318922032590254,0.206864758122412
"fixed_design","ET","lower",319,TRUE,-0.0508736425402339,-0.041373925448373,-0.462590526589114,0.315203535286674,0.207649894179303
"fixed_design","ET","lower",320,TRUE,-0.0544715608128068,-0.0451977863894679,-0.465867092414778,0.311869922157912,0.208510023270532
"fixed_design","ET","lower",321,TRUE,-0.0581089431909118,-0.0489679935618187,-0.468759142941028,0.308366049908443,0.209446498176689
"fixed_design","ET","lower",322,TRUE,-0.0617857896745496,-0.0528515606698023,-0.471823895192703,0.305324533799376,0.210460591072953
"fixed_design","ET","lower",323,TRUE,-0.0655021002637202,-0.0566097627047678,-0.474903582129312,0.301866650139923,0.211553490686278
"fixed_design","ET","lower",324,TRUE,-0.0692578749584235,-0.0601528232187919,-0.478109608418193,0.298632481385745,0.212726299916217
"fixed_design","ET","lower",325,TRUE,-0.0730531137586597,-0.0639012816921021,-0.481202457359994,0.295227856121702,0.213980033938647
"fixed_design","ET","lower",326,TRUE,-0.0768878166644281,-0.067674285237776,-0.485274063869232,0.29148990568928,0.215315618805432
"fixed_design","ET","lower",327,TRUE,-0.0807619836757295,-0.0716918623603786,-0.488258670762211,0.287603461074902,0.216733890546586
"fixed_design","ET","lower",328,TRUE,-0.084675614792564,-0.0760403152822454,-0.491656801008269,0.284005693554213,0.218235594775026
"fixed_design","ET","lower",329,TRUE,-0.0886287100149311,-0.0800059917254402,-0.494971698272572,0.280511871940662,0.219821386787623
"fixed_design","ET","lower",330,TRUE,-0.0926212693428305,-0.0839175320285274,-0.497909710944773,0.277242549707096,0.221491832150137
"fixed_design","ET","lower",331,TRUE,-0.0966532927762631,-0.087909522175445,-0.501794384501765,0.273584673217473,0.223247407747878
"fixed_design","ET","lower",332,TRUE,-0.100724780315228,-0.092064411082832,-0.50595151290446,0.269881169813325,0.225088503278693
"fixed_design","ET","lower",333,TRUE,-0.104835731959726,-0.0962214164639307,-0.509563752469091,0.265822988153487,0.22701542316024
"fixed_design","ET","lower",334,TRUE,-0.108986147709756,-0.10037921224474,-0.51433938303011,0.262229222624302,0.229028388819545
"fixed_design","ET","lower",335,TRUE,-0.11317602756532,-0.104646587709057,-0.51855952576047,0.257670166269477,0.231127541329599
"fixed_design","ET","lower",336,TRUE,-0.117405371526416,-0.108966464152523,-0.523220156549886,0.254044714077878,0.233312944355268
"fixed_design","ET","lower",337,TRUE,-0.121674179593044,-0.11301232779326,-0.526885497662912,0.250179491060097,0.235584587369085
"fixed_design","ET","lower",338,TRUE,-0.125982451765206,-0.117095205680216,-0.530442785785753,0.246017789596508,0.237942389096526
"fixed_design","ET","lower",339,TRUE,-0.1303301880429,-0.121230219419375,-0.534658564393266,0.242240388751364,0.240386201150113
"fixed_design","ET","lower",340,TRUE,-0.134717388426126,-0.125922265448267,-0.53826453322644,0.237851853938421,0.242915811812142
"fixed_design","ET","lower",341,TRUE,-0.139144052914887,-0.130157646978164,-0.543095680412204,0.234117130818635,0.245530949926841
"fixed_design","ET","lower",342,TRUE,-0.143610181509179,-0.134665923774454,-0.547153961334088,0.229906180671919,0.248231288864307
"fixed_design","ET","lower",343,TRUE,-0.148115774209004,-0.138968228541611,-0.552094778215687,0.226003479484786,0.251016450520637
"fixed_design","ET","lower",344,TRUE,-0.152660831014362,-0.143728382721176,-0.55734940924023,0.22174158793292,0.253886009320987
"fixed_design","ET","lower",345,TRUE,-0.157245351925252,-0.148106277496857,-0.561380692047566,0.217656337539097,0.256839496195008
"fixed_design","ET","lower",346,TRUE,-0.161869336941676,-0.15284823130721,-0.567153475528444,0.213144933971204,0.259876402496959
"fixed_design","ET","lower",347,TRUE,-0.166532786063631,-0.157670725542967,-0.572219663733792,0.209783174175119,0.262996183845797
"fixed_design","ET","lower",348,TRUE,-0.17123569929112,-0.162480243566376,-0.576875006340834,0.205711288877551,0.266198263863609
"fixed_design","ET","lower",349,TRUE,-0.175978076624142,-0.167270787776122,-0.582259774228635,0.201805482284548,0.269482037793801
"fixed_design","ET","lower",350,TRUE,-0.180759918062696,-0.172066956519584,-0.587047063783187,0.197568469069309,0.272846875983438
"fixed_design","ET","lower",351,TRUE,-0.185581223606783,-0.177040335584245,-0.592430309784449,0.193162650315366,0.276292127217027
"fixed_design","ET","lower",352,TRUE,-0.190441993256402,-0.181667176009027,-0.597814388173054,0.188427076201364,0.279817121891747
"fixed_design","ET","lower",353,TRUE,-0.195342227011554,-0.18646053739733,-0.603141281957007,0.184542135224647,0.283421175026719
"fixed_design","ET","lower",354,TRUE,-0.20028192487224,-0.191293194109064,-0.608884929819252,0.180415958959947,0.287103589101235
"fixed_design","ET","lower",355,TRUE,-0.205261086838457,-0.196173138133953,-0.613771067982207,0.176052617018253,0.290863656719045
"fixed_design","ET","lower",356,TRUE,-0.210279712910208,-0.201007047552128,-0.61826212540325,0.171633403012527,0.29470066309771
"fixed_design","ET","lower",357,TRUE,-0.215337803087491,-0.20600482172466,-0.623173881804786,0.167199634571111,0.298613888383752
"fixed_design","ET","lower",358,TRUE,-0.220435357370307,-0.211013808497798,-0.630109535460771,0.162547544702612,0.302602609795813
"fixed_design","ET","lower",359,TRUE,-0.225572375758656,-0.215806968143269,-0.636981167671157,0.157856642566358,0.306666103599312
"fixed_design","ET","lower",360,TRUE,-0.230748858252537,-0.221074043903131,-0.643573100360439,0.153187841951327,0.31080364691717
"fixed_design","ET","lower",361,TRUE,-0.235964804851951,-0.22608201015133,-0.650176747866223,0.148787616775995,0.315014519382055
"fixed_design","ET","lower",362,TRUE,-0.241220215556898,-0.231550709735575,-0.656557931509895,0.143683473047945,0.319298004636299
"fixed_design","ET","lower",363,TRUE,-0.246515090367377,-0.236705974634376,-0.662948450559783,0.139417275726923,0.323653391686211
"fixed_design","ET","lower",364,TRUE,-0.25184942928339,-0.242058586590398,-0.669224473496615,0.134652579221334,0.32807997611788
"fixed_design","ET","lower",365,TRUE,-0.257223232304934,-0.247527140824883,-0.676600641373253,0.130594813429552,0.33257706118186
"fixed_design","ET","lower",366,TRUE,-0.262636499432013,-0.252938805163021,-0.683899270410457,0.125126556875412,0.337143958754271
"fixed_design","ET","lower",367,TRUE,-0.268089230664623,-0.257996798910815,-0.691552906822052,0.120718367711693,0.341779990181916
"fixed_design","ET","lower",368,TRUE,-0.273581426002766,-0.263108373965261,-0.698974325522701,0.115952214345976,0.346484487018985
"fixed_design","ET","lower",369,TRUE,-0.279113085446442,-0.268264218788084,-0.706116950207187,0.111027267402805,0.351256791662812
"fixed_design","ET","lower",370,TRUE,-0.284684208995651,-0.273802788131786,-0.71348347445379,0.10613193857229,0.356096257895987
"fixed_design","ET","lower",371,TRUE,-0.290294796650392,-0.279170198986965,-0.721038003787688,0.101813426375037,0.361002251341941
"fixed_design","ET","lower",372,TRUE,-0.295944848410666,-0.284377051073258,-0.728139363426219,0.0972619432211976,0.365974149840835
"fixed_design","ET","lower",373,TRUE,-0.301634364276473,-0.289610788312522,-0.735744717264096,0.0925151911567741,0.37101134375233
"fixed_design","ET","lower",374,TRUE,-0.307363344247812,-0.295351559289082,-0.744110169833759,0.0879965479689317,0.376113236191518
"fixed_design","ET","lower",375,TRUE,-0.313131788324684,-0.301102418564121,-0.752855470146696,0.0831369303129518,0.381279243203952
"fixed_design","ET","lower",376,TRUE,-0.31893969650709,-0.306711535494555,-0.76099995039242,0.0778382241569779,0.386508793885426
"fixed_design","ET","lower",377,TRUE,-0.324787068795027,-0.312024764477778,-0.770131593889901,0.0733120402848345,0.391801330451781
"fixed_design","ET","lower",378,TRUE,-0.330673905188497,-0.317796081282436,-0.777805044662196,0.0675217257441672,0.397156308263727
"fixed_design","ET","lower",379,TRUE,-0.336600205687501,-0.323523901157236,-0.786023412709345,0.0627154615692055,0.402573195811322
"fixed_design","ET","lower",380,TRUE,-0.342565970292037,-0.329306824592582,-0.794551203372428,0.0578183513782865,0.408051474662422
"fixed_design","ET","lower",381,TRUE,-0.348571199002105,-0.33501004386809,-0.802863195371134,0.0526999234493447,0.413590639379133
"fixed_design","ET","lower",382,TRUE,-0.354615891817706,-0.340768586241413,-0.811513566310725,0.0470769958981214,0.41919019740598
"fixed_design","ET","lower",383,TRUE,-0.36070004873884,-0.34663124795204,-0.82027820141697,0.0424577951389771,0.424849668933209
"fixed_design","ET","lower",384,TRUE,-0.366823669765508,-0.352452506661747,-0.82910685446469,0.0377953040413104,0.430568586738398
"fixed_design","ET","lower",385,TRUE,-0.372986754897707,-0.358463249685849,-0.837718990622286,0.0330264106460756,0.436346496009251
"fixed_design","ET","lower",386,TRUE,-0.379189304135439,-0.364366290689398,-0.847377079168566,0.0279263543010273,0.442182954150244
"fixed_design","ET","lower",387,TRUE,-0.385431317478704,-0.370382670517084,-0.857356081207566,0.0228961032831949,0.448077530575525
"fixed_design","ET","lower",388,TRUE,-0.391712794927501,-0.376337869459142,-0.867924847092356,0.0175180574681427,0.454029806490279
"fixed_design","ET","lower",389,TRUE,-0.398033736481832,-0.382629854728679,-0.878304092210132,0.0120883307750643,0.460039374662548
"fixed_design","ET","lower",390,TRUE,-0.404394142141695,-0.388830116932512,-0.887823040422001,0.00714367964774337,0.466105839187311
"fixed_design","ET","lower",391,TRUE,-0.410794011907091,-0.394803568974508,-0.900125882840773,0.00183328332132646,0.472228815244472
"fixed_design","ET","lower",392,TRUE,-0.417233345778019,-0.400862608076772,-0.910400259954478,-0.00342103791740049,0.4784079288522
"fixed_design","ET","lower",393,TRUE,-0.423712143754481,-0.407107380205531,-0.920416586878501,-0.00916683566320681,0.484642816616955
"fixed_design","ET","lower",394,TRUE,-0.430230405836475,-0.413365984416334,-0.930816880941741,-0.0137389663634725,0.490933125481373
"fixed_design","ET","lower",395,TRUE,-0.436788132024001,-0.419656041166583,-0.940345264525653,-0.0191472400220018,0.497278512471058
"fixed_design","ET","lower",396,TRUE,-0.443385322317061,-0.426062716293938,-0.951110334289379,-0.0248954037108924,0.503678644441217
"fixed_design","ET","lower",397,TRUE,-0.450021976715653,-0.432280822641983,-0.962413205458097,-0.0302654269845254,0.510133197823951
"fixed_design","ET","lower",398,TRUE,-0.456698095219778,-0.438554881966751,-0.974659064864531,-0.0359643260379317,0.51664185837695
"fixed_design","ET","lower",399,TRUE,-0.463413677829435,-0.445067247062993,-0.985984809372523,-0.0407142498886854,0.523204320934211
"fixed_design","ET","lower",400,TRUE,-0.470168724544626,-0.451195355495629,-0.996503933362365,-0.0465559514270463,0.529820289159329
"fixed_design","ET","lower",401,TRUE,-0.476963235365349,-0.457508688068595,-1.00688040322349,-0.05106200357908,0.536489475301858
"fixed_design","ET","lower",402,TRUE,-0.483797210291605,-0.463782946988452,-1.01786546683022,-0.0560529994152026,0.543211599957148
"fixed_design","ET","lower",403,TRUE,-0.490670649323393,-0.470283059923435,-1.02889788856414,-0.0622873581176784,0.549986391830004
"fixed_design","ET","lower",404,TRUE,-0.497583552460715,-0.476578872138289,-1.04065149043719,-0.067567499461133,0.556813587502467
"fixed_design","ET","lower",405,TRUE,-0.504535919703568,-0.482897998863381,-1.05213563375979,-0.0722676910118736,0.563692931205971
"fixed_design","ET","lower",406,TRUE,-0.511527751051955,-0.489300190741582,-1.06402589002852,-0.0784028813269141,0.570624174598072
"fixed_design","ET","lower",407,TRUE,-0.518559046505875,-0.495822284245707,-1.07614716440539,-0.0831424324756814,0.577607076543911
"fixed_design","ET","lower",408,TRUE,-0.525629806065327,-0.502170060516711,-1.08804052163782,-0.0880996337290667,0.58464140290254
"fixed_design","ET","lower",409,TRUE,-0.532740029730312,-0.50846447148023,-1.10025119473386,-0.0937841290512099,0.591726926318213
"fixed_design","ET","lower",410,TRUE,-0.539889717500829,-0.515060390070446,-1.11192507398105,-0.0997981287567501,0.598863426016698
"fixed_design","ET","lower",411,TRUE,-0.547078869376879,-0.52163681829817,-1.12392032778623,-0.105107669413999,0.606050687606651
"fixed_design","ET","lower",412,TRUE,-0.554307485358462,-0.528105247120069,-1.13636076266248,-0.110181418983025,0.613288502886094
"fixed_design","ET","lower",413,TRUE,-0.561575565445578,-0.534633753765484,-1.14854592778185,-0.114975978409532,0.620576669653956
"fixed_design","ET","lower",414,TRUE,-0.568883109638227,-0.541521938532659,-1.16043150698196,-0.120747671229337,0.627914991526704
"fixed_design","ET","lower",415,TRUE,-0.576230117936408,-0.548046407076789,-1.173356258369,-0.126568704903009,0.635303277759994
"fixed_design","ET","lower",416,TRUE,-0.583616590340121,-0.554791295369499,-1.18675936403345,-0.132067261098967,0.642741343075328
"fixed_design","ET","lower",417,TRUE,-0.591042526849369,-0.56161544308667,-1.20032666446526,-0.137619877278955,0.650229007491633
"fixed_design","ET","lower",418,TRUE,-0.598507927464148,-0.568476906670711,-1.21215735483185,-0.143434885182263,0.657766096161712
"fixed_design","ET","lower",419,TRUE,-0.60601279218446,-0.575130087272208,-1.22553697302097,-0.148915778926605,0.665352439213487
"fixed_design","ET","lower",420,TRUE,-0.613557121010305,-0.581730193651065,-1.23857106344964,-0.154261040434151,0.672987871595952
"fixed_design","ET","lower",421,TRUE,-0.621140913941682,-0.588733099789245,-1.25217771634767,-0.159866075284873,0.680672232929752
"fixed_design","ET","lower",422,TRUE,-0.628764170978592,-0.595755904257078,-1.26484329449077,-0.165602907262928,0.688405367362282
"fixed_design","ET","lower",423,TRUE,-0.636426892121036,-0.602659400272331,-1.27832477848619,-0.170813497472981,0.696187123427233
"fixed_design","ET","lower",424,TRUE,-0.644129077369011,-0.609634100553715,-1.29136629555037,-0.176823246977825,0.704017353908463
"fixed_design","ET","lower",425,TRUE,-0.65187072672252,-0.616969023373866,-1.30513311223202,-0.182364552048149,0.711895915708098
"fixed_design","ET","lower",426,TRUE,-0.659651840181561,-0.623664477346862,-1.31829571639523,-0.187387026640941,0.719822669718775
"fixed_design","ET","lower",427,TRUE,-0.667472417746135,-0.630759877799147,-1.33112468011062,-0.192416397078261,0.727797480699894
"fixed_design","ET","lower",428,TRUE,-0.675332459416242,-0.637390898842861,-1.344855924474,-0.197388748895206,0.735820217157796
"fixed_design","ET","lower",429,TRUE,-0.683231965191881,-0.644403455203669,-1.35797163727602,-0.20274847375009,0.743890751229757
"fixed_design","ET","lower",430,TRUE,-0.691170935073053,-0.651564088440806,-1.37109342494007,-0.208184507042878,0.752008958571686
"fixed_design","ET","lower",431,TRUE,-0.699149369059758,-0.658944908546763,-1.38459571261781,-0.212460968803901,0.76017471824943
"fixed_design","ET","lower",432,TRUE,-0.707167267151996,-0.666238295184343,-1.39907414652511,-0.218748430409965,0.768387912633575
"fixed_design","ET","lower",433,TRUE,-0.715224629349765,-0.673457234072645,-1.4143860611491,-0.224617247355863,0.776648427297654
"fixed_design","ET","lower",434,TRUE,-0.723321455653069,-0.680944699530574,-1.42895965282218,-0.229414687357104,0.78495615091965
"fixed_design","ET","lower",435,TRUE,-0.731457746061904,-0.688409632581495,-1.4437049760367,-0.235190924485742,0.793310975186683
"fixed_design","ET","lower",436,TRUE,-0.739633500576272,-0.695599186675245,-1.4574752416594,-0.24081763821717,0.80171279470282
"fixed_design","ET","lower",437,TRUE,-0.747848719196174,-0.703578195118112,-1.47254862850558,-0.24587188414809,0.810161506899871
"fixed_design","ET","lower",438,TRUE,-0.756103401921608,-0.711548293923449,-1.48794611358483,-0.250328715771156,0.818657011951102
"fixed_design","ET","lower",439,TRUE,-0.764397548752574,-0.718841814728005,-1.50305508590618,-0.255686277293692,0.827199212687769
"fixed_design","ET","lower",440,TRUE,-0.772731159689073,-0.726129635314566,-1.51760483585468,-0.260922980782136,0.835788014518371
"fixed_design","ET","lower",441,TRUE,-0.781104234731105,-0.733785673112224,-1.53199426305653,-0.266321175486954,0.844423325350555
"fixed_design","ET","lower",442,TRUE,-0.789516773878671,-0.741501556672914,-1.54686360218043,-0.271128443541208,0.853105055515565
"fixed_design","ET","lower",443,TRUE,-0.797968777131768,-0.749414836286711,-1.56156672416893,-0.275951908730722,0.861833117695172
"fixed_design","ET","lower",444,TRUE,-0.806460244490398,-0.756836267490654,-1.57593089340845,-0.281671626338613,0.870607426850989
"fixed_design","ET","lower",445,TRUE,-0.814991175954561,-0.764757658340289,-1.58996341428805,-0.28606640677804,0.879427900156097
"fixed_design","ET","lower",446,TRUE,-0.823561571524256,-0.772499220318045,-1.60513623934843,-0.290843487940178,0.88829445692891
"fixed_design","ET","lower",447,TRUE,-0.832171431199485,-0.780373579038825,-1.62043495606176,-0.296399146036738,0.897207018569201
"fixed_design","ET","lower",448,TRUE,-0.840820754980246,-0.788417533206535,-1.63586480958326,-0.301972038383512,0.906165508496209
"fixed_design","ET","lower",449,TRUE,-0.84950954286654,-0.796475965347315,-1.65139494456513,-0.307310391490917,0.915169852088772
"fixed_design","ET","lower",450,TRUE,-0.858237794858366,-0.804148529467106,-1.66815789352312,-0.31223587111809,0.92421997662741
"fixed_design","ET","lower",451,TRUE,-0.867005510955726,-0.811931136271542,-1.68361469682182,-0.318240060059734,0.933315811238286
"fixed_design","ET","lower",452,TRUE,-0.875812691158618,-0.819638087540314,-1.69947312113689,-0.324007245931107,0.942457286838995
"fixed_design","ET","lower",453,TRUE,-0.884659335467042,-0.827606199084428,-1.71532866766486,-0.329428294694133,0.951644336086108
"fixed_design","ET","lower",454,TRUE,-0.893545443881,-0.835558692663255,-1.73189876613434,-0.333976947422541,0.960876893324416
"fixed_design","ET","lower",455,TRUE,-0.90247101640049,-0.843757539555616,-1.74764278692632,-0.33897204259041,0.970154894537818
"fixed_design","ET","lower",456,TRUE,-0.911436053025513,-0.85158582282019,-1.76365549410604,-0.343761141169936,0.979478277301788
"fixed_design","ET","lower",457,TRUE,-0.920440553756068,-0.859320857576882,-1.77974912151174,-0.3480457130022,0.988846980737383
"fixed_design","ET","lower",458,TRUE,-0.929484518592157,-0.867446471046144,-1.79625162145431,-0.353509557774296,0.998260945466723
"fixed_design","ET","lower",459,TRUE,-0.938567947533778,-0.875492942076119,-1.81208857004227,-0.357968650775931,1.0077201135699
"fixed_design","ET","lower",460,TRUE,-0.947690840580932,-0.883644000820692,-1.82813633218822,-0.363083151646409,1.01722442854327
"fixed_design","ET","lower",461,TRUE,-0.956853197733618,-0.891734163135179,-1.84549166473536,-0.36801056355241,1.02677383525908
"fixed_design","ET","lower",462,TRUE,-0.966055018991838,-0.90024416356524,-1.86163630671279,-0.37369820493731,1.03636827992637
"fixed_design","ET","lower",463,TRUE,-0.97529630435559,-0.908635432279484,-1.87859301873202,-0.378796278919435,1.04600771005314
"fixed_design","ET","lower",464,TRUE,-0.984577053824874,-0.917224365682332,-1.89439494576474,-0.384937592074589,1.05569207440969
"fixed_design","ET","lower",465,TRUE,-0.993897267399692,-0.925793252932745,-1.91177989482961,-0.390213502712662,1.06542132299316
"fixed_design","ET","lower",466,TRUE,-1.00325694508004,-0.934522167356179,-1.92912957792035,-0.39342593837191,1.07519540699313
"fixed_design","ET","lower",467,TRUE,-1.01265608686592,-0.943407900651745,-1.94661041103141,-0.398631863757961,1.08501427875836
"fixed_design","ET","lower",468,TRUE,-1.02209469275734,-0.952268435706393,-1.9634319106188,-0.403817844739852,1.09487789176456
"fixed_design","ET","lower",469,TRUE,-1.03157276275429,-0.960787469358668,-1.98035999559724,-0.409634549780609,1.10478620058313
"fixed_design","ET","lower",470,TRUE,-1.04109029685677,-0.969603571654046,-1.99693396222721,-0.414576921817839,1.11473916085095
"fixed_design","ET","lower",471,TRUE,-1.05064729506478,-0.978404357618965,-2.01431508103212,-0.419177328508991,1.12473672924103
"fixed_design","ET","lower",472,TRUE,-1.06024375737833,-0.987148044373864,-2.03172809310953,-0.424684790027576,1.13477886343416
"fixed_design","ET","lower",473,TRUE,-1.06987968379741,-0.99603037798665,-2.04917504133752,-0.429657376824275,1.14486552209132
"fixed_design","ET","lower",474,TRUE,-1.07955507432202,-1.00494336400608,-2.06774121629164,-0.435036488514716,1.15499666482709
"fixed_design","ET","lower",475,TRUE,-1.08926992895217,-1.01384437857342,-2.08532868322818,-0.440507761986126,1.16517225218373
"fixed_design","ET","lower",476,TRUE,-1.09902424768784,-1.02253157495585,-2.10394731708004,-0.445589411804882,1.17539224560619
"fixed_design","ET","lower",477,TRUE,-1.10881803052905,-1.03165611791999,-2.12263404544041,-0.451504742264495,1.18565660741776
"fixed_design","ET","lower",478,TRUE,-1.1186512774758,-1.04057457261937,-2.1414843015892,-0.455835171650161,1.19596530079656
"fixed_design","ET","lower",479,TRUE,-1.12852398852807,-1.04989654361041,-2.16004914929817,-0.459915933924895,1.20631828975273
"fixed_design","ET","lower",480,TRUE,-1.13843616368588,-1.0586710571616,-2.17653593271496,-0.464088820294923,1.21671553910624
"fixed_design","ET","lower",481,TRUE,-1.14838780294922,-1.06737934565665,-2.19553593710934,-0.469837800297399,1.22715701446545
"fixed_design","ET","lower",482,TRUE,-1.15837890631809,-1.07634540937937,-2.21324658817355,-0.474822247448145,1.23764268220628
"fixed_design","ET","lower",483,TRUE,-1.1684094737925,-1.08538846211966,-2.23187360679018,-0.480167231302783,1.24817250945205
"fixed_design","ET","lower",484,TRUE,-1.17847950537244,-1.09475483046445,-2.24955163081496,-0.485868168951432,1.25874646405382
"fixed_design","ET","lower",485,TRUE,-1.18858900105791,-1.10358518133021,-2.26704182597968,-0.491133423256896,1.26936451457146
"fixed_design","ET","lower",486,TRUE,-1.19873796084892,-1.11234589243077,-2.28546698589504,-0.495416294276782,1.28002663025516
"fixed_design","ET","lower",487,TRUE,-1.20892638474545,-1.1216403097708,-2.30434089009771,-0.499934901275628,1.29073278102754
"fixed_design","ET","lower",488,TRUE,-1.21915427274752,-1.13094817178366,-2.32068973629956,-0.505001841097054,1.3014829374663
"fixed_design","ET","lower",489,TRUE,-1.22942162485513,-1.14016308447153,-2.33878026141848,-0.510382563815112,1.31227707078739
"fixed_design","ET","lower",490,TRUE,-1.23972844106826,-1.14926383163816,-2.35708186320192,-0.514623277299447,1.3231151528286
"fixed_design","ET","lower",491,TRUE,-1.25007472138693,-1.15843918351451,-2.37550836034685,-0.520058100535664,1.33399715603371
"fixed_design","ET","lower",492,TRUE,-1.26046046581113,-1.16767734241373,-2.39409690513331,-0.524703434184079,1.34492305343709
"fixed_design","ET","lower",493,TRUE,-1.27088567434087,-1.17771585684034,-2.41233646517993,-0.528973456195684,1.35589281864871
"fixed_design","ET","lower",494,TRUE,-1.28135034697613,-1.1868017085935,-2.43225564667647,-0.534511751646129,1.36690642583961
"fixed_design","ET","lower",495,TRUE,-1.29185448371693,-1.19657508399505,-2.45142032450394,-0.540312046627653,1.3779638497278
"fixed_design","ET","lower",496,TRUE,-1.30239808456326,-1.20657272465197,-2.46991861019525,-0.546269397968803,1.38906506556454
"fixed_design","ET","lower",497,TRUE,-1.31298114951513,-1.21631200948891,-2.48931621083108,-0.551439860898683,1.40021004912103
"fixed_design","ET","lower",498,TRUE,-1.32360367857252,-1.22586792617274,-2.50923250451801,-0.55572923063933,1.4113987766755
"fixed_design","ET","lower",499,TRUE,-1.33426567173545,-1.23588378716603,-2.52802843171169,-0.560540395262907,1.4226312250006
"fixed_design","ET","lower",500,TRUE,-1.34496712900392,-1.24609185136664,-2.54807624113244,-0.565223099274558,1.43390737135123
"fixed_design","ET","lower",501,TRUE,-1.35570805037791,-1.25606687723757,-2.56784940635899,-0.569576627489172,1.44522719345267
"fixed_design","ET","lower",502,TRUE,-1.36648843585744,-1.26583840932624,-2.58754094117948,-0.57400927175524,1.45659066948906
"fixed_design","ET","lower",503,TRUE,-1.3773082854425,-1.2755285304555,-2.60674796740323,-0.578723049994171,1.46799777809218
"fixed_design","ET","lower",504,TRUE,-1.3881675991331,-1.28573146229707,-2.62621448744602,-0.584226083356171,1.47944849833058
"fixed_design","ET","lower",505,TRUE,-1.39906637692922,-1.29652370584575,-2.64668294376606,-0.58942776967664,1.49094280969898
"fixed_design","ET","lower",506,TRUE,-1.41000461883088,-1.30671060793845,-2.66748552164448,-0.59447158902971,1.50248069210799
"fixed_design","ET","lower",507,TRUE,-1.42098232483807,-1.31726034234063,-2.68859545553133,-0.59931213802628,1.51406212587412
"fixed_design","ET","lower",508,TRUE,-1.4319994949508,-1.3277166914681,-2.70859086449113,-0.603884181354987,1.52568709171002
"fixed_design","ET","lower",509,TRUE,-1.44305612916906,-1.3381458955183,-2.72934542870085,-0.609108302945363,1.53735557071503
"fixed_design","ET","lower",510,TRUE,-1.45415222749285,-1.3485728723401,-2.74950473402105,-0.614558208859862,1.54906754436603
"fixed_design","ET","lower",511,TRUE,-1.46528778992217,-1.35865267545823,-2.76916370450674,-0.618602396797535,1.56082299450841
"fixed_design","ET","lower",512,TRUE,-1.47646281645702,-1.36879482671881,-2.78873782242702,-0.623477377986821,1.57262190334741
"fixed_design","ET","lower",513,TRUE,-1.48767730709741,-1.37962669601501,-2.80825697861624,-0.62824579719219,1.58446425343969
"fixed_design","ET","lower",514,TRUE,-1.49893126184333,-1.39049695692958,-2.8291779704574,-0.633776611077378,1.596350027685
"fixed_design","ET","lower",515,TRUE,-1.51022468069479,-1.4013372979871,-2.85031123942381,-0.639010160497409,1.60827920931825
"fixed_design","ET","lower",516,TRUE,-1.52155756365177,-1.41202279515133,-2.87046778569736,-0.643879095879651,1.62025178190167
"fixed_design","ET","lower",517,TRUE,-1.53292991071429,-1.42289065859428,-2.89218587626615,-0.649295462501104,1.63226772931723
"fixed_design","ET","lower",518,TRUE,-1.54434172188234,-1.43314181649009,-2.91279295069957,-0.65405742609972,1.64432703575924
"fixed_design","ET","lower",519,TRUE,-1.55579299715593,-1.44363153226382,-2.93300289998763,-0.659459645331725,1.65642968572717
"fixed_design","ET","lower",520,TRUE,-1.56728373653505,-1.4544001725849,-2.95409267697959,-0.664314032305552,1.66857566401865
"fixed_design","ET","lower",521,TRUE,-1.5788139400197,-1.46493564159838,-2.97524622043265,-0.669344916810577,1.68076495572266
"fixed_design","ET","lower",522,TRUE,-1.59038360760988,-1.47640243211692,-2.99591005703104,-0.674296626161976,1.69299754621289
"fixed_design","ET","lower",523,TRUE,-1.60199273930559,-1.48713326867257,-3.01670904427428,-0.679171370981079,1.70527342114125
"fixed_design","ET","lower",524,TRUE,-1.61364133510684,-1.49808696779829,-3.03965996770511,-0.685013348058282,1.71759256643163
"fixed_design","ET","lower",525,TRUE,-1.62532939501362,-1.50935496939537,-3.06107829767212,-0.690651049806419,1.72995496827374
"fixed_design","ET","lower",526,TRUE,-1.63705691902594,-1.52031164026572,-3.0823648731962,-0.695518328448969,1.74236061311715
"fixed_design","ET","lower",527,TRUE,-1.64882390714378,-1.53117320928221,-3.10370394829924,-0.700078255327296,1.75480948766548
"fixed_design","ET","lower",528,TRUE,-1.66063035936716,-1.54238773909333,-3.12591569161925,-0.704964297332374,1.76730157887071
"fixed_design","ET","lower",529,TRUE,-1.67247627569607,-1.55366179219424,-3.14739283046095,-0.709410454615487,1.77983687392771
"fixed_design","ET","lower",530,TRUE,-1.68436165613052,-1.564592447784,-3.1681896713556,-0.713641098157919,1.79241536026883
"fixed_design","ET","lower",531,TRUE,-1.6962865006705,-1.57579593967537,-3.19025377050743,-0.718778693000557,1.80503702555866
"fixed_design","ET","lower",532,TRUE,-1.708250809316,-1.58740170674397,-3.21302384093337,-0.723085726345799,1.81770185768894
"fixed_design","ET","lower",533,TRUE,-1.72025458206705,-1.59856216684046,-3.23542547561016,-0.727933585406896,1.83040984477357
"fixed_design","ET","lower",534,TRUE,-1.73229781892362,-1.60944853069341,-3.25685527407484,-0.733645281798247,1.8431609751438
"fixed_design","ET","lower",535,TRUE,-1.74438051988573,-1.62049231122386,-3.27919033167883,-0.738316724348793,1.85595523734343
"fixed_design","ET","lower",536,TRUE,-1.75650268495337,-1.6323188019172,-3.30107782811981,-0.744964481997725,1.86879262012427
"fixed_design","ET","lower",537,TRUE,-1.76866431412655,-1.64414885742094,-3.32344296959317,-0.749598497831159,1.88167311244162
"fixed_design","ET","lower",538,TRUE,-1.78086540740525,-1.65624227141903,-3.34587837805715,-0.754523897392844,1.89459670344987
"fixed_design","ET","lower",539,TRUE,-1.79310596478949,-1.66816169547778,-3.36699215218612,-0.759823128238448,1.90756338249827
"fixed_design","ET","lower",540,TRUE,-1.80538598627926,-1.67992350768332,-3.38918789678887,-0.765482609122049,1.92057313912673
"fixed_design","ET","upper",1,TRUE,0.0753550574910402,0.0491176856031885,-0.115836726911066,0.409314333079724,0.154479134831944
"fixed_design","ET","upper",2,TRUE,0.0750377941512514,0.0488518222578271,-0.114445257950775,0.407380243736112,0.153555736089273
"fixed_design","ET","upper",3,TRUE,0.0747214427841099,0.0485410186942679,-0.113217018538453,0.405553605443761,0.152637007454593
"fixed_design","ET","upper",4,TRUE,0.0744060033896155,0.04823187986667,-0.112219931759294,0.403019487830183,0.151722958835739
"fixed_design","ET","upper",5,TRUE,0.0740914759677685,0.0480398429972319,-0.110758071012602,0.400787910107378,0.150813600210569
"fixed_design","ET","upper",6,TRUE,0.0737778605185685,0.047800038463144,-0.109659795123804,0.398586152642959,0.149908941625987
"fixed_design","ET","upper",7,TRUE,0.0734651570420156,0.0477055808813076,-0.108821295243379,0.396409699752697,0.14900899319688
"fixed_design","ET","upper",8,TRUE,0.0731533655381102,0.0474329903806059,-0.107581977113678,0.394157973851624,0.148113765104982
"fixed_design","ET","upper",9,TRUE,0.0728424860068518,0.0471148166933687,-0.10634011496076,0.39157616350977,0.147223267597655
"fixed_design","ET","upper",10,TRUE,0.0725325184482406,0.0469135730695424,-0.105217687142867,0.389276817621232,0.146337510986591
"fixed_design","ET","upper",11,TRUE,0.0722234628622766,0.0466940505344001,-0.103907938668827,0.387386389281825,0.145456505646419
"fixed_design","ET","upper",12,TRUE,0.0719153192489597,0.0464849012019853,-0.10271617908013,0.38494991124444,0.144580262013231
"fixed_design","ET","upper",13,TRUE,0.0716080876082903,0.0462206719185673,-0.101591906390428,0.382706053536486,0.14370879058301
"fixed_design","ET","upper",14,TRUE,0.0713017679402678,0.0460732495526458,-0.100302373654076,0.380152515190857,0.142842101909965
"fixed_design","ET","upper",15,TRUE,0.0709963602448926,0.0460206076993258,-0.0991234416669,0.378348211653423,0.141980206604765
"fixed_design","ET","upper",16,TRUE,0.0706918645221645,0.0457743426874923,-0.0980222648424007,0.376063464920102,0.141123115332675
"fixed_design","ET","upper",17,TRUE,0.0703882807720835,0.0455696852297348,-0.097012620083814,0.373725236913384,0.140270838811585
"fixed_design","ET","upper",18,TRUE,0.07008560899465,0.0454120179296797,-0.0960858324449881,0.371367951611126,0.139423387809925
"fixed_design","ET","upper",19,TRUE,0.0697838491898635,0.0452349811830243,-0.0948732887196153,0.369211587648071,0.138580773144481
"fixed_design","ET","upper",20,TRUE,0.0694830013577241,0.0450609911219258,-0.0937349889125534,0.3671158134284,0.137743005678084
"fixed_design","ET","upper",21,TRUE,0.0691830654982321,0.044949900220218,-0.0929495378676613,0.365012279386663,0.136910096317187
"fixed_design","ET","upper",22,TRUE,0.0688840416113872,0.0446573355253516,-0.0919106197236606,0.362460562133424,0.136082056009318
"fixed_design","ET","upper",23,TRUE,0.0685859296971896,0.0443659384988442,-0.090903669940344,0.360162137262373,0.135258895740409
"fixed_design","ET","upper",24,TRUE,0.068288729755639,0.0441071598211762,-0.0899655356941545,0.357648842631874,0.134440626531994
"fixed_design","ET","upper",25,TRUE,0.0679924417867355,0.0439266514890647,-0.0891475762512598,0.355536753358717,0.133627259438278
"fixed_design","ET","upper",26,TRUE,0.0676970657904794,0.0436949307540026,-0.0881393480747187,0.353635653037966,0.132818805543064
"fixed_design","ET","upper",27,TRUE,0.0674026017668707,0.0434635163748065,-0.0873904647718271,0.351387562918255,0.132015275956552
"fixed_design","ET","upper",28,TRUE,0.0671090497159089,0.04329455163082,-0.0867725771368595,0.348521726317966,0.131216681811977
"fixed_design","ET","upper",29,TRUE,0.0668164096375943,0.0431093020312006,-0.0856260799678586,0.346167040683571,0.130423034262122
"fixed_design","ET","upper",30,TRUE,0.0665246815319269,0.0429523216318985,-0.08450864523226,0.343950562528711,0.129634344475658
"fixed_design","ET","upper",31,TRUE,0.0662338653989067,0.0427631087018594,-0.0835633706673853,0.342149567211678,0.128850623633348
"fixed_design","ET","upper",32,TRUE,0.0659439612385338,0.0425552656358014,-0.0827408024829916,0.340091747418935,0.128071882924086
"fixed_design","ET","upper",33,TRUE,0.0656549690508081,0.0423882540638748,-0.0819057823756736,0.338209008894105,0.12729813354077
"fixed_design","ET","upper",34,TRUE,0.0653668888357294,0.0421677341413553,-0.0810015316037959,0.335651477801058,0.126529386676021
"fixed_design","ET","upper",35,TRUE,0.0650797205932978,0.0418589038885202,-0.0802395846720443,0.333975536492947,0.125765653517721
"fixed_design","ET","upper",36,TRUE,0.0647934643235138,0.0417487914877069,-0.0792823382163165,0.33207848946057,0.125006945244392
"fixed_design","ET","upper",37,TRUE,0.0645081200263767,0.0415599483270741,-0.0786241882269938,0.330509190091401,0.124253273020386
"fixed_design","ET","upper",38,TRUE,0.0642236877018869,0.0414462147439233,-0.0775432817605779,0.328481828956603,0.12350464799091
"fixed_design","ET","upper",39,TRUE,0.0639401673500442,0.0412812759932099,-0.0766086754262316,0.326603057048018,0.122761081276851
"fixed_design","ET","upper",40,TRUE,0.0636575589708487,0.0411490924313756,-0.0759297877525445,0.32423103075893,0.122022583969435
"fixed_design","ET","upper",41,TRUE,0.0633758625643006,0.0408784183217383,-0.0751109108739102,0.322409430910922,0.121289167124683
"fixed_design","ET","upper",42,TRUE,0.0630950781303995,0.040760000783161,-0.0742862287941544,0.320473810165633,0.120560841757676
"fixed_design","ET","upper",43,TRUE,0.0628152056691455,0.0406106801569261,-0.0736503135904228,0.319044923151091,0.119837618836632
"fixed_design","ET","upper",44,TRUE,0.0625362451805388,0.0404825993323266,-0.0729273956297532,0.31722691772017,0.119119509276778
"fixed_design","ET","upper",45,TRUE,0.0622581966645792,0.0403594149871019,-0.0721406370186232,0.31511547816214,0.118406523934025
"fixed_design","ET","upper",46,TRUE,0.0619810601212671,0.040103773565094,-0.0713685057774207,0.313308088962083,0.117698673598432
"fixed_design","ET","upper",47,TRUE,0.0617048355506019,0.0399386022111471,-0.0706601648311165,0.311575499348516,0.116995968987476
"fixed_design","ET","upper",48,TRUE,0.061429522952584,0.0397531203189054,-0.0698972186571721,0.309916781857934,0.1162984207391
"fixed_design","ET","upper",49,TRUE,0.0611551223272132,0.0395395948139815,-0.0692222868600004,0.308004686901188,0.115606039404559
"fixed_design","ET","upper",50,TRUE,0.0608816336744897,0.0393169418704564,-0.0688357765214652,0.30597192669739,0.114918835441048
"fixed_design","ET","upper",51,TRUE,0.0606090569944134,0.0390999487916138,-0.068328217481699,0.303725777005312,0.114236819204122
"fixed_design","ET","upper",52,TRUE,0.0603373922869841,0.0389922660010767,-0.0674663448041147,0.302066334869866,0.113560000939885
"fixed_design","ET","upper",53,TRUE,0.0600666395522021,0.0388578161542823,-0.066699430959262,0.300095803372763,0.112888390776982
"fixed_design","ET","upper",54,TRUE,0.0597967987900674,0.0386131556913059,-0.0660011641242524,0.298027949489153,0.112221998718352
"fixed_design","ET","upper",55,TRUE,0.0595278700005798,0.0385191933463199,-0.0655644628925618,0.295825129806588,0.111560834632775
"fixed_design","ET","upper",56,TRUE,0.0592598531837395,0.0384228305619577,-0.0650037427521614,0.293997212440593,0.110904908246193
"fixed_design","ET","upper",57,TRUE,0.0589927483395462,0.0383282706340367,-0.0645524467198701,0.292674589467982,0.110254229132807
"fixed_design","ET","upper",58,TRUE,0.0587265554680001,0.0382058385729628,-0.0638705579375554,0.290492908931075,0.109608806705966
"fixed_design","ET","upper",59,TRUE,0.0584612745691013,0.0380172497464299,-0.0634545744832041,0.289135045811302,0.10896865020882
"fixed_design","ET","upper",60,TRUE,0.0581969056428498,0.0379907589752871,-0.0631506429522728,0.28786700968293,0.108333768704762
"fixed_design","ET","upper",61,TRUE,0.0579334486892453,0.0379138164237704,-0.0625481732832199,0.285856837406287,0.107704171067657
"fixed_design","ET","upper",62,TRUE,0.057670903708288,0.0377913550370397,-0.0619641727774167,0.284111197873932,0.10707986597184
"fixed_design","ET","upper",63,TRUE,0.0574092706999779,0.037654452559694,-0.0616222168128511,0.28213874742564,0.106460861881913
"fixed_design","ET","upper",64,TRUE,0.0571485496643151,0.0374899868805379,-0.0611309029022638,0.280378447464168,0.105847167042322
"fixed_design","ET","upper",65,TRUE,0.0568887406012994,0.0374082231714511,-0.0607292667446139,0.279092543333023,0.105238789466728
"fixed_design","ET","upper",66,TRUE,0.056629843510931,0.0371933278964926,-0.060219065941599,0.277447768474195,0.104635736927166
"fixed_design","ET","upper",67,TRUE,0.0563718583932096,0.0370011386133522,-0.0598643332172559,0.276062647610904,0.104038016943011
"fixed_design","ET","upper",68,TRUE,0.0561147852481354,0.0369264829566537,-0.0595305331496923,0.274692663951014,0.103445636769734
"fixed_design","ET","upper",69,TRUE,0.0558586240757086,0.0367329782873425,-0.0591212932563625,0.27287997146028,0.102858603387476
"fixed_design","ET","upper",70,TRUE,0.0556033748759289,0.0366137204549037,-0.0586882440533239,0.270807188510967,0.102276923489423
"fixed_design","ET","upper",71,TRUE,0.0553490376487964,0.0364468931328928,-0.0581561631450951,0.269548936492074,0.101700603470006
"fixed_design","ET","upper",72,TRUE,0.055095612394311,0.0363853426473789,-0.0579318960325968,0.268372783869791,0.101129649412922
"fixed_design","ET","upper",73,TRUE,0.0548430991124728,0.0362076657446555,-0.0576355818514052,0.266716713020768,0.100564067078986
"fixed_design","ET","upper",74,TRUE,0.054591497803282,0.0360206884264606,-0.0573441302262169,0.264654903095283,0.100003861893819
"fixed_design","ET","upper",75,TRUE,0.0543408084667381,0.0359499930487927,-0.056931676331169,0.26320839587904,0.0994490389353869
"fixed_design","ET","upper",76,TRUE,0.0540910311028416,0.0359089806407335,-0.0566008920797921,0.261895325869635,0.0988996029213917
"fixed_design","ET","upper",77,TRUE,0.0538421657115923,0.0358174127644276,-0.0561623110454206,0.260151288359196,0.0983555581965264
"fixed_design","ET","upper",78,TRUE,0.05359421229299,0.0357166628614445,-0.055707254343421,0.258365485585728,0.0978169087196065
"fixed_design","ET","upper",79,TRUE,0.0533471708470351,0.0356658497242498,-0.0553579043578594,0.256921602776497,0.0972836580505857
"fixed_design","ET","upper",80,TRUE,0.0531010413737273,0.0355203954386128,-0.0551055983354532,0.255617867779757,0.0967558093374667
"fixed_design","ET","upper",81,TRUE,0.0528558238730666,0.0354455321035292,-0.054871349033948,0.254045047149225,0.0962333653031222
"fixed_design","ET","upper",82,TRUE,0.0526115183450532,0.0353000696256618,-0.0545202132103701,0.252626013303348,0.0957163282320351
"fixed_design","ET","upper",83,TRUE,0.0523681247896869,0.0351162258594839,-0.0543690304873137,0.251078315541402,0.0952046999569724
"fixed_design","ET","upper",84,TRUE,0.052125643206968,0.0350223433805475,-0.0542847800119124,0.249827336580153,0.0946984818456082
"fixed_design","ET","upper",85,TRUE,0.051884073596896,0.0347489210706387,-0.0540528342558036,0.248700837125739,0.0941976747871065
"fixed_design","ET","upper",86,TRUE,0.0516434159594713,0.0346355752250222,-0.0537895689321512,0.247199900022797,0.0937022791786834
"fixed_design","ET","upper",87,TRUE,0.0514036702946939,0.0344947292247362,-0.0535208721911841,0.245861125966551,0.0932122949121602
"fixed_design","ET","upper",88,TRUE,0.0511648366025637,0.0344295206263525,-0.0534277669108135,0.244258237008175,0.0927277213605266
"fixed_design","ET","upper",89,TRUE,0.0509269148830806,0.0343082134891664,-0.053299685094882,0.242890356864425,0.0922485573645291
"fixed_design","ET","upper",90,TRUE,0.0506899051362447,0.0342162273669576,-0.0529367753740152,0.241597575552689,0.0917748012193031
"fixed_design","ET","upper",91,TRUE,0.0504538073620558,0.0340984123201246,-0.0526393546508096,0.24032600889385,0.0913064506610668
"fixed_design","ET","upper",92,TRUE,0.0502186215605144,0.0339700220202435,-0.0524354648705006,0.23915275124824,0.0908435028538941
"fixed_design","ET","upper",93,TRUE,0.0499843477316201,0.0337819006388689,-0.0522829509257074,0.237694195781742,0.0903859543765863
"fixed_design","ET","upper",94,TRUE,0.049750985875373,0.0335898978210421,-0.0521163003029474,0.236576164939676,0.0899338012096635
"fixed_design","ET","upper",95,TRUE,0.049518535991773,0.0335165563464364,-0.0518545322014054,0.234985556981579,0.0894870387224934
"fixed_design","ET","upper",96,TRUE,0.0492869980808201,0.0334466781783777,-0.0516928699060152,0.233626584193539,0.089045661660579
"fixed_design","ET","upper",97,TRUE,0.0490563721425146,0.0333690653333918,-0.0514679085507234,0.232394779844924,0.0886096641330267
"fixed_design","ET","upper",98,TRUE,0.0488266581768563,0.033231042419286,-0.0512660921486371,0.231010074132781,0.0881790396002137
"fixed_design","ET","upper",99,TRUE,0.0485978561838452,0.0330721559891042,-0.0510954143043981,0.229619848142017,0.0877537808616792
"fixed_design","ET","upper",100,TRUE,0.0483699661634811,0.0329176567226412,-0.0510042595804536,0.228223977819538,0.0873338800442586
"fixed_design","ET","upper",101,TRUE,0.0481429881157642,0.0328302050582094,-0.0509990736811534,0.226953582801937,0.0869193285904838
"fixed_design","ET","upper",102,TRUE,0.0479169220406948,0.0327788577302473,-0.0509188971211132,0.22560981936389,0.0865101172472714
"fixed_design","ET","upper",103,TRUE,0.0476917679382723,0.0327036598428927,-0.0507038621472609,0.224607284587445,0.0861062360549203
"fixed_design","ET","upper",104,TRUE,0.0474675258084971,0.0325832033563296,-0.0506108074624868,0.223574544074981,0.0857076743364433
"fixed_design","ET","upper",105,TRUE,0.047244195651369,0.032507811865444,-0.050501331265052,0.22232232255096,0.0853144206872514
"fixed_design","ET","upper",106,TRUE,0.0470217774668881,0.032434411896964,-0.0503751261449407,0.221484405313468,0.0849264629652164
"fixed_design","ET","upper",107,TRUE,0.0468002712550546,0.0322683269073823,-0.0505291775387768,0.220439789170293,0.0845437882811318
"fixed_design","ET","upper",108,TRUE,0.046579677015868,0.0321576277617644,-0.0505837925597918,0.219467453362677,0.0841663829895936
"fixed_design","ET","upper",109,TRUE,0.0463599947493288,0.032114007192557,-0.0506550141712524,0.218247363240877,0.0837942326803261
"fixed_design","ET","upper",110,TRUE,0.0461412244554367,0.032036102004411,-0.0506985078919127,0.217376121270135,0.083427322169969
"fixed_design","ET","upper",111,TRUE,0.0459233661341917,0.0318877845721583,-0.0506459761718515,0.215985759744498,0.0830656354943504
"fixed_design","ET","upper",112,TRUE,0.0457064197855942,0.0317958914173578,-0.0507227933451149,0.215221448447304,0.082709155901266
"fixed_design","ET","upper",113,TRUE,0.0454903854096436,0.0316047451357788,-0.0507869797634087,0.214103274299033,0.0823578658437823
"fixed_design","ET","upper",114,TRUE,0.0452752630063404,0.0315018876926152,-0.0507343003459124,0.213361561575531,0.0820117469740862
"fixed_design","ET","upper",115,TRUE,0.0450610525756842,0.0314580345779498,-0.0507781812082995,0.212435666705159,0.0816707801378977
"fixed_design","ET","upper",116,TRUE,0.0448477541176752,0.0313759734539792,-0.0506667360283554,0.211898045470631,0.0813349453694652
"fixed_design","ET","upper",117,TRUE,0.0446353676323135,0.0313151295298553,-0.0506952505133767,0.211235516780559,0.0810042218871602
"fixed_design","ET","upper",118,TRUE,0.0444238931195989,0.0312105534147725,-0.0507391472228687,0.210262520665468,0.0806785880896872
"fixed_design","ET","upper",119,TRUE,0.0442133305795315,0.0311509610990216,-0.050806267905655,0.209400186672438,0.0803580215529273
"fixed_design","ET","upper",120,TRUE,0.0440036800121114,0.0310254708488603,-0.0506594235639097,0.208448097323894,0.0800424990274266
"fixed_design","ET","upper",121,TRUE,0.0437949414173384,0.0308773529947683,-0.0505493166881717,0.207699111606812,0.079731996436545
"fixed_design","ET","upper",122,TRUE,0.0435871147952127,0.0307656707684635,-0.0505688898085727,0.20701781575589,0.0794264888752798
"fixed_design","ET","upper",123,TRUE,0.0433802001457341,0.030650532524986,-0.0505682206631056,0.206287188267001,0.0791259506097709
"fixed_design","ET","upper",124,TRUE,0.0431741974689026,0.0304701150716245,-0.0506809746312132,0.205201585912722,0.0788303550775031
"fixed_design","ET","upper",125,TRUE,0.0429691067647184,0.030305807032416,-0.050655537931398,0.204446842850908,0.0785396748882116
"fixed_design","ET","upper",126,TRUE,0.0427649280331813,0.0301247351817267,-0.0507275464187094,0.203617590979512,0.0782538818254991
"fixed_design","ET","upper",127,TRUE,0.0425616612742916,0.0300127049940648,-0.0506940933710893,0.202984763105586,0.0779729468491719
"fixed_design","ET","upper",128,TRUE,0.0423593064880489,0.0299234442330392,-0.0507147076204737,0.202211428791718,0.0776968400982992
"fixed_design","ET","upper",129,TRUE,0.0421578636744535,0.0298073309468797,-0.050731603477035,0.201119723521933,0.0774255308950008
"fixed_design","ET","upper",130,TRUE,0.0419573328335052,0.0296597059315057,-0.0508304060188195,0.200252013943279,0.0771589877489635
"fixed_design","ET","upper",131,TRUE,0.0417577139652041,0.0295823419184745,-0.0509101776601686,0.199753680570609,0.0768971783626898
"fixed_design","ET","upper",132,TRUE,0.0415590070695503,0.0294572638901711,-0.0509303944696875,0.199241861224126,0.076640069637477
"fixed_design","ET","upper",133,TRUE,0.0413612121465435,0.0293506626765871,-0.0510303831358696,0.198651794995832,0.076387627680124
"fixed_design","ET","upper",134,TRUE,0.041164329196184,0.0292756426129366,-0.0511133731850476,0.198358290235305,0.0761398178103657
"fixed_design","ET","upper",135,TRUE,0.0409683582184718,0.0291078044564689,-0.0512479708701465,0.197434014953169,0.0758966045690264
"fixed_design","ET","upper",136,TRUE,0.0407732992134067,0.0289752862998165,-0.0512766204171132,0.196886628210621,0.0756579517268878
"fixed_design","ET","upper",137,TRUE,0.0405791521809888,0.0287484102402468,-0.0511294295112507,0.196112160249995,0.0754238222942651
"fixed_design","ET","upper",138,TRUE,0.040385917121218,0.0286709475279748,-0.0511387851457973,0.195770524071569,0.0751941785312791
"fixed_design","ET","upper",139,TRUE,0.0401935940340944,0.0285501860234156,-0.0512533074539905,0.195357522434514,0.0749689819588164
"fixed_design","ET","upper",140,TRUE,0.0400021829196181,0.0284379746342612,-0.0512715302833301,0.194748190590754,0.0747481933701645
"fixed_design","ET","upper",141,TRUE,0.039811683777789,0.0281847999111253,-0.0515277658796866,0.194399652039498,0.0745317728433085
"fixed_design","ET","upper",142,TRUE,0.0396220966086069,0.0280467162952125,-0.051748886281585,0.193948165165381,0.074319679753875
"fixed_design","ET","upper",143,TRUE,0.0394334214120723,0.0279011552946516,-0.0519514758514643,0.193569694813552,0.0741118727887076
"fixed_design","ET","upper",144,TRUE,0.0392456581881846,0.0277489803758418,-0.0520991310211709,0.193421886607364,0.0739083099600555
"fixed_design","ET","upper",145,TRUE,0.0390588069369443,0.0276248886238824,-0.0522397315227087,0.192916779101527,0.0737089486203586
"fixed_design","ET","upper",146,TRUE,0.038872867658351,0.027509942616081,-0.0523567246059395,0.192566264080665,0.0735137454776081
"fixed_design","ET","upper",147,TRUE,0.0386878403524051,0.0273822750101559,-0.0525886354762796,0.192314148513626,0.0733226566112624
"fixed_design","ET","upper",148,TRUE,0.0385037250191063,0.027243360839987,-0.0527333112457181,0.192047195442268,0.0731356374886971
"fixed_design","ET","upper",149,TRUE,0.0383205216584545,0.0271488077855377,-0.0528725183798239,0.19190491361668,0.0729526429821653
"fixed_design","ET","upper",150,TRUE,0.0381382302704502,0.0269588198393416,-0.0530612743217091,0.19173100113705,0.0727736273862468
"fixed_design","ET","upper",151,TRUE,0.0379568508550929,0.0267957710817621,-0.0531985919255534,0.19144415278948,0.0725985444357578
"fixed_design","ET","upper",152,TRUE,0.0377763834123828,0.0266668516385562,-0.0533096500014067,0.191046616653214,0.072427347324102
"fixed_design","ET","upper",153,TRUE,0.03759682794232,0.0265466090311296,-0.0534386956519296,0.190261152062369,0.0722599887220305
"fixed_design","ET","upper",154,TRUE,0.0374181844449043,0.0264216636302823,-0.0536452471201255,0.189384768287486,0.0720964207967894
"fixed_design","ET","upper",155,TRUE,0.0372404529201359,0.0261696383083437,-0.053749510287236,0.189029398610176,0.0719365952316258
"fixed_design","ET","upper",156,TRUE,0.0370636333680145,0.0259944026213926,-0.0538700698464981,0.188853972936353,0.071780463245624
"fixed_design","ET","upper",157,TRUE,0.0368877257885404,0.0258038696076823,-0.0540994930830181,0.188396170602003,0.071627975613847
"fixed_design","ET","upper",158,TRUE,0.0367127301817136,0.0257094398992792,-0.0543627414754536,0.188166926551579,0.0714790826877515
"fixed_design","ET","upper",159,TRUE,0.0365386465475338,0.0255998478659373,-0.0546148016923239,0.187755588357393,0.071333734415851
"fixed_design","ET","upper",160,TRUE,0.0363654748860014,0.0254406773757534,-0.0548746875859983,0.187533491076005,0.0711918803645981
"fixed_design","ET","upper",161,TRUE,0.0361932151971159,0.0252986170283993,-0.0550920403493759,0.187287050363825,0.0710534697394551
"fixed_design","ET","upper",162,TRUE,0.0360218674808778,0.02504627559656,-0.0553494444198818,0.186616727762551,0.0709184514061286
"fixed_design","ET","upper",163,TRUE,0.0358514317372869,0.0249216751516639,-0.0555805346856085,0.186378732804751,0.0707867739119352
"fixed_design","ET","upper",164,TRUE,0.0356819079663431,0.0248171814417847,-0.055673845038113,0.186248751565287,0.0706583855072741
"fixed_design","ET","upper",165,TRUE,0.0355132961680466,0.0246633882861114,-0.0558841109240562,0.186270057552923,0.0705332341671757
"fixed_design","ET","upper",166,TRUE,0.0353455963423971,0.0245461160246677,-0.0560629065085218,0.18629006020849,0.0704112676128999
"fixed_design","ET","upper",167,TRUE,0.0351788084893949,0.0244433470021506,-0.0562348108738296,0.1860512981109,0.0702924333335571
"fixed_design","ET","upper",168,TRUE,0.03501293260904,0.024262278526554,-0.0563826936164742,0.185603831453262,0.0701766786077239
"fixed_design","ET","upper",169,TRUE,0.0348479687013322,0.024125036023159,-0.0564747533599201,0.185212205760209,0.0700639505250281
"fixed_design","ET","upper",170,TRUE,0.0346839167662715,0.0240360379016386,-0.0566345705994606,0.184432689458518,0.0699541960076776
"fixed_design","ET","upper",171,TRUE,0.0345207768038582,0.0238622328993897,-0.0567354162839108,0.184502325550588,0.0698473618319059
"fixed_design","ET","upper",172,TRUE,0.0343585488140919,0.0237223922272526,-0.0568942866030725,0.184239336532565,0.0697433946493131
"fixed_design","ET","upper",173,TRUE,0.0341972327969729,0.0235988273235387,-0.0570124767255349,0.184130253123371,0.0696422410080758
"fixed_design","ET","upper",174,TRUE,0.034036828752501,0.0234099460249049,-0.0572378724531347,0.183909622906199,0.0695438473740035
"fixed_design","ET","upper",175,TRUE,0.0338773366806762,0.0232111146631637,-0.0573602526374262,0.183583960308812,0.0694481601514211
"fixed_design","ET","upper",176,TRUE,0.0337187565814989,0.023066238640763,-0.0575734840300043,0.183297175776128,0.0693551257038536
"fixed_design","ET","upper",177,TRUE,0.0335610884549686,0.0228890563521559,-0.0576677566756752,0.183159482481553,0.069264690374494
"fixed_design","ET","upper",178,TRUE,0.0334043323010856,0.0227247064947879,-0.0580347945537713,0.183105158538981,0.0691768005064349
"fixed_design","ET","upper",179,TRUE,0.0332484881198496,0.0226008614635891,-0.058200416322799,0.182990616835895,0.069091402462644
"fixed_design","ET","upper",180,TRUE,0.0330935559112608,0.0225205064888781,-0.0581976176836665,0.182902407941232,0.0690084426456673
"fixed_design","ET","upper",181,TRUE,0.0329395356753194,0.0223864016681135,-0.0582393052089814,0.182767257993941,0.0689278675170424
"fixed_design","ET","upper",182,TRUE,0.032786427412025,0.0222278860120536,-0.0585035680353193,0.182470167698285,0.0688496236164052
"fixed_design","ET","upper",183,TRUE,0.032634231121378,0.022047513499036,-0.0587002910997553,0.181983105026554,0.0687736575802778
"fixed_design","ET","upper",184,TRUE,0.0324829468033779,0.0219109085796835,-0.0588582442928369,0.181523761636772,0.0686999161605208
"fixed_design","ET","upper",185,TRUE,0.0323325744580252,0.0217558948359806,-0.0590546237730601,0.181559155684431,0.06862834624244
"fixed_design","ET","upper",186,TRUE,0.0321831140853197,0.0216088762270204,-0.0592571912497798,0.181546469847752,0.068558894862533
"fixed_design","ET","upper",187,TRUE,0.0320345656852613,0.0214585617690916,-0.0592770119763877,0.181546061456278,0.0684915092258669
"fixed_design","ET","upper",188,TRUE,0.0318869292578501,0.0213216818610034,-0.0593505844100804,0.181470060290991,0.0684261367230771
"fixed_design","ET","upper",189,TRUE,0.0317402048030862,0.0211697932529556,-0.0594003770775942,0.181585937144236,0.0683627249469767
"fixed_design","ET","upper",190,TRUE,0.0315943923209693,0.0209172239142114,-0.059498817857788,0.181600423222771,0.0683012217087708
"fixed_design","ET","upper",191,TRUE,0.0314494918114998,0.0207594106583966,-0.0597539189225888,0.181270682779309,0.0682415750538674
"fixed_design","ET","upper",192,TRUE,0.0313055032746773,0.0205684218903647,-0.0599620930501782,0.180982582881401,0.0681837332772789
"fixed_design","ET","upper",193,TRUE,0.0311624267105021,0.0203932925707716,-0.0602270555346869,0.180633668310348,0.0681276449386107
"fixed_design","ET","upper",194,TRUE,0.0310202621189741,0.0202102012296714,-0.0604135062741947,0.180233289384165,0.0680732588766299
"fixed_design","ET","upper",195,TRUE,0.0308790095000932,0.0200602985729687,-0.0605470032578281,0.180352860498376,0.0680205242234139
"fixed_design","ET","upper",196,TRUE,0.0307386688538597,0.0198973373860479,-0.0608653604866678,0.180382542748687,0.0679693904180739
"fixed_design","ET","upper",197,TRUE,0.0305992401802731,0.0197637977337727,-0.0609251691742795,0.180352612681158,0.0679198072200535
"fixed_design","ET","upper",198,TRUE,0.0304607234793339,0.0196147593763588,-0.0611798063184774,0.180496233007281,0.0678717247220006
"fixed_design","ET","upper",199,TRUE,0.0303231187510418,0.019426389326236,-0.0614244676599034,0.180353068988355,0.0678250933622124
"fixed_design","ET","upper",200,TRUE,0.0301864259953969,0.0193356558105272,-0.0618621003035198,0.180302229127706,0.067779863936655
"fixed_design","ET","upper",201,TRUE,0.0300506452123993,0.0191424197682131,-0.0620368694120729,0.180085699201049,0.0677359876105586
"fixed_design","ET","upper",202,TRUE,0.0299157764020487,0.0190736411024572,-0.0622364559281504,0.179959673872436,0.0676934159295894
"fixed_design","ET","upper",203,TRUE,0.0297818195643455,0.0189079699389746,-0.0623869016979078,0.179856475301201,0.0676521008306028
"fixed_design","ET","upper",204,TRUE,0.0296487746992893,0.0187835689635233,-0.0625354145078794,0.179645186731736,0.0676119946519797
"fixed_design","ET","upper",205,TRUE,0.0295166418068805,0.0186139112016178,-0.0627110404059394,0.179713699095022,0.0675730501435508
"fixed_design","ET","upper",206,TRUE,0.0293854208871186,0.0185475246349745,-0.0628541585049932,0.179742170602919,0.0675352204761116
"fixed_design","ET","upper",207,TRUE,0.0292551119400042,0.0184381938659848,-0.0631024753186929,0.179818146786587,0.0674984592505365
"fixed_design","ET","upper",208,TRUE,0.0291257149655368,0.018383253933986,-0.0632991595258084,0.179686529133608,0.0674627205064929
"fixed_design","ET","upper",209,TRUE,0.0289972299637167,0.0182212527541799,-0.0633948042106488,0.17946868794688,0.067427958730766
"fixed_design","ET","upper",210,TRUE,0.0288696569345437,0.0180322675725591,-0.0635930065058441,0.179612390219727,0.0673941288651965
"fixed_design","ET","upper",211,TRUE,0.028742995878018,0.0178988669351617,-0.0636701565685525,0.179585234398412,0.0673611863142411
"fixed_design","ET","upper",212,TRUE,0.0286172467941393,0.0177627742367053,-0.0637879590253601,0.179629524587746,0.0673290869521605
"fixed_design","ET","upper",213,TRUE,0.0284924096829079,0.0177066844730218,-0.063904865501411,0.179621145890735,0.0672977871298447
"fixed_design","ET","upper",214,TRUE,0.0283684845443238,0.0175386399286293,-0.0640209464351212,0.179751903077004,0.0672672436812812
"fixed_design","ET","upper",215,TRUE,0.0282454713783867,0.0174310254656608,-0.0642004137799941,0.179733103195062,0.0672374139296753
"fixed_design","ET","upper",216,TRUE,0.0281233701850969,0.0173098309379149,-0.0643872439021998,0.179568939576632,0.067208255693231
"fixed_design","ET","upper",217,TRUE,0.0280021809644542,0.0172087171790969,-0.0645281172754526,0.179724648810528,0.0671797272906001
"fixed_design","ET","upper",218,TRUE,0.0278819037164587,0.0170152606592167,-0.0646989409944592,0.179763366283119,0.0671517875460094
"fixed_design","ET","upper",219,TRUE,0.0277625384411106,0.0169387308814241,-0.0647422543880284,0.179786247549143,0.0671243957940736
"fixed_design","ET","upper",220,TRUE,0.0276440851384095,0.0169036583108477,-0.0648776370357288,0.17960609727193,0.0670975118843036
"fixed_design","ET","upper",221,TRUE,0.0275265438083557,0.0167871850430718,-0.0649339330729087,0.179820407105493,0.0670710961853205
"fixed_design","ET","upper",222,TRUE,0.0274099144509489,0.0166094623978,-0.0652725784317711,0.179768603002923,0.067045109588782
"fixed_design","ET","upper",223,TRUE,0.0272941970661894,0.0165261099371578,-0.0653236656290932,0.179923225923638,0.0670195135130331
"fixed_design","ET","upper",224,TRUE,0.0271793916540772,0.0164063897119378,-0.0654175052453272,0.180039428763821,0.0669942699064891
"fixed_design","ET","upper",225,TRUE,0.027065498214612,0.0162637755071219,-0.0655533384600739,0.179925743218866,0.066969341250761
"fixed_design","ET","upper",226,TRUE,0.0269525167477942,0.0161332702898274,-0.0656357921096416,0.1800079003079,0.0669446905635324
"fixed_design","ET","upper",227,TRUE,0.0268404472536234,0.016036803039079,-0.0657160931537799,0.179991015472094,0.0669202814011976
"fixed_design","ET","upper",228,TRUE,0.0267292897320998,0.0159112753114459,-0.0659415602760225,0.179748824337456,0.0668960778612714
"fixed_design","ET","upper",229,TRUE,0.0266190441832236,0.0157785634837744,-0.0660221837478385,0.179616742502372,0.0668720445845775
"fixed_design","ET","upper",230,TRUE,0.0265097106069944,0.01566399686849,-0.0661844086336415,0.179480624936036,0.0668481467572283
"fixed_design","ET","upper",231,TRUE,0.0264012890034125,0.0155610964512972,-0.0662395234095404,0.179410152055648,0.066824350112403
"fixed_design","ET","upper",232,TRUE,0.0262937793724777,0.0154709770905229,-0.0663437684390949,0.179580672991711,0.0668006209319343
"fixed_design","ET","upper",233,TRUE,0.0261871817141901,0.0153909701820879,-0.0665912454500061,0.179635399658407,0.0667769260477137
"fixed_design","ET","upper",234,TRUE,0.0260814960285497,0.0152100810164256,-0.0667417083694993,0.179430998977795,0.0667532328429228
"fixed_design","ET","upper",235,TRUE,0.0259767223155566,0.0151145787784551,-0.0668084546593213,0.179309626166734,0.0667295092531016
"fixed_design","ET","upper",236,TRUE,0.0258728605752106,0.0150231256245217,-0.0669174646152965,0.179175390650081,0.0667057237670617
"fixed_design","ET","upper",237,TRUE,0.0257699108075117,0.014875255235774,-0.0669925521423521,0.179126412432641,0.0666818454276539
"fixed_design","ET","upper",238,TRUE,0.0256678730124601,0.014706904333023,-0.0669062438770724,0.179154936241066,0.0666578438323985
"fixed_design","ET","upper",239,TRUE,0.0255667471900557,0.0145761096199087,-0.0670877236971363,0.179389955709994,0.0666336891339876
"fixed_design","ET","upper",240,TRUE,0.0254665333402984,0.0144866103476425,-0.0672217728987448,0.179387604070647,0.0666093520406668
"fixed_design","ET","upper",241,TRUE,0.0253672314631882,0.0143699063912511,-0.0673306521287046,0.17925133486274,0.066584803816507
"fixed_design","ET","upper",242,TRUE,0.0252688415587255,0.0142093049961836,-0.067363623361511,0.179096727127246,0.0665600162815719
"fixed_design","ET","upper",243,TRUE,0.0251713636269098,0.0140845463106346,-0.0674307030239801,0.179073571805162,0.0665349618119905
"fixed_design","ET","upper",244,TRUE,0.0250747976677415,0.0139985770339425,-0.067596159133465,0.178957748678465,0.0665096133399441
"fixed_design","ET","upper",245,TRUE,0.0249791436812201,0.0139322554930581,-0.0677784671841664,0.178734639543992,0.0664839443535722
"fixed_design","ET","upper",246,TRUE,0.024884401667346,0.0138477281393892,-0.0679005885330765,0.178664344089448,0.0664579288968093
"fixed_design","ET","upper",247,TRUE,0.0247905716261191,0.0137767853390894,-0.0680269564054631,0.178669736318735,0.0664315415691557
"fixed_design","ET","upper",248,TRUE,0.0246976535575393,0.0136607738081926,-0.0681083490229467,0.178538134110815,0.0664047575253937
"fixed_design","ET","upper",249,TRUE,0.024605647461607,0.0135806334269129,-0.0681443933369697,0.178381061472163,0.0663775524752536
"fixed_design","ET","upper",250,TRUE,0.0245145533383215,0.013517977469256,-0.0682005603719054,0.178385531992358,0.0663499026830379
"fixed_design","ET","upper",251,TRUE,0.0244243711876833,0.0134213130406089,-0.0681183473598846,0.178383321059779,0.0663217849672109
"fixed_design","ET","upper",252,TRUE,0.0243351010096924,0.0133485854511478,-0.0682067330341296,0.17840705498399,0.0662931766999596
"fixed_design","ET","upper",253,TRUE,0.0242467428043487,0.0132426316068062,-0.0682676018684434,0.178442651260481,0.0662640558067324
"fixed_design","ET","upper",254,TRUE,0.0241592965716522,0.0131760235091888,-0.0682183826368561,0.17833368599871,0.0662344007657635
"fixed_design","ET","upper",255,TRUE,0.0240727623116028,0.0130610423696353,-0.0682634582532286,0.178319620629794,0.0662041906075885
"fixed_design","ET","upper",256,TRUE,0.0239871400242005,0.0128881550624441,-0.0684765114265686,0.178274564492699,0.0661734049145563
"fixed_design","ET","upper",257,TRUE,0.0239024297094455,0.0128091311087399,-0.0686581497715619,0.178329035136675,0.0661420238203455
"fixed_design","ET","upper",258,TRUE,0.0238186313673378,0.0127038123742745,-0.0686661381997924,0.178321270610726,0.0661100280094891
"fixed_design","ET","upper",259,TRUE,0.0237357449978773,0.0126590129671575,-0.0686882154231599,0.178357180784411,0.0660773987169154
"fixed_design","ET","upper",260,TRUE,0.0236537706010637,0.0125904050041011,-0.0689112079870475,0.178363087232741,0.0660441177275079
"fixed_design","ET","upper",261,TRUE,0.0235727081768974,0.0125170064985545,-0.0690255664197583,0.178471156614527,0.0660101673756927
"fixed_design","ET","upper",262,TRUE,0.0234925577253785,0.0124854882087095,-0.0691011828816895,0.178565100190458,0.0659755305450565
"fixed_design","ET","upper",263,TRUE,0.0234133192465066,0.0124173407335416,-0.0691584963260718,0.178788741380607,0.0659401906680012
"fixed_design","ET","upper",264,TRUE,0.0233349927402818,0.0123253463095645,-0.0693205119999592,0.178798649466449,0.0659041317254405
"fixed_design","ET","upper",265,TRUE,0.0232575782067045,0.0122031714763969,-0.0693494801898717,0.178607074126943,0.0658673382465425
"fixed_design","ET","upper",266,TRUE,0.0231810756457743,0.0121106074340656,-0.0693761056972525,0.178545726674274,0.0658297953085238
"fixed_design","ET","upper",267,TRUE,0.0231054850574913,0.0121039045695843,-0.0694704403321406,0.178740023258212,0.0657914885364998
"fixed_design","ET","upper",268,TRUE,0.0230308064418553,0.0120529315986134,-0.0695134511873234,0.178505710013582,0.0657524041033949
"fixed_design","ET","upper",269,TRUE,0.0229570397988666,0.0119878649318372,-0.0695536401093837,0.178604329658242,0.0657125287299188
"fixed_design","ET","upper",270,TRUE,0.0228841851285251,0.0119859855275786,-0.0696253043116787,0.178436422535653,0.0656718496846102
"fixed_design","ET","upper",271,TRUE,0.0228122424308308,0.0119143663894893,-0.0696060810532992,0.178328869696259,0.0656303547839556
"fixed_design","ET","upper",272,TRUE,0.0227412117057837,0.0118465790449052,-0.0695993003856285,0.177946517997129,0.0655880323925845
"fixed_design","ET","upper",273,TRUE,0.0226710929533837,0.0118004007371471,-0.0694881565475571,0.178222001607657,0.0655448714235465
"fixed_design","ET","upper",274,TRUE,0.0226018861736309,0.0117314658884761,-0.0693634651098732,0.178325545640832,0.0655008613386736
"fixed_design","ET","upper",275,TRUE,0.0225335913665255,0.0116064471693195,-0.0692277708258508,0.178115432318809,0.0654559921490312
"fixed_design","ET","upper",276,TRUE,0.022466208532067,0.0115250781467455,-0.0691573534421649,0.177927174312415,0.0654102544154618
"fixed_design","ET","upper",277,TRUE,0.0223997376702559,0.0115022826794604,-0.0691309285475939,0.177942467124008,0.0653636392492254
"fixed_design","ET","upper",278,TRUE,0.022334178781092,0.0114591643894278,-0.0691118082558395,0.177955077595683,0.0653161383127385
"fixed_design","ET","upper",279,TRUE,0.0222695318645752,0.0113688383117675,-0.0691886626951725,0.177760072741374,0.0652677438204167
"fixed_design","ET","upper",280,TRUE,0.0222057969207056,0.0112766648710545,-0.0692844090134965,0.177594181858218,0.0652184485396231
"fixed_design","ET","upper",281,TRUE,0.0221429739494831,0.0113140131486,-0.0693412845092421,0.177619721847139,0.0651682457917262
"fixed_design","ET","upper",282,TRUE,0.022081062950908,0.0112067715643099,-0.0693792444423352,0.177543247591908,0.0651171294532696
"fixed_design","ET","upper",283,TRUE,0.0220200639249798,0.0111681948152441,-0.0694562248553149,0.177379004181528,0.0650650939572571
"fixed_design","ET","upper",284,TRUE,0.0219599768716991,0.0110865501482366,-0.0693764068131443,0.177332660239769,0.0650121342945565
"fixed_design","ET","upper",285,TRUE,0.0219008017910654,0.0110258472426997,-0.069454654941637,0.177161617089746,0.0649582460154226
"fixed_design","ET","upper",286,TRUE,0.0218425386830789,0.0109459017847266,-0.0693851867711868,0.177088399045498,0.0649034252311449
"fixed_design","ET","upper",287,TRUE,0.0217851875477398,0.0109022684691172,-0.0694833505374435,0.177004610258573,0.0648476686158211
"fixed_design","ET","upper",288,TRUE,0.0217287483850476,0.0108552663240282,-0.0694831460429089,0.176808184951889,0.0647909734082583
"fixed_design","ET","upper",289,TRUE,0.0216732211950027,0.0108128112851061,-0.069475401252148,0.176629151276766,0.0647333374140055
"fixed_design","ET","upper",290,TRUE,0.021618605977605,0.0107924671154776,-0.0695272892284189,0.176471088812917,0.064674759007519
"fixed_design","ET","upper",291,TRUE,0.0215649027328546,0.0106954152013791,-0.0695015597379402,0.176330152755062,0.064615237134463
"fixed_design","ET","upper",292,TRUE,0.0215121114607514,0.0106468228106309,-0.0695577378058007,0.176193500499708,0.0645547713141468
"fixed_design","ET","upper",293,TRUE,0.0214602321612951,0.0105782733409071,-0.0695444825109712,0.175905376707745,0.0644933616421022
"fixed_design","ET","upper",294,TRUE,0.0214092648344862,0.0105368483074408,-0.0696214588279953,0.175819807340768,0.0644310087928008
"fixed_design","ET","upper",295,TRUE,0.0213592094803245,0.0104629707637598,-0.069509040979189,0.175650354047756,0.064367714022515
"fixed_design","ET","upper",296,TRUE,0.02131006609881,0.0104295483791692,-0.0694182465022095,0.175434194848146,0.0643034791723223
"fixed_design","ET","upper",297,TRUE,0.0212618346899426,0.0103603352621766,-0.0693927366988301,0.175096812099555,0.0642383066712565
"fixed_design","ET","upper",298,TRUE,0.0212145152537224,0.0103070344542471,-0.0693067839193642,0.17480725390012,0.0641721995396051
"fixed_design","ET","upper",299,TRUE,0.0211681077901494,0.0102601819901768,-0.0693662185458773,0.174825199753328,0.0641051613923562
"fixed_design","ET","upper",300,TRUE,0.0211226122992238,0.0101977972964461,-0.0694164433262299,0.174866097671833,0.0640371964427944
"fixed_design","ET","upper",301,TRUE,0.0210780287809452,0.0102037369413892,-0.0693780825823087,0.174796225453518,0.0639683095062471
"fixed_design","ET","upper",302,TRUE,0.0210343572353137,0.0101824926960908,-0.0693074434589253,0.174673240074507,0.0638985060039833
"fixed_design","ET","upper",303,TRUE,0.0209915976623296,0.0101804569934397,-0.069250135720229,0.174452631104659,0.0638277919672635
"fixed_design","ET","upper",304,TRUE,0.0209497500619925,0.0101401603367151,-0.0692613122831416,0.174507376437354,0.0637561740415429
"fixed_design","ET","upper",305,TRUE,0.0209088144343028,0.0100609858141568,-0.0692457899615072,0.174088166854621,0.0636836594908282
"fixed_design","ET","upper",306,TRUE,0.02086879077926,0.0100025884167587,-0.0692555089379065,0.173573962077586,0.0636102562021867
"fixed_design","ET","upper",307,TRUE,0.0208296790968646,0.0100227064499192,-0.0693048456639804,0.173249990977235,0.0635359726904104
"fixed_design","ET","upper",308,TRUE,0.0207914793871164,0.00996514062972876,-0.069305005966903,0.173098281979851,0.063460818102832
"fixed_design","ET","upper",309,TRUE,0.0207541916500152,0.00990322497254437,-0.0693182383806836,0.172976250888475,0.0633848022242948
"fixed_design","ET","upper",310,TRUE,0.0207178158855616,0.00985488372152823,-0.0692861454613821,0.172406439339308,0.0633079354822754
"fixed_design","ET","upper",311,TRUE,0.0206823520937549,0.00982565368322808,-0.069350882679963,0.172089053671414,0.0632302289521571
"fixed_design","ET","upper",312,TRUE,0.0206478002745955,0.00981573103325185,-0.06931505905739,0.171941172796749,0.0631516943626559
"fixed_design","ET","upper",313,TRUE,0.0206141604280831,0.00979477464667648,-0.0692374903107859,0.171657002107115,0.0630723441013943
"fixed_design","ET","upper",314,TRUE,0.020581432554218,0.00985062175904418,-0.0689451000832405,0.171504534420102,0.0629921912206248
"fixed_design","ET","upper",315,TRUE,0.020549616653,0.00973497451441463,-0.0687686267133102,0.171213129007589,0.0629112494430995
"fixed_design","ET","upper",316,TRUE,0.0205187127244293,0.0097156797166027,-0.0686027243691162,0.17108714561282,0.0628295331680839
"fixed_design","ET","upper",317,TRUE,0.0204887207685059,0.00969764507277826,-0.0685243475679159,0.171080942322024,0.0627470574775138
"fixed_design","ET","upper",318,TRUE,0.0204596407852297,0.00967425919131926,-0.0685154527491481,0.171041238428861,0.062663838142291
"fixed_design","ET","upper",319,TRUE,0.0204314727746002,0.0096483312304273,-0.0684035270109987,0.170689817441074,0.0625798916287169
"fixed_design","ET","upper",320,TRUE,0.0204042167366183,0.00962416951357925,-0.0682830533118178,0.170404584844122,0.0624952351050593
"fixed_design","ET","upper",321,TRUE,0.0203778726712837,0.00959232850732072,-0.0681285013874521,0.169989353747738,0.0624098864482487
"fixed_design","ET","upper",322,TRUE,0.0203524405785959,0.00957997575165482,-0.0680330641830652,0.169710612048094,0.0623238642507015
"fixed_design","ET","upper",323,TRUE,0.0203279204585556,0.00959358640410802,-0.0680668251683408,0.169427182339313,0.0622371878272653
"fixed_design","ET","upper",324,TRUE,0.0203043123111625,0.0096298508016668,-0.0679617184321393,0.169190156316068,0.0621498772222793
"fixed_design","ET","upper",325,TRUE,0.0202816161364165,0.00963693622683061,-0.0680089861386798,0.168957773897214,0.0620619532167491
"fixed_design","ET","upper",326,TRUE,0.0202598319343177,0.0096693414100667,-0.0679014529399275,0.168595635578007,0.0619734373356256
"fixed_design","ET","upper",327,TRUE,0.0202389597048661,0.00964263922956899,-0.0677139474514636,0.168315646103251,0.0618843518551851
"fixed_design","ET","upper",328,TRUE,0.0202189994480618,0.00964150182942059,-0.0676917271479766,0.168252955475796,0.0617947198105022
"fixed_design","ET","upper",329,TRUE,0.0201999511639043,0.00969559868399107,-0.0675354306658165,0.167979602367233,0.0617045650030096
"fixed_design","ET","upper",330,TRUE,0.0201818148523945,0.00972036518168707,-0.0674077653480471,0.167527810350393,0.0616139120081364
"fixed_design","ET","upper",331,TRUE,0.0201645905135313,0.00972131197334437,-0.0671824228620771,0.167246898458215,0.061522786183016
"fixed_design","ET","upper",332,TRUE,0.0201482781473158,0.00974153652793532,-0.0671136338304043,0.166944329633212,0.0614312136742572
"fixed_design","ET","upper",333,TRUE,0.0201328777537475,0.00969983402300723,-0.0669465167244977,0.166869293454163,0.0613392214257658
"fixed_design","ET","upper",334,TRUE,0.0201183893328261,0.00969072640253255,-0.0668508702981429,0.166435005947767,0.0612468371866092
"fixed_design","ET","upper",335,TRUE,0.0201048128845521,0.00967454588879157,-0.0667162259286538,0.166148833958839,0.0611540895189124
"fixed_design","ET","upper",336,TRUE,0.0200921484089253,0.00969008171393804,-0.0667651533800458,0.165895682910345,0.0610610078057732
"fixed_design","ET","upper",337,TRUE,0.0200803959059457,0.00973420820003182,-0.0667095821338497,0.165814488580602,0.0609676222591857
"fixed_design","ET","upper",338,TRUE,0.020069555375613,0.00972217619767069,-0.0666124160456566,0.165603865735195,0.0608739639279585
"fixed_design","ET","upper",339,TRUE,0.0200596268179277,0.0097483516740543,-0.0663939417989074,0.165530023691404,0.0607800647056137
"fixed_design","ET","upper",340,TRUE,0.0200506102328896,0.00979786083640379,-0.0662383504153797,0.165334327593379,0.0606859573382534
"fixed_design","ET","upper",341,TRUE,0.0200425056204987,0.00982683824201525,-0.0661122919520002,0.164969936711968,0.0605916754323763
"fixed_design","ET","upper",342,TRUE,0.0200353129807549,0.00985190819345882,-0.0659940312840759,0.164513428604017,0.0604972534626306
"fixed_design","ET","upper",343,TRUE,0.0200290323136584,0.00985237221010416,-0.0658986469793134,0.164411708695837,0.060402726779485
"fixed_design","ET","upper",344,TRUE,0.0200236636192089,0.0098835112549246,-0.0657985909430332,0.164076418264962,0.0603081316167992
"fixed_design","ET","upper",345,TRUE,0.0200192068974069,0.00988334665267166,-0.0655613409481424,0.163707352975598,0.0602135050992767
"fixed_design","ET","upper",346,TRUE,0.0200156621482519,0.00991680182928847,-0.0653521308519003,0.163495863136832,0.0601188852497784
"fixed_design","ET","upper",347,TRUE,0.020013029371744,0.00997854228223871,-0.06510351620855,0.163111522268843,0.0600243109964785
"fixed_design","ET","upper",348,TRUE,0.0200113085678835,0.00995585881343887,-0.0650355797392069,0.162639361040347,0.0599298221798374
"fixed_design","ET","upper",349,TRUE,0.02001049973667,0.0100187763542079,-0.0649335645785216,0.162181362745993,0.0598354595593727
"fixed_design","ET","upper",350,TRUE,0.0200106028781037,0.0100206120212999,-0.0647469826456244,0.161735449371679,0.0597412648202024
"fixed_design","ET","upper",351,TRUE,0.0200116179921847,0.0100397938008451,-0.0646422745478572,0.161380687025759,0.0596472805793352
"fixed_design","ET","upper",352,TRUE,0.0200135450789129,0.0100793934437083,-0.0645320492927743,0.161242129134764,0.0595535503916831
"fixed_design","ET","upper",353,TRUE,0.0200163841382883,0.0100831772034297,-0.0644880336573283,0.160804028511822,0.0594601187557691
"fixed_design","ET","upper",354,TRUE,0.0200201351703107,0.01015540549911,-0.0644615907159297,0.160627417879039,0.0593670311191014
"fixed_design","ET","upper",355,TRUE,0.0200247981749807,0.0102162597037553,-0.0643601853802537,0.160202143484049,0.0592743338831861
"fixed_design","ET","upper",356,TRUE,0.0200303731522976,0.0102821606586009,-0.0643126367462294,0.160075749994527,0.0591820744081465
"fixed_design","ET","upper",357,TRUE,0.0200368601022616,0.0103628226509141,-0.0641125223031722,0.159358238858185,0.0590903010169203
"fixed_design","ET","upper",358,TRUE,0.020044259024873,0.010477027824049,-0.0640181806420593,0.158812793439825,0.0589990629989997
"fixed_design","ET","upper",359,TRUE,0.0200525699201313,0.0105362015348527,-0.063900501250858,0.158476911867338,0.0589084106136831
"fixed_design","ET","upper",360,TRUE,0.0200617927880371,0.0105610535980668,-0.0637931342942837,0.158015884163512,0.0588183950928039
"fixed_design","ET","upper",361,TRUE,0.02007192762859,0.0106490143132719,-0.0635733325879208,0.157734323780707,0.0587290686428987
"fixed_design","ET","upper",362,TRUE,0.0200829744417902,0.0106923802760071,-0.0634546701222178,0.157373502003042,0.058640484446783
"fixed_design","ET","upper",363,TRUE,0.0200949332276373,0.0107949015048823,-0.0632547715498349,0.157260378464397,0.0585526966644927
"fixed_design","ET","upper",364,TRUE,0.0201078039861317,0.0108151352520399,-0.0633031281969249,0.156770056908331,0.0584657604335561
"fixed_design","ET","upper",365,TRUE,0.0201215867172735,0.0108602791437309,-0.0632460660294107,0.156403633820856,0.0583797318685568
"fixed_design","ET","upper",366,TRUE,0.0201362814210621,0.0108998546368008,-0.0631456227204339,0.156051821916247,0.0582946680599469
"fixed_design","ET","upper",367,TRUE,0.0201518880974983,0.0109772201306929,-0.0630199546595678,0.155856427200029,0.0582106270720718
"fixed_design","ET","upper",368,TRUE,0.0201684067465815,0.0109544840735619,-0.0628697387030723,0.155543339657306,0.058127667940364
"fixed_design","ET","upper",369,TRUE,0.020185837368312,0.0110319480482943,-0.062931707118293,0.15529903449269,0.0580458506676654
"fixed_design","ET","upper",370,TRUE,0.0202041799626894,0.0111023592013734,-0.0628854036014675,0.154768631944959,0.0579652362196354
"fixed_design","ET","upper",371,TRUE,0.0202234345297144,0.0111984938099891,-0.0628361827168161,0.154309697365644,0.0578858865192035
"fixed_design","ET","upper",372,TRUE,0.0202436010693862,0.0112369380840214,-0.0628335642986057,0.153857249916805,0.0578078644400216
"fixed_design","ET","upper",373,TRUE,0.0202646795817055,0.0113059626543172,-0.0627141418888323,0.15342187824973,0.0577312337988777
"fixed_design","ET","upper",374,TRUE,0.0202866700666717,0.0113215961126253,-0.0624376611292666,0.153258442363315,0.0576560593470227
"fixed_design","ET","upper",375,TRUE,0.0203095725242854,0.0114266139827598,-0.0621690066322121,0.153018183714391,0.0575824067603733
"fixed_design","ET","upper",376,TRUE,0.0203333869545461,0.0115260673183182,-0.0620223790775622,0.152395400815048,0.0575103426285446
"fixed_design","ET","upper",377,TRUE,0.0203581133574539,0.011516468461574,-0.0620046297967169,0.151977492033549,0.0574399344426751
"fixed_design","ET","upper",378,TRUE,0.0203837517330094,0.011560709046718,-0.061872567608575,0.151744355200398,0.0573712505819993
"fixed_design","ET","upper",379,TRUE,0.0204103020812116,0.0116276544917053,-0.0617449635412754,0.151319866470059,0.05730436029913
"fixed_design","ET","upper",380,TRUE,0.020437764402061,0.0116268668862802,-0.0616044785499245,0.150805759305976,0.0572393337040133
"fixed_design","ET","upper",381,TRUE,0.0204661386955578,0.0116403850015858,-0.0615760517323874,0.150664850870634,0.0571762417465144
"fixed_design","ET","upper",382,TRUE,0.0204954249617015,0.0116655256627433,-0.0615148695123424,0.150537443608697,0.0571151561976016
"fixed_design","ET","upper",383,TRUE,0.0205256232004929,0.0118070921066443,-0.0613207709098456,0.150759994345738,0.0570561496290948
"fixed_design","ET","upper",384,TRUE,0.0205567334119312,0.0118553725289301,-0.0610423364284553,0.150929381531678,0.0569992953919431
"fixed_design","ET","upper",385,TRUE,0.0205887555960165,0.0119201918849339,-0.0609294361458179,0.150503429936457,0.0569446675930049
"fixed_design","ET","upper",386,TRUE,0.0206216897527492,0.0119512034017583,-0.0609139087589298,0.150356502687253,0.0568923410703015
"fixed_design","ET","upper",387,TRUE,0.020655535882129,0.0119777925394814,-0.060803570225384,0.150385760535854,0.0568423913667199
"fixed_design","ET","upper",388,TRUE,0.0206902939841561,0.0120472831253827,-0.0607433429056139,0.150136293972327,0.0567948947021436
"fixed_design","ET","upper",389,TRUE,0.0207259640588302,0.0120677008414569,-0.0606380583752092,0.149829768680065,0.0567499279439927
"fixed_design","ET","upper",390,TRUE,0.0207625461061516,0.0120931849367423,-0.0606411781088344,0.149627624129396,0.0567075685761594
"fixed_design","ET","upper",391,TRUE,0.0208000401261203,0.0121771612240742,-0.0606364578377348,0.14933266688766,0.0566678946663279
"fixed_design","ET","upper",392,TRUE,0.0208384461187361,0.0122948711891976,-0.0606712304704167,0.148823487358246,0.0566309848316714
"fixed_design","ET","upper",393,TRUE,0.020877764083999,0.0123743127320614,-0.0607021016023483,0.148937513402143,0.0565969182029256
"fixed_design","ET","upper",394,TRUE,0.0209179940219093,0.0124054387627131,-0.0606757008072385,0.148740067289033,0.0565657743868404
"fixed_design","ET","upper",395,TRUE,0.0209591359324668,0.0124610245189272,-0.0606998382709696,0.148514916422248,0.0565376334270161
"fixed_design","ET","upper",396,TRUE,0.0210011898156712,0.0125041479690621,-0.0606624103845541,0.148429175398056,0.0565125757631394
"fixed_design","ET","upper",397,TRUE,0.021044155671523,0.0125786462824494,-0.0605474344094647,0.148020697748117,0.0564906821886358
"fixed_design","ET","upper",398,TRUE,0.0210880335000221,0.0126533830191373,-0.0604314722138672,0.147579849412282,0.0564720338067611
"fixed_design","ET","upper",399,TRUE,0.0211328233011683,0.0127275089647072,-0.0603918262129172,0.147602431702808,0.0564567119851635
"fixed_design","ET","upper",400,TRUE,0.0211785250749614,0.0127855971948371,-0.0602801537423038,0.147553575769731,0.0564447983089516
"fixed_design","ET","upper",401,TRUE,0.0212251388214019,0.0128909158947912,-0.0602979958083692,0.147494019740835,0.056436374532309
"fixed_design","ET","upper",402,TRUE,0.0212726645404897,0.0129483710876506,-0.0602561298492928,0.147207115912141,0.0564315225287039
"fixed_design","ET","upper",403,TRUE,0.0213211022322245,0.0130043520261101,-0.0603087196855991,0.147083917571217,0.0564303242397498
"fixed_design","ET","upper",404,TRUE,0.0213704518966068,0.013076935949263,-0.0603434602167374,0.146919134807241,0.0564328616227766
"fixed_design","ET","upper",405,TRUE,0.0214207135336359,0.013123654772799,-0.0602391047150796,0.146530390782571,0.0564392165971793
"fixed_design","ET","upper",406,TRUE,0.0214718871433125,0.0132123401917317,-0.0601804165733014,0.146381002069115,0.0564494709896218
"fixed_design","ET","upper",407,TRUE,0.0215239727256361,0.0132516034961125,-0.0601039515010402,0.146393659245105,0.0564637064781713
"fixed_design","ET","upper",408,TRUE,0.021576970280607,0.0133284916494498,-0.0600341658562953,0.146662564784703,0.0564820045354558
"fixed_design","ET","upper",409,TRUE,0.021630879808225,0.0133856846285932,-0.0600241169511458,0.1467341885841,0.0565044463709333
"fixed_design","ET","upper",410,TRUE,0.0216857013084901,0.0133956357853018,-0.0600080612408181,0.146900649186746,0.0565311128723765
"fixed_design","ET","upper",411,TRUE,0.0217414347814029,0.0133922955619177,-0.059949164057701,0.147378541911167,0.0565620845466756
"fixed_design","ET","upper",412,TRUE,0.0217980802269624,0.0134529208577657,-0.0599576982149208,0.147377507852263,0.0565974414600717
"fixed_design","ET","upper",413,TRUE,0.021855637645169,0.0134081956486819,-0.0598320634100095,0.147353110471149,0.0566372631779389
"fixed_design","ET","upper",414,TRUE,0.0219141070360233,0.0133846858399217,-0.0597514854640594,0.147572708866061,0.0566816287042343
"fixed_design","ET","upper",415,TRUE,0.0219734883995245,0.0134423088420685,-0.0597448345496107,0.147997619279231,0.0567306164207442
"fixed_design","ET","upper",416,TRUE,0.0220337817356727,0.0134558418805161,-0.0597730295111518,0.148224188367939,0.0567843040262586
"fixed_design","ET","upper",417,TRUE,0.0220949870444685,0.0135966523389735,-0.0599357227972376,0.148077774756358,0.0568427684758069
"fixed_design","ET","upper",418,TRUE,0.0221571043259112,0.0136229216857935,-0.0599146521144532,0.148186569942363,0.0569060859200927
"fixed_design","ET","upper",419,TRUE,0.0222201335800012,0.013645407403604,-0.0598774958592445,0.14851431312839,0.0569743316452718
"fixed_design","ET","upper",420,TRUE,0.0222840748067383,0.0136630893390193,-0.0598545382343033,0.148463555402131,0.0570475800132132
"fixed_design","ET","upper",421,TRUE,0.0223489280061226,0.013749055477995,-0.0599463208779615,0.149006819045372,0.0571259044023897
"fixed_design","ET","upper",422,TRUE,0.0224146931781541,0.0138557434911916,-0.0599754002882395,0.149046928787134,0.0572093771495439
"fixed_design","ET","upper",423,TRUE,0.0224813703228329,0.0139572274683564,-0.0599480914605366,0.148901687697528,0.0572980694922752
"fixed_design","ET","upper",424,TRUE,0.0225489594401589,0.0139750059873627,-0.0599075747846736,0.148880291298952,0.0573920515126937
"fixed_design","ET","upper",425,TRUE,0.0226174605301319,0.0140948035466652,-0.0599630105361188,0.149529499608483,0.0574913920822861
"fixed_design","ET","upper",426,TRUE,0.0226868735927524,0.0140528465090846,-0.060027212933968,0.149725645001898,0.0575961588081368
"fixed_design","ET","upper",427,TRUE,0.0227571986280199,0.0140093635854799,-0.0600723088631841,0.149716638349901,0.0577064179806423
"fixed_design","ET","upper",428,TRUE,0.0228284356359344,0.0140316532637379,-0.0600072891685017,0.150277528873862,0.0578222345228595
"fixed_design","ET","upper",429,TRUE,0.0229005846164962,0.0141108515498643,-0.060036052198701,0.150868677073746,0.0579436719416188
"fixed_design","ET","upper",430,TRUE,0.0229736455697054,0.0142057499357823,-0.0599195768621631,0.151295873835047,0.0580707922805314
"fixed_design","ET","upper",431,TRUE,0.0230476184955617,0.0142596839488289,-0.0599775947298935,0.151869787207161,0.058203656075013
"fixed_design","ET","upper",432,TRUE,0.0231225033940651,0.0142985050245878,-0.0599721532665343,0.152359683118358,0.0583423223094437
"fixed_design","ET","upper",433,TRUE,0.0231983002652158,0.0142947386762304,-0.0599759881674239,0.152575176742512,0.0584868483765723
"fixed_design","ET","upper",434,TRUE,0.0232750091090136,0.0143139198959265,-0.0599634388881315,0.152614511101779,0.0586372900392701
"fixed_design","ET","upper",435,TRUE,0.0233526299254587,0.0144590249183005,-0.0600005764526172,0.152631809320328,0.0587937013947293
"fixed_design","ET","upper",436,TRUE,0.0234311627145507,0.0145037554383577,-0.0601108243370528,0.15293448703959,0.0589561348411933
"fixed_design","ET","upper",437,TRUE,0.0235106074762902,0.0145292014883236,-0.0601390391086456,0.15383377141569,0.0591246410473003
"fixed_design","ET","upper",438,TRUE,0.0235909642106767,0.0146289459489447,-0.0601953591317282,0.154277977028596,0.0592992689241058
"fixed_design","ET","upper",439,TRUE,0.0236722329177106,0.01468795991758,-0.0604514342512696,0.155106027564753,0.0594800655998485
"fixed_design","ET","upper",440,TRUE,0.0237544135973915,0.0147820880414223,-0.0605709436708204,0.155214856576718,0.0596670763975072
"fixed_design","ET","upper",441,TRUE,0.0238375062497195,0.0148015822168084,-0.0607291338714181,0.155700421411635,0.0598603448151922
"fixed_design","ET","upper",442,TRUE,0.0239215108746949,0.0147639091364154,-0.0607958443140053,0.156436240156717,0.0600599125093996
"fixed_design","ET","upper",443,TRUE,0.0240064274723176,0.0147666797366046,-0.0606927123243565,0.156855194502333,0.0602658192811494
"fixed_design","ET","upper",444,TRUE,0.0240922560425874,0.0147471456058446,-0.0607535806889523,0.157415469466817,0.060478103065019
"fixed_design","ET","upper",445,TRUE,0.0241789965855043,0.014814579570647,-0.0609359289536598,0.158225487976878,0.0606967999210703
"fixed_design","ET","upper",446,TRUE,0.0242666491010685,0.0148132117910151,-0.0612079585319568,0.159022436814827,0.0609219440296621
"fixed_design","ET","upper",447,TRUE,0.0243552135892798,0.0149883621392113,-0.0612602216899332,0.159720019522424,0.0611535676891258
"fixed_design","ET","upper",448,TRUE,0.024444690050138,0.0150123330114148,-0.0614572748562708,0.160293840235437,0.0613917013162763
"fixed_design","ET","upper",449,TRUE,0.0245350784836439,0.0150743650384345,-0.0617893908789361,0.161007482376109,0.0616363734497197
"fixed_design","ET","upper",450,TRUE,0.0246263788897968,0.0151119278270087,-0.0617593476320554,0.161572251016987,0.0618876107559055
"fixed_design","ET","upper",451,TRUE,0.0247185912685968,0.0151738427407694,-0.0618504185073397,0.16241232139708,0.0621454380378725
"fixed_design","ET","upper",452,TRUE,0.024811715620044,0.0151047592072475,-0.0619568137650828,0.163197461149854,0.0624098782466179
"fixed_design","ET","upper",453,TRUE,0.0249057519441386,0.0151230226888807,-0.062082440881028,0.163930689575913,0.0626809524950197
"fixed_design","ET","upper",454,TRUE,0.0250007002408804,0.0151065218626905,-0.0620790190641406,0.165087958978036,0.0629586800742303
"fixed_design","ET","upper",455,TRUE,0.0250965605102693,0.015206147210907,-0.0620309725720717,0.166104115021958,0.063243078472456
"fixed_design","ET","upper",456,TRUE,0.0251933327523052,0.0152215743062176,-0.0622013618393428,0.166904149055977,0.0635341633960277
"fixed_design","ET","upper",457,TRUE,0.0252910169669883,0.0152429404155534,-0.0624892920560849,0.167722672881121,0.0638319487926649
"fixed_design","ET","upper",458,TRUE,0.025389613154319,0.0152176130359314,-0.0626433226544325,0.168604739069982,0.0641364468768286
"fixed_design","ET","upper",459,TRUE,0.0254891213142964,0.0152469911156569,-0.0628118547075342,0.16951587791127,0.0644476681570554
"fixed_design","ET","upper",460,TRUE,0.0255895414469213,0.0152613704889038,-0.0630794305794597,0.169852675788322,0.0647656214651619
"fixed_design","ET","upper",461,TRUE,0.025690873552193,0.015280704158973,-0.0635710903345292,0.170726975281503,0.0650903139872013
"fixed_design","ET","upper",462,TRUE,0.0257931176301124,0.0152864549627285,-0.0639324862836447,0.17174481695369,0.0654217512960595
"fixed_design","ET","upper",463,TRUE,0.0258962736806787,0.0153847548782432,-0.0641413878100639,0.172502122227484,0.0657599373855668
"fixed_design","ET","upper",464,TRUE,0.0260003417038924,0.0153998185210774,-0.0643995802277708,0.173573657226483,0.0661048747060079
"fixed_design","ET","upper",465,TRUE,0.026105321699753,0.0154770481408641,-0.0645952473631675,0.174764129762372,0.0664565642009077
"fixed_design","ET","upper",466,TRUE,0.0262112136682611,0.0155106155588299,-0.0648979800161634,0.175790893411038,0.0668150053449717
"fixed_design","ET","upper",467,TRUE,0.0263180176094162,0.0155452507012674,-0.065222397203529,0.176821644500652,0.0671801961830603
"fixed_design","ET","upper",468,TRUE,0.0264257335232187,0.0156904560971807,-0.065658793930294,0.177847704220258,0.0675521333700773
"fixed_design","ET","upper",469,TRUE,0.0265343614096683,0.0157283974318416,-0.0659121882096783,0.178986512762256,0.0679308122116538
"fixed_design","ET","upper",470,TRUE,0.0266439012687648,0.0157797645890377,-0.0661829678833781,0.180186844621725,0.0683162267055116
"fixed_design","ET","upper",471,TRUE,0.0267543531005087,0.0158139756739068,-0.0665862408341757,0.180938918430711,0.0687083695833917
"fixed_design","ET","upper",472,TRUE,0.0268657169048998,0.015905223078311,-0.0669690000150803,0.181885748746465,0.0691072323534355
"fixed_design","ET","upper",473,TRUE,0.0269779926819384,0.0159774915791824,-0.0672975740789486,0.182872999026281,0.0695128053429124
"fixed_design","ET","upper",474,TRUE,0.0270911804316237,0.0160341044620582,-0.0677999195996656,0.184334026152128,0.0699250777411869
"fixed_design","ET","upper",475,TRUE,0.0272052801539562,0.0160338325506918,-0.0682696147812021,0.185439153950757,0.0703440376428255
"fixed_design","ET","upper",476,TRUE,0.027320291848936,0.016063262587003,-0.0685714541112293,0.186935731237662,0.0707696720907452
"fixed_design","ET","upper",477,TRUE,0.0274362155165631,0.0161320215821731,-0.0690071275300115,0.188573858292716,0.0712019671193098
"fixed_design","ET","upper",478,TRUE,0.0275530511568375,0.016166759579238,-0.0695354103399974,0.189874804942602,0.0716409077972873
"fixed_design","ET","upper",479,TRUE,0.0276707987697589,0.0161936669083264,-0.0700526740992153,0.191306688282788,0.0720864782705824
"fixed_design","ET","upper",480,TRUE,0.0277894583553274,0.016147930924219,-0.0705917811585045,0.192258004083888,0.0725386618046645
"fixed_design","ET","upper",481,TRUE,0.0279090299135433,0.0162379199124072,-0.071123935024568,0.193414725656144,0.072997440826617
"fixed_design","ET","upper",482,TRUE,0.0280295134444062,0.016264017484425,-0.0716358693259789,0.194609679524451,0.0734627969667365
"fixed_design","ET","upper",483,TRUE,0.0281509089479165,0.0162830279706944,-0.0721137034056288,0.196041650270917,0.0739347110996173
"fixed_design","ET","upper",484,TRUE,0.0282732164240738,0.0161596604038467,-0.0726561287682784,0.197382696080839,0.0744131633846595
"fixed_design","ET","upper",485,TRUE,0.0283964358728783,0.0162798000657074,-0.0731456836068424,0.199035166474565,0.0748981333059455
"fixed_design","ET","upper",486,TRUE,0.0285205672943303,0.0163623306405365,-0.0737292571673765,0.200512854228401,0.0753895997114329
"fixed_design","ET","upper",487,TRUE,0.0286456106884293,0.0164028287717477,-0.0743027029901089,0.20160232650696,0.0758875408514159
"fixed_design","ET","upper",488,TRUE,0.0287715660551752,0.0164358049933725,-0.0748549834837215,0.203238784212815,0.0763919344162162
"fixed_design","ET","upper",489,TRUE,0.0288984333945685,0.0164852343778258,-0.0754378850139753,0.204261324272682,0.076902757573062
"fixed_design","ET","upper",490,TRUE,0.0290262127066092,0.0165299923676155,-0.0759864087687538,0.205973062123464,0.0774199870021224
"fixed_design","ET","upper",491,TRUE,0.0291549039912969,0.0166150259670272,-0.0766799677506022,0.207332116460586,0.0779435989316688
"fixed_design","ET","upper",492,TRUE,0.0292845072486319,0.0166869950580517,-0.0772170480064484,0.208672542895922,0.0784735691723376
"fixed_design","ET","upper",493,TRUE,0.029415022478614,0.0167283026490141,-0.0779363176413382,0.210257558850863,0.079009873150471
"fixed_design","ET","upper",494,TRUE,0.0295464496812433,0.0167138995146392,-0.0786639888865423,0.211925803606531,0.0795524859405206
"fixed_design","ET","upper",495,TRUE,0.0296787888565198,0.0167948149746851,-0.0794345240597901,0.212978779305254,0.0801013822964963
"fixed_design","ET","upper",496,TRUE,0.0298120400044436,0.016817638978327,-0.0801794906438162,0.214595291736398,0.0806565366824529
"fixed_design","ET","upper",497,TRUE,0.0299462031250143,0.0168577299337373,-0.080880592104095,0.216359847568567,0.0812179233020029
"fixed_design","ET","upper",498,TRUE,0.0300812782182324,0.0168783069692879,-0.0816796882789211,0.217984518144405,0.0817855161268544
"fixed_design","ET","upper",499,TRUE,0.0302172652840975,0.0169895473405328,-0.0825036287528702,0.219434802024649,0.0823592889243688
"fixed_design","ET","upper",500,TRUE,0.03035416432261,0.0170256056198469,-0.0832952755267435,0.220619723467866,0.0829392152841407
"fixed_design","ET","upper",501,TRUE,0.0304919753337698,0.0170364857989056,-0.0839596444646911,0.22241574357458,0.0835252686436025
"fixed_design","ET","upper",502,TRUE,0.0306306983175765,0.0170598315190898,-0.0846896600557044,0.223860085078598,0.084117422312659
"fixed_design","ET","upper",503,TRUE,0.0307703332740305,0.0172487473952494,-0.0855901597277352,0.225159647239476,0.0847156494973601
"fixed_design","ET","upper",504,TRUE,0.0309108802031317,0.0171895017197074,-0.0862495210020465,0.226523109198036,0.0853199233226196
"fixed_design","ET","upper",505,TRUE,0.0310523391048798,0.0173317297408697,-0.0869359940062455,0.227993982613272,0.0859302168539927
"fixed_design","ET","upper",506,TRUE,0.0311947099792758,0.017330416485933,-0.0876998532921886,0.229307694246982,0.0865465031185244
"fixed_design","ET","upper",507,TRUE,0.0313379928263183,0.017387276185585,-0.0887677218301246,0.230758978318674,0.0871687551246821
"fixed_design","ET","upper",508,TRUE,0.0314821876460084,0.0174320819541435,-0.0895304633546226,0.232163532193335,0.0877969458813905
"fixed_design","ET","upper",509,TRUE,0.0316272944383455,0.017464144175558,-0.0903889833216264,0.233568109997528,0.0884310484161825
"fixed_design","ET","upper",510,TRUE,0.0317733132033302,0.0174415312733527,-0.0911569783961371,0.235330400165535,0.0890710357924864
"fixed_design","ET","upper",511,TRUE,0.0319202439409616,0.0174193326439482,-0.0920360631258943,0.237222714049337,0.0897168811260656
"fixed_design","ET","upper",512,TRUE,0.0320680866512404,0.017403082682205,-0.0928115653246148,0.238988966979525,0.0903685576006337
"fixed_design","ET","upper",513,TRUE,0.0322168413341664,0.0175234646543555,-0.0936143690345476,0.240624178045847,0.0910260384826615
"fixed_design","ET","upper",514,TRUE,0.0323665079897394,0.0175225196141641,-0.0944339000210002,0.242110453886542,0.091689297135399
"fixed_design","ET","upper",515,TRUE,0.0325170866179597,0.017569329931815,-0.0953595056113131,0.243747001588692,0.0923583070321325
"fixed_design","ET","upper",516,TRUE,0.0326685772188275,0.0176302046207039,-0.0964048454743802,0.245472496642237,0.0930330417686992
"fixed_design","ET","upper",517,TRUE,0.0328209797923417,0.0176657571712391,-0.097263378807525,0.247237747263318,0.0937134750752792
"fixed_design","ET","upper",518,TRUE,0.0329742943385034,0.0177797643969306,-0.0984268478217685,0.248816957948123,0.0943995808274908
"fixed_design","ET","upper",519,TRUE,0.0331285208573129,0.0178774166397934,-0.0994539077892541,0.25035094837161,0.0950913330568058
"fixed_design","ET","upper",520,TRUE,0.0332836593487689,0.0178995617515143,-0.100564637577089,0.251964867168435,0.095788705960311
"fixed_design","ET","upper",521,TRUE,0.0334397098128723,0.0179233862135627,-0.101543823762145,0.253588720037404,0.0964916739098372
"fixed_design","ET","upper",522,TRUE,0.0335966722496231,0.0180847046306963,-0.102591831151506,0.255441441656728,0.0972002114604767
"fixed_design","ET","upper",523,TRUE,0.0337545466590208,0.0182049020665871,-0.103855401352779,0.257123071736907,0.0979142933585113
"fixed_design","ET","upper",524,TRUE,0.0339133330410661,0.0182587318693652,-0.105092885277985,0.258780088423543,0.0986338945487736
"fixed_design","ET","upper",525,TRUE,0.0340730313957582,0.0183076545113823,-0.106329577095218,0.260632437393317,0.0993589901814618
"fixed_design","ET","upper",526,TRUE,0.0342336417230976,0.0183285173322539,-0.107650695601261,0.262839129828941,0.10008955561843
"fixed_design","ET","upper",527,TRUE,0.0343951640230841,0.018429538086904,-0.10863247970648,0.264822138537273,0.100825566438973
"fixed_design","ET","upper",528,TRUE,0.034557598295718,0.0184524635768727,-0.109840744241445,0.266267157503393,0.101566998445131
"fixed_design","ET","upper",529,TRUE,0.034720944540999,0.0186037473440003,-0.111056112501739,0.26813625182619,0.102313827666526
"fixed_design","ET","upper",530,TRUE,0.0348852027589272,0.0186720289026875,-0.112131954906193,0.269987866911394,0.103066030364756
"fixed_design","ET","upper",531,TRUE,0.0350503729495026,0.018760654751659,-0.113600629793415,0.271943148564993,0.103823583037367
"fixed_design","ET","upper",532,TRUE,0.0352164551127251,0.0188209471985757,-0.11492604991838,0.273484112441198,0.104586462421417
"fixed_design","ET","upper",533,TRUE,0.0353834492485951,0.0189195535686653,-0.116102652882808,0.275254985211461,0.105354645496653
"fixed_design","ET","upper",534,TRUE,0.0355513553571121,0.0189842634694044,-0.117216752728081,0.277172868929412,0.106128109488314
"fixed_design","ET","upper",535,TRUE,0.035720173438276,0.0190643812190082,-0.118567853654268,0.279187578251966,0.10690683186959
"fixed_design","ET","upper",536,TRUE,0.0358899034920874,0.0192903562518648,-0.1195354594295,0.281084351446071,0.107690790363741
"fixed_design","ET","upper",537,TRUE,0.0360605455185457,0.0194715617537158,-0.120940847535487,0.282916379419171,0.108479962945894
"fixed_design","ET","upper",538,TRUE,0.0362320995176515,0.0195575788996026,-0.12253669589368,0.284777226517837,0.109274327844543
"fixed_design","ET","upper",539,TRUE,0.0364045654894045,0.0196466609766357,-0.123685656860104,0.286887056393406,0.110073863542756
"fixed_design","ET","upper",540,TRUE,0.0365779434338045,0.0197754199069591,-0.124843014789682,0.289250397124339,0.110878548779111
"fixed_design","SH","lower",1,TRUE,-0.642233284493971,-0.631286237807311,-1.39290309729544,0.092561563930347,0.74450594893192
"fixed_design","SH","lower",2,TRUE,-0.635731531026844,-0.624787704228078,-1.38052130496865,0.0926487080375561,0.737433677776493
"fixed_design","SH","lower",3,TRUE,-0.629259069417773,-0.618230605151464,-1.3680543295768,0.0935359608428856,0.730394951072968
"fixed_design","SH","lower",4,TRUE,-0.622815899666756,-0.611963761186215,-1.35551649779449,0.094404296266876,0.723389811192075
"fixed_design","SH","lower",5,TRUE,-0.616402021773796,-0.60545081390325,-1.34363605592775,0.0953703653102542,0.716418301603829
"fixed_design","SH","lower",6,TRUE,-0.610017435738891,-0.599173177558043,-1.33245375224879,0.0967633998731374,0.709480466911206
"fixed_design","SH","lower",7,TRUE,-0.603662141562041,-0.592780373079762,-1.32080756547144,0.0975802692224298,0.702576352884987
"fixed_design","SH","lower",8,TRUE,-0.597336139243248,-0.586241257591515,-1.30897558578096,0.0987459054277969,0.695706006499816
"fixed_design","SH","lower",9,TRUE,-0.591039428782509,-0.579986938744417,-1.2968501966553,0.0997499935533852,0.688869475971523
"fixed_design","SH","lower",10,TRUE,-0.584772010179826,-0.573444638308959,-1.2851830944085,0.100656442724276,0.682066810795739
"fixed_design","SH","lower",11,TRUE,-0.578533883435198,-0.567361079171794,-1.27328887585155,0.10150614137787,0.675298061787882
"fixed_design","SH","lower",12,TRUE,-0.572325048548626,-0.561520657368667,-1.26241660963683,0.101913425541231,0.668563281124534
"fixed_design","SH","lower",13,TRUE,-0.566145505520109,-0.555347217991596,-1.25112686829008,0.102428036152319,0.66186252238629
"fixed_design","SH","lower",14,TRUE,-0.559995254349648,-0.549145960336717,-1.23923572176466,0.103081824619654,0.655195840602115
"fixed_design","SH","lower",15,TRUE,-0.553874295037243,-0.543376704247602,-1.2273412409241,0.103501457201888,0.648563292295274
"fixed_design","SH","lower",16,TRUE,-0.547782627582892,-0.537646764951517,-1.21553260554825,0.10417744383848,0.64196493553089
"fixed_design","SH","lower",17,TRUE,-0.541720251986598,-0.531651427582642,-1.20409011108748,0.10537189915993,0.635400829965203
"fixed_design","SH","lower",18,TRUE,-0.535687168248359,-0.525472934980925,-1.1931387571802,0.106490363355163,0.628871036896572
"fixed_design","SH","lower",19,TRUE,-0.529683376368175,-0.519419770201838,-1.18221279788676,0.106988861561507,0.62237561931831
"fixed_design","SH","lower",20,TRUE,-0.523708876346047,-0.513465266808991,-1.17256198224862,0.107701155181112,0.615914641973405
"fixed_design","SH","lower",21,TRUE,-0.517763668181974,-0.507507627386522,-1.1612843187692,0.107595977584606,0.6094881714112
"fixed_design","SH","lower",22,TRUE,-0.511847751875957,-0.501342188768404,-1.15058405109981,0.108346648352686,0.60309627604611
"fixed_design","SH","lower",23,TRUE,-0.505961127427995,-0.495499121615777,-1.13961002861858,0.10942961078777,0.596739026218451
"fixed_design","SH","lower",24,TRUE,-0.500103794838089,-0.489837238631096,-1.12895837226751,0.110285838113766,0.59041649425745
"fixed_design","SH","lower",25,TRUE,-0.494275754106238,-0.483667123706838,-1.11889568697621,0.111220736470603,0.584128754546536
"fixed_design","SH","lower",26,TRUE,-0.488477005232443,-0.477791297872361,-1.10867664658554,0.112521493867964,0.577875883590968
"fixed_design","SH","lower",27,TRUE,-0.482707548216703,-0.471992769054587,-1.09883093711745,0.113542656609713,0.571657960087922
"fixed_design","SH","lower",28,TRUE,-0.476967383059019,-0.466111125642815,-1.08830082079467,0.114259536851065,0.565475064999087
"fixed_design","SH","lower",29,TRUE,-0.47125650975939,-0.460470497185456,-1.07796556369206,0.115281367543385,0.559327281625893
"fixed_design","SH","lower",30,TRUE,-0.465574928317817,-0.45433923769724,-1.06733665893378,0.115961733702135,0.553214695687452
"fixed_design","SH","lower",31,TRUE,-0.459922638734299,-0.448863855484134,-1.05714700063647,0.116694155380301,0.547137395401305
"fixed_design","SH","lower",32,TRUE,-0.454299641008836,-0.443042514732907,-1.04719428072088,0.117837932423471,0.541095471567086
"fixed_design","SH","lower",33,TRUE,-0.44870593514143,-0.437672516812627,-1.03653267784521,0.117887429306763,0.535089017653198
"fixed_design","SH","lower",34,TRUE,-0.443141521132078,-0.431912491188404,-1.02609886517974,0.11904149632275,0.529118129886605
"fixed_design","SH","lower",35,TRUE,-0.437606398980782,-0.426498303255231,-1.01488148228939,0.119958609394469,0.523182907345852
"fixed_design","SH","lower",36,TRUE,-0.432100568687542,-0.421049599071677,-1.00524167054839,0.120383334916202,0.517283452057426
"fixed_design","SH","lower",37,TRUE,-0.426624030252357,-0.415631341874556,-0.996172462687107,0.12081212926663,0.511419869095554
"fixed_design","SH","lower",38,TRUE,-0.421176783675228,-0.41010637105444,-0.987844985293659,0.12109535663089,0.505592266685573
"fixed_design","SH","lower",39,TRUE,-0.415758828956154,-0.404343806256681,-0.978062744522953,0.122556170055554,0.499800756310974
"fixed_design","SH","lower",40,TRUE,-0.410370166095136,-0.398865440175415,-0.968998386723265,0.122923679392342,0.49404545282424
"fixed_design","SH","lower",41,TRUE,-0.405010795092172,-0.393560552267253,-0.959469523109593,0.124118327445207,0.488326474561598
"fixed_design","SH","lower",42,TRUE,-0.399680715947265,-0.388047158931018,-0.950487750242165,0.124613707412016,0.482643943461815
"fixed_design","SH","lower",43,TRUE,-0.394379928660413,-0.382523023086385,-0.94102973706313,0.125230551971106,0.476997985189127
"fixed_design","SH","lower",44,TRUE,-0.389108433231617,-0.377072052987305,-0.930795302671991,0.126015402929768,0.471388729260467
"fixed_design","SH","lower",45,TRUE,-0.383866229660876,-0.371603680048666,-0.921121019612641,0.127786166189517,0.465816309177068
"fixed_design","SH","lower",46,TRUE,-0.37865331794819,-0.366455744662709,-0.912415557086174,0.128047398202698,0.460280862560591
"fixed_design","SH","lower",47,TRUE,-0.37346969809356,-0.361754400365161,-0.902779960253086,0.128845654672957,0.454782531293876
"fixed_design","SH","lower",48,TRUE,-0.368315370096986,-0.356653170444384,-0.89273896689276,0.129338550894021,0.449321461666437
"fixed_design","SH","lower",49,TRUE,-0.363190333958467,-0.351817938546436,-0.883383382308717,0.129680518637553,0.443897804524819
"fixed_design","SH","lower",50,TRUE,-0.358094589678003,-0.346631517607459,-0.87428589268379,0.130710376936958,0.438511715427905
"fixed_design","SH","lower",51,TRUE,-0.353028137255595,-0.341151889096381,-0.864587289112276,0.131795646882327,0.433163354807292
"fixed_design","SH","lower",52,TRUE,-0.347990976691243,-0.336011539681951,-0.855796993758102,0.132111683923801,0.427852888132815
"fixed_design","SH","lower",53,TRUE,-0.342983107984945,-0.33113955685403,-0.847435126811575,0.133062217864525,0.422580486083308
"fixed_design","SH","lower",54,TRUE,-0.338004531136704,-0.326449880541012,-0.838540972636762,0.134796274439303,0.417346324722685
"fixed_design","SH","lower",55,TRUE,-0.333055246146518,-0.321323215097072,-0.828788655519047,0.135786344845592,0.412150585681383
"fixed_design","SH","lower",56,TRUE,-0.328135253014387,-0.316122062524188,-0.820630719362677,0.136631793383153,0.406993456343226
"fixed_design","SH","lower",57,TRUE,-0.323244551740312,-0.311362252856525,-0.812048811664603,0.137559393174029,0.40187513003775
"fixed_design","SH","lower",58,TRUE,-0.318383142324293,-0.306482013403524,-0.802923542901682,0.138473029624812,0.396795806237975
"fixed_design","SH","lower",59,TRUE,-0.313551024766329,-0.30179964489118,-0.794718814151135,0.138736344942322,0.391755690763631
"fixed_design","SH","lower",60,TRUE,-0.30874819906642,-0.296933123482411,-0.786301359143501,0.13944354000251,0.386754995989801
"fixed_design","SH","lower",61,TRUE,-0.303974665224567,-0.292073867111898,-0.77818364622592,0.140348002259114,0.3817939410609
"fixed_design","SH","lower",62,TRUE,-0.299230423240769,-0.287602375574151,-0.768984180998307,0.14152085061195,0.376872752109901
"fixed_design","SH","lower",63,TRUE,-0.294515473115027,-0.283145602677948,-0.760608301217475,0.142753304274102,0.371991662482678
"fixed_design","SH","lower",64,TRUE,-0.289829814847341,-0.278760537963565,-0.751924853808498,0.143739655836957,0.36715091296726
"fixed_design","SH","lower",65,TRUE,-0.285173448437709,-0.274233899103471,-0.742596391876691,0.144413912285719,0.362350752027795
"fixed_design","SH","lower",66,TRUE,-0.280546373886133,-0.269736852406204,-0.733945302202849,0.1453959906957,0.357591436042932
"fixed_design","SH","lower",67,TRUE,-0.275948591192613,-0.265310017447421,-0.726400887728605,0.146542888798379,0.352873229548268
"fixed_design","SH","lower",68,TRUE,-0.271380100357148,-0.260487571028794,-0.717950955123366,0.148345177608939,0.348196405482466
"fixed_design","SH","lower",69,TRUE,-0.266840901379739,-0.255803639892837,-0.710025190323448,0.149396042865049,0.343561245436561
"fixed_design","SH","lower",70,TRUE,-0.262330994260385,-0.251255323014557,-0.701794503457742,0.150324004698326,0.338968039905863
"fixed_design","SH","lower",71,TRUE,-0.257850378999087,-0.246866000457218,-0.693844922538379,0.1516946991506,0.334417088543828
"fixed_design","SH","lower",72,TRUE,-0.253399055595845,-0.242340348408777,-0.685906282179463,0.15276297279243,0.329908700417112
"fixed_design","SH","lower",73,TRUE,-0.248977024050657,-0.237831473027024,-0.6775673560146,0.153592614692006,0.325443194260945
"fixed_design","SH","lower",74,TRUE,-0.244584284363525,-0.233397593819904,-0.669317165758724,0.154670157910651,0.321020898733823
"fixed_design","SH","lower",75,TRUE,-0.240220836534449,-0.229498452126922,-0.662752102045388,0.155656368523975,0.316642152670378
"fixed_design","SH","lower",76,TRUE,-0.235886680563428,-0.22507835028199,-0.655276470083143,0.156459732882814,0.312307305331152
"fixed_design","SH","lower",77,TRUE,-0.231581816450463,-0.220734989708907,-0.64773367948307,0.157417505300629,0.30801671664782
"fixed_design","SH","lower",78,TRUE,-0.227306244195553,-0.216816782275351,-0.640067538954473,0.158675425932959,0.30377075746224
"fixed_design","SH","lower",79,TRUE,-0.223059963798699,-0.212702032129315,-0.633309519735173,0.15984527700155,0.299569809757511
"fixed_design","SH","lower",80,TRUE,-0.2188429752599,-0.208527855825517,-0.625848440692865,0.160643483091006,0.29541426687901
"fixed_design","SH","lower",81,TRUE,-0.214655278579156,-0.204259210004648,-0.619505519178361,0.161644992016914,0.291304533743167
"fixed_design","SH","lower",82,TRUE,-0.210496873756469,-0.200426030909827,-0.613090830741511,0.162489003198355,0.287241027031458
"fixed_design","SH","lower",83,TRUE,-0.206367760791836,-0.196269446326812,-0.605734110808986,0.163324070106455,0.283224175366891
"fixed_design","SH","lower",84,TRUE,-0.202267939685259,-0.192085982937505,-0.599588904877591,0.164400802846837,0.279254419469917
"fixed_design","SH","lower",85,TRUE,-0.198197410436738,-0.187958040615062,-0.592525903414016,0.165299663571501,0.275332212290467
"fixed_design","SH","lower",86,TRUE,-0.194156173046272,-0.183899641056393,-0.586278468781711,0.166362788498923,0.271458019112445
"fixed_design","SH","lower",87,TRUE,-0.190144227513862,-0.18010218466796,-0.57933488569843,0.166835760340039,0.267632317626716
"fixed_design","SH","lower",88,TRUE,-0.186161573839506,-0.176254493388051,-0.572717369270434,0.167550326258612,0.263855597968274
"fixed_design","SH","lower",89,TRUE,-0.182208212023207,-0.172452911595151,-0.566196828007808,0.168118430781025,0.260128362712899
"fixed_design","SH","lower",90,TRUE,-0.178284142064963,-0.168651176357048,-0.559364791242287,0.169171451425707,0.256451126828265
"fixed_design","SH","lower",91,TRUE,-0.174389363964775,-0.165026201474602,-0.552868570331912,0.170238058919257,0.252824417574075
"fixed_design","SH","lower",92,TRUE,-0.170523877722642,-0.161287471170887,-0.546715926450471,0.171627008860379,0.249248774345405
"fixed_design","SH","lower",93,TRUE,-0.166687683338564,-0.157359837539116,-0.540629079062249,0.172951182302171,0.245724748453078
"fixed_design","SH","lower",94,TRUE,-0.162880780812542,-0.153390376864109,-0.534513150796802,0.173624292496685,0.242252902834493
"fixed_design","SH","lower",95,TRUE,-0.159103170144576,-0.149342972925692,-0.528372174989926,0.175139483387182,0.238833811687971
"fixed_design","SH","lower",96,TRUE,-0.155354851334665,-0.145827080704379,-0.522526851755043,0.177058314327472,0.23546806002337
"fixed_design","SH","lower",97,TRUE,-0.151635824382809,-0.141768837865595,-0.515741954964431,0.178066584036562,0.23215624312135
"fixed_design","SH","lower",98,TRUE,-0.147946089289009,-0.138116929993391,-0.509367970230485,0.179282243221199,0.228898965893452
"fixed_design","SH","lower",99,TRUE,-0.144285646053265,-0.134620492402515,-0.503069306055808,0.181547044118392,0.225696842134918
"fixed_design","SH","lower",100,TRUE,-0.140654494675576,-0.131108724883513,-0.496376742270324,0.182732482927684,0.222550493662001
"fixed_design","SH","lower",101,TRUE,-0.137052635155942,-0.127682663909721,-0.491422074375304,0.184339024639121,0.219460549325513
"fixed_design","SH","lower",102,TRUE,-0.133480067494364,-0.12408549766802,-0.485187219546912,0.185570254661177,0.216427643892304
"fixed_design","SH","lower",103,TRUE,-0.129936791690841,-0.120752376520936,-0.480551558166861,0.186550268118906,0.21345241678659
"fixed_design","SH","lower",104,TRUE,-0.126422807745374,-0.117370291622072,-0.474742436325497,0.187598574195887,0.210535510683292
"fixed_design","SH","lower",105,TRUE,-0.122938115657963,-0.114221159624215,-0.469544557443132,0.189096424447579,0.207677569945984
"fixed_design","SH","lower",106,TRUE,-0.119482715428606,-0.110938381781274,-0.464491785836323,0.191132648992845,0.204879238902698
"fixed_design","SH","lower",107,TRUE,-0.116056607057306,-0.107811185747524,-0.458613925601804,0.192510968846253,0.202141159953613
"fixed_design","SH","lower",108,TRUE,-0.112659790544061,-0.104502243028987,-0.453187217992918,0.194518547965545,0.199463971505698
"fixed_design","SH","lower",109,TRUE,-0.109292265888871,-0.101408237822093,-0.447691916188102,0.195564250889813,0.196848305730649
"fixed_design","SH","lower",110,TRUE,-0.105954033091737,-0.0984110130528149,-0.443285886996437,0.196916004660304,0.194294786143942
"fixed_design","SH","lower",111,TRUE,-0.102645092152658,-0.0951821353708359,-0.437665744638078,0.198544606131955,0.191804025004637
"fixed_design","SH","lower",112,TRUE,-0.0993654430716349,-0.091891560706707,-0.433255052545473,0.19971232098499,0.189376620537563
"fixed_design","SH","lower",113,TRUE,-0.0961150858486671,-0.0888269755113305,-0.428397765362221,0.201112437388465,0.187013153981848
"fixed_design","SH","lower",114,TRUE,-0.0928940204837551,-0.0853452333207933,-0.423378243244244,0.201868832550369,0.18471418647232
"fixed_design","SH","lower",115,TRUE,-0.0897022469768981,-0.0820676052349482,-0.419013446529536,0.203659054021407,0.182480255763127
"fixed_design","SH","lower",116,TRUE,-0.0865397653280968,-0.0788734655606768,-0.414264742586754,0.205266752688528,0.180311872805962
"fixed_design","SH","lower",117,TRUE,-0.0834065755373513,-0.0759418796758327,-0.409797785588096,0.206810670751115,0.178209518198524
"fixed_design","SH","lower",118,TRUE,-0.0803026776046609,-0.0731481906148172,-0.405901111325542,0.208790572511767,0.176173638522236
"fixed_design","SH","lower",119,TRUE,-0.077228071530026,-0.0701187470244937,-0.401956748752953,0.210873779658959,0.174204642591693
"fixed_design","SH","lower",120,TRUE,-0.0741827573134468,-0.0671553385643756,-0.397059767834558,0.213125074135827,0.172302897641837
"fixed_design","SH","lower",121,TRUE,-0.071166734954923,-0.0642214627837253,-0.393031013492374,0.214809871065767,0.170468725482267
"fixed_design","SH","lower",122,TRUE,-0.0681800044544548,-0.0613627467081155,-0.389067922127641,0.21671007706583,0.168702398651408
"fixed_design","SH","lower",123,TRUE,-0.0652225658120419,-0.0585809248008637,-0.384689954812669,0.218774416060479,0.167004136606268
"fixed_design","SH","lower",124,TRUE,-0.0622944190276846,-0.0559878341396863,-0.381033950482908,0.220572001356922,0.16537410198625
"fixed_design","SH","lower",125,TRUE,-0.0593955641013827,-0.05326425815811,-0.376845111084763,0.222178453692873,0.16381239699168
"fixed_design","SH","lower",126,TRUE,-0.0565260010331363,-0.0503880954290706,-0.37323952757578,0.224496206235547,0.162319059919397
"fixed_design","SH","lower",127,TRUE,-0.0536857298229457,-0.0476520758018197,-0.369535905307003,0.226137661832942,0.160894061898779
"fixed_design","SH","lower",128,TRUE,-0.0508747504708101,-0.0450122908149244,-0.365751496840983,0.228054319403232,0.15953730387179
"fixed_design","SH","lower",129,TRUE,-0.04809306297673,-0.0422945867104934,-0.361587830957696,0.229475780474096,0.158248613860117
"fixed_design","SH","lower",130,TRUE,-0.0453406673407061,-0.0396579369276728,-0.35829047825313,0.230842517368025,0.157027744560947
"fixed_design","SH","lower",131,TRUE,-0.0426175635627371,-0.0370808585076972,-0.354832083770611,0.232633292765285,0.155874371310626
"fixed_design","SH","lower",132,TRUE,-0.0399237516428235,-0.0343505866294219,-0.351108462547787,0.234740780721171,0.154788090452094
"fixed_design","SH","lower",133,TRUE,-0.0372592315809654,-0.0314878404873979,-0.347630431772271,0.236987661728362,0.153768418137854
"fixed_design","SH","lower",134,TRUE,-0.0346240033771631,-0.0289242823427027,-0.344167887625902,0.238976831230916,0.152814789595185
"fixed_design","SH","lower",135,TRUE,-0.0320180670314162,-0.026269216148202,-0.340724341776218,0.240791380670077,0.151926558874554
"fixed_design","SH","lower",136,TRUE,-0.0294414225437245,-0.0238608786249092,-0.337455382009132,0.2430037953669,0.151102999095797
"fixed_design","SH","lower",137,TRUE,-0.0268940699140889,-0.021499142500921,-0.334800388527274,0.245409371025705,0.15034330319975
"fixed_design","SH","lower",138,TRUE,-0.0243760091425083,-0.0189912451983072,-0.33124582822362,0.24741707219808,0.149646585205819
"fixed_design","SH","lower",139,TRUE,-0.0218872402289831,-0.0162819959549097,-0.327240812377113,0.249203988678748,0.149011881968658
"fixed_design","SH","lower",140,TRUE,-0.0194277631735138,-0.0140695981800442,-0.323830686593208,0.251791275213089,0.148438155419837
"fixed_design","SH","lower",141,TRUE,-0.0169975779760996,-0.0117390690083043,-0.320754358076103,0.253880543227485,0.147924295273334
"fixed_design","SH","lower",142,TRUE,-0.014596684636741,-0.00957444910042802,-0.317863503055345,0.25631703082663,0.147469122167118
"fixed_design","SH","lower",143,TRUE,-0.0122250831554382,-0.00747852500256451,-0.314603257828591,0.258819840045563,0.147071391207024
"fixed_design","SH","lower",144,TRUE,-0.00988277353219048,-0.00511053239453935,-0.311618993942337,0.261232293074825,0.146729795873877
"fixed_design","SH","lower",145,TRUE,-0.00756975576699867,-0.0029652642190211,-0.309250928562441,0.263838044914538,0.146442972250432
"fixed_design","SH","lower",146,TRUE,-0.00528602985986194,-0.000708338730593717,-0.306346984924673,0.26709168546445,0.146209503521184
"fixed_design","SH","lower",147,TRUE,-0.00303159581078094,0.00145707136754636,-0.303641423605343,0.26940652609855,0.146027924695718
"fixed_design","SH","lower",148,TRUE,-0.000806453619755184,0.00356553855636126,-0.300491030654768,0.271616409452595,0.145896727504795
"fixed_design","SH","lower",149,TRUE,0.00138939671321478,0.00565855464367994,-0.297896991468437,0.274445892600118,0.145814365418012
"fixed_design","SH","lower",150,TRUE,0.00355595518812932,0.00776186874683295,-0.295261079872554,0.276614887472389,0.145779258732405
"fixed_design","SH","lower",151,TRUE,0.00569322180498869,0.00959510166652103,-0.292597122226984,0.277931504377611,0.145789799682892
"fixed_design","SH","lower",152,TRUE,0.00780119656379223,0.0117078634683084,-0.290338219318836,0.279863087272527,0.145844357527691
"fixed_design","SH","lower",153,TRUE,0.00987987946454038,0.0136096606887626,-0.288191453192993,0.28202842501724,0.145941283564871
"fixed_design","SH","lower",154,TRUE,0.0119292705072331,0.0157031903351447,-0.285884126714336,0.284704545935144,0.146078916039756
"fixed_design","SH","lower",155,TRUE,0.0139493696918703,0.0177322589719356,-0.283302251317708,0.286510839790701,0.146255584906893
"fixed_design","SH","lower",156,TRUE,0.0159401770184518,0.0194890205278562,-0.280216566303452,0.288694790938983,0.146469616414678
"fixed_design","SH","lower",157,TRUE,0.0179016924869782,0.0213083463277782,-0.277781897025576,0.291268370964021,0.146719337485193
"fixed_design","SH","lower",158,TRUE,0.0198339160974488,0.0233023192398012,-0.275674132951708,0.294012346028885,0.147003079866466
"fixed_design","SH","lower",159,TRUE,0.0217368478498641,0.0250847799090445,-0.273217881940805,0.296742474934011,0.147319184038895
"fixed_design","SH","lower",160,TRUE,0.0236104877442236,0.026996648566894,-0.271002572331966,0.299161611738255,0.14766600286202
"fixed_design","SH","lower",161,TRUE,0.0254548357805281,0.0289021902327714,-0.269730868261355,0.301643952868665,0.148041904952046
"fixed_design","SH","lower",162,TRUE,0.0272698919587769,0.0303425337452404,-0.268075304153386,0.304311427101927,0.148445277784481
"fixed_design","SH","lower",163,TRUE,0.02905565627897,0.0322689498091158,-0.266123144241676,0.3067274770509,0.148874530519865
"fixed_design","SH","lower",164,TRUE,0.0308121287411079,0.033839245164159,-0.263863485541019,0.308560229981113,0.149328096553851
"fixed_design","SH","lower",165,TRUE,0.0325393093451898,0.0354571729495105,-0.262057419846522,0.311111478824701,0.149804435795771
"fixed_design","SH","lower",166,TRUE,0.0342371980912169,0.0369664563762267,-0.260481903753675,0.313246860504211,0.150302036682333
"fixed_design","SH","lower",167,TRUE,0.0359057949791883,0.0382816637025251,-0.258769128858231,0.315425997074381,0.150819417935216
"fixed_design","SH","lower",168,TRUE,0.0375451000091037,0.0397578501176089,-0.257190852507731,0.317788197545658,0.151355130073068
"fixed_design","SH","lower",169,TRUE,0.0391551131809643,0.0414439857136477,-0.255577215833324,0.320304294505665,0.151907756689797
"fixed_design","SH","lower",170,TRUE,0.0407358344947691,0.0428422842323213,-0.254176327550452,0.322769745390963,0.152475915512106
"fixed_design","SH","lower",171,TRUE,0.0422872639505183,0.0442517614665395,-0.25233937757139,0.32498378385872,0.153058259249978
"fixed_design","SH","lower",172,TRUE,0.0438094015482124,0.0456742615116226,-0.250774347491571,0.327365018270225,0.153653476254278
"fixed_design","SH","lower",173,TRUE,0.0453022472878507,0.0470733727109515,-0.249153318100872,0.330042408646321,0.154260290995893
"fixed_design","SH","lower",174,TRUE,0.0467658011694336,0.0484431612555491,-0.24795514626806,0.332272651184903,0.154877464380827
"fixed_design","SH","lower",175,TRUE,0.0482000631929611,0.050046232312206,-0.246940765558429,0.334844879951842,0.155503793915528
"fixed_design","SH","lower",176,TRUE,0.049605033358433,0.0516449763846946,-0.246039690137071,0.337527501637394,0.156138113736403
"fixed_design","SH","lower",177,TRUE,0.0509807116658495,0.0528280046239079,-0.244809377918633,0.339604820240195,0.156779294517029
"fixed_design","SH","lower",178,TRUE,0.0523270981152102,0.0543150479266567,-0.244279047931669,0.341901734760191,0.157426243266062
"fixed_design","SH","lower",179,TRUE,0.0536441927065157,0.055479456004168,-0.242755985359814,0.344213761831603,0.158077903028193
"fixed_design","SH","lower",180,TRUE,0.0549319954397657,0.0567792921371055,-0.241519707790225,0.346353307573685,0.158733252499871
"fixed_design","SH","lower",181,TRUE,0.0561905063149601,0.0577187298057689,-0.240100447820553,0.348476961645903,0.159391305570784
"fixed_design","SH","lower",182,TRUE,0.0574197253320991,0.0587052086176257,-0.23857314327396,0.350497916279645,0.160051110801382
"fixed_design","SH","lower",183,TRUE,0.0586196524911827,0.0596872310947495,-0.237470630606696,0.352570681403545,0.160711750845979
"fixed_design","SH","lower",184,TRUE,0.0597902877922105,0.0605491793968757,-0.236223441944507,0.353666267009622,0.161372341830254
"fixed_design","SH","lower",185,TRUE,0.0609316312351832,0.0614928420405422,-0.234767263064965,0.354785933469783,0.162032032691243
"fixed_design","SH","lower",186,TRUE,0.0620436828201,0.0624110253086259,-0.23424134366672,0.356803706406748,0.16269000448723
"fixed_design","SH","lower",187,TRUE,0.0631264425469615,0.0635097856001339,-0.233375599605718,0.358746056338892,0.163345469684265
"fixed_design","SH","lower",188,TRUE,0.0641799104157676,0.0644659804121123,-0.233469740476953,0.36070214336035,0.16399767142541
"fixed_design","SH","lower",189,TRUE,0.0652040864265182,0.0654095677879422,-0.233223188819125,0.362981550767654,0.164645882788184
"fixed_design","SH","lower",190,TRUE,0.0661989705792133,0.0663064984932115,-0.232148185463474,0.364706454225181,0.165289406035136
"fixed_design","SH","lower",191,TRUE,0.0671645628738526,0.0671454811820624,-0.231109842433408,0.365861120330851,0.165927571861917
"fixed_design","SH","lower",192,TRUE,0.068100863310437,0.067993110485128,-0.230886304261414,0.366988151502344,0.166559738646749
"fixed_design","SH","lower",193,TRUE,0.0690078718889653,0.0687856196274,-0.23059482708543,0.368238832240348,0.167185291704693
"fixed_design","SH","lower",194,TRUE,0.0698855886094385,0.0694399951726162,-0.229901340754285,0.36955130044208,0.167803642549742
"fixed_design","SH","lower",195,TRUE,0.0707340134718562,0.0703097215188919,-0.228961873089945,0.371545947207788,0.168414228167327
"fixed_design","SH","lower",196,TRUE,0.0715531464762182,0.0708881173244872,-0.228674950268723,0.373549903215534,0.169016510299514
"fixed_design","SH","lower",197,TRUE,0.0723429876225249,0.071524142279215,-0.227620399583745,0.375429633161762,0.169609974744811
"fixed_design","SH","lower",198,TRUE,0.0731035369107759,0.0722315297461684,-0.227150849492377,0.376805559293804,0.170194130674243
"fixed_design","SH","lower",199,TRUE,0.0738347943409718,0.0726271131881777,-0.227016967896774,0.378544243030425,0.170768509965063
"fixed_design","SH","lower",200,TRUE,0.0745367599131118,0.0731107051549249,-0.226584987124319,0.380112238793854,0.171332666553254
"fixed_design","SH","lower",201,TRUE,0.0752094336271964,0.0737094132535476,-0.226125470195181,0.381971954263703,0.171886175805752
"fixed_design","SH","lower",202,TRUE,0.0758528154832259,0.0742462631906078,-0.225777054060539,0.383262084235352,0.172428633913138
"fixed_design","SH","lower",203,TRUE,0.0764669054811992,0.0749385448256292,-0.225696708804834,0.384220723599381,0.172959657303386
"fixed_design","SH","lower",204,TRUE,0.0770517036211177,0.0752134418339639,-0.22592098433585,0.385966630518334,0.173478882077088
"fixed_design","SH","lower",205,TRUE,0.0776072099029805,0.0755733392569067,-0.225558134652174,0.38763013329481,0.17398596346448
"fixed_design","SH","lower",206,TRUE,0.0781334243267875,0.0760357673251664,-0.225887819010758,0.388721702296948,0.174480575304458
"fixed_design","SH","lower",207,TRUE,0.0786303468925395,0.0766091678869858,-0.225670475061444,0.389603277085821,0.174962409545666
"fixed_design","SH","lower",208,TRUE,0.0790979776002358,0.0769600018061814,-0.225596491562551,0.390564200355306,0.175431175769705
"fixed_design","SH","lower",209,TRUE,0.0795363164498763,0.0775176335397288,-0.225759231585856,0.392437416813086,0.175886600736373
"fixed_design","SH","lower",210,TRUE,0.0799453634414617,0.0779508195262561,-0.225630543339449,0.393523655680422,0.176328427950839
"fixed_design","SH","lower",211,TRUE,0.0803251185749915,0.0781153908585982,-0.225256814887694,0.394516818105445,0.176756417252577
"fixed_design","SH","lower",212,TRUE,0.0806755818504657,0.0783595544483017,-0.225264056225129,0.395281096838094,0.177170344425855
"fixed_design","SH","lower",213,TRUE,0.0809967532678845,0.0786701196097007,-0.225328981854259,0.396168077027437,0.177570000831535
"fixed_design","SH","lower",214,TRUE,0.0812886328272479,0.0789211419836501,-0.225179032357278,0.39681158153818,0.177955193059916
"fixed_design","SH","lower",215,TRUE,0.0815512205285556,0.07905435912824,-0.22573310756272,0.397638578345941,0.178325742604333
"fixed_design","SH","lower",216,TRUE,0.0817845163718079,0.0793242303485443,-0.22564602887549,0.39854840258472,0.178681485555197
"fixed_design","SH","lower",217,TRUE,0.0819885203570049,0.0795420264023193,-0.22622635059824,0.399572213439215,0.179022272314186
"fixed_design","SH","lower",218,TRUE,0.0821632324841462,0.0798326310367255,-0.226643292528822,0.40023890442756,0.179347967328234
"fixed_design","SH","lower",219,TRUE,0.0823086527532321,0.0799732281494307,-0.226582757544021,0.400760016345629,0.17965844884302
"fixed_design","SH","lower",220,TRUE,0.0824247811642626,0.0800442483758115,-0.226495271968537,0.401021275464209,0.179953608675625
"fixed_design","SH","lower",221,TRUE,0.0825116177172374,0.0800361171226089,-0.226419855518279,0.402125877744336,0.180233352006036
"fixed_design","SH","lower",222,TRUE,0.0825691624121567,0.0802478108397274,-0.225927364699219,0.402667982774665,0.18049759718718
"fixed_design","SH","lower",223,TRUE,0.0825974152490208,0.0803131337349238,-0.226347881249348,0.403516182506124,0.180746275573196
"fixed_design","SH","lower",224,TRUE,0.0825963762278292,0.0802781398729784,-0.22637940992678,0.404493265265158,0.180979331365627
"fixed_design","SH","lower",225,TRUE,0.082566045348582,0.0801568135371654,-0.226772416292278,0.404833062261502,0.181196721477257
"fixed_design","SH","lower",226,TRUE,0.0825064226112794,0.0800597123063067,-0.227590434767558,0.40537159453925,0.181398415413311
"fixed_design","SH","lower",227,TRUE,0.0824175080159216,0.0798640121301359,-0.2284259316013,0.405799331369098,0.181584395169756
"fixed_design","SH","lower",228,TRUE,0.0822993015625079,0.0796273711958795,-0.228639603828568,0.406252547012774,0.181754655148443
"fixed_design","SH","lower",229,TRUE,0.0821518032510389,0.0793859470543656,-0.228868182975417,0.406945940727476,0.181909202088854
"fixed_design","SH","lower",230,TRUE,0.0819750130815146,0.0792413511301516,-0.229773321231617,0.407499610221259,0.182048055016229
"fixed_design","SH","lower",231,TRUE,0.0817689310539343,0.0789350717233828,-0.229906109791007,0.407835621546777,0.18217124520584
"fixed_design","SH","lower",232,TRUE,0.081533557168299,0.0787018189023503,-0.230330955319895,0.408071532270047,0.182278816163227
"fixed_design","SH","lower",233,TRUE,0.0812688914246082,0.0783695204261938,-0.230621207037208,0.408268892211323,0.182370823620187
"fixed_design","SH","lower",234,TRUE,0.0809749338228614,0.0779730206402895,-0.230774776157152,0.408733343130285,0.182447335546339
"fixed_design","SH","lower",235,TRUE,0.0806516843630595,0.0776908139774882,-0.23164822613693,0.40895658260416,0.182508432176091
"fixed_design","SH","lower",236,TRUE,0.0802991430452021,0.0773822606011003,-0.23229832550532,0.408800531837835,0.182554206050836
"fixed_design","SH","lower",237,TRUE,0.0799173098692891,0.0769718592969858,-0.233206015252502,0.408533331172167,0.18258476207623
"fixed_design","SH","lower",238,TRUE,0.0795061848353208,0.0764971013094288,-0.234025354135947,0.408818863971238,0.182600217594383
"fixed_design","SH","lower",239,TRUE,0.0790657679432969,0.0758319206430002,-0.234569099141344,0.409323540862375,0.182600702470837
"fixed_design","SH","lower",240,TRUE,0.0785960591932175,0.0754020614037691,-0.235665497585997,0.409461259751793,0.182586359196154
"fixed_design","SH","lower",241,TRUE,0.0780970585850827,0.0748549166088623,-0.236169257306871,0.409660429365859,0.182557343001998
"fixed_design","SH","lower",242,TRUE,0.0775687661188922,0.0743666019942739,-0.236919030048921,0.409666377488913,0.182513821991544
"fixed_design","SH","lower",243,TRUE,0.0770111817946466,0.0736868484738476,-0.238050181289119,0.40949056507556,0.182455977284061
"fixed_design","SH","lower",244,TRUE,0.076424305612345,0.0731030726784547,-0.239322798028067,0.409439599928667,0.182384003173524
"fixed_design","SH","lower",245,TRUE,0.0758081375719882,0.0723578682406738,-0.240332496841019,0.409460135749072,0.182298107301072
"fixed_design","SH","lower",246,TRUE,0.0751626776735757,0.0715944793969105,-0.241632570615254,0.409244485566477,0.182198510841138
"fixed_design","SH","lower",247,TRUE,0.0744879259171079,0.0705589967120984,-0.242960207334071,0.40904026147187,0.182085448701044
"fixed_design","SH","lower",248,TRUE,0.0737838823025848,0.0698406740229972,-0.244096798910146,0.408890246146345,0.181959169733858
"fixed_design","SH","lower",249,TRUE,0.0730505468300059,0.0692919943369724,-0.244959127649029,0.409235095614506,0.181819936964252
"fixed_design","SH","lower",250,TRUE,0.0722879194993716,0.0685050812684628,-0.246305309851786,0.408881120575714,0.181668027827111
"fixed_design","SH","lower",251,TRUE,0.0714960003106821,0.0676929775096179,-0.247409414015235,0.408747093697697,0.181503734418576
"fixed_design","SH","lower",252,TRUE,0.0706747892639366,0.0667815207245686,-0.248893750357866,0.408824317448969,0.181327363759185
"fixed_design","SH","lower",253,TRUE,0.0698242863591358,0.0658463903975426,-0.24996130509634,0.408450316999642,0.181139238068735
"fixed_design","SH","lower",254,TRUE,0.0689444915962795,0.0648267711059461,-0.250612071219162,0.407524746733382,0.180939695052428
"fixed_design","SH","lower",255,TRUE,0.0680354049753678,0.0638570958641595,-0.251826530240826,0.407187317709074,0.180729088197818
"fixed_design","SH","lower",256,TRUE,0.0670970264964006,0.06288593997948,-0.253176240784264,0.406967832603801,0.180507787082013
"fixed_design","SH","lower",257,TRUE,0.0661293561593778,0.0620413919244993,-0.254393789216368,0.406211389295002,0.18027617768852
"fixed_design","SH","lower",258,TRUE,0.0651323939642999,0.0609626338300958,-0.25555440136497,0.405338185969093,0.180034662733046
"fixed_design","SH","lower",259,TRUE,0.0641061399111658,0.059889990705265,-0.256769565059531,0.40439661698454,0.179783661997483
"fixed_design","SH","lower",260,TRUE,0.0630505939999768,0.0588734642417767,-0.258012575930172,0.403867143150016,0.179523612671219
"fixed_design","SH","lower",261,TRUE,0.0619657562307323,0.0579507784332736,-0.2590656131836,0.402815348697794,0.179254969698819
"fixed_design","SH","lower",262,TRUE,0.0608516266034319,0.0569594990920136,-0.260458871114192,0.401733462290286,0.178978206133015
"fixed_design","SH","lower",263,TRUE,0.0597082051180763,0.0557193663446914,-0.261979495187191,0.400756850250513,0.178693813491814
"fixed_design","SH","lower",264,TRUE,0.0585354917746655,0.0545535884714346,-0.263370690415166,0.399583094269066,0.178402302118438
"fixed_design","SH","lower",265,TRUE,0.0573334865731989,0.0534551734847306,-0.264477176891534,0.398541935094367,0.178104201542645
"fixed_design","SH","lower",266,TRUE,0.0561021895136766,0.0521048875624211,-0.265552749802718,0.397296580494099,0.177800060841855
"fixed_design","SH","lower",267,TRUE,0.054841600596099,0.0509114240226849,-0.266813978010541,0.396055571888511,0.17749044900035
"fixed_design","SH","lower",268,TRUE,0.0535517198204659,0.0496428039431038,-0.267901845967654,0.395130493337658,0.177175955264657
"fixed_design","SH","lower",269,TRUE,0.0522325471867771,0.0482153486926892,-0.269203811623009,0.393753189717912,0.17685718949303
"fixed_design","SH","lower",270,TRUE,0.0508840826950332,0.0467901994023926,-0.270639935455162,0.392927767968879,0.176534782496814
"fixed_design","SH","lower",271,TRUE,0.0495063263452338,0.0453147086569034,-0.272198247968276,0.391906121590355,0.176209386371233
"fixed_design","SH","lower",272,TRUE,0.0480992781373785,0.0437900137707131,-0.273433806097083,0.389821482500723,0.175881674812986
"fixed_design","SH","lower",273,TRUE,0.0466629380714681,0.0422016990744454,-0.275216195025508,0.388640934476132,0.175552343421813
"fixed_design","SH","lower",274,TRUE,0.0451973061475022,0.0406032342728239,-0.276224822819342,0.38753293960101,0.175222109982992
"fixed_design","SH","lower",275,TRUE,0.0437023823654804,0.0391089184801459,-0.277610518033363,0.385843377811688,0.174891714727521
"fixed_design","SH","lower",276,TRUE,0.0421781667254035,0.0375293697618249,-0.278799351480077,0.384034815258948,0.174561920566512
"fixed_design","SH","lower",277,TRUE,0.0406246592272709,0.0359687507490195,-0.280337473352976,0.382324057243483,0.174233513296112
"fixed_design","SH","lower",278,TRUE,0.039041859871083,0.0343364217463622,-0.281733899771391,0.38071226561881,0.17390730176907
"fixed_design","SH","lower",279,TRUE,0.0374297686568395,0.0328757774404475,-0.283239820975016,0.378882151636346,0.173584118028832
"fixed_design","SH","lower",280,TRUE,0.0357883855845407,0.0310976372681477,-0.284646021748508,0.377463987779506,0.173264817401878
"fixed_design","SH","lower",281,TRUE,0.0341177106541861,0.0294858448399618,-0.286299668385076,0.37583159528505,0.172950278543793
"fixed_design","SH","lower",282,TRUE,0.0324177438657761,0.0278782144974106,-0.288689249791716,0.374154586230175,0.172641403434416
"fixed_design","SH","lower",283,TRUE,0.0306884852193108,0.026245019046074,-0.290967450936279,0.371993663076823,0.172339117317263
"fixed_design","SH","lower",284,TRUE,0.0289299347147898,0.0245409769075167,-0.292358537620429,0.370479590510491,0.172044368578251
"fixed_design","SH","lower",285,TRUE,0.0271420923522135,0.0228735803255476,-0.293902033351103,0.368835391338463,0.171758128558705
"fixed_design","SH","lower",286,TRUE,0.0253249581315817,0.0210686665384223,-0.295959298573121,0.367112593133145,0.171481391297534
"fixed_design","SH","lower",287,TRUE,0.0234785320528942,0.0192413462358183,-0.297976199249737,0.365221019763464,0.171215173197447
"fixed_design","SH","lower",288,TRUE,0.0216028141161514,0.0175192360347965,-0.299892907955317,0.363375183735827,0.170960512610117
"fixed_design","SH","lower",289,TRUE,0.0196978043213532,0.0154444349446498,-0.3016777845605,0.36142731193083,0.170718469335269
"fixed_design","SH","lower",290,TRUE,0.0177635026684991,0.0134512008676113,-0.303782689481506,0.359410842915107,0.170490124028823
"fixed_design","SH","lower",291,TRUE,0.0157999091575897,0.0114029667781099,-0.305832103894378,0.357244469722464,0.170276577515415
"fixed_design","SH","lower",292,TRUE,0.0138070237886249,0.00940769588747123,-0.307280637122872,0.355384727138386,0.170078950000922
"fixed_design","SH","lower",293,TRUE,0.0117848465616048,0.00733138828979164,-0.309617891047401,0.353070911858967,0.169898380180952
"fixed_design","SH","lower",294,TRUE,0.00973337747652885,0.005348536363357,-0.312085410809964,0.351130241584636,0.169736024241721
"fixed_design","SH","lower",295,TRUE,0.00765261653339759,0.00334983730781755,-0.314058901241442,0.348538262608157,0.169593054750267
"fixed_design","SH","lower",296,TRUE,0.00554256373221096,0.001240350432044,-0.316074282280329,0.346419387861078,0.169470659431568
"fixed_design","SH","lower",297,TRUE,0.00340321907296849,-0.000949259157471119,-0.317564567510035,0.344156205128129,0.169370039830839
"fixed_design","SH","lower",298,TRUE,0.00123458255567073,-0.00302089630800463,-0.319655265147179,0.341675309951503,0.16929240986013
"fixed_design","SH","lower",299,TRUE,-0.000963345819682312,-0.00532545082789301,-0.322055650400272,0.338992836089,0.169238994229175
"fixed_design","SH","lower",300,TRUE,-0.0031905660530913,-0.00746605806842266,-0.324170539161898,0.336257735938497,0.169211026761527
"fixed_design","SH","lower",301,TRUE,-0.00544707814455556,-0.00979337098092595,-0.32633964366675,0.333827319698016,0.169209748597982
"fixed_design","SH","lower",302,TRUE,-0.00773288209407511,-0.0121629032193472,-0.32859146682345,0.331857652332514,0.169236406290546
"fixed_design","SH","lower",303,TRUE,-0.0100479779016504,-0.0145739736362345,-0.330531290035473,0.329712112885476,0.169292249791324
"fixed_design","SH","lower",304,TRUE,-0.0123923655672809,-0.0168917157558995,-0.333408683825365,0.327492818750887,0.169378530342036
"fixed_design","SH","lower",305,TRUE,-0.0147660450909673,-0.0192656495873634,-0.336283436249969,0.324670962988317,0.16949649827113
"fixed_design","SH","lower",306,TRUE,-0.017169016472709,-0.0215423806482263,-0.33831407241465,0.322053446478455,0.169647400706802
"fixed_design","SH","lower",307,TRUE,-0.019601279712506,-0.023707345089748,-0.340612530323405,0.319538126994782,0.16983247921555
"fixed_design","SH","lower",308,TRUE,-0.0220628348103588,-0.0260281032984901,-0.343088394721686,0.317008265770111,0.170052967377158
"fixed_design","SH","lower",309,TRUE,-0.0245536817662666,-0.0284423879909082,-0.345802190852245,0.314958074059757,0.170310088308284
"fixed_design","SH","lower",310,TRUE,-0.0270738205802305,-0.0309745147230854,-0.348243130854794,0.311859426432856,0.17060505214799
"fixed_design","SH","lower",311,TRUE,-0.0296232512522496,-0.0334468226941976,-0.350395296263692,0.308842265760241,0.170939053519597
"fixed_design","SH","lower",312,TRUE,-0.0322019737823242,-0.0362222810341536,-0.352515877305414,0.306448692470053,0.17131326898424
"fixed_design","SH","lower",313,TRUE,-0.0348099881704543,-0.0386950325242549,-0.355539240415709,0.303705378075795,0.171728854502263
"fixed_design","SH","lower",314,TRUE,-0.0374472944166399,-0.041382043853718,-0.358100453127978,0.300871981766031,0.172186942919235
"fixed_design","SH","lower",315,TRUE,-0.040113892520881,-0.044098435980973,-0.360567461555297,0.298175622948868,0.172688641493787
"fixed_design","SH","lower",316,TRUE,-0.0428097824831776,-0.0465827497892252,-0.362720889432258,0.295148692418992,0.17323502948471
"fixed_design","SH","lower",317,TRUE,-0.0455349643035295,-0.0493539431247504,-0.365105491683957,0.292134566681507,0.173827155814712
"fixed_design","SH","lower",318,TRUE,-0.0482894379819371,-0.0521590273544243,-0.367237807300995,0.288716876606338,0.174466036828015
"fixed_design","SH","lower",319,TRUE,-0.0510732035184001,-0.0549710394944813,-0.36976495639969,0.285410821180076,0.175152654158471
"fixed_design","SH","lower",320,TRUE,-0.0538862609129188,-0.0574579582259387,-0.372026550301312,0.282512513895207,0.175887952724146
"fixed_design","SH","lower",321,TRUE,-0.0567286101654927,-0.0601233582248317,-0.374895488971947,0.279745186008667,0.176672838863357
"fixed_design","SH","lower",322,TRUE,-0.0596002512761223,-0.0630289524887947,-0.377711356140229,0.277033493049012,0.177508178625958
"fixed_design","SH","lower",323,TRUE,-0.0625011842448071,-0.0660328990449627,-0.380713663141977,0.273741014769599,0.178394796232265
"fixed_design","SH","lower",324,TRUE,-0.0654314090715476,-0.0690080914721494,-0.383516360952683,0.270741006752664,0.179333472710435
"fixed_design","SH","lower",325,TRUE,-0.0683909257563439,-0.071808722262583,-0.385963735283295,0.267325702954842,0.180324944721354
"fixed_design","SH","lower",326,TRUE,-0.071379734299195,-0.0747245455098759,-0.388568402856387,0.264076914715652,0.181369903578245
"fixed_design","SH","lower",327,TRUE,-0.0743978347001018,-0.077683982356813,-0.39132664692155,0.260716990792646,0.1824689944662
"fixed_design","SH","lower",328,TRUE,-0.0774452269590646,-0.0805423636117651,-0.39385192244601,0.257024739221758,0.183622815864845
"fixed_design","SH","lower",329,TRUE,-0.0805219110760825,-0.0837179076894732,-0.396708000403544,0.253502368178505,0.184831919175287
"fixed_design","SH","lower",330,TRUE,-0.0836278870511558,-0.0868859925358827,-0.399232019124642,0.250022558485052,0.18609680855045
"fixed_design","SH","lower",331,TRUE,-0.0867631548842847,-0.0900418626164882,-0.401976477486697,0.246240594640591,0.187417940925924
"fixed_design","SH","lower",332,TRUE,-0.0899277145754691,-0.0931143165175602,-0.405049657894939,0.242811320456075,0.18879572624657
"fixed_design","SH","lower",333,TRUE,-0.0931215661247089,-0.0963052831272163,-0.407530299304876,0.239163200955297,0.190230527882306
"fixed_design","SH","lower",334,TRUE,-0.0963447095320042,-0.0994157390447343,-0.410645903427403,0.236146570255797,0.191722663224887
"fixed_design","SH","lower",335,TRUE,-0.0995971447973554,-0.102589840823991,-0.413355762498867,0.232405502833216,0.193272404455999
"fixed_design","SH","lower",336,TRUE,-0.102878871920762,-0.105866869987415,-0.415966428039616,0.228829117844539,0.194879979475716
"fixed_design","SH","lower",337,TRUE,-0.106189890902223,-0.109111344249229,-0.419276077002278,0.225812013907873,0.196545572979254
"fixed_design","SH","lower",338,TRUE,-0.109530201741741,-0.112404547130802,-0.422546129290841,0.222318985537137,0.198269327669108
"fixed_design","SH","lower",339,TRUE,-0.112899804439314,-0.115692990624998,-0.425826215706049,0.218449089746174,0.200051345588946
"fixed_design","SH","lower",340,TRUE,-0.116298698994942,-0.119001705530434,-0.429228853217179,0.215058941365216,0.201891689565214
"fixed_design","SH","lower",341,TRUE,-0.119726885408626,-0.122305573837676,-0.43295422733329,0.211685447464563,0.203790384742135
"fixed_design","SH","lower",342,TRUE,-0.123184363680365,-0.125787024514859,-0.436347536909529,0.208091084035288,0.205747420195704
"fixed_design","SH","lower",343,TRUE,-0.12667113381016,-0.1293184726567,-0.44015483669917,0.204247863805588,0.207762750612461
"fixed_design","SH","lower",344,TRUE,-0.13018719579801,-0.132814981088018,-0.443402630775993,0.200875244649275,0.209836298019048
"fixed_design","SH","lower",345,TRUE,-0.133732549643915,-0.136217697414045,-0.446475860478291,0.196871202723784,0.211967953549048
"fixed_design","SH","lower",346,TRUE,-0.137307195347877,-0.139597660099236,-0.450183212047255,0.192517871173844,0.214157579234169
"fixed_design","SH","lower",347,TRUE,-0.140911132909894,-0.143114464363232,-0.453177638962602,0.188693191839455,0.216405009807481
"fixed_design","SH","lower",348,TRUE,-0.144544362329966,-0.146813136211483,-0.456057934123203,0.185270793277387,0.21871005450725
"fixed_design","SH","lower",349,TRUE,-0.148206883608094,-0.150526582998381,-0.459289975785004,0.182079991037581,0.221072498870698
"fixed_design","SH","lower",350,TRUE,-0.151898696744276,-0.154427171807037,-0.46252031262789,0.178189939547903,0.223492106507968
"fixed_design","SH","lower",351,TRUE,-0.155619801738515,-0.158287867111373,-0.465705846333668,0.174409806825214,0.225968620847446
"fixed_design","SH","lower",352,TRUE,-0.159370198590809,-0.16219775519205,-0.469632213658169,0.17024637036111,0.228501766844582
"fixed_design","SH","lower",353,TRUE,-0.163149887301159,-0.166055730492738,-0.473184414432831,0.166428653342608,0.231091252647292
"fixed_design","SH","lower",354,TRUE,-0.166958867869564,-0.169808810692334,-0.477445778608666,0.162340585183747,0.23373677121191
"fixed_design","SH","lower",355,TRUE,-0.170797140296025,-0.17364901549338,-0.481510294435485,0.158460256893037,0.236438001864642
"fixed_design","SH","lower",356,TRUE,-0.174664704580541,-0.177380376720844,-0.485576936144905,0.153968151647384,0.239194611804272
"fixed_design","SH","lower",357,TRUE,-0.178561560723113,-0.181140312354177,-0.489185854100982,0.149734904667056,0.242006257542749
"fixed_design","SH","lower",358,TRUE,-0.18248770872374,-0.185132630890795,-0.493041990354737,0.145944605932922,0.244872586281049
"fixed_design","SH","lower",359,TRUE,-0.186443148582422,-0.189110998795556,-0.4967185882647,0.142126314735716,0.247793237218424
"fixed_design","SH","lower",360,TRUE,-0.190427880299161,-0.193227373642107,-0.500743211463889,0.137940451557691,0.25076784279382
"fixed_design","SH","lower",361,TRUE,-0.194441903873954,-0.197068509981948,-0.504384037156161,0.133670722429545,0.253796029858878
"fixed_design","SH","lower",362,TRUE,-0.198485219306803,-0.201021253034178,-0.508824898029776,0.130046012919829,0.256877420782448
"fixed_design","SH","lower",363,TRUE,-0.202557826597708,-0.205135904502824,-0.512706561291072,0.126438372934205,0.260011634487048
"fixed_design","SH","lower",364,TRUE,-0.206659725746668,-0.20916000541958,-0.516601774625854,0.121964224851217,0.263198287418146
"fixed_design","SH","lower",365,TRUE,-0.210790916753683,-0.213159555237385,-0.52003833403724,0.117847790317189,0.266436994447494
"fixed_design","SH","lower",366,TRUE,-0.214951399618755,-0.217387849232585,-0.524622755493109,0.113449254766608,0.269727369712082
"fixed_design","SH","lower",367,TRUE,-0.219141174341881,-0.221441050377476,-0.528132341864812,0.108911914562927,0.27306902739053
"fixed_design","SH","lower",368,TRUE,-0.223360240923063,-0.225872837808083,-0.532269803400554,0.104830629946138,0.276461582418991
"fixed_design","SH","lower",369,TRUE,-0.2276085993623,-0.230183918157903,-0.536638847379827,0.100941845074899,0.279904651148774
"fixed_design","SH","lower",370,TRUE,-0.231886249659593,-0.234200016800242,-0.541387617611008,0.0965815022038824,0.283397851948076
"fixed_design","SH","lower",371,TRUE,-0.236193191814942,-0.238491534387834,-0.545942169524013,0.0923710524170649,0.286940805750282
"fixed_design","SH","lower",372,TRUE,-0.240529425828345,-0.242773190089552,-0.550516904074522,0.0877080566538741,0.290533136551388
"fixed_design","SH","lower",373,TRUE,-0.244894951699805,-0.247197372811619,-0.555213052335227,0.0837459412151994,0.294174471859118
"fixed_design","SH","lower",374,TRUE,-0.24928976942932,-0.251756612268796,-0.559713527770923,0.0795220980018978,0.297864443096331
"fixed_design","SH","lower",375,TRUE,-0.25371387901689,-0.256134368613558,-0.564372271871978,0.0753117769071735,0.301602685961318
"fixed_design","SH","lower",376,TRUE,-0.258167280462517,-0.260509378794504,-0.569295903044376,0.0712737019554719,0.305388840747543
"fixed_design","SH","lower",377,TRUE,-0.262649973766198,-0.264914955200601,-0.573951799307858,0.0674344028329128,0.309222552625337
"fixed_design","SH","lower",378,TRUE,-0.267161958927934,-0.269477239125392,-0.57936254083313,0.0633076013472715,0.313103471888029
"fixed_design","SH","lower",379,TRUE,-0.271703235947727,-0.274218145275258,-0.583867626130426,0.0589771875037177,0.317031254164876
"fixed_design","SH","lower",380,TRUE,-0.276273804825575,-0.278800425501638,-0.588409144447297,0.0547081507206207,0.32100556060313
"fixed_design","SH","lower",381,TRUE,-0.280873665561478,-0.283606314416513,-0.593435232095217,0.0504097892283896,0.325026058021449
"fixed_design","SH","lower",382,TRUE,-0.285502818155437,-0.288304791885308,-0.598782188642841,0.0461892832295395,0.329092419036811
"fixed_design","SH","lower",383,TRUE,-0.290161262607451,-0.292891670328088,-0.603783286492674,0.041755827055822,0.333204322166955
"fixed_design","SH","lower",384,TRUE,-0.294848998917521,-0.297620928977221,-0.608575795322324,0.0375891317703216,0.337361451910305
"fixed_design","SH","lower",385,TRUE,-0.299566027085646,-0.302309249782856,-0.613609040010838,0.0331970782914777,0.341563498805216
"fixed_design","SH","lower",386,TRUE,-0.304312347111827,-0.30703819319329,-0.618302816843713,0.0291039239297434,0.345810159470309
"fixed_design","SH","lower",387,TRUE,-0.309087958996064,-0.311952658304699,-0.62436985717578,0.0243149357009051,0.350101136627517
"fixed_design","SH","lower",388,TRUE,-0.313892862738355,-0.316778475933142,-0.629538736002758,0.0196404929086983,0.354436139109433
"fixed_design","SH","lower",389,TRUE,-0.318727058338703,-0.321721296992474,-0.63502523704819,0.0156349795948559,0.358814881852377
"fixed_design","SH","lower",390,TRUE,-0.323590545797105,-0.326592619066238,-0.64022828406421,0.0113595587610962,0.363237085876598
"fixed_design","SH","lower",391,TRUE,-0.328483325113564,-0.331446465926997,-0.645762093184803,0.00717695662032373,0.367702478254841
"fixed_design","SH","lower",392,TRUE,-0.333405396288077,-0.336372450197102,-0.651496458141595,0.00295921463459739,0.372210792070515
"fixed_design","SH","lower",393,TRUE,-0.338356759320646,-0.341252569880299,-0.657467684701544,-0.00045816426871575,0.37676176636654
"fixed_design","SH","lower",394,TRUE,-0.343337414211271,-0.346107787282181,-0.663014677658231,-0.00479903806790511,0.381355146085918
"fixed_design","SH","lower",395,TRUE,-0.348347360959951,-0.351110394960915,-0.6695576071448,-0.00949909082863106,0.385990682004988
"fixed_design","SH","lower",396,TRUE,-0.353386599566687,-0.356115154978227,-0.675106317923648,-0.0136168144820555,0.390668130660231
"fixed_design","SH","lower",397,TRUE,-0.358455130031478,-0.361277100676265,-0.681639289134645,-0.0180088880652881,0.395387254269466
"fixed_design","SH","lower",398,TRUE,-0.363552952354325,-0.366087801143481,-0.687671611929326,-0.0221053509892713,0.400147820648157
"fixed_design","SH","lower",399,TRUE,-0.368680066535227,-0.371242425904373,-0.693333679539283,-0.0264944863056654,0.404949603121559
"fixed_design","SH","lower",400,TRUE,-0.373836472574185,-0.376224224575736,-0.698874467459481,-0.0306249171362599,0.409792380433302
"fixed_design","SH","lower",401,TRUE,-0.379022170471198,-0.381343621028071,-0.704570518969249,-0.0352538778300757,0.414675936651019
"fixed_design","SH","lower",402,TRUE,-0.384237160226267,-0.386353056578492,-0.710503701294161,-0.0394961373655201,0.419600061069538
"fixed_design","SH","lower",403,TRUE,-0.389481441839391,-0.391626384753673,-0.716289188416144,-0.0436600268253012,0.424564548112119
"fixed_design","SH","lower",404,TRUE,-0.394755015310571,-0.397041393157485,-0.722320679956468,-0.0477210099564473,0.42956919723019
"fixed_design","SH","lower",405,TRUE,-0.400057880639805,-0.402059564355687,-0.728342306985753,-0.0522237746613693,0.434613812801963
"fixed_design","SH","lower",406,TRUE,-0.405390037827096,-0.407289975517219,-0.735305820229841,-0.0565967329392005,0.439698204030312
"fixed_design","SH","lower",407,TRUE,-0.410751486872442,-0.412383362425411,-0.741675101140698,-0.0605851758633916,0.444822184840223
"fixed_design","SH","lower",408,TRUE,-0.416142227775844,-0.417778778440751,-0.748448832321649,-0.0646175194448857,0.449985573776118
"fixed_design","SH","lower",409,TRUE,-0.421562260537301,-0.423110645716867,-0.755086719395947,-0.0695639522466794,0.455188193899328
"fixed_design","SH","lower",410,TRUE,-0.427011585156813,-0.428502719039524,-0.76163623896772,-0.0731281916610782,0.460429872685926
"fixed_design","SH","lower",411,TRUE,-0.432490201634381,-0.434219365223133,-0.767984730779648,-0.0771579866579986,0.465710441925161
"fixed_design","SH","lower",412,TRUE,-0.437998109970005,-0.439786664561605,-0.77447824432826,-0.0816300913347549,0.471029737618657
"fixed_design","SH","lower",413,TRUE,-0.443535310163684,-0.445343157709269,-0.781268666929392,-0.0858738073657383,0.476387599880561
"fixed_design","SH","lower",414,TRUE,-0.449101802215418,-0.451245991406795,-0.787700870172736,-0.0904731733887827,0.481783872838773
"fixed_design","SH","lower",415,TRUE,-0.454697586125208,-0.456870042673623,-0.794540549414314,-0.095137212906713,0.48721840453739
"fixed_design","SH","lower",416,TRUE,-0.460322661893053,-0.462425341159158,-0.801378979444728,-0.0990724517016005,0.492691046840486
"fixed_design","SH","lower",417,TRUE,-0.465977029518955,-0.468133858177933,-0.808398316868025,-0.103030630729541,0.498201655337307
"fixed_design","SH","lower",418,TRUE,-0.471660689002911,-0.473914763448567,-0.815166819873399,-0.107383393366317,0.503750089248971
"fixed_design","SH","lower",419,TRUE,-0.477373640344923,-0.479663939469444,-0.822312859385303,-0.112723343261438,0.509336211336752
"fixed_design","SH","lower",420,TRUE,-0.48311588354499,-0.485345002598063,-0.829139593882316,-0.11705707879149,0.514959887811984
"fixed_design","SH","lower",421,TRUE,-0.488887418603113,-0.490804858683261,-0.835968129205387,-0.120945446069525,0.520620988247658
"fixed_design","SH","lower",422,TRUE,-0.494688245519292,-0.496480184269187,-0.842853892663694,-0.12510757660981,0.526319385491734
"fixed_design","SH","lower",423,TRUE,-0.500518364293525,-0.502410583936631,-0.84993268558627,-0.128518156759008,0.532054955582194
"fixed_design","SH","lower",424,TRUE,-0.506377774925815,-0.508285099077435,-0.857213329829028,-0.13325944178034,0.537827577663881
"fixed_design","SH","lower",425,TRUE,-0.51226647741616,-0.513935210773358,-0.864437612848037,-0.137978038457887,0.543637133907104
"fixed_design","SH","lower",426,TRUE,-0.51818447176456,-0.519886075901866,-0.871986230967215,-0.142354288644933,0.549483509428056
"fixed_design","SH","lower",427,TRUE,-0.524131757971016,-0.525747335379239,-0.879745518455786,-0.146198069281432,0.555366592211015
"fixed_design","SH","lower",428,TRUE,-0.530108336035527,-0.531790970694815,-0.886995426505371,-0.150794074396225,0.561286273032347
"fixed_design","SH","lower",429,TRUE,-0.536114205958094,-0.537726629616914,-0.893812829254964,-0.155636873265369,0.567242445386292
"fixed_design","SH","lower",430,TRUE,-0.542149367738716,-0.543679818120863,-0.901813346680843,-0.160004961563781,0.573235005412537
"fixed_design","SH","lower",431,TRUE,-0.548213821377394,-0.549642970371588,-0.9098776466892,-0.164624193248837,0.579263851825541
"fixed_design","SH","lower",432,TRUE,-0.554307566874128,-0.555546755690559,-0.917972183986117,-0.168350435590206,0.585328885845616
"fixed_design","SH","lower",433,TRUE,-0.560430604228916,-0.561415288680448,-0.926479164167447,-0.173028075435667,0.591430011131732
"fixed_design","SH","lower",434,TRUE,-0.566582933441761,-0.567471667729534,-0.934589745323011,-0.177443526974003,0.597567133716028
"fixed_design","SH","lower",435,TRUE,-0.572764554512661,-0.573520828010886,-0.94258099528728,-0.181817297305452,0.603740161940002
"fixed_design","SH","lower",436,TRUE,-0.578975467441615,-0.579940611224359,-0.950525615618401,-0.186196799435737,0.609949006392358
"fixed_design","SH","lower",437,TRUE,-0.585215672228626,-0.585906770448742,-0.958351342606091,-0.189869519953532,0.616193579848482
"fixed_design","SH","lower",438,TRUE,-0.591485168873693,-0.592077117775896,-0.966464841757038,-0.193030941478364,0.622473797211512
"fixed_design","SH","lower",439,TRUE,-0.597783957376814,-0.598112334846938,-0.974657861369883,-0.197032886051981,0.628789575454983
"fixed_design","SH","lower",440,TRUE,-0.604112037737991,-0.604394800371766,-0.982752660404104,-0.201338709615592,0.635140833567007
"fixed_design","SH","lower",441,TRUE,-0.610469409957224,-0.610735383595886,-0.991285250784893,-0.205280177632929,0.641527492495967
"fixed_design","SH","lower",442,TRUE,-0.616856074034513,-0.616710494106529,-0.999565600282484,-0.208489407451872,0.647949475097678
"fixed_design","SH","lower",443,TRUE,-0.623272029969856,-0.623235317144858,-1.00774073512923,-0.21294729404811,0.654406706083995
"fixed_design","SH","lower",444,TRUE,-0.629717277763255,-0.629681578851329,-1.01629890489133,-0.217268354070069,0.660899111972846
"fixed_design","SH","lower",445,TRUE,-0.63619181741471,-0.63569328966073,-1.02451915409026,-0.221664191470007,0.66742662103962
"fixed_design","SH","lower",446,TRUE,-0.64269564892422,-0.642463378482963,-1.03264809714988,-0.225216679598525,0.673989163269923
"fixed_design","SH","lower",447,TRUE,-0.649228772291786,-0.648894098960487,-1.04140048975061,-0.230631366652005,0.680586670313641
"fixed_design","SH","lower",448,TRUE,-0.655791187517407,-0.655703222858618,-1.05043720851859,-0.235311593380786,0.687219075440284
"fixed_design","SH","lower",449,TRUE,-0.662382894601083,-0.662239468444286,-1.05931808002319,-0.239604953824138,0.693886313495581
"fixed_design","SH","lower",450,TRUE,-0.669003893542815,-0.668653339928527,-1.06798896108658,-0.243820713466364,0.700588320859304
"fixed_design","SH","lower",451,TRUE,-0.675654184342603,-0.675437797932854,-1.07708431530005,-0.248063374309438,0.707325035404259
"fixed_design","SH","lower",452,TRUE,-0.682333767000446,-0.682214065688384,-1.08591220123455,-0.25235619972244,0.714096396456458
"fixed_design","SH","lower",453,TRUE,-0.689042641516345,-0.68868937930139,-1.09455377394319,-0.256117039404191,0.720902344756397
"fixed_design","SH","lower",454,TRUE,-0.695780807890299,-0.695272237425657,-1.10398680479617,-0.260078600507905,0.727742822421443
"fixed_design","SH","lower",455,TRUE,-0.702548266122308,-0.701998936961728,-1.11280564141254,-0.263835407117064,0.734617772909282
"fixed_design","SH","lower",456,TRUE,-0.709345016212373,-0.708846257096815,-1.12267748993369,-0.267161117857914,0.741527140982405
"fixed_design","SH","lower",457,TRUE,-0.716171058160494,-0.715795589325797,-1.13143490227343,-0.271417757572159,0.748470872673606
"fixed_design","SH","lower",458,TRUE,-0.72302639196667,-0.722465411473449,-1.1407897291203,-0.275396765062515,0.755448915252455
"fixed_design","SH","lower",459,TRUE,-0.729911017630901,-0.729068867882642,-1.15028361011921,-0.278812088140003,0.762461217192734
"fixed_design","SH","lower",460,TRUE,-0.736824935153188,-0.735732842468218,-1.15960750099581,-0.282671877874285,0.769507728140791
"fixed_design","SH","lower",461,TRUE,-0.743768144533531,-0.742817235547644,-1.1687834115198,-0.285917301539784,0.776588398884799
"fixed_design","SH","lower",462,TRUE,-0.750740645771929,-0.749642846140266,-1.17749538756857,-0.289723659213383,0.783703181324892
"fixed_design","SH","lower",463,TRUE,-0.757742438868382,-0.756605048702527,-1.18736116831403,-0.293401251604872,0.790852028444144
"fixed_design","SH","lower",464,TRUE,-0.764773523822891,-0.763475935222369,-1.19652524211757,-0.29793924278992,0.798034894280383
"fixed_design","SH","lower",465,TRUE,-0.771833900635456,-0.770441692374654,-1.2066410136249,-0.301717763595724,0.805251733898802
"fixed_design","SH","lower",466,TRUE,-0.778923569306076,-0.777067312987771,-1.21618684469363,-0.305053782272414,0.812502503365345
"fixed_design","SH","lower",467,TRUE,-0.786042529834751,-0.784245511262677,-1.22628978256641,-0.309031349572945,0.819787159720857
"fixed_design","SH","lower",468,TRUE,-0.793190782221482,-0.79153285551011,-1.23575226155974,-0.314013641270746,0.827105660955963
"fixed_design","SH","lower",469,TRUE,-0.800368326466268,-0.798726697462135,-1.24564340199043,-0.318550004708485,0.83445796598666
"fixed_design","SH","lower",470,TRUE,-0.807575162569111,-0.805695393200629,-1.25631770517241,-0.322712404575513,0.8418440346306
"fixed_design","SH","lower",471,TRUE,-0.814811290530008,-0.81252762629809,-1.26662257976043,-0.326298867227605,0.849263827584048
"fixed_design","SH","lower",472,TRUE,-0.82207671034896,-0.819577662515598,-1.2771043206435,-0.32999438757853,0.856717306399488
"fixed_design","SH","lower",473,TRUE,-0.829371422025969,-0.826848662091693,-1.28723673879201,-0.33404129793473,0.864204433463859
"fixed_design","SH","lower",474,TRUE,-0.836695425561032,-0.83421538956354,-1.29748983546136,-0.338524405909147,0.871725171977411
"fixed_design","SH","lower",475,TRUE,-0.844048720954152,-0.841589143793676,-1.30749890269135,-0.343080866944404,0.879279485933155
"fixed_design","SH","lower",476,TRUE,-0.851431308205327,-0.848965763955534,-1.31864488729327,-0.346409436013649,0.886867340096882
"fixed_design","SH","lower",477,TRUE,-0.858843187314557,-0.856392218682556,-1.32920586684357,-0.351003705185026,0.894488699987755
"fixed_design","SH","lower",478,TRUE,-0.866284358281843,-0.863517434669939,-1.33889480306836,-0.354088987129052,0.902143531859437
"fixed_design","SH","lower",479,TRUE,-0.873754821107184,-0.871052715914916,-1.34874651766488,-0.357261942826859,0.909831802681752
"fixed_design","SH","lower",480,TRUE,-0.881254575790581,-0.878191465948519,-1.35956400105303,-0.361393425646317,0.917553480122849
"fixed_design","SH","lower",481,TRUE,-0.888783622332033,-0.885881309438614,-1.37059573987896,-0.364642597646886,0.925308532531873
"fixed_design","SH","lower",482,TRUE,-0.89634196073154,-0.893355671294446,-1.38100600840459,-0.368605743469328,0.933096928922118
"fixed_design","SH","lower",483,TRUE,-0.903929590989104,-0.900565312622825,-1.39215851801895,-0.372405843341429,0.940918638954637
"fixed_design","SH","lower",484,TRUE,-0.911546513104722,-0.908075360403178,-1.40284397587999,-0.377095250959487,0.948773632922312
"fixed_design","SH","lower",485,TRUE,-0.919192727078397,-0.91565246713508,-1.41352426929178,-0.380261276477911,0.956661881734374
"fixed_design","SH","lower",486,TRUE,-0.926868232910127,-0.923393840371554,-1.42533858917156,-0.384246851392117,0.964583356901331
"fixed_design","SH","lower",487,TRUE,-0.934573030599912,-0.930873037680794,-1.43663042516333,-0.387944155506938,0.972538030520325
"fixed_design","SH","lower",488,TRUE,-0.942307120147752,-0.938492059366693,-1.44819448972228,-0.390159198067015,0.980525875260889
"fixed_design","SH","lower",489,TRUE,-0.950070501553649,-0.946173828101521,-1.45972913287142,-0.393602796017427,0.988546864351088
"fixed_design","SH","lower",490,TRUE,-0.957863174817601,-0.95357400219101,-1.4718135583201,-0.397208756540433,0.996600971564044
"fixed_design","SH","lower",491,TRUE,-0.965685139939607,-0.961212225230687,-1.48378029454834,-0.400109213015709,1.00468817120483
"fixed_design","SH","lower",492,TRUE,-0.97353639691967,-0.969048219836677,-1.49587902486725,-0.40456579839591,1.01280843809771
"fixed_design","SH","lower",493,TRUE,-0.981416945757788,-0.976845515993282,-1.50763034651736,-0.409066815464622,1.02096174757376
"fixed_design","SH","lower",494,TRUE,-0.989326786453962,-0.984365710235823,-1.51944066784168,-0.412707701193124,1.02914807545874
"fixed_design","SH","lower",495,TRUE,-0.997265919008191,-0.992326454008791,-1.53107779198633,-0.416462461999826,1.03736739806141
"fixed_design","SH","lower",496,TRUE,-1.00523434342048,-1.00001397124004,-1.5432616945681,-0.420414320613814,1.04561969216208
"fixed_design","SH","lower",497,TRUE,-1.01323205969082,-1.00797645789518,-1.55564191849481,-0.424038388162678,1.05390493500149
"fixed_design","SH","lower",498,TRUE,-1.02125906781921,-1.01573364050407,-1.56840212742002,-0.428791337907968,1.06222310426996
"fixed_design","SH","lower",499,TRUE,-1.02931536780566,-1.02377873776246,-1.57998572981101,-0.432782770656205,1.07057417809691
"fixed_design","SH","lower",500,TRUE,-1.03740095965017,-1.03174587299562,-1.59267401998522,-0.437128735808089,1.07895813504056
"fixed_design","SH","lower",501,TRUE,-1.04551584335273,-1.03971159172275,-1.60499919877605,-0.440816454543776,1.08737495407797
"fixed_design","SH","lower",502,TRUE,-1.05366001891335,-1.04755930770322,-1.61717169234617,-0.443647960398508,1.09582461459534
"fixed_design","SH","lower",503,TRUE,-1.06183348633202,-1.05576463844813,-1.62979232367536,-0.448041025590517,1.1043070963785
"fixed_design","SH","lower",504,TRUE,-1.07003624560875,-1.06390462280554,-1.64210998468145,-0.452486096883706,1.11282237960375
"fixed_design","SH","lower",505,TRUE,-1.07826829674353,-1.07198477974273,-1.65454642968785,-0.457280858720509,1.1213704448289
"fixed_design","SH","lower",506,TRUE,-1.08652963973637,-1.08021049627731,-1.6671841095467,-0.460478523350617,1.12995127298447
"fixed_design","SH","lower",507,TRUE,-1.09482027458727,-1.08820922339688,-1.68059256788812,-0.463238079278206,1.13856484536525
"fixed_design","SH","lower",508,TRUE,-1.10314020129622,-1.09662862856589,-1.69357916206,-0.466911495184723,1.14721114362202
"fixed_design","SH","lower",509,TRUE,-1.11148941986322,-1.10460260482856,-1.70590426456498,-0.470583655736613,1.15589014975343
"fixed_design","SH","lower",510,TRUE,-1.11986793028829,-1.11269890972976,-1.71971541996389,-0.473786197947551,1.16460184609819
"fixed_design","SH","lower",511,TRUE,-1.1282757325714,-1.12080003123112,-1.7335369394739,-0.477134412541831,1.1733462153274
"fixed_design","SH","lower",512,TRUE,-1.13671282671258,-1.12952131648076,-1.74676237611068,-0.480728767805146,1.18212324043708
"fixed_design","SH","lower",513,TRUE,-1.1451792127118,-1.13814659279226,-1.75977223211789,-0.484647356537864,1.19093290474093
"fixed_design","SH","lower",514,TRUE,-1.15367489056909,-1.14667406035286,-1.77208999330391,-0.488553492048006,1.19977519186325
"fixed_design","SH","lower",515,TRUE,-1.16219986028443,-1.15499578863587,-1.785675288425,-0.493096576229593,1.208650085732
"fixed_design","SH","lower",516,TRUE,-1.17075412185782,-1.16339395700929,-1.79975805388036,-0.497242233402417,1.21755757057214
"fixed_design","SH","lower",517,TRUE,-1.17933767528927,-1.17213042187717,-1.81327981716414,-0.500244950882336,1.22649763089902
"fixed_design","SH","lower",518,TRUE,-1.18795052057878,-1.18052202417256,-1.82553972304982,-0.503719838862797,1.23547025151204
"fixed_design","SH","lower",519,TRUE,-1.19659265772634,-1.18906091285977,-1.84008048087453,-0.507028200938506,1.24447541748841
"fixed_design","SH","lower",520,TRUE,-1.20526408673195,-1.19762175371874,-1.85360546593862,-0.510804977038285,1.25351311417707
"fixed_design","SH","lower",521,TRUE,-1.21396480759562,-1.20633872588078,-1.86675470162322,-0.514665699360713,1.26258332719279
"fixed_design","SH","lower",522,TRUE,-1.22269482031735,-1.21506579563375,-1.87995798421808,-0.518807126351435,1.27168604241038
"fixed_design","SH","lower",523,TRUE,-1.23145412489713,-1.22377698364008,-1.89257305291063,-0.521538608801557,1.28082124595912
"fixed_design","SH","lower",524,TRUE,-1.24024272133497,-1.23269501712282,-1.90558418893134,-0.525167049556584,1.28998892421722
"fixed_design","SH","lower",525,TRUE,-1.24906060963087,-1.24103389016045,-1.91956830204449,-0.528717862743881,1.2991890638065
"fixed_design","SH","lower",526,TRUE,-1.25790778978482,-1.24922473059517,-1.93305218966339,-0.532131615752161,1.30842165158717
"fixed_design","SH","lower",527,TRUE,-1.26678426179682,-1.25800050631587,-1.94744666935809,-0.535929638360365,1.31768667465275
"fixed_design","SH","lower",528,TRUE,-1.27569002566688,-1.26696445443408,-1.96036224979786,-0.538839063341283,1.3269841203251
"fixed_design","SH","lower",529,TRUE,-1.284625081395,-1.27565671321355,-1.97432953249789,-0.542187988199039,1.33631397614958
"fixed_design","SH","lower",530,TRUE,-1.29358942898117,-1.28469018284091,-1.98860856604645,-0.545122314594763,1.34567622989036
"fixed_design","SH","lower",531,TRUE,-1.30258306842539,-1.29316600014931,-2.00274563315759,-0.549469582164557,1.35507086952574
"fixed_design","SH","lower",532,TRUE,-1.31160599972768,-1.3022189974846,-2.01664822321758,-0.552441095663645,1.36449788324376
"fixed_design","SH","lower",533,TRUE,-1.32065822288801,-1.31156387788923,-2.03121215782129,-0.556473047995776,1.37395725943772
"fixed_design","SH","lower",534,TRUE,-1.32973973790641,-1.32077291141624,-2.04547191843602,-0.560431358608984,1.38344898670196
"fixed_design","SH","lower",535,TRUE,-1.33885054478286,-1.32992075829091,-2.05978513837601,-0.564163051506637,1.39297305382766
"fixed_design","SH","lower",536,TRUE,-1.34799064351736,-1.33876775894593,-2.07405991862095,-0.567705642972956,1.40252944979876
"fixed_design","SH","lower",537,TRUE,-1.35716003410992,-1.34769883427019,-2.08888792555552,-0.571695440436958,1.412118163788
"fixed_design","SH","lower",538,TRUE,-1.36635871656054,-1.35672647690933,-2.10343172262269,-0.576299877179841,1.42173918515303
"fixed_design","SH","lower",539,TRUE,-1.37558669086921,-1.36587751986105,-2.11844823936977,-0.579933162347541,1.4313925034326
"fixed_design","SH","lower",540,TRUE,-1.38484395703593,-1.3749791657594,-2.13408025887774,-0.584945886446309,1.4410781083429
"fixed_design","SH","upper",1,TRUE,0.315315293188241,0.199149474420312,-0.194297671037044,1.46741006493058,0.5377693430329
"fixed_design","SH","upper",2,TRUE,0.315097873810801,0.19938910352477,-0.189711231751048,1.46224684518054,0.535637581730727
"fixed_design","SH","upper",3,TRUE,0.314879643180958,0.199855501867719,-0.185546460709895,1.45609572773806,0.533521010114477
"fixed_design","SH","upper",4,TRUE,0.314660601298711,0.200045133509653,-0.180968603737852,1.44950804634275,0.531419630646025
"fixed_design","SH","upper",5,TRUE,0.31444074816406,0.199856724050687,-0.176335648265393,1.44438308514586,0.529333445134531
"fixed_design","SH","upper",6,TRUE,0.314220083777005,0.200103547555097,-0.171283428873098,1.43803918936943,0.527262454722904
"fixed_design","SH","upper",7,TRUE,0.313998608137545,0.199941179276391,-0.167241526683852,1.43237494952753,0.525206659874243
"fixed_design","SH","upper",8,TRUE,0.313776321245683,0.19986168194376,-0.163005053578503,1.42649622879514,0.523166060358246
"fixed_design","SH","upper",9,TRUE,0.313553223101416,0.199802819103592,-0.159256904256751,1.42037819954382,0.521140655237601
"fixed_design","SH","upper",10,TRUE,0.313329313704745,0.199726196621036,-0.155003154044472,1.41449924890192,0.519130442854365
"fixed_design","SH","upper",11,TRUE,0.31310459305567,0.199788059989449,-0.151230428568157,1.4084555346578,0.517135420816337
"fixed_design","SH","upper",12,TRUE,0.312879061154191,0.1993612111333,-0.147798092409536,1.40226706701526,0.51515558598344
"fixed_design","SH","upper",13,TRUE,0.312652718000309,0.199613072990262,-0.144149387293991,1.39610398929601,0.513190934454114
"fixed_design","SH","upper",14,TRUE,0.312425563594022,0.199599323625012,-0.141421992928662,1.38908088958668,0.511241461551727
"fixed_design","SH","upper",15,TRUE,0.312197597935332,0.199857421039812,-0.13807703808553,1.38175092374345,0.509307161811021
"fixed_design","SH","upper",16,TRUE,0.311968821024237,0.199950992594624,-0.134383334173074,1.37518354654477,0.507388028964598
"fixed_design","SH","upper",17,TRUE,0.311739232860739,0.200140113012762,-0.131405760073601,1.36927836991368,0.505484055929453
"fixed_design","SH","upper",18,TRUE,0.311508833444836,0.20010241535943,-0.128157886993589,1.36243794646884,0.503595234793566
"fixed_design","SH","upper",19,TRUE,0.31127762277653,0.200165449861993,-0.124904258045663,1.35640126794258,0.501721556802557
"fixed_design","SH","upper",20,TRUE,0.31104560085582,0.200001652247732,-0.121891940460001,1.35079882741473,0.499863012346433
"fixed_design","SH","upper",21,TRUE,0.310812767682706,0.200014775145641,-0.118999098075237,1.34617713245303,0.498019590946405
"fixed_design","SH","upper",22,TRUE,0.310579123257188,0.20018491836661,-0.116426839176269,1.34048868478386,0.496191281241817
"fixed_design","SH","upper",23,TRUE,0.310344667579266,0.20069868694673,-0.113983975896272,1.33327033681761,0.494378070977178
"fixed_design","SH","upper",24,TRUE,0.31010940064894,0.201030494290389,-0.111170043066756,1.32742163751994,0.492579946989311
"fixed_design","SH","upper",25,TRUE,0.30987332246621,0.200907381356651,-0.10864869402821,1.32161893262437,0.490796895194635
"fixed_design","SH","upper",26,TRUE,0.309636433031076,0.200813035745116,-0.105730037255837,1.31507218165328,0.489028900576589
"fixed_design","SH","upper",27,TRUE,0.309398732343538,0.200986608938499,-0.102597819737758,1.30771804082275,0.487275947173201
"fixed_design","SH","upper",28,TRUE,0.309160220403597,0.201444277653805,-0.100007001937031,1.3012873555497,0.485538018064822
"fixed_design","SH","upper",29,TRUE,0.308920897211251,0.201886776757816,-0.09767332629666,1.29574615737635,0.483815095362036
"fixed_design","SH","upper",30,TRUE,0.308680762766501,0.202287914715749,-0.0952652679579312,1.29090736878645,0.482107160193755
"fixed_design","SH","upper",31,TRUE,0.308439817069348,0.202628987103099,-0.092973607404361,1.28514539136132,0.480414192695498
"fixed_design","SH","upper",32,TRUE,0.30819806011979,0.202979454221397,-0.0903763631731944,1.27785320098592,0.478736171997895
"fixed_design","SH","upper",33,TRUE,0.307955491917829,0.203457817945504,-0.0885369393857679,1.27140274857538,0.477073076215393
"fixed_design","SH","upper",34,TRUE,0.307712112463463,0.204036575795259,-0.086334458539173,1.2649940282608,0.475424882435202
"fixed_design","SH","upper",35,TRUE,0.307467921756694,0.204545182688751,-0.0847980065941525,1.25885389776363,0.473791566706477
"fixed_design","SH","upper",36,TRUE,0.307222919797521,0.204830765453314,-0.0833460272601837,1.25318716245622,0.472173104029751
"fixed_design","SH","upper",37,TRUE,0.306977106585944,0.204929603242659,-0.0817520564522113,1.24726728025033,0.470569468346637
"fixed_design","SH","upper",38,TRUE,0.306730482121963,0.205557800120723,-0.0800228376565679,1.24126871465322,0.468980632529799
"fixed_design","SH","upper",39,TRUE,0.306483046405578,0.205674317436086,-0.0783036157873806,1.2358513553944,0.467406568373215
"fixed_design","SH","upper",40,TRUE,0.306234799436789,0.205863650854028,-0.0765941583604807,1.23198511116864,0.46584724658273
"fixed_design","SH","upper",41,TRUE,0.305985741215596,0.206372108132645,-0.0751434771141462,1.22612461584719,0.464302636766924
"fixed_design","SH","upper",42,TRUE,0.305735871741999,0.20673509819189,-0.0736890377396481,1.22107113625254,0.462772707428295
"fixed_design","SH","upper",43,TRUE,0.305485191015998,0.207039929963876,-0.0721911209223588,1.21471351788387,0.46125742595478
"fixed_design","SH","upper",44,TRUE,0.305233699037593,0.207496909639967,-0.0704929429056859,1.20973428311404,0.459756758611604
"fixed_design","SH","upper",45,TRUE,0.304981395806785,0.208139874436252,-0.0693790916182418,1.20513459772416,0.458270670533494
"fixed_design","SH","upper",46,TRUE,0.304728281323572,0.208287238368639,-0.0675805727148757,1.20196209376924,0.456799125717248
"fixed_design","SH","upper",47,TRUE,0.304474355587956,0.208701877876723,-0.0664376477383931,1.19599408534164,0.455342087014679
"fixed_design","SH","upper",48,TRUE,0.304219618599935,0.20899114112,-0.0653418090545337,1.19122140132589,0.453899516125942
"fixed_design","SH","upper",49,TRUE,0.303964070359511,0.209667713089056,-0.0642775618321136,1.18535222838275,0.452471373593254
"fixed_design","SH","upper",50,TRUE,0.303707710866683,0.210019240130943,-0.0635151823876837,1.17964994036537,0.451057618795013
"fixed_design","SH","upper",51,TRUE,0.30345054012145,0.210847737837135,-0.0623601388949378,1.1748503857172,0.449658209940337
"fixed_design","SH","upper",52,TRUE,0.303192558123814,0.211106121829441,-0.0607845459819721,1.17061102359504,0.448273104064014
"fixed_design","SH","upper",53,TRUE,0.302933764873774,0.211550635017365,-0.0599779916777791,1.16676467856665,0.446902257021887
"fixed_design","SH","upper",54,TRUE,0.30267416037133,0.211790069136315,-0.0590969642569335,1.16015647553101,0.445545623486681
"fixed_design","SH","upper",55,TRUE,0.302413744616482,0.212408986747042,-0.0578488653362044,1.15525637228162,0.444203156944271
"fixed_design","SH","upper",56,TRUE,0.30215251760923,0.212584348320692,-0.0567519086209125,1.14946877421598,0.442874809690406
"fixed_design","SH","upper",57,TRUE,0.301890479349574,0.2132864750903,-0.0557609622619148,1.1433642354939,0.441560532827898
"fixed_design","SH","upper",58,TRUE,0.301627629837514,0.213936355101017,-0.0551486269044784,1.13753893091645,0.440260276264279
"fixed_design","SH","upper",59,TRUE,0.30136396907305,0.214355590640101,-0.0544966243476571,1.13400253770638,0.438973988709934
"fixed_design","SH","upper",60,TRUE,0.301099497056183,0.214906687855321,-0.0534588426491352,1.12883285519667,0.437701617676717
"fixed_design","SH","upper",61,TRUE,0.300834213786911,0.215625840848614,-0.0527202012186244,1.12357989845546,0.43644310947706
"fixed_design","SH","upper",62,TRUE,0.300568119265235,0.215921902954024,-0.0520270853684905,1.11927553313533,0.435198409223568
"fixed_design","SH","upper",63,TRUE,0.300301213491156,0.216171911119602,-0.0512723254994203,1.11499365775747,0.433967460829125
"fixed_design","SH","upper",64,TRUE,0.300033496464672,0.216889422645773,-0.0507554398183788,1.10944637916287,0.432750207007497
"fixed_design","SH","upper",65,TRUE,0.299764968185785,0.217863238743475,-0.0502344325702274,1.10357800941728,0.431546589274444
"fixed_design","SH","upper",66,TRUE,0.299495628654494,0.218442328674321,-0.0496791648896468,1.09853615702984,0.430356547949353
"fixed_design","SH","upper",67,TRUE,0.299225477870798,0.218722222666259,-0.0491174497395089,1.09499320771653,0.429180022157376
"fixed_design","SH","upper",68,TRUE,0.298954515834699,0.21883164181952,-0.0487264867775105,1.09115225624167,0.428016949832096
"fixed_design","SH","upper",69,TRUE,0.298682742546196,0.219067692882626,-0.0482201203480426,1.08747097253896,0.426867267718711
"fixed_design","SH","upper",70,TRUE,0.298410158005289,0.219493427236564,-0.0474589813683508,1.08325107605235,0.425730911377742
"fixed_design","SH","upper",71,TRUE,0.298136762211978,0.219777247113222,-0.0469468665081037,1.07862316884453,0.424607815189268
"fixed_design","SH","upper",72,TRUE,0.297862555166263,0.219878946025747,-0.0465369964799608,1.07362594459757,0.42349791235768
"fixed_design","SH","upper",73,TRUE,0.297587536868144,0.220114476620011,-0.0460427002753192,1.06820919808366,0.422401134916972
"fixed_design","SH","upper",74,TRUE,0.297311707317621,0.220261997622519,-0.0456495786673244,1.06515034647925,0.421317413736551
"fixed_design","SH","upper",75,TRUE,0.297035066514694,0.22090199185508,-0.0453486509568069,1.06128349153077,0.420246678527568
"fixed_design","SH","upper",76,TRUE,0.296757614459364,0.221195587177455,-0.0449700283758258,1.05672471037629,0.419188857849786
"fixed_design","SH","upper",77,TRUE,0.296479351151629,0.22160007963169,-0.0442892079872392,1.05288452310249,0.418143879118958
"fixed_design","SH","upper",78,TRUE,0.29620027659149,0.221944951994004,-0.0436981305845336,1.04893535460577,0.417111668614733
"fixed_design","SH","upper",79,TRUE,0.295920390778948,0.222262305207507,-0.0431599912813906,1.04677423572831,0.416092151489074
"fixed_design","SH","upper",80,TRUE,0.295639693714002,0.222407093149185,-0.0427125202391218,1.04337041319267,0.415085251775191
"fixed_design","SH","upper",81,TRUE,0.295358185396651,0.222651312869134,-0.0423879862115384,1.03976744529602,0.414090892396988
"fixed_design","SH","upper",82,TRUE,0.295075865826897,0.22274944941566,-0.0419917713884288,1.03491030356442,0.413108995179009
"fixed_design","SH","upper",83,TRUE,0.294792735004738,0.223097602490443,-0.0417507465054245,1.03016739439516,0.412139480856889
"fixed_design","SH","upper",84,TRUE,0.294508792930176,0.223662512434104,-0.0413812244105635,1.02581730249848,0.411182269088298
"fixed_design","SH","upper",85,TRUE,0.29422403960321,0.224176846373618,-0.0411887944074944,1.02240369700153,0.410237278464375
"fixed_design","SH","upper",86,TRUE,0.29393847502384,0.223968125209502,-0.0408815929624765,1.01793271822163,0.409304426521644
"fixed_design","SH","upper",87,TRUE,0.293652099192066,0.224473223833888,-0.0404839620111093,1.01268954481601,0.408383629754406
"fixed_design","SH","upper",88,TRUE,0.293364912107888,0.224763769981572,-0.0404030697236749,1.00854445191464,0.407474803627598
"fixed_design","SH","upper",89,TRUE,0.293076913771306,0.224873794977361,-0.0401647225827057,1.00499083816797,0.406577862590113
"fixed_design","SH","upper",90,TRUE,0.29278810418232,0.22470022478521,-0.0400995722839897,1.00225138214472,0.405692720088571
"fixed_design","SH","upper",91,TRUE,0.29249848334093,0.224400356691552,-0.0398813440386104,1.00006956283662,0.404819288581536
"fixed_design","SH","upper",92,TRUE,0.292208051247137,0.224437040601878,-0.0397095382931869,0.996693328733747,0.403957479554157
"fixed_design","SH","upper",93,TRUE,0.291916807900939,0.224816691231333,-0.0394094380548539,0.994686693594516,0.403107203533247
"fixed_design","SH","upper",94,TRUE,0.291624753302338,0.22503893800589,-0.0392736951020758,0.991877994667957,0.402268370102761
"fixed_design","SH","upper",95,TRUE,0.291331887451332,0.224770274807861,-0.0389239796104678,0.99067235956269,0.401440887919691
"fixed_design","SH","upper",96,TRUE,0.291038210347922,0.224981054320316,-0.0389794764253999,0.989086569973299,0.400624664730336
"fixed_design","SH","upper",97,TRUE,0.290743721992109,0.225289634131403,-0.0388932677498064,0.987202003384581,0.399819607386973
"fixed_design","SH","upper",98,TRUE,0.290448422383892,0.22532051762411,-0.0388835339395082,0.984591611425057,0.399025621864876
"fixed_design","SH","upper",99,TRUE,0.290152311523271,0.22574829164013,-0.0386384539819238,0.981565279978784,0.39824261327971
"fixed_design","SH","upper",100,TRUE,0.289855389410245,0.225752859666302,-0.0385269724963056,0.978457755276236,0.397470485905256
"fixed_design","SH","upper",101,TRUE,0.289557656044816,0.225920909196047,-0.0382742098931395,0.975054344955802,0.396709143191479
"fixed_design","SH","upper",102,TRUE,0.289259111426983,0.226175443210343,-0.0382301566077541,0.971868782288635,0.395958487782904
"fixed_design","SH","upper",103,TRUE,0.288959755556746,0.225723584338434,-0.0382407212753461,0.969667768631293,0.395218421537307
"fixed_design","SH","upper",104,TRUE,0.288659588434105,0.225814606855791,-0.0381460247053168,0.965490623252998,0.394488845544694
"fixed_design","SH","upper",105,TRUE,0.28835861005906,0.225706923508054,-0.0382686250690498,0.962262986390422,0.393769660146557
"fixed_design","SH","upper",106,TRUE,0.288056820431611,0.225764134031737,-0.0382307557362817,0.958034738290773,0.393060764955404
"fixed_design","SH","upper",107,TRUE,0.287754219551759,0.2259800385348,-0.0379606928813732,0.95573107696545,0.392362058874526
"fixed_design","SH","upper",108,TRUE,0.287450807419502,0.225766643500499,-0.0377302867046962,0.953413454261145,0.391673440118012
"fixed_design","SH","upper",109,TRUE,0.287146584034841,0.225797128072431,-0.0379272918522888,0.951086389196813,0.390994806230982
"fixed_design","SH","upper",110,TRUE,0.286841549397777,0.225984813913281,-0.0379618506910171,0.947269099634885,0.390326054110028
"fixed_design","SH","upper",111,TRUE,0.286535703508308,0.225935522584741,-0.0379756853959028,0.944528641170933,0.389667080023849
"fixed_design","SH","upper",112,TRUE,0.286229046366436,0.225964837766672,-0.0380663146286997,0.941056387956461,0.389017779634065
"fixed_design","SH","upper",113,TRUE,0.285921577972159,0.225770134393103,-0.0380948046098425,0.9385296199801,0.388378048016192
"fixed_design","SH","upper",114,TRUE,0.285613298325479,0.225541170539979,-0.0380552406810163,0.936469134359603,0.387747779680774
"fixed_design","SH","upper",115,TRUE,0.285304207426395,0.225699471037104,-0.0383406271790606,0.934267148018754,0.387126868594639
"fixed_design","SH","upper",116,TRUE,0.284994305274906,0.225596285744433,-0.0384114686615625,0.931089958227884,0.386515208202284
"fixed_design","SH","upper",117,TRUE,0.284683591871014,0.225481106687121,-0.0386134389815288,0.929634488701221,0.385912691447362
"fixed_design","SH","upper",118,TRUE,0.284372067214718,0.22537151363368,-0.0384410662456262,0.928087046642952,0.385319210794257
"fixed_design","SH","upper",119,TRUE,0.284059731306018,0.225035237720258,-0.0384689560065233,0.925768065204735,0.384734658249738
"fixed_design","SH","upper",120,TRUE,0.283746584144914,0.224857693824886,-0.0386244519653225,0.924059545741116,0.384158925384676
"fixed_design","SH","upper",121,TRUE,0.283432625731406,0.224711520337961,-0.0385872299662611,0.92292780823742,0.383591903355802
"fixed_design","SH","upper",122,TRUE,0.283117856065494,0.224592408470459,-0.0385791755513401,0.920853470032764,0.383033482927505
"fixed_design","SH","upper",123,TRUE,0.282802275147179,0.224260510051981,-0.0390376901940231,0.918916974118293,0.382483554493642
"fixed_design","SH","upper",124,TRUE,0.282485882976459,0.224128853108413,-0.0390116411458625,0.917331121223235,0.381942008099357
"fixed_design","SH","upper",125,TRUE,0.282168679553335,0.224144040257592,-0.0389798421097733,0.916090083193919,0.38140873346289
"fixed_design","SH","upper",126,TRUE,0.281850664877808,0.224145176192752,-0.0392898431331382,0.914651137001747,0.380883619997361
"fixed_design","SH","upper",127,TRUE,0.281531838949876,0.223793067401925,-0.0394591082445334,0.912489960005492,0.38036655683252
"fixed_design","SH","upper",128,TRUE,0.281212201769541,0.223595635738753,-0.0395726108418073,0.910936591295828,0.379857432836446
"fixed_design","SH","upper",129,TRUE,0.280891753336801,0.223630033298475,-0.0398931364300715,0.908728129354334,0.379356136637184
"fixed_design","SH","upper",130,TRUE,0.280570493651658,0.223669954711962,-0.0400456625198583,0.908620812888636,0.378862556644306
"fixed_design","SH","upper",131,TRUE,0.280248422714111,0.223222389913721,-0.0400668715890718,0.907286104513985,0.378376581070384
"fixed_design","SH","upper",132,TRUE,0.27992554052416,0.223304051640574,-0.0403268227700916,0.904725370571908,0.377898097952367
"fixed_design","SH","upper",133,TRUE,0.279601847081804,0.222848437696167,-0.040577574210803,0.904584938597883,0.377426995172837
"fixed_design","SH","upper",134,TRUE,0.279277342387045,0.222510123680056,-0.0408602625388498,0.902682206384012,0.37696316048115
"fixed_design","SH","upper",135,TRUE,0.278952026439882,0.222334180227042,-0.0408714845930731,0.902441206581988,0.376506481514438
"fixed_design","SH","upper",136,TRUE,0.278625899240315,0.221968485133359,-0.0410724822146203,0.901567348385717,0.376056845818466
"fixed_design","SH","upper",137,TRUE,0.278298960788344,0.221697811613274,-0.0414611315039407,0.900486104866836,0.375614140868329
"fixed_design","SH","upper",138,TRUE,0.277971211083969,0.221346378704085,-0.041820234492454,0.898697819429809,0.375178254088987
"fixed_design","SH","upper",139,TRUE,0.277642650127191,0.221037015185762,-0.0420186327089467,0.896753537995353,0.374749072875618
"fixed_design","SH","upper",140,TRUE,0.277313277918008,0.22108585701807,-0.0421074794668696,0.89370507561087,0.374326484613786
"fixed_design","SH","upper",141,TRUE,0.276983094456421,0.22058654879582,-0.0422735988468819,0.891511365218534,0.373910376699413
"fixed_design","SH","upper",142,TRUE,0.276652099742431,0.220289376800486,-0.0424195041273158,0.89297566255067,0.373500636558541
"fixed_design","SH","upper",143,TRUE,0.276320293776036,0.219730554711054,-0.0426059215296098,0.891299216633945,0.373097151666889
"fixed_design","SH","upper",144,TRUE,0.275987676557238,0.219885049779213,-0.0426548056259541,0.88994452379012,0.372699809569178
"fixed_design","SH","upper",145,TRUE,0.275654248086035,0.219465837741829,-0.042744808312833,0.890260253754354,0.372308497898227
"fixed_design","SH","upper",146,TRUE,0.275320008362429,0.219308790810207,-0.0429124456829717,0.888532843368589,0.371923104393819
"fixed_design","SH","upper",147,TRUE,0.274984957386419,0.219104717482568,-0.0431100282367358,0.886415694864209,0.371543516921309
"fixed_design","SH","upper",148,TRUE,0.274649095158005,0.219029853513547,-0.0435823777748617,0.884243802353318,0.371169623489991
"fixed_design","SH","upper",149,TRUE,0.274312421677186,0.218886194359709,-0.0435896520950596,0.882670550527685,0.370801312271199
"fixed_design","SH","upper",150,TRUE,0.273974936943964,0.218438286969771,-0.0437131484224252,0.881956739990122,0.370438471616146
"fixed_design","SH","upper",151,TRUE,0.273636640958338,0.218082744094151,-0.0438837274746156,0.88216117656462,0.370080990073492
"fixed_design","SH","upper",152,TRUE,0.273297533720308,0.217760312510149,-0.0437949796642831,0.881138397551956,0.369728756406635
"fixed_design","SH","upper",153,TRUE,0.272957615229874,0.217513912926067,-0.0439858616619388,0.88091944544269,0.369381659610722
"fixed_design","SH","upper",154,TRUE,0.272616885487037,0.217294662378539,-0.0438324633714242,0.880937054777414,0.369039588929375
"fixed_design","SH","upper",155,TRUE,0.272275344491795,0.2172831858475,-0.0439624256465174,0.880269413781186,0.368702433871123
"fixed_design","SH","upper",156,TRUE,0.271932992244149,0.216801473714057,-0.0441419793742308,0.878644827725831,0.368370084225545
"fixed_design","SH","upper",157,TRUE,0.2715898287441,0.216404820937565,-0.0441914572257627,0.879228981623489,0.368042430079108
"fixed_design","SH","upper",158,TRUE,0.271245853991646,0.216227568122287,-0.0443970786400482,0.880097842855548,0.367719361830715
"fixed_design","SH","upper",159,TRUE,0.270901067986788,0.216004913490396,-0.044708879305347,0.880416225254737,0.367400770206936
"fixed_design","SH","upper",160,TRUE,0.270555470729527,0.215547035779415,-0.0448279668998547,0.880438792583287,0.367086546276947
"fixed_design","SH","upper",161,TRUE,0.270209062219862,0.215347034456827,-0.0450452539650738,0.880622684749889,0.36677658146714
"fixed_design","SH","upper",162,TRUE,0.269861842457792,0.21515743841391,-0.0453993427405949,0.882422464536089,0.366470767575448
"fixed_design","SH","upper",163,TRUE,0.269513811443319,0.215028590328305,-0.0457721963772978,0.884355430185802,0.366168996785334
"fixed_design","SH","upper",164,TRUE,0.269164969176442,0.214742517070065,-0.0459354147849236,0.883454411240854,0.36587116167948
"fixed_design","SH","upper",165,TRUE,0.268815315657161,0.214373490000193,-0.0461334653190778,0.883890474115556,0.365577155253155
"fixed_design","SH","upper",166,TRUE,0.268464850885476,0.213932145836645,-0.0461540279247991,0.884163678470587,0.365286870927273
"fixed_design","SH","upper",167,TRUE,0.268113574861386,0.213784767311424,-0.0464526506801303,0.884139029799642,0.365000202561131
"fixed_design","SH","upper",168,TRUE,0.267761487584894,0.213428572271383,-0.0467279111712198,0.88461118626509,0.364717044464829
"fixed_design","SH","upper",169,TRUE,0.267408589055997,0.212853692061996,-0.0469100928348173,0.885214001951548,0.364437291411382
"fixed_design","SH","upper",170,TRUE,0.267054879274696,0.212609177576142,-0.0471314688472645,0.885339977561458,0.364160838648505
"fixed_design","SH","upper",171,TRUE,0.266700358240991,0.2122297559532,-0.0474411540715489,0.885930817120399,0.363887581910097
"fixed_design","SH","upper",172,TRUE,0.266345025954882,0.211510047090047,-0.0477146382171862,0.886256558480365,0.363617417427399
"fixed_design","SH","upper",173,TRUE,0.26598888241637,0.210999760328081,-0.0477351463357525,0.88579070179088,0.363350241939846
"fixed_design","SH","upper",174,TRUE,0.265631927625453,0.21047158837481,-0.0481215866415622,0.886550295342304,0.363085952705604
"fixed_design","SH","upper",175,TRUE,0.265274161582132,0.21033567378094,-0.0481966012612264,0.886531463271784,0.362824447511801
"fixed_design","SH","upper",176,TRUE,0.264915584286408,0.210111570763424,-0.0485718511724726,0.88534284438876,0.362565624684451
"fixed_design","SH","upper",177,TRUE,0.26455619573828,0.209682325389398,-0.0488880923467567,0.886029548883259,0.362309383098061
"fixed_design","SH","upper",178,TRUE,0.264195995937747,0.209473406961508,-0.0492056802920036,0.886911797061882,0.362055622184953
"fixed_design","SH","upper",179,TRUE,0.263834984884811,0.209083634090593,-0.0493552739797747,0.887118920903854,0.36180424194427
"fixed_design","SH","upper",180,TRUE,0.263473162579471,0.2088055887802,-0.0496002652224013,0.88593764021694,0.361555142950688
"fixed_design","SH","upper",181,TRUE,0.263110529021727,0.2081985942387,-0.0496841520006198,0.887998342226715,0.361308226362838
"fixed_design","SH","upper",182,TRUE,0.262747084211578,0.207920201473201,-0.0500337494479723,0.887794810411538,0.361063393931425
"fixed_design","SH","upper",183,TRUE,0.262382828149027,0.207242609797474,-0.0503187768400058,0.886977386988356,0.360820548007068
"fixed_design","SH","upper",184,TRUE,0.262017760834071,0.206594061177216,-0.0502153939734516,0.887057953437259,0.360579591547847
"fixed_design","SH","upper",185,TRUE,0.261651882266711,0.206315377831981,-0.0505151802717283,0.887764708713526,0.36034042812657
"fixed_design","SH","upper",186,TRUE,0.261285192446947,0.20581146031209,-0.050904211824135,0.88902280771876,0.360102961937762
"fixed_design","SH","upper",187,TRUE,0.260917691374779,0.205225617474477,-0.0512280065558548,0.88893845085418,0.359867097804379
"fixed_design","SH","upper",188,TRUE,0.260549379050207,0.204556703193246,-0.0514708434199838,0.887870017767491,0.359632741184245
"fixed_design","SH","upper",189,TRUE,0.260180255473232,0.204068988019532,-0.0519373976744189,0.886874731629313,0.359399798176229
"fixed_design","SH","upper",190,TRUE,0.259810320643852,0.203565615428048,-0.0520232434705917,0.886526492628466,0.359168175526157
"fixed_design","SH","upper",191,TRUE,0.259439574562069,0.203271119801388,-0.0523660487349017,0.885812179694611,0.358937780632461
"fixed_design","SH","upper",192,TRUE,0.259068017227881,0.202696593370462,-0.0526600201981501,0.884955933474574,0.358708521551577
"fixed_design","SH","upper",193,TRUE,0.25869564864129,0.202179352719153,-0.0529073840380789,0.88527146322652,0.358480307003091
"fixed_design","SH","upper",194,TRUE,0.258322468802294,0.201744645359368,-0.0531682272754734,0.884879497619663,0.358253046374641
"fixed_design","SH","upper",195,TRUE,0.257948477710895,0.201141252558479,-0.0532704667194371,0.884327006320573,0.358026649726572
"fixed_design","SH","upper",196,TRUE,0.257573675367092,0.200478638206017,-0.0536315710691376,0.883795267447893,0.357801027796364
"fixed_design","SH","upper",197,TRUE,0.257198061770885,0.199728192881451,-0.0538355632608003,0.88518728034655,0.357576092002816
"fixed_design","SH","upper",198,TRUE,0.256821636922274,0.199423546419289,-0.0543687185510741,0.884789335400243,0.357351754450012
"fixed_design","SH","upper",199,TRUE,0.256444400821259,0.199091453448593,-0.054531849592215,0.885465951868616,0.357127927931057
"fixed_design","SH","upper",200,TRUE,0.25606635346784,0.198421197257814,-0.0548107270403884,0.883992172078701,0.356904525931605
"fixed_design","SH","upper",201,TRUE,0.255687494862017,0.19796261103029,-0.0552629362208728,0.884762629310561,0.356681462633159
"fixed_design","SH","upper",202,TRUE,0.25530782500379,0.197522532970181,-0.0554429222631373,0.883608076121152,0.356458652916177
"fixed_design","SH","upper",203,TRUE,0.254927343893159,0.1969474380261,-0.0553895650200449,0.884098864906151,0.356236012362968
"fixed_design","SH","upper",204,TRUE,0.254546051530124,0.196372137559547,-0.0555843989532509,0.884410043972484,0.356013457260389
"fixed_design","SH","upper",205,TRUE,0.254163947914686,0.196033518419897,-0.0559049891677325,0.882752986553101,0.355790904602347
"fixed_design","SH","upper",206,TRUE,0.253781033046843,0.195367699730316,-0.0563183785575641,0.882981190399336,0.355568272092124
"fixed_design","SH","upper",207,TRUE,0.253397306926597,0.194659881528106,-0.0566145355588936,0.881434978984747,0.355345478144498
"fixed_design","SH","upper",208,TRUE,0.253012769553946,0.19406495054574,-0.0566981451749203,0.881389372934644,0.355122441887707
"fixed_design","SH","upper",209,TRUE,0.252627420928892,0.193424869109255,-0.0569308426369291,0.881290890174679,0.354899083165223
"fixed_design","SH","upper",210,TRUE,0.252241261051434,0.192791029499753,-0.0572024074633519,0.881446488165327,0.354675322537366
"fixed_design","SH","upper",211,TRUE,0.251854289921571,0.192158476411557,-0.0574461302192926,0.880870670176784,0.354451081282752
"fixed_design","SH","upper",212,TRUE,0.251466507539305,0.191501870697232,-0.0576712176531159,0.88079757852082,0.354226281399579
"fixed_design","SH","upper",213,TRUE,0.251077913904635,0.190839372469276,-0.058118707353463,0.880077997407236,0.354000845606765
"fixed_design","SH","upper",214,TRUE,0.250688509017561,0.19049232938929,-0.0585821230419701,0.880851752800166,0.353774697344934
"fixed_design","SH","upper",215,TRUE,0.250298292878083,0.190017187400091,-0.058704607936011,0.879369819928012,0.353547760777255
"fixed_design","SH","upper",216,TRUE,0.249907265486201,0.189337428088425,-0.0587244040618111,0.879136851073356,0.353319960790147
"fixed_design","SH","upper",217,TRUE,0.249515426841915,0.188796101373631,-0.059042286208476,0.878974443518026,0.353091222993847
"fixed_design","SH","upper",218,TRUE,0.249122776945225,0.188213056847982,-0.0591930141429758,0.880161350471168,0.352861473722845
"fixed_design","SH","upper",219,TRUE,0.248729315796131,0.187756166760619,-0.0593515847778063,0.878340841194332,0.352630640036204
"fixed_design","SH","upper",220,TRUE,0.248335043394634,0.187159654036013,-0.0594714942160097,0.87798048876259,0.352398649717747
"fixed_design","SH","upper",221,TRUE,0.247939959740732,0.186463729874416,-0.0594975386527909,0.87744849909547,0.352165431276141
"fixed_design","SH","upper",222,TRUE,0.247544064834426,0.185815084980915,-0.0595610674424717,0.877814962364783,0.351930913944861
"fixed_design","SH","upper",223,TRUE,0.247147358675717,0.185392701935808,-0.0597663062137813,0.877478175275572,0.351695027682051
"fixed_design","SH","upper",224,TRUE,0.246749841264603,0.184899646526476,-0.0599271557620301,0.876872377500982,0.351457703170288
"fixed_design","SH","upper",225,TRUE,0.246351512601086,0.184277077416435,-0.0600321327847593,0.876775624959216,0.351218871816241
"fixed_design","SH","upper",226,TRUE,0.245952372685165,0.183906399793782,-0.0601193554775182,0.87691609587098,0.350978465750245
"fixed_design","SH","upper",227,TRUE,0.245552421516839,0.183386533373515,-0.0605023771041151,0.877370058279804,0.350736417825782
"fixed_design","SH","upper",228,TRUE,0.24515165909611,0.182835880841325,-0.0607017754223447,0.87685463759801,0.350492661618883
"fixed_design","SH","upper",229,TRUE,0.244750085422977,0.182353700013321,-0.0608173411679432,0.877084382166091,0.350247131427447
"fixed_design","SH","upper",230,TRUE,0.24434770049744,0.181785773470649,-0.0611971573586789,0.87673374468752,0.349999762270484
"fixed_design","SH","upper",231,TRUE,0.243944504319499,0.181244223761978,-0.0613165734760632,0.87725679126806,0.349750489887298
"fixed_design","SH","upper",232,TRUE,0.243540496889154,0.180839436590001,-0.061627369155804,0.877666763455762,0.349499250736589
"fixed_design","SH","upper",233,TRUE,0.243135678206405,0.180419978609093,-0.061898622255722,0.877668175570736,0.349245981995505
"fixed_design","SH","upper",234,TRUE,0.242730048271252,0.180034427055966,-0.0621780101584925,0.87839512660626,0.34899062155863
"fixed_design","SH","upper",235,TRUE,0.242323607083695,0.179338780923711,-0.062337345777188,0.87769805607742,0.34873310803692
"fixed_design","SH","upper",236,TRUE,0.241916354643735,0.17873503457588,-0.0624134957671856,0.877282091011401,0.34847338075659
"fixed_design","SH","upper",237,TRUE,0.24150829095137,0.178218616297077,-0.0628539132061721,0.876199843044999,0.348211379757955
"fixed_design","SH","upper",238,TRUE,0.241099416006601,0.177694718762998,-0.063303636104322,0.875020902470192,0.347947045794228
"fixed_design","SH","upper",239,TRUE,0.240689729809429,0.177213604205647,-0.0635879229972378,0.874751059385702,0.347680320330286
"fixed_design","SH","upper",240,TRUE,0.240279232359852,0.176465548490428,-0.0636468635241195,0.874568224574234,0.347411145541389
"fixed_design","SH","upper",241,TRUE,0.239867923657872,0.176061870478606,-0.0637841749353284,0.874320290667678,0.347139464311889
"fixed_design","SH","upper",242,TRUE,0.239455803703488,0.175648760523789,-0.0639320871454815,0.874131083956288,0.346865220233894
"fixed_design","SH","upper",243,TRUE,0.2390428724967,0.175424701076579,-0.063925389201268,0.873555034300266,0.346588357605918
"fixed_design","SH","upper",244,TRUE,0.238629130037507,0.174743838782182,-0.0641851110968095,0.872971594450273,0.346308821431518
"fixed_design","SH","upper",245,TRUE,0.238214576325911,0.174297487560106,-0.0642410011138343,0.873212766574732,0.346026557417899
"fixed_design","SH","upper",246,TRUE,0.237799211361911,0.173682159756873,-0.0643835621481783,0.873566752137966,0.345741511974529
"fixed_design","SH","upper",247,TRUE,0.237383035145507,0.17336014865,-0.0646194606660051,0.873960058104769,0.345453632211728
"fixed_design","SH","upper",248,TRUE,0.236966047676699,0.172708530691576,-0.0646667064314017,0.874047599846222,0.345162865939264
"fixed_design","SH","upper",249,TRUE,0.236548248955487,0.172301331440524,-0.0650435315923159,0.873486391765498,0.344869161664939
"fixed_design","SH","upper",250,TRUE,0.236129638981871,0.171682898939465,-0.0652357511625583,0.873675755846743,0.344572468593189
"fixed_design","SH","upper",251,TRUE,0.235710217755852,0.171014837470844,-0.065516328298733,0.874202922223499,0.34427273662368
"fixed_design","SH","upper",252,TRUE,0.235289985277428,0.170612267156956,-0.0654720562493763,0.874103323109132,0.343969916349917
"fixed_design","SH","upper",253,TRUE,0.2348689415466,0.170234206798228,-0.0655896314544979,0.874038377903673,0.343663959057868
"fixed_design","SH","upper",254,TRUE,0.234447086563369,0.169626106139917,-0.0657338937643038,0.874806959734758,0.343354816724601
"fixed_design","SH","upper",255,TRUE,0.234024420327733,0.169033129519982,-0.0659300558356976,0.874153611199463,0.343042442016938
"fixed_design","SH","upper",256,TRUE,0.233600942839694,0.168802354071189,-0.0659397518605257,0.873537978404484,0.342726788290141
"fixed_design","SH","upper",257,TRUE,0.23317665409925,0.16826231223307,-0.0662458645835324,0.873443946814858,0.342407809586613
"fixed_design","SH","upper",258,TRUE,0.232751554106403,0.167900410986768,-0.0664639245336199,0.873261550425316,0.342085460634633
"fixed_design","SH","upper",259,TRUE,0.232325642861152,0.167450636010004,-0.0665691697002947,0.87293357475987,0.341759696847126
"fixed_design","SH","upper",260,TRUE,0.231898920363497,0.167113366805598,-0.0667804197898305,0.873051519061829,0.341430474320462
"fixed_design","SH","upper",261,TRUE,0.231471386613437,0.166532743621881,-0.0669477609005198,0.872497170866415,0.341097749833295
"fixed_design","SH","upper",262,TRUE,0.231043041610974,0.165987154732986,-0.0668590643632157,0.872234734089086,0.340761480845451
"fixed_design","SH","upper",263,TRUE,0.230613885356107,0.165385424301675,-0.0669892251974943,0.871828634202613,0.340421625496848
"fixed_design","SH","upper",264,TRUE,0.230183917848836,0.165114806646296,-0.0670447227330107,0.871693216757319,0.340078142606475
"fixed_design","SH","upper",265,TRUE,0.229753139089161,0.164479143807577,-0.0670284666626106,0.871570829141446,0.339730991671412
"fixed_design","SH","upper",266,TRUE,0.229321549077083,0.164132695559033,-0.0670957387688486,0.870858529444767,0.339380132865914
"fixed_design","SH","upper",267,TRUE,0.2288891478126,0.163815355054548,-0.0670513989338799,0.870670001268701,0.339025527040542
"fixed_design","SH","upper",268,TRUE,0.228455935295713,0.163362526091118,-0.0673346601956887,0.869857566147321,0.338667135721358
"fixed_design","SH","upper",269,TRUE,0.228021911526423,0.162780404127542,-0.0675171278208785,0.86991679164051,0.338304921109185
"fixed_design","SH","upper",270,TRUE,0.227587076504728,0.162084100236823,-0.0676223742542261,0.869998251204536,0.337938846078928
"fixed_design","SH","upper",271,TRUE,0.227151430230629,0.161750256327265,-0.067919397315294,0.869376958445683,0.337568874178966
"fixed_design","SH","upper",272,TRUE,0.226714972704127,0.161269167423904,-0.0681802549977831,0.867833717990584,0.337194969630616
"fixed_design","SH","upper",273,TRUE,0.22627770392522,0.160692996627825,-0.0684112258097983,0.866981725254555,0.336817097327669
"fixed_design","SH","upper",274,TRUE,0.22583962389391,0.160331406222851,-0.068485425457725,0.866772073766721,0.336435222836009
"fixed_design","SH","upper",275,TRUE,0.225400732610196,0.159801742554652,-0.0685249653391723,0.86662895140078,0.336049312393302
"fixed_design","SH","upper",276,TRUE,0.224961030074078,0.159374377160771,-0.0685422387463862,0.866513595515854,0.335659332908784
"fixed_design","SH","upper",277,TRUE,0.224520516285556,0.158983657943518,-0.0687551571773549,0.865681502870033,0.335265251963119
"fixed_design","SH","upper",278,TRUE,0.22407919124463,0.158515931757377,-0.0689537985326095,0.865673449818638,0.334867037808357
"fixed_design","SH","upper",279,TRUE,0.2236370549513,0.15837831689476,-0.0692394005252391,0.865641357405776,0.334464659367983
"fixed_design","SH","upper",280,TRUE,0.223194107405566,0.157797814063977,-0.0692406844971296,0.865585225631447,0.334058086237055
"fixed_design","SH","upper",281,TRUE,0.222750348607428,0.157148493716737,-0.0692962602456069,0.864675051433769,0.333647288682451
"fixed_design","SH","upper",282,TRUE,0.222305778556886,0.156713638320404,-0.0692648897364196,0.862978893996364,0.333232237643208
"fixed_design","SH","upper",283,TRUE,0.22186039725394,0.156375334323685,-0.0693597690552307,0.862077043401396,0.332812904730969
"fixed_design","SH","upper",284,TRUE,0.22141420469859,0.156079704819044,-0.0696919862831305,0.861523512885207,0.33238926223054
"fixed_design","SH","upper",285,TRUE,0.220967200890837,0.155443030950483,-0.0698946050886953,0.860966164851338,0.331961283100554
"fixed_design","SH","upper",286,TRUE,0.220519385830679,0.154960937508872,-0.069987281192881,0.859620812317812,0.331528940974249
"fixed_design","SH","upper",287,TRUE,0.220070759518117,0.154733036010622,-0.0699932454662883,0.859333163653925,0.331092210160369
"fixed_design","SH","upper",288,TRUE,0.219621321953152,0.1542105059329,-0.0700104513190566,0.858680301353063,0.330651065644174
"fixed_design","SH","upper",289,TRUE,0.219171073135783,0.153824856390545,-0.0701398540585854,0.85822353529994,0.330205483088587
"fixed_design","SH","upper",290,TRUE,0.218720013066009,0.153505963017314,-0.0703090065769084,0.857345392962834,0.329755438835453
"fixed_design","SH","upper",291,TRUE,0.218268141743832,0.152886423991773,-0.070316248351609,0.856324268872144,0.329300909906944
"fixed_design","SH","upper",292,TRUE,0.217815459169251,0.152543850068443,-0.0704789548632095,0.854951993119589,0.328841874007082
"fixed_design","SH","upper",293,TRUE,0.217361965342266,0.152090805545967,-0.0705294976428767,0.854306906906154,0.328378309523408
"fixed_design","SH","upper",294,TRUE,0.216907660262877,0.151688784130851,-0.0707609559701229,0.853627927596156,0.327910195528792
"fixed_design","SH","upper",295,TRUE,0.216452543931084,0.151270285327948,-0.0709646049387533,0.852821729990735,0.327437511783377
"fixed_design","SH","upper",296,TRUE,0.215996616346887,0.150766876506408,-0.0710071913134424,0.852147284527789,0.326960238736682
"fixed_design","SH","upper",297,TRUE,0.215539877510286,0.150430427212172,-0.0709433003531459,0.851665737017167,0.326478357529848
"fixed_design","SH","upper",298,TRUE,0.215082327421281,0.150170261179466,-0.0711401199522009,0.850215554881351,0.325991849998043
"fixed_design","SH","upper",299,TRUE,0.214623966079872,0.14974442536199,-0.0711229184373287,0.849795931605885,0.325500698673018
"fixed_design","SH","upper",300,TRUE,0.214164793486059,0.149267849029242,-0.0711700112901266,0.849115066298202,0.325004886785835
"fixed_design","SH","upper",301,TRUE,0.213704809639843,0.14868423413141,-0.0712632798312208,0.848237158107322,0.324504398269751
"fixed_design","SH","upper",302,TRUE,0.213244014541222,0.148270840145163,-0.0715458162061136,0.847402368683208,0.323999217763279
"fixed_design","SH","upper",303,TRUE,0.212782408190198,0.147842690133336,-0.0714146155666476,0.846326146399699,0.323489330613418
"fixed_design","SH","upper",304,TRUE,0.212319990586769,0.147370386972979,-0.0713413605606898,0.845058042224325,0.322974722879061
"fixed_design","SH","upper",305,TRUE,0.211856761730937,0.146876235752091,-0.0712390340543377,0.843572098879388,0.32245538133459
"fixed_design","SH","upper",306,TRUE,0.211392721622701,0.146397744511467,-0.0713742750655043,0.842956117633634,0.321931293473647
"fixed_design","SH","upper",307,TRUE,0.21092787026206,0.146000857876633,-0.0713921614221451,0.842683134159118,0.321402447513104
"fixed_design","SH","upper",308,TRUE,0.210462207649016,0.145488462406395,-0.071359364195219,0.84139744686761,0.320868832397224
"fixed_design","SH","upper",309,TRUE,0.209995733783568,0.144990698214382,-0.0714439298641505,0.840063467684276,0.320330437802021
"fixed_design","SH","upper",310,TRUE,0.209528448665716,0.144426560869121,-0.0714223092116134,0.838601915931084,0.319787254139825
"fixed_design","SH","upper",311,TRUE,0.20906035229546,0.144113783540426,-0.0716730768777611,0.836958787719958,0.319239272564053
"fixed_design","SH","upper",312,TRUE,0.2085914446728,0.143707652424658,-0.0714575053197024,0.835723328424558,0.318686484974194
"fixed_design","SH","upper",313,TRUE,0.208121725797736,0.143251632453439,-0.0712786292390751,0.834129569936752,0.318128884021015
"fixed_design","SH","upper",314,TRUE,0.207651195670268,0.142975346873834,-0.071315096881351,0.832587871230925,0.31756646311198
"fixed_design","SH","upper",315,TRUE,0.207179854290396,0.142556099030385,-0.0714415370395,0.830884836366885,0.316999216416912
"fixed_design","SH","upper",316,TRUE,0.20670770165812,0.142073452353474,-0.0714498292725856,0.829436626862451,0.316427138873874
"fixed_design","SH","upper",317,TRUE,0.206234737773441,0.141650214370688,-0.0717436577713833,0.828603769809059,0.315850226195295
"fixed_design","SH","upper",318,TRUE,0.205760962636357,0.141438420876997,-0.0716918954996688,0.827779699722909,0.315268474874339
"fixed_design","SH","upper",319,TRUE,0.20528637624687,0.141033420832718,-0.0716482508330696,0.826489962064335,0.314681882191522
"fixed_design","SH","upper",320,TRUE,0.204810978604978,0.140657518465381,-0.0717764210511846,0.825415405532729,0.314090446221585
"fixed_design","SH","upper",321,TRUE,0.204334769710683,0.140119582651772,-0.0719822066334401,0.823704742874554,0.313494165840629
"fixed_design","SH","upper",322,TRUE,0.203857749563984,0.139817080000528,-0.0719777862710194,0.821750669375085,0.31289304073351
"fixed_design","SH","upper",323,TRUE,0.20337991816488,0.139343129501728,-0.0721855891120352,0.819610953147469,0.312287071401517
"fixed_design","SH","upper",324,TRUE,0.202901275513373,0.139093660476152,-0.072172920056857,0.818022532722527,0.311676259170318
"fixed_design","SH","upper",325,TRUE,0.202421821609462,0.138686398963993,-0.0723366751392491,0.817180885268042,0.3110606061982
"fixed_design","SH","upper",326,TRUE,0.201941556453147,0.138256434021197,-0.0724299717712074,0.815477328311035,0.310440115484595
"fixed_design","SH","upper",327,TRUE,0.201460480044428,0.137864403603585,-0.0724796213069961,0.813446546770062,0.309814790878907
"fixed_design","SH","upper",328,TRUE,0.200978592383305,0.137551645923797,-0.072569320398671,0.811157704717634,0.30918463708964
"fixed_design","SH","upper",329,TRUE,0.200495893469778,0.137250779350271,-0.0724886079278555,0.809306494849621,0.308549659693844
"fixed_design","SH","upper",330,TRUE,0.200012383303847,0.136917917714589,-0.0724458525399767,0.807858851993269,0.307909865146877
"fixed_design","SH","upper",331,TRUE,0.199528061885513,0.136608094175539,-0.0724691952384647,0.806142073357683,0.307265260792489
"fixed_design","SH","upper",332,TRUE,0.199042929214774,0.136141273571298,-0.0724703950816759,0.804579755311158,0.306615854873247
"fixed_design","SH","upper",333,TRUE,0.198556985291631,0.135778803598399,-0.0724061062919778,0.803456537144708,0.305961656541299
"fixed_design","SH","upper",334,TRUE,0.198070230116084,0.135397176602884,-0.0721846522408321,0.802216320726607,0.305302675869479
"fixed_design","SH","upper",335,TRUE,0.197582663688134,0.135169469421168,-0.0723523907562841,0.800308396444205,0.304638923862785
"fixed_design","SH","upper",336,TRUE,0.197094286007779,0.134904692913323,-0.072456305986792,0.798210771194947,0.303970412470201
"fixed_design","SH","upper",337,TRUE,0.196605097075021,0.134599805346644,-0.0724202011584419,0.796507209046559,0.303297154596917
"fixed_design","SH","upper",338,TRUE,0.196115096889859,0.134243620751236,-0.0724949349042301,0.795018779850561,0.302619164116905
"fixed_design","SH","upper",339,TRUE,0.195624285452292,0.13397482153352,-0.0725666660799036,0.793126403410628,0.301936455885906
"fixed_design","SH","upper",340,TRUE,0.195132662762322,0.133541977374158,-0.0726705317874778,0.791356532460148,0.301249045754802
"fixed_design","SH","upper",341,TRUE,0.194640228819948,0.133196215217387,-0.0726689508258895,0.790457935526667,0.300556950583407
"fixed_design","SH","upper",342,TRUE,0.19414698362517,0.132779276319858,-0.0726346623346373,0.789523471216066,0.299860188254666
"fixed_design","SH","upper",343,TRUE,0.193652927177988,0.132409741265971,-0.0725728431323086,0.787633433413725,0.299158777689286
"fixed_design","SH","upper",344,TRUE,0.193158059478402,0.132053925501424,-0.0723622924813499,0.78559954798926,0.298452738860806
"fixed_design","SH","upper",345,TRUE,0.192662380526412,0.131733508508739,-0.0723842720445462,0.783832097964084,0.297742092811101
"fixed_design","SH","upper",346,TRUE,0.192165890322019,0.131631751908783,-0.0722393747486415,0.782507519628964,0.29702686166636
"fixed_design","SH","upper",347,TRUE,0.191668588865221,0.131220115089806,-0.0722285372482206,0.780656047116932,0.296307068653513
"fixed_design","SH","upper",348,TRUE,0.191170476156019,0.130891420697703,-0.0722720184761304,0.778880961324192,0.295582738117143
"fixed_design","SH","upper",349,TRUE,0.190671552194413,0.130453344085118,-0.0722271731548306,0.776786386931991,0.294853895536889
"fixed_design","SH","upper",350,TRUE,0.190171816980404,0.130077607401833,-0.072126130446211,0.774908992522797,0.294120567545337
"fixed_design","SH","upper",351,TRUE,0.18967127051399,0.129720533648528,-0.071941987998216,0.773283670241334,0.293382781946424
"fixed_design","SH","upper",352,TRUE,0.189169912795173,0.129451131761123,-0.0717114631020797,0.772000881196255,0.292640567734368
"fixed_design","SH","upper",353,TRUE,0.188667743823951,0.129056829062991,-0.0717340408734691,0.770442320074864,0.291893955113115
"fixed_design","SH","upper",354,TRUE,0.188164763600326,0.128775849379132,-0.0714908399236713,0.76874802229357,0.291142975516344
"fixed_design","SH","upper",355,TRUE,0.187660972124297,0.128352718072314,-0.0718234045303351,0.767004989590494,0.290387661628018
"fixed_design","SH","upper",356,TRUE,0.187156369395863,0.128200370301049,-0.0718015457427713,0.764560864042286,0.289628047403499
"fixed_design","SH","upper",357,TRUE,0.186650955415026,0.128003221446454,-0.0715360505992917,0.76266239111256,0.288864168091246
"fixed_design","SH","upper",358,TRUE,0.186144730181785,0.127665904914849,-0.0714930259095436,0.760520757281592,0.288096060255103
"fixed_design","SH","upper",359,TRUE,0.18563769369614,0.127388374903809,-0.0713945507348108,0.758367594623883,0.287323761797186
"fixed_design","SH","upper",360,TRUE,0.185129845958091,0.126997494909247,-0.0713327004332582,0.755676933878734,0.286547311981389
"fixed_design","SH","upper",361,TRUE,0.184621186967638,0.126802461019405,-0.0714052003043696,0.753782945573135,0.285766751457511
"fixed_design","SH","upper",362,TRUE,0.184111716724781,0.126390772239639,-0.0712471244784853,0.751872434480566,0.284982122286031
"fixed_design","SH","upper",363,TRUE,0.183601435229521,0.12600665404903,-0.0709891653139453,0.749587408101065,0.284193467963534
"fixed_design","SH","upper",364,TRUE,0.183090342481856,0.125696641732639,-0.0707712413404013,0.747515544839039,0.283400833448796
"fixed_design","SH","upper",365,TRUE,0.182578438481787,0.12537452604256,-0.070560012327168,0.744811731349424,0.282604265189555
"fixed_design","SH","upper",366,TRUE,0.182065723229315,0.125085603973621,-0.0706145337600684,0.742848285003039,0.281803811149977
"fixed_design","SH","upper",367,TRUE,0.181552196724438,0.124726014298406,-0.0706031633279019,0.740333757849545,0.280999520838814
"fixed_design","SH","upper",368,TRUE,0.181037858967158,0.124196182150275,-0.0706555448002144,0.73867874788802,0.280191445338293
"fixed_design","SH","upper",369,TRUE,0.180522709957473,0.124020404280434,-0.0705740511226249,0.737021937522855,0.279379637333728
"fixed_design","SH","upper",370,TRUE,0.180006749695385,0.123742740439468,-0.0703746653037245,0.735060969018614,0.278564151143884
"fixed_design","SH","upper",371,TRUE,0.179489978180893,0.123543651252293,-0.0703488407881249,0.733097614512108,0.277745042752087
"fixed_design","SH","upper",372,TRUE,0.178972395413997,0.123358984715641,-0.0702405680167745,0.732278019400699,0.276922369838117
"fixed_design","SH","upper",373,TRUE,0.178454001394697,0.123009394284286,-0.0702398234399995,0.729855057977298,0.276096191810876
"fixed_design","SH","upper",374,TRUE,0.177934796122992,0.122928243504089,-0.0699246360760725,0.726417566848505,0.275266569841849
"fixed_design","SH","upper",375,TRUE,0.177414779598884,0.12281004193476,-0.0696718226810619,0.722608211257966,0.274433566899386
"fixed_design","SH","upper",376,TRUE,0.176893951822372,0.122388900163765,-0.0694743046864453,0.720621530104533,0.273597247783791
"fixed_design","SH","upper",377,TRUE,0.176372312793457,0.122035425541897,-0.069332419222904,0.718661464420919,0.272757679163252
"fixed_design","SH","upper",378,TRUE,0.175849862512137,0.121804398116434,-0.0692393689573244,0.715940051361147,0.271914929610609
"fixed_design","SH","upper",379,TRUE,0.175326600978413,0.121472413530893,-0.0694881502898505,0.713964974970183,0.271069069640986
"fixed_design","SH","upper",380,TRUE,0.174802528192285,0.12132405651712,-0.0693495482637449,0.71195456609714,0.27022017175028
"fixed_design","SH","upper",381,TRUE,0.174277644153754,0.121000778003096,-0.0692699954522329,0.709794501942499,0.269368310454536
"fixed_design","SH","upper",382,TRUE,0.173751948862818,0.120922007036562,-0.069186462993463,0.707742310435291,0.268513562330199
"fixed_design","SH","upper",383,TRUE,0.173225442319479,0.120788175253269,-0.0688611679059204,0.704731412654803,0.267656006055276
"fixed_design","SH","upper",384,TRUE,0.172698124523735,0.120460519731145,-0.0686492120310653,0.702301924041353,0.266795722451386
"fixed_design","SH","upper",385,TRUE,0.172169995475588,0.12006657463519,-0.0684719004595637,0.699290935834165,0.265932794526735
"fixed_design","SH","upper",386,TRUE,0.171641055175036,0.119765178476148,-0.068365626699507,0.69769662837996,0.265067307520009
"fixed_design","SH","upper",387,TRUE,0.171111303622081,0.119639834523531,-0.0683588731303516,0.694354402174378,0.264199348945185
"fixed_design","SH","upper",388,TRUE,0.170580740816722,0.119278528537402,-0.0681796965153323,0.6907922530851,0.263329008637282
"fixed_design","SH","upper",389,TRUE,0.170049366758959,0.118809901105261,-0.0680193008048267,0.688295338106763,0.26245637879904
"fixed_design","SH","upper",390,TRUE,0.169517181448792,0.11849982543832,-0.0679778103916217,0.687860707209206,0.261581554048538
"fixed_design","SH","upper",391,TRUE,0.168984184886221,0.11817361519295,-0.0677561077121209,0.686349912059677,0.260704631467752
"fixed_design","SH","upper",392,TRUE,0.168450377071246,0.118027895917909,-0.0677153924874816,0.683194025932263,0.25982571065205
"fixed_design","SH","upper",393,TRUE,0.167915758003867,0.11769375509464,-0.0676669129273089,0.680425008759875,0.258944893760618
"fixed_design","SH","upper",394,TRUE,0.167380327684084,0.117473949079979,-0.0672713080559954,0.677666743833911,0.25806228556783
"fixed_design","SH","upper",395,TRUE,0.166844086111897,0.117080637123065,-0.0672609232926079,0.675210704802007,0.257177993515533
"fixed_design","SH","upper",396,TRUE,0.166307033287306,0.116586245921342,-0.0673267015549291,0.672087132017421,0.256292127766255
"fixed_design","SH","upper",397,TRUE,0.165769169210312,0.116238584742273,-0.0673101267118676,0.668559929262308,0.25540480125733
"fixed_design","SH","upper",398,TRUE,0.165230493880913,0.116016727038629,-0.0671777859962721,0.666010021275773,0.254516129755909
"fixed_design","SH","upper",399,TRUE,0.164691007299111,0.115656163718391,-0.0670126475864223,0.664377181114318,0.253626231914859
"fixed_design","SH","upper",400,TRUE,0.164150709464904,0.11533978972941,-0.0669186334406744,0.66178038001569,0.252735229329529
"fixed_design","SH","upper",401,TRUE,0.163609600378294,0.114975695163314,-0.066790652972501,0.658261249164235,0.251843246595353
"fixed_design","SH","upper",402,TRUE,0.16306768003928,0.114694288465758,-0.0665392152182991,0.655532239288374,0.250950411366281
"fixed_design","SH","upper",403,TRUE,0.162524948447861,0.114497797879229,-0.0664535630894277,0.652564240031318,0.250056854413998
"fixed_design","SH","upper",404,TRUE,0.161981405604039,0.11408253941733,-0.0664123274872173,0.649527897063309,0.249162709687905
"fixed_design","SH","upper",405,TRUE,0.161437051507813,0.113824203406155,-0.0662134205545582,0.646857275505225,0.248268114375833
"fixed_design","SH","upper",406,TRUE,0.160891886159183,0.11331213143636,-0.0661808395869763,0.643780686872406,0.247373208965434
"fixed_design","SH","upper",407,TRUE,0.160345909558149,0.113259730552234,-0.0660996681142327,0.641918493483427,0.246478137306231
"fixed_design","SH","upper",408,TRUE,0.159799121704711,0.112819915595951,-0.066051321049359,0.640017375464317,0.245583046672251
"fixed_design","SH","upper",409,TRUE,0.159251522598869,0.112688123069332,-0.065983361200841,0.638114696854571,0.244688087825206
"fixed_design","SH","upper",410,TRUE,0.158703112240623,0.112516806683902,-0.0657211440355625,0.635152915001507,0.243793415078165
"fixed_design","SH","upper",411,TRUE,0.158153890629973,0.112310272081274,-0.0657867857635751,0.63246618319055,0.242899186359632
"fixed_design","SH","upper",412,TRUE,0.15760385776692,0.112026519197765,-0.0658171690182226,0.628698544097277,0.242005563277989
"fixed_design","SH","upper",413,TRUE,0.157053013651462,0.11179758041877,-0.065648555936739,0.625987569024896,0.241112711186198
"fixed_design","SH","upper",414,TRUE,0.1565013582836,0.111532059644491,-0.0654440433406393,0.622666173262521,0.240220799246704
"fixed_design","SH","upper",415,TRUE,0.155948891663335,0.111260471071416,-0.065340452343,0.619324473596466,0.239330000496433
"fixed_design","SH","upper",416,TRUE,0.155395613790666,0.111292983957915,-0.0653590076694107,0.616233182345714,0.238440491911789
"fixed_design","SH","upper",417,TRUE,0.154841524665592,0.110851984641512,-0.0653535354466809,0.613580473553026,0.237552454473552
"fixed_design","SH","upper",418,TRUE,0.154286624288115,0.110624420219678,-0.0654433168399371,0.611479059556559,0.236666073231558
"fixed_design","SH","upper",419,TRUE,0.153730912658233,0.110332080082758,-0.0653238671150654,0.609034982619083,0.235781537369037
"fixed_design","SH","upper",420,TRUE,0.153174389775948,0.110006588250697,-0.0654134479247805,0.605832736992722,0.23489904026648
"fixed_design","SH","upper",421,TRUE,0.152617055641259,0.10954501373601,-0.0654900252038698,0.603847174909068,0.2340187795649
"fixed_design","SH","upper",422,TRUE,0.152058910254166,0.109464951817821,-0.0655048362803595,0.601790189499677,0.233140957228327
"fixed_design","SH","upper",423,TRUE,0.151499953614669,0.109095229429874,-0.0655566688279332,0.599302625465707,0.232265779605384
"fixed_design","SH","upper",424,TRUE,0.150940185722768,0.108612445106514,-0.0656251571229266,0.596047212695431,0.23139345748977
"fixed_design","SH","upper",425,TRUE,0.150379606578463,0.108272856756627,-0.0656884519132421,0.593062361918362,0.230524206179471
"fixed_design","SH","upper",426,TRUE,0.149818216181754,0.108069790707244,-0.0656140904936919,0.589986431558106,0.229658245534505
"fixed_design","SH","upper",427,TRUE,0.149256014532642,0.10771342752999,-0.0656904473349779,0.586279933384251,0.228795800032992
"fixed_design","SH","upper",428,TRUE,0.148693001631125,0.107424374916587,-0.0655039892175204,0.584639477283621,0.22793709882535
"fixed_design","SH","upper",429,TRUE,0.148129177477204,0.107199822803476,-0.0654942829966216,0.582101740542422,0.227082375786362
"fixed_design","SH","upper",430,TRUE,0.14756454207088,0.106898931214639,-0.0656993101045372,0.579878567126393,0.226231869564901
"fixed_design","SH","upper",431,TRUE,0.146999095412151,0.106515521617336,-0.0654811575164945,0.578375983741206,0.225385823631035
"fixed_design","SH","upper",432,TRUE,0.146432837501019,0.106192810172373,-0.0653948614700623,0.575718469702503,0.224544486320274
"fixed_design","SH","upper",433,TRUE,0.145865768337482,0.105863183505551,-0.0655789720870567,0.573045594469644,0.223708110874646
"fixed_design","SH","upper",434,TRUE,0.145297887921542,0.105567148007152,-0.06571433022407,0.57071216319695,0.222876955480343
"fixed_design","SH","upper",435,TRUE,0.144729196253198,0.105331749800755,-0.065671446734651,0.567438178554056,0.222051283301607
"fixed_design","SH","upper",436,TRUE,0.144159693332449,0.104914301301627,-0.0658085718425827,0.565991663740641,0.221231362510556
"fixed_design","SH","upper",437,TRUE,0.143589379159297,0.104842101534353,-0.0658686899478265,0.563209794537201,0.220417466312603
"fixed_design","SH","upper",438,TRUE,0.143018253733741,0.104509019949002,-0.0658849696149921,0.560565736705125,0.219609872967138
"fixed_design","SH","upper",439,TRUE,0.142446317055781,0.104054882727248,-0.0658948374237772,0.558103036515429,0.218808865803105
"fixed_design","SH","upper",440,TRUE,0.141873569125417,0.103776597097702,-0.0659229347103018,0.554332083392282,0.218014733229113
"fixed_design","SH","upper",441,TRUE,0.141300009942649,0.103433396617081,-0.0661064829884233,0.552902212211729,0.217227768737701
"fixed_design","SH","upper",442,TRUE,0.140725639507477,0.103277193548712,-0.0660985775053805,0.55095128870272,0.216448270903358
"fixed_design","SH","upper",443,TRUE,0.140150457819902,0.103215732654848,-0.0661507174911582,0.548796867844663,0.215676543373905
"fixed_design","SH","upper",444,TRUE,0.139574464879922,0.102784512129252,-0.0663401096832116,0.547476826645239,0.214912894854824
"fixed_design","SH","upper",445,TRUE,0.138997660687538,0.102275643611693,-0.0664862347036855,0.54612050948505,0.214157639086118
"fixed_design","SH","upper",446,TRUE,0.138420045242751,0.101873510036434,-0.0666241262182506,0.544954495092006,0.213411094811272
"fixed_design","SH","upper",447,TRUE,0.137841618545559,0.101526508673901,-0.0667014246033772,0.541911542168174,0.212673585737881
"fixed_design","SH","upper",448,TRUE,0.137262380595964,0.100851639689905,-0.0669847167019137,0.538505467163252,0.211945440489516
"fixed_design","SH","upper",449,TRUE,0.136682331393965,0.100534902207042,-0.0670796056607235,0.5359604139943,0.211226992548385
"fixed_design","SH","upper",450,TRUE,0.136101470939561,0.100412103184676,-0.0670125528472776,0.534485994952556,0.210518580188343
"fixed_design","SH","upper",451,TRUE,0.135519799232754,0.0998977038232945,-0.0672314881701736,0.531600530822771,0.209820546397824
"fixed_design","SH","upper",452,TRUE,0.134937316273543,0.0993483790432225,-0.0674140112134496,0.529150927213741,0.209133238792251
"fixed_design","SH","upper",453,TRUE,0.134354022061927,0.0988686324746053,-0.0677135029416774,0.527724155705231,0.2084570095155
"fixed_design","SH","upper",454,TRUE,0.133769916597908,0.0985321440139678,-0.0679444890502969,0.52607933045746,0.207792215129993
"fixed_design","SH","upper",455,TRUE,0.133184999881485,0.098407548849877,-0.0681187111057486,0.523424109007371,0.207139216495017
"fixed_design","SH","upper",456,TRUE,0.132599271912658,0.0978933616350442,-0.068328742860609,0.521595621436961,0.206498378632875
"fixed_design","SH","upper",457,TRUE,0.132012732691428,0.0974364048169254,-0.0686317451465137,0.520029067146771,0.205870070582487
"fixed_design","SH","upper",458,TRUE,0.131425382217793,0.0970124637973035,-0.0690832686429254,0.518557678742863,0.205254665240093
"fixed_design","SH","upper",459,TRUE,0.130837220491754,0.0966088200326527,-0.0695620571467319,0.51617403178442,0.204652539186731
"fixed_design","SH","upper",460,TRUE,0.130248247513311,0.0958837790896954,-0.0697554135490013,0.515477163472019,0.20406407250218
"fixed_design","SH","upper",461,TRUE,0.129658463282464,0.0953446247756708,-0.0699386158593686,0.513221339640488,0.203489648565111
"fixed_design","SH","upper",462,TRUE,0.129067867799214,0.0949481785787323,-0.0701409275344389,0.512365821858579,0.20292965383921
"fixed_design","SH","upper",463,TRUE,0.128476461063559,0.0943466124271469,-0.0705912903372486,0.511975336300349,0.202384477645088
"fixed_design","SH","upper",464,TRUE,0.127884243075501,0.0940505525563907,-0.0710939557264527,0.510937140963582,0.201854511917826
"fixed_design","SH","upper",465,TRUE,0.127291213835039,0.0936042187286939,-0.071727444171294,0.511737887297024,0.20134015095007
"fixed_design","SH","upper",466,TRUE,0.126697373342172,0.0929179073932829,-0.0718154872087216,0.510052049956935,0.200841791120631
"fixed_design","SH","upper",467,TRUE,0.126102721596902,0.0923314093280001,-0.0720847484511169,0.51023602435066,0.200359830608608
"fixed_design","SH","upper",468,TRUE,0.125507258599228,0.0917475233732871,-0.0725198736580257,0.509433172365343,0.19989466909311
"fixed_design","SH","upper",469,TRUE,0.12491098434915,0.0912570414611454,-0.0730816377539115,0.509480220135865,0.19944670743873
"fixed_design","SH","upper",470,TRUE,0.124313898846668,0.0907371913919351,-0.0736292885680596,0.509132734213548,0.199016347366976
"fixed_design","SH","upper",471,TRUE,0.123716002091782,0.0902765069755904,-0.0742803215289011,0.50897595028947,0.198603991113961
"fixed_design","SH","upper",472,TRUE,0.123117294084492,0.0897121094107303,-0.0746873449136592,0.508975255658812,0.198210041074707
"fixed_design","SH","upper",473,TRUE,0.122517774824798,0.0889368040200283,-0.0752225453835555,0.508131710353993,0.197834899434507
"fixed_design","SH","upper",474,TRUE,0.1219174443127,0.0885193598419763,-0.075758776797593,0.506861911744825,0.197478967787881
"fixed_design","SH","upper",475,TRUE,0.121316302548198,0.0879831584886244,-0.0762076726441722,0.506605195763124,0.197142646745731
"fixed_design","SH","upper",476,TRUE,0.120714349531292,0.0872340117902731,-0.0767555760835732,0.507198815128325,0.196826335531387
"fixed_design","SH","upper",477,TRUE,0.120111585261983,0.0864007252601616,-0.0769661733777428,0.507785658082679,0.196530431566333
"fixed_design","SH","upper",478,TRUE,0.119508009740269,0.0853556596374249,-0.0777684396071013,0.508855690733557,0.196255330046478
"fixed_design","SH","upper",479,TRUE,0.118903622966152,0.0847902477142541,-0.0785711925064665,0.509131226633994,0.196001423509925
"fixed_design","SH","upper",480,TRUE,0.11829842493963,0.0842712593072525,-0.0792055345707764,0.509060374279241,0.195769101397274
"fixed_design","SH","upper",481,TRUE,0.117692415660705,0.0840369889073358,-0.0800414393964942,0.509215369844532,0.19555874960559
"fixed_design","SH","upper",482,TRUE,0.117085595129376,0.0832587705848679,-0.0808360216251841,0.510802077581184,0.195370750037215
"fixed_design","SH","upper",483,TRUE,0.116477963345642,0.0825728695549557,-0.0814676214476553,0.510514176705806,0.195205480144724
"fixed_design","SH","upper",484,TRUE,0.115869520309505,0.0818926438431533,-0.082352717069723,0.511917685822841,0.195063312473348
"fixed_design","SH","upper",485,TRUE,0.115260266020964,0.0810650865863378,-0.0830860616238415,0.51161760170428,0.194944614202287
"fixed_design","SH","upper",486,TRUE,0.114650200480019,0.0802056111279973,-0.0839807993229337,0.512223975937364,0.194849746686388
"fixed_design","SH","upper",487,TRUE,0.11403932368667,0.0794659137697756,-0.0849381657957319,0.513669277182744,0.194779064999687
"fixed_design","SH","upper",488,TRUE,0.113427635640917,0.0788714749673519,-0.0858174928261294,0.515854743319787,0.19473291748241
"fixed_design","SH","upper",489,TRUE,0.11281513634276,0.0777732946629717,-0.0866092299217049,0.516474577782721,0.194711645293002
"fixed_design","SH","upper",490,TRUE,0.112201825792199,0.0769374007430115,-0.0873914142792818,0.517463365830869,0.194715581966838
"fixed_design","SH","upper",491,TRUE,0.111587703989234,0.0759032641171948,-0.0883477854501078,0.518121392220591,0.19474505298323
"fixed_design","SH","upper",492,TRUE,0.110972770933866,0.0748196528277425,-0.0894469035610504,0.519563664004489,0.194800375342391
"fixed_design","SH","upper",493,TRUE,0.110357026626093,0.073965002370601,-0.0905067855095137,0.520696560790579,0.194881857153992
"fixed_design","SH","upper",494,TRUE,0.109740471065917,0.0730078626652536,-0.0914362593584303,0.521484717803652,0.194989797238921
"fixed_design","SH","upper",495,TRUE,0.109123104253336,0.0720014268061415,-0.0928108415070865,0.521302345010967,0.195124484745846
"fixed_design","SH","upper",496,TRUE,0.108504926188352,0.0711458647772683,-0.0941976826056611,0.522033210028638,0.195286198784124
"fixed_design","SH","upper",497,TRUE,0.107885936870963,0.0702542277051642,-0.0958432715147064,0.523357943541334,0.195475208074555
"fixed_design","SH","upper",498,TRUE,0.107266136301171,0.0693498622018613,-0.097050149734284,0.525168345842119,0.195691770619408
"fixed_design","SH","upper",499,TRUE,0.106645524478974,0.068605855136995,-0.0985475362224351,0.527356040127125,0.195936133393074
"fixed_design","SH","upper",500,TRUE,0.106024101404374,0.0676588531528819,-0.100080524784444,0.528873072290414,0.196208532054622
"fixed_design","SH","upper",501,TRUE,0.10540186707737,0.0665502466633898,-0.101471306170121,0.531301901880705,0.196509190683416
"fixed_design","SH","upper",502,TRUE,0.104778821497962,0.0655209841531125,-0.103305935746142,0.533023631203436,0.196838321538873
"fixed_design","SH","upper",503,TRUE,0.10415496466615,0.0644867783315708,-0.105081925458623,0.533324220030831,0.197196124845305
"fixed_design","SH","upper",504,TRUE,0.103530296581934,0.0633624480373336,-0.106600423850458,0.535266571321711,0.197582788602677
"fixed_design","SH","upper",505,TRUE,0.102904817245314,0.0625710669750761,-0.108457356868681,0.536174803883986,0.197998488423977
"fixed_design","SH","upper",506,TRUE,0.10227852665629,0.0614857898341621,-0.110151167109631,0.538800173311497,0.198443387399776
"fixed_design","SH","upper",507,TRUE,0.101651424814862,0.0604361659798065,-0.112198034579848,0.540905615064331,0.198917635990391
"fixed_design","SH","upper",508,TRUE,0.101023511721031,0.0594122806833951,-0.113699347200254,0.543873667638094,0.19942137194595
"fixed_design","SH","upper",509,TRUE,0.100394787374795,0.0583002729733811,-0.115600846091679,0.545689876100324,0.1999547202545
"fixed_design","SH","upper",510,TRUE,0.0997652517761558,0.0573211112537532,-0.117841015681691,0.548677397269962,0.200517793118157
"fixed_design","SH","upper",511,TRUE,0.0991349049251124,0.055811759331067,-0.119995034612644,0.551529355138353,0.201110689957158
"fixed_design","SH","upper",512,TRUE,0.0985037468216647,0.0548284410718247,-0.122218517072849,0.554285437615141,0.20173349744154
"fixed_design","SH","upper",513,TRUE,0.0978717774658134,0.0540301980137904,-0.123937193846592,0.55633971420197,0.202386289550026
"fixed_design","SH","upper",514,TRUE,0.0972389968575582,0.0531422759316292,-0.126526123388451,0.558066663610235,0.203069127655565
"fixed_design","SH","upper",515,TRUE,0.0966054049968987,0.0521801053912534,-0.128894898874613,0.561133511324621,0.203782060636857
"fixed_design","SH","upper",516,TRUE,0.0959710018838357,0.0513931849183848,-0.131256475945481,0.563805505676098,0.20452512501508
"fixed_design","SH","upper",517,TRUE,0.0953357875183681,0.0507640636126536,-0.133335455562387,0.566204459781255,0.205298345114893
"fixed_design","SH","upper",518,TRUE,0.094699761900497,0.0495899838183464,-0.135704128979646,0.568768765291231,0.206101733248734
"fixed_design","SH","upper",519,TRUE,0.0940629250302222,0.0487416999989841,-0.137859421844407,0.570287860843629,0.206935289923297
"fixed_design","SH","upper",520,TRUE,0.0934252769075432,0.0476830802359826,-0.14049954326985,0.573235954606712,0.207799004067008
"fixed_design","SH","upper",521,TRUE,0.0927868175324605,0.0470284397972236,-0.143197498211154,0.576334316076093,0.208692853277259
"fixed_design","SH","upper",522,TRUE,0.0921475469049735,0.0461950645767338,-0.145752792025887,0.578653620744848,0.209616804086059
"fixed_design","SH","upper",523,TRUE,0.0915074650250829,0.0450815319702485,-0.148411158914672,0.581458409654912,0.210570812242755
"fixed_design","SH","upper",524,TRUE,0.0908665718927881,0.0445168242886962,-0.151769838841784,0.585232789386564,0.211554823012399
"fixed_design","SH","upper",525,TRUE,0.0902248675080896,0.0439865056727615,-0.154995868441359,0.588248782695865,0.212568771488327
"fixed_design","SH","upper",526,TRUE,0.0895823518709868,0.0434161339281888,-0.159021493163994,0.591250582564184,0.21361258291749
"fixed_design","SH","upper",527,TRUE,0.0889390249814804,0.0428392736751201,-0.162530627505034,0.594447733276836,0.214686173037068
"fixed_design","SH","upper",528,TRUE,0.08829488683957,0.0420650741362836,-0.166249231437541,0.59712051016118,0.2157894484209
"fixed_design","SH","upper",529,TRUE,0.0876499374452554,0.0415151125713078,-0.170121631326257,0.599419388220248,0.21692230683427
"fixed_design","SH","upper",530,TRUE,0.0870041767985373,0.0407622529961697,-0.17377580816534,0.603390228031245,0.218084637595621
"fixed_design","SH","upper",531,TRUE,0.0863576048994151,0.0399870546703064,-0.177420121653077,0.606077649875666,0.21927632194377
"fixed_design","SH","upper",532,TRUE,0.0857102217478886,0.0392972116725565,-0.181534164516589,0.607958673230797,0.22049723340926
"fixed_design","SH","upper",533,TRUE,0.0850620273439587,0.0382620329801927,-0.1855825821146,0.610170009516668,0.221747238188521
"fixed_design","SH","upper",534,TRUE,0.0844130216876246,0.03760584352159,-0.189704883982427,0.613960418908237,0.223026195519529
"fixed_design","SH","upper",535,TRUE,0.0837632047788864,0.0369544956396307,-0.194485840889814,0.617545870620372,0.224333958057769
"fixed_design","SH","upper",536,TRUE,0.0831125766177448,0.0359953499792637,-0.199157506138586,0.620073947254618,0.225670372251286
"fixed_design","SH","upper",537,TRUE,0.0824611372041986,0.0352948408954022,-0.203300482609008,0.622997420574848,0.227035278713753
"fixed_design","SH","upper",538,TRUE,0.0818088865382487,0.0347750712876395,-0.207912499811971,0.625943178740588,0.228428512594474
"fixed_design","SH","upper",539,TRUE,0.0811558246198952,0.0339139204816958,-0.212559269072331,0.629048716985317,0.229849903944373
"fixed_design","SH","upper",540,TRUE,0.0805019514491374,0.0336545014150327,-0.21717883380102,0.632808119052289,0.231299278077033
"dlm","RQR","lower",1,TRUE,-0.152633786624996,-0.161701348273143,-1.28139875734382,0.96281440694356,0.575028295112141
"dlm","RQR","lower",2,TRUE,-0.154027057094478,-0.162961920800958,-1.2635063943372,0.94424102065285,0.56416876547671
"dlm","RQR","lower",3,TRUE,-0.123095190017441,-0.13200202379728,-1.21047569868447,0.956954593045829,0.545469349499914
"dlm","RQR","lower",4,TRUE,-0.0764795028772635,-0.0870237690731287,-1.1489924211974,0.98248488797032,0.526029241927153
"dlm","RQR","lower",5,TRUE,-0.0681438855857665,-0.0781905642410231,-1.12101792150037,0.963752010991559,0.514815041296465
"dlm","RQR","lower",6,TRUE,-0.0928152082607023,-0.104103727329035,-1.12496801666658,0.917497781764892,0.50878774631605
"dlm","RQR","lower",7,TRUE,-0.10974264864362,-0.11973275286144,-1.13135103023205,0.892966513467314,0.505021860437254
"dlm","RQR","lower",8,TRUE,-0.120844903388956,-0.131396061668347,-1.12656266196363,0.861328628430734,0.500168022806202
"dlm","RQR","lower",9,TRUE,-0.131650644121038,-0.139571577298839,-1.11665627966621,0.836237078982129,0.496121667550305
"dlm","RQR","lower",10,TRUE,-0.104660560116267,-0.110237514994578,-1.07501269589739,0.845492823800204,0.483545754795282
"dlm","RQR","lower",11,TRUE,-0.119379276671796,-0.123340692121161,-1.07684463392417,0.818108001283509,0.481311728523499
"dlm","RQR","lower",12,TRUE,-0.123958148023845,-0.125980820645373,-1.07105734938059,0.797913411160207,0.477392278794038
"dlm","RQR","lower",13,TRUE,-0.175730946363467,-0.177975056404998,-1.11164718867717,0.736555359226171,0.488815627936498
"dlm","RQR","lower",14,TRUE,-0.231958320958286,-0.233388529393231,-1.15580367146329,0.672483528133331,0.507996174477219
"dlm","RQR","lower",15,TRUE,-0.250161967678189,-0.252606686786737,-1.16269753434598,0.64215573640348,0.512892631323614
"dlm","RQR","lower",16,TRUE,-0.21061640539667,-0.21372218991712,-1.11769691664261,0.671390610648843,0.491796820062709
"dlm","RQR","lower",17,TRUE,-0.197645486667312,-0.200827646359334,-1.10595761073922,0.678048529974361,0.483933933869997
"dlm","RQR","lower",18,TRUE,-0.121385030715328,-0.124385015313756,-1.02338997803818,0.749763540776169,0.456017264008486
"dlm","RQR","lower",19,TRUE,-0.115143237628916,-0.118214690730948,-1.01380654624791,0.75363838886109,0.453005832957547
"dlm","RQR","lower",20,TRUE,-0.107514983801415,-0.111481993707654,-0.998442328128468,0.760177181821843,0.450180872837273
"dlm","RQR","lower",21,TRUE,-0.0769942882373301,-0.0821415670263233,-0.960956491482008,0.790139518979813,0.443345349329508
"dlm","RQR","lower",22,TRUE,-0.0563212952691678,-0.063914634169544,-0.942288808141012,0.81234087542098,0.440255177068188
"dlm","RQR","lower",23,TRUE,-0.0338376334187658,-0.042764692246755,-0.920551937903179,0.832162367751011,0.438557750069574
"dlm","RQR","lower",24,TRUE,0.000934580907938225,-0.00948775460946615,-0.886599264265933,0.870514948692539,0.438387082000259
"dlm","RQR","lower",25,TRUE,0.0731489058472683,0.0622121825301055,-0.820330611937393,0.941651133045007,0.44599507401512
"dlm","RQR","lower",26,TRUE,0.108675342329848,0.0946308564792412,-0.78419315690082,0.98151210053007,0.455192626879519
"dlm","RQR","lower",27,TRUE,0.139066501770383,0.124608369544858,-0.762825465264369,1.01612182975792,0.466261051943041
"dlm","RQR","lower",28,TRUE,0.10997724729342,0.095200736771482,-0.796991991309871,0.991170782091918,0.461473324319061
"dlm","RQR","lower",29,TRUE,0.165842206391326,0.149744944560186,-0.756331909227445,1.05790996836468,0.481623096582804
"dlm","RQR","lower",30,TRUE,0.20908002383924,0.195354440607503,-0.721224019656138,1.1112596947308,0.503110178578348
"dlm","RQR","lower",31,TRUE,0.230135515242121,0.217881605777382,-0.711604570176056,1.1434912065103,0.517862509282289
"dlm","RQR","lower",32,TRUE,0.264556089757016,0.254305430732699,-0.688479173126508,1.18744940547183,0.539862674478616
"dlm","RQR","lower",33,TRUE,0.252215563381926,0.243935215130598,-0.719074341627955,1.18397874484883,0.540555749282116
"dlm","RQR","lower",34,TRUE,0.254623674825046,0.247715423281612,-0.730145769244644,1.19805248883879,0.548279376126692
"dlm","RQR","lower",35,FALSE,0.250497158432182,0.245034224042332,-0.750833190006122,1.20679981977782,0.55337560221673
"dlm","RQR","lower",36,FALSE,0.180620701109,0.176337885052634,-0.833868227188336,1.15068104985702,0.532802889106597
"dlm","RQR","lower",37,TRUE,0.0928368150521761,0.0892669762255644,-0.94465821901907,1.07936189618402,0.517821045545636
"dlm","RQR","lower",38,TRUE,0.121138373736298,0.119892342364249,-0.933004413284693,1.12096140988153,0.53161196865661
"dlm","RQR","lower",39,TRUE,0.0970802118630938,0.0984313276426899,-0.973683089016683,1.11095590335463,0.534895166258045
"dlm","RQR","lower",40,TRUE,0.0346028550474711,0.0372285145586272,-1.052800784308,1.06138135459868,0.535712873945824
"dlm","RQR","lower",41,TRUE,-0.0302925227033685,-0.0266003422138611,-1.13983129614783,1.01544634389895,0.544193179848238
"dlm","RQR","lower",42,TRUE,-0.0247000761608391,-0.0192061814353337,-1.15378946141488,1.03516779199312,0.552343176495392
"dlm","RQR","lower",43,TRUE,0.0182334588142191,0.0243788544333128,-1.12817732588725,1.08998721122832,0.560543865687099
"dlm","RQR","lower",44,TRUE,-0.0176617749938871,-0.0105613213503487,-1.18785352699007,1.06813057790964,0.568976944960844
"dlm","RQR","lower",45,TRUE,-0.0280555111177119,-0.0185727065901663,-1.21530551337922,1.06731858433042,0.577666435797251
"dlm","RQR","lower",46,TRUE,-0.1027875920932,-0.0943771996237224,-1.30427327523251,1.0111860352281,0.593936681673804
"dlm","RQR","lower",47,TRUE,-0.184175467088601,-0.173143310003855,-1.39901047256292,0.943199742054053,0.621434979659469
"dlm","RQR","lower",48,TRUE,-0.29136590694718,-0.279184237567957,-1.52530630880253,0.848043618254386,0.668461053033359
"dlm","RQR","lower",49,TRUE,-0.342812134072909,-0.329466909073452,-1.59389428321347,0.812001043075694,0.699316305652369
"dlm","RQR","lower",50,TRUE,-0.353914155886631,-0.340467529424263,-1.62310105541905,0.807217170126104,0.711734074840803
"dlm","RQR","lower",51,TRUE,-0.421543135725727,-0.406363289054607,-1.71463389423687,0.75279110574659,0.753868738140755
"dlm","RQR","lower",52,TRUE,-0.424629447564143,-0.408182590346114,-1.73907168943524,0.757030463478591,0.761658876753254
"dlm","RQR","lower",53,TRUE,-0.461406235925292,-0.443170970193086,-1.79705210763177,0.733993976718219,0.788657693207381
"dlm","RQR","lower",54,TRUE,-0.570595460673874,-0.551700432147195,-1.92092378357396,0.635590884244048,0.862093369326264
"dlm","RQR","lower",55,TRUE,-0.596470336229321,-0.577036692898915,-1.96454070027962,0.624269689631402,0.884504225357235
"dlm","RQR","lower",56,TRUE,-0.585733111574067,-0.563555673090922,-1.96661457364362,0.642726612225564,0.881968290752137
"dlm","RQR","lower",57,TRUE,-0.613912360427437,-0.589302231474533,-2.01079217814329,0.619250956382158,0.905141862215666
"dlm","RQR","lower",58,TRUE,-0.611106836894374,-0.585472325564213,-2.02386069884906,0.63079034727351,0.907165815081909
"dlm","RQR","lower",59,TRUE,-0.594589350663318,-0.567357195461216,-2.0192916714059,0.655126552893738,0.900192524439228
"dlm","RQR","lower",60,TRUE,-0.644826038941619,-0.612264055076829,-2.07521918364925,0.615132539782274,0.937934811375607
"dlm","RQR","lower",61,TRUE,-0.608032141789355,-0.573489315236532,-2.05498395870186,0.65351995542795,0.917059347075202
"dlm","RQR","lower",62,TRUE,-0.575588492676838,-0.538226968476892,-2.03961756838745,0.687740547920295,0.899454598762955
"dlm","RQR","lower",63,TRUE,-0.567605130019945,-0.529074900411958,-2.05081126981874,0.700186845362204,0.897627232798574
"dlm","RQR","lower",64,TRUE,-0.552488102483279,-0.5131835014323,-2.05096174007323,0.717155106765211,0.89131865529526
"dlm","RQR","lower",65,TRUE,-0.534361675690056,-0.493600846509192,-2.04377245162739,0.736788652780194,0.882939625228183
"dlm","RQR","lower",66,TRUE,-0.630817838813356,-0.588903437226814,-2.14709269933071,0.636380211457028,0.947061799275947
"dlm","RQR","lower",67,TRUE,-0.667767843547225,-0.625201767463033,-2.196143784091,0.598051422527635,0.974361925717453
"dlm","RQR","lower",68,TRUE,-0.646455714183028,-0.60266099083203,-2.19366022336412,0.619884850693079,0.96252275233539
"dlm","RQR","lower",69,TRUE,-0.637017623865702,-0.590386523357223,-2.20043190428401,0.636207414142242,0.958375358901878
"dlm","RQR","lower",70,FALSE,-0.613972885061438,-0.564928293157602,-2.19720177257712,0.654971129808973,0.945475184647282
"dlm","RQR","lower",71,TRUE,-0.627891642897557,-0.577510404879617,-2.22293269756009,0.639073430448595,0.956762275004712
"dlm","RQR","lower",72,TRUE,-0.667643046334271,-0.614319588780249,-2.28557261736289,0.597616567757105,0.98516738256144
"dlm","RQR","lower",73,TRUE,-0.681126395602929,-0.621892566814264,-2.30918714125391,0.582363277917172,0.996199676642023
"dlm","RQR","lower",74,TRUE,-0.691845248369729,-0.630365376346465,-2.34066316205097,0.570417915673468,1.00533713881679
"dlm","RQR","lower",75,TRUE,-0.711764494219669,-0.648134799780969,-2.3673708712109,0.540361870408461,1.0208106752943
"dlm","RQR","lower",76,TRUE,-0.686056542989255,-0.62000760566741,-2.3624473030719,0.564857669880165,1.00472223542518
"dlm","RQR","lower",77,TRUE,-0.670559439215148,-0.601772065395404,-2.35887343734661,0.579318145684792,0.996059947851347
"dlm","RQR","lower",78,TRUE,-0.700770699383585,-0.629179109157709,-2.39535372023558,0.543144091458531,1.01810206200642
"dlm","RQR","lower",79,TRUE,-0.684295754445463,-0.60994913852591,-2.39948238241878,0.556028203981273,1.00858832181965
"dlm","RQR","lower",80,TRUE,-0.673051568321449,-0.596147230508656,-2.41128767216191,0.5663536355042,1.00304835887095
"dlm","RQR","lower",81,TRUE,-0.686741518665088,-0.606724206475978,-2.44293049022902,0.549894574277647,1.01437853967378
"dlm","RQR","lower",82,TRUE,-0.711834972957236,-0.626136941022231,-2.4873250285481,0.520685808914954,1.03357519199396
"dlm","RQR","lower",83,TRUE,-0.722852304448081,-0.632709428485163,-2.50988369865263,0.506018119224653,1.04332904070972
"dlm","RQR","lower",84,TRUE,-0.708437992316781,-0.615249849762889,-2.51861333502974,0.52038061994668,1.03593280103103
"dlm","RQR","lower",85,TRUE,-0.703581571224378,-0.607935938884668,-2.52668707732875,0.529779199001992,1.03528574996306
"dlm","RQR","lower",86,TRUE,-0.658040745505877,-0.555878263912259,-2.51166948296355,0.568399994828313,1.00806106015498
"dlm","RQR","lower",87,TRUE,-0.664708042699826,-0.557915478639781,-2.54110925438868,0.564329683178697,1.01579135104605
"dlm","RQR","lower",88,TRUE,-0.700443250851489,-0.590419960799989,-2.60238227962719,0.535774420997165,1.04289797557686
"dlm","RQR","lower",89,TRUE,-0.743695443071569,-0.629313744740858,-2.67021818182827,0.494745157695968,1.07637882565943
"dlm","RQR","lower",90,TRUE,-0.781735213797186,-0.660667126555586,-2.72919774599172,0.460383624826945,1.10722885037098
"dlm","RQR","lower",91,TRUE,-0.796633896406227,-0.67216468649293,-2.76592609728927,0.460990589565173,1.12250022784092
"dlm","RQR","lower",92,TRUE,-0.828416273148257,-0.700518338339243,-2.82149243329301,0.438683438680749,1.15013941501436
"dlm","RQR","lower",93,TRUE,-0.82034551571183,-0.688241814189438,-2.82264801694387,0.46504078629707,1.15004469771261
"dlm","RQR","lower",94,TRUE,-0.836021470993916,-0.696869754147654,-2.87797065348796,0.465755474015059,1.16710389038157
"dlm","RQR","lower",95,TRUE,-0.813734296125483,-0.665980686114481,-2.87428720033065,0.510348984432675,1.15783543110768
"dlm","RQR","lower",96,TRUE,-0.862019299941804,-0.710360755051783,-2.94979053282161,0.479800400143013,1.19923375784709
"dlm","RQR","lower",97,TRUE,-0.897212535870804,-0.743725977530017,-3.01573537920273,0.467578256142894,1.2323050600598
"dlm","RQR","lower",98,TRUE,-0.969291757656232,-0.811673634634679,-3.12181602988695,0.420948731840859,1.29354312965753
"dlm","RQR","lower",99,TRUE,-0.939842059941172,-0.781681427219222,-3.12618265874923,0.476636274901731,1.28073366878887
"dlm","RQR","lower",100,TRUE,-0.942708122752854,-0.782980703663937,-3.16294623131072,0.500024989115014,1.29331404893879
"dlm","RQR","upper",1,TRUE,0.205828256935856,0.149226707347565,-0.403370141528383,1.14204710521136,0.445690176380057
"dlm","RQR","upper",2,TRUE,0.20644182193729,0.147600992628596,-0.371708469323789,1.11576264663264,0.434674521506551
"dlm","RQR","upper",3,TRUE,0.239305226061692,0.1800087776022,-0.3134382955964,1.12952659144906,0.440838479402244
"dlm","RQR","upper",4,TRUE,0.288874989247368,0.228665365911091,-0.241538351129069,1.15422550374028,0.460162061554859
"dlm","RQR","upper",5,TRUE,0.299666794422849,0.239318629142416,-0.201687181306827,1.14823654083224,0.458104213766441
"dlm","RQR","upper",6,TRUE,0.277419652341739,0.216504779562809,-0.200740734234813,1.1045783258885,0.435183904918876
"dlm","RQR","upper",7,TRUE,0.261256853082178,0.199699252838869,-0.195158965096671,1.0744632575684,0.416922731046752
"dlm","RQR","upper",8,TRUE,0.250376976292241,0.187685927343202,-0.188612519591945,1.04768420358101,0.40262430353469
"dlm","RQR","upper",9,TRUE,0.239627435275841,0.177523832783998,-0.184939918789346,1.01704314448802,0.389669978524272
"dlm","RQR","upper",10,TRUE,0.266521688333205,0.203592387239797,-0.143255181378688,1.02691540739135,0.400994844203177
"dlm","RQR","upper",11,TRUE,0.251717861419973,0.188786681293265,-0.150854098827095,0.999059759716829,0.386359112663848
"dlm","RQR","upper",12,TRUE,0.247194108034367,0.185186571715009,-0.148805612766329,0.982666690732077,0.378783591870708
"dlm","RQR","upper",13,TRUE,0.195439155801558,0.134608841001598,-0.196597138917207,0.91754017301451,0.343090053253239
"dlm","RQR","upper",14,TRUE,0.138331092300002,0.0793856769160869,-0.253911772637265,0.856742707153674,0.311133201112779
"dlm","RQR","upper",15,TRUE,0.119116416982312,0.0620170084890891,-0.275731020893891,0.829719010907565,0.300675876829725
"dlm","RQR","upper",16,TRUE,0.156149935410075,0.103098179906829,-0.239552401585195,0.857205897585643,0.31673762786753
"dlm","RQR","upper",17,TRUE,0.167320055575488,0.119363536876909,-0.23697438951294,0.860083904072302,0.32218824479196
"dlm","RQR","upper",18,TRUE,0.241352951909441,0.196019452540005,-0.167548480960155,0.930914431972099,0.366414054700749
"dlm","RQR","upper",19,TRUE,0.24564600419539,0.204066656515637,-0.172862231930133,0.935512353917665,0.37004334564119
"dlm","RQR","upper",20,TRUE,0.252123158793834,0.212367875377843,-0.170314456986434,0.930039541856241,0.375452759667073
"dlm","RQR","upper",21,TRUE,0.28144500610932,0.242847808190007,-0.146895627525414,0.961386312041494,0.396423823280668
"dlm","RQR","upper",22,TRUE,0.301721810389246,0.265828756757186,-0.136756651066209,0.978269867169058,0.412376901980363
"dlm","RQR","upper",23,TRUE,0.323263576905869,0.290041839661092,-0.12633928203917,0.999916464939984,0.430002501312566
"dlm","RQR","upper",24,TRUE,0.357877860176672,0.326240258385392,-0.103479791653092,1.03274304838715,0.458097513915264
"dlm","RQR","upper",25,TRUE,0.430290826046148,0.399411762947082,-0.0414325117597235,1.10172474674132,0.517908451875721
"dlm","RQR","upper",26,TRUE,0.466490136115064,0.43798558521494,-0.0141926592171572,1.13476154558962,0.549495129228964
"dlm","RQR","upper",27,TRUE,0.497707923441269,0.471770474560633,0.00998970680873528,1.15783452460938,0.57704601113819
"dlm","RQR","upper",28,TRUE,0.470363567990708,0.444399412030473,-0.0228269864533468,1.13060116440226,0.554522153886588
"dlm","RQR","upper",29,TRUE,0.528170956221452,0.504524673376712,0.028040145383185,1.18719362782791,0.604909889491775
"dlm","RQR","upper",30,TRUE,0.572205938487636,0.549520583197025,0.0650150894786967,1.2277883279047,0.644065192118194
"dlm","RQR","upper",31,TRUE,0.594091822769465,0.571486487903825,0.0823557341385019,1.24473966674383,0.663765927638467
"dlm","RQR","upper",32,TRUE,0.630126587983216,0.608386192426817,0.117402734572432,1.28214653795445,0.696084934506115
"dlm","RQR","upper",33,TRUE,0.61930373241794,0.597156155456322,0.103716944613354,1.26710705379826,0.686180345315622
"dlm","RQR","upper",34,TRUE,0.624310151876242,0.602728878785315,0.108494483494473,1.266515883422,0.690423298253767
"dlm","RQR","upper",35,FALSE,0.622727611798857,0.601187486586799,0.106540265727701,1.25641538155698,0.68859889743234
"dlm","RQR","upper",36,FALSE,0.556090751258555,0.535066109493799,0.0405128440249479,1.18516429850217,0.62818109928257
"dlm","RQR","upper",37,TRUE,0.4719897871561,0.450901301503168,-0.0394206084236557,1.09934366805406,0.553951801410522
"dlm","RQR","upper",38,TRUE,0.504959397559584,0.484325562937414,-0.00097684138606629,1.13075033023724,0.581303583561039
"dlm","RQR","upper",39,TRUE,0.486474945387795,0.466142816879271,-0.0140954982647806,1.10566227386575,0.56390752660361
"dlm","RQR","upper",40,TRUE,0.429900969969274,0.408924020332354,-0.0632614412936793,1.0439935669123,0.513983026982145
"dlm","RQR","upper",41,TRUE,0.371700722151241,0.352116423103185,-0.113529024065252,0.975560784430893,0.46417597070309
"dlm","RQR","upper",42,TRUE,0.384959781178701,0.363538597170981,-0.0911629180336642,0.983598643371772,0.472204423541679
"dlm","RQR","upper",43,TRUE,0.435741758512473,0.415374768606527,-0.0283915140041766,1.02408548316899,0.512038041609402
"dlm","RQR","upper",44,TRUE,0.408876636711973,0.387997755545908,-0.0453232044114728,0.988623342958149,0.48664727817497
"dlm","RQR","upper",45,TRUE,0.407883249574976,0.385475967483325,-0.0342485619320701,0.979020912657956,0.482868165195411
"dlm","RQR","upper",46,TRUE,0.342923105791796,0.320688545874371,-0.0853906521903737,0.911313514816326,0.42635259876002
"dlm","RQR","upper",47,TRUE,0.272420492503423,0.248239012474824,-0.141741956360307,0.830444564064285,0.368063379901379
"dlm","RQR","upper",48,TRUE,0.176056486619643,0.150336372286533,-0.225241889358365,0.723858723125791,0.298941559725316
"dlm","RQR","upper",49,TRUE,0.136168602459969,0.10971752188207,-0.249544430706584,0.673346823134704,0.271848409594641
"dlm","RQR","upper",50,TRUE,0.137783389518294,0.110500346431321,-0.235188570917192,0.663519875411718,0.26691544349317
"dlm","RQR","upper",51,TRUE,0.0825002005741545,0.0533694723460792,-0.275793859223969,0.599462873481005,0.236969973600615
"dlm","RQR","upper",52,TRUE,0.0929073250666364,0.0622438051639557,-0.249264246658786,0.597308839627296,0.234740620159811
"dlm","RQR","upper",53,TRUE,0.0699549062407901,0.0370948106284856,-0.25467966939984,0.567861742823324,0.220370703785485
"dlm","RQR","upper",54,TRUE,-0.0256430554864969,-0.0588247435895044,-0.340597355823586,0.463336815491269,0.20493196492131
"dlm","RQR","upper",55,TRUE,-0.0378177196780716,-0.0714131628018413,-0.342439021593148,0.441782040975151,0.201757321133002
"dlm","RQR","upper",56,TRUE,-0.0143345023781482,-0.0476335654048489,-0.314449033373742,0.456808210016749,0.195082583876641
"dlm","RQR","upper",57,TRUE,-0.0309978951786308,-0.0620912465194676,-0.327659377570331,0.431153226294617,0.194461964037279
"dlm","RQR","upper",58,TRUE,-0.0160185520814914,-0.045460177348712,-0.308369615083989,0.439986102888972,0.19036475195885
"dlm","RQR","upper",59,TRUE,0.012234147229895,-0.0162048546822084,-0.274865757162152,0.461798343842429,0.187817567529889
"dlm","RQR","upper",60,TRUE,-0.0254822111188303,-0.0532458494834131,-0.307842794310779,0.421608750761553,0.186813688256782
"dlm","RQR","upper",61,TRUE,0.0242094273056255,-0.00272207896938579,-0.257617273075929,0.465593252790508,0.185245923044369
"dlm","RQR","upper",62,TRUE,0.0693101176660532,0.0434981528509186,-0.211171981182435,0.507945362120057,0.194517640998996
"dlm","RQR","upper",63,TRUE,0.090098938191292,0.0646110281227194,-0.187133023512072,0.521882906865928,0.201134670433641
"dlm","RQR","upper",64,TRUE,0.11813152048391,0.0928759291234449,-0.157018400904364,0.547023036041899,0.21435008911416
"dlm","RQR","upper",65,TRUE,0.148878547396631,0.122842867193516,-0.126898332801808,0.572728351551126,0.231994036910613
"dlm","RQR","upper",66,TRUE,0.0654863077048085,0.03759592909736,-0.20798186826626,0.493172156810763,0.189048412028921
"dlm","RQR","upper",67,TRUE,0.0407253299473743,0.0122030348051534,-0.230601657924549,0.469884940333082,0.182229969488237
"dlm","RQR","upper",68,TRUE,0.0747487308552784,0.0462428840326861,-0.196455595213723,0.505364310751154,0.193511720033437
"dlm","RQR","upper",69,TRUE,0.0964799582802819,0.0687533272211601,-0.179408796909451,0.532214060648699,0.203992378867991
"dlm","RQR","upper",70,FALSE,0.131449653084239,0.102915340286351,-0.150118567202437,0.570246501086347,0.224464590631335
"dlm","RQR","upper",71,TRUE,0.129830934717403,0.100686832202046,-0.156084171239901,0.574727552098966,0.22579111709692
"dlm","RQR","upper",72,TRUE,0.102589226166314,0.0738225138113537,-0.190408452317995,0.55325572988493,0.213804695997656
"dlm","RQR","upper",73,TRUE,0.101355345523086,0.0711061126200572,-0.196167679879907,0.562328509012124,0.216009088960747
"dlm","RQR","upper",74,TRUE,0.103200465154664,0.0713443791014955,-0.198750534218768,0.569649127069457,0.220027849634548
"dlm","RQR","upper",75,TRUE,0.0944900177783706,0.0627106666691155,-0.212470754666603,0.573276858288812,0.2206596223154
"dlm","RQR","upper",76,TRUE,0.130884226054556,0.0989280067988063,-0.186861782338134,0.620095771275683,0.243692730302368
"dlm","RQR","upper",77,TRUE,0.157049343986142,0.125194847867003,-0.176173196578041,0.662923464711658,0.264131176675306
"dlm","RQR","upper",78,TRUE,0.138456771418177,0.106418505964178,-0.204105319977024,0.662376350508973,0.260191212535243
"dlm","RQR","upper",79,TRUE,0.166726599545204,0.133479354015304,-0.189411484751588,0.707126479809673,0.282396385175287
"dlm","RQR","upper",80,TRUE,0.190682240959937,0.156910355116999,-0.178146531206185,0.74991316350047,0.302995960859552
"dlm","RQR","upper",81,TRUE,0.189734202492112,0.154591863764266,-0.185880439593891,0.767068635450613,0.308525788349341
"dlm","RQR","upper",82,TRUE,0.177449647698682,0.139804726036712,-0.206946343919734,0.77668268911396,0.307717338843706
"dlm","RQR","upper",83,TRUE,0.180315933568738,0.139180157538864,-0.210580832898347,0.799741585675796,0.31602808230481
"dlm","RQR","upper",84,TRUE,0.20821200547998,0.163530829862833,-0.189639732512106,0.853397074319148,0.339507692883551
"dlm","RQR","upper",85,TRUE,0.227388482245042,0.179519239095932,-0.179132136518666,0.896130462132845,0.358728181590232
"dlm","RQR","upper",86,TRUE,0.287879735550974,0.236219964106493,-0.129210746597704,0.985928409749702,0.406536894965403
"dlm","RQR","upper",87,TRUE,0.296550249235404,0.240479476207383,-0.12610350402016,1.02702341478319,0.419683975341734
"dlm","RQR","upper",88,TRUE,0.276657196587313,0.216799024516053,-0.153458131740838,1.03183791291557,0.413493152575529
"dlm","RQR","upper",89,TRUE,0.250178953766085,0.185458187116847,-0.187921199620225,1.03133264823085,0.404575419196183
"dlm","RQR","upper",90,TRUE,0.229420827894458,0.159884678201984,-0.216642922007679,1.04010083574355,0.40170308517503
"dlm","RQR","upper",91,TRUE,0.231957640722277,0.157715485971935,-0.220054524311855,1.07219411091639,0.412829330711486
"dlm","RQR","upper",92,TRUE,0.217231262179734,0.138013600832565,-0.248165560745815,1.0934660316186,0.416185219177211
"dlm","RQR","upper",93,TRUE,0.24251333484073,0.159464366575569,-0.236968366570839,1.16135196031251,0.44176704990713
"dlm","RQR","upper",94,TRUE,0.244217540833285,0.159629870564668,-0.252914978064928,1.19466071232792,0.454966801347824
"dlm","RQR","upper",95,TRUE,0.283857723780374,0.195458622795767,-0.231957953413565,1.27745558422479,0.490306252116173
"dlm","RQR","upper",96,TRUE,0.253111466466561,0.16257081241837,-0.290520422237913,1.2855563958909,0.487385919548648
"dlm","RQR","upper",97,TRUE,0.235555196766704,0.143779865368922,-0.338762240190803,1.30673805220267,0.494053927210787
"dlm","RQR","upper",98,TRUE,0.181917899344648,0.0894781038832241,-0.428595845252852,1.29501999754942,0.488835820662076
"dlm","RQR","upper",99,TRUE,0.228620627115441,0.135007879289986,-0.418785666649843,1.38908646507595,0.526120286309557
"dlm","RQR","upper",100,TRUE,0.2427363948979,0.147530984504542,-0.450667636594125,1.45043761241955,0.55159921357887
"dlm","ET","lower",1,TRUE,-0.547443592768692,-0.579450236050613,-1.58333902346927,0.527234252837997,0.769168182670322
"dlm","ET","lower",2,TRUE,-0.540989240048774,-0.57421029827026,-1.55089311378069,0.511978597686565,0.755906506865079
"dlm","ET","lower",3,TRUE,-0.502554056501151,-0.534085445501242,-1.4889658739806,0.523631560970172,0.720063646787895
"dlm","ET","lower",4,TRUE,-0.447743414218775,-0.479686307866274,-1.41071131946898,0.557508561183006,0.674208056037873
"dlm","ET","lower",5,TRUE,-0.431177407994521,-0.462105758022783,-1.37012606105223,0.549381053913962,0.655031211427786
"dlm","ET","lower",6,TRUE,-0.447949571571637,-0.478184739583834,-1.37002441329068,0.509094154945413,0.658449097166742
"dlm","ET","lower",7,TRUE,-0.455131325273691,-0.483236172120555,-1.36090925279343,0.485945837299355,0.656984220690786
"dlm","ET","lower",8,TRUE,-0.456681257684506,-0.481918599973182,-1.34917798063153,0.463876023211695,0.652230453690015
"dlm","ET","lower",9,TRUE,-0.457662228826482,-0.480868728865552,-1.33407781140687,0.446453218886636,0.647520099799357
"dlm","ET","lower",10,TRUE,-0.421344445882347,-0.441915414688336,-1.28979149608301,0.459812068055708,0.616987661665007
"dlm","ET","lower",11,TRUE,-0.426131782674615,-0.441006526906215,-1.28250357616156,0.434087578068773,0.61510685017405
"dlm","ET","lower",12,TRUE,-0.420892776652008,-0.432165436997777,-1.26430163875232,0.423966795867654,0.607058080687214
"dlm","ET","lower",13,TRUE,-0.462194082842632,-0.471152539541794,-1.29584928187508,0.370678028490878,0.632537446479516
"dlm","ET","lower",14,TRUE,-0.507895174424218,-0.514020452978586,-1.3377999285995,0.304898158578739,0.663135946159099
"dlm","ET","lower",15,TRUE,-0.515878716049133,-0.519606714830919,-1.33814360066745,0.28256709423837,0.66600479790152
"dlm","ET","lower",16,TRUE,-0.465782001665226,-0.467721395183704,-1.28275919417532,0.316602303144036,0.625208216328007
"dlm","ET","lower",17,TRUE,-0.442019290752408,-0.439991070351093,-1.25240972270577,0.325478115747216,0.60519233763191
"dlm","ET","lower",18,TRUE,-0.354848542453028,-0.351612446946609,-1.16081292411873,0.399555945845535,0.542077034949125
"dlm","ET","lower",19,TRUE,-0.338258075784664,-0.332509641336413,-1.14040949376679,0.403702129410423,0.529368003312567
"dlm","ET","lower",20,TRUE,-0.319377107064638,-0.311493643405545,-1.11775363047423,0.414811719019985,0.515628145931345
"dlm","ET","lower",21,TRUE,-0.277750823711217,-0.268039717351685,-1.07365756308736,0.446951655195282,0.489561570708545
"dlm","ET","lower",22,TRUE,-0.245676230086614,-0.234110693618036,-1.04286340755206,0.472061963217243,0.470865755160741
"dlm","ET","lower",23,TRUE,-0.212115090322934,-0.199939365045034,-1.00964426531656,0.500735707709956,0.453124377733023
"dlm","ET","lower",24,TRUE,-0.165575055869877,-0.147571189387849,-0.962302772355472,0.543533607359239,0.432743715423099
"dlm","ET","lower",25,TRUE,-0.0820818670280108,-0.061518047539297,-0.884071419361758,0.619844029419686,0.407755932379008
"dlm","ET","lower",26,TRUE,-0.0352232890116122,-0.00952752817999752,-0.836325913194864,0.660474309640814,0.401012607606475
"dlm","ET","lower",27,TRUE,0.00655985290637952,0.0343965431001624,-0.793866594885206,0.697207157778432,0.399879604917216
"dlm","ET","lower",28,TRUE,-0.0110501329360108,0.0196075373501628,-0.815285649856976,0.673812240120964,0.400801031416355
"dlm","ET","lower",29,TRUE,0.056699138924969,0.0897444179353445,-0.753090339528596,0.737928389469491,0.405799593780439
"dlm","ET","lower",30,TRUE,0.11297075801753,0.148797486064638,-0.711862636321849,0.794274690051546,0.419840356196194
"dlm","ET","lower",31,TRUE,0.147188948888775,0.184109632888979,-0.685794036919697,0.826798420188904,0.432919805919386
"dlm","ET","lower",32,TRUE,0.195264084566621,0.235240253990123,-0.65069931577483,0.874655633473788,0.454225495486848
"dlm","ET","lower",33,TRUE,0.196619616486125,0.237147000531362,-0.658440357448789,0.87528392682326,0.457827519070084
"dlm","ET","lower",34,TRUE,0.212527981707516,0.254456304948631,-0.658296937179204,0.892931936029987,0.468295727487957
"dlm","ET","lower",35,FALSE,0.221753100121807,0.264100434221561,-0.658906910441482,0.904460129293106,0.475984651297591
"dlm","ET","lower",36,FALSE,0.16527649968086,0.208238199510002,-0.727600004928125,0.852228053036541,0.456555078240729
"dlm","ET","lower",37,TRUE,0.0910653141445941,0.135732191951783,-0.81688088052786,0.781905626850586,0.439664533370175
"dlm","ET","lower",38,TRUE,0.132860695016301,0.179494249686152,-0.790113407395105,0.827968190508911,0.454864455287304
"dlm","ET","lower",39,TRUE,0.122193258641004,0.170071168136299,-0.814313963216769,0.822928894867125,0.456505214356854
"dlm","ET","lower",40,TRUE,0.0729667722309672,0.122482689052645,-0.87437959428495,0.784818274784751,0.451205486763358
"dlm","ET","lower",41,TRUE,0.0207651990085646,0.0714225465722385,-0.943199228766047,0.744179543958857,0.45153346970523
"dlm","ET","lower",42,TRUE,0.0397979974418174,0.0903561741872402,-0.936118354128716,0.777509216255202,0.458755045129214
"dlm","ET","lower",43,TRUE,0.0957132197422385,0.146614054914661,-0.896969997464136,0.847121281177175,0.472606262856913
"dlm","ET","lower",44,TRUE,0.0722674243611202,0.123544322450898,-0.939928028034308,0.842845072104191,0.474358441235973
"dlm","ET","lower",45,TRUE,0.0735609620548544,0.12305163847029,-0.94659041856288,0.857151351467738,0.48070517408987
"dlm","ET","lower",46,TRUE,0.0101956695558732,0.0607870653028752,-1.02309063280781,0.80969068513675,0.48084648778177
"dlm","ET","lower",47,TRUE,-0.0596682181955923,-0.0083222215221254,-1.10585148267905,0.750991757901482,0.489972923579338
"dlm","ET","lower",48,TRUE,-0.15633448888801,-0.104687087000192,-1.21435516085674,0.668612379336114,0.515543980359339
"dlm","ET","lower",49,TRUE,-0.197515334146064,-0.147757077073616,-1.26333915260119,0.64016112745514,0.533814408469393
"dlm","ET","lower",50,TRUE,-0.198281071065013,-0.148019812920159,-1.27561555249647,0.648537636094079,0.538549117884608
"dlm","ET","lower",51,TRUE,-0.257021072574758,-0.2085008536833,-1.34599022298303,0.596818625012267,0.566742774553042
"dlm","ET","lower",52,TRUE,-0.250877433403347,-0.203345623797107,-1.34643974097212,0.611055416499222,0.567794132117987
"dlm","ET","lower",53,TRUE,-0.278920021663065,-0.231182732322894,-1.38574236267854,0.592185413974698,0.584216911166252
"dlm","ET","lower",54,TRUE,-0.379854856609008,-0.333145018457035,-1.49183646515271,0.494381485746023,0.641379499902459
"dlm","ET","lower",55,TRUE,-0.398046433046846,-0.351054032246175,-1.51946541955065,0.484160502408975,0.655209453226046
"dlm","ET","lower",56,TRUE,-0.380225675755751,-0.333815929297004,-1.50576569214095,0.510964096791773,0.647113280115359
"dlm","ET","lower",57,TRUE,-0.402265646173494,-0.35526160686524,-1.53790348202854,0.49594194854659,0.662995255163374
"dlm","ET","lower",58,TRUE,-0.393575111103148,-0.348059605829726,-1.5348951599101,0.509098554279939,0.659688414944416
"dlm","ET","lower",59,TRUE,-0.371888856172362,-0.324458363037254,-1.52062579724874,0.532663071367545,0.649028725570044
"dlm","ET","lower",60,TRUE,-0.418159184548954,-0.371998985610855,-1.57074828430916,0.49055934501281,0.677862086732057
"dlm","ET","lower",61,TRUE,-0.377383611463678,-0.330771915003949,-1.52768784900244,0.534736782174409,0.655061233578484
"dlm","ET","lower",62,TRUE,-0.341104147268868,-0.294677977647674,-1.49706122904086,0.575417353274322,0.635820150324915
"dlm","ET","lower",63,TRUE,-0.330610831057338,-0.283357118394973,-1.49108701720333,0.579248731894585,0.631029773959027
"dlm","ET","lower",64,TRUE,-0.312904606413317,-0.266235308283882,-1.47528963017655,0.597557432659113,0.62265034143765
"dlm","ET","lower",65,TRUE,-0.29363676332228,-0.246298711146582,-1.45401650971143,0.614102269912778,0.613445773053272
"dlm","ET","lower",66,TRUE,-0.389345467790008,-0.341838283984663,-1.55475675568973,0.520906536584985,0.664465987311094
"dlm","ET","lower",67,TRUE,-0.425741635990833,-0.376336405390595,-1.58842817385019,0.480985278554707,0.686602124768396
"dlm","ET","lower",68,TRUE,-0.404648099258122,-0.35661609683367,-1.56773501632941,0.501849417705915,0.673331242623492
"dlm","ET","lower",69,TRUE,-0.396143622552245,-0.347482418523216,-1.55646595936981,0.509114534807878,0.667875636622157
"dlm","ET","lower",70,FALSE,-0.375398617926007,-0.327436094403543,-1.53437854235993,0.53246045706112,0.655195475500439
"dlm","ET","lower",71,TRUE,-0.39091690319345,-0.342722311984617,-1.54320535042399,0.508033338917936,0.663404349794421
"dlm","ET","lower",72,TRUE,-0.433031186237389,-0.383399321683069,-1.58832650067865,0.462737346885763,0.688332256127056
"dlm","ET","lower",73,TRUE,-0.450322339224886,-0.400715841170497,-1.6048702337317,0.447614883247449,0.698647671078591
"dlm","ET","lower",74,TRUE,-0.46454162233021,-0.416412616269019,-1.61638082486069,0.42886803911898,0.707090431744446
"dlm","ET","lower",75,TRUE,-0.489126555363221,-0.4392783099613,-1.63702916614298,0.406011887845205,0.722345221305581
"dlm","ET","lower",76,TRUE,-0.468514991436388,-0.420313171608613,-1.61137055510545,0.426346911482691,0.70774581610004
"dlm","ET","lower",77,TRUE,-0.458730158886743,-0.410873983757218,-1.60421016967836,0.436594475107442,0.700492343587044
"dlm","ET","lower",78,TRUE,-0.495117991476638,-0.447514877010273,-1.63618143329956,0.404073776109084,0.724044419629984
"dlm","ET","lower",79,TRUE,-0.485059384582258,-0.437527125454539,-1.62249980176092,0.41775315241567,0.716724712560367
"dlm","ET","lower",80,TRUE,-0.479845995886688,-0.436052547695527,-1.61155352818648,0.427275390944707,0.712581620059117
"dlm","ET","lower",81,TRUE,-0.500238531854964,-0.458319744861701,-1.63159201420358,0.417720235149293,0.726725498985556
"dlm","ET","lower",82,TRUE,-0.532445295580443,-0.49532881458503,-1.66739627666128,0.399043696649648,0.749769503566465
"dlm","ET","lower",83,TRUE,-0.551026222258232,-0.515714475694507,-1.68799471274242,0.39165373177725,0.763908208217623
"dlm","ET","lower",84,TRUE,-0.544951148479765,-0.51304350696244,-1.68056300402175,0.416502210980736,0.760477365440002
"dlm","ET","lower",85,TRUE,-0.548628487812912,-0.518869130067164,-1.67880289268666,0.424076833766165,0.7646580005826
"dlm","ET","lower",86,TRUE,-0.511593286387943,-0.485135913124168,-1.64472890856465,0.481376811093731,0.740419368022762
"dlm","ET","lower",87,TRUE,-0.527348754735243,-0.50603685633742,-1.66374873360165,0.4858222432547,0.753598358436976
"dlm","ET","lower",88,TRUE,-0.572488861569726,-0.554479404358829,-1.70518751702782,0.459561078903453,0.788299802588023
"dlm","ET","lower",89,TRUE,-0.625401162629074,-0.613058343596852,-1.76367034778971,0.421771622865385,0.830697737300475
"dlm","ET","lower",90,TRUE,-0.673681598447138,-0.667057710608236,-1.8203247533193,0.402241685158801,0.87108192994197
"dlm","ET","lower",91,TRUE,-0.698944935684752,-0.697912045066148,-1.84375088886835,0.406898344446093,0.894666899356625
"dlm","ET","lower",92,TRUE,-0.742020151954565,-0.748470299565928,-1.90122916879809,0.389408354150002,0.933191626776123
"dlm","ET","lower",93,TRUE,-0.745209391780439,-0.75754152111982,-1.90939508180954,0.412509056658418,0.940545465967023
"dlm","ET","lower",94,TRUE,-0.771645591684223,-0.791037884071861,-1.94975675121913,0.417027695194026,0.967081596740265
"dlm","ET","lower",95,TRUE,-0.761204759432891,-0.786441582010734,-1.95231584549747,0.466303010864363,0.964741467382211
"dlm","ET","lower",96,TRUE,-0.821645545099391,-0.853956553381176,-2.02812080547421,0.439715569801062,1.0195242485042
"dlm","ET","lower",97,TRUE,-0.869165084768109,-0.908021900480635,-2.09189670859556,0.428996154594239,1.06473073532891
"dlm","ET","lower",98,TRUE,-0.953159630402031,-0.99909393967007,-2.19023743519773,0.37668029558326,1.14155177274522
"dlm","ET","lower",99,TRUE,-0.936652813220461,-0.988031039787799,-2.20071076999114,0.432601541070984,1.13550481783192
"dlm","ET","lower",100,TRUE,-0.950705574094384,-1.0035697055909,-2.24593329826623,0.457239625015824,1.15645007593885
"dlm","ET","upper",1,TRUE,0.317332356472583,0.241356182840796,-0.402328575867971,1.47058814956837,0.577762707579234
"dlm","ET","upper",2,TRUE,0.319739058998039,0.242726774252114,-0.373630733505001,1.45201075296959,0.569051314673208
"dlm","ET","upper",3,TRUE,0.353955712066496,0.274661179053511,-0.31318286345339,1.47261860016721,0.57982084959382
"dlm","ET","upper",4,TRUE,0.404440677451764,0.323183528150381,-0.235387613237298,1.50437342169845,0.603414961489763
"dlm","ET","upper",5,TRUE,0.416315030419575,0.334838426661812,-0.202411672020466,1.49443986608822,0.603738789814541
"dlm","ET","upper",6,TRUE,0.395009182197053,0.310546552754565,-0.196592267305067,1.45822607166948,0.581465820454664
"dlm","ET","upper",7,TRUE,0.380165648845652,0.293598801593252,-0.191715483895702,1.42182485306837,0.564267487143753
"dlm","ET","upper",8,TRUE,0.370783791262052,0.283319627181309,-0.180993359619218,1.39677301007862,0.551469919582735
"dlm","ET","upper",9,TRUE,0.361471418207967,0.275057542193256,-0.176295649173025,1.37129323285776,0.539179543412129
"dlm","ET","upper",10,TRUE,0.389562578228772,0.303233475333038,-0.136155072851062,1.3828071274986,0.552990298320973
"dlm","ET","upper",11,TRUE,0.375735952298455,0.289723840108646,-0.140766195424193,1.34828276976183,0.538199771381359
"dlm","ET","upper",12,TRUE,0.372491168734623,0.2857951173183,-0.136699320547161,1.3334303271541,0.531531120821049
"dlm","ET","upper",13,TRUE,0.322250281774518,0.236214027798245,-0.182441102563452,1.26574535655363,0.49337094292111
"dlm","ET","upper",14,TRUE,0.266930613644343,0.183608804197815,-0.235814658170082,1.19425971292342,0.455920855454872
"dlm","ET","upper",15,TRUE,0.249904356161116,0.169685260324134,-0.255210404391505,1.16712981322109,0.443114182834328
"dlm","ET","upper",16,TRUE,0.290051494022022,0.214610062302944,-0.219508774322467,1.19498849733051,0.46542996195175
"dlm","ET","upper",17,TRUE,0.303182732944159,0.231315031950198,-0.215833959029799,1.19193172998556,0.472553484441262
"dlm","ET","upper",18,TRUE,0.379530627952946,0.31196107748714,-0.145340901301706,1.26371652212215,0.524058085475871
"dlm","ET","upper",19,TRUE,0.386214558488839,0.321303596934193,-0.145387080915013,1.25823316155729,0.528407467511227
"dlm","ET","upper",20,TRUE,0.394988285198136,0.334303787858817,-0.143200270165912,1.26201237669702,0.53455158041359
"dlm","ET","upper",21,TRUE,0.426798662536433,0.369675766530207,-0.118330485947444,1.28245764937672,0.558180505915939
"dlm","ET","upper",22,TRUE,0.449072482960793,0.395495427816693,-0.103082301239143,1.29714575350889,0.575557265095867
"dlm","ET","upper",23,TRUE,0.472378969672719,0.422016212698545,-0.0914942273409756,1.31439542201261,0.594121553332723
"dlm","ET","upper",24,TRUE,0.50850009572432,0.461281104684618,-0.0623162645600211,1.34802057643132,0.623427700557057
"dlm","ET","upper",25,TRUE,0.582594891436458,0.538206706212831,0.00229200016270637,1.41563270484847,0.685633642840374
"dlm","ET","upper",26,TRUE,0.620079473125609,0.578378421644516,0.0307728167995666,1.44889769727786,0.718131512736331
"dlm","ET","upper",27,TRUE,0.652292397836387,0.61197711952435,0.0611769489559255,1.47523613323229,0.746486001979506
"dlm","ET","upper",28,TRUE,0.625949551365821,0.587743714595547,0.0262054955403065,1.44790566210853,0.723800673965763
"dlm","ET","upper",29,TRUE,0.684715837362213,0.648577009566671,0.0804221092343886,1.50289203565418,0.775234249383018
"dlm","ET","upper",30,TRUE,0.72960776579346,0.693549963908969,0.120323325610609,1.54273941523781,0.815104674947378
"dlm","ET","upper",31,TRUE,0.752351537915494,0.718566308537679,0.141667423411834,1.56268944707427,0.835507348316478
"dlm","ET","upper",32,TRUE,0.78864347180413,0.754923282533406,0.173743637010807,1.59475770682177,0.868322534563139
"dlm","ET","upper",33,TRUE,0.779081443231963,0.747956907766346,0.165547766883582,1.58511154930574,0.859385454400439
"dlm","ET","upper",34,TRUE,0.784006174843078,0.753775116184788,0.165649865816686,1.58417039314464,0.863521328185545
"dlm","ET","upper",35,FALSE,0.783063192657423,0.754136385521769,0.167684904604197,1.58574921801037,0.862291472966962
"dlm","ET","upper",36,FALSE,0.716544653863304,0.686987048297331,0.102745036025164,1.51594220947495,0.802010226744835
"dlm","ET","upper",37,TRUE,0.632424788328161,0.600646647413608,0.0191092231357299,1.42954717031897,0.727034927720706
"dlm","ET","upper",38,TRUE,0.664610567222326,0.632897393742375,0.0563393464618163,1.46129880724566,0.754352383883685
"dlm","ET","upper",39,TRUE,0.645476963374268,0.615639113545787,0.0457756835746293,1.43954307510099,0.736581042175247
"dlm","ET","upper",40,TRUE,0.588163000125397,0.557265156341461,-0.00587511882718043,1.37912192830348,0.685764254125067
"dlm","ET","upper",41,TRUE,0.528542812210983,0.494032306687028,-0.0581556080691887,1.31563373609896,0.634069823705481
"dlm","ET","upper",42,TRUE,0.540400705736248,0.505037648520701,-0.0388517609217059,1.3252395579812,0.642212490961357
"dlm","ET","upper",43,TRUE,0.589369756943948,0.553290965565003,0.0153160606012682,1.36667625445201,0.68227255673667
"dlm","ET","upper",44,TRUE,0.560446684597571,0.524200277134676,-0.00558619796617691,1.33360576841185,0.655573913364744
"dlm","ET","upper",45,TRUE,0.557331980291106,0.517425003690388,0.00365480714765866,1.32112453860296,0.651174000431988
"dlm","ET","upper",46,TRUE,0.490055357395136,0.450703974883001,-0.0516052677655006,1.24909162368291,0.592535656125086
"dlm","ET","upper",47,TRUE,0.416539839488618,0.374898039604463,-0.111913642138186,1.17426915240178,0.530643485517687
"dlm","ET","upper",48,TRUE,0.318048713093337,0.274889018718689,-0.197551972166396,1.07029239468775,0.454433077159116
"dlm","ET","upper",49,TRUE,0.275442364490754,0.229589117560059,-0.225757302480981,1.02104367236649,0.422469543655269
"dlm","ET","upper",50,TRUE,0.274094133353811,0.224965788270864,-0.212139765697324,1.01908053692384,0.418176657864663
"dlm","ET","upper",51,TRUE,0.216085466829032,0.164338176648142,-0.257530444947185,0.953437974975431,0.378835604255141
"dlm","ET","upper",52,TRUE,0.223078803479948,0.169253310964978,-0.235658632078123,0.951755014609104,0.379349066287904
"dlm","ET","upper",53,TRUE,0.197197875397436,0.141309997331607,-0.248797025461595,0.927909056227889,0.360866716039162
"dlm","ET","upper",54,TRUE,0.0988022734381743,0.0438799533730285,-0.335782417907796,0.830661464685437,0.314071143960936
"dlm","ET","upper",55,TRUE,0.083633939965092,0.0266706261759247,-0.340530818727243,0.808470142420455,0.305907422370066
"dlm","ET","upper",56,TRUE,0.105363095412261,0.0490034421535728,-0.314603356240451,0.825879882803244,0.309879835489418
"dlm","ET","upper",57,TRUE,0.0873351257588818,0.0317269759777682,-0.327154438082289,0.803651651867173,0.301756573112635
"dlm","ET","upper",58,TRUE,0.100551490889391,0.0435141770434161,-0.31071408687735,0.813033489666671,0.303727330327884
"dlm","ET","upper",59,TRUE,0.127662166894153,0.0718625313426791,-0.277437719705322,0.839662114746118,0.312158536590698
"dlm","ET","upper",60,TRUE,0.0887237218607061,0.0338888667392935,-0.311223651635905,0.789472215128417,0.296365917089877
"dlm","ET","upper",61,TRUE,0.13661232803528,0.0804709446761449,-0.26184952646748,0.831906212176988,0.312828114931659
"dlm","ET","upper",62,TRUE,0.181055585151504,0.125510276889388,-0.213494299332469,0.872014372011726,0.333454052450814
"dlm","ET","upper",63,TRUE,0.200924826845703,0.145645956213887,-0.19061074135739,0.897414485301973,0.343557135223448
"dlm","ET","upper",64,TRUE,0.228459472633752,0.173810509397761,-0.162609779339035,0.922455422291234,0.359828758836499
"dlm","ET","upper",65,TRUE,0.259274828828241,0.20419153926761,-0.130505709399137,0.956659928789493,0.379833277688464
"dlm","ET","upper",66,TRUE,0.175459266029915,0.119884821904512,-0.209351669414797,0.868003132127902,0.328249208714911
"dlm","ET","upper",67,TRUE,0.150775475972882,0.0951036522205842,-0.233198530921907,0.847274296668519,0.316258293484119
"dlm","ET","upper",68,TRUE,0.185211606604258,0.129250457672614,-0.199128623850482,0.886765861820656,0.33507016988435
"dlm","ET","upper",69,TRUE,0.207346807344235,0.150375062015818,-0.181338580971961,0.911012561620861,0.348978160597913
"dlm","ET","upper",70,FALSE,0.242443838889976,0.185827497776982,-0.150130687151415,0.951714818322442,0.372446330783957
"dlm","ET","upper",71,TRUE,0.241423580674966,0.18547380602585,-0.157651595000442,0.958238574088322,0.373949600859567
"dlm","ET","upper",72,TRUE,0.215119346905177,0.157182457577778,-0.18814996697248,0.934740583780107,0.359806798255194
"dlm","ET","upper",73,TRUE,0.214661297281977,0.15569162928601,-0.193914487732414,0.939471388749381,0.36241624185116
"dlm","ET","upper",74,TRUE,0.21752888536793,0.156435806092568,-0.197333674706137,0.960851974098732,0.367349557863769
"dlm","ET","upper",75,TRUE,0.210124507056181,0.14821957414485,-0.211870716841618,0.970102097892467,0.367562235021138
"dlm","ET","upper",76,TRUE,0.24856852682528,0.185626284706241,-0.181126428923837,1.02067527368148,0.39577866713615
"dlm","ET","upper",77,TRUE,0.276802514074637,0.21434110881121,-0.162093997159584,1.07061776805814,0.419116073544808
"dlm","ET","upper",78,TRUE,0.26025962274059,0.198530915988481,-0.194205903781797,1.06729336238928,0.41416052582296
"dlm","ET","upper",79,TRUE,0.290416886297906,0.227232356205862,-0.180376598058269,1.1128278450056,0.439810913989053
"dlm","ET","upper",80,TRUE,0.316050593405964,0.251853922306429,-0.162336501853432,1.15895834859475,0.46322485456438
"dlm","ET","upper",81,TRUE,0.317214512097875,0.250444381392243,-0.170571158910451,1.1888509008308,0.470668719299067
"dlm","ET","upper",82,TRUE,0.307448041202764,0.238269284685003,-0.191125954571767,1.2079918241309,0.471440477738928
"dlm","ET","upper",83,TRUE,0.31205380022642,0.240386902284001,-0.200382026468732,1.24195907266917,0.482255785636662
"dlm","ET","upper",84,TRUE,0.341753188553182,0.266269984952816,-0.178669061458952,1.29936483072737,0.509797198966631
"dlm","ET","upper",85,TRUE,0.362904308460132,0.284164785341619,-0.169125042133872,1.34661223933299,0.532415559407646
"dlm","ET","upper",86,TRUE,0.425073327188625,0.341866683431056,-0.11857938345424,1.44366932421701,0.584505080656824
"dlm","ET","upper",87,TRUE,0.435461302569323,0.348320476546003,-0.120243843104988,1.48372554803223,0.600525960688175
"dlm","ET","upper",88,TRUE,0.417309950822396,0.324775392985543,-0.150170728097264,1.50492840520149,0.596451133812574
"dlm","ET","upper",89,TRUE,0.39185298694558,0.295727310484912,-0.184027172450992,1.50264883040585,0.588778576074142
"dlm","ET","upper",90,TRUE,0.372141329824282,0.269830916482036,-0.217228867536997,1.5181919811785,0.586653726869065
"dlm","ET","upper",91,TRUE,0.375648333834015,0.267765598769268,-0.223501392616501,1.5588093480836,0.600174894575171
"dlm","ET","upper",92,TRUE,0.361763784316806,0.250817827418322,-0.25638745878851,1.58185966703952,0.604295927105024
"dlm","ET","upper",93,TRUE,0.388175667203301,0.273582157754373,-0.249114957779629,1.64664184544038,0.633601698272511
"dlm","ET","upper",94,TRUE,0.390989959786285,0.273212195478197,-0.267584805190852,1.68544229136093,0.648949637086337
"dlm","ET","upper",95,TRUE,0.432055037149334,0.311844764100817,-0.249051399050412,1.76175850125004,0.688711835387641
"dlm","ET","upper",96,TRUE,0.402438331566512,0.279074479883556,-0.310507291939694,1.77266223890714,0.68589223775796
"dlm","ET","upper",97,TRUE,0.385918042478286,0.261775129047742,-0.360004149598113,1.80307575164829,0.692557251039578
"dlm","ET","upper",98,TRUE,0.332979921545158,0.206574350517425,-0.452011296010265,1.79204806692617,0.682843236497664
"dlm","ET","upper",99,TRUE,0.380924672960478,0.253970389200132,-0.446764055781128,1.88771209771619,0.726175386090994
"dlm","ET","upper",100,TRUE,0.396143111325091,0.267977527219624,-0.476284431931502,1.95592686347813,0.753688875601947
"dlm","SH","lower",1,TRUE,-0.772247401854212,-0.790264758585454,-1.7162422655013,0.222242482606257,0.925768338324992
"dlm","SH","lower",2,TRUE,-0.761749184274718,-0.777793135392882,-1.67857103767774,0.205834774548432,0.909526594564138
"dlm","SH","lower",3,TRUE,-0.719448150764569,-0.735616297508708,-1.60779280371124,0.217155412644658,0.866844849520168
"dlm","SH","lower",4,TRUE,-0.660005232241644,-0.674809877593931,-1.52862770096501,0.251847518715123,0.81065223781154
"dlm","SH","lower",5,TRUE,-0.639750485954599,-0.653582522964996,-1.48096277261908,0.245010724059723,0.786802474825838
"dlm","SH","lower",6,TRUE,-0.652101372796965,-0.665455814316883,-1.47173712527437,0.20636481072252,0.790126864232906
"dlm","SH","lower",7,TRUE,-0.654231975892392,-0.665293172935055,-1.45539611558861,0.178219373043924,0.785555239809054
"dlm","SH","lower",8,TRUE,-0.650481993967321,-0.660756532664053,-1.43825449747153,0.158878213853464,0.776696222749591
"dlm","SH","lower",9,TRUE,-0.646161895931458,-0.654861052367868,-1.41879076301891,0.141806735459214,0.767418940461187
"dlm","SH","lower",10,TRUE,-0.603863306988685,-0.609392683603922,-1.36648420453691,0.163822887290042,0.726571796753292
"dlm","SH","lower",11,TRUE,-0.603138369266642,-0.60613953063621,-1.35556028932272,0.144118393880602,0.720955341516617
"dlm","SH","lower",12,TRUE,-0.592384056501509,-0.593711633734832,-1.33349191666517,0.132569590831355,0.706861196079367
"dlm","SH","lower",13,TRUE,-0.628193934481765,-0.625492337659448,-1.35638799803347,0.079954872396076,0.73245331129648
"dlm","SH","lower",14,TRUE,-0.668644144468174,-0.664106045954889,-1.39032109550586,0.0175805458856377,0.763171526074225
"dlm","SH","lower",15,TRUE,-0.670356382483723,-0.665283115821947,-1.37866017227876,-0.00186959111401961,0.760650135253811
"dlm","SH","lower",16,TRUE,-0.614850900766645,-0.605102432171782,-1.31603129711568,0.0326582908407219,0.708312761986365
"dlm","SH","lower",17,TRUE,-0.585389685254229,-0.572226346364573,-1.27960751606918,0.0442211628865255,0.678869582595838
"dlm","SH","lower",18,TRUE,-0.49293659935053,-0.477088227989484,-1.18086198724025,0.121326075553601,0.596760132520441
"dlm","SH","lower",19,TRUE,-0.470113243171458,-0.455150905466725,-1.15253034189666,0.126069556167654,0.574383080526434
"dlm","SH","lower",20,TRUE,-0.445231371618568,-0.428199325859287,-1.12393899466172,0.136346285628715,0.550483348371587
"dlm","SH","lower",21,TRUE,-0.397183152097041,-0.378477666633679,-1.06603176822784,0.169566067265592,0.508497570723552
"dlm","SH","lower",22,TRUE,-0.359222797485257,-0.338819386560844,-1.02554383002963,0.193293309050099,0.475576589633097
"dlm","SH","lower",23,TRUE,-0.31978565011434,-0.298260439650353,-0.980301034440774,0.214930656669735,0.442782271925895
"dlm","SH","lower",24,TRUE,-0.267152970229931,-0.24497270267258,-0.922626312949224,0.255510219059718,0.402845435915005
"dlm","SH","lower",25,TRUE,-0.177227084781892,-0.153961289487202,-0.826945225086446,0.335778230836036,0.345632239145085
"dlm","SH","lower",26,TRUE,-0.123620254966186,-0.0985781164792168,-0.769400974482096,0.378279241061823,0.317495406642205
"dlm","SH","lower",27,TRUE,-0.0755630298048838,-0.0471025683512251,-0.720910319617399,0.413551587405436,0.298246505450832
"dlm","SH","lower",28,TRUE,-0.0865639398732378,-0.0574068101084775,-0.733854650151009,0.39304715064201,0.297546622582672
"dlm","SH","lower",29,TRUE,-0.0125897439879533,0.0187134029730083,-0.658572698148836,0.458823630122972,0.281468595396759
"dlm","SH","lower",30,TRUE,0.0519044098833955,0.0861372782434109,-0.588712713073138,0.510293667022384,0.283026117361576
"dlm","SH","lower",31,TRUE,0.0941023725219472,0.130348303653714,-0.548661663832578,0.542435111844413,0.291236874283516
"dlm","SH","lower",32,TRUE,0.150859924856093,0.188946358252012,-0.496354272417628,0.595438785860853,0.312996442732855
"dlm","SH","lower",33,TRUE,0.161202479257025,0.200656044718932,-0.483772116982643,0.604815611737827,0.317332052346469
"dlm","SH","lower",34,TRUE,0.186236905992192,0.225618682909024,-0.456558908098856,0.625474378584225,0.33017269036247
"dlm","SH","lower",35,FALSE,0.204947718230679,0.244297097298376,-0.442161381966154,0.647627845796963,0.341043518329824
"dlm","SH","lower",36,FALSE,0.15783780473909,0.196641451466137,-0.487033387333655,0.602354154193349,0.315458163204612
"dlm","SH","lower",37,TRUE,0.0938947411633671,0.132459451402225,-0.55604857667727,0.542409129272643,0.290189071704414
"dlm","SH","lower",38,TRUE,0.145758122712523,0.185912427933132,-0.509859511290623,0.600677441641658,0.312247461789918
"dlm","SH","lower",39,TRUE,0.145151563380966,0.187531905601215,-0.517586809275265,0.60691489464588,0.313947196713969
"dlm","SH","lower",40,TRUE,0.106666257356361,0.14818271276034,-0.564299235722262,0.570988698308829,0.301480952965991
"dlm","SH","lower",41,TRUE,0.0669435843160319,0.106941584741133,-0.611257264523858,0.542759550256335,0.295126172577369
"dlm","SH","lower",42,TRUE,0.09807074469863,0.135569363788686,-0.584978234952864,0.584083209397093,0.309221114704985
"dlm","SH","lower",43,TRUE,0.166404145938356,0.203121969745533,-0.520760861048877,0.665430340882022,0.342456757287829
"dlm","SH","lower",44,TRUE,0.154742154862685,0.190988988543779,-0.539653891465246,0.663086453611893,0.342853514895837
"dlm","SH","lower",45,TRUE,0.167813043126825,0.202389565720854,-0.539174859698288,0.69131335747581,0.354505518818613
"dlm","SH","lower",46,TRUE,0.116298575674078,0.149687708839633,-0.600516223889452,0.65651786468003,0.339184982924097
"dlm","SH","lower",47,TRUE,0.0576118713996204,0.0861874346921329,-0.670674797384289,0.614030238329226,0.330300844203674
"dlm","SH","lower",48,TRUE,-0.027891076643394,0.000547756164762267,-0.76494450138955,0.544395813077856,0.332976350816136
"dlm","SH","lower",49,TRUE,-0.058429156853667,-0.0299518292535213,-0.802495115631932,0.531277923911824,0.343625210156201
"dlm","SH","lower",50,TRUE,-0.0493764423568813,-0.0231552430882101,-0.803532077905284,0.555473142335987,0.34887014311377
"dlm","SH","lower",51,TRUE,-0.0984092367898047,-0.0725163921780534,-0.862517963354176,0.522225733622941,0.365195274726931
"dlm","SH","lower",52,TRUE,-0.0831068626862432,-0.0583683379759814,-0.855827363291612,0.552237291438384,0.366949780579721
"dlm","SH","lower",53,TRUE,-0.103050186919666,-0.0772889961899452,-0.884579431590653,0.549043551141841,0.377407231656226
"dlm","SH","lower",54,TRUE,-0.196148884821426,-0.171209641521536,-0.98270745708157,0.471053642054625,0.41671649899275
"dlm","SH","lower",55,TRUE,-0.207118868021789,-0.182212645710549,-0.998249462752687,0.477811529867899,0.425335007781902
"dlm","SH","lower",56,TRUE,-0.183050981837741,-0.159591772705112,-0.981611777116393,0.514611900446144,0.417650184446772
"dlm","SH","lower",57,TRUE,-0.19954029538062,-0.175108142587998,-1.00219517462401,0.505118997434775,0.427760090002021
"dlm","SH","lower",58,TRUE,-0.186731847630243,-0.163626260360352,-0.994283099611816,0.517903410796557,0.423941121106073
"dlm","SH","lower",59,TRUE,-0.161438436813566,-0.137945146781384,-0.973981606698353,0.542104053282186,0.414901972319946
"dlm","SH","lower",60,TRUE,-0.204425013067309,-0.18037280456233,-1.02099616608953,0.504056662273273,0.434710581797267
"dlm","SH","lower",61,TRUE,-0.161434023070896,-0.137167457553328,-0.981538247220615,0.543764242818455,0.416664197621147
"dlm","SH","lower",62,TRUE,-0.124408128725928,-0.0991790569299218,-0.948846539613297,0.576845071051366,0.404012375195155
"dlm","SH","lower",63,TRUE,-0.113199065221488,-0.0882231227862792,-0.93635113175368,0.585646489219581,0.399768401165348
"dlm","SH","lower",64,TRUE,-0.095990219035403,-0.0703536083170672,-0.918820802463546,0.598363023822315,0.394217766599718
"dlm","SH","lower",65,TRUE,-0.0776061024619285,-0.0514674463619468,-0.902961636401828,0.60558016053174,0.388818260675705
"dlm","SH","lower",66,TRUE,-0.174952173316324,-0.147640874534608,-1.00160177677375,0.496472811659421,0.417314056625183
"dlm","SH","lower",67,TRUE,-0.21477054902743,-0.185529762063213,-1.04226622711301,0.442821120375912,0.433668683569181
"dlm","SH","lower",68,TRUE,-0.197377258540858,-0.167696731266872,-1.02281515042032,0.447568780133666,0.423468200055493
"dlm","SH","lower",69,TRUE,-0.192952542864307,-0.16244274611601,-1.01595433612033,0.445890889001901,0.419521496002457
"dlm","SH","lower",70,FALSE,-0.176593282576389,-0.144085982839223,-0.996680987692209,0.450631839331891,0.410160171967148
"dlm","SH","lower",71,TRUE,-0.197800063298187,-0.16522695685854,-1.01414647712936,0.423617441332541,0.417413431764187
"dlm","SH","lower",72,TRUE,-0.245713603932454,-0.213548885047448,-1.06045493872448,0.371026740082625,0.44012382398985
"dlm","SH","lower",73,TRUE,-0.268832680046033,-0.236802625067069,-1.08467442181728,0.350789429227538,0.452227695483727
"dlm","SH","lower",74,TRUE,-0.289640420484927,-0.258802914403753,-1.0979161105766,0.332252555225304,0.464032563244828
"dlm","SH","lower",75,TRUE,-0.321622787466558,-0.292347302762953,-1.12424170263414,0.306788129252143,0.483691959670305
"dlm","SH","lower",76,TRUE,-0.308156978411426,-0.281693627531399,-1.11492386305572,0.330898943121705,0.474564505764128
"dlm","SH","lower",77,TRUE,-0.306069024393067,-0.281505427695712,-1.10774841741149,0.344291815108845,0.473078341842177
"dlm","SH","lower",78,TRUE,-0.35100264683395,-0.330446384291848,-1.14860286036038,0.312476840902271,0.503799892727829
"dlm","SH","lower",79,TRUE,-0.350358195394026,-0.333381478256345,-1.14671937570685,0.322786188724688,0.50405342836412
"dlm","SH","lower",80,TRUE,-0.354801223514974,-0.341849275275455,-1.14853477546714,0.334996491237076,0.508526214364586
"dlm","SH","lower",81,TRUE,-0.383610317739501,-0.373228429146473,-1.17413531902538,0.322882446748597,0.531892277663861
"dlm","SH","lower",82,TRUE,-0.424292787781042,-0.417540079108778,-1.22120664323399,0.301829073019654,0.565130292712888
"dlm","SH","lower",83,TRUE,-0.451453036319416,-0.44975280500871,-1.24520065336125,0.299176249667733,0.58953689328504
"dlm","SH","lower",84,TRUE,-0.454766110531788,-0.458353729223598,-1.24944918625396,0.316093592569613,0.596439749360462
"dlm","SH","lower",85,TRUE,-0.467864200713452,-0.475777525719824,-1.26321681442125,0.322193480059675,0.611345480331872
"dlm","SH","lower",86,TRUE,-0.44097743493481,-0.45627934624343,-1.23934754733387,0.374042759085531,0.596787661946511
"dlm","SH","lower",87,TRUE,-0.467411531533589,-0.488868047462789,-1.27020276336809,0.382738613592875,0.622899734029577
"dlm","SH","lower",88,TRUE,-0.523934592167635,-0.550885828147022,-1.32963457821783,0.357608022113185,0.672822802956059
"dlm","SH","lower",89,TRUE,-0.587870662679041,-0.620578671839332,-1.39825021830421,0.325271046859631,0.730288703176461
"dlm","SH","lower",90,TRUE,-0.647637710944947,-0.689201530471088,-1.46506460434371,0.29683893899947,0.78582344989953
"dlm","SH","lower",91,TRUE,-0.685115540376892,-0.73306012153399,-1.51101731752617,0.294532433732263,0.824228435996303
"dlm","SH","lower",92,TRUE,-0.740182252353551,-0.794742440728674,-1.57084046982693,0.280690307630529,0.878078652472261
"dlm","SH","lower",93,TRUE,-0.756004615454438,-0.818474206421612,-1.59547300119829,0.312228823528286,0.899517318816711
"dlm","SH","lower",94,TRUE,-0.79606966341069,-0.866877476308777,-1.65182854712786,0.309570839003788,0.941704571676624
"dlm","SH","lower",95,TRUE,-0.798649798312402,-0.876043524784471,-1.66587260908091,0.349353543891492,0.953092737722954
"dlm","SH","lower",96,TRUE,-0.872600920504515,-0.957176025020092,-1.75874968317058,0.318736897208496,1.02520726062759
"dlm","SH","lower",97,TRUE,-0.934206076385547,-1.025309070198,-1.84629058281687,0.30068056232676,1.08764545544016
"dlm","SH","lower",98,TRUE,-1.03205978110274,-1.12847769421231,-1.96931999334801,0.252001142452691,1.18233138750017
"dlm","SH","lower",99,TRUE,-1.02937462165287,-1.12998558313879,-1.99184404175882,0.304276710364047,1.19040662247357
"dlm","SH","lower",100,TRUE,-1.05608996416687,-1.16088100597175,-2.05292364950169,0.324030091100102,1.22450390771612
"dlm","SH","upper",1,TRUE,0.903907062191975,0.69404821741793,-0.373198910845842,3.32084328354029,1.32857478814352
"dlm","SH","upper",2,TRUE,0.91054085617599,0.699345715919848,-0.343968750079388,3.31646708768575,1.32690542950916
"dlm","SH","upper",3,TRUE,0.94942890483207,0.735972800693584,-0.282955057368918,3.34530023559554,1.3481268728647
"dlm","SH","upper",4,TRUE,1.00477827806786,0.791289899570369,-0.207056987102944,3.3665218635507,1.38202640765081
"dlm","SH","upper",5,TRUE,1.02130729365356,0.808387129342544,-0.167114388342734,3.37665133674746,1.38874586484071
"dlm","SH","upper",6,TRUE,1.00490690887523,0.79351471329605,-0.165743986637481,3.34100710633377,1.37121927219911
"dlm","SH","upper",7,TRUE,0.99520696135505,0.782157793334383,-0.151413645515388,3.32156730169134,1.35874845040873
"dlm","SH","upper",8,TRUE,0.990824865255064,0.77841883927252,-0.140509999371899,3.29930859644202,1.35092015123582
"dlm","SH","upper",9,TRUE,0.98720746273959,0.776269541876156,-0.130044748473903,3.29106880859272,1.34386282892724
"dlm","SH","upper",10,TRUE,1.02186307393305,0.81115786372148,-0.0854927174393857,3.3147391123628,1.36565320038751
"dlm","SH","upper",11,TRUE,1.01461310110568,0.803247174406888,-0.0799198172203839,3.2949124923121,1.35659935589174
"dlm","SH","upper",12,TRUE,1.01738310809041,0.806843285413078,-0.0693097560786434,3.28671494278209,1.35516506629351
"dlm","SH","upper",13,TRUE,0.973471764999976,0.765599561575092,-0.107961811595626,3.21718254602483,1.31927989464223
"dlm","SH","upper",14,TRUE,0.924868766516062,0.718508744420068,-0.160651862057462,3.16958348788045,1.28096908639933
"dlm","SH","upper",15,TRUE,0.914361586158107,0.709754970456903,-0.170918786806594,3.15174235366261,1.27054941322955
"dlm","SH","upper",16,TRUE,0.961651600320777,0.758930964041172,-0.129672489791555,3.19947544167578,1.30282334762399
"dlm","SH","upper",17,TRUE,0.982463153237396,0.784975495435488,-0.117538006847476,3.20103942622033,1.31618302289831
"dlm","SH","upper",18,TRUE,1.06632996411006,0.870205401817948,-0.0405461621552342,3.28153634189459,1.37832584329308
"dlm","SH","upper",19,TRUE,1.08031977640265,0.889022467474679,-0.0321071071847731,3.28714944116496,1.38753225782247
"dlm","SH","upper",20,TRUE,1.0962312551791,0.905022447173526,-0.0275656248458418,3.30168390924739,1.3987991865663
"dlm","SH","upper",21,TRUE,1.13515094298939,0.94897790448355,0.00118684078309041,3.33646311149263,1.42853905458404
"dlm","SH","upper",22,TRUE,1.16443316726706,0.979685949031954,0.0226408018994276,3.35369604188462,1.4510985237058
"dlm","SH","upper",23,TRUE,1.19469093054185,1.01123340340308,0.0425298691760304,3.37937654707715,1.47468131017992
"dlm","SH","upper",24,TRUE,1.23820968639859,1.05526542470857,0.075018522095463,3.41016281630252,1.50954667336486
"dlm","SH","upper",25,TRUE,1.31888314782087,1.1390999179427,0.152194030336538,3.49214416318616,1.57609665199008
"dlm","SH","upper",26,TRUE,1.36265442084259,1.18533058104027,0.185326178519604,3.54223901356531,1.61269422051208
"dlm","SH","upper",27,TRUE,1.40087694646686,1.22725310310746,0.213423845851073,3.57538594612949,1.64500760837905
"dlm","SH","upper",28,TRUE,1.38008558802059,1.20794567877201,0.187366666866354,3.5511203755736,1.6271767200197
"dlm","SH","upper",29,TRUE,1.4439405273025,1.27438145413359,0.245079565410372,3.60566825278866,1.6818212551257
"dlm","SH","upper",30,TRUE,1.49446490697914,1.32760015957541,0.290303163084294,3.66368828689768,1.72571763653568
"dlm","SH","upper",31,TRUE,1.52214938036706,1.35522372204145,0.311339810192468,3.69451847401485,1.74996632558128
"dlm","SH","upper",32,TRUE,1.56310077734482,1.39917109099934,0.349509635242867,3.72887395033157,1.78619434402454
"dlm","SH","upper",33,TRUE,1.55770973300947,1.39609051054555,0.334720466674673,3.72846533714988,1.78211346079987
"dlm","SH","upper",34,TRUE,1.56702464403696,1.40785612705129,0.342241190183807,3.72686612439024,1.79104834415994
"dlm","SH","upper",35,FALSE,1.56942599216447,1.41009158820848,0.339714441676919,3.74198100152106,1.79390034599223
"dlm","SH","upper",36,FALSE,1.50626208990169,1.34793455699765,0.27877700051444,3.68920153496029,1.73971239465764
"dlm","SH","upper",37,TRUE,1.42522770782436,1.26538878820324,0.194100340462803,3.62202177004605,1.67085925096807
"dlm","SH","upper",38,TRUE,1.46089186793793,1.30178660269279,0.231109597640158,3.65366477946333,1.70274801516078
"dlm","SH","upper",39,TRUE,1.44431828562636,1.28478403666325,0.211778734408907,3.64453204361224,1.68985657450086
"dlm","SH","upper",40,TRUE,1.38867632001331,1.22789764402216,0.149991420849566,3.60738353340723,1.6438739358834
"dlm","SH","upper",41,TRUE,1.33063391489492,1.16925099970449,0.0885201711299294,3.56637017926136,1.59664853828113
"dlm","SH","upper",42,TRUE,1.34395362536803,1.1811662650303,0.106877156342306,3.58081766700382,1.60938442989382
"dlm","SH","upper",43,TRUE,1.3940698950196,1.22687630548761,0.155569687414122,3.63928014977399,1.65315659947041
"dlm","SH","upper",44,TRUE,1.36586638782494,1.19739344260993,0.126711164079622,3.61804623880869,1.63156559727933
"dlm","SH","upper",45,TRUE,1.36292639522814,1.19305228231358,0.122328363887688,3.63292763023726,1.63098181376627
"dlm","SH","upper",46,TRUE,1.2960055533493,1.12249251476659,0.0601601921257837,3.5802716921529,1.57765213367777
"dlm","SH","upper",47,TRUE,1.22262316312408,1.04568720684942,-0.0108348650150942,3.52665224416594,1.52025183903327
"dlm","SH","upper",48,TRUE,1.12362832825754,0.941632323318162,-0.109058938983308,3.44658612538882,1.44418946734326
"dlm","SH","upper",49,TRUE,1.08046236801667,0.896919387201974,-0.153298845913037,3.41374610664484,1.41352083396092
"dlm","SH","upper",50,TRUE,1.07785563424018,0.887822412120565,-0.151813839880357,3.42877997101365,1.41435208744049
"dlm","SH","upper",51,TRUE,1.01900849926419,0.827157622645453,-0.205059767663473,3.39423973603463,1.3731393905964
"dlm","SH","upper",52,TRUE,1.02539968671021,0.829293934596762,-0.187909731100508,3.41675674303781,1.38091201247204
"dlm","SH","upper",53,TRUE,0.99857770887321,0.7971915435424,-0.207185023959375,3.41963858781177,1.36433670978719
"dlm","SH","upper",54,TRUE,0.899630922856243,0.692707689259412,-0.305528388684811,3.33686053713353,1.29712116669629
"dlm","SH","upper",55,TRUE,0.884293020895105,0.674277320380479,-0.320548485454794,3.34562736726008,1.2904883014443
"dlm","SH","upper",56,TRUE,0.905773670950327,0.691887693785567,-0.290256866857429,3.38614018105307,1.30948895477408
"dlm","SH","upper",57,TRUE,0.887931570081754,0.669058311614978,-0.310580370774034,3.39552192296733,1.30141261139492
"dlm","SH","upper",58,TRUE,0.901849451109083,0.678493519297863,-0.293587755329577,3.45183826807986,1.3156152632686
"dlm","SH","upper",59,TRUE,0.929714654188257,0.699655311094813,-0.261634874122065,3.51465786210099,1.33904604567474
"dlm","SH","upper",60,TRUE,0.89127409052487,0.655511480533967,-0.29238600713884,3.49533874312445,1.31714084200188
"dlm","SH","upper",61,TRUE,0.940472738597616,0.699157056448033,-0.236497935381041,3.58617545501034,1.35581835513578
"dlm","SH","upper",62,TRUE,0.985535038740126,0.73661027504912,-0.187328432256605,3.65735903854054,1.39220740785539
"dlm","SH","upper",63,TRUE,1.00657519298326,0.755253567755155,-0.162496642468562,3.71092734698787,1.41226761174007
"dlm","SH","upper",64,TRUE,1.03544025829389,0.778771907730973,-0.129581714670586,3.77801279423595,1.43824385879754
"dlm","SH","upper",65,TRUE,1.0673465319256,0.804452803810207,-0.0921431081357059,3.83554309054608,1.46692438799304
"dlm","SH","upper",66,TRUE,0.984790669767327,0.716737678726297,-0.173420277952098,3.7930527181286,1.414097144512
"dlm","SH","upper",67,TRUE,0.961767426583304,0.690311990824982,-0.20265160301784,3.803960795108,1.40431970726324
"dlm","SH","upper",68,TRUE,0.997575180102725,0.718646082405107,-0.163593393635282,3.87674783568121,1.4358400404524
"dlm","SH","upper",69,TRUE,1.02177176462658,0.739012943607832,-0.138784531020856,3.92350061198537,1.45958995806288
"dlm","SH","upper",70,FALSE,1.0594947488752,0.772938866465523,-0.101958523947975,4.00304932217127,1.49336785394821
"dlm","SH","upper",71,TRUE,1.06121213381024,0.769267748144381,-0.106071369216427,4.05467716259028,1.50215687224828
"dlm","SH","upper",72,TRUE,1.03743031401784,0.741745965263461,-0.133289433569405,4.08596038852709,1.49338322657444
"dlm","SH","upper",73,TRUE,1.03957702816883,0.739402139535104,-0.136944512323333,4.12813119343895,1.50330804115318
"dlm","SH","upper",74,TRUE,1.04509078036543,0.741269036479951,-0.138663731372913,4.17835596565429,1.51606745458618
"dlm","SH","upper",75,TRUE,1.04106352374379,0.731621192993014,-0.14706104276685,4.22490272593727,1.52259616478961
"dlm","SH","upper",76,TRUE,1.08329341727154,0.768416138720163,-0.116364854331411,4.30388141476532,1.56167071112773
"dlm","SH","upper",77,TRUE,1.11563568225978,0.793190825505633,-0.0943622673108891,4.3848906577144,1.59419403539612
"dlm","SH","upper",78,TRUE,1.10290430297685,0.774770415965731,-0.123448291282406,4.41077548778803,1.59597667959858
"dlm","SH","upper",79,TRUE,1.13690105079938,0.802190311097524,-0.108708071622026,4.47692242682873,1.63048950634656
"dlm","SH","upper",80,TRUE,1.16672585086186,0.828319032367133,-0.0931638441501532,4.56521639395073,1.66262432864795
"dlm","SH","upper",81,TRUE,1.17137066206286,0.823149880249727,-0.104378537410842,4.61316967262197,1.67750778270268
"dlm","SH","upper",82,TRUE,1.16466401582504,0.81105996456403,-0.12481033169742,4.65576156190158,1.68513338889788
"dlm","SH","upper",83,TRUE,1.17264863078421,0.810753326347648,-0.135400622636307,4.70933824562187,1.70322455131177
"dlm","SH","upper",84,TRUE,1.206170839402,0.839777165155777,-0.114549599462193,4.77894628924877,1.73979715159957
"dlm","SH","upper",85,TRUE,1.23045823993587,0.856513829762643,-0.109943659349919,4.8512942847715,1.77021670385334
"dlm","SH","upper",86,TRUE,1.29563892946627,0.915188659129237,-0.0604351520687363,4.96337663026829,1.83000176846997
"dlm","SH","upper",87,TRUE,1.30903602159341,0.921539548869176,-0.0629513002051248,5.03108109294294,1.85360035663545
"dlm","SH","upper",88,TRUE,1.29367087789582,0.902196855651613,-0.099713977928498,5.06584916481688,1.85775785285047
"dlm","SH","upper",89,TRUE,1.27119475400021,0.874779230846723,-0.142841693601329,5.10211766908098,1.85775127430557
"dlm","SH","upper",90,TRUE,1.25412801583568,0.850446990211986,-0.177815984340826,5.13591985837005,1.86223334958621
"dlm","SH","upper",91,TRUE,1.26035970574747,0.849411394772664,-0.195920430907023,5.18962907508719,1.88350908795429
"dlm","SH","upper",92,TRUE,1.2499206668197,0.832355493730081,-0.230013263961893,5.2353861834183,1.89421034747306
"dlm","SH","upper",93,TRUE,1.27964556786759,0.855699773035925,-0.229041626911723,5.32025816436958,1.93189761656618
"dlm","SH","upper",94,TRUE,1.28552266097375,0.859048090724815,-0.254033339920839,5.3849445591282,1.95446534037218
"dlm","SH","upper",95,TRUE,1.32967609878886,0.900452466186471,-0.246360485386191,5.49600206968636,2.00275368696128
"dlm","SH","upper",96,TRUE,1.30291325165046,0.868306072585834,-0.310283497692808,5.53797438286988,2.0050401654553
"dlm","SH","upper",97,TRUE,1.28889637025521,0.849225876340812,-0.36599810432495,5.57984676337547,2.01672955574857
"dlm","SH","upper",98,TRUE,1.2391057951371,0.794256048662836,-0.461293025526625,5.59899192368842,2.00682384229914
"dlm","SH","upper",99,TRUE,1.28969773867419,0.841777419809994,-0.463701227273394,5.70931408488077,2.05999762052508
"dlm","SH","upper",100,TRUE,1.30810612349802,0.854777241217639,-0.502192741719187,5.78521811120626,2.09384375290303
