"family","target","index","x","y","mean_truth","oracle_lower","oracle_upper","fit_lower","fit_upper","fit_midpoint","fit_width","fit_lower_q025","fit_lower_q975","fit_upper_q025","fit_upper_q975","fit_midpoint_q025","fit_midpoint_q975","fit_width_q025","fit_width_q975","observed"
"fixed_design","RQR",1,-1,-0.790578881537112,-0.8,-2.75719227448259,-0.302075154578703,-4.72284472405302,-0.26680987367301,-2.49482729886301,4.45603485038001,-6.40039159225039,-3.20010774303451,-0.391329933895172,-0.0785479103406061,-3.34058809877653,-1.72003669566326,2.93995182845753,6.12337942122227,TRUE
"fixed_design","RQR",2,-0.996289424860853,-1.20312321819254,-0.794623796558596,-2.7528635194541,-0.296432472163369,-4.69912823430353,-0.261355882016731,-2.48024205816013,4.4377723522868,-6.36518455270073,-3.18714854891896,-0.384751106239248,-0.0743733616666555,-3.32011575417511,-1.71137640823919,2.93470927549748,6.09215574460624,TRUE
"fixed_design","RQR",3,-0.992578849721707,-0.830331192339553,-0.789255854137911,-2.74854302544633,-0.290798050768753,-4.67550115201609,-0.255909579824598,-2.46570536592034,4.41959157219149,-6.32996715637217,-3.17350090926272,-0.378410805893972,-0.0702359726392515,-3.29916139927027,-1.70175308385975,2.92731563726659,6.06175509236061,TRUE
"fixed_design","RQR",4,-0.98886827458256,-0.456323128843399,-0.783896172737943,-2.74423079245928,-0.285171890394855,-4.65196347719069,-0.250470967096608,-2.45121722214365,4.40149251009408,-6.29494366787781,-3.16361771176985,-0.371971596648348,-0.0663368583938628,-3.27927185036713,-1.69277812508236,2.92161563534505,6.03142680916711,TRUE
"fixed_design","RQR",5,-0.985157699443414,-0.914888633104687,-0.778544752358693,-2.73992682049295,-0.279553991041675,-4.62851520982732,-0.245040043832763,-2.43677762683004,4.38347516599456,-6.26004599901328,-3.15134716173153,-0.365444542895279,-0.0621023612115544,-3.25949521776545,-1.6841769409381,2.91510139253358,6.00228930657567,TRUE
"fixed_design","RQR",6,-0.981447124304267,-0.839137117689368,-0.773201593000162,-2.73563110954733,-0.273944352709213,-4.605156349926,-0.239616810033063,-2.42238657997953,4.36553953989294,-6.22652871981153,-3.13915444777698,-0.359051639600258,-0.0580382729418361,-3.24012063037787,-1.67507612817766,2.90853968090799,5.9735161052573,TRUE
"fixed_design","RQR",7,-0.977736549165121,-0.276138590675946,-0.767866694662348,-2.73134365962244,-0.268342975397469,-4.58188689748672,-0.234201265697507,-2.40804408159212,4.34768563178922,-6.19196975923126,-3.12756855386276,-0.352613351527147,-0.0538924748204682,-3.2197600580854,-1.66606463898647,2.90040615063999,5.94457740979965,TRUE
"fixed_design","RQR",8,-0.974025974025974,-1.0181913770786,-0.762540057345252,-2.72706447071826,-0.262749859106443,-4.55870685250949,-0.228793410826095,-2.39375013166779,4.32991344168339,-6.1566366009229,-3.11399362165795,-0.346151006696917,-0.0495885072487483,-3.19992112421789,-1.6569527776649,2.8943825214818,5.9158986740435,TRUE
"fixed_design","RQR",9,-0.970315398886827,-0.916955175390053,-0.757221681048874,-2.7227935428348,-0.257165003836134,-4.53561621499429,-0.223393245418828,-2.37950473020656,4.31222296957546,-6.12276635870527,-3.10087736747052,-0.339606810203429,-0.0455410381974381,-3.17977919199381,-1.64882165648081,2.88830472735171,5.88733808004191,TRUE
"fixed_design","RQR",10,-0.966604823747681,-0.722045313675734,-0.751911565773214,-2.71853087597206,-0.251588409586544,-4.51261498494113,-0.218000769475706,-2.36530787720842,4.29461421546543,-6.08764359068961,-3.08746499045137,-0.333203971564148,-0.0414982916635544,-3.16058820236003,-1.63981517510677,2.8806027955654,5.85975303072303,TRUE
"fixed_design","RQR",11,-0.962894248608534,-0.806094691526706,-0.746609711518272,-2.71427647013003,-0.246020076357672,-4.48970316235002,-0.212615982996728,-2.35115957267337,4.27708717935329,-6.05351280477248,-3.07637781813833,-0.327077215566,-0.0374130428323887,-3.14106266860773,-1.63101808999166,2.87251070398788,5.83174228686246,TRUE
"fixed_design","RQR",12,-0.959183673469388,-0.956909440092819,-0.741316118284048,-2.71003032530872,-0.240460004149517,-4.46688074722095,-0.207238885981894,-2.33705981660142,4.25964186123905,-6.01961056716722,-3.06553807997943,-0.320810633896338,-0.0330646236113253,-3.12141414126903,-1.6232412298859,2.86551004034021,5.80236514856452,TRUE
"fixed_design","RQR",13,-0.955473098330241,-0.234622171786904,-0.736030786070542,-2.70579244150813,-0.234908192962081,-4.44414773955391,-0.201869478431205,-2.32300860899256,4.24227826112271,-5.9855650319414,-3.0546040179427,-0.314627839387901,-0.0289543832170356,-3.10153550720667,-1.61441948082979,2.85786436138582,5.77427297662296,TRUE
"fixed_design","RQR",14,-0.951762523191095,-0.51725308059235,-0.730753714877754,-2.70156281872826,-0.229364642795363,-4.42150413934892,-0.19650776034466,-2.30900594984679,4.22499637900426,-5.9513714865312,-3.04331002716587,-0.3082948891426,-0.0245059777978508,-3.08173228815714,-1.6052719171461,2.85127241898088,5.74649304924092,TRUE
"fixed_design","RQR",15,-0.948051948051948,-0.377850392269855,-0.725484904705684,-2.69734145696911,-0.223829353649362,-4.39894994660597,-0.19115373172226,-2.29505183916412,4.20779621488371,-5.91858725417156,-3.03197802535584,-0.302071433571617,-0.0205224022521025,-3.06134048827452,-1.59693296773175,2.84481849153435,5.71875129783237,TRUE
"fixed_design","RQR",16,-0.944341372912802,-0.30930476652987,-0.720224355554332,-2.69312835623068,-0.218302325524079,-4.37648516132506,-0.185807392564004,-2.28114627694453,4.19067776876106,-5.88552634594081,-3.02093489507863,-0.296011091146406,-0.0163467447401819,-3.04194640052659,-1.58853661908867,2.83829516528577,5.69162847305702,TRUE
"fixed_design","RQR",17,-0.940630797773655,-0.476367957239766,-0.714972067423697,-2.68892351651296,-0.212783558419515,-4.35410978350619,-0.180468742869892,-2.26728926318804,4.1736410406363,-5.8519188663551,-3.00822928550053,-0.289795840187106,-0.0121860063981545,-3.02251606741408,-1.58043664998963,2.83292180661939,5.66416372474308,TRUE
"fixed_design","RQR",18,-0.936920222634508,-0.432651269961505,-0.709728040313781,-2.68472693781596,-0.207273052335668,-4.33182381314937,-0.175137782639926,-2.25348079789465,4.15668603050944,-5.81932873806177,-2.99509643451977,-0.283617097898917,-0.00825017360756005,-3.00330121576607,-1.57308310169036,2.82481230078291,5.63747783624228,TRUE
"fixed_design","RQR",19,-0.933209647495362,-0.299940102624181,-0.704492274224583,-2.68053862013968,-0.201770807272539,-4.30962725025458,-0.169814511874103,-2.23972088106434,4.13981273838048,-5.78743402836043,-2.98401489614445,-0.277310458063489,-0.00438941152744315,-2.98559856961662,-1.56519784915877,2.81796408776927,5.60924583487258,TRUE
"fixed_design","RQR",20,-0.929499072356215,-0.435688745745682,-0.699264769156102,-2.67635856348411,-0.196276823230129,-4.28752009482184,-0.164498930572425,-2.22600951269713,4.12302116424941,-5.75384135389467,-2.97220067092496,-0.270986658278866,-0.000144937770118439,-2.96621996793605,-1.55652280351689,2.81133639183537,5.58113061685364,TRUE
"fixed_design","RQR",21,-0.925788497217069,-0.278039693886509,-0.69404552510834,-2.67218676784927,-0.190791100208436,-4.26550234685113,-0.159191038734892,-2.21234669279301,4.10631130811624,-5.72162237076572,-2.95957954355606,-0.264629012986708,0.00372973015343318,-2.94722177553302,-1.54761270796671,2.80563519121703,5.5539564019448,TRUE
"fixed_design","RQR",22,-0.922077922077922,-1.11273448356415,-0.688834542081295,-2.66802323323514,-0.185313638207461,-4.24357400634247,-0.153890836361503,-2.19873242135199,4.08968316998097,-5.68970460540467,-2.94580601680925,-0.25845914363679,0.00785242924697816,-2.92719595825558,-1.53923035530444,2.8007821571485,5.526556708375,TRUE
"fixed_design","RQR",23,-0.918367346938776,-0.442688568869858,-0.683631820074969,-2.66386795964173,-0.179844437227204,-4.22173507329585,-0.148598323452258,-2.18516669837405,4.07313674984359,-5.65757694676147,-2.93367831408298,-0.252401644509435,0.0118955611235435,-2.90840114864397,-1.53107997017167,2.79336257151402,5.49999720641466,TRUE
"fixed_design","RQR",24,-0.914656771799629,-2.57483925024798,-0.67843735908936,-2.65972094706904,-0.174383497267665,-4.19998554771127,-0.143313500007158,-2.17164952385921,4.05667204770411,-5.62589587461022,-2.92118542058323,-0.246286971182852,0.0158036999158652,-2.89047901415028,-1.52319888727036,2.78643085187991,5.47443442117203,TRUE
"fixed_design","RQR",25,-0.910946196660482,-0.568150964399029,-0.673251159124469,-2.65558219551707,-0.168930818328844,-4.17832542958873,-0.138036366026202,-2.15818089780747,4.04028906356253,-5.59373730008151,-2.90855918468595,-0.240275625860783,0.0198512679628981,-2.8722687918651,-1.51425493806965,2.78156724283602,5.44732853702606,TRUE
"fixed_design","RQR",26,-0.907235621521336,-0.144915986795578,-0.668073220180297,-2.65145170498581,-0.163486400410741,-4.15675471892823,-0.132766921509391,-2.14476082021881,4.02398779741884,-5.56159942567328,-2.89542300394984,-0.234196831230162,0.0240748351102347,-2.85316337918838,-1.50573497369726,2.77521355432412,5.42010754443333,TRUE
"fixed_design","RQR",27,-0.903525046382189,-0.549939558758221,-0.662903542256842,-2.64732947547527,-0.158050243513356,-4.13527341572978,-0.127505166456724,-2.13138929109325,4.00776824927305,-5.53014922008488,-2.88304333545851,-0.228175202566974,0.0282886125154597,-2.83470825800935,-1.49785615221427,2.76728580471536,5.39370725304163,TRUE
"fixed_design","RQR",28,-0.899814471243043,-0.452112323123248,-0.657742125354105,-2.64321550698545,-0.152622347636689,-4.11388151999336,-0.122251100868202,-2.11806631043078,3.99163041912516,-5.49777453070454,-2.87016780879702,-0.222195850626183,0.0321729844918888,-2.81630536960428,-1.49015625808971,2.76037316813793,5.36951657123389,TRUE
"fixed_design","RQR",29,-0.896103896103896,-0.384677468770786,-0.652588969472086,-2.63910979951635,-0.14720271278074,-4.09257903171899,-0.117004724743824,-2.10479187823141,3.97557430697516,-5.46586118052109,-2.85670099492245,-0.216151046595533,0.0363703698547538,-2.79753254250602,-1.48164262455345,2.75271342448841,5.34322312153133,TRUE
"fixed_design","RQR",30,-0.89239332096475,-1.33284389003792,-0.647444074610785,-2.63501235306797,-0.141791338945508,-4.07136595090665,-0.111766038083591,-2.09156599449512,3.95959991282306,-5.43590160602471,-2.84655358849451,-0.210073673902229,0.0403907521200489,-2.77912180946837,-1.47343589605246,2.74523647926015,5.3158521761446,TRUE
"fixed_design","RQR",31,-0.888682745825603,-0.179005740592015,-0.642307440770203,-2.6309231676403,-0.136388226130995,-4.05024227755636,-0.106535040887502,-2.07838865922193,3.94370723666886,-5.40431928974232,-2.83469630755808,-0.204043275279141,0.0444400285008617,-2.76079688366837,-1.46417197356081,2.73835524858251,5.28897646940346,TRUE
"fixed_design","RQR",32,-0.884972170686456,-0.922675301309786,-0.637179067950338,-2.62684224323335,-0.1309933743372,-4.02920801166811,-0.101311733155557,-2.06525987241183,3.92789627851255,-5.37203635053254,-2.82304769278194,-0.197962615527932,0.0484927183501621,-2.74280478153367,-1.45613456979674,2.73108587666035,5.26333844685664,TRUE
"fixed_design","RQR",33,-0.88126159554731,-1.45300798949097,-0.632058956151191,-2.62276957984712,-0.125606783564123,-4.0082631532419,-0.0960961148877576,-2.05217963406483,3.91216703835414,-5.34244431823002,-2.81419776369,-0.191913489521225,0.0525615742363825,-2.72523546481357,-1.44768719727244,2.72342432947001,5.23699670075539,TRUE
"fixed_design","RQR",34,-0.877551020408163,-0.163645881731786,-0.626947105372761,-2.61870517748161,-0.120228453811763,-3.98740770227773,-0.0908881860841019,-2.03914794418092,3.89651951619363,-5.31278847901541,-2.8032993329387,-0.185861743390746,0.0566445824918274,-2.706759213334,-1.43974607458345,2.71581426385969,5.21101286115469,TRUE
"fixed_design","RQR",35,-0.873840445269017,-0.304448395814672,-0.62184351561505,-2.61464903613682,-0.114858385080121,-3.9666416587756,-0.085687946744591,-2.0261648027601,3.88095371203101,-5.28309087167617,-2.79142844949316,-0.179920948060379,0.0608902706400465,-2.689479660156,-1.43176182292212,2.70958786769922,5.18618657465648,TRUE
"fixed_design","RQR",36,-0.87012987012987,-0.191878700871621,-0.616748186878057,-2.61060115581274,-0.109496577369198,-3.94596502273552,-0.0804953968692243,-2.01323020980237,3.86546962586629,-5.25163173404225,-2.77921578797462,-0.173999730791992,0.0649170065582294,-2.67174475178588,-1.42255951294796,2.70488885707856,5.16061413426922,TRUE
"fixed_design","RQR",37,-0.866419294990724,-2.74406168728065,-0.611661119161782,-2.60656153650938,-0.104143030678992,-3.92537779415747,-0.0753105364580022,-2.00034416530774,3.85006725769947,-5.21999157954066,-2.76749780083105,-0.168168006199186,0.0690232958437204,-2.65434745877111,-1.41372437362075,2.69899599354545,5.13477319907057,TRUE
"fixed_design","RQR",38,-0.862708719851577,-0.126202001254088,-0.606582312466225,-2.60253017822674,-0.0987977450095049,-3.90487997304147,-0.0701333655109247,-1.9875066692762,3.83474660753054,-5.1899843949027,-2.75803207599425,-0.162352110857324,0.0732017193774144,-2.63695564080406,-1.40558243553886,2.69349501748293,5.11017105864545,TRUE
"fixed_design","RQR",39,-0.85899814471243,-1.08838141030905,-0.601511766791385,-2.59850708096482,-0.0934607203607351,-3.8844715593875,-0.0649638840279914,-1.97471772170775,3.81950767535951,-5.16004980699514,-2.74580491501034,-0.15642703804978,0.0774491125500579,-2.62011751833498,-1.39808762645798,2.68751569272986,5.08574915580979,TRUE
"fixed_design","RQR",40,-0.855287569573284,-0.451475609513188,-0.596449482137264,-2.59449224472362,-0.0881319567326834,-3.86415255319558,-0.0598020920092027,-1.96197732260239,3.80435046118638,-5.13080652374518,-2.73444110649592,-0.150569708871361,0.0815089350753974,-2.60256872243248,-1.3900577742513,2.67968390249071,5.06012565549168,TRUE
"fixed_design","RQR",41,-0.851576994434137,-0.133374329632262,-0.59139545850386,-2.59048566950313,-0.0828114541253496,-3.8439229544657,-0.0546479894545583,-1.94928547196013,3.78927496501114,-5.10117201782823,-2.72337663276053,-0.144720913072826,0.0857359159375658,-2.58450304596972,-1.3809698657726,2.67247718280932,5.03583178078871,TRUE
"fixed_design","RQR",42,-0.847866419294991,-0.0648533771356543,-0.586349695891175,-2.58648735530336,-0.0774992125387338,-3.82378276319786,-0.0495015763640586,-1.93664216978096,3.7742811868338,-5.07052914912067,-2.7117127581961,-0.138748489211058,0.089733039996118,-2.56666177954272,-1.37215233209322,2.66691407577587,5.01192469815327,TRUE
"fixed_design","RQR",43,-0.844155844155844,-0.715075069410529,-0.581312194299207,-2.58249730212431,-0.0721952319728358,-3.80373197939206,-0.0443628527377031,-1.92404741606488,3.75936912665436,-5.04168948619376,-2.701900226541,-0.132809547589034,0.0938994770385715,-2.54965473605705,-1.36374955043995,2.66182076705457,4.98814622926858,TRUE
"fixed_design","RQR",44,-0.840445269016698,-0.0309020474016888,-0.576282953727958,-2.57851550996598,-0.066899512427656,-3.7837706030483,-0.0392318185754923,-1.9115012108119,3.74453878447281,-5.01295663618635,-2.69197361556953,-0.127062490948861,0.0979044145353491,-2.53192226905096,-1.35622613686111,2.65562328056277,4.96542692837223,TRUE
"fixed_design","RQR",45,-0.836734693877551,-0.370775531015997,-0.571261974177426,-2.57454197882836,-0.061612053903194,-3.76389863416659,-0.034108473877426,-1.89900355402201,3.72979016028916,-4.9844033565423,-2.68049439994567,-0.121310028637203,0.10214418873393,-2.51565872683646,-1.34747919112512,2.6504489650471,4.94116238400754,TRUE
"fixed_design","RQR",46,-0.833024118738404,-0.0716200549977994,-0.566249255647612,-2.57057670871147,-0.0563328563994501,-3.74411607274691,-0.0289928186435039,-1.88655444569521,3.71512325410341,-4.95500972418247,-2.66792492520415,-0.115512881041916,0.106480815089095,-2.49828598392353,-1.33945711697196,2.6442636060228,4.91828343861192,TRUE
"fixed_design","RQR",47,-0.829313543599258,-0.143183419908424,-0.561244798138517,-2.56661969961529,-0.0510619199164239,-3.72442291878928,-0.0238848528737265,-1.8741538858315,3.70053806591555,-4.92742747515792,-2.65866461687928,-0.109612831142778,0.110675920274927,-2.48147744934845,-1.33132991283606,2.63828767138358,4.89605337448924,TRUE
"fixed_design","RQR",48,-0.825602968460111,-0.475433528776739,-0.556248601650139,-2.56267095153983,-0.0457992444541158,-3.70481917229368,-0.0187845765680933,-1.86180187443089,3.68603459572559,-4.89955561646516,-2.64695914043349,-0.103831590271215,0.115137539185107,-2.46439107886284,-1.32293728412232,2.6319776276378,4.87405586743588,TRUE
"fixed_design","RQR",49,-0.821892393320965,-0.992837796121122,-0.551260666182479,-2.55873046448509,-0.0405448300125256,-3.68530483326013,-0.0136919897266048,-1.84949841149337,3.67161284353353,-4.86981034634766,-2.63511139951992,-0.0980660440855721,0.119363162590521,-2.44729917614613,-1.31427964684158,2.62639556920837,4.85142003826375,TRUE
"fixed_design","RQR",50,-0.818181818181818,-1.81014617977783,-0.546280991735537,-2.55479823845106,-0.0352986765916533,-3.66587990168862,-0.0086070923492606,-1.83724349701894,3.65727280933936,-4.84116343386759,-2.62414808901276,-0.0923142813333256,0.123496696657473,-2.43082208988293,-1.30615103205483,2.61937175244228,4.82826162615275,TRUE
"fixed_design","RQR",51,-0.814471243042672,-0.029340768695642,-0.541309578309313,-2.55087427343775,-0.0300607841914993,-3.64654437757915,-0.00352988443606102,-1.82503713100761,3.64301449314309,-4.81372038017561,-2.61338366069358,-0.0866050166325757,0.127620797463657,-2.41412554239342,-1.29822818601873,2.61331274892965,4.80477998415944,TRUE
"fixed_design","RQR",52,-0.810760667903525,-1.7955120837409,-0.536346425903807,-2.54695856944516,-0.0248311528120629,-3.62729826093172,0.0015396340129941,-1.81287931345936,3.62883789494472,-4.78529353751065,-2.60192013874461,-0.0809107450656607,0.131501010866224,-2.39775290166341,-1.28991954405178,2.6073622110433,4.78074645068922,TRUE
"fixed_design","RQR",53,-0.807050092764378,-0.16975752873198,-0.531391534519019,-2.54305112647329,-0.0196097824533444,-3.60814155174634,0.00660146299790494,-1.80077004437422,3.61474301474424,-4.75676137591995,-2.59095447133196,-0.0754485336372912,0.135561455637257,-2.38093405953715,-1.28127533281038,2.60045893019416,4.75751080052599,TRUE
"fixed_design","RQR",54,-0.803339517625232,-0.335423682739811,-0.526444904154949,-2.53915194452214,-0.0143966731153441,-3.58907425002299,0.0116556025186711,-1.78870932375216,3.60072985254166,-4.72900858361637,-2.58036403397261,-0.0698548807458212,0.139738894614598,-2.36381121818515,-1.27331653312381,2.59364406924418,4.73698630190789,TRUE
"fixed_design","RQR",55,-0.799628942486085,-0.868534182042794,-0.521506534811597,-2.53526102359171,-0.00919182479806169,-3.57009635576168,0.0167020525752929,-1.7766971515932,3.58679840833698,-4.70155249655115,-2.5685865947334,-0.0643199470104209,0.14391317446323,-2.34799982670671,-1.26510049492737,2.58711133598357,4.71555807946474,TRUE
"fixed_design","RQR",56,-0.795918367346939,-0.602649779147075,-0.516576426488963,-2.53137836368199,-0.00399523750149722,-3.55120786896242,0.0217408131677703,-1.76473352789732,3.57294868213019,-4.67460858635928,-2.55809710265881,-0.0586076354329499,0.148238732452676,-2.33176786068731,-1.25762159300947,2.58094683252257,4.69306074999393,TRUE
"fixed_design","RQR",57,-0.792207792207792,-1.86611160806821,-0.511654579187047,-2.52750396479299,0.00119308877434954,-3.5324087896252,0.0267718842961033,-1.75281845266455,3.5591806739213,-4.64742611015108,-2.54575689129343,-0.0530501293377792,0.152453189618427,-2.31526760687528,-1.24927294016702,2.57319280128066,4.67152644460671,TRUE
"fixed_design","RQR",58,-0.788497217068646,-0.485827141365623,-0.506740992905848,-2.52363782692471,0.00637315402947802,-3.51369911775001,0.0317952659602916,-1.74095192589486,3.54549438371031,-4.6215097851416,-2.53519087620233,-0.0473990936135005,0.156659126665166,-2.2989992657257,-1.24142570479201,2.56790678270425,4.64777071583089,TRUE
"fixed_design","RQR",59,-0.784786641929499,-0.160008970222739,-0.501835667645368,-2.51977995007714,0.0115449582638886,-3.49507885333687,0.0368109581603355,-1.72913394758827,3.53188981149721,-4.5952296476051,-2.52324934397124,-0.0419731914618325,0.160846065251781,-2.28343829862689,-1.23316422404918,2.56286460377694,4.62615629829809,TRUE
"fixed_design","RQR",60,-0.781076066790352,-0.129916565596844,-0.496938603405606,-2.5159303342503,0.0167085014775813,-3.47654799638577,0.0418189608962351,-1.71736451774477,3.51836695728201,-4.56756449442392,-2.5106794044381,-0.036562503004032,0.164993717387094,-2.26731626793909,-1.22581292926709,2.55889361945625,4.60393283653868,TRUE
"fixed_design","RQR",61,-0.777365491651206,-1.30114346924366,-0.492049800186561,-2.51208897944417,0.021863783670556,-3.45810654689672,0.0468192741679901,-1.70564363636436,3.50492582106471,-4.54069250750238,-2.49790262163542,-0.0310932020123739,0.16911556231037,-2.25124364683489,-1.21794277863609,2.55326834345226,4.5823818322945,TRUE
"fixed_design","RQR",62,-0.773654916512059,-0.292863762242098,-0.487169257988235,-2.50825588565876,0.0270108048428128,-3.4397545048697,0.0518118979756006,-1.69397130344705,3.4915664028453,-4.51292943232366,-2.48640809267519,-0.0256037530861387,0.173575383903809,-2.23480741732463,-1.21009112129117,2.5470571546809,4.5601672289632,TRUE
"fixed_design","RQR",63,-0.769944341372913,-1.31997244322127,-0.482296976810626,-2.50443105289407,0.0321495649943518,-3.42149187030472,0.0567968323190668,-1.68234751899283,3.47828870262379,-4.48681543095823,-2.47456295424771,-0.0200111369701943,0.177567855476283,-2.21899575182043,-1.20238923229847,2.54122639915525,4.5375118869523,TRUE
"fixed_design","RQR",64,-0.766233766233766,-0.104726731262594,-0.477432956653736,-2.5006144811501,0.0372800641251726,-3.40331864320179,0.0617740771983884,-1.6707722830017,3.46509272040017,-4.46131166940888,-2.4644799472544,-0.0145813100426478,0.181848616797662,-2.20349971388384,-1.1947924851728,2.53547774699198,4.51718945856488,TRUE
"fixed_design","RQR",65,-0.76252319109462,-0.543601709015394,-0.472577197517563,-2.49680617042684,0.0424023022352755,-3.38523482356089,0.0667436326135657,-1.65924559547366,3.45197845617446,-4.4339685397324,-2.45344757430787,-0.00929193985834095,0.185984298526378,-2.18798546901507,-1.18689305615071,2.5298675459962,4.49531874246663,TRUE
"fixed_design","RQR",66,-0.758812615955473,-0.087860786355868,-0.467729699402109,-2.4930061207243,0.0475162793246604,-3.36724041138204,0.0717054985645983,-1.64776745640872,3.43894590994664,-4.40864418929047,-2.44180366839748,-0.00390345670923785,0.190062664061816,-2.17271315967396,-1.17954952449081,2.52136009552109,4.47408297921152,TRUE
"fixed_design","RQR",67,-0.755102040816326,0.037195414911438,-0.462890462307372,-2.48921433204248,0.0526219953933276,-3.34933540666523,0.0766596750514867,-1.63633786580687,3.42599508171671,-4.38253234654337,-2.43026182732142,0.00146186339405063,0.194227803861302,-2.15817037616437,-1.17199665127134,2.51537371755798,4.45328627137946,TRUE
"fixed_design","RQR",68,-0.75139146567718,-0.161941371119745,-0.458059486233353,-2.48543080438138,0.0577194504412767,-3.33151980941046,0.0816061620742304,-1.62495682366811,3.41312597148469,-4.35705692064883,-2.42105252804969,0.00678811060790667,0.198213408905508,-2.14241815974413,-1.16353412331986,2.50873323383962,4.43308327925261,TRUE
"fixed_design","RQR",69,-0.747680890538033,-0.229033597798957,-0.453236771180052,-2.481655537741,0.0628086444685077,-3.31379361961773,0.0865449596328297,-1.61362432999245,3.40033857925056,-4.33070638799363,-2.410286917752,0.0122880203753862,0.202204781323463,-2.12643548402319,-1.1555770163141,2.50225452079366,4.41312643252232,TRUE
"fixed_design","RQR",70,-0.743970315398887,-0.852850082307573,-0.44842231714747,-2.47788853212133,0.0678895774750209,-3.29615683728704,0.0914760677272846,-1.60234038477988,3.38763290501432,-4.30500505771371,-2.40016782372845,0.0176569445597407,0.206257849653533,-2.11165268872119,-1.14708601977663,2.49659726994421,4.39247976316426,TRUE
"fixed_design","RQR",71,-0.74025974025974,-1.033379501958,-0.443616124135605,-2.47412978752239,0.0729622494608163,-3.27860946241839,0.0963994863575952,-1.5911049880304,3.37500894877599,-4.28024379515732,-2.38799425718152,0.0229218374884891,0.210384077878902,-2.09660060467038,-1.13898188269256,2.49030228797099,4.37293576440424,TRUE
"fixed_design","RQR",72,-0.736549165120594,-1.40660644635305,-0.438818192144458,-2.47037930394416,0.0780266604258932,-3.26115149501179,0.101315215523761,-1.57991813974401,3.36246671053555,-4.25494525597936,-2.37575425644941,0.0283141253286834,0.214543892603903,-2.08120135700729,-1.13134067106351,2.48432842939071,4.35379777386831,TRUE
"fixed_design","RQR",73,-0.732838589981447,-0.296281930816652,-0.434028521174029,-2.46663708138664,0.0830828103702528,-3.24378293506722,0.106223255225782,-1.56877983992072,3.350006190293,-4.23013037318087,-2.36399375168994,0.0336121410881448,0.218717816166457,-2.06629116585728,-1.12300951712193,2.47750391174573,4.33351144266389,TRUE
"fixed_design","RQR",74,-0.7291280148423,-0.936276201562151,-0.429247111224318,-2.46290311984985,0.0881306992938941,-3.2265037825847,0.11112360546366,-1.55769008856052,3.33762738804835,-4.20470867369993,-2.3531572116845,0.0389273013578829,0.22285801543163,-2.05207202455155,-1.11528669817943,2.47089821515159,4.312755941956,TRUE
"fixed_design","RQR",75,-0.725417439703154,-0.145431387058489,-0.424473962295325,-2.45917741933377,0.0931703271968175,-3.20931403756421,0.116016266237392,-1.54664888566341,3.3253303038016,-4.17958225242305,-2.34345111987177,0.0441388961839816,0.227121423804473,-2.03724064730433,-1.10726893752295,2.46556444486144,4.29275169814841,TRUE
"fixed_design","RQR",76,-0.721706864564007,-0.402458646811903,-0.41970907438705,-2.45545997983842,0.0982016940790229,-3.19221370000577,0.12090123754698,-1.5356562312294,3.31311493755275,-4.15474179673246,-2.3315551860103,0.0493748497264469,0.231439543671077,-2.02244343884629,-1.09949191519254,2.45995213681563,4.27327993348773,TRUE
"fixed_design","RQR",77,-0.717996289424861,-0.534674971908519,-0.414952447499492,-2.45175080136378,0.103224799940511,-3.17520276990937,0.125778519392424,-1.52471212525847,3.30098128930179,-4.13096542124205,-2.3196106194746,0.0545833336125552,0.235729364738706,-2.00785695661734,-1.09139877385691,2.45290160544603,4.25306951749596,TRUE
"fixed_design","RQR",78,-0.714285714285714,-0.216814253267368,-0.410204081632653,-2.44804988390985,0.10823964478128,-3.15828124727501,0.130648111773723,-1.51381656775064,3.28892935904873,-4.10650759781253,-2.30794700624099,0.0599161166789888,0.239932298638875,-1.9929618620305,-1.08469284308112,2.44870033245518,4.23438616192775,TRUE
"fixed_design","RQR",79,-0.710575139146568,-0.743957162310353,-0.405463976786532,-2.44435722747665,0.113246228601332,-3.14144913210269,0.135510014690878,-1.50296955870591,3.27695914679357,-4.08255631005557,-2.29802937749817,0.0651447630059033,0.244145829129596,-1.97781600181009,-1.07650958231128,2.44375807626756,4.21469398254366,TRUE
"fixed_design","RQR",80,-0.706864564007421,-0.00165022474380427,-0.400732132961128,-2.44067283206416,0.118244551400665,-3.12470642439242,0.140364228143888,-1.49217109812426,3.2650706525363,-4.05913805032796,-2.28680822925058,0.0702216374467566,0.248468895482798,-1.96211352457831,-1.06887709538127,2.43700048043535,4.19465978727715,TRUE
"fixed_design","RQR",81,-0.703153988868275,-0.761581312290653,-0.396008550156443,-2.43699669767239,0.123234613179281,-3.10805312414418,0.145210752132754,-1.48142118600571,3.25326387627693,-4.03383040338604,-2.27783540031131,0.0753571580997561,0.252517560693216,-1.94788045018102,-1.0612746806797,2.43096469746639,4.175064840062,TRUE
"fixed_design","RQR",82,-0.699443413729128,0.0812864044033218,-0.391293228372476,-2.43332882430134,0.128216413937179,-3.09148923135798,0.150049586657475,-1.47071982235025,3.24153881801546,-4.00850647975132,-2.26753166417204,0.080575604278023,0.256715363375336,-1.9337514862201,-1.05356113063576,2.42618105768925,4.15671869289066,TRUE
"fixed_design","RQR",83,-0.695732838589981,0.0228856878632848,-0.386586167609226,-2.42966921195101,0.133189953674359,-3.07501474603383,0.154880731718052,-1.46006700715789,3.22989547775188,-3.98364558865684,-2.25645241341091,0.0856698990253894,0.261029924441678,-1.91956439154613,-1.04571829321073,2.42032239562016,4.13798588471514,TRUE
"fixed_design","RQR",84,-0.692022263450835,-0.45244135706665,-0.381887367866695,-2.4260178606214,0.138155232390821,-3.05862966817172,0.159704187314484,-1.44946274042862,3.2183338554862,-3.96040144016152,-2.24553644919185,0.0908245390303063,0.264993626080724,-1.90599246490565,-1.03848768626938,2.41403269067052,4.11800254427345,TRUE
"fixed_design","RQR",85,-0.688311688311688,0.0496125545169679,-0.377196829144881,-2.4223747703125,0.143112250086564,-3.04233399777165,0.164519953446772,-1.43890702216244,3.20685395121842,-3.93712585929961,-2.23602122612099,0.0960006543660232,0.269112430784325,-1.89098675807393,-1.03116253836734,2.40784570977391,4.09879018764453,TRUE
"fixed_design","RQR",86,-0.684601113172542,-0.00849935328419948,-0.372514551443786,-2.41873994102432,0.14806100676159,-3.02612773483361,0.169328030114916,-1.42839985235935,3.19545576494853,-3.91424938274156,-2.22626557092561,0.101213493041341,0.273171898705815,-1.87658636655381,-1.02401723226133,2.40367662129875,4.08056282349568,TRUE
"fixed_design","RQR",87,-0.680890538033395,0.00842528136428794,-0.367840534763408,-2.41511337275686,0.153001502415898,-3.01001087935763,0.174128417318915,-1.41794123101936,3.18413929667654,-3.8911797638289,-2.21506258385159,0.10629210306874,0.277245449805781,-1.86216413925747,-1.01628431482505,2.39778977498819,4.06213336018525,TRUE
"fixed_design","RQR",88,-0.677179962894249,-0.0626769062965701,-0.363174779103748,-2.41149506551012,0.157933737049488,-2.99398343134368,0.178921115058769,-1.40753115814245,3.17290454640245,-3.86865823755701,-2.20545147667095,0.11134034360056,0.281326064172379,-1.84854388785336,-1.00860897715687,2.39217431653011,4.04477654477255,TRUE
"fixed_design","RQR",89,-0.673469387755102,-0.865188033756317,-0.358517284464806,-2.40788501928409,0.16285771066236,-2.97804539079177,0.183706123334479,-1.39716963372864,3.16175151412625,-3.84643056333949,-2.19570753106006,0.116420390140215,0.28521074082897,-1.83435153981718,-1.00101086188919,2.38539639776566,4.02748162066376,TRUE
"fixed_design","RQR",90,-0.669758812615955,0.0801894557410325,-0.353868050846583,-2.40428323407879,0.167773423254515,-2.9621967577019,0.188483442146045,-1.38685665777793,3.15068019984795,-3.82344092463788,-2.18432432928364,0.121540195293108,0.289424309482066,-1.82114737080914,-0.993436888328543,2.3785578467706,4.00989063845242,TRUE
"fixed_design","RQR",91,-0.666048237476809,-0.161155707271541,-0.349227078249077,-2.4006897098942,0.172680874825951,-2.94643753207408,0.193253071493466,-1.37659223029031,3.13969060356754,-3.80101081619174,-2.17458552432116,0.126545486519609,0.293465330374186,-1.80702401738019,-0.986727320135155,2.37251356403723,3.99329937358141,TRUE
"fixed_design","RQR",92,-0.662337662337662,-2.8235069198183,-0.344594366672289,-2.39710444673033,0.177580065376669,-2.93076771390829,0.198015011376743,-1.36637635126578,3.12878272528504,-3.78083360905041,-2.16289928129564,0.131661175137667,0.297656471643787,-1.79301699256858,-0.97907081872007,2.36583924752718,3.97623838065099,TRUE
"fixed_design","RQR",93,-0.658627087198516,-3.69111169945228,-0.339969916116219,-2.39352744458717,0.182470994906669,-2.91518730320455,0.202769261795875,-1.35620902070434,3.11795656500043,-3.75889394428732,-2.15111025191421,0.136607798954188,0.301788684175897,-1.7790511751709,-0.97093841447882,2.36085390115207,3.95833672453592,TRUE
"fixed_design","RQR",94,-0.654916512059369,0.156513109860471,-0.335353726580867,-2.38995870346474,0.187353663415952,-2.89969629996285,0.207515822750863,-1.34609023860599,3.10721212271371,-3.73744308599401,-2.14011443845213,0.141571062939327,0.30604150262191,-1.76550599820535,-0.963811495214704,2.35464840834761,3.94114697695122,TRUE
"fixed_design","RQR",95,-0.651205936920223,-0.432920921053144,-0.330745798066233,-2.38639822336302,0.192228070904516,-2.88429470418319,0.212254694241706,-1.33602000497074,3.0965493984249,-3.71476665452238,-2.13050063640855,0.146517077845852,0.310284257548567,-1.75218876239525,-0.956605657541507,2.3487841794152,3.92464630825882,TRUE
"fixed_design","RQR",96,-0.647495361781076,0.173672780526284,-0.326146130572317,-2.38284600428202,0.197094217372363,-2.86898251586557,0.216985876268405,-1.32599831979858,3.08596839213398,-3.69219203780359,-2.11964162225953,0.151527876140497,0.314336358183937,-1.73940919246542,-0.949499868002157,2.34435059199662,3.90711839059439,TRUE
"fixed_design","RQR",97,-0.64378478664193,-0.258421819035128,-0.321554724099118,-2.37930204622174,0.201952102819491,-2.85375973500999,0.22170936883096,-1.31602518308952,3.07546910384095,-3.67152548459417,-2.10995714734079,0.156484825643693,0.318308675253128,-1.7261566086617,-0.941444053466977,2.33951373206025,3.89214250426566,TRUE
"fixed_design","RQR",98,-0.640074211502783,-0.831942990838672,-0.316971578646638,-2.37576634918218,0.206801727245902,-2.83862636161646,0.22642517192937,-1.30610059484354,3.06505153354582,-3.64988865955767,-2.09962192616234,0.161365262718664,0.322366638556112,-1.71390216412306,-0.933517722893136,2.33454184323735,3.876866644693,TRUE
"fixed_design","RQR",99,-0.636363636363636,0.217920184334684,-0.312396694214876,-2.37223891316333,0.211643090651594,-2.82358239568496,0.231133285563635,-1.29622455506066,3.05471568124859,-3.62877546653988,-2.08895342969777,0.166218888284493,0.326457493557754,-1.70078889004943,-0.925731896749615,2.32791998293554,3.85980169137543,TRUE
"fixed_design","RQR",100,-0.63265306122449,0.230543246984653,-0.307830070803832,-2.36871973816521,0.216476193036569,-2.8086278372155,0.235833709733756,-1.28639706374087,3.04446154694926,-3.60755163084387,-2.08104110272143,0.171174961864551,0.330542545376727,-1.68822033974828,-0.917905103757276,2.32228050502899,3.8442718180101,TRUE
"fixed_design","RQR",101,-0.628942486085343,0.210661141510678,-0.303271708413505,-2.3652088241878,0.221301034400826,-2.79376268620809,0.240526444439733,-1.27661812088418,3.03428913064782,-3.58534923063488,-2.07165623500271,0.176095916994511,0.334577075920896,-1.67567249587394,-0.910376228562653,2.31651774056557,3.82842371588732,TRUE
"fixed_design","RQR",102,-0.625231910946197,-0.255215656208814,-0.298721607043897,-2.36170617123111,0.226117614744364,-2.77898694266272,0.245211489681565,-1.26688772649058,3.02419843234428,-3.56473864901176,-2.06204646842192,0.180924411221614,0.338671650400294,-1.66318600349162,-0.902896275237334,2.31095550000551,3.81337179041594,TRUE
"fixed_design","RQR",103,-0.62152133580705,-0.233382124686618,-0.294179766695007,-2.35821177929513,0.230925934067185,-2.76430060657939,0.249888845459252,-1.25720588056007,3.01418945203864,-3.54430457843219,-2.05279019530059,0.185777901046058,0.342789343618293,-1.65087475578824,-0.895505694312587,2.30623773297729,3.79801140716298,TRUE
"fixed_design","RQR",104,-0.617810760667904,0.257546516888367,-0.289646187366834,-2.35472564837988,0.235725992369288,-2.7497036779581,0.254558511772795,-1.24757258309265,3.00426218973089,-3.52456535026063,-2.04236078165118,0.190611950877859,0.346806885211698,-1.63881111681699,-0.887748035221792,2.30153495478784,3.78328293688275,TRUE
"fixed_design","RQR",105,-0.614100185528757,-0.369191804309001,-0.285120869059379,-2.35124777848534,0.240517789650673,-2.73519615679885,0.259220488622194,-1.23798783408833,2.99441664542104,-3.50490411487421,-2.03267128076462,0.195613936570464,0.350895476481725,-1.62673188214064,-0.880640980011864,2.29721876435552,3.76761010768161,TRUE
"fixed_design","RQR",106,-0.61038961038961,0.0863782211445123,-0.280603811772643,-2.34777816961152,0.24530132591134,-2.72077804310164,0.263874776007448,-1.22845163354709,2.98465281910909,-3.48499369297971,-2.02229085586415,0.200393241006573,0.355132631487341,-1.6137131884387,-0.873191538287045,2.29098282058126,3.75259386778312,TRUE
"fixed_design","RQR",107,-0.606679035250464,0.257444924107476,-0.276095015506624,-2.34431682175842,0.250076601151288,-2.70644933686647,0.268521373928558,-1.21896398146896,2.97497071079503,-3.46530698160222,-2.01327033051114,0.205214235947414,0.359345982459092,-1.60169354586349,-0.866802435208864,2.28434177751184,3.73583172011047,TRUE
"fixed_design","RQR",108,-0.602968460111317,0.0299181165796616,-0.271594480261324,-2.34086373492603,0.25484361537052,-2.69221003809335,0.273160282385524,-1.20952487785391,2.96537032047887,-3.44583813957586,-2.00327777979202,0.210036649636578,0.363558585742605,-1.58982351642887,-0.859848612028504,2.27815045086531,3.7198708583355,TRUE
"fixed_design","RQR",109,-0.599257884972171,0.21046529666892,-0.267102206036741,-2.33741890911437,0.259602368569033,-2.67806014678226,0.277791501378344,-1.20013432270196,2.95585164816061,-3.4270599899302,-1.99337290605762,0.214942474040729,0.3678344639405,-1.57816897415255,-0.851916923358311,2.27131482309463,3.70562292481058,TRUE
"fixed_design","RQR",110,-0.595547309833024,0.277551497466695,-0.262618192832876,-2.33398234432342,0.264352860746828,-2.66399966293322,0.282415030907021,-1.1907923160131,2.94641469384024,-3.40873542813353,-1.98341716073942,0.219706226958494,0.372125265893534,-1.56642438210395,-0.84503313344691,2.26672381822264,3.69120258990362,TRUE
"fixed_design","RQR",111,-0.591836734693878,-0.549708175943117,-0.258142440649729,-2.33055404055319,0.269095091903905,-2.65002858654621,0.287030870971553,-1.18149885778733,2.93705945751777,-3.38987201126823,-1.97352350147227,0.224487440846206,0.376193598885009,-1.55443603136885,-0.838135604004175,2.26312050397019,3.67634479821162,TRUE
"fixed_design","RQR",112,-0.588126159554731,-0.0520071514752654,-0.2536749494873,-2.32713399780368,0.273829062040264,-2.63614691762125,0.29163902157194,-1.17225394802466,2.92778593919319,-3.37234772949383,-1.96356775295198,0.229244988536508,0.38038475451925,-1.54225110013637,-0.831309974695588,2.25838619180925,3.66354405085164,TRUE
"fixed_design","RQR",113,-0.584415584415584,0.181338640823955,-0.249215719345589,-2.32372221607489,0.278554771155905,-2.62235465615833,0.296239482708183,-1.16305758672507,2.91859413886652,-3.35451801169627,-1.95350729220026,0.233895511282108,0.384631961362184,-1.53040710377485,-0.824999896549811,2.25392490063095,3.64994924923288,TRUE
"fixed_design","RQR",114,-0.580705009276438,0.29373662838848,-0.244764750224597,-2.32031869536681,0.283272219250829,-2.60865180215745,0.300832254380282,-1.15390977388859,2.90948405653774,-3.33627942080953,-1.94382556913344,0.238776636765373,0.388728421200657,-1.51890589107797,-0.818141278249792,2.24782696724758,3.63612209924982,TRUE
"fixed_design","RQR",115,-0.576994434137291,-2.500119283652,-0.240322042124321,-2.31692343567945,0.287981406325034,-2.59503835561862,0.305417336588236,-1.14481050951519,2.90045569220685,-3.31879376150514,-1.93525198818209,0.243475322009376,0.392754971634077,-1.50811287808501,-0.811022137447293,2.24284158406349,3.62241161334873,TRUE
"fixed_design","RQR",116,-0.573283858998145,0.0406626567816774,-0.235887595044764,-2.31353643701281,0.292682332378521,-2.58151431654182,0.309994729332045,-1.13575979360489,2.89150904587386,-3.3006786539897,-1.925372670399,0.248127398020856,0.396788299005095,-1.49660131269391,-0.803703943892277,2.23872516818629,3.61016461273569,TRUE
"fixed_design","RQR",117,-0.569573283858998,-0.332065938565126,-0.231461408985925,-2.31015769936689,0.297374997411291,-2.56807968492706,0.314564432611711,-1.12675762615768,2.88264411753877,-3.28305981999374,-1.91589317345966,0.252816710029031,0.401085541605223,-1.48568433100923,-0.796562488567929,2.23290885065219,3.59685897224032,TRUE
"fixed_design","RQR",118,-0.565862708719852,-1.05878759535026,-0.227043483947804,-2.30678722274169,0.302059401423342,-2.55473446077435,0.319126446427231,-1.11780400717356,2.87386090720158,-3.2657737958639,-1.90699240519984,0.257354268460458,0.405472368356562,-1.47492992994269,-0.789934633369597,2.22778474097271,3.58384459750735,TRUE
"fixed_design","RQR",119,-0.562152133580705,-1.54237769621307,-0.222633819930401,-2.3034250071372,0.306735544414676,-2.54147864408367,0.323680770778608,-1.10889893665253,2.86515941486228,-3.24813850010042,-1.89714170351802,0.262058986326029,0.409936541843846,-1.46432662307927,-0.782950060459605,2.22189039334343,3.57184022444596,TRUE
"fixed_design","RQR",120,-0.558441558441559,-0.815754138701212,-0.218232416933716,-2.30007105255343,0.311403426385292,-2.52831223485504,0.328227405665839,-1.1000424145946,2.85653964052088,-3.23090902728614,-1.88752921736454,0.266723632853641,0.414207539057718,-1.45356152841081,-0.776145755789438,2.21659878471159,3.55856673790604,TRUE
"fixed_design","RQR",121,-0.554730983302412,0.18730585216712,-0.213839274957748,-2.29672535899038,0.316063047335189,-2.51523523308845,0.332766351088927,-1.09123444099976,2.84800158417738,-3.21248474241727,-1.87835537263545,0.271253176914883,0.418170460882272,-1.44229912651308,-0.769148913332728,2.21167613871434,3.54604911657453,TRUE
"fixed_design","RQR",122,-0.551020408163265,-1.01799364204542,-0.209454394002499,-2.29338792644805,0.320714407264369,-2.5022476387839,0.33729760704787,-1.08247501586802,2.83954524583177,-3.19610045029522,-1.86931727223394,0.275858446274653,0.422266384760783,-1.43169157714885,-0.762585154246407,2.2061914966123,3.53368518405107,TRUE
"fixed_design","RQR",123,-0.547309833024119,-1.29835492514334,-0.205077774067968,-2.29005875492643,0.325357506172831,-2.48934945194139,0.341821173542668,-1.07376413919936,2.83117062548406,-3.17985960033117,-1.85898657946903,0.280522204921938,0.426509236041609,-1.42117806199883,-0.75541306031222,2.20134501202256,3.52241858648133,TRUE
"fixed_design","RQR",124,-0.543599257884972,0.16395885088446,-0.200709415154154,-2.28673784442554,0.329992344060574,-2.47654067256092,0.346337050573322,-1.0651018109938,2.82287772313425,-3.16460551415088,-1.8496192874157,0.285109332463118,0.430871441549701,-1.41054683201948,-0.749102273186343,2.19717313088444,3.51187052697917,TRUE
"fixed_design","RQR",125,-0.539888682745826,0.273856327778289,-0.196349317261059,-2.28342519494536,0.3346189209276,-2.4638213006425,0.350845238139831,-1.05648803125133,2.81466653878233,-3.14918568387697,-1.84253851007035,0.289716268035423,0.435019298798579,-1.39957679023812,-0.742648961364086,2.1921930020933,3.50089575289888,TRUE
"fixed_design","RQR",126,-0.536178107606679,-0.00267976645666815,-0.191997480388681,-2.2801208064859,0.339237236773908,-2.45119133618611,0.355345736242196,-1.04792279997196,2.80653707242831,-3.1324596432611,-1.8329694668548,0.294351502324213,0.439306874789611,-1.38927117190781,-0.735002290997815,2.18574965901641,3.48876249719359,TRUE
"fixed_design","RQR",127,-0.532467532467533,0.332227141088702,-0.187653904537022,-2.27682467904716,0.343847291599498,-2.43865077919177,0.359838544880417,-1.03940611715567,2.79848932407218,-3.11584773088539,-1.82410288621864,0.298890783035535,0.443765155628115,-1.37860494613516,-0.728125931547585,2.18106071312914,3.47836013068121,TRUE
"fixed_design","RQR",128,-0.528756957328386,-0.350962347723765,-0.18331858970608,-2.27353681262913,0.34844908540437,-2.42619962965946,0.364323664054493,-1.03093798280248,2.79052329371396,-3.09936921210075,-1.81590970258825,0.303350951968849,0.448054972485421,-1.36832184158455,-0.721402025656721,2.17726664883524,3.46753970477128,TRUE
"fixed_design","RQR",129,-0.525046382189239,-0.0370750395249074,-0.178991535895856,-2.27025720723183,0.353042618188524,-2.4138378875892,0.368801093764425,-1.02251839691239,2.78263898135362,-3.08265589584921,-1.80692003385948,0.308110802340932,0.452213840567388,-1.35821777059864,-0.714998616013731,2.17324695731487,3.45547292825034,TRUE
"fixed_design","RQR",130,-0.521335807050093,0.00604252679656811,-0.17467274310635,-2.26698586285524,0.35762788995196,-2.40156555298098,0.373270834010212,-1.01414735948538,2.77483638699119,-3.06771104401842,-1.79752690278719,0.312670445259511,0.456456200832275,-1.34828576706903,-0.708514303211885,2.16893889434135,3.4453444401745,TRUE
"fixed_design","RQR",131,-0.517625231910946,-0.873025900730513,-0.170362211337563,-2.26372277949937,0.362204900694678,-2.3893826258348,0.377732884791854,-1.00582487052147,2.76711551062665,-3.053960519855,-1.78939259735183,0.317161419114289,0.460711752000392,-1.33852730059514,-0.702178938403742,2.16458820221851,3.43335433320085,TRUE
"fixed_design","RQR",132,-0.5139146567718,-0.512178847630819,-0.166059940589493,-2.26046795716421,0.366773650416679,-2.37728910615066,0.382187246109353,-0.997550930020654,2.75947635226001,-3.03989565180486,-1.78022514872635,0.32163508779026,0.46502627762945,-1.32830719848808,-0.695669649423989,2.16057306477699,3.42226120244877,TRUE
"fixed_design","RQR",133,-0.510204081632653,-0.102003242956076,-0.161765930862141,-2.25722139584978,0.371334139117961,-2.36528499392856,0.386633917962706,-0.989325537982928,2.75191891189127,-3.02544227286109,-1.77183667598079,0.326084377715714,0.469500470778763,-1.31881087170323,-0.688947428469638,2.15706581682206,3.41271085629995,TRUE
"fixed_design","RQR",134,-0.506493506493507,0.101890193197231,-0.157480182155507,-2.25398309555606,0.375886366798525,-2.35337028916851,0.391072900351916,-0.981148694408295,2.74444318952042,-3.01114989403152,-1.76235683673054,0.330481872839629,0.473573808017562,-1.30962854805764,-0.682807346569191,2.15226025603118,3.40333288644462,TRUE
"fixed_design","RQR",135,-0.50278293135436,-0.311491733866318,-0.153202694469591,-2.25075305628306,0.380430333458371,-2.34154499187049,0.395504193276981,-0.973020399296755,2.73704918514747,-2.99626424954926,-1.7537037826849,0.334915412296385,0.478054973716573,-1.30015306307015,-0.676211980421629,2.14789896582435,3.39216282480421,TRUE
"fixed_design","RQR",136,-0.499072356215213,-0.241967621591332,-0.148933467804393,-2.24753127803078,0.3849660390975,-2.32980910203452,0.399927796737901,-0.964940652648307,2.72973689877242,-2.98089325003064,-1.74620726298516,0.339390752034633,0.482532786843664,-1.29094827173146,-0.669805711076213,2.14374709638308,3.38228394703807,TRUE
"fixed_design","RQR",137,-0.495361781076067,-0.627614527149149,-0.144672502159913,-2.24431776079922,0.38949348371591,-2.31816261966058,0.404343710734677,-0.956909454462953,2.72250633039526,-2.96721722476119,-1.73716462892387,0.343837662589257,0.486805469598585,-1.28134305416141,-0.663472828461419,2.13981241962777,3.37116726161457,TRUE
"fixed_design","RQR",138,-0.49165120593692,-1.10108510079549,-0.140419797536151,-2.24111250458837,0.394012667313603,-2.30660554474869,0.408751935267308,-0.948926804740691,2.715357480016,-2.95335453273781,-1.72819867244837,0.348197555829326,0.491024670458048,-1.27225144350077,-0.656793400087957,2.13613562500611,3.36103859707981,TRUE
"fixed_design","RQR",139,-0.487940630797774,0.244561578948307,-0.136175353933106,-2.23791550939825,0.398523589890577,-2.29513787729884,0.413152470335795,-0.940992703481522,2.70829034763463,-2.93809608033698,-1.71969929014686,0.352715135773633,0.495360186525716,-1.26296933569614,-0.650423039665318,2.13206536770734,3.35215961497165,TRUE
"fixed_design","RQR",140,-0.484230055658627,0.00391639907447039,-0.13193917135078,-2.23472677522884,0.403026251446834,-2.28375961731103,0.417545315940138,-0.933107150685445,2.70130493325117,-2.92396843001334,-1.71134603243363,0.357062455408068,0.499685049154637,-1.2539922996259,-0.644330690236856,2.12794227944959,3.34077432201847,TRUE
"fixed_design","RQR",141,-0.48051948051948,-0.0288457233053281,-0.127711249789172,-2.23154630208015,0.407520651982373,-2.27247076478526,0.421930472080336,-0.925270146352462,2.6944012368656,-2.90839794383608,-1.703119866965,0.361412675345618,0.504058086694276,-1.24479326642192,-0.637335308166895,2.1237919959968,3.33113354612408,TRUE
"fixed_design","RQR",142,-0.476808905380334,-0.200437659714772,-0.123491589248282,-2.22837408995217,0.412006791497193,-2.26127131972153,0.42630793875639,-0.917481690482571,2.68757925847792,-2.89415284917931,-1.69420276289152,0.365786095570166,0.508045355866144,-1.23556572097937,-0.631394895980916,2.12003695999732,3.32271546974794,TRUE
"fixed_design","RQR",143,-0.473098330241187,0.363372473375353,-0.119280189728109,-2.22521013884492,0.416484669991296,-2.25016128211985,0.430677715968299,-0.909741783075773,2.68083899808814,-2.88147317269945,-1.68555078332626,0.370170835876672,0.512032766696536,-1.22726620523933,-0.624780994307556,2.11595269055496,3.31288080897979,TRUE
"fixed_design","RQR",144,-0.469387755102041,-0.159704263873109,-0.115077051228655,-2.22205444875838,0.420954287464681,-2.2391406519802,0.435039803716063,-0.902050424132068,2.67418045569626,-2.86892051547973,-1.6771289721792,0.374525930903733,0.516406646743794,-1.21836985963347,-0.618469121187163,2.11195998335542,3.30434263680909,TRUE
"fixed_design","RQR",145,-0.465677179962894,0.341832763286943,-0.110882173749918,-2.21890701969256,0.425415643917347,-2.2282094293026,0.439394201999684,-0.894407613651456,2.66760363130228,-2.85652456661628,-1.66791579360566,0.378900388578715,0.520503981493927,-1.20909561647005,-0.611825070104388,2.10773729122574,3.29511480264646,TRUE
"fixed_design","RQR",146,-0.461966604823748,0.257853672987308,-0.1066955572919,-2.21576785164746,0.429868739349296,-2.21736761408703,0.443740910819159,-0.886813351633936,2.66110852490619,-2.84335749904278,-1.65931026165027,0.383348498939582,0.524650268209385,-1.20066884476966,-0.605040374863858,2.10386507131901,3.28705570367541,TRUE
"fixed_design","RQR",147,-0.458256029684601,0.211321776387529,-0.102517201854599,-2.21263694462307,0.434313573760527,-2.20661520633351,0.448079930174491,-0.87926763807951,2.654695136508,-2.83008665386789,-1.6520818626091,0.387667804000625,0.529051600692502,-1.19166386322715,-0.59839625041548,2.09959622165504,3.27799754709338,TRUE
"fixed_design","RQR",148,-0.454545454545455,-0.0866117384040506,-0.0983471074380166,-2.20951429861941,0.43875014715104,-2.19595220604203,0.452411260065677,-0.871770472988176,2.64836346610771,-2.81757066778915,-1.64374907716768,0.392119337171991,0.533440446577266,-1.18340821214025,-0.591915979680775,2.09562969718706,3.2695409050913,TRUE
"fixed_design","RQR",149,-0.450834879406308,0.255720379857353,-0.0941852740421518,-2.20639991363646,0.443178459520835,-2.18537861321259,0.45673490049272,-0.864321856359935,2.64211351370531,-2.80591995224745,-1.63503816863661,0.396354802298611,0.537625173542801,-1.1748566321954,-0.585928448163588,2.09106465637789,3.26211251646614,TRUE
"fixed_design","RQR",150,-0.447124304267161,0.00375214565757698,-0.0900317016670052,-2.20329378967423,0.447598510869912,-2.17489442784519,0.461050851455618,-0.856921788194786,2.63594527930081,-2.7934286189416,-1.62685100952217,0.400540711593925,0.542053691174774,-1.16689515174505,-0.579470411726989,2.08560025144101,3.25435454220644,TRUE
"fixed_design","RQR",151,-0.443413729128015,-0.384425858635113,-0.0858863903125763,-2.20019592673272,0.452010301198271,-2.16449964993983,0.465359112954371,-0.849570268492731,2.6298587628942,-2.78020455953343,-1.61817279078523,0.404840147628972,0.546173734242809,-1.15848198569055,-0.573175197935005,2.08206262080301,3.2461698593208,TRUE
"fixed_design","RQR",152,-0.439703153988868,0.14850079543919,-0.0817493399788655,-2.19710632481193,0.456413830505912,-2.15419427949652,0.46965968498898,-0.842267297253768,2.6238539644855,-2.76730004373144,-1.61050495318318,0.408984730163962,0.550697323193356,-1.15056848002495,-0.567197402880299,2.07729196268031,3.23902497686862,TRUE
"fixed_design","RQR",153,-0.435992578849722,-0.326651916659017,-0.0776205506658726,-2.19402498391185,0.460809098792836,-2.14397831651524,0.473952567559445,-0.835012874477898,2.61793088407469,-2.7554252598534,-1.60173538663348,0.413249174444882,0.554809204257659,-1.14278604978761,-0.560538646295563,2.07268788943551,3.2308337494881,TRUE
"fixed_design","RQR",154,-0.432282003710575,0.390624109074117,-0.0735000223735978,-2.19095190403249,0.465196106059041,-2.13385176099601,0.478237760665765,-0.827807000165121,2.61208952166177,-2.74263918192973,-1.59391383349097,0.417498816437429,0.558973023056142,-1.13447026769166,-0.553862067653225,2.0679612585056,3.22358207422704,TRUE
"fixed_design","RQR",155,-0.428571428571429,-0.461928676838271,-0.0693877551020409,-2.18788708517385,0.469574852304528,-2.12381461293881,0.48251526430794,-0.820649674315436,2.60632987724675,-2.73108944680463,-1.58508558704773,0.42177354351236,0.563324856524692,-1.12646510513841,-0.547571788801783,2.06469630862973,3.21638397047361,TRUE
"fixed_design","RQR",156,-0.424860853432282,0.373875931367877,-0.0652837488512018,-2.18483052733593,0.473945337529298,-2.11386687234366,0.486785078485972,-0.813540896928845,2.60065195082963,-2.72013370934536,-1.57612466663961,0.426005441487506,0.567862627650469,-1.11906103675888,-0.541687085221053,2.06044948342413,3.20981747760394,TRUE
"fixed_design","RQR",157,-0.421150278293135,-0.19156594859185,-0.0611880036210808,-2.18178223051873,0.478307561733349,-2.10400853921055,0.491047203199858,-0.806480668005346,2.59505574241041,-2.70805381143864,-1.5674632671514,0.43024967641124,0.572213561538833,-1.11148729289174,-0.535284381306026,2.05634748476527,3.20287811258365,TRUE
"fixed_design","RQR",158,-0.417439703153989,0.257924628529424,-0.0571005194116776,-2.17874219472224,0.482661524916682,-2.09423961353948,0.495301638449601,-0.79946898754494,2.58954125198908,-2.69842673331598,-1.55897702456843,0.434512058377357,0.576360229271351,-1.10385254055376,-0.528703905295087,2.05194764756935,3.19648412627563,TRUE
"fixed_design","RQR",159,-0.413729128014842,0.409588314794373,-0.0530212962229925,-2.17571041994647,0.487007227079298,-2.08456009533045,0.499548384235198,-0.792505855547627,2.58410847956565,-2.68763638964983,-1.55056087922013,0.438760150321075,0.580528325596336,-1.09613184613199,-0.522646590155358,2.04696276797856,3.18986554713766,TRUE
"fixed_design","RQR",160,-0.410018552875696,-0.462810137602898,-0.0489503340550254,-2.17268690619142,0.491344668221195,-2.07496998458346,0.503787440556651,-0.785591272013406,2.57875742514012,-2.67778114565338,-1.54173370633667,0.442918431105202,0.584895830362563,-1.08976152447379,-0.516539001732493,2.04399031144594,3.18459403438292,TRUE
"fixed_design","RQR",161,-0.406307977736549,-0.917361684851,-0.044887632907776,-2.16967165345709,0.495673848342375,-2.06546928129852,0.50801880741396,-0.778725236942278,2.57348808871248,-2.66826414548138,-1.53332153827746,0.447071344835042,0.589166675167691,-1.08243090862813,-0.510353932384634,2.03961027313425,3.17737705318213,TRUE
"fixed_design","RQR",162,-0.402597402597403,0.411651827132805,-0.0408331927812448,-2.16666466174348,0.499994767442837,-2.05605798547561,0.512242484807125,-0.771907750334244,2.56830047028274,-2.65880933269443,-1.52523990000208,0.451250079481465,0.593440686470441,-1.07418845891175,-0.504171390184118,2.03536897137404,3.1710026132628,TRUE
"fixed_design","RQR",163,-0.398886827458256,0.456038415703127,-0.0367870136754313,-2.16366593105058,0.50430742552258,-2.04673609711475,0.516458472736145,-0.765138812189301,2.56319456985089,-2.64885329747036,-1.5178442373564,0.455402477002045,0.597452107024308,-1.06637125752317,-0.497871383404619,2.0306241606124,3.1634307904494,TRUE
"fixed_design","RQR",164,-0.395176252319109,0.249591074303744,-0.032749095590336,-2.1606754613784,0.508611822581606,-2.03750361621592,0.52066677120102,-0.758418422507452,2.55817038741694,-2.63813875671089,-1.51006190872705,0.459566704760292,0.601498772596011,-1.05964392093543,-0.491563037163799,2.02829546903271,3.15836058218337,TRUE
"fixed_design","RQR",165,-0.391465677179963,0.36874746953257,-0.0287194385259585,-2.15769325272694,0.512907958619914,-2.02836054277914,0.524867380201751,-0.751746581288696,2.55322792298089,-2.62759778363847,-1.50176263386592,0.463753628634739,0.605646668756637,-1.05276393829057,-0.485996827756297,2.0251225760702,3.15257462692042,TRUE
"fixed_design","RQR",166,-0.387755102040816,0.1625761045921,-0.024698042482299,-2.1547193050962,0.517195833637504,-2.0193068768044,0.529060299738338,-0.745123288533032,2.54836717654274,-2.61653591361663,-1.49342822864881,0.467810357644519,0.609765281311234,-1.04479756613749,-0.479251182725127,2.02161446014872,3.14656046018541,TRUE
"fixed_design","RQR",167,-0.38404452690167,0.341775840348579,-0.0206849074593576,-2.15175361848617,0.521475447634375,-2.0103426182917,0.53324552981078,-0.738548544240461,2.54358814810248,-2.60670116522495,-1.48617837821493,0.471913865832213,0.614007483658639,-1.03720046393455,-0.473808137873518,2.01799965535192,3.14046100082187,TRUE
"fixed_design","RQR",168,-0.380333951762523,0.531158659396445,-0.0166800334571339,-2.14879619289687,0.525746800610529,-2.00146776724104,0.537423070419077,-0.732022348410983,2.53889083766012,-2.59737456580368,-1.47862935157579,0.476024052905061,0.617892155781419,-1.0304368758361,-0.46780420966032,2.01383045054506,3.13593487895274,TRUE
"fixed_design","RQR",169,-0.376623376623377,-0.190526229135593,-0.0126834204756283,-2.14584702832828,0.530009892565965,-1.99268232365243,0.54159292156323,-0.725544701044598,2.53427524521566,-2.58576445695812,-1.47078701124514,0.480111260841163,0.622135011403366,-1.02341887936304,-0.461991639229687,2.01027141228534,3.13157062619593,TRUE
"fixed_design","RQR",170,-0.37291280148423,0.389244753031186,-0.00869506851484052,-2.14290612478041,0.534264723500684,-1.98398628752585,0.545755083243239,-0.719115602141305,2.52974137076909,-2.57575179249928,-1.4626812059875,0.484182994180926,0.626459794037878,-1.01677520565307,-0.455930457914574,2.0068850960972,3.12575587837747,TRUE
"fixed_design","RQR",171,-0.369202226345083,0.345459728031559,-0.00471497757477087,-2.13997348225326,0.538511293414684,-1.97537965886131,0.549909555459103,-0.712735051701105,2.52528921432042,-2.56748290294116,-1.45646747805197,0.488247384850969,0.630677662915083,-1.01001728920347,-0.449875575116764,2.002444601133,3.12016960332505,TRUE
"fixed_design","RQR",172,-0.365491651205937,0.345328139402358,-0.000743147655419121,-2.13704910074682,0.542749602307966,-1.96686243765882,0.554056338210823,-0.706403049723999,2.52091877586964,-2.55765182543762,-1.44848823399615,0.4923415754572,0.634855552281973,-1.00421259877664,-0.444035546584984,1.99994106188863,3.11564888618696,TRUE
"fixed_design","RQR",173,-0.36178107606679,-0.67271136285966,0.00322042124321481,-2.1341329802611,0.54697965018053,-1.95843462391837,0.558195431498398,-0.700119596209984,2.51663005541677,-2.54875676419812,-1.44115666327767,0.496477657867755,0.638928000485554,-0.99692106263818,-0.437813869829206,1.99681846350998,3.11218346577336,TRUE
"fixed_design","RQR",174,-0.358070500927644,-0.458713395443241,0.0071757291211306,-2.13122512079611,0.551201437032376,-1.95009621763996,0.562326835321829,-0.693884691159063,2.51242305296178,-2.53934409410359,-1.43343533931847,0.50058204132339,0.643243453118177,-0.99057518674528,-0.432058798924717,1.99379873102014,3.1079333621642,TRUE
"fixed_design","RQR",175,-0.354359925788497,0.390915713547525,0.0111227759783286,-2.12832552235182,0.555414962863504,-1.94184721882358,0.566450549681116,-0.687698334571234,2.5082977685047,-2.53058026988385,-1.42718397868746,0.504719553479181,0.647428539861701,-0.984446033696148,-0.426050103427495,1.99048187119317,3.10408048243829,TRUE
"fixed_design","RQR",176,-0.350649350649351,0.548679759959833,0.0150615618148085,-2.12543418492826,0.559620227673915,-1.93368762746925,0.570566574576257,-0.681560526446499,2.50425420204551,-2.52216483661397,-1.41989974678817,0.508791468163602,0.651287105981235,-0.977779168908152,-0.420146415751805,1.98677192891142,3.1002666086088,TRUE
"fixed_design","RQR",177,-0.346938775510204,0.569009987968523,0.0189920866305707,-2.12255110852542,0.563817231463607,-1.92561744357697,0.574674910007255,-0.675471266784855,2.50029235358422,-2.51554422477286,-1.41199594050575,0.512884326567969,0.655453145865345,-0.97171988831865,-0.414128535342959,1.98343389236105,3.09626185152831,TRUE
"fixed_design","RQR",178,-0.343228200371058,0.342109251215954,0.0229143504256146,-2.11967629314329,0.568005974232581,-1.91763666714672,0.578775555974108,-0.669430555586305,2.49641222312083,-2.50800518739484,-1.40451423639046,0.516893167830223,0.659668877104352,-0.965384414450834,-0.408204031170959,1.98010316247608,3.09194444864735,TRUE
"fixed_design","RQR",179,-0.339517625231911,0.257606506315043,0.0268283531999407,-2.11680973878188,0.572186455980838,-1.90974529817851,0.582868512476816,-0.663438392850848,2.49261381065533,-2.49996657124475,-1.39695393199666,0.520934209904774,0.664013630403559,-0.959880009268718,-0.402353606408793,1.97635939957205,3.08621264328012,TRUE
"fixed_design","RQR",180,-0.335807050092764,-0.430839129360151,0.030734094953549,-2.11395144544119,0.576358676708376,-1.90194333667235,0.586953779515381,-0.657494778578483,2.48889711618773,-2.49263002084209,-1.39018230219741,0.525006348221986,0.668194104373579,-0.953466784779299,-0.39652228785541,1.97260616414168,3.08132167197035,TRUE
"fixed_design","RQR",181,-0.332096474953618,0.162234488573041,0.0346315756864391,-2.11110141312122,0.580522636415197,-1.89423078262822,0.5910313570898,-0.651599712769212,2.48526213971802,-2.4841138037773,-1.38287050742569,0.52889566207573,0.672171625967567,-0.947533070649572,-0.390668944651002,1.96862279786568,3.07686550783277,TRUE
"fixed_design","RQR",182,-0.328385899814471,0.513688556480494,0.0385207953986115,-2.10825964182196,0.5846783351013,-1.88660763604614,0.595101245200075,-0.645753195423032,2.48170888124622,-2.47645956979008,-1.37510767864483,0.532836418330004,0.676203001294127,-0.941553893587793,-0.385205226197382,1.96510748009535,3.07396986481057,TRUE
"fixed_design","RQR",183,-0.324675324675325,0.282077700883913,0.0424017540900657,-2.10542613154342,0.588825772766684,-1.8790738969261,0.599163443846206,-0.639955226539946,2.4782373407723,-2.46807182457827,-1.36888411586664,0.536755214093083,0.680262491062883,-0.936200066541739,-0.379922865589695,1.96324211983744,3.07155564642021,TRUE
"fixed_design","RQR",184,-0.320964749536178,-0.868737302955072,0.0462744517608021,-2.1026008822856,0.592964949411351,-1.8716295652681,0.603217953028192,-0.634205806119953,2.47484751829629,-2.46124282963207,-1.36182394816343,0.540646957208443,0.684446760855693,-0.930263868620501,-0.374408298849186,1.9611862677103,3.06917516795535,TRUE
"fixed_design","RQR",185,-0.317254174397032,-0.210683850910093,0.0501388884108205,-2.0997838940485,0.5970958650353,-1.86427464107214,0.607264772746034,-0.628504934163052,2.47153941381817,-2.45488907692432,-1.35527169026118,0.544688922990483,0.688574269872773,-0.9246907058761,-0.368813493045238,1.95877387484953,3.0664050256564,TRUE
"fixed_design","RQR",186,-0.313543599257885,0.0324995054147412,0.053995064040121,-2.09697516683212,0.60121851963853,-1.85700912433822,0.611303902999731,-0.622852610669244,2.46831302733795,-2.44732577179831,-1.34765001302352,0.548530255906062,0.692719930403667,-0.91913368482109,-0.363001935160719,1.95530273575865,3.06412359208028,TRUE
"fixed_design","RQR",187,-0.309833024118738,0.422473526720225,0.0578429786487036,-2.09417470063645,0.605332913221043,-1.84983301506634,0.615335343789284,-0.617248835638529,2.46516835885563,-2.44052102514596,-1.33922168921913,0.55247555243905,0.69688707419737,-0.913222757176576,-0.3572458250035,1.95203396240768,3.05969718196798,TRUE
"fixed_design","RQR",188,-0.306122448979592,0.191304220624783,0.0616826322365681,-2.09138249546151,0.609439045782838,-1.84274631325651,0.619359095114692,-0.611693609070907,2.4621054083712,-2.43386713636265,-1.33262582977472,0.556339795587898,0.701086403436907,-0.907514997208128,-0.351528499541979,1.94873792886963,3.05614647228395,TRUE
"fixed_design","RQR",189,-0.302411873840445,-0.203567774673181,0.0655140248037148,-2.08859855130728,0.613536917323915,-1.83574901890871,0.623375156975956,-0.606186930966377,2.45912417588467,-2.42702457112555,-1.32501471089123,0.560216164626042,0.705225911978451,-0.902694677934586,-0.346176640987311,1.94661355586353,3.052383283961,TRUE
"fixed_design","RQR",190,-0.298701298701299,0.419477489532648,0.0693371563501433,-2.08582286817377,0.617626527844274,-1.82884113202296,0.627383529373076,-0.600728801324941,2.45622466139603,-2.41959418668414,-1.31783572121348,0.564115472330595,0.709479874601317,-0.897434064334514,-0.341469368206223,1.9435897671808,3.04998163214395,TRUE
"fixed_design","RQR",191,-0.294990723562152,0.358126046657275,0.073152026875854,-2.08305544606097,0.621707877343915,-1.82202265259924,0.63138421230605,-0.595319220146597,2.4534068649053,-2.41315103623888,-1.31125200167088,0.567985724659596,0.713597428182317,-0.892543391866949,-0.336372143935693,1.941211917103,3.0469917735146,TRUE
"fixed_design","RQR",192,-0.291280148423006,0.11598773096702,0.0769586363808469,-2.0802962849689,0.625780965822838,-1.81529358063757,0.635377205774881,-0.589958187431346,2.45067078641245,-2.40672202518967,-1.30459012095532,0.57185513804627,0.717629859432691,-0.887333482205421,-0.331319992893862,1.93794416748411,3.04434336096992,TRUE
"fixed_design","RQR",193,-0.287569573283859,0.407600864748007,0.0807569848651216,-2.07754538489754,0.629845793281043,-1.80865391613794,0.639362509779567,-0.584645703179188,2.44801642591751,-2.40033866255666,-1.2983546603579,0.575749065946845,0.72176577322148,-0.881828634958527,-0.325560542904684,1.93568827593272,3.04219741856935,TRUE
"fixed_design","RQR",194,-0.283858998144712,0.359369697806572,0.0845470723286785,-2.0748027458469,0.633902359718531,-1.80210365910035,0.643340124320109,-0.579381767390122,2.44544378342046,-2.39269362216813,-1.29183382112143,0.579611018580024,0.725784940502624,-0.876018185865811,-0.320435601756668,1.93248115181337,3.03886921168942,TRUE
"fixed_design","RQR",195,-0.280148423005566,-0.497401233087004,0.0883288987715174,-2.07206836781698,0.6379506651353,-1.7956428095248,0.647310049396506,-0.574166380064149,2.44295285892131,-2.3863502998834,-1.28542542111728,0.58342302025435,0.729872550057463,-0.871200146620895,-0.314950594548581,1.92916719179202,3.03637963228388,TRUE
"fixed_design","RQR",196,-0.276437847866419,0.299817904699811,0.0921024641936384,-2.06934225080777,0.641990709531351,-1.7892713674113,0.651272285008759,-0.568999541201269,2.44054365242006,-2.38009328576492,-1.27920339051554,0.58731769711522,0.733899715659995,-0.865038590226815,-0.309689444846299,1.92739127539319,3.03398652582852,TRUE
"fixed_design","RQR",197,-0.272727272727273,-0.327781152488988,0.0958677685950413,-2.06662439481929,0.646022492906684,-1.78298933275983,0.655226831156867,-0.563881250801482,2.4382161639167,-2.3730393896794,-1.27300592370204,0.591150206686328,0.737894543974112,-0.860525266108118,-0.304649177241243,1.92487908795573,3.03186302831307,TRUE
"fixed_design","RQR",198,-0.269016697588126,-0.709272359019787,0.0996248119757263,-2.06391479985152,0.6500460152613,-1.77679670557041,0.65917368784083,-0.558811508864788,2.43597039341124,-2.36708045073707,-1.26674638620237,0.595007099065199,0.741868186903741,-0.856044093505926,-0.299596440208031,1.92289339028997,3.0303618137916,TRUE
"fixed_design","RQR",199,-0.26530612244898,0.207307584984703,0.103373594335693,-2.06121346590447,0.654061276595197,-1.77069348584302,0.66311285506065,-0.553790315391186,2.43380634090367,-2.36037716417369,-1.26080564372294,0.598935270013168,0.745825510017241,-0.851127355874634,-0.294888577817699,1.91959806376844,3.02794037128896,TRUE
"fixed_design","RQR",200,-0.261595547309833,-0.975479834078551,0.107114115674943,-2.05852039297814,0.658068276908377,-1.76467967357768,0.667044332816324,-0.548817670380677,2.431724006394,-2.35410806763652,-1.25478313577824,0.602693972424598,0.749726588278368,-0.846312784822191,-0.289828955937891,1.91701273566782,3.0259678433528,TRUE
"fixed_design","RQR",201,-0.257884972170686,0.315529968792703,0.110846375993474,-2.05583558107252,0.662067016200838,-1.75875526877438,0.670968121107855,-0.543893573833261,2.42972338988223,-2.34912283070663,-1.24834560678093,0.606591839892663,0.753635664804791,-0.841213741618729,-0.28464400436101,1.91443987054586,3.02537568416158,TRUE
"fixed_design","RQR",202,-0.25417439703154,0.390268980142525,0.114570375291287,-2.05315903018763,0.666057494472582,-1.75292027143312,0.674884219935241,-0.539018025748938,2.42780449136836,-2.34370893741362,-1.24244852643763,0.610499096140923,0.7578195387737,-0.835931514188936,-0.279883573060027,1.91313417092735,3.02537767437361,TRUE
"fixed_design","RQR",203,-0.250463821892393,-0.325950151040403,0.118286113568382,-2.05049074032345,0.670039711723607,-1.7471746815539,0.678792629298482,-0.534191026127708,2.42596731085238,-2.33834115442973,-1.2370012075594,0.614328008538308,0.761820034183487,-0.831739343178207,-0.275393572555952,1.91094086594652,3.02361999655668,TRUE
"fixed_design","RQR",204,-0.246753246753247,0.149290468941503,0.12199359082476,-2.04783071147999,0.674013667953915,-1.74151849913672,0.682693349197579,-0.52941257496957,2.4242118483343,-2.33273774271324,-1.23083546836056,0.618092030517649,0.765753403770156,-0.827024735754609,-0.27086545004219,1.90912016293393,3.02290462082224,TRUE
"fixed_design","RQR",205,-0.2430426716141,0.499849100917251,0.125692807060419,-2.04517894365725,0.677979363163505,-1.73595172418158,0.686586379632532,-0.524682672274525,2.42253810381411,-2.32676967466326,-1.22605600728362,0.62189567532432,0.769701759729427,-0.822788922421058,-0.265999035535582,1.90819403914838,3.02176377757774,TRUE
"fixed_design","RQR",206,-0.239332096474954,-0.17909456041767,0.12938376227536,-2.04253543685522,0.681936797352377,-1.73047435668849,0.69047172060334,-0.520001318042573,2.42094607729183,-2.32122228705699,-1.22088438306567,0.625765917093779,0.773687887077819,-0.818234257803491,-0.261540105319614,1.9064596709673,3.01811748585076,TRUE
"fixed_design","RQR",207,-0.235621521335807,0.52443609994982,0.133066456469584,-2.03990019107391,0.68588597052053,-1.72508639665743,0.694349372110003,-0.515368512273714,2.41943576876743,-2.31576752234723,-1.21581671037142,0.629584681214896,0.777621648051689,-0.813549824500339,-0.25615116354229,1.90507027221775,3.01542428822749,TRUE
"fixed_design","RQR",208,-0.23191094619666,0.536114123494966,0.13674088964309,-2.03727320631333,0.689826882667966,-1.71978784408842,0.698219334152522,-0.510784254967948,2.41800717824094,-2.31128360896858,-1.21072418894406,0.633316945913191,0.781711445546281,-0.809255024413805,-0.2518533506848,1.903243297668,3.01419706867194,TRUE
"fixed_design","RQR",209,-0.228200371057514,0.418048259068045,0.140407061795877,-2.03465448257346,0.693759533794684,-1.71457869898145,0.702081606730897,-0.506248546125274,2.41666030571234,-2.30769829143504,-1.20526018241159,0.63710389453122,0.785672526237279,-0.805028314349195,-0.246772541770628,1.90195158258156,3.01360716788579,TRUE
"fixed_design","RQR",210,-0.224489795918367,-0.385365217966334,0.144064972927947,-2.0320440198543,0.697683923900684,-1.70945896133651,0.705936189845127,-0.501761385745693,2.41539515118164,-2.30325188982755,-1.20028074012456,0.640941441911843,0.789788598443485,-0.800717035093,-0.242318174710276,1.90010816856821,3.01168498965788,TRUE
"fixed_design","RQR",211,-0.220779220779221,0.687576110895652,0.147714623039298,-2.02944181815587,0.701600052985966,-1.70442863115362,0.709783083495213,-0.497322773829205,2.41421171464884,-2.29970595017788,-1.19581541421148,0.644756919604321,0.793785796424751,-0.797191868191558,-0.237678151360055,1.89868734137563,3.00977718996455,TRUE
"fixed_design","RQR",212,-0.217068645640074,0.633365959296357,0.151356012129932,-2.02684787747815,0.70550792105053,-1.69948770843277,0.713622287681154,-0.49293271037581,2.41310999611393,-2.29494035895008,-1.1912367219714,0.648550837455696,0.797436885999234,-0.793409685255111,-0.233370779561906,1.8970016733011,3.00975745553727,TRUE
"fixed_design","RQR",213,-0.213358070500928,0.313383512665777,0.154989140199848,-2.02426219782115,0.709407528094376,-1.69463619317397,0.717453802402951,-0.488591195385507,2.41208999557692,-2.29085204485448,-1.18620899258108,0.652220538524965,0.801418225106583,-0.789743535171729,-0.228831608966155,1.89509515977808,3.00973885759363,TRUE
"fixed_design","RQR",214,-0.209647495361781,0.547598178761561,0.158614007249046,-2.02168477918487,0.713298874117505,-1.6898740853772,0.721277627660603,-0.484298228858298,2.4111517130378,-2.28730846444494,-1.18089603062552,0.65584625889121,0.80528225048025,-0.78556464747497,-0.224670368389454,1.8950331493377,3.00881700515567,TRUE
"fixed_design","RQR",215,-0.205936920222635,-0.323126954581107,0.162230613277525,-2.01911562156931,0.717181959119915,-1.68520138504247,0.725093763454111,-0.480053810794181,2.41029514849658,-2.28423587172085,-1.17609763706963,0.65953362101454,0.809320924811737,-0.782057406126373,-0.220301047206705,1.89412912602227,3.00848259167627,TRUE
"fixed_design","RQR",216,-0.202226345083488,0.100072629264441,0.165838958285287,-2.01655472497446,0.721056783101607,-1.68061809216979,0.728902209783475,-0.475857941193157,2.40952030195326,-2.28026928735046,-1.17123779982172,0.663323160657187,0.813299103018797,-0.778044654681481,-0.215867556828639,1.89336212303105,3.00885674914798,TRUE
"fixed_design","RQR",217,-0.198515769944341,0.443621147413824,0.169439042272331,-2.01400208940034,0.724923346062581,-1.67612420675914,0.732702966648694,-0.471710620055225,2.40882717340784,-2.27540803262356,-1.16674759365241,0.667105266278593,0.817028924094028,-0.774530385373189,-0.211812684174283,1.89307828664319,3.00904500858767,TRUE
"fixed_design","RQR",218,-0.194805194805195,0.245543693220602,0.173030865238657,-2.01145771484693,0.728781648002838,-1.67171972881054,0.736496034049768,-0.467611847380387,2.40821576286031,-2.27025361511894,-1.1620283060971,0.670846982553785,0.82096287431771,-0.770353553592197,-0.207363054423426,1.89307676724435,3.00969714199219,TRUE
"fixed_design","RQR",219,-0.191094619666048,-0.979899412641174,0.176614427184265,-2.00892160131424,0.732631688922376,-1.66740465832398,0.740281411986698,-0.463561623168641,2.40768607031068,-2.26606380337545,-1.15751387208796,0.674627158519944,0.824845972494131,-0.766568049908023,-0.203420123798131,1.89247809917046,3.00945102016475,TRUE
"fixed_design","RQR",220,-0.187384044526902,0.114648883458433,0.180189728109156,-2.00639374880226,0.736473468821197,-1.66317899529946,0.744059100459484,-0.459559947419988,2.40723809575894,-2.26261547339076,-1.15286778126228,0.678379345704387,0.82876522435606,-0.762580177976501,-0.199274892501456,1.89198638752187,3.01038518894484,TRUE
"fixed_design","RQR",221,-0.183673469387755,0.386880423336401,0.183756768013328,-2.00387415731101,0.740306987699299,-1.65904273973698,0.747829099468125,-0.455606820134428,2.40687183920511,-2.25962984264257,-1.14821435421314,0.682094225397377,0.832705531458738,-0.758949667957337,-0.195275089181577,1.89096668971922,3.01062926141658,TRUE
"fixed_design","RQR",222,-0.179962894248609,0.361290627491935,0.187315546896782,-2.00136282684047,0.744132245556684,-1.65499589163654,0.751591409012622,-0.451702241311961,2.40658730064916,-2.25600781433616,-1.14440391030196,0.685705236929377,0.836639188955333,-0.754862023689316,-0.191201886980462,1.89046127903783,3.0113316398709,TRUE
"fixed_design","RQR",223,-0.176252319109462,0.286688512924026,0.190866064759518,-1.99885975739065,0.74794924239335,-1.65103845099815,0.755346029092974,-0.447846210952586,2.40638448009112,-2.2524828423674,-1.14031704543357,0.689393928821127,0.840496051299879,-0.751336213279026,-0.187606438906948,1.88998002479929,3.01225621222022,TRUE
"fixed_design","RQR",224,-0.172541743970315,-0.427789463000924,0.194408321601537,-1.99636494896155,0.751757978209299,-1.64717041782179,0.759092959709181,-0.444038729056304,2.40626337753097,-2.24901253366165,-1.13645609519819,0.693100173737231,0.844356136694028,-0.747664017137929,-0.183938638709997,1.88971012787514,3.01140823317138,TRUE
"fixed_design","RQR",225,-0.168831168831169,0.677798913170533,0.197942317422837,-1.99387840155317,0.75555845300453,-1.64339179210747,0.762832200861245,-0.440279795623115,2.40622399296872,-2.24537989276479,-1.13216802579765,0.696807620282545,0.848164423399026,-0.744443952430476,-0.180078837382468,1.88927727289731,3.01218397482558,TRUE
"fixed_design","RQR",226,-0.165120593692022,0.783150462459094,0.201468052223419,-1.9914001151655,0.759350666779042,-1.6397025738552,0.766563752549164,-0.436569410653019,2.40626632640436,-2.24269959538858,-1.12833421269939,0.700547465599876,0.851875699877547,-0.741216746480892,-0.175883948093276,1.88899750347766,3.01182765441887,TRUE
"fixed_design","RQR",227,-0.161410018552876,0.473129631836574,0.204985526003284,-1.98893008979856,0.763134619532837,-1.63610276306497,0.770287614772938,-0.432907574146016,2.40639037783791,-2.2397973392578,-1.12443251594948,0.704179958972993,0.855624247930584,-0.737633756729655,-0.171908841765186,1.88921415351598,3.01267778110678,TRUE
"fixed_design","RQR",228,-0.157699443413729,-0.237040782406168,0.20849473876243,-1.98646832545233,0.766910311265914,-1.63259235973678,0.774003787532568,-0.429294286102105,2.40659614726935,-2.23642171532289,-1.12080133674461,0.707853197961412,0.859435482735829,-0.734084512283505,-0.168393754252726,1.88917421233086,3.01366490521081,TRUE
"fixed_design","RQR",229,-0.153988868274583,0.389906306994392,0.211995690500859,-1.98401482212681,0.770677741978273,-1.62917136387063,0.777712270828053,-0.425729546521287,2.40688363469868,-2.23337554957341,-1.11675402574602,0.711450365060051,0.863202576569876,-0.73051453460913,-0.164655902056539,1.88949855637851,3.01446102483688,TRUE
"fixed_design","RQR",230,-0.150278293135436,-0.0197012717795441,0.215488381218569,-1.98156957982202,0.774436911669914,-1.62583977546652,0.781413064659394,-0.422213355403562,2.40725284012591,-2.23064338922948,-1.11245918146167,0.715114117309416,0.867037338432409,-0.726972027201126,-0.160993719400715,1.88972654234839,3.01423122606418,TRUE
"fixed_design","RQR",231,-0.146567717996289,0.613778903885273,0.218972810915562,-1.97913259853795,0.778187820340837,-1.62259759452445,0.785106169026591,-0.41874571274893,2.40770376355104,-2.228276824014,-1.10952975475635,0.718757452314284,0.870879319874506,-0.723398543554066,-0.157545578711972,1.88992208749296,3.01416822866626,TRUE
"fixed_design","RQR",232,-0.142857142857143,-0.838609224447621,0.222448979591837,-1.97670387827459,0.781930467991042,-1.61944482104442,0.788791583929643,-0.41532661855739,2.40823640497407,-2.2254637420488,-1.10652617355613,0.722370228463927,0.874609553409717,-0.720373712577265,-0.153749227769889,1.88984059830613,3.01504199389559,TRUE
"fixed_design","RQR",233,-0.139146567717996,0.772167949741258,0.225916887247393,-1.97428341903195,0.785664854620529,-1.61638145502644,0.79246930936855,-0.411956072828944,2.40885076439499,-2.22177669596841,-1.10354009846262,0.726049233098152,0.878228713875476,-0.717100744354017,-0.150528134349847,1.88990965942424,3.01536925614864,TRUE
"fixed_design","RQR",234,-0.13543599257885,0.676422957577701,0.229376533882232,-1.97187122081003,0.789390980229298,-1.61340749647049,0.796139345343313,-0.40863407556359,2.40954684181381,-2.21908019820892,-1.10009919911101,0.729761404075752,0.88197212863105,-0.713771252562885,-0.147263822108512,1.8905601420076,3.0153780210286,TRUE
"fixed_design","RQR",235,-0.131725417439703,0.549542936449565,0.232827919496353,-1.96946728360882,0.793108844817349,-1.61052294537659,0.799801691853932,-0.405360626761329,2.41032463723052,-2.21597899207868,-1.09672686914087,0.733431961314894,0.885857965757688,-0.710444688310379,-0.143929182947049,1.89071406914631,3.01622722075653,TRUE
"fixed_design","RQR",236,-0.128014842300557,0.624582350710508,0.236271044089756,-1.96707160742834,0.796818448384682,-1.60772780174473,0.803456348900406,-0.402135726422161,2.41118415064513,-2.21276874644027,-1.09345226906482,0.737057970503308,0.88959307447321,-0.707065705122172,-0.140323218015591,1.89076592468183,3.01781162773276,TRUE
"fixed_design","RQR",237,-0.12430426716141,-0.970294994935441,0.239705907662441,-1.96468419226857,0.800519790931297,-1.60502206557491,0.807103316482736,-0.398959374546085,2.41212538205764,-2.21078210692017,-1.09029573933945,0.74068222974615,0.893300390271001,-0.704140764581701,-0.136923079116749,1.89142054333855,3.01911726852556,TRUE
"fixed_design","RQR",238,-0.120593692022263,0.807046995766855,0.243132510214408,-1.96230503812952,0.804212872457195,-1.60240573686713,0.810742594600921,-0.395831571133102,2.41314833146805,-2.20858499167638,-1.08712818084553,0.744255850384807,0.896907177823211,-0.701104693685892,-0.133730504172587,1.89182827178984,3.02053496514514,TRUE
"fixed_design","RQR",239,-0.116883116883117,0.0464373166780361,0.246550851745657,-1.95993414501119,0.807897692962374,-1.59987881562139,0.814374183254962,-0.392752316183212,2.41425299887635,-2.20767106246031,-1.08453266272258,0.747821869172478,0.900505142034719,-0.698017457306427,-0.130750288778336,1.89279179691404,3.02200932275954,TRUE
"fixed_design","RQR",240,-0.11317254174397,0.691699652788436,0.249960932256188,-1.95757151291357,0.811574252446836,-1.59744130183769,0.817998082444858,-0.389721609696415,2.41543938428255,-2.2053744938806,-1.08187797893072,0.751394141562,0.90429533490274,-0.695362089650629,-0.127380419205062,1.89367165427029,3.02446908478101,TRUE
"fixed_design","RQR",241,-0.109461966604824,0.177491523271758,0.253362751746001,-1.95521714183668,0.815242550910579,-1.59509319551603,0.82161429217061,-0.386739451672711,2.41670748768664,-2.20372860561496,-1.07995930624316,0.755017414902757,0.907925160860368,-0.692695997780778,-0.124264829061007,1.89508905983979,3.02697286390889,TRUE
"fixed_design","RQR",242,-0.105751391465677,-1.086915948678,0.256756310215096,-1.9528710317805,0.818902588353605,-1.59283449665642,0.825222812432218,-0.383805842112099,2.41805730908863,-2.20173068909094,-1.07753207144766,0.758507146166963,0.911472489129583,-0.690106881941259,-0.121334624920336,1.89660698659984,3.02942269038158,TRUE
"fixed_design","RQR",243,-0.102040816326531,0.687260677146308,0.260141607663474,-1.95053318274504,0.822554364775912,-1.59066520525884,0.82882364322968,-0.380920781014581,2.41948884848852,-2.19987738784423,-1.07525485327814,0.762142659620413,0.915121352321803,-0.68723997188799,-0.118062382189651,1.89777845062802,3.03181694982684,TRUE
"fixed_design","RQR",244,-0.098330241187384,0.774154264378846,0.263518644091133,-1.9482035947303,0.826197880177502,-1.58858532132331,0.832416784562999,-0.378084268380155,2.42100210588631,-2.1976285301594,-1.07311563676067,0.765610867890276,0.918727671128395,-0.684558264517537,-0.115079896794944,1.89820324247409,3.03361043979528,TRUE
"fixed_design","RQR",245,-0.0946196660482375,0.697867930840553,0.266887419498074,-1.94588226773627,0.829833134558373,-1.58659484484982,0.836002236432173,-0.375296304208822,2.42259708128199,-2.19576099998293,-1.0711375425517,0.769229843538816,0.922341193916913,-0.68144827502251,-0.111639403348729,1.89964741811699,3.03481513776539,TRUE
"fixed_design","RQR",246,-0.0909090909090909,0.755030308060565,0.270247933884298,-1.94356920176297,0.833460127918527,-1.58469377583837,0.839579998837203,-0.372556888500581,2.42427377467557,-2.19415870566655,-1.06833193722027,0.772821953472865,0.925965766648292,-0.679133067634111,-0.108828240802787,1.90118986799212,3.03718594183181,TRUE
"fixed_design","RQR",247,-0.0871985157699443,-1.12096693016422,0.273600187249803,-1.94126439681038,0.837078860257963,-1.58288211428896,0.843150071778088,-0.369866021255434,2.42603218606704,-2.19161298997436,-1.06642299978046,0.77636517584268,0.929485133505682,-0.676529979737454,-0.105938935906617,1.90259594130339,3.03948566008703,TRUE
"fixed_design","RQR",248,-0.0834879406307978,0.83061722408557,0.27694417959459,-1.93896785287851,0.840689331576681,-1.58115986020159,0.846712455254828,-0.367223702473379,2.42787231545641,-2.18966768479831,-1.06497157532568,0.779862547970404,0.93298022285677,-0.673302519718572,-0.102807482777329,1.90426923413187,3.04117845200858,TRUE
"fixed_design","RQR",249,-0.0797773654916512,0.702261503627935,0.28027991091866,-1.93667956996735,0.844291541874681,-1.57952701357626,0.850267149267425,-0.364629932154417,2.42979416284368,-2.18892811509004,-1.06335642487732,0.783399251014898,0.936624772812649,-0.670507310002076,-0.10005828372959,1.90604285952299,3.04358632601241,TRUE
"fixed_design","RQR",250,-0.0760667903525046,-0.133451148318175,0.283607381222012,-1.93439954807692,0.847885491151962,-1.57798357441297,0.853814153815876,-0.362084710298548,2.43179772822885,-2.18728408227207,-1.06163782462852,0.78690710428396,0.940262578733104,-0.668118544171308,-0.0970419540990489,1.90854145686697,3.04594872031637,TRUE
"fixed_design","RQR",251,-0.0723562152133581,0.542005125361239,0.286926590504645,-1.9321277872072,0.851471179408526,-1.57652954271173,0.857353468900183,-0.359588036905771,2.43388301161191,-2.18619515865679,-1.05984691176342,0.790456979768249,0.943867604902547,-0.665963218563405,-0.0943225342718025,1.91090288229688,3.04814726608969,TRUE
"fixed_design","RQR",252,-0.0686456400742115,0.463582706224424,0.290237538766561,-1.9298642873582,0.855048606644372,-1.57516491847252,0.860885094520346,-0.357139911976088,2.43605001299287,-2.18551579781744,-1.05880220347884,0.793968452683427,0.947445755397532,-0.663564476365915,-0.0918237413391818,1.91295974002981,3.05154189277614,TRUE
"fixed_design","RQR",253,-0.064935064935065,0.711617732551382,0.293540226007758,-1.92760904852992,0.8586177728595,-1.57388970169536,0.864409030676365,-0.354740335509497,2.43829873237172,-2.18490866644482,-1.05696518895916,0.797437469656376,0.950974288921832,-0.660957227205061,-0.0894491003727822,1.91516160353485,3.05424930701295,TRUE
"fixed_design","RQR",254,-0.0612244897959183,0.791579933937464,0.296834652228238,-1.92536207072236,0.86217867805391,-1.57270389238024,0.867925277368239,-0.352389307505999,2.44062916974847,-2.18301652782586,-1.05577825597897,0.801017969129287,0.954509700159098,-0.658300263314379,-0.0869962196182896,1.91782592377171,3.05656096988349,TRUE
"fixed_design","RQR",255,-0.0575139146567718,0.418634663153627,0.300120817428,-1.92312335393552,0.865731322227603,-1.57160749052716,0.871433834595968,-0.350086827965594,2.44304132512312,-2.18147288139459,-1.05474192092854,0.804528667167731,0.958009676300307,-0.65594737929889,-0.0844672625761,1.92041036430042,3.0585969806346,TRUE
"fixed_design","RQR",256,-0.0538033395176252,0.842038361126926,0.303398721607044,-1.92089289816939,0.869275705380577,-1.57060049613612,0.874934702359553,-0.347832896888281,2.44553519849567,-2.18132080095825,-1.0533800551078,0.808068507413559,0.961492356559607,-0.653705429706043,-0.0823053154934799,1.92267257360991,3.06113601836674,TRUE
"fixed_design","RQR",257,-0.0500927643784786,-1.49111412832356,0.30666836476537,-1.91867070342398,0.872811827512833,-1.56968290920712,0.878427880658993,-0.345627514274061,2.44811078986611,-2.17969536836173,-1.05185322650223,0.811488119906292,0.965033689507589,-0.651585951242247,-0.0800398838719934,1.92525778548106,3.06329063944303,TRUE
"fixed_design","RQR",258,-0.0463821892393321,0.83154838437685,0.309929746902978,-1.91645676969929,0.876339688624371,-1.56885472974016,0.881913369494289,-0.343470680122935,2.45076809923445,-2.17945777107338,-1.05044134760787,0.814844401701697,0.968533924305539,-0.649610637841986,-0.0778683907758205,1.92783603880892,3.06590584290138,TRUE
"fixed_design","RQR",259,-0.0426716141001855,0.37461915791774,0.313182868019868,-1.91425109699532,0.879859288715192,-1.56811595773524,0.885391168865441,-0.341362394434901,2.45350712660068,-2.17898874700936,-1.04943237277631,0.818344926414134,0.971989566485509,-0.647587789565826,-0.0758951620511824,1.9299634636986,3.0689602213966,TRUE
"fixed_design","RQR",260,-0.038961038961039,0.611093370656438,0.31642772811604,-1.91205368531206,0.883370627785294,-1.56746659319237,0.888861278772448,-0.339302657209959,2.45632787196481,-2.17981738154303,-1.04852974278024,0.821736115440442,0.975380475567912,-0.645658357873046,-0.073643497820062,1.93257224891225,3.07198413964601,TRUE
"fixed_design","RQR",261,-0.0352504638218923,0.676330385713944,0.319664327191494,-1.90986453464952,0.886873705834679,-1.56690663611153,0.892323699215311,-0.337291468448111,2.45923033532684,-2.17803607588624,-1.04843546959429,0.825228227614827,0.978920465829746,-0.643669675583204,-0.0714689893743184,1.93543819736973,3.07509087844254,TRUE
"fixed_design","RQR",262,-0.0315398886827458,0.376677747993147,0.32289266524623,-1.90768364500771,0.890368522863345,-1.56643608649274,0.895778430194029,-0.335328828149355,2.46221451668677,-2.1777761222377,-1.04761295652822,0.828728924909944,0.982453409206924,-0.641766307446153,-0.0695849961016506,1.93760358119645,3.07750027147719,TRUE
"fixed_design","RQR",263,-0.0278293135435992,0.293887836518058,0.326112742280248,-1.9055110163866,0.893855078871294,-1.56605494433599,0.899225471708603,-0.333414736313692,2.46528041604459,-2.17715528460529,-1.04704898612238,0.8322195751402,0.986031061212263,-0.640265940036702,-0.0677343486965088,1.94032109012259,3.08026033488151,TRUE
"fixed_design","RQR",264,-0.0241187384044527,0.379711352872533,0.329324558293549,-1.90334664878622,0.897333373858524,-1.56576320964128,0.902664823759032,-0.331549192941122,2.46842803340031,-2.17660726384229,-1.04659045052593,0.835604077460367,0.989496625086803,-0.638343468551055,-0.0661211332537056,1.94339807704837,3.08388382373307,TRUE
"fixed_design","RQR",265,-0.0204081632653061,0.91054518003646,0.332528113286131,-1.90119054220656,0.900803407825037,-1.56556088240861,0.906096486345316,-0.329732198031645,2.47165736875392,-2.17644906787657,-1.0473686610089,0.839023914871904,0.992813844849574,-0.63626624676177,-0.0644055346101138,1.94683562853681,3.08724478665854,TRUE
"fixed_design","RQR",266,-0.0166975881261595,0.695919442948099,0.335723407257995,-1.89904269664761,0.904265180770832,-1.56544796263798,0.909520459467457,-0.32796375158526,2.47496842210543,-2.17590127753469,-1.04770459085227,0.842419223553058,0.996286708683253,-0.634150783361042,-0.0623815763457731,1.95021217568335,3.09072625258009,TRUE
"fixed_design","RQR",267,-0.012987012987013,0.54550387926598,0.338910440209141,-1.89690311210938,0.907718692695908,-1.56542445032939,0.912936743125453,-0.326243853601968,2.47836119345484,-2.17648927056287,-1.04727239422298,0.845824406940039,0.999744813838261,-0.632820300671192,-0.0607294605568211,1.95346850275083,3.09350722180618,TRUE
"fixed_design","RQR",268,-0.00927643784786636,0.543674077450063,0.34208921213957,-1.89477178859187,0.911163943600267,-1.56549034548284,0.916345337319304,-0.32457250408177,2.48183568280215,-2.17607292907702,-1.04702468034705,0.849139449904747,1.00309010202018,-0.631408452979959,-0.0591256904133988,1.95659735936072,3.09657246757737,TRUE
"fixed_design","RQR",269,-0.00556586270871984,0.502291246289557,0.34525972304928,-1.89264872609507,0.914600933483908,-1.56564564809834,0.919746242049011,-0.322949703024663,2.48539189014735,-2.17561618108008,-1.04669223700462,0.85260816383876,1.00655663628996,-0.629314524418574,-0.0572689463343955,1.95974440909311,3.10105436741396,TRUE
"fixed_design","RQR",270,-0.00185528756957332,0.396307682136523,0.348421972938273,-1.890533924619,0.91802966234683,-1.56589035817587,0.923139457314573,-0.32137545043065,2.48902981549045,-2.17496564325151,-1.04664358291839,0.85613493696078,1.00997591681283,-0.627627160056184,-0.0556344370229121,1.9634955558692,3.10505656657232,TRUE
"fixed_design","RQR",271,0.00185528756957321,0.270907122921423,0.351575961806547,-1.88842738416364,0.921450130189035,-1.56622447571545,0.926524983115991,-0.319849746299729,2.49274945883144,-2.17497134069309,-1.04679201900847,0.859517842816241,1.01338380221386,-0.625793114655168,-0.0537644782556125,1.96672802500752,3.10932538718589,TRUE
"fixed_design","RQR",272,0.00556586270871984,0.800106884417316,0.354721689654104,-1.886329104729,0.924862337010522,-1.56664800071707,0.929902819453265,-0.318372590631902,2.49655082017033,-2.17558085378635,-1.04688281940014,0.862885764814304,1.01679994685813,-0.624237126552842,-0.0526078830657182,1.97110108358331,3.11330967707636,TRUE
"fixed_design","RQR",273,0.00927643784786647,0.765182741245173,0.357859156480943,-1.88423908631508,0.928266282811292,-1.56716093318073,0.933272966326394,-0.316943983427167,2.50043389950712,-2.17613766032164,-1.04737102880496,0.866263281549008,1.02019963149002,-0.623104032295865,-0.0509791676159456,1.97536506089081,3.11753557040095,TRUE
"fixed_design","RQR",274,0.0129870129870131,0.0691697602507718,0.360988362287064,-1.88215732892188,0.931661967591343,-1.56776327310643,0.936635423735379,-0.315563924685524,2.50439869684181,-2.17656507475741,-1.04726314553913,0.869592096424679,1.02362616179913,-0.621277096067319,-0.0501063132284558,1.97952347966583,3.12187259526502,TRUE
"fixed_design","RQR",275,0.0166975881261595,0.289821246523819,0.364109307072466,-1.88008383254939,0.935049391350676,-1.56845502049417,0.939990191680219,-0.314232414406975,2.50844521217439,-2.17669946420349,-1.04833959072109,0.87290327717994,1.0270538895643,-0.620070736104255,-0.0490099637314657,1.98306304857038,3.12574056544348,TRUE
"fixed_design","RQR",276,0.0204081632653061,0.515310288629924,0.367221990837151,-1.87801859719762,0.938428554089291,-1.56923617534395,0.943337270160915,-0.312949452591518,2.51257344550487,-2.17756552573331,-1.0490334199603,0.876280024954222,1.03035007484551,-0.619008335285452,-0.0480941130778693,1.98744817394149,3.12912908591395,TRUE
"fixed_design","RQR",277,0.0241187384044528,0.41827452583394,0.370326413581118,-1.87596162286657,0.941799455807188,-1.57010673765578,0.946676659177466,-0.311715039239155,2.51678339683324,-2.1789271315573,-1.05030193786065,0.87968625058918,1.03365102045404,-0.617987902908624,-0.0467032814280575,1.99122230333989,3.13359697690323,TRUE
"fixed_design","RQR",278,0.0278293135435992,0.849284016317489,0.373422575304367,-1.87391290955624,0.945162096504367,-1.57106670742964,0.950008358729873,-0.310529174349884,2.52107506615951,-2.17943324798372,-1.05175843164339,0.883053033005009,1.03696851810269,-0.617313904840603,-0.0454091857875653,1.99555096798508,3.13734197499585,TRUE
"fixed_design","RQR",279,0.0315398886827458,0.174016410488915,0.376510476006898,-1.87187245726663,0.948516476180829,-1.57211608466555,0.953332368818135,-0.309391857923705,2.52544845348368,-2.17988357242981,-1.05296963682809,0.886358832346071,1.04032280343992,-0.616117656000889,-0.0440978910962113,1.99970314143059,3.14090679991408,TRUE
"fixed_design","RQR",280,0.0352504638218925,0.305715145875998,0.379590115688711,-1.86984026599773,0.951862594836572,-1.57325486936349,0.956648689442253,-0.30830308996062,2.52990355880575,-2.18118231436447,-1.05401664926168,0.889663736051543,1.04344736726376,-0.614869451483399,-0.0430499280697069,2.00444359431669,3.14552237524662,TRUE
"fixed_design","RQR",281,0.0389610389610391,0.947359761304955,0.382661494349806,-1.86781633574955,0.955200452471597,-1.57448306152348,0.959957320602226,-0.307262870460627,2.53444038212571,-2.18266342937425,-1.05568825541716,0.892984339190127,1.04664105686566,-0.613749322190408,-0.0421007365445408,2.00918265368942,3.14992957390409,TRUE
"fixed_design","RQR",282,0.0426716141001855,0.417190571693499,0.385724611990183,-1.86580066652209,0.958530049085905,-1.57580066114551,0.963258262298055,-0.306271199423727,2.53905892344356,-2.18422177199623,-1.0569880350123,0.896180325216643,1.05003483086254,-0.613101532519293,-0.0412300448952856,2.01388242338607,3.15408139739478,TRUE
"fixed_design","RQR",283,0.0463821892393321,0.0797093180740304,0.388779468609842,-1.86379325831535,0.961851384679494,-1.57720766822958,0.96655151452974,-0.30532807684992,2.54375918275932,-2.18530455073029,-1.05820559672831,0.899509371746847,1.05314485601854,-0.611808730917103,-0.0398743441725914,2.01897839518291,3.15905648909047,TRUE
"fixed_design","RQR",284,0.0500927643784788,0.46296246998601,0.391826064208784,-1.86179411112933,0.965164459252366,-1.57870408277569,0.96983707729728,-0.304433502739206,2.54854116007297,-2.18567778514676,-1.05936507340886,0.902746639379638,1.05640497880785,-0.610672008150174,-0.0389486300129187,2.02336934216755,3.16271896872052,TRUE
"fixed_design","RQR",285,0.0538033395176252,0.840066914698845,0.394864398787007,-1.85980322496402,0.968469272804519,-1.58028990478384,0.973114950600675,-0.303587477091585,2.55340485538452,-2.18735230814168,-1.06141383071419,0.906013823201785,1.05958204870789,-0.609484172487649,-0.0382116392905731,2.02827425234948,3.16673125910948,TRUE
"fixed_design","RQR",286,0.0575139146567718,0.578468125189405,0.397894472344512,-1.85782059981943,0.971765825335955,-1.58196513425404,0.976385134439926,-0.302789999907056,2.55835026869396,-2.18878962600319,-1.06331892456585,0.909400184564984,1.06270266325413,-0.608761062229251,-0.0374397955874342,2.03358016023707,3.17142248349639,TRUE
"fixed_design","RQR",287,0.0612244897959184,0.158635631217702,0.400916284881299,-1.85584623569556,0.975054116846673,-1.58372977118627,0.979647628815033,-0.30204107118562,2.56337740000131,-2.1904812548003,-1.06560525218091,0.912705287472344,1.06607477111437,-0.607524296513066,-0.0367664016154591,2.03911985679961,3.17574837281473,TRUE
"fixed_design","RQR",288,0.0649350649350648,0.750370054092472,0.403929836397369,-1.85388013259241,0.978334147336672,-1.58558381558055,0.982902433725995,-0.301340690927277,2.56848624930654,-2.19233718289761,-1.06671583246517,0.915976350402527,1.06917657190025,-0.606254433209245,-0.0363446177126938,2.0451764544672,3.18041527370019,TRUE
"fixed_design","RQR",289,0.0686456400742115,0.978992809521857,0.40693512689272,-1.85192229050998,0.981605916805954,-1.58752726743687,0.986149549172813,-0.300688859132026,2.57367681660968,-2.19407832129647,-1.0689490326398,0.919104274927073,1.07250751737868,-0.604967540796115,-0.0357375555124514,2.05080751883378,3.18502403433339,TRUE
"fixed_design","RQR",290,0.0723562152133581,0.89461348138851,0.409932156367354,-1.84997270944826,0.984869425254518,-1.58956012675522,0.989388975155486,-0.300085575799869,2.57894910191071,-2.19547599296428,-1.07170378744263,0.92231548234584,1.07574876306203,-0.60427363466569,-0.0351395239838558,2.05616819152963,3.18991606427146,TRUE
"fixed_design","RQR",291,0.0760667903525047,0.487309497305417,0.412920924821269,-1.84803138940726,0.988124672682364,-1.59168239353562,0.992620711674015,-0.299530840930804,2.58430310520964,-2.19693885221745,-1.07360955370359,0.925552513024562,1.07890442068526,-0.603295609512943,-0.0345369523034645,2.06138420246964,3.19481186394542,TRUE
"fixed_design","RQR",292,0.0797773654916512,0.71295920019014,0.415901432254467,-1.84609833038698,0.991371659089492,-1.59389406777806,0.995844758728399,-0.299024654524832,2.58973882650646,-2.19888093486297,-1.07576801740393,0.928789958912013,1.08203103600249,-0.602500371174576,-0.0340039096516357,2.06733303381596,3.19891312560663,TRUE
"fixed_design","RQR",293,0.0834879406307978,0.464840920755325,0.418873678666947,-1.84417353238742,0.994610384475902,-1.59619514948255,0.999061116318639,-0.298567016581953,2.59525626580118,-2.20004121980271,-1.0783325801157,0.932092523344517,1.08508524767046,-0.601950195233041,-0.0336970141889946,2.07315888699427,3.20267749909294,TRUE
"fixed_design","RQR",294,0.0871985157699444,0.973318205991631,0.421837664058708,-1.84225699540857,0.997840848841594,-1.59858563864907,1.00226978444473,-0.298157927102167,2.6008554230938,-2.20164531208322,-1.08171952058728,0.935341761071423,1.08828078541228,-0.600831581404796,-0.0333655005117249,2.07928318356468,3.20859923545789,TRUE
"fixed_design","RQR",295,0.0909090909090908,0.533649489093325,0.424793388429752,-1.84034871945045,1.00106305218657,-1.60106553527763,1.00547076310669,-0.297797386085473,2.60653629838432,-2.2023931829614,-1.08400805779265,0.938572725382517,1.09147584343344,-0.60026751663083,-0.0334913261969398,2.08571107963427,3.21230083170313,TRUE
"fixed_design","RQR",296,0.0946196660482375,0.823575843032745,0.427740851780078,-1.83844870451304,1.00427699451082,-1.60363483936824,1.00866405230449,-0.297485393531872,2.61229889167273,-2.20464712545733,-1.08734894404652,0.941837593979785,1.09460222067417,-0.599732698072467,-0.0330062665566844,2.09182260111221,3.21834610613811,TRUE
"fixed_design","RQR",297,0.0983302411873841,0.356452323553717,0.430680054109686,-1.83655695059635,1.00748267581436,-1.60629355092088,1.01184965203815,-0.297221949441364,2.61814320295904,-2.20701577708244,-1.09066903479307,0.945129669274704,1.09773808189887,-0.598759435047713,-0.0330732954578362,2.09871630923706,3.22244772308115,TRUE
"fixed_design","RQR",298,0.102040816326531,0.112451706759792,0.433610995418576,-1.83467345770037,1.01068009609718,-1.60904166993557,1.01502756230767,-0.297007053813949,2.62406923224324,-2.20987234683058,-1.09321117842057,0.948306531174198,1.1007124934126,-0.598323819836502,-0.0330005363846957,2.10573559005797,3.22750172952457,TRUE
"fixed_design","RQR",299,0.105751391465677,0.762047337454852,0.436533675706748,-1.83279822582512,1.01386925535928,-1.6118791964123,1.01819778311304,-0.296840706649627,2.63007697952534,-2.21082219337555,-1.09696334865965,0.951548350776658,1.10376280982416,-0.597926271916524,-0.0329179222002743,2.11226574067684,3.23140397021671,TRUE
"fixed_design","RQR",300,0.109461966604824,0.664737792986768,0.439448094974202,-1.83093125497058,1.01705015360067,-1.61480613035107,1.02136031445427,-0.296722907948397,2.63616644480534,-2.21307600313145,-1.10098233151093,0.954767173308103,1.10684482734216,-0.597520291262022,-0.0332971077099623,2.11861864936975,3.23756643789442,TRUE
"fixed_design","RQR",301,0.11317254174397,0.584603527074286,0.442354253220938,-1.82907254513676,1.02022279082134,-1.61782247175188,1.02451515633136,-0.29665365771026,2.64233762808324,-2.21491213063189,-1.10450019727874,0.957952610271008,1.10998216852718,-0.597117429569956,-0.0334354298428565,2.12551078218878,3.24295308049249,TRUE
"fixed_design","RQR",302,0.116883116883117,-0.0602342706470371,0.445252150446956,-1.82722209632366,1.02338716702128,-1.62092822061473,1.0276623087443,-0.296632955935216,2.64859052935903,-2.21748918910756,-1.10847242048349,0.961155036952858,1.11296404630704,-0.59692614361921,-0.0338478379373164,2.13222694416937,3.24880116742884,TRUE
"fixed_design","RQR",303,0.120593692022263,0.781027259902533,0.448141786652256,-1.82537990853128,1.02654328220051,-1.62412337693962,1.03080177169309,-0.296660802623265,2.65492514863271,-2.22128650990403,-1.11234161199022,0.964381431680392,1.11593371705919,-0.596665794291808,-0.0342921834858154,2.13909928337396,3.25452391551386,TRUE
"fixed_design","RQR",304,0.12430426716141,0.762024628983651,0.451023161836838,-1.82354598175961,1.02969113635903,-1.62740794072656,1.03393354517774,-0.296737197774407,2.6613414859043,-2.22353699106636,-1.11538953861157,0.967549945543373,1.11895851275071,-0.596151268615754,-0.0347753685893228,2.14661469815473,3.26003685644527,TRUE
"fixed_design","RQR",305,0.128014842300557,0.99403817036221,0.453896276000702,-1.82172031600867,1.03283072949682,-1.63078191197553,1.03705762919825,-0.296862141388641,2.66783954117378,-2.22599784385725,-1.11997003866101,0.970694307791621,1.12196548552195,-0.595786205937292,-0.0351036511172746,2.15328714819743,3.26437167649507,TRUE
"fixed_design","RQR",306,0.131725417439703,0.793866879407912,0.456761129143848,-1.81990291127844,1.0359620616139,-1.63424529068655,1.04017402375461,-0.297035633465968,2.67441931444116,-2.22826933138005,-1.12293761029908,0.973920819279049,1.12498896548529,-0.595252762320989,-0.0355304134744771,2.16027475836531,3.26994303385595,TRUE
"fixed_design","RQR",307,0.13543599257885,0.477218939612967,0.459617721266277,-1.81809376756893,1.03908513271026,-1.6377980768596,1.04328272884683,-0.297257674006388,2.68108080570643,-2.23111734247434,-1.12775106542768,0.977116308459799,1.12785918338588,-0.594859314236003,-0.0358616561001588,2.16766713555243,3.27446703474732,TRUE
"fixed_design","RQR",308,0.139146567717996,1.04215601878005,0.462466052367987,-1.81629288488013,1.0421999427859,-1.6414402704947,1.0463837444749,-0.297528263009901,2.6878240149696,-2.23409188853064,-1.13178954273781,0.980337288153638,1.13101169085103,-0.594641530874823,-0.0366089910856142,2.17501394846621,3.2803064202622,TRUE
"fixed_design","RQR",309,0.142857142857143,0.859393752987536,0.46530612244898,-1.81450026321206,1.04530649184082,-1.64517187159184,1.04947707063883,-0.297847400476506,2.69464894223067,-2.23673577475541,-1.13560854929357,0.983445969379218,1.13407636871359,-0.594807372196674,-0.0374769662080618,2.182606600891,3.2861907222986,TRUE
"fixed_design","RQR",310,0.146567717996289,0.973012754709895,0.468137931509254,-1.8127159025647,1.04840477987503,-1.64899288015102,1.05256270733861,-0.298215086406205,2.70155558748964,-2.23931054622964,-1.13999504912168,0.986576987475283,1.13710737186089,-0.594771072214379,-0.0380887982233869,2.19014210186486,3.29181147373848,TRUE
"fixed_design","RQR",311,0.150278293135436,-1.896495357045,0.470961479548811,-1.81093980293806,1.05149480688851,-1.65290329617224,1.05564065457425,-0.298631320798996,2.7085439507465,-2.24202551120749,-1.14476240791797,0.989748903000758,1.14003612861993,-0.59465276451257,-0.0387152030891197,2.19782062810275,3.29806492990274,TRUE
"fixed_design","RQR",312,0.153988868274582,1.04628357563188,0.473776766567649,-1.80917196433214,1.05457657288128,-1.65690311965551,1.05871091234575,-0.29909610365488,2.71561403200126,-2.24494310455576,-1.14919939880801,0.992909193983663,1.14302472832194,-0.595043574796347,-0.0395810738884668,2.20507167451118,3.30439591316763,TRUE
"fixed_design","RQR",313,0.157699443413729,0.871496284561852,0.47658379256577,-1.80741238674694,1.05765007785333,-1.66099235060081,1.0617734806531,-0.299609434973856,2.72276583125391,-2.24761824601231,-1.15375405518427,0.99612570877006,1.1459161556601,-0.595440932293113,-0.0402679276567812,2.21285162449363,3.30897005808931,TRUE
"fixed_design","RQR",314,0.161410018552876,1.06699534327108,0.479382557543172,-1.80566107018245,1.06071532180466,-1.66517098900816,1.06482835949631,-0.300171314755926,2.72999934850446,-2.24941637434465,-1.15860446189581,0.999230087345426,1.14885041181244,-0.59547084604156,-0.041198931863255,2.22066296169082,3.31605350880935,TRUE
"fixed_design","RQR",315,0.165120593692022,0.87984184424376,0.482173061499857,-1.80391801463868,1.06377230473528,-1.66943903487754,1.06787554887537,-0.300781743001088,2.73731458375291,-2.25196046733178,-1.16397734957492,1.00229465032506,1.15171401239673,-0.59580591361423,-0.0423087665157962,2.22857395940532,3.32229816272302,TRUE
"fixed_design","RQR",316,0.168831168831169,0.0100170869455706,0.484955304435824,-1.80218322011563,1.06682102664518,-1.67379648820897,1.07091504879028,-0.301440719709343,2.74471153699925,-2.25375756473574,-1.16938394461639,1.00535324161939,1.15453277845146,-0.595858520408476,-0.0433813681358838,2.23659170061944,3.3278064436052,TRUE
"fixed_design","RQR",317,0.172541743970315,0.996194106249807,0.487729286351073,-1.8004566866133,1.06986148753436,-1.67824334900244,1.07394685924106,-0.302148244880691,2.7521902082435,-2.25755124536956,-1.17449117771636,1.00839832794705,1.15740357077124,-0.596005061316663,-0.0443811954251953,2.24434971865233,3.33409785142738,TRUE
"fixed_design","RQR",318,0.176252319109462,0.591710164912743,0.490495007245604,-1.79873841413169,1.07289368740282,-1.68277961725795,1.07697098022769,-0.302904318515131,2.75975059748563,-2.26155016299119,-1.17923638519939,1.01149676701223,1.16034839933327,-0.596662474974954,-0.0455223718936536,2.25228733444925,3.34134057162263,TRUE
"fixed_design","RQR",319,0.179962894248608,1.04113216194341,0.493252467119416,-1.79702840267079,1.07591762625056,-1.6874052929755,1.07998741175017,-0.303708940612665,2.76739270472567,-2.26497889147655,-1.1844723523413,1.0146526735142,1.16320228093027,-0.596696631005995,-0.0466444476146753,2.26019932359252,3.34844305061904,TRUE
"fixed_design","RQR",320,0.183673469387755,0.505175654795697,0.496001665972511,-1.79532665223061,1.07893330407759,-1.69212037615509,1.08299615380851,-0.304562111173291,2.7751165299636,-2.26783018437333,-1.18991338766385,1.0177463653593,1.16607987176684,-0.596705899802219,-0.0478251330223706,2.26839306482527,3.35447181201837,TRUE
"fixed_design","RQR",321,0.187384044526902,0.947206749456331,0.498742603804888,-1.79363316281115,1.08194072088389,-1.69692486679672,1.0859972064027,-0.30546383019701,2.78292207319943,-2.27201946466369,-1.19527101273267,1.02078780547332,1.16893825792401,-0.596968345130292,-0.0490533759418183,2.27651796763782,3.36156148175313,TRUE
"fixed_design","RQR",322,0.191094619666048,1.02237561382454,0.501475280616548,-1.79194793441241,1.08493987666948,-1.7018187649004,1.08899056953275,-0.306414097683822,2.79080933443315,-2.2763130802066,-1.20096386417076,1.02380685250313,1.17183221428478,-0.597472612044192,-0.0500774763997796,2.28469584692001,3.36817688533217,TRUE
"fixed_design","RQR",323,0.194805194805195,0.743189429450186,0.504199696407489,-1.79027096703439,1.08793077143435,-1.70680207046611,1.09197624319866,-0.307412913633727,2.79877831366477,-2.27965299938261,-1.20689969099635,1.02696348950555,1.1746616105548,-0.598285374152278,-0.0513693736672023,2.29374776685291,3.37594264023629,TRUE
"fixed_design","RQR",324,0.198515769944341,1.05712301306267,0.506915851177712,-1.78860226067708,1.09091340517851,-1.71187478349387,1.09495422740042,-0.308460278046724,2.80682901089429,-2.28366147962247,-1.21260461952156,1.03001796056043,1.17751248685923,-0.598439963703605,-0.052765845777952,2.30270810709986,3.38235904556658,TRUE
"fixed_design","RQR",325,0.202226345083488,0.83580233169056,0.509623744927217,-1.78694181534049,1.09388777790194,-1.71703690398367,1.09792452213804,-0.309556190922814,2.8149614261217,-2.28847059857492,-1.21855614033636,1.03304749270839,1.18034838104842,-0.598945442707756,-0.0544403979034308,2.31213640082637,3.38874745538776,TRUE
"fixed_design","RQR",326,0.205936920222634,0.906401429107534,0.512323377656004,-1.78528963102462,1.09685388960466,-1.7222884319355,1.10088712741151,-0.310700652261997,2.82317555934702,-2.29181212573413,-1.22486465192235,1.03606171826123,1.1831643749036,-0.599496321782129,-0.0561721161133584,2.32133181787849,3.39611309882846,TRUE
"fixed_design","RQR",327,0.209647495361781,-0.931478638969893,0.515014749364073,-1.78364570772947,1.09981174028666,-1.72762936734938,1.10384204322084,-0.311893662064273,2.83147141057022,-2.29737284766832,-1.23087260925152,1.03906579513577,1.18593831737147,-0.600086537404034,-0.0579499940180711,2.32911026958444,3.4036983601909,TRUE
"fixed_design","RQR",328,0.213358070500928,-1.230508389666,0.517697860051425,-1.78201004545504,1.10276132994794,-1.73305971022531,1.10678926956602,-0.313135220329641,2.83984897979133,-2.30313834328238,-1.23648138496471,1.04210498954519,1.18886271406199,-0.601139827354157,-0.0597615505279378,2.33807506679778,3.41134251810361,TRUE
"fixed_design","RQR",329,0.217068645640074,0.977941873043834,0.520372709718058,-1.78038264420132,1.10570265858851,-1.73857946056327,1.10972880644706,-0.314425327058103,2.84830826701033,-2.30833921460879,-1.24184936371015,1.04504682366023,1.19162658604731,-0.602048562227967,-0.0614666538011563,2.34701625236564,3.41868872546743,TRUE
"fixed_design","RQR",330,0.220779220779221,-0.596030579872266,0.523039298363974,-1.77876350396832,1.10863572620835,-1.74418861836327,1.11266065386396,-0.315763982249657,2.85684927222723,-2.31380865711668,-1.2485326030091,1.04803953276826,1.19443280697586,-0.603322222897835,-0.0633591212576134,2.35657601971355,3.42579513821408,TRUE
"fixed_design","RQR",331,0.224489795918367,0.406313240713901,0.525697625989171,-1.77715262475604,1.11156053280748,-1.74988718362531,1.11558481181671,-0.317151185904304,2.86547199544202,-2.31817492312895,-1.25428680782881,1.05113857210283,1.19719039539694,-0.60372309027184,-0.0653378852067065,2.36677139243636,3.43377053323285,TRUE
"fixed_design","RQR",332,0.228200371057514,0.54927402578394,0.528347692593651,-1.77555000656448,1.11447707838589,-1.7556751563494,1.11850128030531,-0.318586938022044,2.87417643665471,-2.32264093103505,-1.26055026512746,1.05411976330599,1.19992800009562,-0.604049739630378,-0.0673299621033066,2.37572403880497,3.44154226461746,TRUE
"fixed_design","RQR",333,0.23191094619666,1.06569029882709,0.530989498177412,-1.77395564939363,1.11738536294358,-1.76155253653553,1.12141005932977,-0.320071238602876,2.8829625958653,-2.32803437365625,-1.26751165051034,1.05715052730772,1.20271837084812,-0.604254972413788,-0.0691214832074769,2.3853270585708,3.44957979960995,TRUE
"fixed_design","RQR",334,0.235621521335807,-0.24702796223115,0.533623042740456,-1.77236955324351,1.12028538648056,-1.76751932418369,1.12431114889009,-0.321604087646801,2.89183047307378,-2.33391340525743,-1.27450280009305,1.06016716972087,1.20537119466011,-0.605394664511694,-0.0708290676158075,2.39469708015716,3.45649399602546,TRUE
"fixed_design","RQR",335,0.239332096474954,0.411347712231327,0.536248326282782,-1.7707917181141,1.12317714899681,-1.7735755192939,1.12720454898626,-0.323185485153819,2.90078006828017,-2.33870115580705,-1.28105473705614,1.06314746673357,1.20818569164727,-0.606745528838325,-0.072798101201928,2.40468864247741,3.464901446354,TRUE
"fixed_design","RQR",336,0.2430426716141,-1.09155644968174,0.538865348804389,-1.76922214400541,1.12606065049235,-1.77972112186615,1.13009025961829,-0.32481543112393,2.90981138148444,-2.34255111052832,-1.28798331668979,1.06612067349011,1.21104489168632,-0.60741584381212,-0.0746787156015964,2.41470358088654,3.47277270526588,TRUE
"fixed_design","RQR",337,0.246753246753247,1.07133249772812,0.541474110305279,-1.76766083091743,1.12893589096717,-1.78595613190044,1.13296828078617,-0.326493925557134,2.91892441268662,-2.34639902066906,-1.29548255288545,1.06907848025007,1.21385639872342,-0.608492992360118,-0.0766860440729942,2.42420940085352,3.4810651837062,TRUE
"fixed_design","RQR",338,0.250463821892393,-0.258851971542233,0.544074610785451,-1.76610777885018,1.13180287042127,-1.79228054939677,1.13583861248991,-0.32822096845343,2.92811916188669,-2.35169767383155,-1.30284850924516,1.07207604651406,1.21669048862331,-0.609496634364305,-0.0789086712877683,2.43427518779663,3.4894127768913,TRUE
"fixed_design","RQR",339,0.25417439703154,1.08253579370772,0.546666850244905,-1.76456298780364,1.13466158885466,-1.79869437435515,1.13870125472951,-0.32999655981282,2.93739562908466,-2.35553730361353,-1.31033491237138,1.0749424941206,1.21926153602731,-0.610980233944891,-0.0809494887541007,2.44543824279495,3.49605373298147,TRUE
"fixed_design","RQR",340,0.257884972170686,-0.191835825463325,0.549250828683641,-1.76302645777782,1.13751204626732,-1.80519760677556,1.14155620750496,-0.331820699635302,2.94675381428052,-2.36059674806075,-1.31740963555759,1.07788498958751,1.22188047951598,-0.612991168948157,-0.0830703624554286,2.45510774844649,3.50405480199521,TRUE
"fixed_design","RQR",341,0.261595547309833,0.981273119033985,0.551826546101659,-1.76149818877272,1.14035424265927,-1.81179024665802,1.14440347081626,-0.333693387920877,2.95619371747428,-2.36644608873469,-1.32420544392206,1.08088808636265,1.22444219102349,-0.614120685033708,-0.0853801915390781,2.46541833304664,3.51235394830914,TRUE
"fixed_design","RQR",342,0.26530612244898,-0.607073289735143,0.554394002498959,-1.75997818078834,1.1431881780305,-1.81847229400251,1.14724304466343,-0.335614624669544,2.96571533866594,-2.37178634587472,-1.33209190281282,1.08388268268401,1.22717997866321,-0.61511287838906,-0.0876077674850484,2.47512367651629,3.52245825191816,TRUE
"fixed_design","RQR",343,0.269016697588126,0.92010890431202,0.556953197875541,-1.75846643382468,1.14601385238101,-1.82524374880905,1.15007492904644,-0.337584409881305,2.97531867785549,-2.37650959335673,-1.33976082171952,1.08684708690762,1.23000739167948,-0.617051022651041,-0.0902517757226813,2.48507827435705,3.53063690418739,TRUE
"fixed_design","RQR",344,0.272727272727273,1.0036042886758,0.559504132231405,-1.75696294788173,1.14883126571081,-1.83210461107763,1.15289912396531,-0.339602743556158,2.98500373504294,-2.38170036091252,-1.34705332042932,1.08978854741741,1.23267114875329,-0.618720064685598,-0.0927851687330737,2.49496236165342,3.53880894135127,TRUE
"fixed_design","RQR",345,0.276437847866419,1.13208823206824,0.562046805566551,-1.7554677229595,1.15164041801988,-1.83905488080825,1.15571562942004,-0.341669625694104,2.99477051022829,-2.38795675809215,-1.35465208303699,1.09270045148658,1.23529878439629,-0.620200166702665,-0.0952084657340731,2.50542650504858,3.54683679044205,TRUE
"fixed_design","RQR",346,0.280148423005566,0.601872622574215,0.564581217880979,-1.75398075905799,1.15444130930824,-1.84609455800091,1.15852444541063,-0.343785056295143,3.00461900341154,-2.39370215932752,-1.36240440563486,1.09558234470424,1.23774432594156,-0.621455346426413,-0.0975600142072346,2.51586522018054,3.55512102104845,TRUE
"fixed_design","RQR",347,0.283858998144712,0.961519728435442,0.56710736917469,-1.75250205617719,1.15723393957588,-1.85322364265561,1.16132557193706,-0.345949035359274,3.01454921459268,-2.39865043949752,-1.37086483165931,1.09858453421164,1.24035268960247,-0.622987758854432,-0.10038256554888,2.52746668860404,3.56389375073505,TRUE
"fixed_design","RQR",348,0.287569573283859,0.903775152258103,0.569625259447682,-1.75103161431712,1.16001830882281,-1.86044213477236,1.16411900899936,-0.348161562886499,3.02456114377172,-2.40438347264983,-1.37795999160228,1.1014676043277,1.24282493399747,-0.624543780063734,-0.102994980207466,2.53831104060177,3.57318056303047,TRUE
"fixed_design","RQR",349,0.291280148423006,0.216166771092614,0.572134888699956,-1.74956943347776,1.16279441704901,-1.86775003435114,1.16690475659751,-0.350422638876816,3.03465479094865,-2.41042910485406,-1.38606057993563,1.10437532276329,1.24540454935998,-0.625761806818777,-0.105740310765184,2.54921295469412,3.58095897009129,TRUE
"fixed_design","RQR",350,0.294990723562152,1.18175195463035,0.574636256931513,-1.74811551365912,1.1655622642545,-1.87514734139197,1.16968281473151,-0.352732263330226,3.04483015612348,-2.41631365822529,-1.3942659839795,1.10732932929525,1.24820556213026,-0.62779388470284,-0.108248175103614,2.56024808013627,3.59085037386929,TRUE
"fixed_design","RQR",351,0.298701298701299,0.432854510317814,0.577129364142351,-1.7466698548612,1.16832185043927,-1.88263405589483,1.17245318340138,-0.355090436246729,3.05508723929621,-2.42277430119641,-1.40244675013353,1.11024524832595,1.25063909268935,-0.629258421218404,-0.110891611251612,2.5704549672503,3.60044232926544,TRUE
"fixed_design","RQR",352,0.302411873840445,0.861058292403623,0.579614210332472,-1.745232457084,1.17107317560332,-1.89021017785974,1.17521586260709,-0.357497157626324,3.06542604046683,-2.4297740700587,-1.41050084995492,1.1130875016766,1.25334982598401,-0.63077266445412,-0.113592423669295,2.58133095316986,3.61022538342774,TRUE
"fixed_design","RQR",353,0.306122448979592,0.890941673513175,0.582090795501874,-1.74380332032751,1.17381623974665,-1.89787570728669,1.17797085234866,-0.359952427469013,3.07584655963535,-2.43717873779312,-1.41924378468007,1.11590514970178,1.25594146246511,-0.632676603513201,-0.116099279759424,2.59358476071602,3.61961323868861,TRUE
"fixed_design","RQR",354,0.309833024118738,0.381030317003319,0.584559119650559,-1.74238244459174,1.17655104286926,-1.90563064417568,1.18071815262609,-0.362456245774794,3.08634879680177,-2.44312895420891,-1.42789847055658,1.11877798540124,1.25848922492809,-0.634697392096905,-0.119135972808935,2.60422160303826,3.62971129012881,TRUE
"fixed_design","RQR",355,0.313543599257885,0.438924020966999,0.587019182778525,-1.7409698298767,1.17927758497116,-1.91347498852671,1.18345776343938,-0.365008612543668,3.09693275196609,-2.45032567698101,-1.43632024241932,1.12163319310205,1.2610819704715,-0.636869356699198,-0.121698661154066,2.61488142329139,3.63956405110722,TRUE
"fixed_design","RQR",356,0.317254174397032,0.904485919200635,0.589470984885774,-1.73956547618236,1.18199586605234,-1.92140874033978,1.18618968478851,-0.367609527775634,3.1075984251283,-2.4571324515787,-1.44498510336366,1.12443786368001,1.26358272206284,-0.638884430880888,-0.124666844615659,2.62542463388225,3.65004339588563,TRUE
"fixed_design","RQR",357,0.320964749536178,0.795516429213705,0.591914525972305,-1.73816938350875,1.1847058861128,-1.9294318996149,1.18891391667351,-0.370258991470694,3.1183458162884,-2.46469281947105,-1.45408043429893,1.12729435657235,1.26601617344824,-0.641082051709511,-0.127808552409878,2.63731277746846,3.66003950428389,TRUE
"fixed_design","RQR",358,0.324675324675325,0.617304370681028,0.594349806038118,-1.73678155185585,1.18740764515255,-1.93754446635205,1.19163045909436,-0.372957003628846,3.12917492544641,-2.47133821384798,-1.46312304397343,1.13021152967148,1.26849497823444,-0.642668641683661,-0.130506470311436,2.64954785475716,3.67036932187662,TRUE
"fixed_design","RQR",359,0.328385899814471,-0.372164349448679,0.596776825083213,-1.73540198122368,1.19010114317157,-1.94574644055125,1.19433931205106,-0.375703564250091,3.14008575260231,-2.48054847362593,-1.47122235925578,1.13305306281701,1.2709741705957,-0.644119518422839,-0.133500021373244,2.66096594633288,3.68096305309224,TRUE
"fixed_design","RQR",360,0.332096474953618,-1.62620865168745,0.599195583107589,-1.73403067161222,1.19278638016988,-1.95403782221248,1.19704047554362,-0.378498673334429,3.15107829775611,-2.48800995760277,-1.48018227325321,1.13578704177948,1.27360680438044,-0.646374310152708,-0.136378268365863,2.67257356444961,3.69139277725526,TRUE
"fixed_design","RQR",361,0.335807050092764,-0.21177561469645,0.601606080111248,-1.73266762302147,1.19546335614747,-1.96241861133576,1.19973394957204,-0.38134233088186,3.1621525609078,-2.49378170962166,-1.48905994536534,1.13850151567472,1.27600516624436,-0.648830100070818,-0.139399695995868,2.68453679318189,3.70216572617361,TRUE
"fixed_design","RQR",362,0.339517625231911,-0.0859989985932335,0.604008316094189,-1.73131283545145,1.19813207110434,-1.97088880792108,1.20241973413631,-0.384234536892383,3.17330854205739,-2.50033604335806,-1.49767685788789,1.14131539040628,1.27852904762282,-0.651850019893077,-0.142883095202017,2.69620856604335,3.7125076391167,TRUE
"fixed_design","RQR",363,0.343228200371058,-1.58542537947741,0.606402291056412,-1.72996630890214,1.20079252504049,-1.97944841196844,1.20509782923644,-0.387175291365999,3.18454624120488,-2.50876972025565,-1.50676274060501,1.14414037914485,1.28106265951479,-0.654472452445535,-0.146072735978848,2.70805737665456,3.72268151697945,TRUE
"fixed_design","RQR",364,0.346938775510204,1.2163861157011,0.608788004997918,-1.72862804337356,1.20344471795593,-1.98809742347784,1.20776823487242,-0.390164594302708,3.19586565835026,-2.51706361876224,-1.51517105420497,1.14702695738379,1.28368203448041,-0.657397377343565,-0.149538292674422,2.71953955216456,3.73282359709016,TRUE
"fixed_design","RQR",365,0.350649350649351,1.21317456300198,0.611165457918705,-1.72729803886569,1.20608864985064,-1.99683584244928,1.21043095104426,-0.39320244570251,3.20726679349354,-2.52589265611021,-1.52363592277362,1.14969943259341,1.28608157260287,-0.659742060585409,-0.153160997573886,2.73157088259115,3.74284871211026,TRUE
"fixed_design","RQR",366,0.354359925788497,1.09816623423876,0.613534649818774,-1.72597629537853,1.20872432072464,-2.00566366888277,1.21308597775196,-0.396288845565405,3.21874964663472,-2.53445140839451,-1.53394398410315,1.15258329647074,1.28856919043802,-0.662597185320519,-0.156151173976998,2.74367707322087,3.75321120852592,TRUE
"fixed_design","RQR",367,0.358070500927644,0.796524148294566,0.615895580698125,-1.7246628129121,1.21135173057793,-2.01458090277829,1.21573331499551,-0.399423793891392,3.2303142177738,-2.54273853637788,-1.54339467808908,1.15525847693271,1.29108464295573,-0.665138382176022,-0.159658635541464,2.75482523714034,3.76396966503887,TRUE
"fixed_design","RQR",368,0.36178107606679,0.659151189686747,0.618248250556758,-1.72335759146638,1.21397087941049,-2.02358754413586,1.21837296277491,-0.402607290680473,3.24196050691077,-2.55108205350934,-1.55210925813524,1.1580274656765,1.29363581617765,-0.667493337820135,-0.163134382490112,2.76723874179566,3.77517703607514,TRUE
"fixed_design","RQR",369,0.365491651205937,-0.114077191539452,0.620592659394674,-1.72206063104139,1.21658176722233,-2.03268359295546,1.22100492109017,-0.405839335932646,3.25368851404563,-2.55959878926204,-1.56105524215565,1.16072747774709,1.29599931255862,-0.670257272110708,-0.166222450972792,2.77937234985038,3.78666183303401,TRUE
"fixed_design","RQR",370,0.369202226345084,1.16242235607575,0.622928807211871,-1.72077193163711,1.21918439401346,-2.04186904923711,1.22362918994129,-0.409119929647911,3.2654982391784,-2.56855982630356,-1.56976526251105,1.16356737337606,1.29863196201047,-0.672877456975263,-0.169820359738423,2.79122798322128,3.79771302107482,TRUE
"fixed_design","RQR",371,0.37291280148423,0.683906654979172,0.62525669400835,-1.71949149325354,1.22177875978387,-2.0511439129808,1.22624576932826,-0.41244907182627,3.27738968230906,-2.57673420343517,-1.57913001131271,1.16616627317461,1.30106248413309,-0.676017897047055,-0.173308026791585,2.80273432490496,3.80859361778273,TRUE
"fixed_design","RQR",372,0.376623376623377,0.911327566012073,0.627576319784112,-1.7182193158907,1.22436486453356,-2.06050818418653,1.22885465925109,-0.415826762467721,3.28936284343762,-2.5832791206218,-1.58886164654252,1.16889768780873,1.30347397409776,-0.678961313182449,-0.176754086599714,2.81501312808354,3.81953515580159,TRUE
"fixed_design","RQR",373,0.380333951762523,0.904389814226067,0.629887684539155,-1.71695539954857,1.22694270826254,-2.0699618628543,1.23145585970977,-0.419253001572266,3.30141772256407,-2.59278727698505,-1.59846245124749,1.17151199698804,1.30573405110993,-0.682408988086316,-0.1799418736878,2.82689225269404,3.83065540788105,TRUE
"fixed_design","RQR",374,0.38404452690167,0.997048013998535,0.632190788273481,-1.71569974422716,1.22951229097079,-2.07950494898411,1.23404937070431,-0.422727789139902,3.31355431968842,-2.60161737055894,-1.60751206576615,1.17412407422506,1.30828632053386,-0.685436421868735,-0.183253975689746,2.83892660203479,3.84242574878992,TRUE
"fixed_design","RQR",375,0.387755102040816,1.04287458782907,0.634485630987089,-1.71445234992647,1.23207361265833,-2.08913744257597,1.2366351922347,-0.426251125170632,3.32577263481067,-2.61059226321054,-1.61636542264714,1.17672798225372,1.31059026657824,-0.688770614336501,-0.185968704004578,2.8511710124872,3.85365475368891,TRUE
"fixed_design","RQR",376,0.391465677179963,0.104935750705649,0.636772212679978,-1.7132132166465,1.23462667332515,-2.09885934362986,1.23921332430095,-0.429823009664455,3.33807266793081,-2.62047086766889,-1.62627686198928,1.17937645676289,1.31290747468873,-0.692302238269069,-0.189356219520157,2.86357773767325,3.8651229772766,TRUE
"fixed_design","RQR",377,0.39517625231911,0.563030188099,0.63905053335215,-1.71198234438725,1.23717147297125,-2.1086706521458,1.24178376690306,-0.43344344262137,3.35045441904885,-2.62939980464255,-1.63632831641094,1.18203833118054,1.3152788327989,-0.69595208153552,-0.193638225005954,2.87513523167871,3.87665401600027,TRUE
"fixed_design","RQR",378,0.398886827458256,0.764791287058687,0.641320593003604,-1.71075973314871,1.23970801159664,-2.11857136812377,1.24434652004102,-0.437112424041378,3.36291788816479,-2.63841834781303,-1.64668230433379,1.1845189006683,1.3176994297687,-0.699166393626788,-0.197347747940594,2.88607187126007,3.8874520639023,TRUE
"fixed_design","RQR",379,0.402597402597403,0.43888084429658,0.64358239163434,-1.70954538293089,1.2422362892013,-2.12856149156379,1.24690158371483,-0.440829953924479,3.37546307527863,-2.64789177985771,-1.65529130018914,1.18702051678858,1.32014209968206,-0.702261690119704,-0.201256071279654,2.89751446972408,3.89872367424543,TRUE
"fixed_design","RQR",380,0.406307977736549,0.0460154508364979,0.645835929244358,-1.70833929373379,1.24475630578525,-2.13864102246585,1.24944895792451,-0.444596032270673,3.38808998039036,-2.6570867684366,-1.66479573197949,1.18959453420945,1.32265293307418,-0.705770182968626,-0.204253963667376,2.91040917469221,3.90991864143678,TRUE
"fixed_design","RQR",381,0.410018552875696,1.1302729194235,0.648081205833657,-1.70714146555741,1.24726806134848,-2.14880996082995,1.25198864267003,-0.448410659079959,3.40079860349998,-2.66646550549633,-1.67372970219265,1.19218727990172,1.32507682071829,-0.709235361020966,-0.207852505251178,2.92363518358009,3.9223560410368,TRUE
"fixed_design","RQR",382,0.413729128014842,0.678650640143703,0.650318221402239,-1.70595189840174,1.24977155589099,-2.15906830665609,1.25452063795142,-0.452273834352339,3.41358894460751,-2.67722171162591,-1.68274366375086,1.19481030829007,1.32743528602273,-0.712073359160156,-0.211923015804077,2.93560212031047,3.93383372766241,TRUE
"fixed_design","RQR",383,0.417439703153989,1.07951585668141,0.652546975950103,-1.70477059226679,1.25226678941279,-2.16941605994428,1.25704494376865,-0.456185558087811,3.42646100371293,-2.68706304604727,-1.69147110347002,1.19741629802442,1.32962428873757,-0.715909627114698,-0.215581993699802,2.94731079769782,3.94599603910465,TRUE
"fixed_design","RQR",384,0.421150278293136,0.324325514129787,0.65476746947725,-1.70359754715257,1.25475376191387,-2.1798532206945,1.25956156012175,-0.460145830286376,3.43941478081625,-2.69630714069688,-1.70085780527079,1.20003287121752,1.33192061710124,-0.71907142912549,-0.219445699949175,2.95851923954008,3.95748433772461,TRUE
"fixed_design","RQR",385,0.424860853432282,0.665257722310934,0.656979701983677,-1.70243276305905,1.25723247339422,-2.19037978890676,1.2620704870107,-0.464154650948033,3.45245027591746,-2.70513503552623,-1.71048265225497,1.20262356330305,1.33446117976288,-0.722390310659101,-0.223092298780955,2.97090404079652,3.96936002706069,TRUE
"fixed_design","RQR",386,0.428571428571429,1.14781232019853,0.659183673469388,-1.70127623998626,1.25970292385386,-2.20099576458107,1.2645717244355,-0.468212020072784,3.46556748901657,-2.7155788602442,-1.72052589121824,1.20520834543059,1.33650804265266,-0.725735605162871,-0.226407599154799,2.9814454760481,3.98145412524402,TRUE
"fixed_design","RQR",387,0.432282003710575,1.18278401408418,0.66137938393438,-1.70012797793419,1.26216511329279,-2.21170114771742,1.26706527239616,-0.472317937660627,3.47876642011358,-2.72591507218924,-1.72979768785027,1.20774281159782,1.33891591155329,-0.729225841428262,-0.230264836093185,2.99379835790126,3.99337742326569,TRUE
"fixed_design","RQR",388,0.435992578849722,0.961521854458456,0.663566833378654,-1.69898797690283,1.26461904171099,-2.2224959383158,1.26955113089268,-0.476472403711563,3.49204706920848,-2.73667606612483,-1.73994408463038,1.21037574597672,1.34129226228567,-0.732856637818244,-0.233913714614706,3.0055952322625,4.00634066018249,TRUE
"fixed_design","RQR",389,0.439703153988868,1.25933912029204,0.66574602180221,-1.69785623689219,1.26706470910848,-2.23338013637623,1.27202929992505,-0.480675418225592,3.50540943630128,-2.74669402637781,-1.74978498736414,1.21286702231086,1.3435848013979,-0.737271437001994,-0.238088126334274,3.0168966016838,4.0183393417636,TRUE
"fixed_design","RQR",390,0.443413729128015,0.422863923704425,0.667916949205049,-1.69673275790227,1.26950211548525,-2.2443537418987,1.27449977949328,-0.484926981202714,3.51885352139198,-2.75615993550706,-1.75907235717678,1.21533969139074,1.3459616988256,-0.740922022904683,-0.24165667461026,3.02944828627416,4.03081377824315,TRUE
"fixed_design","RQR",391,0.447124304267162,1.22020728522557,0.670079615587169,-1.69561753993306,1.2719312608413,-2.25541675488322,1.27696256959736,-0.489227092642928,3.53237932448057,-2.76715014625794,-1.76781126299109,1.21786345127096,1.34834501411569,-0.745045376780664,-0.245145981654385,3.04087438070164,4.04496258611092,TRUE
"fixed_design","RQR",392,0.450834879406308,-2.44333012456834,0.672234020948572,-1.69451058298458,1.27435214517663,-2.26656917532977,1.2794176702373,-0.493575752546235,3.54598684556706,-2.77619103002467,-1.77743941093512,1.22051239935103,1.35080504664123,-0.748627695618706,-0.24836969485602,3.05374856807317,4.05864020084874,TRUE
"fixed_design","RQR",393,0.454545454545455,1.05971303391992,0.674380165289256,-1.69341188705681,1.27676476849125,-2.27781100323836,1.28186508141309,-0.497972960912635,3.55967608465145,-2.78644092541364,-1.78758174359266,1.22294721961126,1.35328355940941,-0.752752409740518,-0.251808368470655,3.06685269374568,4.0721539565213,TRUE
"fixed_design","RQR",394,0.458256029684601,1.27724383094684,0.676518048609223,-1.69232145214976,1.27916913078514,-2.289142238609,1.28430480312474,-0.502418717742128,3.57344704173374,-2.79635940065809,-1.79799050259072,1.22545384993735,1.35572428997415,-0.755758838054959,-0.255251080676469,3.07835468038284,4.08513698784193,TRUE
"fixed_design","RQR",395,0.461966604823748,0.76220109070807,0.678647670908471,-1.69123927826343,1.28156523205832,-2.30056288144167,1.28673683537224,-0.506913023034714,3.58729971681392,-2.80688051296815,-1.80850327906906,1.22794868995531,1.35797366311971,-0.760349839299701,-0.258702927473866,3.09048577391433,4.09858552835582,TRUE
"fixed_design","RQR",396,0.465677179962894,1.0543331886735,0.680769032187002,-1.69016536539782,1.28395307231078,-2.31207293173639,1.2891611781556,-0.511455876790392,3.60123410989199,-2.8175375482009,-1.81857681303168,1.23039467826187,1.36011811174054,-0.765146312566189,-0.262857880708133,3.102051365184,4.11265331013572,TRUE
"fixed_design","RQR",397,0.469387755102041,1.0961768097076,0.682882132444815,-1.68909971355292,1.28633265154253,-2.32367238949315,1.29157783147482,-0.516047279009163,3.61525022096797,-2.8271886742751,-1.82860089277742,1.23296474084367,1.36222104730754,-0.769804348124731,-0.266701989604758,3.11455303284883,4.12661942997318,TRUE
"fixed_design","RQR",398,0.473098330241187,0.346035852260112,0.684986971681909,-1.68804232272874,1.28870396975355,-2.33536125471195,1.29398679532989,-0.520687229691027,3.62934805004184,-2.83839329378343,-1.83845756645451,1.23534751486943,1.36425043089027,-0.774003234036396,-0.2706884755987,3.12646825246227,4.1410111399485,TRUE
"fixed_design","RQR",399,0.476808905380334,0.987900190581334,0.687083549898286,-1.68699319292528,1.29106702694386,-2.34713952739279,1.29638806972082,-0.525375728835984,3.64352759711361,-2.84865621590642,-1.8481280663995,1.23784087024021,1.36655210684584,-0.77854245344351,-0.274063652590127,3.13916803029029,4.15346624604631,TRUE
"fixed_design","RQR",400,0.480519480519481,0.847397022730765,0.689171867093945,-1.68595232414254,1.29342182311345,-2.35900720753567,1.2987816546476,-0.530112776444034,3.65778886218327,-2.86095776656645,-1.85798289934101,1.24030216475681,1.36889425288433,-0.783062142484971,-0.277716150339507,3.15105895022989,4.16798680429406,TRUE
"fixed_design","RQR",401,0.484230055658627,0.352266206227307,0.691251923268886,-1.68491971638052,1.29576835826232,-2.37096429514059,1.30116755011024,-0.534898372515176,3.67213184525083,-2.87299274427974,-1.86651084247853,1.24276373858535,1.3710622103411,-0.787826149192417,-0.281811042911534,3.16311060711953,4.18169293191568,TRUE
"fixed_design","RQR",402,0.487940630797774,0.164574056263043,0.693323718423109,-1.68389536963921,1.29810663239047,-2.38301079020755,1.30354575610873,-0.539732517049411,3.68655654631629,-2.8854517131482,-1.87616429374744,1.24523223025614,1.37357042199702,-0.792509840697394,-0.285321405342247,3.1754834165594,4.19489335520748,TRUE
"fixed_design","RQR",403,0.49165120593692,0.455959224038987,0.695387252556614,-1.68287928391862,1.30043664549791,-2.39514669273656,1.30591627264308,-0.544615210046739,3.70106296537964,-2.89733599428579,-1.88542449385223,1.24765691780132,1.37563060796469,-0.797324272481377,-0.288797046264431,3.18757428931703,4.20911132964881,TRUE
"fixed_design","RQR",404,0.495361781076067,1.04575650609554,0.697442525669401,-1.68187145921875,1.30275839758462,-2.40737200272761,1.30827909971329,-0.54954645150716,3.71565110244089,-2.91057856289309,-1.89450736864535,1.25016282443872,1.37792602818392,-0.801237715047643,-0.292273918272724,3.19930620989423,4.22316539874532,TRUE
"fixed_design","RQR",405,0.499072356215213,-0.0395157144091163,0.69948953776147,-1.6808718955396,1.30507188865062,-2.41968672018069,1.31063423731935,-0.554526241430673,3.73032095750004,-2.92254370806351,-1.90519553805718,1.25251673577275,1.38030337278552,-0.805877920130531,-0.296208818089873,3.21060312295253,4.23765676061801,TRUE
"fixed_design","RQR",406,0.50278293135436,0.811421466613446,0.701528288832821,-1.67988059288117,1.3073771186959,-2.43209084509582,1.31298168546126,-0.559554579817279,3.74507253055708,-2.93574648219755,-1.91487571044833,1.25492598973875,1.38265910087482,-0.810845472410752,-0.300188748991197,3.22237731937358,4.25166203530408,TRUE
"fixed_design","RQR",407,0.506493506493507,1.12208695872051,0.703558778883454,-1.67889755124345,1.30967408772047,-2.44458437747299,1.31532144413903,-0.564631466666979,3.75990582161202,-2.94702392595139,-1.924674601363,1.25729776252018,1.38477102782885,-0.815894271859299,-0.303783138908763,3.23450375541769,4.26546384191047,TRUE
"fixed_design","RQR",408,0.510204081632653,0.651948269108226,0.705581007913369,-1.67792277062645,1.31196279572431,-2.4571673173122,1.31765351335266,-0.569756901979771,3.77482083066486,-2.96037354713597,-1.93406350898165,1.25967766707741,1.38725344951086,-0.8208961970619,-0.306822218315362,3.2465247989545,4.27967105317262,TRUE
"fixed_design","RQR",409,0.5139146567718,0.0799639020343917,0.707594975922567,-1.67695625103017,1.31424324270744,-2.46983966461345,1.31997789310214,-0.574930885755655,3.78981755771559,-2.97212921538106,-1.94323750967834,1.26189492459738,1.38939783751534,-0.826607338607829,-0.310241845815461,3.25873206365212,4.2943077047932,TRUE
"fixed_design","RQR",410,0.517625231910946,0.707352127105402,0.709600682911046,-1.67599799245461,1.31651542866985,-2.48260141937675,1.32229458338748,-0.580153417994633,3.80489600276423,-2.98532499387447,-1.95217295460369,1.26414399815074,1.39170197817911,-0.831952982554886,-0.314383943207382,3.27013505543895,4.30954083251901,TRUE
"fixed_design","RQR",411,0.521335807050093,0.923932187957206,0.711598128878807,-1.67504799489977,1.31877935361154,-2.49545258160208,1.32460358420867,-0.585424498696703,3.82005616581075,-2.99817940828675,-1.96139757335655,1.26643003320818,1.39398883635972,-0.837604574427472,-0.318489830137827,3.28153232757577,4.32466650023586,TRUE
"fixed_design","RQR",412,0.525046382189239,1.31165270238726,0.713587313825851,-1.67410625836564,1.32103501753252,-2.50839315128945,1.32690489556572,-0.590744127861866,3.83529804685518,-3.0123920943665,-1.97090881372638,1.26879735996921,1.3961653077175,-0.842956129465726,-0.322196583411707,3.29377633459128,4.34032234961203,TRUE
"fixed_design","RQR",413,0.528756957328386,0.737077128380271,0.715568237752176,-1.67317278285223,1.32328242043277,-2.52142312843887,1.32919851745863,-0.596112305490122,3.8506216458975,-3.02673019923126,-1.98128678891412,1.27116252231239,1.39848267878676,-0.848251479194838,-0.325904199152991,3.30499846870743,4.3573641978137,TRUE
"fixed_design","RQR",414,0.532467532467533,0.613088716449112,0.717540900657784,-1.67224756835954,1.32552156231231,-2.53454251305033,1.33148444988739,-0.601529031581471,3.86602696293771,-3.04028851444561,-1.99042848267198,1.27352338748516,1.40095926045409,-0.853326129044164,-0.329241287015534,3.318370669467,4.37206809937898,TRUE
"fixed_design","RQR",415,0.536178107606679,-0.977327632155834,0.719505302542673,-1.67133061488757,1.32775244317113,-2.54775130512383,1.333762692852,-0.606994306135912,3.88151399797583,-3.05399061189811,-1.9989031751538,1.27583963456281,1.40340069976186,-0.858965965373038,-0.332799951416182,3.32988114358071,4.38784065147212,TRUE
"fixed_design","RQR",416,0.539888682745826,1.0384314176472,0.721461443406845,-1.67042192243632,1.32997506300923,-2.56104950465937,1.33603324635247,-0.612508129153446,3.89708275101184,-3.06808957627663,-2.00852739227889,1.27808584478256,1.40575728623751,-0.864605880937018,-0.336206922941991,3.34098499867752,4.40366120574305,TRUE
"fixed_design","RQR",417,0.543599257884972,0.396051989212504,0.723409323250299,-1.66952149100578,1.33218942182662,-2.57443711165695,1.3382961103888,-0.618070500634073,3.91273322204575,-3.08045559171551,-2.01956947594578,1.28037398238374,1.40795810230948,-0.870351774571834,-0.339479711743771,3.35351258121341,4.41891601362211,TRUE
"fixed_design","RQR",418,0.547309833024119,1.01713046080313,0.725348942073034,-1.66862932059596,1.33439551962328,-2.58791412611657,1.34055128496098,-0.623681420577793,3.92846541107755,-3.09391001472492,-2.03009465106717,1.28262187059911,1.41013929136541,-0.876297852249115,-0.343557266125103,3.36484554476455,4.4339942168703,TRUE
"fixed_design","RQR",419,0.551020408163265,0.944043331415994,0.727280299875052,-1.66774541120686,1.33659335639923,-2.60148054803823,1.34279877006902,-0.629340888984605,3.94427931810725,-3.10815932319796,-2.03984793223615,1.2849584529137,1.41242458774438,-0.882569636882767,-0.347310824850735,3.37733617095489,4.45211409950092,TRUE
"fixed_design","RQR",420,0.554730983302412,0.239906262033649,0.729203396656352,-1.66686976283848,1.33878293215446,-2.61513637742193,1.34503856571291,-0.635048905854511,3.96017494313485,-3.12116320492871,-2.04901448962218,1.28719321041993,1.41480543259185,-0.888755608707329,-0.351454181152617,3.38834663863507,4.46847518343088,TRUE
"fixed_design","RQR",421,0.558441558441559,-0.0608153489890759,0.731118232416934,-1.66600237549081,1.34096424688897,-2.62888161426768,1.34727067189266,-0.640805471187509,3.97615228616034,-3.13465583021787,-2.05798813363664,1.28948366095696,1.4168717741214,-0.895261613907171,-0.35497424452222,3.40028412077563,4.48507125157202,TRUE
"fixed_design","RQR",422,0.562152133580705,1.22309971544851,0.733024807156798,-1.66514324916386,1.34313730060277,-2.64271625857547,1.34949508860827,-0.6466105849836,3.99221134718373,-3.14924130080821,-2.06783034942495,1.29169235670221,1.41908339125608,-0.901343474147814,-0.358597056809012,3.41252568373559,4.50139373626055,TRUE
"fixed_design","RQR",423,0.565862708719852,0.590943593360524,0.734923120875943,-1.66429238385764,1.34530209329584,-2.65664031034529,1.35171181585973,-0.652464247242784,4.00835212620502,-3.16427183873406,-2.07776348578383,1.29380892595322,1.42151619426021,-0.908506810391684,-0.362186918676267,3.4248199077983,4.51839423625555,TRUE
"fixed_design","RQR",424,0.569573283858998,1.20382269762361,0.736813173574371,-1.66344977957212,1.3474586249682,-2.67065376957716,1.35392085364704,-0.65836645796506,4.0245746232242,-3.17881437461635,-2.08752973980929,1.29597682512877,1.42377480567279,-0.914651235245954,-0.366549771369101,3.43510146808945,4.53504903509023,TRUE
"fixed_design","RQR",425,0.573283858998145,0.523823831928678,0.738694965252082,-1.66261543630733,1.34960689561984,-2.68475663627107,1.35612220197021,-0.66431721715043,4.04087883824128,-3.19384461421749,-2.09572927700709,1.29808602495292,1.42599614252017,-0.921396587928676,-0.370244376656885,3.44635755554456,4.5526949416833,TRUE
"fixed_design","RQR",426,0.576994434137291,0.00821066054780595,0.740568495909074,-1.66178935406326,1.35174690525076,-2.69894891042702,1.35831586082924,-0.670316524798892,4.05726477125626,-3.21038939689889,-2.10711001846278,1.30014089551286,1.42821434052281,-0.927931457406732,-0.373449549394522,3.4589785090031,4.57043551678885,TRUE
"fixed_design","RQR",427,0.580705009276438,0.149004327209996,0.742433765545348,-1.6609715328399,1.35387865386097,-2.71323059204501,1.36050183022412,-0.676364380910447,4.07373242226913,-3.22620190119951,-2.11835551712443,1.30237707770612,1.43053705077865,-0.934029409674436,-0.375950568596687,3.47070595466661,4.58761657247262,TRUE
"fixed_design","RQR",428,0.584415584415584,1.14074862061674,0.744290774160904,-1.66016197263726,1.35600214145045,-2.72760168112505,1.36268011015486,-0.682460785485094,4.0902817912799,-3.2424114112196,-2.12669122155838,1.30459453606488,1.43267374794268,-0.940562615884861,-0.379658764568471,3.48235620292513,4.60516904200336,TRUE
"fixed_design","RQR",429,0.588126159554731,1.37193529288652,0.746139521755742,-1.65936067345534,1.35811736801922,-2.74206217766712,1.36485070062145,-0.688605738522835,4.10691287828857,-3.25770430290389,-2.13635706250269,1.30663202564437,1.43476531497678,-0.947221707665574,-0.382945339775418,3.49358248826585,4.62242007661548,TRUE
"fixed_design","RQR",430,0.591836734693878,1.11020335300388,0.747980008329862,-1.65856763529414,1.36022433356727,-2.75661208167124,1.3670136016239,-0.694799240023668,4.12362568329513,-3.27321831875584,-2.14505386004437,1.30876458382714,1.43706292817236,-0.954002824159778,-0.386470777563093,3.50474563169028,4.64045224946593,TRUE
"fixed_design","RQR",431,0.595547309833024,0.350258634440542,0.749812233883265,-1.65778285815365,1.36232303809461,-2.77125139313739,1.3691688131622,-0.701041289987594,4.14042020629959,-3.28980377393133,-2.15341566927456,1.31092055710011,1.43930269493395,-0.960799597878959,-0.390005703930168,3.51695518471818,4.65769819969676,TRUE
"fixed_design","RQR",432,0.599257884972171,1.23600332545834,0.751636198415949,-1.65700634203388,1.36441348160122,-2.78598011206559,1.37131633523636,-0.707331888414613,4.15729644730195,-3.30540897590206,-2.16225876433317,1.31296106992088,1.44147672065948,-0.967831383703642,-0.393242058320945,3.52916712044256,4.67562097284737,TRUE
"fixed_design","RQR",433,0.602968460111317,0.6981906683572,0.753451901927916,-1.65623808693483,1.36649566408712,-2.80079823845583,1.37345616784638,-0.713671035304725,4.1742544063022,-3.32070465545424,-2.17149497814566,1.31502366633528,1.44350996402194,-0.975414958948493,-0.397185953802434,3.5414616553129,4.69481421089057,TRUE
"fixed_design","RQR",434,0.606679035250464,0.574760897217254,0.755259344419164,-1.6554780928565,1.3685695855523,-2.81570577230811,1.37558831099225,-0.720058730657929,4.19129408330036,-3.3385621171009,-2.18045876230226,1.31703171703131,1.44568619274256,-0.982678430451112,-0.400881056087282,3.55174993316338,4.7132938151597,TRUE
"fixed_design","RQR",435,0.61038961038961,0.872371603956322,0.757058525889695,-1.65472635979889,1.37063524599676,-2.83070271362243,1.37771276467397,-0.726494974474227,4.2084154782964,-3.35502344473763,-2.19069961935288,1.31917564515725,1.44813922369181,-0.989782117394523,-0.404933338864778,3.56405114279651,4.73309767243623,TRUE
"fixed_design","RQR",436,0.614100185528757,-0.120407761151026,0.758849446339507,-1.65398288776199,1.3726926454205,-2.84578906239879,1.37982952889156,-0.732979766753616,4.22561859129035,-3.37064954562036,-2.19958931292878,1.32116378517593,1.45039837713374,-0.997796922012208,-0.408451561825134,3.57525722216235,4.75322425013153,TRUE
"fixed_design","RQR",437,0.617810760667904,1.37689263343245,0.760632105768602,-1.65324767674582,1.37474178382353,-2.86096481863719,1.38193860364499,-0.739513107496099,4.24290342228219,-3.38742844840528,-2.20828950212909,1.32315775665001,1.45268617332374,-1.00503232787527,-0.411828689010012,3.5870532255014,4.77227366147106,TRUE
"fixed_design","RQR",438,0.62152133580705,0.962824531750724,0.762406504176979,-1.65252072675036,1.37678266120583,-2.87622998233764,1.38403998893429,-0.746094996701675,4.26026997127192,-3.40492006643059,-2.21725962352696,1.32510931924389,1.45501427316388,-1.01272872573106,-0.414977975732519,3.5991943914753,4.79133303498892,TRUE
"fixed_design","RQR",439,0.625231910946197,1.17674725568282,0.764172641564637,-1.65180203777562,1.37881527756742,-2.89158455350012,1.38613368475943,-0.752725434370344,4.27771823825956,-3.42245114102061,-2.22582803585311,1.32709194665161,1.45728628441289,-1.02065145500228,-0.418511969051677,3.61155934285839,4.81252175444356,TRUE
"fixed_design","RQR",440,0.628942486085343,0.631245503473011,0.765930517931578,-1.65109160982159,1.38083963290829,-2.90702853212465,1.38821969112044,-0.759404420502105,4.29524822324509,-3.43987774121317,-2.23436602548494,1.32908913270257,1.45960506721557,-1.02863155472618,-0.421912363417448,3.62304577677072,4.83230257215084,TRUE
"fixed_design","RQR",441,0.63265306122449,0.53592304935259,0.767680133277801,-1.65038944288829,1.38285572722845,-2.92256191821122,1.3902980080173,-0.766131955096959,4.31285992622851,-3.45883327582726,-2.24350451468706,1.33113515270563,1.46198668541495,-1.03557899981661,-0.426055870262556,3.63344820835475,4.85123434779284,TRUE
"fixed_design","RQR",442,0.636363636363636,1.27537938771128,0.769421487603306,-1.6496955369757,1.38486356052788,-2.93818471175982,1.39236863545001,-0.772908038154906,4.33055334720984,-3.47697041455503,-2.25396978969389,1.33312034996353,1.4644048350759,-1.04345362891606,-0.429877790824432,3.64429272305214,4.86996841913817,TRUE
"fixed_design","RQR",443,0.640074211502783,-0.652004123931436,0.771154580908093,-1.64900989208383,1.3868631328066,-2.95389691277047,1.39443157341858,-0.779732669675945,4.34832848618906,-3.49556508182029,-2.26383956370792,1.33515148180356,1.46685792413069,-1.05202840217011,-0.432961395178604,3.65491567207614,4.88888099886574,TRUE
"fixed_design","RQR",444,0.64378478664193,1.31274207944097,0.772879413192162,-1.64833250821268,1.3888544440646,-2.96969852124316,1.39648682192301,-0.786605849660077,4.36618534316618,-3.51332139597626,-2.27340627244332,1.33706635810282,1.46928985406919,-1.05976033564924,-0.437449421535063,3.66601606072562,4.90884869616812,TRUE
"fixed_design","RQR",445,0.647495361781076,1.40199086003908,0.774595984455513,-1.64766338536224,1.39083749430188,-2.9855895371779,1.39853438096329,-0.793527578107303,4.38412391814119,-3.53180556387485,-2.28274187761331,1.33904129990304,1.47176016481471,-1.06884589067494,-0.441789411692454,3.67881237625896,4.92857440659519,TRUE
"fixed_design","RQR",446,0.651205936920223,0.46776965256784,0.776304294698146,-1.64700252353253,1.39281228351844,-3.00156996057467,1.40057425053943,-0.80049785501762,4.4021442111141,-3.55074401921516,-2.29268608718854,1.34081526850181,1.47438877997498,-1.07708834501775,-0.44546590895112,3.69079703801034,4.94863191240785,TRUE
"fixed_design","RQR",447,0.654916512059369,0.322109913296319,0.778004343920061,-1.64634992272353,1.39477881171429,-3.01763979143348,1.40260643065142,-0.807516680391031,4.42024622208491,-3.56812273752989,-2.30182264281559,1.34258349224466,1.47684979266286,-1.0859332890707,-0.449515531599608,3.70227645108205,4.96883378150189,TRUE
"fixed_design","RQR",448,0.658627087198516,1.21078358234138,0.779696132121258,-1.64570558293525,1.39673707888942,-3.03379902975434,1.40463092129927,-0.814584054227535,4.43842995105361,-3.58760609575332,-2.30997984928083,1.34430566211154,1.47889842972616,-1.09531306982728,-0.453591082506974,3.71284899284448,4.99083885100185,TRUE
"fixed_design","RQR",449,0.662337662337662,-0.653881150103833,0.781379659301737,-1.64506950416769,1.39868708504383,-3.05004767553724,1.40664772248297,-0.821699976527131,4.45669539802021,-3.60498165320911,-2.31969816151067,1.34624026225069,1.48112356693176,-1.10397141501119,-0.456476548094144,3.72464032312898,5.01401838134794,TRUE
"fixed_design","RQR",450,0.666048237476809,1.14132756909166,0.783054925461498,-1.64444168642084,1.40062883017752,-3.06638572878217,1.40865683420253,-0.82886444728982,4.47504256298471,-3.62441667787711,-2.33009981610744,1.34817182230564,1.4835374936694,-1.11251558585614,-0.460626533104263,3.73700135202123,5.03524156638315,TRUE
"fixed_design","RQR",451,0.669758812615955,-1.45217774785386,0.784721930600542,-1.64382212969471,1.40256231429049,-3.08281318948915,1.41065825645795,-0.836077466515602,4.4934714459471,-3.645426193895,-2.33977924937457,1.35008682143075,1.48597257333015,-1.12061091901119,-0.463980347196567,3.74861912042042,5.05828742288318,TRUE
"fixed_design","RQR",452,0.673469387755102,-1.16903032738474,0.786380674718867,-1.64321083398931,1.40448753738275,-3.09933005765817,1.41265198924922,-0.843339034204477,4.51198204690739,-3.6664933167654,-2.34946160351529,1.351930498941,1.4883492721944,-1.13038250813341,-0.467546264409435,3.76006712816062,5.07988491745452,TRUE
"fixed_design","RQR",453,0.677179962894249,1.09639085405371,0.788031157816474,-1.64260779930462,1.40640449945428,-3.11593633328923,1.41463803257634,-0.850649150356444,4.53057436586558,-3.68660764151006,-2.35953592147934,1.35361003435495,1.49047605221617,-1.13925778116236,-0.472143891723574,3.76986954684224,5.10051435867695,TRUE
"fixed_design","RQR",454,0.680890538033395,0.713111845747342,0.789673379893364,-1.64201302564064,1.4083132005051,-3.13263201638234,1.41661638643933,-0.858007814971505,4.54924840282166,-3.70791658042957,-2.36936267229614,1.35545096396972,1.49288965818229,-1.1489812415838,-0.476061167936372,3.78166215686913,5.12332424129019,TRUE
"fixed_design","RQR",455,0.684601113172542,-0.147481927165522,0.791307340949535,-1.64142651299739,1.41021364053521,-3.14941710693748,1.41858705083816,-0.865415028049658,4.56800415777564,-3.72969582360104,-2.37853691657611,1.35722909297241,1.49524927745918,-1.1582871883294,-0.479645342005121,3.79332068606154,5.14625705650265,TRUE
"fixed_design","RQR",456,0.688311688311688,1.05442358889568,0.792933040984989,-1.64084826137485,1.41210581954459,-3.16629160495466,1.42055002577286,-0.872870789590904,4.58684163072752,-3.75010827405076,-2.38698358166851,1.35865841739982,1.49756726056645,-1.16731890511363,-0.483015127773701,3.80563882615083,5.16951037290687,TRUE
"fixed_design","RQR",457,0.692022263450835,0.146855171566299,0.794550479999725,-1.64027827077303,1.41398973753326,-3.18325551043389,1.4225053112434,-0.880375099595242,4.60576082167729,-3.7705075127798,-2.39574556467647,1.36042852925776,1.50003393004562,-1.17767279435429,-0.486880229304191,3.81576547101673,5.19130670062447,TRUE
"fixed_design","RQR",458,0.695732838589981,1.10567547204709,0.796159657993742,-1.63971654119193,1.4158653945012,-3.20030882337515,1.42445290724981,-0.887927958062674,4.62476173062496,-3.7915944076748,-2.40579135579196,1.36226266965693,1.50260195607837,-1.18720771093259,-0.489870668968903,3.82556981625759,5.21538578555588,TRUE
"fixed_design","RQR",459,0.699443413729128,1.09472403992129,0.797760574967042,-1.63916307263155,1.41773279044843,-3.21745154377846,1.42639281379207,-0.895529364993198,4.64384435757053,-3.81330419962118,-2.41559343180186,1.36402589668402,1.50498184991985,-1.19586751719185,-0.494212256543682,3.83559333625736,5.2377771485281,TRUE
"fixed_design","RQR",460,0.703153988868275,1.34888666724075,0.799353230919624,-1.63861786509189,1.41959192537495,-3.23468367164381,1.42832503087018,-0.903179320386815,4.66300870251399,-3.83389900170021,-2.42438045270096,1.36576506355324,1.50733649155589,-1.20518480317355,-0.498290489795444,3.8471039881945,5.26108647717285,TRUE
"fixed_design","RQR",461,0.706864564007421,1.17396556707168,0.800937625851488,-1.63808091857294,1.42144279928074,-3.2520052069712,1.43024955848415,-0.910877824243525,4.68225476545535,-3.8564973630763,-2.43411374547047,1.36750980486496,1.50987056589715,-1.21520132447929,-0.501598523588203,3.85672364208279,5.28424299035501,TRUE
"fixed_design","RQR",462,0.710575139146568,0.986128070162203,0.802513759762633,-1.63755223307471,1.42328541216582,-3.26941614976063,1.43216639663398,-0.918624876563328,4.70158254639461,-3.87757738530788,-2.44246460284036,1.36919957929926,1.51231248191515,-1.22494586470449,-0.5050911037268,3.86744097990682,5.30791952143986,TRUE
"fixed_design","RQR",463,0.714285714285714,1.44720396699129,0.804081632653061,-1.6370318085972,1.42511976403017,-3.28691650001211,1.43407554531966,-0.926420477346224,4.72099204533176,-3.89909633698609,-2.45020018064482,1.37076162603897,1.51469788901344,-1.23498839258486,-0.508231400358239,3.87861251073858,5.33289269086025,TRUE
"fixed_design","RQR",464,0.717996289424861,1.438964880521,0.805641244522771,-1.63651964514041,1.42694585487381,-3.30450625772562,1.43597700454119,-0.934264626592211,4.74048326226681,-3.92035264832519,-2.4590377170692,1.37246079766857,1.51729488954737,-1.24498384257299,-0.511656990858794,3.88982301002908,5.35602268176861,TRUE
"fixed_design","RQR",465,0.721706864564007,1.04355279707332,0.807192595371763,-1.63601574270433,1.42876368469674,-3.32218542290117,1.43787077429859,-0.942157324301293,4.76005619719976,-3.94338551025946,-2.46613326754355,1.3740650580808,1.51975725559563,-1.25570434279855,-0.51565275587042,3.90024749953642,5.38072940148529,TRUE
"fixed_design","RQR",466,0.725417439703154,1.08364553267976,0.808735685200037,-1.63552010128898,1.43057325349894,-3.33995399553877,1.43975685459184,-0.950098570473466,4.7797108501306,-3.96655049750506,-2.47761148759532,1.37560915114022,1.5221093797725,-1.26667668606773,-0.519630393064625,3.91140441207828,5.40483064435134,TRUE
"fixed_design","RQR",467,0.7291280148423,1.15017489311288,0.810270514007593,-1.63503272089434,1.43237456128043,-3.3578119756384,1.44163524542094,-0.958088365108733,4.79944722105934,-3.98969304800724,-2.4886795290693,1.37712876634534,1.52439306571276,-1.27722696253341,-0.524000777858597,3.92323047449084,5.42767662367771,TRUE
"fixed_design","RQR",468,0.732838589981447,0.847653902287412,0.811797081794431,-1.63455360152041,1.4341676080412,-3.37575936320008,1.4435059467859,-0.966126708207092,4.81926530998598,-4.01114826613222,-2.49969225157774,1.37875607457274,1.52697417483858,-1.2878564323413,-0.528693958809734,3.93513137387657,5.45222564152319,TRUE
"fixed_design","RQR",469,0.736549165120594,1.23473124097382,0.813315388560552,-1.63408274316721,1.43595239378125,-3.3937961582238,1.44536895868671,-0.974213599768544,4.83916511691051,-4.03363333002797,-2.50891065001094,1.38016313875782,1.52949537272381,-1.29826731059021,-0.533179532104478,3.94624462753884,5.47726199581265,TRUE
"fixed_design","RQR",470,0.74025974025974,0.914581077542359,0.814825434305954,-1.63362014583473,1.43772891850058,-3.41192236070956,1.44722428112338,-0.98234903979309,4.85914664183294,-4.05777723939562,-2.51811847304175,1.38168982158871,1.5318878211455,-1.30864364434587,-0.53797795158854,3.95887231282906,5.50307224204869,TRUE
"fixed_design","RQR",471,0.743970315398887,1.02504793209748,0.816327219030638,-1.63316580952296,1.43949718219919,-3.43013797065736,1.44907191409591,-0.990533028280727,4.87920988475327,-4.08052154962883,-2.52788748531107,1.38315532612586,1.53434849458879,-1.31915597102858,-0.542864030123526,3.97175459605135,5.52795523209962,TRUE
"fixed_design","RQR",472,0.747680890538033,0.471131402542413,0.817820742734604,-1.63271973423191,1.44125718487709,-3.4484429880672,1.45091185760429,-0.998765565231458,4.89935484567149,-4.10482352683515,-2.5370612966812,1.38446282830742,1.53680114561127,-1.32961152257028,-0.546662428978444,3.98417311437115,5.55218028776524,TRUE
"fixed_design","RQR",473,0.75139146567718,1.34566860238138,0.819306005417853,-1.63228191996158,1.44300892653427,-3.46683741293909,1.45274411164853,-1.00704665064528,4.91958152458761,-4.12793453668632,-2.54694087398182,1.38603264952418,1.53902764394402,-1.34106548232929,-0.551163084845306,3.99574092985448,5.57822268110767,TRUE
"fixed_design","RQR",474,0.755102040816326,1.22733877367592,0.820783007080383,-1.63185236671197,1.44475240717073,-3.48532124527301,1.45456867622862,-1.0153762845222,4.93988992150163,-4.15256217400902,-2.55682144112066,1.38744606479021,1.54121188980274,-1.35261099504228,-0.555106172434086,4.00876951586413,5.60477715350716,TRUE
"fixed_design","RQR",475,0.758812615955473,0.982834023287523,0.822251747722196,-1.63143107448307,1.44648762678647,-3.50389448506898,1.45638555134457,-1.02375446686221,4.96028003641354,-4.17681600139928,-2.56649737154274,1.38894601956038,1.54373183500454,-1.36405837957241,-0.559056928876403,4.02125212968897,5.63142517430389,TRUE
"fixed_design","RQR",476,0.76252319109462,0.159633093054209,0.82371222734329,-1.63101804327489,1.4482145853815,-3.52255713232698,1.45819473699637,-1.03218119766531,4.98075186932335,-4.20092876011925,-2.57806962013922,1.3904251851077,1.54618877032064,-1.37556561739316,-0.562556891927823,4.03548154592544,5.65759029387088,TRUE
"fixed_design","RQR",477,0.766233766233766,1.28964731468081,0.825164445943667,-1.63061327308743,1.4499332829558,-3.54130918704703,1.45999623318403,-1.0406564769315,5.00130542023106,-4.22456839594157,-2.58750277428911,1.3918417148448,1.54853612859107,-1.38744462768225,-0.566809592387464,4.04445693664653,5.68373858143754,TRUE
"fixed_design","RQR",478,0.769944341372913,0.789484418548775,0.826608403523325,-1.63021676392069,1.45164371950939,-3.56015064922912,1.46179003990754,-1.04918030466079,5.02194068913666,-4.24688142436188,-2.59705386734777,1.39325505975328,1.55102477891414,-1.39821770408628,-0.570804571193001,4.05709523782967,5.70926988828063,TRUE
"fixed_design","RQR",479,0.773654916512059,1.39339043233544,0.828044100082266,-1.62982851577467,1.45334589504226,-3.57908151887325,1.46357615716691,-1.05775268085317,5.04265767604016,-4.27097110281828,-2.60654068891871,1.39461063561013,1.55325468348097,-1.40925851105898,-0.574670173102942,4.06921054623241,5.73567790552986,TRUE
"fixed_design","RQR",480,0.777365491651206,0.535631290098403,0.829471535620489,-1.62944852864936,1.45503980955442,-3.59810179597942,1.46535458496214,-1.06637360550864,5.06345638094156,-4.29733571489122,-2.61546195359792,1.39592060187251,1.55593471594805,-1.42053796412133,-0.578075952051712,4.08052768827858,5.76422097656488,TRUE
"fixed_design","RQR",481,0.781076066790352,1.41875208576564,0.830890710137993,-1.62907680254477,1.45672546304585,-3.61721148054763,1.46712532329322,-1.07504307862721,5.08433680384085,-4.3231807586665,-2.62467591663711,1.39732180470193,1.55841165650926,-1.43288633118401,-0.581959357443199,4.09199239523252,5.79191738775452,TRUE
"fixed_design","RQR",482,0.784786641929499,1.37421312742008,0.83230162363478,-1.6287133374609,1.45840285551657,-3.63641057257789,1.46888837216015,-1.08376110020887,5.10529894473804,-4.34745069168956,-2.63338491609801,1.39857402174606,1.56110663332901,-1.44395446534835,-0.58513117092897,4.10320137968582,5.81908509843864,TRUE
"fixed_design","RQR",483,0.788497217068646,0.275399757339516,0.833704276110849,-1.62835813339775,1.46007198696657,-3.65569907207018,1.47064373156295,-1.09252767025362,5.12634280363313,-4.37560104702013,-2.64318860506801,1.40004201296188,1.56376943783424,-1.45580633295221,-0.589247945839584,4.11506096662553,5.84554485396782,TRUE
"fixed_design","RQR",484,0.792207792207792,-0.355897372193954,0.8350986675662,-1.62801119035532,1.46173285739585,-3.67507697902452,1.47239140150159,-1.10134278876146,5.14746838052611,-4.40155952647241,-2.65326074356111,1.40129604867308,1.56619491957926,-1.46740580619623,-0.593564124464862,4.12671173320068,5.87317938135472,TRUE
"fixed_design","RQR",485,0.795918367346939,0.78129156356856,0.836484798000833,-1.6276725083336,1.46338546680441,-3.6945442934409,1.4741313819761,-1.1102064557324,5.16867567541699,-4.42825970835652,-2.66352376812855,1.40242243218346,1.56868014557506,-1.47968471120467,-0.597789171201137,4.14042349616768,5.9002939252971,TRUE
"fixed_design","RQR",486,0.799628942486085,1.40035962358813,0.837862667414748,-1.6273420873326,1.46502981519226,-3.71410101531931,1.47586367298646,-1.11911867116643,5.18996468830577,-4.45454776134348,-2.67388672819155,1.40369697112182,1.57111243889466,-1.4921012631332,-0.602157325861441,4.15023592529747,5.92812309339734,TRUE
"fixed_design","RQR",487,0.803339517625232,1.41319387596066,0.839232275807945,-1.62701992735233,1.46666590255939,-3.73374714465977,1.47758827453267,-1.12807943506355,5.21133541919244,-4.48176353904626,-2.6844109932299,1.40481952301113,1.57359873419816,-1.50424838010942,-0.606489420164814,4.16407408810084,5.95626162925814,TRUE
"fixed_design","RQR",488,0.807050092764378,1.20953898386605,0.840593623180424,-1.62670602839276,1.4682937289058,-3.75348268146227,1.47930518661474,-1.13708874742377,5.23278786807701,-4.50716641400832,-2.69635919991801,1.4061708190063,1.57596321337707,-1.51661853686356,-0.610748799194521,4.17675795000253,5.98527668898929,TRUE
"fixed_design","RQR",489,0.810760667903525,0.268025065816086,0.841946709532185,-1.62640039045392,1.46991329423149,-3.77330762572681,1.48101440923267,-1.14614660824707,5.25432203495948,-4.53484923925151,-2.70808992286504,1.40729051939477,1.57846157736569,-1.52924172031241,-0.614983682480466,4.18944302878941,6.01247913757267,TRUE
"fixed_design","RQR",490,0.814471243042672,1.44218411946769,0.843291534863228,-1.62610301353579,1.47152459853646,-3.7932219774534,1.48271594238645,-1.15525301753348,5.27593791983984,-4.55933010100791,-2.71917434597013,1.40830360844178,1.58116637508805,-1.54166495174798,-0.618416364753193,4.20002642016799,6.04048486026566,TRUE
"fixed_design","RQR",491,0.818181818181818,1.05184956711451,0.844628099173554,-1.62581389763838,1.47312764182072,-3.81322573664202,1.48440978607608,-1.16440797528297,5.2976355227181,-4.58678013958407,-2.72953472649792,1.40945606370304,1.58366101439367,-1.55482129154901,-0.622019032849142,4.21166081502833,6.06854408973431,TRUE
"fixed_design","RQR",492,0.821892393320965,1.34618914541987,0.845956402463161,-1.62553304276169,1.47472242408425,-3.83331890329268,1.48609594030157,-1.17361148149555,5.31941484359426,-4.61287263257873,-2.73905964336959,1.41054531272118,1.58603839395364,-1.56704293698782,-0.625994792347101,4.22262478466078,6.09796997937432,TRUE
"fixed_design","RQR",493,0.825602968460111,0.812713939036911,0.84727644473205,-1.62526044890572,1.47630894532707,-3.85350147740539,1.48777440506292,-1.18286353617123,5.34127588246831,-4.63993620660455,-2.75117419734229,1.41158921336776,1.58850945483737,-1.57952014956363,-0.630856953111507,4.23323033323904,6.12780649341456,TRUE
"fixed_design","RQR",494,0.829313543599258,0.727307999805663,0.848588225980222,-1.62499611607047,1.47788720554917,-3.87377345898014,1.48944518036013,-1.19216413931001,5.36321863934026,-4.66668271279599,-2.76148988783352,1.41261493402503,1.59099624925862,-1.59259713248154,-0.63574586465397,4.2446145288655,6.15569759683011,TRUE
"fixed_design","RQR",495,0.833024118738404,1.05868727600597,0.849891746207675,-1.62474004425593,1.47945720475056,-3.89413484801693,1.49110826619318,-1.20151329091187,5.38524311421011,-4.6932278601672,-2.77122069199118,1.41381192721632,1.59332975021358,-1.60489399589008,-0.640622071003128,4.25686337711205,6.18504092038716,TRUE
"fixed_design","RQR",496,0.836734693877551,0.565229456175451,0.851187005414411,-1.62449223346211,1.48101894293122,-3.91458564451575,1.4927636625621,-1.21091099097683,5.40734930707785,-4.71958986093803,-2.78229460734578,1.4148206044334,1.59579095792289,-1.61797131785668,-0.644919927918025,4.26757298109017,6.21294022069271,TRUE
"fixed_design","RQR",497,0.840445269016698,0.442438960340127,0.852474003600428,-1.62425268368901,1.48257242009117,-3.93512584847663,1.49441136946687,-1.22035723950488,5.42953721794349,-4.74686894893852,-2.79293532174132,1.41577049694473,1.59814278611329,-1.63147683653592,-0.648900879660356,4.27884422622453,6.24171124591037,TRUE
"fixed_design","RQR",498,0.844155844155844,0.670440881160441,0.853752740765728,-1.62402139493663,1.4841176362304,-3.95575545989954,1.49605138690749,-1.22985203649602,5.45180684680703,-4.77454091887647,-2.80240428265395,1.41693956161932,1.60071031063328,-1.64454806107236,-0.65366178582692,4.29159508909544,6.27187366203048,TRUE
"fixed_design","RQR",499,0.847866419294991,1.14806605645666,0.855023216910309,-1.62379836720496,1.48565459134891,-3.97647447878449,1.49768371488397,-1.23939538195026,5.47415819366846,-4.80328978875742,-2.81283787622246,1.41795413201881,1.60313254496572,-1.65810210375299,-0.658319461384726,4.30529823674323,6.30203366078441,TRUE
"fixed_design","RQR",500,0.851576994434137,-0.508105956442173,0.856285432034173,-1.62358360049402,1.48718328544671,-3.99728290513148,1.49930835339631,-1.24898727586759,5.49659125852779,-4.83233243343606,-2.82195273174941,1.41896672466405,1.60572906924732,-1.67085450683684,-0.663277532000928,4.31810962485224,6.33122118625321,TRUE
"fixed_design","RQR",501,0.855287569573284,0.200833597813262,0.857539386137319,-1.62337709480379,1.48870371852378,-4.01818073894052,1.5009253024445,-1.25862771824801,5.51910604138502,-4.85965032576102,-2.83374924016793,1.41995712880901,1.60818295852201,-1.68395554396131,-0.668705997718639,4.32974525214336,6.36071796074369,TRUE
"fixed_design","RQR",502,0.85899814471243,0.998819793565056,0.858785079219747,-1.62317885013428,1.49021589058014,-4.03916798021159,1.50253456202855,-1.26831670909152,5.54170254224014,-4.88781836350693,-2.8457492143952,1.42094341165155,1.61072396178793,-1.69661266732672,-0.67359423430453,4.34314551159632,6.39046607490879,TRUE
"fixed_design","RQR",503,0.862708719851577,-4.24765866507823,0.860022511281457,-1.62298886648549,1.49171980161578,-4.06024462894471,1.50413613214845,-1.27805424839813,5.56438076109316,-4.91503850108295,-2.85500457338557,1.42186126847442,1.61341903608903,-1.71037315471332,-0.678272935347738,4.35705867599506,6.42222478618424,TRUE
"fixed_design","RQR",504,0.866419294990724,-0.47401389488834,0.861251682322448,-1.62280714385741,1.4932154516307,-4.08141068513987,1.50573001280421,-1.28784033616783,5.58714069794408,-4.94413378325738,-2.86557288430262,1.42291880739701,1.61581906332029,-1.72476710213189,-0.682997164124768,4.37077545404629,6.45282351427403,TRUE
"fixed_design","RQR",505,0.87012987012987,0.734847512266181,0.862472592342722,-1.62263368225005,1.49470284062491,-4.10266614879707,1.50731620399582,-1.29767497240062,5.60998235279289,-4.97232421714966,-2.87710868946476,1.42382716832679,1.61837202643848,-1.73863353547571,-0.687182905342713,4.38399884610167,6.48306451352533,TRUE
"fixed_design","RQR",506,0.873840445269017,1.08179233527377,0.863685241342278,-1.62246848166342,1.4961819685984,-4.12401101991631,1.50889470572329,-1.30755815709651,5.6329057256396,-5.00303701786222,-2.88809516389373,1.42458772288289,1.62098242147971,-1.75306421938618,-0.69214217088695,4.39772598453265,6.51371537251165,TRUE
"fixed_design","RQR",507,0.877551020408163,1.5178712049082,0.864889629321116,-1.62231154209749,1.49765283555116,-4.14544529849759,1.51046551798662,-1.31748989025549,5.65591081648421,-5.0326071730024,-2.90006784450438,1.42536209248005,1.62336298606981,-1.76698898852726,-0.69644913413305,4.41198344094257,6.54378946842298,TRUE
"fixed_design","RQR",508,0.88126159554731,1.24034905944882,0.866085756279236,-1.62216286355229,1.49911544148321,-4.16696898454091,1.5120286407858,-1.32747017187756,5.67899762532671,-5.06358483051536,-2.91044764303772,1.42615905848939,1.62606177506237,-1.78067020173822,-0.700754300043694,4.42462726880409,6.57420440089463,TRUE
"fixed_design","RQR",509,0.884972170686456,0.985746275483977,0.867273622216638,-1.62202244602781,1.50056978639455,-4.18858207804628,1.51358407412083,-1.33749900196272,5.70216615216711,-5.09385052776941,-2.9225624461159,1.42694564332574,1.62855841566427,-1.7949026102545,-0.705900235231427,4.43709173101039,6.60491121727766,TRUE
"fixed_design","RQR",510,0.888682745825603,1.46716251217706,0.868453227133323,-1.62189028952404,1.50201587028516,-4.21028457901368,1.51513181799173,-1.34757638051098,5.72541639700541,-5.1224058777818,-2.93432460856997,1.42763009592511,1.63108363877325,-1.80940029392552,-0.710176524387516,4.44987817178728,6.63732991186072,TRUE
"fixed_design","RQR",511,0.89239332096475,-0.204177082875887,0.869624571029289,-1.62176639404099,1.50345369315506,-4.23207648744313,1.51667187239847,-1.35770230752233,5.7487483598416,-5.15244996083736,-2.94639584107845,1.4283196586658,1.63352970171447,-1.82354529201755,-0.714829856277057,4.46267618312044,6.66825767618964,TRUE
"fixed_design","RQR",512,0.896103896103896,1.17402592781195,0.870787653904537,-1.62165075957866,1.50488325500424,-4.25395780333461,1.51820423734108,-1.36787678299677,5.77216204067569,-5.1825636587076,-2.95851925549088,1.42915551317659,1.63632059689048,-1.8377333469491,-0.719458700136683,4.47726443159176,6.69905782119315,TRUE
"fixed_design","RQR",513,0.899814471243043,0.985177670041648,0.871942475759067,-1.62154338613705,1.5063045558327,-4.27592852668814,1.51972891281953,-1.3780998069343,5.79565743950768,-5.20940836492261,-2.97244569365272,1.42997345663087,1.63867211936398,-1.85101544239556,-0.723873665068592,4.49006891916694,6.73064011797272,TRUE
"fixed_design","RQR",514,0.903525046382189,1.53185592973052,0.87308903659288,-1.62144427371615,1.50771759564044,-4.29798865750371,1.52124589883385,-1.38837137933493,5.81923455633756,-5.24039142260003,-2.98383068701336,1.43074077160996,1.64114586009458,-1.86506964856252,-0.728823784035273,4.50267130549162,6.76266390180312,TRUE
"fixed_design","RQR",515,0.907235621521336,-0.618603730768553,0.874227336405974,-1.62135342231597,1.50912237442746,-4.32013819578132,1.52275519538402,-1.39869150019865,5.84289339116534,-5.27086688165535,-2.99594712662775,1.4315335241482,1.64362613539376,-1.87934249067908,-0.733605147646205,4.51598490009441,6.79498108533142,TRUE
"fixed_design","RQR",516,0.910946196660482,0.988682010843913,0.87535737519835,-1.62127083193651,1.51051889219377,-4.34237714152097,1.52425680247004,-1.40906016952547,5.86663394399102,-5.29960933214867,-3.0061876732315,1.43232098800374,1.64615792227956,-1.89384533162253,-0.738235738007345,4.52604688106622,6.82741697777634,TRUE
"fixed_design","RQR",517,0.914656771799629,0.254860368134478,0.876479152970009,-1.62119650257777,1.51190714893936,-4.36470549472267,1.52575072009192,-1.41947738731537,5.89045621481459,-5.33141571222649,-3.01836945332218,1.43301953451872,1.6487544684734,-1.90901432342249,-0.742863469655387,4.53859954680319,6.85960666126293,TRUE
"fixed_design","RQR",518,0.918367346938776,0.390502522722981,0.87759266972095,-1.62113043423975,1.51328714466423,-4.3871232553864,1.52723694824966,-1.42994315356837,5.91436020363606,-5.36144658266084,-3.03011726989057,1.43370367303731,1.65109606177341,-1.92313839838839,-0.748066253855014,4.55069599406993,6.89119219722072,TRUE
"fixed_design","RQR",519,0.922077922077922,1.0603877487063,0.878697925451172,-1.62107262692244,1.51465887936838,-4.40963042351217,1.52871548694325,-1.44045746828446,5.93834591045542,-5.39081578398092,-3.04130646275277,1.43447062455611,1.65339388696931,-1.93687309034328,-0.753098402987715,4.56392340914935,6.92278015390792,TRUE
"fixed_design","RQR",520,0.925788497217069,0.285534747554424,0.879794920160677,-1.62102308062586,1.51602235305182,-4.43222699909999,1.5301863361727,-1.45102033146365,5.96241333527269,-5.42103561231852,-3.05065184716894,1.4351534559001,1.65617305653285,-1.95179442137066,-0.758161903621715,4.57773865049302,6.95519353957149,TRUE
"fixed_design","RQR",521,0.929499072356215,-2.18635893751858,0.880883653849464,-1.62098179534999,1.51737756571454,-4.45491298214985,1.531649495938,-1.46163174310592,5.98656247808785,-5.45313138610297,-3.0605027480435,1.43573318180217,1.65867884415331,-1.96598446797524,-0.762960299389558,4.59071689073103,6.98655572215696,TRUE
"fixed_design","RQR",522,0.933209647495362,1.20844414666793,0.881964126517532,-1.62094877109483,1.51872451735653,-4.47768837266175,1.53310496623916,-1.47229170321129,6.0107933389009,-5.4840642524269,-3.06996747176954,1.43640772545653,1.66119700008686,-1.98036284640792,-0.767740465138864,4.60413190407078,7.01749177868688,TRUE
"fixed_design","RQR",523,0.936920222634508,-1.44908109817439,0.883036338164883,-1.6209240078604,1.52006320797782,-4.50055317063569,1.53455274707617,-1.48300021177976,6.03510591771186,-5.51704930173004,-3.08183690605252,1.43692740383725,1.66368696754233,-1.9946619845112,-0.771619120941953,4.61503758652955,7.04920732764492,TRUE
"fixed_design","RQR",524,0.940630797773655,1.35094226788621,0.884100288791516,-1.62090750564668,1.52139363757838,-4.52350737607167,1.53599283844904,-1.49375726881131,6.05950021452071,-5.54749157614581,-3.0930278641882,1.43743058572328,1.66627014762261,-2.00980392910641,-0.77625362610167,4.62634799227383,7.08205365272873,TRUE
"fixed_design","RQR",525,0.944341372912802,1.37304352014698,0.885155978397431,-1.62089926445369,1.52271580615822,-4.54655098896969,1.53742524035776,-1.50456287430596,6.08397622932745,-5.5801813239894,-3.10541097685959,1.43817077493985,1.66866643616841,-2.0247634311023,-0.781675892456521,4.64074314032617,7.11530341301537,TRUE
"fixed_design","RQR",526,0.948051948051948,1.42512453249297,0.886203406982628,-1.62089928428141,1.52402971371735,-4.56968400932975,1.53884995280234,-1.5154170282637,6.1085339621321,-5.61248561691596,-3.11740292461257,1.43874686530097,1.67109212701842,-2.03985533247572,-0.785961840648865,4.65224625018402,7.14909766856622,TRUE
"fixed_design","RQR",527,0.951762523191095,1.43588892695317,0.887242574547107,-1.62090756512984,1.52533536025576,-4.59290643715186,1.54026697578278,-1.52631973068454,6.13317341293464,-5.64346873320843,-3.12825111271342,1.43924356521826,1.67338419442116,-2.05513217241964,-0.790568763449179,4.66464260508949,7.18236891040725,TRUE
"fixed_design","RQR",528,0.955473098330241,1.47467835128271,0.888273481090868,-1.620924106999,1.52663274577345,-4.616218272436,1.54167630929907,-1.53727098156846,6.15789458173507,-5.67645681301755,-3.14115709059311,1.43993503752881,1.6757174201737,-2.0705144516624,-0.795466875938557,4.67511770223937,7.2158525731255,TRUE
"fixed_design","RQR",529,0.959183673469388,0.886843612425575,0.889296126613911,-1.62094890988887,1.52792187027043,-4.63961951518219,1.54307795335122,-1.54827078091548,6.1826974685334,-5.70963639741889,-3.15526330990272,1.44056011746613,1.67808431032136,-2.08629582349178,-0.799929709285259,4.68664189942304,7.24903142713851,TRUE
"fixed_design","RQR",530,0.962894248608534,1.49483266581594,0.890310511116236,-1.62098197379947,1.52920273374668,-4.66311016539041,1.54447190793922,-1.5593191287256,6.20758207332963,-5.74164448862427,-3.16641948005823,1.44118847919123,1.68038062386848,-2.10249154041779,-0.804269356271143,4.70003614750617,7.2830862360047,TRUE
"fixed_design","RQR",531,0.966604823747681,1.2777704324768,0.891316634597843,-1.62102329873078,1.53047533620222,-4.68669022306068,1.54585817306308,-1.5704160249988,6.23254839612376,-5.77498272869919,-3.17963637129242,1.44167241202188,1.68273145146486,-2.11788915191072,-0.809864805540446,4.71372587548511,7.31756859989747,TRUE
"fixed_design","RQR",532,0.970315398886827,0.923832385596479,0.892314497058732,-1.6210728846828,1.53173967763704,-4.71035968819299,1.54723674872279,-1.5815614697351,6.25759643691578,-5.80748405370059,-3.19281984949248,1.44233293142551,1.68506004685636,-2.13369188545161,-0.814917305191134,4.7281789312138,7.35176535685595,TRUE
"fixed_design","RQR",533,0.974025974025974,1.37996314367425,0.893304098498904,-1.62113073165555,1.53299575805114,-4.73411856078734,1.54860763491836,-1.59275546293449,6.2827261957057,-5.8394796124271,-3.20543519422108,1.44282034425816,1.68742860673092,-2.14964664047422,-0.820596210856714,4.74261669047267,7.38618856393553,TRUE
"fixed_design","RQR",534,0.977736549165121,0.752701519799603,0.894285438918357,-1.62119683964901,1.53424357744452,-4.75796684084373,1.54997083164979,-1.60399800459697,6.30793767249352,-5.87201271366122,-3.21878598225257,1.44318270050256,1.68960864557086,-2.16403833022964,-0.826436626298637,4.75706976206981,7.41968000767686,TRUE
"fixed_design","RQR",535,0.981447124304267,1.5463366790641,0.895258518317092,-1.6212712086632,1.53548313581719,-4.78190452836217,1.55132633891707,-1.61528909472255,6.33323086727923,-5.90547732369987,-3.2308725652132,1.44358806321045,1.69206367285813,-2.18005762385107,-0.832545754228769,4.7724353552604,7.45324014356293,TRUE
"fixed_design","RQR",536,0.985157699443414,1.30134765276646,0.89622333669511,-1.6213538386981,1.53671443316914,-4.80593162334264,1.5526741567202,-1.62662873331122,6.35860578006284,-5.9396974598666,-3.24355029285765,1.44398126566224,1.69468812112332,-2.19603595420891,-0.838768009301102,4.78795303969761,7.48930398746959,TRUE
"fixed_design","RQR",537,0.98886827458256,0.847866502680843,0.897179894052409,-1.62144472975371,1.53793746950037,-4.83004812578516,1.55401428505919,-1.63801692036298,6.38406241084435,-5.97232649717092,-3.2548946689631,1.44442092034766,1.69722327128308,-2.21145766589259,-0.84429313489902,4.80185162659839,7.52452298803975,TRUE
"fixed_design","RQR",538,0.992578849721707,1.27157867600306,0.898128190388991,-1.62154388183005,1.53915224481088,-4.85425403568971,1.55534672393404,-1.64945365587784,6.40960075962375,-6.00517301128992,-3.26500954400123,1.44484159043315,1.69964335990991,-2.22862748780732,-0.850659883522229,4.81524765701877,7.55960741051444,TRUE
"fixed_design","RQR",539,0.996289424860853,0.97402978258228,0.899068225704854,-1.6216512949271,1.54035875910067,-4.87854935305631,1.55667147334474,-1.66093893985578,6.43522082640105,-6.0387768826854,-3.27700685922034,1.44536295170281,1.70214374933368,-2.24541347014222,-0.856886825797914,4.82956415088481,7.59539098088621,TRUE
"fixed_design","RQR",540,1,0.160104260300775,0.9,-1.62176696904487,1.54155701236975,-4.90293407788495,1.5579885332913,-1.67247277229682,6.46092261117625,-6.07197866952579,-3.29057455582612,1.4457176805188,1.70458830302748,-2.26145813929436,-0.862635884111267,4.84363565821848,7.63054219427172,TRUE
"fixed_design","ET",1,-1,-0.790578881537112,-0.8,-2.19817234052214,-0.293217463714833,-3.10656686910965,-0.217862406223792,-1.66221463766672,2.88870446288586,-4.23798685968307,-2.18290876843944,-0.409054190625899,0.116096869364891,-2.24696781180033,-1.17410557492244,1.92299848880811,4.02783757408517,TRUE
"fixed_design","ET",2,-0.996289424860853,-1.20312321819254,-0.794623796558596,-2.19354440970482,-0.287570040848416,-3.0929872710055,-0.212532246697164,-1.65275975885133,2.88045502430834,-4.2167658347921,-2.17576973016098,-0.402015298799191,0.119810202887696,-2.23414254428016,-1.16846361823349,1.92165661644558,4.01354040919959,TRUE
"fixed_design","ET",3,-0.992578849721707,-0.830331192339553,-0.789255854137911,-2.18892473990822,-0.281930879002717,-3.0794553980276,-0.207209436218607,-1.6433324171231,2.87224596180899,-4.19750440562092,-2.16744942044351,-0.395147897541169,0.123622726441045,-2.22131391764759,-1.16208803065807,1.92014566433868,3.99930984715821,TRUE
"fixed_design","ET",4,-0.98886827458256,-0.456323128843399,-0.783896172737943,-2.18431333113234,-0.276299978177735,-3.06597125017595,-0.20189397478812,-1.63393261248203,2.86407727538783,-4.17736904448609,-2.15986538634365,-0.38851990993703,0.126719509652447,-2.20841475527502,-1.15568534726843,1.91833167230575,3.98364214654096,TRUE
"fixed_design","ET",5,-0.985157699443414,-0.914888633104687,-0.778544752358693,-2.17971018337717,-0.270677338373472,-3.05253482745055,-0.196585862405704,-1.62456034492812,2.85594896504484,-4.15731487646131,-2.15316851324299,-0.381435409386075,0.130110571733906,-2.19532646748866,-1.14911294937636,1.91724941174339,3.96682749794758,TRUE
"fixed_design","ET",6,-0.981447124304267,-0.839137117689368,-0.773201593000162,-2.17511529664272,-0.265062959589927,-3.0391461298514,-0.191285099071359,-1.61521561446138,2.84786103078004,-4.13759578737209,-2.14733067205559,-0.374722754713731,0.133523193053032,-2.18281157827348,-1.1425254718752,1.91511940533305,3.95076045446271,TRUE
"fixed_design","ET",7,-0.977736549165121,-0.276138590675946,-0.767866694662348,-2.17052867092899,-0.2594568418271,-3.0258051573785,-0.185991684785084,-1.60589842108179,2.83981347259341,-4.11808084951338,-2.14010119955641,-0.368278137070479,0.136952857925598,-2.16967027440749,-1.13666229163992,1.91440741831585,3.93561244739274,TRUE
"fixed_design","ET",8,-0.974025974025974,-1.0181913770786,-0.762540057345252,-2.16595030623598,-0.253858985084991,-3.01251191003185,-0.18070561954688,-1.59660876478936,2.83180629048497,-4.09747622028721,-2.13262565133466,-0.361440962198669,0.140298988766633,-2.15587094337233,-1.13063967988136,1.91242808024885,3.9203525221669,TRUE
"fixed_design","ET",9,-0.970315398886827,-0.916955175390053,-0.757221681048874,-2.16138020256369,-0.248269389363599,-2.99926638781145,-0.175426903356747,-1.5873466455841,2.8238394844547,-4.07682600376826,-2.12575446246145,-0.354609504324359,0.143306774146171,-2.14291871270982,-1.12418830237891,1.91137448321454,3.90501417583474,TRUE
"fixed_design","ET",10,-0.966604823747681,-0.722045313675734,-0.751911565773214,-2.15681835991211,-0.242688054662926,-2.9860685907173,-0.170155536214685,-1.57811206346599,2.81591305450261,-4.0564446317906,-2.11862416042672,-0.347905741805793,0.146588762958306,-2.12953004594725,-1.1184545795078,1.9097738099066,3.88897917461602,TRUE
"fixed_design","ET",11,-0.962894248608534,-0.806094691526706,-0.746609711518272,-2.15226477828126,-0.23711498098297,-2.9729185187494,-0.164891518120694,-1.56890501843505,2.80802700062871,-4.03584214658499,-2.11086966434077,-0.341022919651797,0.150271408298855,-2.11729625260576,-1.11239198113614,1.90798251979134,3.87248630378445,TRUE
"fixed_design","ET",12,-0.959183673469388,-0.956909440092819,-0.741316118284048,-2.14771945767112,-0.231550168323733,-2.95981617190776,-0.159634849074773,-1.55972551049126,2.80018132283298,-4.01524935798931,-2.10360866803366,-0.334266347403862,0.153399742920708,-2.10358803350126,-1.1065742989912,1.90638831037272,3.85682738418996,TRUE
"fixed_design","ET",13,-0.955473098330241,-0.234622171786904,-0.736030786070542,-2.14318239808169,-0.225993616685213,-2.94676155019236,-0.154385529076923,-1.55057353963464,2.79237602111544,-3.99495715048075,-2.09729449648221,-0.327585523075641,0.156712436851273,-2.09099803093866,-1.10070393687577,1.90430245718223,3.84274115049731,TRUE
"fixed_design","ET",14,-0.951762523191095,-0.51725308059235,-0.730753714877754,-2.13865359951299,-0.220445326067412,-2.93375465360322,-0.149143558127144,-1.54144910586518,2.78461109547607,-3.97497661260456,-2.09192181470051,-0.320747699721487,0.159707189123445,-2.07814352048611,-1.0947965649778,1.9034696124457,3.82818678456114,TRUE
"fixed_design","ET",15,-0.948051948051948,-0.377850392269855,-0.725484904705684,-2.134133061965,-0.214905296470328,-2.92079548214032,-0.143908936225435,-1.53235220918288,2.77688654591489,-3.95437878888914,-2.08545161539042,-0.314028738137228,0.163442915183095,-2.06603065994322,-1.08906943191263,1.90048874947991,3.81308555666431,TRUE
"fixed_design","ET",16,-0.944341372912802,-0.30930476652987,-0.720224355554332,-2.12962078543774,-0.209373527893962,-2.90788403580368,-0.138681663371798,-1.52328284958774,2.76920237243188,-3.93427337006666,-2.07736538542216,-0.307395792736363,0.16668993702614,-2.05320669244267,-1.08272649445886,1.89831951135948,3.79959048735787,TRUE
"fixed_design","ET",17,-0.940630797773655,-0.476367957239766,-0.714972067423697,-2.12511676993119,-0.203850020338314,-2.89502031459328,-0.133461739566231,-1.51424102707976,2.76155857502705,-3.91410623450132,-2.06963932969181,-0.300862640422128,0.169875216575069,-2.04091850185093,-1.07684322824695,1.89776144694859,3.78547260665594,TRUE
"fixed_design","ET",18,-0.936920222634508,-0.432651269961505,-0.709728040313781,-2.12062101544535,-0.198334773803385,-2.88220431850914,-0.128249164808735,-1.50522674165894,2.75395515370041,-3.89550909842387,-2.06240222558948,-0.294420606248373,0.173033177807742,-2.02814200001499,-1.07120104510143,1.89668784774294,3.77141424110083,TRUE
"fixed_design","ET",19,-0.933209647495362,-0.299940102624181,-0.704492274224583,-2.11613352198024,-0.192827788289173,-2.86943604755125,-0.123043939099309,-1.49623999332528,2.74639210845194,-3.87599375447219,-2.05527127145436,-0.287701077008788,0.176383799358898,-2.01580690961025,-1.06596555451658,1.89433710698544,3.75672376978429,TRUE
"fixed_design","ET",20,-0.929499072356215,-0.435688745745682,-0.699264769156102,-2.11165428953584,-0.187329063795679,-2.85671550171961,-0.117846062437955,-1.48728078207878,2.73886943928165,-3.85741278631742,-2.04863188541206,-0.281064052708232,0.179786749632721,-2.0032854332901,-1.05858899634873,1.89339881254186,3.7425165148278,TRUE
"fixed_design","ET",21,-0.925788497217069,-0.278039693886509,-0.69404552510834,-2.10718331811217,-0.181838600322903,-2.84404268101422,-0.112655534824671,-1.47834910791944,2.73138714618955,-3.8379111543326,-2.04198891305251,-0.274788138190564,0.18317367906376,-1.99080374961443,-1.05350040595036,1.89185323185114,3.72868604388784,TRUE
"fixed_design","ET",22,-0.922077922077922,-1.11273448356415,-0.688834542081295,-2.10272060770921,-0.176356397870845,-2.83141758543508,-0.107472356259458,-1.46944497084727,2.72394522917562,-3.81853766963263,-2.0357629904132,-0.268267017594506,0.186104164262579,-1.97797603437521,-1.04736040963082,1.89039717498179,3.71388718187132,TRUE
"fixed_design","ET",23,-0.918367346938776,-0.442688568869858,-0.683631820074969,-2.09826615832696,-0.170882456439505,-2.81884021498219,-0.102296526742316,-1.46056837086225,2.71654368823987,-3.79928193753713,-2.028652101857,-0.261786126379849,0.189279680822868,-1.96551240492806,-1.04144082609111,1.88978498677031,3.69934156398775,TRUE
"fixed_design","ET",24,-0.914656771799629,-2.57483925024798,-0.67843735908936,-2.09381996996544,-0.165416776028883,-2.80631056965555,-0.097128046273244,-1.4517193079644,2.70918252338231,-3.77978723630633,-2.02136425071743,-0.255382311723037,0.192232066602991,-1.95291508571668,-1.0353961376873,1.88836048732347,3.68499844048278,TRUE
"fixed_design","ET",25,-0.910946196660482,-0.568150964399029,-0.673251159124469,-2.08938204262463,-0.159959356638979,-2.79382864945516,-0.0919669148522432,-1.4428977821537,2.70186173460292,-3.76292702988996,-2.01473969855487,-0.249106932890239,0.195577396719739,-1.94063771663358,-1.03025292860253,1.88675960338026,3.67119485869365,TRUE
"fixed_design","ET",26,-0.907235621521336,-0.144915986795578,-0.668073220180297,-2.08495237630454,-0.154510198269793,-2.78139445438103,-0.0868131324793131,-1.43410379343017,2.69458132190171,-3.74318893047289,-2.00777639779424,-0.242649546344511,0.199125454768173,-1.92838252430685,-1.0245197352753,1.88372621955511,3.65747327179383,TRUE
"fixed_design","ET",27,-0.903525046382189,-0.549939558758221,-0.662903542256842,-2.08053097100517,-0.149069300921325,-2.76900798443314,-0.0816666991544539,-1.4253373417938,2.68734128527869,-3.72454882692117,-2.0009713584662,-0.236459765693152,0.20231826199693,-1.91565207927708,-1.01807405551105,1.88191932958132,3.64518253730472,TRUE
"fixed_design","ET",28,-0.899814471243043,-0.452112323123248,-0.657742125354105,-2.07611782672652,-0.143636664593574,-2.7566692396115,-0.0765276148776654,-1.41659842724459,2.68014162473384,-3.70404967527625,-1.99397329555488,-0.230409241730434,0.204885061724392,-1.90378566990585,-1.01199826645267,1.88264932987032,3.63207219707376,TRUE
"fixed_design","ET",29,-0.896103896103896,-0.384677468770786,-0.652588969472086,-2.07171294346859,-0.138212289286542,-2.74437821991612,-0.0713958796489475,-1.40788704978253,2.67298234026717,-3.68473142355716,-1.98707788457058,-0.2238383692544,0.207954751397029,-1.8919873130056,-1.00615120889154,1.88141873831457,3.61799587772767,TRUE
"fixed_design","ET",30,-0.89239332096475,-1.33284389003792,-0.647444074610785,-2.06731632123137,-0.132796175000227,-2.73213492534699,-0.0662714934683006,-1.39920320940764,2.66586343187868,-3.66633303643094,-1.97953869747455,-0.217304820232487,0.211154387528484,-1.88089522713314,-0.999932413295622,1.87902852632907,3.60482668410155,TRUE
"fixed_design","ET",31,-0.888682745825603,-0.179005740592015,-0.642307440770203,-2.06292796001487,-0.127388321734631,-2.7199393559041,-0.0611544563357244,-1.39054690611991,2.65878489956838,-3.64784136743051,-1.97218408682639,-0.210951692402016,0.214761245477047,-1.8690382698455,-0.994353018263522,1.87713716522507,3.59080694661893,TRUE
"fixed_design","ET",32,-0.884972170686456,-0.922675301309786,-0.637179067950338,-2.05854785981909,-0.121988729489753,-2.70779151158747,-0.0560447682512188,-1.38191813991934,2.65174674333625,-3.6294446891504,-1.96517691850906,-0.204729531972744,0.218103017929182,-1.85725341954451,-0.988648415711386,1.87625271560406,3.57661762395139,TRUE
"fixed_design","ET",33,-0.88126159554731,-1.45300798949097,-0.632058956151191,-2.05417602064403,-0.116597398265592,-2.69569139239709,-0.0509424292147842,-1.37331691080594,2.6447489631823,-3.61117604707424,-1.95738972120876,-0.198503180641266,0.221611610628513,-1.84598861942633,-0.982767648995881,1.87556499179112,3.56307092835945,TRUE
"fixed_design","ET",34,-0.877551020408163,-0.163645881731786,-0.626947105372761,-2.04981244248968,-0.111214328062149,-2.68363899833295,-0.0458474392264201,-1.36474321877969,2.63779155910653,-3.59387316090127,-1.9505338380068,-0.192215859665945,0.224437149738909,-1.8345337422165,-0.977574384975681,1.87502365038737,3.54840078821064,TRUE
"fixed_design","ET",35,-0.873840445269017,-0.304448395814672,-0.62184351561505,-2.04545712535605,-0.105839518879425,-2.67163432939507,-0.040759798286127,-1.3561970638406,2.63087453110895,-3.5764140650929,-1.94448347572605,-0.186079103551469,0.228136017613522,-1.82353140991851,-0.971922127215221,1.87433194077558,3.53470443545735,TRUE
"fixed_design","ET",36,-0.87012987012987,-0.191878700871621,-0.616748186878057,-2.04111006924315,-0.100472970717418,-2.65967738558344,-0.0356795063939044,-1.34767844598867,2.62399787918954,-3.55844726371744,-1.9381754072453,-0.179755308933735,0.231605518743152,-1.81202062891956,-0.965858197706808,1.87319412827591,3.52221088937299,TRUE
"fixed_design","ET",37,-0.866419294990724,-2.74406168728065,-0.611661119161782,-2.03677127415095,-0.0951146835761295,-2.64776816689806,-0.0306065635497528,-1.33918736522391,2.61716160334831,-3.54105648018308,-1.93219318515973,-0.173738871803123,0.235394506515271,-1.80005282672433,-0.959924890585222,1.87326240892599,3.51057718900312,TRUE
"fixed_design","ET",38,-0.862708719851577,-0.126202001254088,-0.606582312466225,-2.03244074007948,-0.0897646574555588,-2.63590667333894,-0.025540969753672,-1.3307238215463,2.61036570358526,-3.52386518683293,-1.92556595400749,-0.167307939216137,0.238717171501044,-1.78879194836082,-0.954085302197456,1.87149937470235,3.49802843833554,TRUE
"fixed_design","ET",39,-0.85899814471243,-1.08838141030905,-0.601511766791385,-2.02811846702873,-0.0844228923557059,-2.62409290490606,-0.0204827250056617,-1.32228781495586,2.6036101799004,-3.50653091029433,-1.9191728197231,-0.161031567781938,0.242180164692312,-1.77676597027945,-0.94870146348464,1.87103024966513,3.48471022799138,TRUE
"fixed_design","ET",40,-0.855287569573284,-0.451475609513188,-0.596449482137264,-2.02380445499869,-0.0790893882765711,-2.61232686159943,-0.0154318293057224,-1.31387934545258,2.59689503229371,-3.48914270952505,-1.91216349480153,-0.155019176029116,0.245141642482359,-1.76610963015091,-0.943254314325722,1.86969206517874,3.47081993930348,TRUE
"fixed_design","ET",41,-0.851576994434137,-0.133374329632262,-0.59139545850386,-2.01949870398937,-0.0737641452181542,-2.60060854341905,-0.0103882826538536,-1.30549841303645,2.5902202607652,-3.47132446753373,-1.90505867755628,-0.148875056092064,0.248645285692768,-1.75538252136253,-0.937866099195685,1.86767203017971,3.45945594761953,TRUE
"fixed_design","ET",42,-0.847866419294991,-0.0648533771356543,-0.586349695891175,-2.01520121400077,-0.0684471631804553,-2.58893795036493,-0.00535208505005582,-1.29714501770749,2.58358586531487,-3.45363438139322,-1.89968060259757,-0.14273339197461,0.252026646985178,-1.7438018511995,-0.932365176198406,1.86602181601472,3.44756476991076,TRUE
"fixed_design","ET",43,-0.844155844155844,-0.715075069410529,-0.581312194299207,-2.01091198503289,-0.0631384421634741,-2.57731508243705,-0.000323236494328616,-1.28881915946569,2.57699184594272,-3.43786899732543,-1.89384599689289,-0.136788755753897,0.255906480987617,-1.73224369264217,-0.926185980343782,1.86435898799994,3.43509462203879,TRUE
"fixed_design","ET",44,-0.840445269016698,-0.0309020474016888,-0.576282953727958,-2.00663101708572,-0.0578379821672111,-2.56573993963543,0.00469826301332766,-1.28052083831105,2.57043820264875,-3.42079584145783,-1.88725231613027,-0.130765377796964,0.259388935552959,-1.72089045548052,-0.919604529467709,1.86167953204539,3.42341940275234,TRUE
"fixed_design","ET",45,-0.836734693877551,-0.370775531015997,-0.571261974177426,-2.00235831015927,-0.052545783191666,-2.55421252196005,0.0097124134729132,-1.27225005424357,2.56392493543296,-3.4041085245281,-1.8801666815402,-0.124686420210289,0.262569694970474,-1.70971994242938,-0.913888323097202,1.8604238329481,3.41099615257477,TRUE
"fixed_design","ET",46,-0.833024118738404,-0.0716200549977994,-0.566249255647612,-1.99809386425354,-0.047261845236839,-2.54273282941093,0.0147192148844281,-1.26400680726325,2.55745204429536,-3.38775667917347,-1.87406541518536,-0.11863035101426,0.266046243725244,-1.69956255084672,-0.907763999087316,1.85827899764201,3.39814542412887,TRUE
"fixed_design","ET",47,-0.829313543599258,-0.143183419908424,-0.561244798138517,-1.99383767936853,-0.0419861683027297,-2.53130086198806,0.0197186672478721,-1.25579109737009,2.55101952923593,-3.37071692889748,-1.86695800047871,-0.112646333133846,0.269589331045786,-1.68803854151982,-0.901842433193495,1.85676014145074,3.38712810907384,TRUE
"fixed_design","ET",48,-0.825602968460111,-0.475433528776739,-0.556248601650139,-1.98958975550424,-0.0367187523893384,-2.51991661969143,0.0247107705632455,-1.24760292456409,2.54462739025468,-3.35456040561942,-1.86007205785739,-0.106615971046511,0.273198029468595,-1.67637237219065,-0.895850479033079,1.85553690988823,3.3750202401431,TRUE
"fixed_design","ET",49,-0.821892393320965,-0.992837796121122,-0.551260666182479,-1.98535009266066,-0.0314595974966652,-2.50858010252106,0.029695524830548,-1.23944228884526,2.53827562735161,-3.33843150130271,-1.85397887899662,-0.100681884356666,0.276545089404523,-1.66547944794391,-0.890286892961114,1.85431630281205,3.36288074698896,TRUE
"fixed_design","ET",50,-0.818181818181818,-1.81014617977783,-0.546280991735537,-1.9811186908378,-0.0262087036247097,-2.49729131047694,0.0346729300497799,-1.23130919021358,2.53196424052672,-3.32065987100745,-1.84725851142587,-0.0950444801461749,0.27976322307268,-1.65440274170176,-0.884586956998701,1.85332727976765,3.35165657452144,TRUE
"fixed_design","ET",51,-0.814471243042672,-0.029340768695642,-0.541309578309313,-1.97689555003566,-0.0209660707734725,-2.48605024355907,0.0396429862209409,-1.22320362866906,2.52569322978001,-3.30370698563076,-1.84056278200127,-0.0892942882551715,0.282759706231839,-1.64396340252639,-0.878916089893858,1.85304977276631,3.34121273372138,TRUE
"fixed_design","ET",52,-0.810760667903525,-1.7955120837409,-0.536346425903807,-1.97268067025424,-0.015731698942953,-2.47485690176745,0.0446056933440311,-1.21512560421171,2.51946259511148,-3.28665321987315,-1.83341591094317,-0.0831980437470677,0.286334635926913,-1.63347529936827,-0.873019690690698,1.85237996390736,3.3301460288324,TRUE
"fixed_design","ET",53,-0.807050092764378,-0.16975752873198,-0.531391534519019,-1.96847405149354,-0.0105055881331514,-2.46371128510208,0.0495610514190507,-1.20707511684152,2.51327233652113,-3.27002344614229,-1.82686376347869,-0.0772050190924133,0.289590215239612,-1.62253857985693,-0.867781600073203,1.85202826614582,3.31841696798026,TRUE
"fixed_design","ET",54,-0.803339517625232,-0.335423682739811,-0.526444904154949,-1.96427569375355,-0.00528773834406793,-2.45261339356296,0.0545090604459994,-1.19905216655848,2.50712245400896,-3.25316556787273,-1.82003226582515,-0.0712889024683204,0.292740211145085,-1.61205583796539,-0.861797022021478,1.85112550608568,3.30669703636986,TRUE
"fixed_design","ET",55,-0.799628942486085,-0.868534182042794,-0.521506534811597,-1.96008559703429,-7.8149575702402e-05,-2.4415632271501,0.0594497204248774,-1.19105675336261,2.50101294757497,-3.23769282289777,-1.81338290367118,-0.0656426124682642,0.295746980230885,-1.60148560841552,-0.856069112131963,1.84995602357791,3.29605694573471,TRUE
"fixed_design","ET",56,-0.795918367346939,-0.602649779147075,-0.516576426488963,-1.95590376133574,0.00512317817194519,-2.43056078586348,0.0643830313556847,-1.1830888772539,2.49494381721916,-3.22148964299394,-1.80693405631516,-0.0598805645802162,0.299120390612538,-1.59031792909679,-0.850712599738466,1.84772035748222,3.28451871660667,TRUE
"fixed_design","ET",57,-0.792207792207792,-1.86611160806821,-0.511654579187047,-1.9517301866579,0.0103162448988751,-2.41960606970311,0.0693089932384212,-1.17514853823235,2.48891506294154,-3.20450734905372,-1.8009090347185,-0.054236201820995,0.302990834366857,-1.5801219603186,-0.844882526197998,1.84669385137059,3.27332073452692,TRUE
"fixed_design","ET",58,-0.788497217068646,-0.485827141365623,-0.506740992905848,-1.94756487300079,0.0155010506050868,-2.408699078669,0.0742276060730869,-1.16723573629796,2.48292668474209,-3.18900970405723,-1.7944391193016,-0.0483695073324686,0.305993959536162,-1.57015577928428,-0.838942203680642,1.84521641780527,3.26101944179061,TRUE
"fixed_design","ET",59,-0.784786641929499,-0.160008970222739,-0.501835667645368,-1.94340782036439,0.0206775952905804,-2.39783981276113,0.0791388698596818,-1.15935047145073,2.47697868262082,-3.17279468585958,-1.78820655397834,-0.0427769791926237,0.309812641101882,-1.55967221120315,-0.833081605489004,1.84531062189131,3.25099862857424,TRUE
"fixed_design","ET",60,-0.781076066790352,-0.129916565596844,-0.496938603405606,-1.93925902874872,0.0258458789553563,-2.38702827197952,0.084042784598206,-1.15149274369066,2.47107105657773,-3.1572725671377,-1.78177040314286,-0.0373047639969165,0.313712888638286,-1.54927729214634,-0.827172478201225,1.84381629148433,3.23978676761357,TRUE
"fixed_design","ET",61,-0.777365491651206,-1.30114346924366,-0.492049800186561,-1.93511849815375,0.0310059015994141,-2.37626445632416,0.0889393502886594,-1.14366255301775,2.46520380661282,-3.1409660801065,-1.77557963924985,-0.0315422716838059,0.316862739005701,-1.53899914062368,-0.821740372529642,1.84112046242469,3.22817322608372,TRUE
"fixed_design","ET",62,-0.773654916512059,-0.292863762242098,-0.487169257988235,-1.93098622857951,0.036157663222754,-2.36554836579504,0.0938285669310421,-1.135859899432,2.45937693272609,-3.12578331251082,-1.76957251891725,-0.0258065095546627,0.320268861096686,-1.5286395770349,-0.816011501802042,1.83948473927129,3.2177833923678,TRUE
"fixed_design","ET",63,-0.769944341372913,-1.31997244322127,-0.482296976810626,-1.92686222002599,0.0413011638253761,-2.35488000039218,0.098710434525354,-1.12808478293341,2.45359043491754,-3.1106272334924,-1.76275267838916,-0.0203210529874749,0.323439911251017,-1.51870066738886,-0.810121735836626,1.83712229465841,3.20706587569066,TRUE
"fixed_design","ET",64,-0.766233766233766,-0.104726731262594,-0.477432956653736,-1.92274647249318,0.0464364034072801,-2.34425936011557,0.103584953071595,-1.12033720352199,2.44784431318717,-3.09574999573735,-1.75636924353289,-0.0146944994949838,0.326814850871448,-1.50790519143243,-0.804557889043667,1.83574891909957,3.19538312788078,TRUE
"fixed_design","ET",65,-0.76252319109462,-0.543601709015394,-0.472577197517563,-1.91863898598109,0.0515633819684662,-2.33368644496521,0.108452122569766,-1.11261716119772,2.44213856753498,-3.08142482266748,-1.74959064482427,-0.00916588477614772,0.330655925301489,-1.49746224083248,-0.798392256717076,1.83381973363727,3.18519806795087,TRUE
"fixed_design","ET",66,-0.758812615955473,-0.087860786355868,-0.467729699402109,-1.91453976048972,0.0566820995089342,-2.3231612549411,0.113311943019865,-1.10492465596062,2.43647319796097,-3.06634822188889,-1.74218659675263,-0.00353696643266478,0.33412986798313,-1.48755650136648,-0.792685676390959,1.83235503570134,3.17566429100339,TRUE
"fixed_design","ET",67,-0.755102040816326,0.037195414911438,-0.462890462307372,-1.91044879601907,0.0617925560286845,-2.31268379004324,0.118164414421894,-1.09725968781067,2.43084820446513,-3.05040660509946,-1.73577602276187,0.00192822281142857,0.337855203639589,-1.47800484674308,-0.787161398291881,1.82992360415748,3.16541644565105,TRUE
"fixed_design","ET",68,-0.75139146567718,-0.161941371119745,-0.458059486233353,-1.90636609256914,0.0668947515277167,-2.30225405027163,0.123009536775852,-1.08962225674789,2.42526358704748,-3.03501600685283,-1.72831584007882,0.00736421837802442,0.341587415478731,-1.46793698457364,-0.781557780946393,1.82863847197256,3.15619564260985,TRUE
"fixed_design","ET",69,-0.747680890538033,-0.229033597798957,-0.453236771180052,-1.90229165013992,0.0719886860060309,-2.29187203562627,0.127847310081739,-1.08201236277227,2.41971934570801,-3.01909777357735,-1.72096726184669,0.0128673927496684,0.344868657466311,-1.4573391037318,-0.775592772569834,1.82553642017449,3.14718329830808,TRUE
"fixed_design","ET",70,-0.743970315398887,-0.852850082307573,-0.44842231714747,-1.89822546873142,0.0770743594636272,-2.28153774610717,0.132677734339556,-1.07443000588381,2.41421548044672,-3.00526664184367,-1.71454541344069,0.0183861154103033,0.347881547974594,-1.44750379429417,-0.769499181034747,1.82334465242265,3.13655908076565,TRUE
"fixed_design","ET",71,-0.74025974025974,-1.033379501958,-0.443616124135605,-1.89416754834364,0.0821517719005057,-2.27125118171431,0.137500809549302,-1.0668751860825,2.40875199126361,-2.99091274459417,-1.70795943367803,0.0239956087554106,0.351700708392579,-1.43858986367215,-0.76380428920092,1.82135654635545,3.12749600081025,TRUE
"fixed_design","ET",72,-0.736549165120594,-1.40660644635305,-0.438818192144458,-1.89011788897658,0.0872209233166659,-2.2610123424477,0.142316535710977,-1.05934790336836,2.40332887815868,-2.9768689142853,-1.70107954031781,0.0292890272840691,0.355593707186456,-1.42871107319578,-0.758291794480978,1.81874646394997,3.11758775274206,TRUE
"fixed_design","ET",73,-0.732838589981447,-0.296281930816652,-0.434028521174029,-1.88607649063023,0.0922818137121085,-2.25082122830735,0.147124912824581,-1.05184815774138,2.39794614113193,-2.9626588121021,-1.69434416097782,0.0346462318607033,0.358998526732877,-1.41932482649712,-0.752151306027923,1.81761582117978,3.10809779071956,TRUE
"fixed_design","ET",74,-0.7291280148423,-0.936276201562151,-0.429247111224318,-1.88204335330461,0.097334443086833,-2.24067783929324,0.151925940890115,-1.04437594920156,2.39260378018336,-2.94798244344947,-1.68780521201857,0.0399903128606161,0.361989346182116,-1.40898329450152,-0.745809928260372,1.81555070315511,3.09807486237089,TRUE
"fixed_design","ET",75,-0.725417439703154,-0.145431387058489,-0.424473962295325,-1.8780184769997,0.102378811440839,-2.23058217540539,0.156719619907578,-1.03693127774891,2.38730179531297,-2.9328514107037,-1.68063196888869,0.0454471351096705,0.365587207319879,-1.39958086090664,-0.74079207121446,1.81399443115518,3.0879714067044,TRUE
"fixed_design","ET",76,-0.721706864564007,-0.402458646811903,-0.41970907438705,-1.87400186171551,0.107414918774128,-2.22053423664379,0.16150594987697,-1.02951414338341,2.38204018652076,-2.91944603622653,-1.67458550942856,0.0508140266943359,0.369310244643763,-1.39024433688486,-0.735168088833975,1.81268286856435,3.0796973483628,TRUE
"fixed_design","ET",77,-0.717996289424861,-0.534674971908519,-0.414952447499492,-1.86999350745203,0.112442765086699,-2.21053402300843,0.166284930798291,-1.02212454610507,2.37681895380673,-2.90524397742348,-1.66725044396024,0.0562804540412781,0.372594053445894,-1.38028063299662,-0.728856506579696,1.81173962860951,3.07019930308357,TRUE
"fixed_design","ET",78,-0.714285714285714,-0.216814253267368,-0.410204081632653,-1.86599341420928,0.117462350378551,-2.20058153449933,0.171056562671541,-1.0147624859139,2.37163809717087,-2.89166664675576,-1.66013062490275,0.0617550960351304,0.375827835964279,-1.37079811855664,-0.723520568323134,1.80994120180062,3.06207030450393,TRUE
"fixed_design","ET",79,-0.710575139146568,-0.743957162310353,-0.405463976786532,-1.86200158198724,0.122473674649686,-2.19067677111648,0.175820845496721,-1.00742796280988,2.3664976166132,-2.8781594475423,-1.6539109131735,0.0671157702918266,0.379395277426183,-1.36128516875254,-0.717722690548637,1.80884583897385,3.05375256936889,TRUE
"fixed_design","ET",80,-0.706864564007421,-0.00165022474380427,-0.400732132961128,-1.85801801078592,0.127476737900103,-2.18081973285988,0.18057777927383,-1.00012097679303,2.36139751213371,-2.86355472284235,-1.64665603147422,0.0723711395646497,0.383094605679859,-1.35141078199527,-0.712042667637965,1.80671845397355,3.04499517942386,TRUE
"fixed_design","ET",81,-0.703153988868275,-0.761581312290653,-0.396008550156443,-1.85404270060532,0.132471540129802,-2.17101041972953,0.185327364002868,-0.992841527863331,2.3563377837324,-2.8499002340589,-1.63998774060255,0.0776001910958539,0.386516587279027,-1.34191574217022,-0.706137948217688,1.80430046999436,3.03499242479199,TRUE
"fixed_design","ET",82,-0.699443413729128,0.0812864044033218,-0.391293228372476,-1.85007565144544,0.137458081338783,-2.16124883172543,0.190069599683836,-0.985589616020798,2.35131843140927,-2.83526747930381,-1.63376623203179,0.0829378681284125,0.390084094642131,-1.33291230318981,-0.700819232755292,1.80249385418011,3.02484588727487,TRUE
"fixed_design","ET",83,-0.695732838589981,0.0228856878632848,-0.386586167609226,-1.84611686330627,0.142436361527046,-2.15153496884758,0.194804486316733,-0.978365241265426,2.34633945516432,-2.82271666838802,-1.62782439844178,0.088067331039732,0.393514677068448,-1.32382240006277,-0.695732708648663,1.80075150167946,3.01560076394248,TRUE
"fixed_design","ET",84,-0.692022263450835,-0.45244135706665,-0.381887367866695,-1.84216633618782,0.147406380694591,-2.14186883109599,0.199532023901559,-0.971168403597214,2.34140085499754,-2.80889445666051,-1.62093302850331,0.0931216006826782,0.397233717274744,-1.31440065765076,-0.689941388603844,1.80061054387256,3.00637057084274,TRUE
"fixed_design","ET",85,-0.688311688311688,0.0496125545169679,-0.377196829144881,-1.8382240700901,0.152368138841418,-2.13225041847064,0.204252212438314,-0.963999103016163,2.33650263090895,-2.79564070291188,-1.61485826249872,0.098315304585614,0.401068975967156,-1.30526897699982,-0.684575804909179,1.79913499365077,2.9971058094955,TRUE
"fixed_design","ET",86,-0.684601113172542,-0.00849935328419948,-0.372514551443786,-1.83429006501308,0.157321635967527,-2.12267973097154,0.208965051926998,-0.956857339522272,2.33164478289854,-2.7822686941185,-1.60756692816592,0.103532067035375,0.404521535990323,-1.29629321947433,-0.679056535682972,1.79720338764605,2.98724856490591,TRUE
"fixed_design","ET",87,-0.680890538033395,0.00842528136428794,-0.367840534763408,-1.83036432095679,0.162266872072918,-2.1131567685987,0.213670542367612,-0.949743113115542,2.32682731096631,-2.76831469613934,-1.60167815091036,0.108745999881734,0.408127998039469,-1.2873154362738,-0.673464810222695,1.79501549426134,2.97880841471463,TRUE
"fixed_design","ET",88,-0.677179962894249,-0.0626769062965701,-0.363174779103748,-1.82644683792122,0.167203847157591,-2.1036815313521,0.218368683760155,-0.942656423795973,2.32205021511226,-2.75470575478922,-1.59523461630524,0.113776080246778,0.411462084165766,-1.27821101294523,-0.66839565971873,1.79299266985716,2.97004220426946,TRUE
"fixed_design","ET",89,-0.673469387755102,-0.865188033756317,-0.358517284464806,-1.82253761590636,0.172132561221546,-2.09425401923176,0.223059476104627,-0.935597271563565,2.31731349533638,-2.7407836822536,-1.58966374609558,0.118832876126664,0.415022918085971,-1.26918705050802,-0.662635927483263,1.79156523745117,2.9611987207659,TRUE
"fixed_design","ET",90,-0.669758812615955,0.0801894557410325,-0.353868050846583,-1.81863665491222,0.177053014264783,-2.08487423223766,0.227742919401028,-0.928565656418317,2.31261715163869,-2.72679478668979,-1.58350962238381,0.124116238890768,0.418650589817472,-1.25989315332207,-0.657002513539243,1.79029244502967,2.95321195981358,TRUE
"fixed_design","ET",91,-0.666048237476809,-0.161155707271541,-0.349227078249077,-1.8147439549388,0.181965206287303,-2.07554217036982,0.232419013649359,-0.921561578360231,2.30796118401918,-2.71512715052586,-1.57723467268228,0.129325851636493,0.422291215181153,-1.25125131609148,-0.65162114473485,1.78845464765165,2.9450519672023,TRUE
"fixed_design","ET",92,-0.662337662337662,-2.8235069198183,-0.344594366672289,-1.81085951598609,0.186869137289104,-2.06625783362823,0.237087758849619,-0.914585037389304,2.30334559247785,-2.70085301806494,-1.57017647487174,0.134433672418604,0.426021888537344,-1.24226834436755,-0.645839425402665,1.78714228728879,2.93612188784495,TRUE
"fixed_design","ET",93,-0.658627087198516,-3.69111169945228,-0.339969916116219,-1.80698333805411,0.191764807270188,-2.05702122201289,0.241749155001808,-0.907636033505539,2.29877037701469,-2.68864913977986,-1.56359626243061,0.13948185634448,0.429459003051929,-1.23362266135074,-0.640437221917302,1.78564058694752,2.92715994423955,TRUE
"fixed_design","ET",94,-0.654916512059369,0.156513109860471,-0.335353726580867,-1.80311542114284,0.196652216230553,-2.04783233552379,0.246403202105926,-0.900714566708934,2.29423553762972,-2.67647322862426,-1.55771425870222,0.144535915927606,0.433228381170229,-1.22423003420463,-0.635072450475965,1.78353910747841,2.91874957881223,TRUE
"fixed_design","ET",95,-0.651205936920223,-0.432920921053144,-0.330745798066233,-1.79925576525229,0.201531364170201,-2.03869117416095,0.251049900161974,-0.89382063699949,2.28974107432293,-2.66537459319029,-1.55120401532984,0.149676831968795,0.43651692115178,-1.21587637902206,-0.629686684887425,1.78067443551658,2.91015643384422,TRUE
"fixed_design","ET",96,-0.647495361781076,0.173672780526284,-0.326146130572317,-1.79540437038246,0.20640225108913,-2.02959773792437,0.25568924916995,-0.886954244377207,2.28528698709432,-2.65239648935866,-1.54490378749869,0.154709381183115,0.440028835282669,-1.20773854945414,-0.624399672005749,1.77954753713922,2.9003488752408,TRUE
"fixed_design","ET",97,-0.64378478664193,-0.258421819035128,-0.321554724099118,-1.79156123653334,0.211264876987342,-2.02055202681403,0.260321249129856,-0.880115388842085,2.28087327594388,-2.64006829834928,-1.53800333962466,0.159796968436618,0.443659656832266,-1.19888473644342,-0.61862016530947,1.77779396772676,2.89266892774535,TRUE
"fixed_design","ET",98,-0.640074211502783,-0.831942990838672,-0.316971578646638,-1.78772636370495,0.216119241864836,-2.01155404082994,0.264945900041692,-0.873304070394123,2.27649994087163,-2.62767014628889,-1.53037216539587,0.164853149716198,0.447129315997617,-1.18974801573797,-0.613105872531345,1.77577238653291,2.88535193504134,TRUE
"fixed_design","ET",99,-0.636363636363636,0.217920184334684,-0.312396694214876,-1.78389975189727,0.220965345721611,-2.0026037799721,0.269563201905456,-0.866520289033322,2.27216698187756,-2.61399786796534,-1.52400674630716,0.169869931417213,0.450585193863628,-1.18137645076438,-0.607482882766987,1.77320686823584,2.87697070694323,TRUE
"fixed_design","ET",100,-0.63265306122449,0.230543246984653,-0.307830070803832,-1.78008140111031,0.225803188557669,-1.99370124424051,0.27417315472115,-0.859764044759681,2.26787439896166,-2.60147663798767,-1.51678482284544,0.174798928977215,0.454027166377207,-1.17282738051295,-0.602416224253016,1.77120500806269,2.86744940666055,TRUE
"fixed_design","ET",101,-0.628942486085343,0.210661141510678,-0.303271708413505,-1.77627131134407,0.230632770373009,-1.98484643363518,0.278775758488773,-0.853035337573201,2.26362219212395,-2.58992917454577,-1.50965201138267,0.179633696691856,0.457586353174946,-1.16476930771209,-0.597115917455363,1.76995742684221,2.85934001239636,TRUE
"fixed_design","ET",102,-0.625231910946197,-0.255215656208814,-0.298721607043897,-1.77246948259854,0.235454091167631,-1.97603934815609,0.283371013208325,-0.846334167473883,2.25941036136442,-2.5773181113086,-1.50296347091879,0.184535194046517,0.46106391053152,-1.15671208078614,-0.592040334061632,1.76821476388874,2.85149515374355,TRUE
"fixed_design","ET",103,-0.62152133580705,-0.233382124686618,-0.294179766695007,-1.76867591487374,0.240267150941535,-1.96727998780326,0.287958918879807,-0.839660534461725,2.25523890668306,-2.56374905986713,-1.49648981149799,0.189563288794274,0.46487443552898,-1.14864802060841,-0.586598724936245,1.76631923642211,2.84494860267104,TRUE
"fixed_design","ET",104,-0.617810760667904,0.257546516888367,-0.289646187366834,-1.76489060816965,0.245071949694721,-1.95856835257667,0.292539475503218,-0.833014438536727,2.25110782807989,-2.55143712042942,-1.4903583045609,0.194461142232234,0.468646493769701,-1.14019800042399,-0.581234847928661,1.76529702368427,2.8376183232598,TRUE
"fixed_design","ET",105,-0.614100185528757,-0.369191804309001,-0.285120869059379,-1.76111356248628,0.249868487427189,-1.94990444247634,0.297112683078558,-0.82639587969889,2.24701712555489,-2.53849722715398,-1.48399535449662,0.199367156162137,0.472190809978149,-1.13209217791314,-0.576467381131604,1.76346576167992,2.83105128009593,TRUE
"fixed_design","ET",106,-0.61038961038961,0.0863782211445123,-0.280603811772643,-1.75734477782363,0.254656764138939,-1.94128825750225,0.301678541605827,-0.819804857948214,2.24296679910808,-2.52717018358856,-1.47657541680752,0.204281637993998,0.476141169452407,-1.12405993436934,-0.571107458050775,1.76156700396055,2.82456849684737,TRUE
"fixed_design","ET",107,-0.606679035250464,0.257444924107476,-0.276095015506624,-1.75358425418169,0.259436779829971,-1.93271979765442,0.306237051085025,-0.813241373284699,2.23895684873945,-2.51508177204106,-1.4702447493955,0.208907602291194,0.479876569000263,-1.1161859721738,-0.56578118475561,1.75975537782187,2.81749129586338,TRUE
"fixed_design","ET",108,-0.602968460111317,0.0299181165796616,-0.271594480261324,-1.74983199156047,0.264208534500285,-1.92419906293284,0.310788211516153,-0.806705425708344,2.23498727444899,-2.50516657672654,-1.46384915821461,0.213624741940493,0.483675987862962,-1.10816800936177,-0.5600931528798,1.75715374782567,2.8088458950436,TRUE
"fixed_design","ET",109,-0.599257884972171,0.21046529666892,-0.267102206036741,-1.74608798995998,0.268972028149881,-1.91572605333751,0.31533202289921,-0.80019701521915,2.23105807623672,-2.49291904317835,-1.4578922489553,0.218317013978629,0.487219391390758,-1.1001466607794,-0.554826749597991,1.75548494106115,2.80158012445636,TRUE
"fixed_design","ET",110,-0.595547309833024,0.277551497466695,-0.262618192832876,-1.7423522493802,0.273727260778759,-1.90730076886843,0.319868485234196,-0.793716141817117,2.22716925410263,-2.48204780735736,-1.4508490524908,0.223028752886847,0.491103382048894,-1.09176147686006,-0.549220436960788,1.75364058894571,2.79467173950926,TRUE
"fixed_design","ET",111,-0.591836734693878,-0.549708175943117,-0.258142440649729,-1.73862476982113,0.27847423238692,-1.8989232095256,0.324397598521111,-0.787262805502244,2.22332080804671,-2.471304364413,-1.44401179310977,0.227828256215068,0.494459992131418,-1.08404397197736,-0.543783705126055,1.75194628213494,2.78780300256679,TRUE
"fixed_design","ET",112,-0.588126159554731,-0.0520071514752654,-0.2536749494873,-1.73490555128279,0.283212942974362,-1.89059337530902,0.328919362759956,-0.780837006274532,2.21951273806898,-2.45992166385937,-1.43759291880051,0.232490149629247,0.498434391421666,-1.07636279804205,-0.538452326973436,1.74993793513477,2.78078757487216,TRUE
"fixed_design","ET",113,-0.584415584415584,0.181338640823955,-0.249215719345589,-1.73119459376516,0.287943392541086,-1.88231126621869,0.33343377795073,-0.774438744133981,2.21574504416942,-2.44757769851053,-1.43158277142853,0.237156412777678,0.502046666840119,-1.06844235006671,-0.533334122787843,1.74806994179908,2.77401824640728,TRUE
"fixed_design","ET",114,-0.580705009276438,0.29373662838848,-0.244764750224597,-1.72749189726825,0.292665581087093,-1.87407688225462,0.337940844093433,-0.768068019080591,2.21201772634805,-2.43604691526218,-1.42517635442892,0.24193128074118,0.506027142662624,-1.06046791470987,-0.52770881080746,1.74585330996337,2.76719423250533,TRUE
"fixed_design","ET",115,-0.576994434137291,-2.500119283652,-0.240322042124321,-1.72379746179206,0.297379508612381,-1.86589022341679,0.342440561188066,-0.761724831114361,2.20833078460485,-2.42485107228619,-1.41920139017463,0.246601327404082,0.50981517531754,-1.05224652735344,-0.522067400666025,1.74495521300457,2.76005611768222,TRUE
"fixed_design","ET",116,-0.573283858998145,0.0406626567816774,-0.235887595044764,-1.72011128733659,0.302085175116952,-1.85775128970521,0.346932929234627,-0.755409180235293,2.20468421893984,-2.41362602163485,-1.41307862956138,0.251418439088597,0.513983220587583,-1.04420908557681,-0.516693686497524,1.74244110732587,2.75338419573342,TRUE
"fixed_design","ET",117,-0.569573283858998,-0.332065938565126,-0.231461408985925,-1.71643337390183,0.306782580600804,-1.84966008111989,0.351417948233118,-0.749121066443384,2.201078029353,-2.40302142957598,-1.40663685892921,0.256087330087428,0.518018097381364,-1.03641389081467,-0.511180620305351,1.74067727678789,2.74735691636886,TRUE
"fixed_design","ET",118,-0.565862708719852,-1.05878759535026,-0.227043483947804,-1.7127637214878,0.311471725063939,-1.84161659766081,0.355895618183538,-0.742860489738637,2.19751221584435,-2.39199151448979,-1.40027662236139,0.26073257784107,0.521734245729407,-1.02889105845463,-0.505667239688424,1.73832750043368,2.74095753660796,TRUE
"fixed_design","ET",119,-0.562152133580705,-1.54237769621307,-0.222633819930401,-1.70910233009448,0.316152608506356,-1.83362083932799,0.360365939085887,-0.73662745012105,2.19398677841387,-2.38060814727749,-1.39420113476415,0.265346340600701,0.525552795178794,-1.02096053262339,-0.500788031284577,1.73631270643516,2.73505723585413,TRUE
"fixed_design","ET",120,-0.558441558441559,-0.815754138701212,-0.218232416933716,-1.70544919972188,0.320825230928054,-1.82567280612141,0.364828910940166,-0.730421947590624,2.19050171706158,-2.37040752352036,-1.38814448349249,0.270165807364145,0.529273328251949,-1.01362728522845,-0.495331432427795,1.73449501486663,2.72958888608941,TRUE
"fixed_design","ET",121,-0.554730983302412,0.18730585216712,-0.213839274957748,-1.70180433036999,0.325489592329035,-1.81777249804109,0.369284533746374,-0.724243982147359,2.18705703178747,-2.35965056694466,-1.38163022143822,0.274940275640864,0.533188703935847,-1.00627767797713,-0.49007512716229,1.73223132921071,2.72527184115501,TRUE
"fixed_design","ET",122,-0.551020408163265,-1.01799364204542,-0.209454394002499,-1.69816772203883,0.330145692709298,-1.80991991508702,0.373732807504511,-0.718093553791254,2.18365272259153,-2.34913521753546,-1.37499045847164,0.279576802900726,0.537163508465188,-0.998987138463251,-0.484990002775892,1.73000879145393,2.71927587749153,TRUE
"fixed_design","ET",123,-0.547309833024119,-1.29835492514334,-0.205077774067968,-1.69453937472838,0.334793532068843,-1.8021150572592,0.378173732214577,-0.71197066252231,2.18028878947377,-2.33855694134321,-1.36824726301671,0.284225311405737,0.541080720335844,-0.991313614966161,-0.479410692270962,1.7283154445612,2.71480693173887,TRUE
"fixed_design","ET",124,-0.543599257884972,0.16395885088446,-0.200709415154154,-1.69091928843865,0.33943311040767,-1.79435792455763,0.382607307876572,-0.705875308340527,2.1769652324342,-2.32732257628188,-1.36226537488332,0.288752135776457,0.544634696320392,-0.983694398809307,-0.473954429428633,1.72681340234746,2.70862505872015,TRUE
"fixed_design","ET",125,-0.539888682745826,0.273856327778289,-0.196349317261059,-1.68730746316964,0.344064427725779,-1.78664851698231,0.387033534490497,-0.699807491245905,2.1736820514728,-2.31776306150929,-1.35627835530267,0.293408889794381,0.548511270576687,-0.976110937999946,-0.468313875066126,1.7250008769496,2.70340672190678,TRUE
"fixed_design","ET",126,-0.536178107606679,-0.00267976645666815,-0.191997480388681,-1.68370389892135,0.34868748402317,-1.77898683453324,0.391452412056351,-0.693767211238443,2.17043924658959,-2.30853985706763,-1.35044842709249,0.297959937604461,0.552305075002682,-0.968501059348414,-0.463337842020985,1.72289841817489,2.69741981230641,TRUE
"fixed_design","ET",127,-0.532467532467533,0.332227141088702,-0.187653904537022,-1.68010859569377,0.353302279299843,-1.77137287721042,0.395863940574134,-0.687754468318142,2.16723681778455,-2.297900717065,-1.34474690549877,0.302608185928754,0.556287042405429,-0.961295981001893,-0.458033056547703,1.72084736371519,2.6924165582223,TRUE
"fixed_design","ET",128,-0.528756957328386,-0.350962347723765,-0.18331858970608,-1.67652155348692,0.357908813555798,-1.76380664501385,0.400268120043847,-0.681769262485002,2.1640747650577,-2.28752259626152,-1.33809964741895,0.307194105935324,0.560120242347516,-0.954094912582989,-0.452545024198027,1.71879940489917,2.68717037358391,TRUE
"fixed_design","ET",129,-0.525046382189239,-0.0370750395249074,-0.178991535895856,-1.67294277230078,0.362507086791035,-1.75628813794353,0.404664950465489,-0.675811593739022,2.16095308840902,-2.27768251952222,-1.33194064710063,0.311775483314,0.563626810312969,-0.946187546424402,-0.447560078004367,1.71648855850885,2.68190500021572,TRUE
"fixed_design","ET",130,-0.521335807050093,0.00604252679656811,-0.17467274310635,-1.66937225213535,0.367097099005555,-1.74881735599947,0.40905443183906,-0.669881462080203,2.15787178783853,-2.26744354104633,-1.32556660231497,0.316266692986735,0.567349112948833,-0.938940743378649,-0.442449174804993,1.71418846454804,2.67793028403265,TRUE
"fixed_design","ET",131,-0.517625231910946,-0.873025900730513,-0.170362211337563,-1.66580999299065,0.371678850199356,-1.74139429918165,0.41343656416456,-0.663978867508545,2.15483086334621,-2.25801034218762,-1.32014083802312,0.320768672539187,0.571432530769965,-0.932316713078732,-0.437049794257043,1.71280692759209,2.67330378586377,TRUE
"fixed_design","ET",132,-0.5139146567718,-0.512178847630819,-0.166059940589493,-1.66225599486666,0.376252340372439,-1.73401896749008,0.417811347441989,-0.658103810024048,2.15183031493207,-2.24829028662487,-1.31365140223494,0.325321945902752,0.575494201596565,-0.926116652667758,-0.431648544146116,1.71140510220677,2.66777879773623,TRUE
"fixed_design","ET",133,-0.510204081632653,-0.102003242956076,-0.161765930862141,-1.6587102577634,0.380817569524805,-1.72669136092477,0.422178781671348,-0.652256289626711,2.14887014259612,-2.23839706788607,-1.30823480277715,0.329787186388935,0.579469364520637,-0.919180198199398,-0.426403332621828,1.71015886353992,2.66234644058791,TRUE
"fixed_design","ET",134,-0.506493506493507,0.101890193197231,-0.157480182155507,-1.65517278168085,0.385374537656452,-1.71941147948571,0.426538866852636,-0.646436306316535,2.14595034633834,-2.2287151133606,-1.30267948102001,0.334261164471404,0.583732827891757,-0.912233293330605,-0.42164040819515,1.70793551590012,2.65823745022796,TRUE
"fixed_design","ET",135,-0.50278293135436,-0.311491733866318,-0.153202694469591,-1.65164356661902,0.389923244767381,-1.71217932317289,0.430891602985853,-0.64064386009352,2.14307092615875,-2.21938767967854,-1.29651443947036,0.338675273897235,0.587357259720551,-0.905734885535512,-0.416579754189195,1.70622033013998,2.65402380717921,TRUE
"fixed_design","ET",136,-0.499072356215213,-0.241967621591332,-0.148933467804393,-1.6481226125779,0.394463690857593,-1.70499489198633,0.435236990070999,-0.634878950957665,2.14023188205733,-2.21040916573706,-1.29068235696467,0.34318707044048,0.591350319068214,-0.899132292500838,-0.411153624359394,1.70489374593011,2.6498987540491,TRUE
"fixed_design","ET",137,-0.495361781076067,-0.627614527149149,-0.144672502159913,-1.64460991955751,0.398995875927086,-1.69785818592602,0.439575028108075,-0.629141578908971,2.13743321403409,-2.20145865699025,-1.28445875776823,0.347866446415836,0.595108036177081,-0.892808514378316,-0.406081810576863,1.70352458509308,2.64568989643668,TRUE
"fixed_design","ET",138,-0.49165120593692,-1.10108510079549,-0.140419797536151,-1.64110548755783,0.403519799975862,-1.69076920499196,0.44390571709708,-0.623431743947438,2.13467492208904,-2.19334914447106,-1.27852776336315,0.352381014830065,0.599290324047431,-0.886421624512244,-0.400813347978119,1.70111159364005,2.64118805168794,TRUE
"fixed_design","ET",139,-0.487940630797774,0.244561578948307,-0.136175353933106,-1.63760931657887,0.40803546300392,-1.68372794918415,0.448229057038014,-0.617749446073066,2.13195700622216,-2.1851815332912,-1.2720542266408,0.356782155549929,0.603392985438434,-0.879932535215081,-0.395613121861054,1.70040684942244,2.63637082775391,TRUE
"fixed_design","ET",140,-0.484230055658627,0.00391639907447039,-0.13193917135078,-1.63412140662063,0.412542865011259,-1.67673441850259,0.452545047930878,-0.612094685285854,2.12927946643346,-2.17669616847442,-1.26604845023858,0.361271334727929,0.607291055602014,-0.87337203821549,-0.39053947206336,1.69797522788469,2.63302223649306,TRUE
"fixed_design","ET",141,-0.48051948051948,-0.0288457233053281,-0.127711249789172,-1.6306417576831,0.417042005997881,-1.66978861294728,0.45685368977567,-0.606467461585803,2.12664230272295,-2.16875727782744,-1.25970551407939,0.365514240118195,0.611441658037379,-0.866909824686836,-0.385499039444658,1.69678639048962,2.62943934430321,TRUE
"fixed_design","ET",142,-0.476808905380334,-0.200437659714772,-0.123491589248282,-1.6271703697663,0.421532885963785,-1.66289053251822,0.461154982572392,-0.600867774972913,2.12404551509061,-2.16156327555173,-1.25405854808703,0.3697839996822,0.615481051129166,-0.860316560000697,-0.380176473387735,1.6952083584244,2.6254560425961,TRUE
"fixed_design","ET",143,-0.473098330241187,0.363372473375353,-0.119280189728109,-1.62370724287021,0.426015504908971,-1.65604017721541,0.465448926321043,-0.595295625447184,2.12148910353645,-2.15322814867627,-1.24731317579923,0.374064029057506,0.619585199722523,-0.853671555212547,-0.375131393910487,1.69383213041087,2.62010704281113,TRUE
"fixed_design","ET",144,-0.469387755102041,-0.159704263873109,-0.115077051228655,-1.62025237699484,0.430489862833439,-1.64923754703885,0.469735521021623,-0.589751013008615,2.11897306806048,-2.14496194698746,-1.24111673045531,0.378390731812268,0.623911749440803,-0.847407719091514,-0.370076996876332,1.69265671311169,2.61638010051785,TRUE
"fixed_design","ET",145,-0.465677179962894,0.341832763286943,-0.110882173749918,-1.61680577214018,0.434955959737189,-1.64248264198855,0.474014766674133,-0.584233937657207,2.11649740866268,-2.13710898490909,-1.23520563372523,0.38271622821448,0.627872738838715,-0.841016770988467,-0.364752205571499,1.69144913609809,2.61258663979903,TRUE
"fixed_design","ET",146,-0.461966604823748,0.257853672987308,-0.1066955572919,-1.61336742830625,0.439413795620221,-1.63577546206449,0.478286663278572,-0.578744399392959,2.11406212534306,-2.12827936514315,-1.22925136429609,0.387057071014281,0.631980059700885,-0.834981737987107,-0.35965224454332,1.69035277272783,2.60830895387251,TRUE
"fixed_design","ET",147,-0.458256029684601,0.211321776387529,-0.102517201854599,-1.60993734549303,0.443863370482535,-1.62911600726669,0.48255121083494,-0.573282398215873,2.11166721810162,-2.12045092939254,-1.22339167686056,0.391274735006255,0.636177518996161,-0.828390597129131,-0.354899266025673,1.68857620474558,2.60414403831958,TRUE
"fixed_design","ET",148,-0.454545454545455,-0.0866117384040506,-0.0983471074380166,-1.60651552370054,0.448304684324131,-1.62250427759513,0.486808409343237,-0.567847934125947,2.10931268693837,-2.11246397830028,-1.21731118765049,0.395571373078413,0.640351879766399,-0.821960966521412,-0.349787783312329,1.68676266276557,2.60093469538222,TRUE
"fixed_design","ET",149,-0.450834879406308,0.255720379857353,-0.0941852740421518,-1.60310196292876,0.452737737145009,-1.61594027304983,0.491058258803464,-0.562441007123182,2.10699853185329,-2.10478102369126,-1.21102246856527,0.399865218765185,0.644642650761689,-0.815936193549172,-0.345058233425134,1.68486772156801,2.59797432939456,TRUE
"fixed_design","ET",150,-0.447124304267161,0.00375214565757698,-0.0900317016670052,-1.59969666317769,0.457162528945169,-1.60942399363077,0.495300759215619,-0.557061617207577,2.10472475284639,-2.09688310405835,-1.20485173138235,0.40410125462346,0.648893530082219,-0.810234888379302,-0.340142438399256,1.68277831177281,2.59506628938802,TRUE
"fixed_design","ET",151,-0.443413729128015,-0.384425858635113,-0.0858863903125763,-1.59629962444735,0.461579059724611,-1.60295543933797,0.499535910579704,-0.551709764379133,2.10249134991768,-2.0892965917681,-1.19937584518106,0.408380467799058,0.653023212514091,-0.804097646287358,-0.335389017637861,1.68199201695419,2.59176828519074,TRUE
"fixed_design","ET",152,-0.439703153988868,0.14850079543919,-0.0817493399788655,-1.59291084673772,0.465987329483336,-1.59653461017142,0.503763712895718,-0.54638544863785,2.10029832306714,-2.08051216228767,-1.19293501400899,0.412677679481929,0.65703394613655,-0.798490410145551,-0.330068815578024,1.68077594563778,2.58807203559869,TRUE
"fixed_design","ET",153,-0.435992578849722,-0.326651916659017,-0.0776205506658726,-1.58953033004881,0.470387338221342,-1.59016150613112,0.507984166163662,-0.541088669983728,2.09814567229478,-2.07325655345737,-1.18833137899155,0.416948642569412,0.660648490283711,-0.792482710314735,-0.325221873634355,1.67947266279764,2.58458563681452,TRUE
"fixed_design","ET",154,-0.432282003710575,0.390624109074117,-0.0735000223735978,-1.58615807438062,0.47477908593863,-1.58383612721707,0.512197270383535,-0.535819428416766,2.0960333976006,-2.06581538849978,-1.18299079489635,0.421133838818505,0.664163854226116,-0.786238561492542,-0.320161865408769,1.67811080061236,2.58066844164174,TRUE
"fixed_design","ET",155,-0.428571428571429,-0.461928676838271,-0.0693877551020409,-1.58279407973315,0.479162572635201,-1.57755847342927,0.516403025555337,-0.530577723936966,2.0939614989846,-2.05798144837836,-1.17706128966712,0.425413062347965,0.668191971245376,-0.780208587698448,-0.31514875048232,1.6771891901833,2.57758982955557,TRUE
"fixed_design","ET",156,-0.424860853432282,0.373875931367877,-0.0652837488512018,-1.57943834610639,0.483537798311053,-1.57132854476772,0.520601431679068,-0.525363556544325,2.09192997644679,-2.05142380684939,-1.17263711205351,0.429667728464555,0.672391771247407,-0.775097532854077,-0.310098450043711,1.67616310573938,2.57386575515886,TRUE
"fixed_design","ET",157,-0.421150278293135,-0.19156594859185,-0.0611880036210808,-1.57609087350036,0.487904762966188,-1.56514634123242,0.524792488754728,-0.520176926238846,2.08993882998715,-2.04481089045835,-1.16765077653136,0.43380526988317,0.676300933568191,-0.769275580873556,-0.305177394414786,1.67489816107545,2.57035903439831,TRUE
"fixed_design","ET",158,-0.417439703153989,0.257924628529424,-0.0571005194116776,-1.57275166191504,0.492263466600604,-1.55901186282337,0.528976196782318,-0.515017833020527,2.08798805960569,-2.03788777588394,-1.16242103489466,0.437900725125151,0.680430393152183,-0.763690856878659,-0.300205359012048,1.67253269434113,2.56679768590621,TRUE
"fixed_design","ET",159,-0.413729128014842,0.409588314794373,-0.0530212962229925,-1.56942071135044,0.496613909214303,-1.55292510954058,0.533152555761837,-0.509886276889369,2.08607766530241,-2.03130628393837,-1.15672336130518,0.441999107521979,0.684369497571697,-0.758397507629693,-0.29525671357146,1.67076802326976,2.56411699276147,TRUE
"fixed_design","ET",160,-0.410018552875696,-0.462810137602898,-0.0489503340550254,-1.56609802180655,0.500956090807284,-1.54688608138403,0.537321565693285,-0.504782257845372,2.08420764707731,-2.02386851614276,-1.15103293903293,0.446081403221285,0.688489581883288,-0.753034636067044,-0.290791255118687,1.66945513946716,2.56023135584147,TRUE
"fixed_design","ET",161,-0.406307977736549,-0.917361684851,-0.044887632907776,-1.56278359328339,0.505290011379546,-1.54089477835373,0.541483226576662,-0.499705775888535,2.0823780049304,-2.01694612757675,-1.14544032404866,0.450197971030171,0.692577061743372,-0.748069282934049,-0.286026753058649,1.6682590284083,2.55832510041083,TRUE
"fixed_design","ET",162,-0.402597402597403,0.411651827132805,-0.0408331927812448,-1.55947742578094,0.509615670931091,-1.53495120044969,0.545637538411969,-0.494656831018859,2.08058873886166,-2.01031466476323,-1.13928604051656,0.454266226511209,0.696232398693643,-0.742890945931372,-0.281151006921789,1.66715764979038,2.5560001257284,TRUE
"fixed_design","ET",163,-0.398886827458256,0.456038415703127,-0.0367870136754313,-1.55617951929921,0.513933069461918,-1.52905534767189,0.549784501199205,-0.489635423236344,2.0788398488711,-2.00402128772773,-1.13362822263817,0.458352534776309,0.700311802266669,-0.737763464418193,-0.27642708891267,1.66570861338772,2.55261658285102,TRUE
"fixed_design","ET",164,-0.395176252319109,0.249591074303744,-0.032749095590336,-1.5528898738382,0.518242206972027,-1.52320722002035,0.55392411493837,-0.48464155254099,2.07713133495872,-1.99680538805175,-1.12812033459931,0.462568361933914,0.704490958537314,-0.732342826142378,-0.271992356820537,1.66423064726687,2.55057879337971,TRUE
"fixed_design","ET",165,-0.391465677179963,0.36874746953257,-0.0287194385259585,-1.54960848939791,0.522543083461418,-1.51740681749506,0.558056379629464,-0.479675218932796,2.07546319712452,-1.98935374541723,-1.1223896439643,0.466658972537362,0.70881314101434,-0.727227994743006,-0.267166733985983,1.66272427329688,2.5480407318967,TRUE
"fixed_design","ET",166,-0.387755102040816,0.1625761045921,-0.024698042482299,-1.54633536597833,0.526835698930091,-1.51165414009601,0.562181295272488,-0.474736422411763,2.0738354353685,-1.98294968161366,-1.11730516406363,0.470772792421569,0.71312575913858,-0.721781360612442,-0.262771434173523,1.66234034704854,2.54559110349005,TRUE
"fixed_design","ET",167,-0.38404452690167,0.341775840348579,-0.0206849074593576,-1.54307050357948,0.531120053378046,-1.50594918782322,0.566298861867441,-0.469825162977891,2.07224804969066,-1.9758247962464,-1.11238398150796,0.474885242504216,0.717171351488946,-0.71641720622022,-0.258033672816411,1.66129302730712,2.54309257140528,TRUE
"fixed_design","ET",168,-0.380333951762523,0.531158659396445,-0.0166800334571339,-1.53981390220134,0.535396146805283,-1.50029196067668,0.570409079414323,-0.464941440631179,2.070701040091,-1.9699451373595,-1.10734935172194,0.479013453188809,0.720999978258545,-0.711316015228334,-0.253189368732367,1.66031317345334,2.54142233574454,TRUE
"fixed_design","ET",169,-0.376623376623377,-0.190526229135593,-0.0126834204756283,-1.53656556184392,0.539663979211802,-1.49468245865639,0.574511947913134,-0.460085255371628,2.06919440656952,-1.96375736919737,-1.1023896713138,0.483189225851882,0.724876184972011,-0.706328354655452,-0.248677302122046,1.65974315306989,2.53920879368069,TRUE
"fixed_design","ET",170,-0.37291280148423,0.389244753031186,-0.00869506851484052,-1.53332548250721,0.543923550597603,-1.48912068176235,0.578607467363875,-0.455256607199238,2.06772814912623,-1.95816063422915,-1.09762591537155,0.487288979998143,0.728356240056122,-0.701615661581444,-0.243993705504659,1.65837126144418,2.53594125763758,TRUE
"fixed_design","ET",171,-0.369202226345083,0.345459728031559,-0.00471497757477087,-1.53009366419123,0.548174860962686,-1.48360662999456,0.582695637766544,-0.450455496114009,2.06630226776111,-1.95166755726119,-1.09251170387598,0.491439444678775,0.732677186513275,-0.696791952143797,-0.239634708554183,1.6562763146542,2.53455052198741,TRUE
"fixed_design","ET",172,-0.365491651205937,0.345328139402358,-0.000743147655419121,-1.52687010689596,0.552417910307051,-1.47814030335302,0.586776459121143,-0.44568192211594,2.06491676247417,-1.94640105655775,-1.08728967848987,0.495523623703979,0.736657246839617,-0.691772189647699,-0.235340229588783,1.65579749891229,2.53229512823387,TRUE
"fixed_design","ET",173,-0.36178107606679,-0.67271136285966,0.00322042124321481,-1.52365481062141,0.556652698630699,-1.47272170183774,0.590849931427672,-0.440935885205032,2.06357163326541,-1.94050575930793,-1.08193747848375,0.499640221905164,0.74078295175407,-0.686963507515442,-0.230866838089125,1.65517579145558,2.52959112328422,TRUE
"fixed_design","ET",174,-0.358070500927644,-0.458713395443241,0.0071757291211306,-1.52044777536758,0.560879225933628,-1.4673508254487,0.594916054686129,-0.436217385381285,2.06226688013483,-1.93551814558849,-1.07639019511007,0.503641353480493,0.744788848839827,-0.682022759952683,-0.226536984595114,1.65381674364758,2.5277885040749,TRUE
"fixed_design","ET",175,-0.354359925788497,0.390915713547525,0.0111227759783286,-1.51724900113446,0.56509749221584,-1.46202767418591,0.598974828896516,-0.431526422644698,2.06100250308243,-1.92986484832049,-1.0718500940209,0.507737239578413,0.748681452524651,-0.67714233380223,-0.222290812200008,1.65304490560002,2.52699497863722,TRUE
"fixed_design","ET",176,-0.350649350649351,0.548679759959833,0.0150615618148085,-1.51405848792207,0.569307497477333,-1.45675224804938,0.603026254058832,-0.426862996995273,2.05977850210821,-1.92404484962619,-1.06613587493199,0.511734013447329,0.752604673253461,-0.672105778940037,-0.217989373471154,1.6519138100331,2.52554966187791,TRUE
"fixed_design","ET",177,-0.346938775510204,0.569009987968523,0.0189920866305707,-1.51087623573039,0.573509241718109,-1.45152454703909,0.607070330173077,-0.422227108433007,2.05859487721217,-1.91840496001349,-1.06126235993614,0.515841485042433,0.756668724199661,-0.667145281016206,-0.213450247071908,1.65118645268937,2.52436906057097,TRUE
"fixed_design","ET",178,-0.343228200371058,0.342109251215954,0.0229143504256146,-1.50770224455943,0.577702724938166,-1.44634457115506,0.611107057239252,-0.417618756957903,2.05745162839431,-1.9125962138313,-1.05632680344105,0.519667930384395,0.760807883477147,-0.661912645622665,-0.209197870408735,1.65003840985823,2.5227378508545,TRUE
"fixed_design","ET",179,-0.339517625231911,0.257606506315043,0.0268283531999407,-1.50453651440919,0.581887947137506,-1.44121232039727,0.615136435257355,-0.41303794256996,2.05634875565463,-1.90713505643366,-1.05152884488543,0.523687530814707,0.7648785639734,-0.657068699438635,-0.204591711387841,1.6496546463253,2.52160299195541,TRUE
"fixed_design","ET",180,-0.335807050092764,-0.430839129360151,0.030734094953549,-1.50137904527967,0.586064908316127,-1.43612779476574,0.619158464227388,-0.408484665269176,2.05528625899313,-1.90152909579915,-1.046984461595,0.527867290632461,0.76896731625736,-0.65214410979619,-0.200363951487707,1.64856105612249,2.51957033771015,TRUE
"fixed_design","ET",181,-0.332096474953618,0.162234488573041,0.0346315756864391,-1.49822983717086,0.590233608474031,-1.43109099426046,0.62317314414935,-0.403958925055554,2.05426413840981,-1.89569748029298,-1.04209540901287,0.531994303265049,0.773000866467972,-0.647236244953478,-0.196034148828877,1.64793425854919,2.51829066356679,TRUE
"fixed_design","ET",182,-0.328385899814471,0.513688556480494,0.0385207953986115,-1.49508889008277,0.594394047611217,-1.42610191888143,0.627180475023242,-0.399460721929093,2.05328239390467,-1.89057502284994,-1.03719437517728,0.535890479575898,0.776864215309501,-0.642631126178525,-0.191759253217578,1.64743333344709,2.5165449523455,TRUE
"fixed_design","ET",183,-0.324675324675325,0.282077700883913,0.0424017540900657,-1.4919562040154,0.598546225727684,-1.42116056862865,0.631180456849062,-0.394990055889792,2.05234102547771,-1.88458136484355,-1.03224418581495,0.539845934627929,0.780529330754238,-0.637736326067796,-0.187449066237298,1.64682210427887,2.51597593706225,TRUE
"fixed_design","ET",184,-0.320964749536178,-0.868737302955072,0.0462744517608021,-1.48883177896875,0.602690142823434,-1.41626694350212,0.635173089626812,-0.390546926937652,2.05144003312893,-1.88020171284293,-1.02760576709367,0.543831898530597,0.784213904460207,-0.632853140783428,-0.182820014158371,1.64585554661719,2.51480616924233,TRUE
"fixed_design","ET",185,-0.317254174397032,-0.210683850910093,0.0501388884108205,-1.48571561494281,0.606825798898466,-1.41142104350184,0.639158373356492,-0.386131335072673,2.05057941685833,-1.87448373500328,-1.02323618432548,0.547771175125406,0.788384954582898,-0.628123389127198,-0.178492665179452,1.64527350671289,2.51315178730866,TRUE
"fixed_design","ET",186,-0.313543599257885,0.0324995054147412,0.053995064040121,-1.4826077119376,0.61095319395278,-1.40662286862781,0.6431363080381,-0.381743280294854,2.04975917666591,-1.8691959079722,-1.0183831346475,0.551696002703,0.792499663800532,-0.623682638144907,-0.174143624228345,1.64431958275485,2.51243613480998,TRUE
"fixed_design","ET",187,-0.309833024118738,0.422473526720225,0.0578429786487036,-1.4795080699531,0.615072327986376,-1.40187241888003,0.647106893671638,-0.377382762604196,2.04897931255167,-1.86434873679332,-1.01454520530659,0.555795316009989,0.796618389442654,-0.618301297226126,-0.169812529311081,1.64379692426652,2.51092246294309,TRUE
"fixed_design","ET",188,-0.306122448979592,0.191304220624783,0.0616826322365681,-1.47641668898932,0.619183200999254,-1.3971696942585,0.651070130257104,-0.373049782000699,2.04823982451561,-1.86000544325353,-1.01026862849992,0.559832616589174,0.800653261290245,-0.614391530747235,-0.165323736714708,1.64348750105519,2.50882279174914,TRUE
"fixed_design","ET",189,-0.302411873840445,-0.203567774673181,0.0655140248037148,-1.47333356904626,0.623285812991414,-1.39251469476322,0.6550260177945,-0.368744338484362,2.04754071255773,-1.85512974778419,-1.00628822174851,0.56388543591382,0.80487175013565,-0.610202460250592,-0.160999677055124,1.64273897677867,2.50820489353107,TRUE
"fixed_design","ET",190,-0.298701298701299,0.419477489532648,0.0693371563501433,-1.47025871012391,0.627380163962856,-1.3879074203942,0.658974556283826,-0.364466432055187,2.04688197667802,-1.84995615932627,-1.00233791435122,0.567881346105068,0.808980587185627,-0.605449942885147,-0.156818949067315,1.64210351824118,2.50795491864232,TRUE
"fixed_design","ET",191,-0.294990723562152,0.358126046657275,0.073152026875854,-1.46719211222229,0.63146625391358,-1.38334787115142,0.66291574572508,-0.360216062713172,2.0462636168765,-1.84433814131258,-0.998061772904437,0.571712334990992,0.81273693669289,-0.601028902073857,-0.15300169198581,1.64205437625271,2.50663520551945,TRUE
"fixed_design","ET",192,-0.291280148423006,0.11598773096702,0.0769586363808469,-1.46413377534138,0.635544082843587,-1.3788360470349,0.666849586118264,-0.355993230458317,2.04568563315316,-1.83927771032327,-0.994124644303873,0.575581989793409,0.816526665724987,-0.596586889888709,-0.14864343689922,1.64166909226728,2.50608329594856,TRUE
"fixed_design","ET",193,-0.287569573283859,0.407600864748007,0.0807569848651216,-1.46108369948119,0.639613650752875,-1.37437194804462,0.670776077463377,-0.351797935290624,2.045148025508,-1.83469350569912,-0.99019406019825,0.579386595218188,0.820247319063223,-0.592235181895035,-0.144521516333494,1.64130751374655,2.50527584603236,TRUE
"fixed_design","ET",194,-0.283858998144712,0.359369697806572,0.0845470723286785,-1.45804188464171,0.643674957641445,-1.3699555741806,0.674695219760419,-0.347630177210091,2.04465079394102,-1.82992015258664,-0.986068110533828,0.583261451367251,0.82390824702561,-0.588057020665907,-0.140587119263867,1.64113153008937,2.50519275841686,TRUE
"fixed_design","ET",195,-0.280148423005566,-0.497401233087004,0.0883288987715174,-1.45500833082296,0.647728003509298,-1.36558692544283,0.678607013009391,-0.343489956216719,2.04419393845222,-1.82542736186133,-0.981809820910643,0.58718100025147,0.828080864007674,-0.583804924989662,-0.136648148196632,1.64120114780007,2.50416923954515,TRUE
"fixed_design","ET",196,-0.276437847866419,0.299817904699811,0.0921024641936384,-1.45198303802492,0.651772788356432,-1.36126600183131,0.682511457210292,-0.339377272310507,2.0437774590416,-1.82060937554312,-0.977477604759581,0.590907427869764,0.832155331105119,-0.579342377064209,-0.1327679084974,1.64037384284852,2.50302131956476,TRUE
"fixed_design","ET",197,-0.272727272727273,-0.327781152488988,0.0958677685950413,-1.4489660062476,0.655809312182849,-1.35699280334603,0.686408552363122,-0.335292125491456,2.04340135570916,-1.81572390189746,-0.973905460553764,0.594884143008569,0.836161924864007,-0.574701991545688,-0.128859613420689,1.63989232144239,2.50377961325469,TRUE
"fixed_design","ET",198,-0.269016697588126,-0.709272359019787,0.0996248119757263,-1.445957235491,0.659837574988547,-1.35276732998701,0.690298298467881,-0.331234515759566,2.04306562845489,-1.81166451540308,-0.969834229573583,0.59865776867007,0.840333807995828,-0.57019676089229,-0.124684668711497,1.63956947048109,2.50263391676751,TRUE
"fixed_design","ET",199,-0.26530612244898,0.207307584984703,0.103373594335693,-1.44295672575512,0.663857576773528,-1.34858958175424,0.69418069552457,-0.327204443114837,2.04277027727881,-1.80701943320674,-0.965730558568728,0.602433109113624,0.844210645761883,-0.565987467963739,-0.120968252474527,1.63987692483387,2.50196846583633,TRUE
"fixed_design","ET",200,-0.261595547309833,-0.975479834078551,0.107114115674943,-1.43996447703996,0.66786931753779,-1.34445955864772,0.698055743533187,-0.323201907557268,2.04251530218091,-1.80245896487979,-0.961968737330239,0.606007217234271,0.848171546665497,-0.561822207696815,-0.117319257509017,1.6401410665556,2.50138976417213,TRUE
"fixed_design","ET",201,-0.257884972170686,0.315529968792703,0.110846375993474,-1.43698048934551,0.671872797281335,-1.34037726066746,0.701923442493734,-0.319226909086861,2.04230070316119,-1.7988921931906,-0.958159796163154,0.609835927869262,0.851958496482384,-0.557529929413014,-0.113457502224868,1.640408684636,2.50101072943378,TRUE
"fixed_design","ET",202,-0.25417439703154,0.390268980142525,0.114570375291287,-1.43400476267178,0.675868016004162,-1.33634268781344,0.70578379240621,-0.315279447703613,2.04212648021965,-1.79484537594077,-0.954405103507918,0.613631560076011,0.855827689876598,-0.553556941608572,-0.109345547017921,1.64047181029343,2.5001587678099,TRUE
"fixed_design","ET",203,-0.250463821892393,-0.325950151040403,0.118286113568382,-1.43103729701877,0.67985497370627,-1.33235584008567,0.709636793270616,-0.311359523407527,2.04199263335629,-1.79089692546516,-0.951075138222445,0.617468072008363,0.859711449007472,-0.549463055188443,-0.105460715695209,1.64022708092826,2.50021339406225,TRUE
"fixed_design","ET",204,-0.246753246753247,0.149290468941503,0.12199359082476,-1.42807809238648,0.683833670387661,-1.32841671748415,0.713482445086951,-0.307467136198601,2.0418991625711,-1.78691202576435,-0.947135491559923,0.621298255879782,0.863478857119397,-0.545634872248477,-0.101463567700299,1.64053461451169,2.49970268005627,TRUE
"fixed_design","ET",205,-0.2430426716141,0.499849100917251,0.125692807060419,-1.4251271487749,0.687804106048334,-1.32452532000889,0.717320747855214,-0.303602286076836,2.0418460678641,-1.78290212680834,-0.943422508152901,0.625093065642395,0.867517805143356,-0.541623274591497,-0.0980989080572844,1.64058400368267,2.49943107242342,TRUE
"fixed_design","ET",206,-0.239332096474954,-0.17909456041767,0.12938376227536,-1.42218446618404,0.691766280688289,-1.32068164765987,0.721151701575408,-0.299764973042232,2.04183334923528,-1.77931471965409,-0.939776034870449,0.628912122183296,0.871508451291208,-0.537883109150706,-0.0943331980274295,1.64119287766485,2.50028077106426,TRUE
"fixed_design","ET",207,-0.235621521335807,0.52443609994982,0.133066456469584,-1.4192500446139,0.695720194307526,-1.31688570043711,0.72497530624753,-0.295955197094789,2.04186100668464,-1.77546974878693,-0.936314721475085,0.632617718988833,0.875538341094113,-0.534159496491078,-0.0903571831634129,1.64212304212443,2.50021739660711,TRUE
"fixed_design","ET",208,-0.23191094619666,0.536114123494966,0.13674088964309,-1.41632388406448,0.699665846906045,-1.31313747834059,0.728791561871582,-0.292172958234506,2.04192904021217,-1.77157331722061,-0.932924656587733,0.636366687380236,0.879352376039653,-0.530232853427196,-0.0867057929080371,1.64248737022211,2.50055158093238,TRUE
"fixed_design","ET",209,-0.228200371057514,0.418048259068045,0.140407061795877,-1.41340598453578,0.703603238483846,-1.30943698137033,0.732600468447563,-0.288418256461384,2.04203744981789,-1.7687505176775,-0.929363861128047,0.640208434273197,0.883071926430726,-0.526333145510448,-0.0828666837289842,1.64263207207178,2.50080463244028,TRUE
"fixed_design","ET",210,-0.224489795918367,-0.385365217966334,0.144064972927947,-1.41049634602779,0.707532369040929,-1.30578420952632,0.736402025975473,-0.284691091775422,2.04218623550179,-1.76452060578663,-0.925901258551195,0.643939362535085,0.887144759260656,-0.522065004868875,-0.0791193147158246,1.64347744692737,2.50097360180141,TRUE
"fixed_design","ET",211,-0.220779220779221,0.687576110895652,0.147714623039298,-1.40759496854053,0.711453238577294,-1.30217916280855,0.740196234455312,-0.280991464176621,2.04237539726387,-1.76092626190067,-0.921870650995496,0.647783082008742,0.891038472975706,-0.518289298412923,-0.0756104625934658,1.64346701274913,2.50005590817751,TRUE
"fixed_design","ET",212,-0.217068645640074,0.633365959296357,0.151356012129932,-1.40470185207398,0.715365847092941,-1.29862184121704,0.743983093887081,-0.277319373664981,2.04260493510412,-1.75732991852996,-0.91789544079076,0.651577888067581,0.894995371680688,-0.514524201783265,-0.0719926746036841,1.64418437321487,2.50034599691701,TRUE
"fixed_design","ET",213,-0.213358070500928,0.313383512665777,0.154989140199848,-1.40181699662815,0.719270194587871,-1.29511224475178,0.747762604270779,-0.273674820240502,2.04287484902256,-1.75354608359642,-0.914509668343045,0.65536532908646,0.898891340478606,-0.510881459335631,-0.0684068871214673,1.64436274823078,2.5007256498615,TRUE
"fixed_design","ET",214,-0.209647495361781,0.547598178761561,0.158614007249046,-1.39894040220303,0.723166281062082,-1.29165037341277,0.751534765606406,-0.270057803903184,2.04318513901918,-1.75024671868878,-0.911077687981463,0.659145334626961,0.902918184139086,-0.506949792275443,-0.0647465529011695,1.64434303533224,2.50174161366144,TRUE
"fixed_design","ET",215,-0.205936920222635,-0.323126954581107,0.162230613277525,-1.39607206879864,0.727054106515575,-1.28823622720001,0.755299577893962,-0.266468324653026,2.04353580509398,-1.74632391147689,-0.907895484722445,0.662853692735581,0.906787209710638,-0.503270339208872,-0.0613560077532219,1.64506697920964,2.50157497689406,TRUE
"fixed_design","ET",216,-0.202226345083488,0.100072629264441,0.165838958285287,-1.39321199641496,0.730933670948351,-1.28486980611351,0.759057041133448,-0.262906382490029,2.04392684724695,-1.74264746441659,-0.905127921953962,0.666546427046151,0.910502610524982,-0.499298895933319,-0.0579569144580027,1.64590532227948,2.50198044595828,TRUE
"fixed_design","ET",217,-0.198515769944341,0.443621147413824,0.169439042272331,-1.390360185052,0.734804974360408,-1.28155111015325,0.762807155324862,-0.259371977414192,2.04435826547811,-1.73919541264853,-0.90208165722022,0.670276857084955,0.914529623170936,-0.495734590915963,-0.0541647358310971,1.64654423574631,2.50106546894606,TRUE
"fixed_design","ET",218,-0.194805194805195,0.245543693220602,0.173030865238657,-1.38751663470976,0.738668016751748,-1.27828013931924,0.766549920468206,-0.255865109425517,2.04483005978745,-1.73525840283469,-0.898763755791291,0.673969075757288,0.918431383034867,-0.492265816488912,-0.0507133050572051,1.64705800784423,2.50111973160643,TRUE
"fixed_design","ET",219,-0.191094619666048,-0.979899412641174,0.176614427184265,-1.38468134538823,0.742522798122369,-1.27505689361148,0.77028533656348,-0.252385778524002,2.04534223017496,-1.73173268390147,-0.896006007350662,0.677780543734341,0.922309045671512,-0.488730847626687,-0.0472626373047069,1.64718107657707,2.50178589936285,TRUE
"fixed_design","ET",220,-0.187384044526902,0.114648883458433,0.180189728109156,-1.38185431708743,0.746369318472273,-1.27188137302998,0.774013403610682,-0.248933984709648,2.04589477664066,-1.72824794393934,-0.893475941792737,0.681491681436544,0.925975415744203,-0.485499441246698,-0.0442845600605528,1.6475797011183,2.50302926362458,TRUE
"fixed_design","ET",221,-0.183673469387755,0.386880423336401,0.183756768013328,-1.37903554980734,0.750207577801458,-1.26875357757472,0.777734121609814,-0.245509727982454,2.04648769918454,-1.72500000209876,-0.890107209448055,0.68527364472855,0.930027984906951,-0.482180410451789,-0.0409853418541766,1.64797401368273,2.50307278670694,TRUE
"fixed_design","ET",222,-0.179962894248609,0.361290627491935,0.187315546896782,-1.37622504354797,0.754037576109926,-1.26567350724572,0.781447490560875,-0.242113008342421,2.04712099780659,-1.72157923587926,-0.886819457998945,0.688764997678155,0.933806179112849,-0.478835011404896,-0.0379258316444649,1.64897892344995,2.50326219527433,TRUE
"fixed_design","ET",223,-0.176252319109462,0.286688512924026,0.190866064759518,-1.37342279830932,0.757859313397676,-1.26264116204296,0.785153510463865,-0.238743825789549,2.04779467250683,-1.71802189082168,-0.884256248909534,0.692535647768583,0.937782539321314,-0.475532916306272,-0.0347289327957479,1.65028591409707,2.50346433649317,TRUE
"fixed_design","ET",224,-0.172541743970315,-0.427789463000924,0.194408321601537,-1.37062881409138,0.761672789664707,-1.25965654196646,0.788852181318785,-0.235402180323838,2.04850872328525,-1.7145909361116,-0.881651552141499,0.69625528441938,0.941712218428528,-0.472220634053613,-0.0313512336140786,1.65170903786154,2.50439067689869,TRUE
"fixed_design","ET",225,-0.168831168831169,0.677798913170533,0.197942317422837,-1.36784309089417,0.765478004911021,-1.25671964701621,0.792543503125633,-0.232088071945287,2.04926315014184,-1.71155656742347,-0.878650028041695,0.699924666450947,0.945403748129887,-0.468850793474482,-0.0284154698356503,1.65279875615079,2.50534745169315,TRUE
"fixed_design","ET",226,-0.165120593692022,0.783150462459094,0.201468052223419,-1.36506562871767,0.769274959136617,-1.25383047719221,0.796227475884411,-0.228801500653897,2.05005795307662,-1.70891683120664,-0.876324276797446,0.703639167026975,0.949282859444517,-0.465657546345256,-0.0255759485331085,1.65394233831636,2.50619056595107,TRUE
"fixed_design","ET",227,-0.161410018552876,0.473129631836574,0.204985526003284,-1.36229642756189,0.773063652341495,-1.25098903249445,0.799904099595118,-0.225542466449668,2.05089313208957,-1.70555077506188,-0.873418092468793,0.707347559187715,0.953054667813589,-0.462570042347434,-0.0225577601153917,1.655073121406,2.50743401012642,TRUE
"fixed_design","ET",228,-0.157699443413729,-0.237040782406168,0.20849473876243,-1.35953548742683,0.776844084525655,-1.24819531292295,0.803573374257755,-0.2223109693326,2.05176868718071,-1.70178777114049,-0.871047395368599,0.710902524249633,0.956592908863112,-0.459290584915316,-0.0192069204104387,1.65681138192064,2.50880145755458,TRUE
"fixed_design","ET",229,-0.153988868274583,0.389906306994392,0.211995690500859,-1.35678280831248,0.780616255689097,-1.2454493184777,0.807235299872321,-0.219107009302692,2.05268461835003,-1.69889454934319,-0.868914127020243,0.714594071941258,0.960232998191469,-0.455695175759341,-0.0163237522926222,1.65887018124379,2.5097651238435,TRUE
"fixed_design","ET",230,-0.150278293135436,-0.0197012717795441,0.215488381218569,-1.35403839021885,0.784380165831821,-1.24275104915871,0.810889876438815,-0.215930586359945,2.05364092559752,-1.69630499302655,-0.86610482405385,0.71819575719818,0.963860790767857,-0.452100470536436,-0.0131545364491775,1.66033109340698,2.51078350107344,TRUE
"fixed_design","ET",231,-0.146567717996289,0.613778903885273,0.218972810915562,-1.35130223314595,0.788135814953827,-1.24010050496596,0.81453710395724,-0.212781700504359,2.0546376089232,-1.6928065120874,-0.863643084211894,0.721896291544287,0.967545967009475,-0.449211845711,-0.0100148191081748,1.66109930854996,2.51185464144277,TRUE
"fixed_design","ET",232,-0.142857142857143,-0.838609224447621,0.222448979591837,-1.34857433709376,0.791883203055115,-1.23749768589946,0.818176982427593,-0.209660351735933,2.05567466832705,-1.69051227775625,-0.861289349373448,0.72553943461602,0.971463876046826,-0.445998831835282,-0.00703451189183484,1.66186308388919,2.51263865042761,TRUE
"fixed_design","ET",233,-0.139146567717996,0.772167949741258,0.225916887247393,-1.34585470206228,0.795622330135686,-1.23494259195921,0.821809511849876,-0.206566540054668,2.05675210380909,-1.68809734574197,-0.858931146704271,0.72903108468568,0.975257729794093,-0.442822975922517,-0.00396113200411086,1.66294264636423,2.51370932190729,TRUE
"fixed_design","ET",234,-0.13543599257885,0.676422957577701,0.229376533882232,-1.34314332805153,0.799353196195538,-1.23243522314522,0.825434692224087,-0.203500265460564,2.0578699153693,-1.68580572750289,-0.85677954987802,0.732611487826038,0.978784195173332,-0.439910869338601,-0.000975660096808903,1.66406638956979,2.51475422318525,TRUE
"fixed_design","ET",235,-0.131725417439703,0.549542936449565,0.232827919496353,-1.34044021506149,0.803075801234672,-1.22997557945747,0.829052523550229,-0.20046152795362,2.0590281030077,-1.68282659019279,-0.854541307110774,0.736267346575351,0.982385427401406,-0.436970039450527,0.0018406699906416,1.6656301986948,2.51584696385408,TRUE
"fixed_design","ET",236,-0.128014842300557,0.624582350710508,0.236271044089756,-1.33774536309217,0.806790145253088,-1.22756366089597,0.832663005828299,-0.197450327533838,2.06022666672427,-1.67940273920614,-0.852749480884412,0.739872680637792,0.98596553590317,-0.433999717908475,0.00466231326949869,1.66733056877955,2.51641187170789,TRUE
"fixed_design","ET",237,-0.12430426716141,-0.970294994935441,0.239705907662441,-1.33505877214357,0.810496228250787,-1.22519946746073,0.836266139058299,-0.194466664201216,2.06146560651903,-1.67699131936045,-0.850454257309435,0.743503676108435,0.989622640683427,-0.430739227985897,0.00814216997829828,1.66901090259451,2.51651820758334,TRUE
"fixed_design","ET",238,-0.120593692022263,0.807046995766855,0.243132510214408,-1.33238044221569,0.814194050227767,-1.22288299915174,0.839861923240227,-0.191510537955754,2.06274492239196,-1.67485474469159,-0.84819761662015,0.747287806350695,0.993348986468834,-0.428048854528879,0.011227436140376,1.67060673280515,2.51774185467711,TRUE
"fixed_design","ET",239,-0.116883116883117,0.0464373166780361,0.246550851745657,-1.32971037330853,0.81788361118403,-1.22061425596899,0.843450358374085,-0.188581948797454,2.06406461434308,-1.67284753449713,-0.846232687554297,0.750795887486893,0.997273566894024,-0.424821360902373,0.0139366211795605,1.67243101048043,2.51850246570002,TRUE
"fixed_design","ET",240,-0.11317254174397,0.691699652788436,0.249960932256188,-1.32704856542208,0.821564911119574,-1.2183932379125,0.847031444459873,-0.185680896726314,2.06542468237237,-1.67029175885645,-0.84410015878751,0.75434313822083,1.00095251519022,-0.421661862013792,0.0166624658139221,1.67421326854486,2.51921354807039,TRUE
"fixed_design","ET",241,-0.109461966604824,0.177491523271758,0.253362751746001,-1.32439501855635,0.825237950034401,-1.21621994498226,0.850605181497589,-0.182807381742335,2.06682512647985,-1.66797826754584,-0.842150235486199,0.757907297905697,1.00448928489714,-0.41846150937449,0.0193046356796652,1.67578235424825,2.52008113112232,TRUE
"fixed_design","ET",242,-0.105751391465677,-1.086915948678,0.256756310215096,-1.32174973271134,0.82890272792851,-1.21409437717827,0.854171569487235,-0.179961403845516,2.0682659466655,-1.66620725458319,-0.840220028745878,0.761539104566999,1.00799945505576,-0.415630083002572,0.0221386169817079,1.67718650857385,2.52154430469839,TRUE
"fixed_design","ET",243,-0.102040816326531,0.687260677146308,0.260141607663474,-1.31911270788705,0.8325592448019,-1.21201653450053,0.85773060842881,-0.177142963035859,2.06974714292934,-1.66391324808246,-0.838063734556342,0.76512854177792,1.01163281660706,-0.412503703525627,0.0244897279310117,1.678833407876,2.52239690522933,TRUE
"fixed_design","ET",244,-0.098330241187384,0.774154264378846,0.263518644091133,-1.31648394408347,0.836207500654573,-1.20998641694904,0.861282298322315,-0.174352059313362,2.07126871527135,-1.66170446980075,-0.836386987272799,0.768611341521108,1.01516524933304,-0.409568941601699,0.0272031915605535,1.68082739276674,2.52345610819385,TRUE
"fixed_design","ET",245,-0.0946196660482375,0.697867930840553,0.266887419498074,-1.31386344130061,0.839847495486528,-1.2080040245238,0.864826639167748,-0.171588692678026,2.07283066369155,-1.65916564104639,-0.834691445385456,0.772069028302362,1.01858213503052,-0.406680749464769,0.0302520407941502,1.68226552806053,2.52491613916187,TRUE
"fixed_design","ET",246,-0.0909090909090909,0.755030308060565,0.270247933884298,-1.31125119953847,0.843479229297765,-1.20606935722481,0.868363630965111,-0.16885286312985,2.07443298818992,-1.65698939149347,-0.833058295374888,0.775578640764688,1.02214357338721,-0.403352859593526,0.0329207283282599,1.6840221396325,2.52673102469065,TRUE
"fixed_design","ET",247,-0.0871985157699443,-1.12096693016422,0.273600187249803,-1.30864721879705,0.847102702088284,-1.20418241505207,0.871893273714403,-0.166144570668835,2.07607568876648,-1.65438950718611,-0.831410501815581,0.779075745682821,1.02577243840702,-0.400750229556745,0.0357756108658759,1.68568637565827,2.52792470670579,TRUE
"fixed_design","ET",248,-0.0834879406307978,0.83061722408557,0.27694417959459,-1.30605149907635,0.850717913858085,-1.20234319800559,0.875415567415624,-0.163463815294981,2.07775876542121,-1.65153290399562,-0.82958921784693,0.782609564835138,1.0292560479689,-0.397915317642741,0.038752522084165,1.68754902555656,2.52949518294854,TRUE
"fixed_design","ET",249,-0.0797773654916512,0.702261503627935,0.28027991091866,-1.30346404037636,0.854324864607168,-1.20055170608535,0.878930512068774,-0.160810597008288,2.07948221815412,-1.64973538161955,-0.827868995483477,0.786180471270198,1.03270592607933,-0.395298669642589,0.0415432477387773,1.68928323608077,2.53171361541136,TRUE
"fixed_design","ET",250,-0.0760667903525046,-0.133451148318175,0.283607381222012,-1.3008848426971,0.857923554335533,-1.19880793929136,0.882438107673854,-0.158184915808755,2.08124604696522,-1.64705023980421,-0.826920154121826,0.789722993963627,1.03630908632789,-0.392729469586991,0.0441504337885433,1.69155862531367,2.53362483265757,TRUE
"fixed_design","ET",251,-0.0723562152133581,0.542005125361239,0.286926590504645,-1.29831390603855,0.86151398304318,-1.19711189762363,0.885938354230863,-0.155586771696383,2.08305025185449,-1.64392023393656,-0.824713656073766,0.793395635683295,1.03989730410296,-0.389942115824114,0.0467506459549827,1.69338394727493,2.5353873885052,TRUE
"fixed_design","ET",252,-0.0686456400742115,0.463582706224424,0.290237538766561,-1.29575123040072,0.865096150730109,-1.19546358108214,0.889431251739801,-0.153016164671172,2.08489483282195,-1.64193269013185,-0.82335656406391,0.796889417695979,1.0435032057141,-0.387488565500547,0.0493968100120271,1.69535996279427,2.53657396147994,TRUE
"fixed_design","ET",253,-0.064935064935065,0.711617732551382,0.293540226007758,-1.2931968157836,0.86867005739632,-1.19386298966691,0.892916800200669,-0.150473094733121,2.08677978986758,-1.6402607010517,-0.822098048616759,0.800402455527877,1.0471127086568,-0.384816762282981,0.0519935976378723,1.69779138836382,2.53786555824502,TRUE
"fixed_design","ET",254,-0.0612244897959183,0.791579933937464,0.296834652228238,-1.29065066218721,0.872235703041813,-1.19231012337793,0.896394999613465,-0.147957561882231,2.08870512299139,-1.63753513114999,-0.820609038223002,0.804017320404957,1.05056938904052,-0.382306918312865,0.054590897934491,1.69948393189845,2.53909186176332,TRUE
"fixed_design","ET",255,-0.0575139146567718,0.418634663153627,0.300120817428,-1.28811276961153,0.875793087666588,-1.1908049822152,0.899865849978191,-0.145469566118502,2.09067083219339,-1.63617461979701,-0.819169644983412,0.80752962941336,1.05411270829638,-0.379744254308206,0.0571979155534118,1.70172023411341,2.54030474064443,TRUE
"fixed_design","ET",256,-0.0538033395176252,0.842038361126926,0.303398721607044,-1.28558313805657,0.879342211270646,-1.18934756617871,0.903329351294846,-0.143009107441934,2.09267691747356,-1.63411265087291,-0.817806722018212,0.810865699844077,1.05761677576335,-0.37725967840658,0.0597012298090263,1.70384888830368,2.54144506689761,TRUE
"fixed_design","ET",257,-0.0500927643784786,-1.49111412832356,0.30666836476537,-1.28306176752233,0.882883073853985,-1.18793787526848,0.906785503563431,-0.140576185852526,2.09472337883191,-1.63194588239182,-0.816685599795307,0.814224924082423,1.06121210899066,-0.374679352984927,0.0619587018683171,1.70596061554316,2.54359229432207,TRUE
"fixed_design","ET",258,-0.0463821892393321,0.83154838437685,0.309929746902978,-1.2805486580088,0.886415675416607,-1.1865759094845,0.910234306783944,-0.138170801350279,2.09681021626845,-1.63006213243781,-0.815561990151308,0.817749537216814,1.06473694602733,-0.372207426267406,0.0644522933362008,1.70791332501659,2.5456104034243,TRUE
"fixed_design","ET",259,-0.0426716141001855,0.37461915791774,0.313182868019868,-1.278043809516,0.88994001595851,-1.18526166882677,0.913675760956387,-0.135792953935193,2.09893742978316,-1.62769767853247,-0.813841352205492,0.82125180053535,1.06829719674292,-0.369405315501276,0.066277206863071,1.71033106662992,2.54785848456859,TRUE
"fixed_design","ET",260,-0.038961038961039,0.611093370656438,0.31642772811604,-1.27554722204391,0.893456095479696,-1.18399515329529,0.917109866080759,-0.133442643607268,2.10110501937605,-1.62602548166,-0.812687976354931,0.824544887492648,1.07181918271244,-0.36711162957535,0.0684948276500099,1.71276296016983,2.54988625948515,TRUE
"fixed_design","ET",261,-0.0352504638218923,0.676330385713944,0.319664327191494,-1.27305889559254,0.896963913980163,-1.18277636289007,0.920536622157061,-0.131119870366503,2.10331298504713,-1.6242962145945,-0.811564867912416,0.827938347560405,1.07543507059469,-0.364215171746901,0.0709128108537658,1.71569853783198,2.55182923087329,TRUE
"fixed_design","ET",262,-0.0315398886827458,0.376677747993147,0.32289266524623,-1.27057883016189,0.900463471459913,-1.18160529761109,0.923956029185291,-0.128824634212899,2.10556132679638,-1.62255222284142,-0.810586580105623,0.831362288578223,1.07902857165037,-0.361416229562931,0.0732132356272091,1.71818300913725,2.55378089240562,TRUE
"fixed_design","ET",263,-0.0278293135435992,0.293887836518058,0.326112742280248,-1.26810702575195,0.903954767918945,-1.18048195745836,0.927368087165451,-0.126556935146455,2.10785004462381,-1.62096895356146,-0.810046456746487,0.834796271592873,1.08274350929955,-0.35892117467336,0.0753557649119933,1.72041316088324,2.555568986302,TRUE
"fixed_design","ET",264,-0.0241187384044527,0.379711352872533,0.329324558293549,-1.26564348236274,0.907437803357258,-1.17940634243189,0.93077279609754,-0.124316773167173,2.11017913852943,-1.62011554268021,-0.80935838249471,0.838117291357299,1.08623645282371,-0.356517257855992,0.0771700799154268,1.72344623799899,2.55771173746714,TRUE
"fixed_design","ET",265,-0.0204081632653061,0.91054518003646,0.332528113286131,-1.26318819999424,0.910912577774854,-1.17837845253166,0.934170155981558,-0.122104148275051,2.11254860851322,-1.61867013983067,-0.808394645938317,0.841563097584982,1.0895196519018,-0.353925403111856,0.0795060569840487,1.72594733932231,2.55954271146172,TRUE
"fixed_design","ET",266,-0.0166975881261595,0.695919442948099,0.335723407257995,-1.26074117864646,0.914379091171732,-1.17739828775769,0.937560166817506,-0.11991906047009,2.11495845457519,-1.61731475247219,-0.807509410345679,0.845002985474479,1.09292481784601,-0.351425137887447,0.0814174539375706,1.72845912232377,2.5616233369117,TRUE
"fixed_design","ET",267,-0.012987012987013,0.54550387926598,0.338910440209141,-1.2583024183194,0.917837343547891,-1.17646584810996,0.940942828605383,-0.117761509752289,2.11740867671534,-1.61617352203191,-0.806963964820699,0.848366903215751,1.0965773668061,-0.349004250278121,0.0836674713219778,1.73129962963223,2.56374108024734,TRUE
"fixed_design","ET",268,-0.00927643784786636,0.543674077450063,0.34208921213957,-1.25587191901305,0.921287334903334,-1.17558113358849,0.944318141345189,-0.11563149612165,2.11989927493368,-1.61512927932947,-0.806550817809571,0.85177388371601,1.09979304491692,-0.346559505575722,0.0861998721119059,1.73375535677952,2.56640749838714,TRUE
"fixed_design","ET",269,-0.00556586270871984,0.502291246289557,0.34525972304928,-1.25344968072743,0.924729065238057,-1.17474414419327,0.947686105036924,-0.113529019578171,2.12243024923019,-1.61423843512844,-0.805921997276553,0.855175425128674,1.1033333948963,-0.344235114686085,0.0884010168893952,1.73670968860808,2.56836916093205,TRUE
"fixed_design","ET",270,-0.00185528756957332,0.396307682136523,0.348421972938273,-1.25103570346252,0.928162534552063,-1.17395487992429,0.951046719680589,-0.111454080121852,2.12500159960488,-1.61223385013399,-0.804946202605797,0.858537230240385,1.10659895708772,-0.341816508304799,0.090238814714605,1.73966776211472,2.57031481222297,TRUE
"fixed_design","ET",271,0.00185528756957321,0.270907122921423,0.351575961806547,-1.24862998721833,0.931587742845351,-1.17321334078157,0.954399985276182,-0.109406677752695,2.12761332605775,-1.61092901404552,-0.804304950581313,0.861981661792052,1.10991661254161,-0.339206988712898,0.0920926521696206,1.74282563309165,2.5724379197399,TRUE
"fixed_design","ET",272,0.00556586270871984,0.800106884417316,0.354721689654104,-1.24623253199486,0.935004690117922,-1.1725195267651,0.957745901823705,-0.107386812470698,2.13026542858881,-1.60944939222723,-0.804023717236169,0.865405389732293,1.11295120811505,-0.336719263066217,0.0941309398757277,1.74576110126575,2.57471697552334,TRUE
"fixed_design","ET",273,0.00927643784786647,0.765182741245173,0.357859156480943,-1.2438433377921,0.938413376369774,-1.17187343787488,0.961084469323157,-0.105394484275862,2.13295790719804,-1.60917734509106,-0.803623162737845,0.868925219822217,1.11663537797743,-0.334570903862165,0.0962279916299334,1.74901274294124,2.57728025683369,TRUE
"fixed_design","ET",274,0.0129870129870131,0.0691697602507718,0.360988362287064,-1.24146240461007,0.941813801600908,-1.17127507411091,0.964415687774539,-0.103429693168186,2.13569076188545,-1.60795888520209,-0.803212951864784,0.872450336491035,1.12013934724174,-0.332445575472263,0.0981172433017019,1.75210720175583,2.57950634294999,TRUE
"fixed_design","ET",275,0.0166975881261595,0.289821246523819,0.364109307072466,-1.23908973244875,0.945205965811324,-1.17072443547319,0.96773955717785,-0.101492439147671,2.13846399265104,-1.60726825992626,-0.802250924825007,0.875978194985473,1.12332139813013,-0.330124391872757,0.100154665164698,1.75489531693552,2.58101442276065,TRUE
"fixed_design","ET",276,0.0204081632653061,0.515310288629924,0.367221990837151,-1.23672532130815,0.948589869001023,-1.17022152196172,0.97105607753309,-0.0995827222143174,2.14127759949481,-1.60653066487679,-0.801961616851017,0.879432515558858,1.12651704331344,-0.327934780177701,0.101700964096049,1.75768833998613,2.58350042696903,TRUE
"fixed_design","ET",277,0.0241187384044528,0.41827452583394,0.370326413581118,-1.23436917118826,0.951965511170003,-1.16976633357651,0.974365248840259,-0.0977005423681241,2.14413158241677,-1.60591349038337,-0.801045240458563,0.882834582622409,1.12990797829401,-0.32592565950392,0.10362958592013,1.76048544264046,2.58545914911421,TRUE
"fixed_design","ET",278,0.0278293135435992,0.849284016317489,0.373422575304367,-1.2320212820891,0.955332892318265,-1.16935887031754,0.977667071099357,-0.0958458996090916,2.1470259414169,-1.60468684716286,-0.800574546703295,0.886221084062426,1.13328796991395,-0.323807907115313,0.105602599320846,1.76389733685068,2.58789816666913,TRUE
"fixed_design","ET",279,0.0315398886827458,0.174016410488915,0.376510476006898,-1.22968165401065,0.95869201244581,-1.16899913218482,0.980961544310385,-0.0940187939372197,2.14996067649521,-1.60392604022583,-0.800194273699264,0.889503349750637,1.13645208518718,-0.321619268904841,0.107389019129201,1.76706962417484,2.59022214968662,TRUE
"fixed_design","ET",280,0.0352504638218925,0.305715145875998,0.379590115688711,-1.22735028695292,0.962042871552636,-1.16868711917836,0.984248668473342,-0.0922192253525086,2.1529357876517,-1.60266850131054,-0.800528281634123,0.89275846253914,1.13963705341085,-0.319716538803691,0.109053098613389,1.76983863656684,2.59249283097073,TRUE
"fixed_design","ET",281,0.0389610389610391,0.947359761304955,0.382661494349806,-1.22502718091591,0.965385469638745,-1.16842283129814,0.987528443588228,-0.0904471938549581,2.15595127488637,-1.60219504964966,-0.800372688615836,0.896044185129503,1.14300519148588,-0.317704865979998,0.110419356523167,1.77301307716846,2.59476860608874,TRUE
"fixed_design","ET",282,0.0426716141001855,0.417190571693499,0.385724611990183,-1.22271233589962,0.968719806704135,-1.16820626854418,0.990800869655043,-0.0887026994445685,2.15900713819922,-1.60133264255626,-0.799806123327637,0.8993405622618,1.14626305429604,-0.315609055204923,0.111907353858344,1.77643813974571,2.59757628692525,TRUE
"fixed_design","ET",283,0.0463821892393321,0.0797093180740304,0.388779468609842,-1.22040575190404,0.972045882748808,-1.16803743091647,0.994065946673788,-0.0869857421213395,2.16210337759025,-1.60033573580194,-0.799833145963437,0.902589657893493,1.14942488693034,-0.313400734221078,0.113429085697271,1.7801176841618,2.59999221292328,TRUE
"fixed_design","ET",284,0.0500927643784788,0.46296246998601,0.391826064208784,-1.21810742892919,0.975363697772763,-1.167916318415,0.997323674644462,-0.0852963218852712,2.16523999305947,-1.60033710235104,-0.800055414855469,0.905987290959618,1.15269635801253,-0.311368324504204,0.115512784290836,1.78323587555699,2.60258971480487,TRUE
"fixed_design","ET",285,0.0538033395176252,0.840066914698845,0.394864398787007,-1.21581736697505,0.978673251775999,-1.16784293103979,1.00057405356706,-0.0836344387363637,2.16841698460686,-1.59993731809703,-0.800105221469678,0.909218596834362,1.15583486886575,-0.30968082290991,0.117080233680994,1.78698913189773,2.60493274801245,TRUE
"fixed_design","ET",286,0.0575139146567718,0.578468125189405,0.397894472344512,-1.21353556604163,0.981974544758518,-1.16781726879083,1.0038170834416,-0.0820000926746169,2.17163435223243,-1.5993165500859,-0.800018586807978,0.912589357987331,1.15906294380402,-0.307521937332373,0.118608022125827,1.78966596130321,2.60742763671733,TRUE
"fixed_design","ET",287,0.0612244897959184,0.158635631217702,0.400916284881299,-1.21126202612892,0.985267576720319,-1.16783933166812,1.00705276426806,-0.0803932837000308,2.17489209593618,-1.59834999644578,-0.800436512743883,0.915784226182875,1.16227218697889,-0.305558889599972,0.120292550622507,1.79254866335074,2.60999231828442,TRUE
"fixed_design","ET",288,0.0649350649350648,0.750370054092472,0.403929836397369,-1.20899674723694,0.988552347661402,-1.16790911967166,1.01028109604645,-0.0788140118126054,2.17819021571811,-1.59739408879955,-0.800385277759569,0.919069201618493,1.16536053261329,-0.303707041236439,0.121785340969276,1.79597008821348,2.61282137182356,TRUE
"fixed_design","ET",289,0.0686456400742115,0.978992809521857,0.40693512689272,-1.20673972936567,0.991828857581767,-1.16802663280145,1.01350207877677,-0.0772622770123407,2.18152871157822,-1.59657891866022,-0.800816908808457,0.922353456329619,1.16845800885853,-0.301957833015327,0.123185346526977,1.79959628575708,2.61571049167145,TRUE
"fixed_design","ET",290,0.0723562152133581,0.89461348138851,0.409932156367354,-1.20449097251512,0.995097106481414,-1.16819187105749,1.01671571245902,-0.0757380792992368,2.18490758351651,-1.59664836501961,-0.800767202262111,0.925569817252995,1.17156819529433,-0.300058869477621,0.124749069218776,1.80302917191907,2.6186022484385,TRUE
"fixed_design","ET",291,0.0760667903525047,0.487309497305417,0.412920924821269,-1.20225047668529,0.998357094360343,-1.16840483443978,1.0199219970932,-0.0742414186732935,2.18832683153298,-1.59612246237113,-0.800939531060045,0.928855534622403,1.1746872471154,-0.298427414309646,0.12599843110166,1.80629437679802,2.62144899594213,TRUE
"fixed_design","ET",292,0.0797773654916512,0.71295920019014,0.415901432254467,-1.20001824187618,1.00160882121855,-1.16866552294833,1.02312093267931,-0.072772295134511,2.19178645562763,-1.59595446260893,-0.801951077676725,0.932051083412753,1.17780232171826,-0.296535542294215,0.12749227225326,1.80944526120948,2.62473354718273,TRUE
"fixed_design","ET",293,0.0834879406307978,0.464840920755325,0.418873678666947,-1.19779426808778,1.00485228705605,-1.16897393658312,1.02631251921734,-0.0713307086828892,2.19528645580046,-1.59542911005314,-0.802544499064328,0.935307804545076,1.18075766376379,-0.294822685252829,0.128567092092231,1.81353729525488,2.62838255047553,TRUE
"fixed_design","ET",294,0.0871985157699444,0.973318205991631,0.421837664058708,-1.19557855532011,1.00808749187282,-1.16933007534416,1.02949675670731,-0.0699166593184281,2.19882683205147,-1.59529712104339,-0.802562648456884,0.938466033044827,1.18390729921359,-0.293417642547915,0.129806999857805,1.81690013672349,2.63127527040493,TRUE
"fixed_design","ET",295,0.0909090909090908,0.533649489093325,0.424793388429752,-1.19337110357315,1.01131443566888,-1.16973393923146,1.0326736451492,-0.0685301470411278,2.20240758438066,-1.59542054051126,-0.803631506334578,0.94180539468969,1.18696478971664,-0.291667379545438,0.131533595989855,1.82086196223293,2.63499473104381,TRUE
"fixed_design","ET",296,0.0946196660482375,0.823575843032745,0.427740851780078,-1.1911719128469,1.01453311844422,-1.170185528245,1.03584318454303,-0.0671711718509881,2.20602871278803,-1.59575451446865,-0.804264959344312,0.945114871942009,1.18996731329236,-0.289766185557426,0.13287108725834,1.82400283113651,2.63783901032096,TRUE
"fixed_design","ET",297,0.0983302411873841,0.356452323553717,0.430680054109686,-1.18898098314138,1.01774354019884,-1.1706848423848,1.03900537488878,-0.0658397337480092,2.20969021727358,-1.59545442748069,-0.805170322066548,0.94835080350001,1.19284035229839,-0.287966946304748,0.13433097077495,1.82783451136804,2.64063676449073,TRUE
"fixed_design","ET",298,0.102040816326531,0.112451706759792,0.433610995418576,-1.18679831445657,1.02094570093274,-1.17123188165085,1.04216021618647,-0.064535832732191,2.21339209783731,-1.59491965375835,-0.805487120397846,0.951638917013379,1.19575295483286,-0.286302516001491,0.13563421873315,1.83160278773658,2.64324554492804,TRUE
"fixed_design","ET",299,0.105751391465677,0.762047337454852,0.436533675706748,-1.18462390679249,1.02413960064593,-1.17182664604315,1.04530770843608,-0.0632594688035335,2.21713435447922,-1.59527707712735,-0.80613690004965,0.954773382100051,1.19896480039926,-0.284331721163397,0.136889358811878,1.83503945383848,2.64600742575609,TRUE
"fixed_design","ET",300,0.109461966604824,0.664737792986768,0.439448094974202,-1.18245776014912,1.0273252393384,-1.17246913556169,1.04844785163762,-0.0620106419620367,2.22091698719931,-1.59580848786445,-0.806843558383004,0.957908796012166,1.20219133701023,-0.282834505340053,0.138158607808844,1.83932986615285,2.64901389553365,TRUE
"fixed_design","ET",301,0.11317254174397,0.584603527074286,0.442354253220938,-1.18029987452647,1.03050261701015,-1.17315935020649,1.05158064579109,-0.0607893522077007,2.22473999599758,-1.5962625414565,-0.807484542958011,0.961124534427837,1.20529884246366,-0.28119353378379,0.139204176438805,1.84319800669368,2.65226015041466,TRUE
"fixed_design","ET",302,0.116883116883117,-0.0602342706470371,0.445252150446956,-1.17815024992453,1.03367173366118,-1.17389728997754,1.05470609089649,-0.0595955995405254,2.22860338087403,-1.59628489562534,-0.80810452834299,0.964364290202252,1.20834497373568,-0.279686224566089,0.140394038771506,1.84731463861347,2.6555261275745,TRUE
"fixed_design","ET",303,0.120593692022263,0.781027259902533,0.448141786652256,-1.17600888634332,1.03683258929149,-1.17468295487484,1.05782418695382,-0.0584293839605107,2.23250714182866,-1.59604398328695,-0.808755352713717,0.967582453571262,1.21128522039615,-0.278289600682264,0.141316887847732,1.85125835455373,2.65921598016527,TRUE
"fixed_design","ET",304,0.12430426716141,0.762024628983651,0.451023161836838,-1.17387578378282,1.03998518390109,-1.17551634489839,1.06093493396308,-0.0572907054676568,2.23645127886147,-1.59573463998183,-0.810008029929623,0.970723871617945,1.21449256033844,-0.276769194973504,0.142465626766101,1.85509627342395,2.66234918482605,TRUE
"fixed_design","ET",305,0.128014842300557,0.99403817036221,0.453896276000702,-1.17175094224304,1.04312951748996,-1.17639746004819,1.06403833192427,-0.0561795640619636,2.24043579197246,-1.59534239597653,-0.810767008649431,0.973883727528457,1.21721768434459,-0.275169014886968,0.143019712318544,1.85934011633209,2.66548628822868,TRUE
"fixed_design","ET",306,0.131725417439703,0.793866879407912,0.456761129143848,-1.16963436172398,1.04626559005812,-1.17732630032425,1.06713438083738,-0.0550959597434312,2.24446068116163,-1.5952887624873,-0.81163687786457,0.977010081120217,1.21983955213571,-0.273469447755608,0.144016141675155,1.86381124079917,2.66880771454413,TRUE
"fixed_design","ET",307,0.13543599257885,0.477218939612967,0.459617721266277,-1.16752604222563,1.04939340160557,-1.17830286572655,1.07022308070243,-0.0540398925120594,2.24852594642898,-1.59563616000767,-0.812655499766101,0.980088555941585,1.2226433925828,-0.271930113152863,0.144865433945886,1.86809193139326,2.67225081186207,TRUE
"fixed_design","ET",308,0.139146567717996,1.04215601878005,0.462466052367987,-1.16542598374801,1.05251295213229,-1.1793271562551,1.07330443151941,-0.0530113623678484,2.25263158777451,-1.5960985139309,-0.813464544973713,0.983207946165387,1.22561123411214,-0.270532128569863,0.14611380506073,1.87184873562761,2.67616540112113,TRUE
"fixed_design","ET",309,0.142857142857143,0.859393752987536,0.46530612244898,-1.1633341862911,1.0556242416383,-1.18039917190991,1.07637843328831,-0.0520103693107981,2.25677760519822,-1.596391580839,-0.815007816171574,0.986306003257612,1.22860049252677,-0.269077278867866,0.146770947371154,1.87626177225207,2.68013552884749,TRUE
"fixed_design","ET",310,0.146567717996289,0.973012754709895,0.468137931509254,-1.16125064985491,1.05872727012358,-1.18151891269096,1.07944508600914,-0.0510369133409085,2.26096399870011,-1.59706624257093,-0.816026827994443,0.989441124662201,1.23113370946289,-0.267939713246329,0.147416152744566,1.87997080440131,2.68317212095548,TRUE
"fixed_design","ET",311,0.150278293135436,-1.896495357045,0.470961479548811,-1.15917537443943,1.06182203758815,-1.18268637859827,1.08250438968191,-0.0500909944581796,2.26519076828018,-1.59766358659127,-0.816840274552378,0.99247115490819,1.23391109125957,-0.266733869630053,0.148346403602128,1.88385908854298,2.68690862079419,TRUE
"fixed_design","ET",312,0.153988868274582,1.04628357563188,0.473776766567649,-1.15710836004468,1.06490854403201,-1.18390156963182,1.0855563443066,-0.0491726126626115,2.26945791393842,-1.59833926616273,-0.817880731858914,0.995593484974615,1.23684971682875,-0.265351700016213,0.149352020938417,1.88845882370687,2.69043252192931,TRUE
"fixed_design","ET",313,0.157699443413729,0.871496284561852,0.47658379256577,-1.15504960667064,1.06798678945514,-1.18516448579163,1.08860094988322,-0.0482817679542041,2.27376543567485,-1.59932706477344,-0.818668394918963,0.998749299144354,1.23964379156225,-0.26430443168648,0.150637043385104,1.89274694023458,2.69399641739482,TRUE
"fixed_design","ET",314,0.161410018552876,1.06699534327108,0.479382557543172,-1.15299911431733,1.07105677385756,-1.18647512707769,1.09163820641177,-0.0474184603329573,2.27811333348946,-1.59982311364367,-0.819929378934364,1.00211167377431,1.24256130827766,-0.26333020590211,0.151298130970816,1.89671141458444,2.6983168974962,TRUE
"fixed_design","ET",315,0.165120593692022,0.87984184424376,0.482173061499857,-1.15095688298472,1.07411849723925,-1.18783349349,1.09466811389225,-0.0465826897988713,2.28250160738225,-1.60060100888974,-0.821543502825461,1.00534987052594,1.24533162624684,-0.262254819108197,0.151965461780114,1.9009319371815,2.702122442878,TRUE
"fixed_design","ET",316,0.168831168831169,0.0100170869455706,0.484955304435824,-1.14892291267284,1.07717195960023,-1.18923958502856,1.09769067232466,-0.0457744563519461,2.28693025735322,-1.60210570219833,-0.822763075406808,1.00856923523112,1.24825910521305,-0.261142728920622,0.152673431968011,1.90535415854539,2.70694416900944,TRUE
"fixed_design","ET",317,0.172541743970315,0.996194106249807,0.487729286351073,-1.14689720338168,1.0802171609405,-1.19069340169337,1.100705881709,-0.0449937599921815,2.29139928340237,-1.60304447059009,-0.824766645692632,1.01169281337258,1.25129810326252,-0.259843396395014,0.153652955214392,1.90908742553589,2.71116983783925,TRUE
"fixed_design","ET",318,0.176252319109462,0.591710164912743,0.490495007245604,-1.14487975511123,1.08325410126004,-1.19219494348443,1.10371374204527,-0.0442406007195777,2.2959086855297,-1.60430071294307,-0.825957722520977,1.01473864851089,1.2542953396889,-0.258967977511282,0.154468182936748,1.91276003782478,2.71489442497519,TRUE
"fixed_design","ET",319,0.179962894248608,1.04113216194341,0.493252467119416,-1.1428705678615,1.08628278055887,-1.19374421040174,1.10671425333347,-0.0435149785341346,2.3004584637352,-1.60546109445062,-0.827667032574829,1.01787925354787,1.25697259799994,-0.25804099334985,0.15540650438745,1.9175838541621,2.71978133014834,TRUE
"fixed_design","ET",320,0.183673469387755,0.505175654795697,0.496001665972511,-1.14086964163249,1.08930319883698,-1.1953412024453,1.10970741557359,-0.0428168934358521,2.30504861801889,-1.60673673404727,-0.82899971947458,1.02102014552516,1.2597077836811,-0.257216489986007,0.155903859541215,1.9216521270745,2.72456334834251,TRUE
"fixed_design","ET",321,0.187384044526902,0.947206749456331,0.498742603804888,-1.1388769764242,1.09231535609437,-1.19698591961511,1.11269322876565,-0.0421463454247304,2.30967914838076,-1.60763611936523,-0.830510926515756,1.02418685470691,1.2623047098421,-0.256519585522096,0.156580636545795,1.9262368205821,2.72833771991639,TRUE
"fixed_design","ET",322,0.191094619666048,1.02237561382454,0.501475280616548,-1.13689257223662,1.09531925233104,-1.19867836191117,1.11567169290963,-0.0415033345007694,2.31435005482081,-1.60871646742933,-0.831568038437248,1.02728618814797,1.26502986437913,-0.255703195559147,0.157213023707919,1.93038253442343,2.73238066232609,TRUE
"fixed_design","ET",323,0.194805194805195,0.743189429450186,0.504199696407489,-1.13491642906977,1.09831488754699,-1.20041852933349,1.11864280800555,-0.0408878606639692,2.31906133733904,-1.60982001119908,-0.833049778929844,1.03024806237865,1.26774206988631,-0.254891152576002,0.157503661791586,1.93474744797622,2.73686014829403,TRUE
"fixed_design","ET",324,0.198515769944341,1.05712301306267,0.506915851177712,-1.13294854692363,1.10130226174223,-1.20220642188205,1.12160657405339,-0.0402999239143297,2.32381299593544,-1.61105815534182,-0.834316065537883,1.03334054331009,1.2704924180583,-0.254434348772841,0.158359520372821,1.93901882728834,2.74160482415554,TRUE
"fixed_design","ET",325,0.202226345083488,0.83580233169056,0.509623744927217,-1.13098892579821,1.10428137491675,-1.20404203955687,1.12456299105316,-0.0397395242518509,2.32860503061003,-1.6121913831582,-0.835761069676504,1.03627238877807,1.27323914881396,-0.253333370653163,0.15905819807684,1.94332560160458,2.74541770462615,TRUE
"fixed_design","ET",326,0.205936920222634,0.906401429107534,0.512323377656004,-1.1290375656935,1.10725222707055,-1.20592538235793,1.12751205900487,-0.0392066616765328,2.3334374413628,-1.61431162956274,-0.837547660004224,1.03935077413062,1.27584786264856,-0.252524267114117,0.159689766285288,1.94805734264737,2.74943273176087,TRUE
"fixed_design","ET",327,0.209647495361781,-0.931478638969893,0.515014749364073,-1.12709446660952,1.11021481820363,-1.20785645028525,1.1304537779085,-0.0387013361883754,2.33831022819375,-1.61535313737173,-0.839491005534617,1.04250087075217,1.27853046430688,-0.251734884377725,0.160670597093433,1.95239306687308,2.75409698158783,TRUE
"fixed_design","ET",328,0.213358070500928,-1.230508389666,0.517697860051425,-1.12515962854625,1.113169148316,-1.20983524333882,1.13338814776406,-0.0382235477873787,2.34322339110287,-1.61681642955452,-0.841153934992039,1.04547742116802,1.28142210379179,-0.251267783921419,0.161659226965298,1.9571325512614,2.75829838814416,TRUE
"fixed_design","ET",329,0.217068645640074,0.977941873043834,0.520372709718058,-1.1232330515037,1.11611521740764,-1.21186176151863,1.13631516857155,-0.0377732964735428,2.34817693009018,-1.61820474977627,-0.842721179563041,1.04857978674183,1.28409481977488,-0.250434392075453,0.162298041179823,1.96219538974653,2.76287526731686,TRUE
"fixed_design","ET",330,0.220779220779221,-0.596030579872266,0.523039298363974,-1.12131473548187,1.11905302547857,-1.2139360048247,1.13923484033097,-0.0373505822468675,2.35317084515567,-1.61922444642664,-0.844072185774775,1.05164526013053,1.28658083582897,-0.249618581667411,0.163267221289697,1.96698042200608,2.76727832066808,TRUE
"fixed_design","ET",331,0.224489795918367,0.406313240713901,0.525697625989171,-1.11940468048076,1.12198257252878,-1.21605797325702,1.14214716304231,-0.036955405107353,2.35820513629934,-1.62119906498252,-0.845820007263285,1.05480014966671,1.289229470987,-0.249256700007729,0.16376217780938,1.97172253332743,2.77220898098937,TRUE
"fixed_design","ET",332,0.228200371057514,0.54927402578394,0.528347692593651,-1.11750288650036,1.12490385855828,-1.21822766681559,1.14505213670559,-0.0365877650549992,2.36327980352118,-1.62345439940482,-0.847621716687038,1.05779022472787,1.29184818819149,-0.248436713787799,0.164163532032315,1.97654038362434,2.77714549142332,TRUE
"fixed_design","ET",333,0.23191094619666,1.06569029882709,0.530989498177412,-1.11560935354069,1.12781688356705,-1.22044508550041,1.1479497613208,-0.0362476620898062,2.36839484682121,-1.62517310600978,-0.849786365387199,1.06087036684255,1.29468617702121,-0.247938248247635,0.164352788058074,1.98095433414392,2.78215966540529,TRUE
"fixed_design","ET",334,0.235621521335807,-0.24702796223115,0.533623042740456,-1.11372408160173,1.13072164755511,-1.22271022931148,1.15084003688793,-0.0359350962117738,2.37355026619942,-1.62806346463184,-0.851494858977424,1.06387077725697,1.29715665350288,-0.247520556267586,0.164232838906803,1.98566823861489,2.78654060181136,TRUE
"fixed_design","ET",335,0.239332096474954,0.411347712231327,0.536248326282782,-1.11184707068348,1.13361815052245,-1.2250230982488,1.153722963407,-0.0356500674209022,2.3787460616558,-1.63040659644395,-0.854176904414007,1.06690192459379,1.29976698448129,-0.247193049028973,0.164196521429329,1.99072780266189,2.79127769557915,TRUE
"fixed_design","ET",336,0.2430426716141,-1.09155644968174,0.538865348804389,-1.10997832078596,1.13650639246907,-1.22738369231238,1.15659854087799,-0.0353925757171913,2.38398223319037,-1.63319847733585,-0.855933606708083,1.06974123908902,1.30240207537941,-0.246991617282021,0.164384770582047,1.99611143563866,2.79683485184976,TRUE
"fixed_design","ET",337,0.246753246753247,1.07133249772812,0.541474110305279,-1.10811783190916,1.13938637339497,-1.2297920115022,1.15946676930092,-0.0351626211006411,2.38925878080312,-1.63500332957207,-0.857938340849059,1.07267679126112,1.30520086197557,-0.246445138036631,0.164425796885121,2.00089549556062,2.80125740416697,TRUE
"fixed_design","ET",338,0.250463821892393,-0.258851971542233,0.544074610785451,-1.10626560405307,1.14225809330016,-1.23224805581827,1.16232764867577,-0.0349602035712516,2.39457570449404,-1.63670838983882,-0.860247814456559,1.0756456772545,1.30786195903535,-0.246166263883108,0.165107859689923,2.00593918504357,2.80708197685379,TRUE
"fixed_design","ET",339,0.25417439703154,1.08253579370772,0.546666850244905,-1.1044216372177,1.14512155218462,-1.2347518252606,1.16518117900255,-0.0347853231290228,2.39993300426315,-1.63908020161096,-0.862181248466334,1.07872761038572,1.31065157587603,-0.245680042920883,0.165117724578247,2.01073129491323,2.81310338814095,TRUE
"fixed_design","ET",340,0.257884972170686,-0.191835825463325,0.549250828683641,-1.10258593140305,1.14797675004837,-1.23730331982917,1.16802736028126,-0.0346379797739548,2.40533068011044,-1.64085046462949,-0.864734077464626,1.08173839963299,1.31331107764175,-0.245925988571725,0.165145279204942,2.01582254856312,2.81903532928968,TRUE
"fixed_design","ET",341,0.261595547309833,0.981273119033985,0.551826546101659,-1.10075848660911,1.15082368689141,-1.239902539524,1.1708661925119,-0.0345181735060474,2.4107687320359,-1.64385416702132,-0.866641355790478,1.08471139493941,1.31579362360337,-0.245819888626578,0.165371045639333,2.02093688635559,2.82427447021754,TRUE
"fixed_design","ET",342,0.26530612244898,-0.607073289735143,0.554394002498959,-1.0989393028359,1.15366236271372,-1.24254948434508,1.17369767569447,-0.0344259043253008,2.41624716003955,-1.64609326416998,-0.869033122163978,1.08766833142964,1.31817579131774,-0.245696676956253,0.165212341866426,2.02636940422335,2.82942836135878,TRUE
"fixed_design","ET",343,0.269016697588126,0.92010890431202,0.556953197875541,-1.0971283800834,1.15649277751531,-1.2452441542924,1.17652180982897,-0.0343611722317149,2.42176596412138,-1.64922315829909,-0.871124900598612,1.090594130536,1.32090448621115,-0.245727671119576,0.165256448814293,2.03228665261735,2.8350434617041,TRUE
"fixed_design","ET",344,0.272727272727273,1.0036042886758,0.559504132231405,-1.09532571835162,1.15931493129619,-1.24798654936598,1.1793385949154,-0.0343239772252898,2.42732514428138,-1.65267512759185,-0.873584130418699,1.09351634035316,1.32339134956115,-0.24575467742947,0.165747223282719,2.03763752418272,2.84177062856561,TRUE
"fixed_design","ET",345,0.276437847866419,1.13208823206824,0.562046805566551,-1.09353131764056,1.16212882405635,-1.25077666956581,1.18214803095376,-0.0343143193060253,2.43292470051957,-1.65491200968812,-0.87587498010146,1.09656748310821,1.32583617703195,-0.245514203375929,0.166160083094109,2.04294186306763,2.84753090048412,TRUE
"fixed_design","ET",346,0.280148423005566,0.601872622574215,0.564581217880979,-1.09174517795021,1.16493445579579,-1.25361451489189,1.18495011794405,-0.0343321984739216,2.43856463283593,-1.65889865347866,-0.878600243979009,1.09958232494389,1.32843031893263,-0.245886720181482,0.166386216789696,2.04796279491313,2.85326820445779,TRUE
"fixed_design","ET",347,0.283858998144712,0.961519728435442,0.56710736917469,-1.08996729928059,1.16773182651452,-1.25650008534422,1.18774485588626,-0.0343776147289785,2.44424494123048,-1.66218696301438,-0.880184125105468,1.10262831030597,1.33084334878336,-0.246221515221788,0.166543521298909,2.05319334727292,2.85887191272115,TRUE
"fixed_design","ET",348,0.287569573283859,0.903775152258103,0.569625259447682,-1.08819768163168,1.17052093621252,-1.2594333809228,1.19053224478041,-0.0344505680711962,2.44996562570321,-1.66507268797251,-0.882486392754127,1.10548535647332,1.33316029725287,-0.246899026030138,0.166620561872716,2.05845790874935,2.86442719094188,TRUE
"fixed_design","ET",349,0.291280148423006,0.216166771092614,0.572134888699956,-1.08643632500349,1.17330178488981,-1.26241440162763,1.19331228462648,-0.0345510585005747,2.45572668625411,-1.66869609923212,-0.884630842718941,1.10836822031129,1.3354831476358,-0.247409735370688,0.166223061349018,2.06366088496225,2.8705583781391,TRUE
"fixed_design","ET",350,0.294990723562152,1.18175195463035,0.574636256931513,-1.08468322939602,1.17607437254638,-1.26544314745871,1.19608497542448,-0.0346790860171138,2.4615281228832,-1.6717302931792,-0.887114760326708,1.11132738990076,1.33780982191806,-0.2474940718559,0.166741922489912,2.06930718175701,2.87649856045996,TRUE
"fixed_design","ET",351,0.298701298701299,0.432854510317814,0.577129364142351,-1.08293839480926,1.17883869918223,-1.26851961841604,1.19885031717442,-0.0348346506208137,2.46736993559046,-1.67536870459371,-0.889775744493897,1.11419642463438,1.34021938620799,-0.247365956451045,0.16659432530113,2.07460666871728,2.88251820884818,TRUE
"fixed_design","ET",352,0.302411873840445,0.861058292403623,0.579614210332472,-1.08120182124323,1.18159476479737,-1.27164381449963,1.20160830987628,-0.0350177523116742,2.47325212437591,-1.67901620941628,-0.892774745041862,1.11706271550459,1.34283689393213,-0.24772733898523,0.166861213616443,2.0801494166891,2.89006116786001,TRUE
"fixed_design","ET",353,0.306122448979592,0.890941673513175,0.582090795501874,-1.07947350869791,1.18434256939178,-1.27481573570946,1.20435895353007,-0.0352283910896955,2.47917468923953,-1.68261479065491,-0.894931373473261,1.11985453573445,1.3451465979036,-0.248264940879366,0.166402402584791,2.08535453459223,2.89667103229471,TRUE
"fixed_design","ET",354,0.309833024118738,0.381030317003319,0.584559119650559,-1.07775345717331,1.18708211296548,-1.27803538204555,1.20710224813579,-0.0354665669548775,2.48513763018134,-1.68663838699256,-0.89733749821336,1.12262052224955,1.34770953084452,-0.248837895378146,0.166576885070654,2.09166085310478,2.90262248829987,TRUE
"fixed_design","ET",355,0.313543599257885,0.438924020966999,0.587019182778525,-1.07604166666942,1.18981339551846,-1.28130275350788,1.20983819369344,-0.0357322799072202,2.49114094720132,-1.68981273465163,-0.899989049651172,1.12545321013821,1.35001553900251,-0.249279728331022,0.166772255040908,2.09768982250349,2.90923076959733,TRUE
"fixed_design","ET",356,0.317254174397032,0.904485919200635,0.589470984885774,-1.07433813718626,1.19253641705072,-1.28461785009647,1.21256679020302,-0.0360255299467237,2.49718464029949,-1.69260026258951,-0.902704734173733,1.12822378030449,1.35261216704525,-0.249827923333746,0.16643318038753,2.10293412111124,2.91585706330473,TRUE
"fixed_design","ET",357,0.320964749536178,0.795516429213705,0.591914525972305,-1.07264286872381,1.19525117756227,-1.2879806718113,1.21528803766453,-0.0363463170733878,2.50326870947583,-1.6958167505286,-0.905443234152702,1.13113865525909,1.35460941642045,-0.250570484794227,0.166384265733772,2.10803926321294,2.92274336573742,TRUE
"fixed_design","ET",358,0.324675324675325,0.617304370681028,0.594349806038118,-1.07095586128208,1.19795767705309,-1.29139121865239,1.21800193607797,-0.0366946412872127,2.50939315473036,-1.70106539674286,-0.908408316579472,1.13393949641103,1.35677047049292,-0.251439101054856,0.166359259199139,2.11324439303866,2.9299723902229,TRUE
"fixed_design","ET",359,0.328385899814471,-0.372164349448679,0.596776825083213,-1.06927711486107,1.2006559155232,-1.29484949061973,1.22070848544333,-0.0370705025881983,2.51555797606306,-1.70625828253223,-0.911420472294716,1.13675541427234,1.35913282739054,-0.252126812616542,0.166422831072843,2.11918879025208,2.93743717552853,TRUE
"fixed_design","ET",360,0.332096474953618,-1.62620865168745,0.599195583107589,-1.06760662946078,1.20334589297259,-1.29835548771332,1.22340768576063,-0.0374739009763446,2.52176317347395,-1.71117972982122,-0.914418787509455,1.13955275867831,1.3613617771361,-0.252898550178852,0.166315148105542,2.12545004234187,2.94495904779375,TRUE
"fixed_design","ET",361,0.335807050092764,-0.21177561469645,0.601606080111248,-1.06594440508121,1.20602760940126,-1.30190920993316,1.22609953702985,-0.0379048364516517,2.52800874696301,-1.71612115294743,-0.917156788305212,1.14245427681334,1.36376193318197,-0.253842412622767,0.165874025264679,2.13040735730726,2.95230041711057,TRUE
"fixed_design","ET",362,0.339517625231911,-0.0859989985932335,0.604008316094189,-1.06429044172235,1.20870106480922,-1.30551065727925,1.22878403925101,-0.0383633090141194,2.53429469653026,-1.72084837323225,-0.920606968674405,1.145246394687,1.36607456681226,-0.254533960374369,0.165832455519905,2.13616584233216,2.96017871643879,TRUE
"fixed_design","ET",363,0.343228200371058,-1.58542537947741,0.606402291056412,-1.06264473938421,1.21136625919646,-1.30915982975159,1.23146119242409,-0.0388493186637479,2.54062102217568,-1.725593189944,-0.923227463657289,1.14811148764662,1.36862663766085,-0.255053890615454,0.165932584171591,2.14243497354502,2.96749966708742,TRUE
"fixed_design","ET",364,0.346938775510204,1.2163861157011,0.608788004997918,-1.06100729806679,1.21402319256297,-1.31285672735018,1.23413099654911,-0.0393628654005371,2.54698772389929,-1.73023177156341,-0.926354718845456,1.15072006436605,1.37079324947131,-0.255710978472689,0.166068550146779,2.14821695912471,2.97523353686124,TRUE
"fixed_design","ET",365,0.350649350649351,1.21317456300198,0.611165457918705,-1.05937811777009,1.21667186490877,-1.31660135007502,1.23679345162605,-0.039903949224487,2.55339480170107,-1.73597875914334,-0.928783304340536,1.15342579887936,1.37307549872963,-0.256882385815808,0.165940022964805,2.15372404999303,2.98256135089525,TRUE
"fixed_design","ET",366,0.354359925788497,1.09816623423876,0.613534649818774,-1.0577571984941,1.21931227623386,-1.32039369792611,1.23944855765492,-0.0404725701355976,2.55984225558103,-1.74165646890456,-0.93263064161869,1.15616665351342,1.3753640981501,-0.258150097004991,0.165942888248299,2.15936892224196,2.9911060165355,TRUE
"fixed_design","ET",367,0.358070500927644,0.796524148294566,0.615895580698125,-1.05614454023884,1.22194442653822,-1.32423377090346,1.24209631463572,-0.0410687281338689,2.56633008553918,-1.74769744706089,-0.935426172527143,1.15892447187865,1.37780085373825,-0.259716987416328,0.165697134143302,2.16495715197119,2.99844466655092,TRUE
"fixed_design","ET",368,0.36178107606679,0.659151189686747,0.618248250556758,-1.05454014300429,1.22456831582187,-1.32812156900705,1.24473672256845,-0.041692423219301,2.5728582915755,-1.75351446852699,-0.93858792865831,1.1616985771188,1.38011165547917,-0.261565505879271,0.164939095440056,2.17074575859062,3.00683361950874,TRUE
"fixed_design","ET",369,0.365491651205937,-0.114077191539452,0.620592659394674,-1.05294400679046,1.2271839440848,-1.3320570922369,1.24736978145311,-0.0423436553918938,2.57942687369001,-1.75906095699764,-0.94191673938765,1.1642522369665,1.38248297857749,-0.26317405074868,0.164211909488312,2.17740780089867,3.0156264143677,TRUE
"fixed_design","ET",370,0.369202226345084,1.16242235607575,0.622928807211871,-1.05135613159734,1.22979131132701,-1.33604034059299,1.2499954912897,-0.0430224246516473,2.58603583188269,-1.76483960605113,-0.945224193025052,1.16690590772554,1.38455994327197,-0.265134230143226,0.163955154413994,2.18438901061796,3.02457728096138,TRUE
"fixed_design","ET",371,0.37291280148423,0.683906654979172,0.62525669400835,-1.04977651742495,1.2323904175485,-1.34007131407534,1.25261385207822,-0.0437287309985615,2.59268516615355,-1.77081452121264,-0.94796309104991,1.16955423483168,1.38670011491414,-0.266917549056511,0.163623485183849,2.19066448587268,3.03418698231056,TRUE
"fixed_design","ET",372,0.376623376623377,0.911327566012073,0.627576319784112,-1.04820516427327,1.23498126274928,-1.34415001268394,1.25522486381866,-0.0444625744326364,2.5993748765026,-1.77634452769949,-0.950943221052072,1.17214769845067,1.38883851266608,-0.26875511476353,0.162972043552389,2.19692970572271,3.04327925399661,TRUE
"fixed_design","ET",373,0.380333951762523,0.904389814226067,0.629887684539155,-1.04664207214231,1.23756384692933,-1.34827643641878,1.25782852651104,-0.0452239549538721,2.60610496292982,-1.78238678940641,-0.954126880985536,1.1748497050405,1.39098572517906,-0.270649934407161,0.162456826261109,2.20311092413136,3.0517305491116,TRUE
"fixed_design","ET",374,0.38404452690167,0.997048013998535,0.632190788273481,-1.04508724103207,1.24013817008867,-1.35245058527988,1.26042484015534,-0.0460128725622684,2.61287542543523,-1.78919741086583,-0.957090693063137,1.17770050895941,1.39339661245199,-0.272486585468042,0.162003158859669,2.20926709491185,3.06094565595591,TRUE
"fixed_design","ET",375,0.387755102040816,1.04287458782907,0.634485630987089,-1.04354067094255,1.24270423222729,-1.35667245926723,1.26301380475158,-0.0468293272578255,2.61968626401881,-1.79639614108924,-0.960403740629594,1.18053522559508,1.39572241594168,-0.274527504210593,0.162008172681775,2.21539965618685,3.07060532625946,TRUE
"fixed_design","ET",376,0.391465677179963,0.104935750705649,0.636772212679978,-1.04200236187374,1.2452620333452,-1.36094205838083,1.26559542029974,-0.0476733190405434,2.62653747868057,-1.80300231226616,-0.964164137716762,1.18323965426763,1.39765743416024,-0.276453634948026,0.161792340073283,2.22185350358506,3.07817439129781,TRUE
"fixed_design","ET",377,0.39517625231911,0.563030188099,0.63905053335215,-1.04047231382565,1.24781157344238,-1.36525938262068,1.26816968679984,-0.0485448479104219,2.63342906942052,-1.81060390771555,-0.967160273540818,1.18580694364567,1.39978906547593,-0.278533337986728,0.161064210333381,2.22810883841029,3.08643931077565,TRUE
"fixed_design","ET",378,0.398886827458256,0.764791287058687,0.641320593003604,-1.03895052679828,1.25035285251885,-1.36962443198678,1.27073660425186,-0.0494439138674611,2.64036103623864,-1.81675557146048,-0.971428801054116,1.18848028491027,1.40209720771925,-0.280372870349735,0.160361841076092,2.23474489102363,3.09627144234704,TRUE
"fixed_design","ET",379,0.402597402597403,0.43888084429658,0.64358239163434,-1.03743700079163,1.2528858705746,-1.37403720647913,1.27329617265581,-0.0503705169116611,2.64733337913494,-1.82346041350098,-0.974721539222426,1.19114090703332,1.40420573704466,-0.282253675336169,0.159422272410936,2.24058586938103,3.10641878673855,TRUE
"fixed_design","ET",380,0.406307977736549,0.0460154508364979,0.645835929244358,-1.0359317358057,1.25541062760963,-1.37849770609773,1.27584839201169,-0.0513246570430218,2.65434609810942,-1.83048293917813,-0.978113384427411,1.19380614905971,1.40621638691561,-0.28388787812083,0.158786104179428,2.24693470973128,3.11541325353233,TRUE
"fixed_design","ET",381,0.410018552875696,1.1302729194235,0.648081205833657,-1.03443473184048,1.25792712362394,-1.38300593084259,1.2783932623195,-0.0523063342615431,2.66139919316209,-1.83729792721162,-0.981734808391137,1.19635107189156,1.40859197449458,-0.286361362543204,0.158437469167544,2.25332799513993,3.12538875781468,TRUE
"fixed_design","ET",382,0.413729128014842,0.678650640143703,0.650318221402239,-1.03294598889598,1.26043535861754,-1.38756188071369,1.28093078357924,-0.0533155485672253,2.66849266429293,-1.84445955520671,-0.985868992997863,1.1989204891052,1.41097280222624,-0.289151264427828,0.157723210685144,2.25887709334039,3.13564708705476,TRUE
"fixed_design","ET",383,0.417439703153989,1.07951585668141,0.652546975950103,-1.0314655069722,1.26293533259042,-1.39216555571104,1.28346095579091,-0.0543522999600681,2.67562651150195,-1.85174370838917,-0.989007711833227,1.20161456168057,1.41369532693615,-0.291495007639837,0.157115325717839,2.26487127885134,3.14528549230302,TRUE
"fixed_design","ET",384,0.421150278293136,0.324325514129787,0.65476746947725,-1.02999328606914,1.26542704554258,-1.39681695583465,1.28598377895451,-0.0554165884400717,2.68280073478916,-1.85910014053383,-0.992197982027832,1.20438470911412,1.41635642707425,-0.294161296171977,0.156653870128548,2.27087198838735,3.15537166756496,TRUE
"fixed_design","ET",385,0.424860853432282,0.665257722310934,0.656979701983677,-1.0285293261868,1.26791049747402,-1.40151608108451,1.28849925307003,-0.0565084140072359,2.69001533415454,-1.86624831680908,-0.995502915540723,1.2069810613282,1.41841392741047,-0.29722719770056,0.156143303055593,2.27648259094171,3.16549686679995,TRUE
"fixed_design","ET",386,0.428571428571429,1.14781232019853,0.659183673469388,-1.02707362732517,1.27038568838474,-1.40626293146061,1.29100737813749,-0.0576277766615609,2.6972703095981,-1.87445070649374,-0.999147273024145,1.20947177962581,1.42074219107199,-0.29970176066657,0.155648941926216,2.28268439563873,3.17491457796445,TRUE
"fixed_design","ET",387,0.432282003710575,1.18278401408418,0.66137938393438,-1.02562618948426,1.27285261827475,-1.41105750696297,1.29350815415688,-0.0587746764030466,2.70456566111984,-1.88298227069183,-1.00273008620107,1.21204904804936,1.4232383788106,-0.303253542190425,0.15544928147068,2.28845073441451,3.1859368233735,TRUE
"fixed_design","ET",388,0.435992578849722,0.961521854458456,0.663566833378654,-1.02418701266408,1.27531128714403,-1.41589980759158,1.29600158112819,-0.059949113231693,2.71190138871977,-1.89211185975643,-1.00666895519593,1.21456794423842,1.42544758111636,-0.306300587341269,0.15479104060549,2.29439236695036,3.19579537692017,TRUE
"fixed_design","ET",389,0.439703153988868,1.25933912029204,0.66574602180221,-1.0227560968646,1.2777616949926,-1.42078983334643,1.29848765905143,-0.0611510871475002,2.71927749239787,-1.90106018907473,-1.01066776608954,1.21712363661739,1.42759146367267,-0.30863952260657,0.154324969585755,2.30036899480016,3.20660957097489,TRUE
"fixed_design","ET",390,0.443413729128015,0.422863923704425,0.667916949205049,-1.02133344208585,1.28020384182046,-1.42572758422754,1.30096638792661,-0.062380598150468,2.72669397215415,-1.90915648250785,-1.01418976243811,1.21956266371162,1.42983146594985,-0.311488213356568,0.153797635194686,2.3067283585384,3.21791592001744,TRUE
"fixed_design","ET",391,0.447124304267162,1.22020728522557,0.670079615587169,-1.01991904832781,1.28263772762759,-1.4307130602349,1.30343776775371,-0.0636376462405966,2.73415082798861,-1.92004493116859,-1.01808576500649,1.22200126978985,1.43197039451525,-0.313767438300679,0.153436265996965,2.31378053519484,3.22872222331195,TRUE
"fixed_design","ET",392,0.450834879406308,-2.44333012456834,0.672234020948572,-1.01851291559049,1.28506335241401,-1.43574626136851,1.30590179853274,-0.0649222314178859,2.74164805990125,-1.92891317554497,-1.02193395350789,1.22439212194359,1.43388683977225,-0.31743165995138,0.152111161104257,2.32006206141791,3.23983025451717,TRUE
"fixed_design","ET",393,0.454545454545455,1.05971303391992,0.674380165289256,-1.01711504387389,1.2874807161797,-1.44082718762837,1.3083584802637,-0.0662343536823359,2.74918566789208,-1.9375316307524,-1.0262818795371,1.22677861457736,1.43641822958185,-0.320606569549596,0.151313947329854,2.32590395503337,3.25141673729851,TRUE
"fixed_design","ET",394,0.458256029684601,1.27724383094684,0.676518048609223,-1.01572543317801,1.28988981892468,-1.44595583901449,1.31080781294659,-0.0675740130339467,2.75676365196108,-1.94654231411975,-1.02946439954148,1.22921411811744,1.43862988621372,-0.323584319601791,0.150846241202554,2.33257329826871,3.26355327153437,TRUE
"fixed_design","ET",395,0.461966604823748,0.76220109070807,0.678647670908471,-1.01434408350285,1.29229066064895,-1.45113221552685,1.31324979658141,-0.068941209472718,2.76438201210826,-1.9546893480285,-1.03349132352485,1.23159082237798,1.44080557707119,-0.326956055429177,0.149842234584608,2.33852679234448,3.27585231490359,TRUE
"fixed_design","ET",396,0.465677179962894,1.0543331886735,0.680769032187002,-1.0129709948484,1.29468324135249,-1.45635631716546,1.31568443116816,-0.0703359429986503,2.77204074833362,-1.96408132913778,-1.03786639855929,1.23402083096794,1.44311241675055,-0.330858840889452,0.149324498088079,2.34608943124947,3.28634959177162,TRUE
"fixed_design","ET",397,0.469387755102041,1.0961768097076,0.682882132444815,-1.01160616721467,1.29706756103532,-1.46162814393033,1.31811171670684,-0.0717582136117432,2.77973986063716,-1.97401937267277,-1.0418715941992,1.23652012662585,1.44508825878343,-0.334165261364841,0.148622766543081,2.35348974367631,3.29888880809967,TRUE
"fixed_design","ET",398,0.473098330241187,0.346035852260112,0.684986971681909,-1.01024960060166,1.29944361969742,-1.46694769582144,1.32053165319745,-0.0732080213119967,2.78747934901889,-1.98490866546619,-1.04621392663959,1.23901214748356,1.44702346910971,-0.337056920656005,0.14803697411819,2.36038229557751,3.3097993081974,TRUE
"fixed_design","ET",399,0.476808905380334,0.987900190581334,0.687083549898286,-1.00890129500937,1.30181141733881,-1.4723149728388,1.32294424063998,-0.0746853660994111,2.79525921347879,-1.99488610438189,-1.04961554489805,1.2414195911259,1.44941384904162,-0.3404749394158,0.147014432054892,2.3662194033383,3.32260088656076,TRUE
"fixed_design","ET",400,0.480519480519481,0.847397022730765,0.689171867093945,-1.00756125043779,1.30417095395949,-1.47772997498242,1.32534947903445,-0.0761902479739861,2.80307945401687,-2.00406518380016,-1.05411720186484,1.24389080021718,1.45172452972922,-0.343610155473888,0.146314178164906,2.37187879954037,3.33513558346896,TRUE
"fixed_design","ET",401,0.484230055658627,0.352266206227307,0.691251923268886,-1.00622946688694,1.30652222955944,-1.48319270225229,1.32774736838084,-0.0777226669357219,2.81094007063313,-2.01310987011043,-1.05729147046602,1.24622423375107,1.45401624930028,-0.347855375610572,0.145433279554904,2.37779451094539,3.34767143567298,TRUE
"fixed_design","ET",402,0.487940630797774,0.164574056263043,0.693323718423109,-1.0049059443568,1.30886524413868,-1.4887031546484,1.33013790867917,-0.0792826229846183,2.81884106332757,-2.02277141118702,-1.060958943772,1.24860911428938,1.45607236005082,-0.351524860717031,0.144500683544414,2.3844332078066,3.35981555983158,TRUE
"fixed_design","ET",403,0.49165120593692,0.455959224038987,0.695387252556614,-1.00359068284738,1.3111999976972,-1.49426133217077,1.33252109992942,-0.0808701161206755,2.82678243210019,-2.03248857141152,-1.06587804096506,1.2508912780116,1.45828391526841,-0.354569613064545,0.143784157348635,2.39198939866193,3.37172835464579,TRUE
"fixed_design","ET",404,0.495361781076067,1.04575650609554,0.697442525669401,-1.00228368235868,1.313526490235,-1.49986723481939,1.3348969421316,-0.0824851463438935,2.83476417695099,-2.04293517279587,-1.06985118181981,1.25318303001826,1.46044562504224,-0.358207839703292,0.142730082573127,2.39835010363901,3.38410510282168,TRUE
"fixed_design","ET",405,0.499072356215213,-0.0395157144091163,0.69948953776147,-1.00098494289069,1.31584472175208,-1.50552086259426,1.33726543528571,-0.084127713654272,2.84278629787997,-2.05312057665048,-1.07325263390256,1.255605617037,1.46237511253465,-0.362303395159938,0.142382668511406,2.40442869200839,3.39701490634579,TRUE
"fixed_design","ET",406,0.50278293135436,0.811421466613446,0.701528288832821,-0.999694464443424,1.31815469224844,-1.51122221549538,1.33962657939176,-0.0857978180518114,2.85084879488713,-2.06372035447194,-1.07809734577034,1.25797427567514,1.46453569431756,-0.366448882765205,0.141805737307914,2.41179757088625,3.40919068367481,TRUE
"fixed_design","ET",407,0.506493506493507,1.12208695872051,0.703558778883454,-0.998412247016874,1.32045640172409,-1.51697129352275,1.34198037444973,-0.0874954595365115,2.85895166797248,-2.07455941142226,-1.08155467949256,1.26035245022305,1.46685006096919,-0.370545096714415,0.141450187911751,2.41752006785925,3.42093299238803,TRUE
"fixed_design","ET",408,0.510204081632653,0.651948269108226,0.705581007913369,-0.997138290611044,1.32274985017902,-1.52276809667637,1.34432682045963,-0.0892206381083723,2.867094917136,-2.08517881224886,-1.08523792434011,1.26271568432272,1.46941241496372,-0.37432376477856,0.140574327158976,2.42434549053438,3.43378062320902,TRUE
"fixed_design","ET",409,0.5139146567718,0.0799639020343917,0.707594975922567,-0.99587259522593,1.32503503761323,-1.52861262495624,1.34666591742145,-0.0909733537673937,2.8752785423777,-2.09612378995979,-1.08965672427714,1.26501092066208,1.47176922619733,-0.3787704727008,0.139702655630941,2.43139180641781,3.44720226884101,TRUE
"fixed_design","ET",410,0.517625231910946,0.707352127105402,0.709600682911046,-0.994615160861535,1.32731196402672,-1.53450487836236,1.34899766533521,-0.092753606513576,2.88350254369758,-2.10654023484258,-1.09441328961829,1.2673039027859,1.47421261321347,-0.382862005170911,0.138503362806683,2.4375751039302,3.46065755730156,TRUE
"fixed_design","ET",411,0.521335807050093,0.923932187957206,0.711598128878807,-0.993365987517858,1.3295806294195,-1.54044485689474,1.3513220642009,-0.094561396346919,2.89176692109564,-2.11728631530409,-1.09847365693186,1.2696314653618,1.47695917133066,-0.387460913623255,0.137605964308209,2.44460403249808,3.47506182516583,TRUE
"fixed_design","ET",412,0.525046382189239,1.31165270238726,0.713587313825851,-0.992125075194899,1.33184103379155,-1.54643256055336,1.35363911401852,-0.0963967232674225,2.90007167457188,-2.12848583785738,-1.10230649417792,1.27188333557663,1.47921854164382,-0.391225208494775,0.137099473090531,2.45081290842868,3.48782101179395,TRUE
"fixed_design","ET",413,0.528756957328386,0.737077128380271,0.715568237752176,-0.990892423892658,1.33409317714289,-1.55246798933824,1.35594881478806,-0.098259587275087,2.9084168041263,-2.1394383516745,-1.10586840230219,1.27426111373288,1.48144628761404,-0.395388186795023,0.136311270079806,2.45731366956913,3.50204754080298,TRUE
"fixed_design","ET",414,0.532467532467533,0.613088716449112,0.717540900657784,-0.989668033611134,1.33633705947351,-1.55855114324936,1.35825116650954,-0.100149988369912,2.9168023097589,-2.15009954059309,-1.11041570484047,1.27658557400945,1.48390976833957,-0.400338714740161,0.13588169613242,2.46450959661341,3.51613589540076,TRUE
"fixed_design","ET",415,0.536178107606679,-0.977327632155834,0.719505302542673,-0.988451904350329,1.33857268078342,-1.56468202228674,1.36054616918294,-0.102067926551898,2.92522819146968,-2.16180816271933,-1.11502060925334,1.27882784623381,1.48657030006265,-0.404357837899254,0.134998323969542,2.4704540626811,3.53025845678556,TRUE
"fixed_design","ET",416,0.539888682745826,1.0384314176472,0.721461443406845,-0.987244036110242,1.3408000410726,-1.57086062645036,1.36283382280827,-0.104013401821044,2.93369444925864,-2.17400340014369,-1.11931129720921,1.28102701156145,1.48902422944054,-0.40891442774844,0.133907220165196,2.47685530562699,3.5436328152781,TRUE
"fixed_design","ET",417,0.543599257884972,0.396051989212504,0.723409323250299,-0.986044428890872,1.34301914034107,-1.57708695574024,1.36511412738554,-0.105986414177352,2.94220108312578,-2.18637109335613,-1.12366430616983,1.28308341754383,1.49109691509743,-0.413402315339592,0.132679601366921,2.48251657706448,3.55702838900147,TRUE
"fixed_design","ET",418,0.547309833024119,1.01713046080313,0.725348942073034,-0.984853082692221,1.34522997858882,-1.58336101015637,1.36738708291473,-0.10798696362082,2.9507480930711,-2.19701043752407,-1.12828796787448,1.28531532647437,1.49341654853118,-0.417978422732648,0.131971648476659,2.48750026879692,3.57147204970769,TRUE
"fixed_design","ET",419,0.551020408163265,0.944043331415994,0.727280299875052,-0.983669997514287,1.34743255581585,-1.58968278969875,1.36965268939585,-0.110015050151448,2.9593354790946,-2.20920697053526,-1.13258577644089,1.2875550599566,1.49594686894424,-0.42340723803494,0.130954384136719,2.4935175816752,3.58559772740199,TRUE
"fixed_design","ET",420,0.554730983302412,0.239906262033649,0.729203396656352,-0.982495173357072,1.34962687202216,-1.59605229436738,1.3719109468289,-0.112070673769238,2.96796324119628,-2.22106623680671,-1.13675621379122,1.28977233378786,1.49809042742429,-0.42823085998964,0.129875439638839,2.49986282946003,3.60008883199207,TRUE
"fixed_design","ET",421,0.558441558441559,-0.0608153489890759,0.731118232416934,-0.981328610220574,1.35181292720776,-1.60246952416226,1.37416185521388,-0.114153834474188,2.97663137937614,-2.23350632656825,-1.14119468550545,1.2918666063298,1.50081974625313,-0.43295408778389,0.128959882769716,2.50758988601404,3.61370857314368,TRUE
"fixed_design","ET",422,0.562152133580705,1.22309971544851,0.733024807156798,-0.980170308104794,1.35399072137264,-1.60893447908339,1.37640541455079,-0.116264532266299,2.98533989363418,-2.24501360259556,-1.14577321536772,1.2940153210844,1.50303765015977,-0.437651325071378,0.128063670992197,2.51447880214349,3.62831445668292,TRUE
"fixed_design","ET",423,0.565862708719852,0.590943593360524,0.734923120875943,-0.979020267009733,1.35616025451679,-1.61544715913077,1.37864162483963,-0.11840276714557,2.9940887839704,-2.25734504549593,-1.14983376448271,1.29621216305626,1.50506194221432,-0.442550280579535,0.12688658091393,2.52147247392349,3.64199001807469,TRUE
"fixed_design","ET",424,0.569573283858998,1.20382269762361,0.736813173574371,-0.977878486935389,1.35832152664024,-1.6220075643044,1.3808704860804,-0.120568539112003,3.0028780503848,-2.26924478248576,-1.15470173391321,1.29841395185556,1.50720181793919,-0.447878276928317,0.125640308287277,2.52766073924951,3.65613125987095,TRUE
"fixed_design","ET",425,0.573283858998145,0.523823831928678,0.738694965252082,-0.976744967881763,1.36047453774296,-1.62861569460428,1.38309199827309,-0.122761848165596,3.01170769287737,-2.28187808011378,-1.15910951992991,1.30051152720684,1.51000403735144,-0.452751242634028,0.124720365196486,2.53296975145394,3.66937246435852,TRUE
"fixed_design","ET",426,0.576994434137291,0.00821066054780595,0.740568495909074,-0.975619709848855,1.36261928782497,-1.63527155003042,1.38530616141772,-0.124982694306349,3.02057771144813,-2.29391542624409,-1.1630067364898,1.302592074891,1.51234493282686,-0.457753761901128,0.123459211149909,2.53969566218231,3.68519881148119,TRUE
"fixed_design","ET",427,0.580705009276438,0.149004327209996,0.742433765545348,-0.974502712836665,1.36475577688625,-1.6419751305828,1.38751297551427,-0.127231077534264,3.02948810609707,-2.30562739294729,-1.16691910991493,1.30468346802307,1.51447241523615,-0.46249477603622,0.122306598205714,2.54654911558305,3.70026277893143,TRUE
"fixed_design","ET",428,0.584415584415584,1.14074862061674,0.744290774160904,-0.973393976845193,1.36688400492682,-1.64872643626143,1.38971244056276,-0.129506997849339,3.03843887682419,-2.31824990131919,-1.1707827257404,1.30687671575832,1.51716153380068,-0.467210147167242,0.122009003499172,2.55370712272138,3.71477378507644,TRUE
"fixed_design","ET",429,0.588126159554731,1.37193529288652,0.746139521755742,-0.972293501874439,1.36900397194667,-1.65552546706632,1.39190455656317,-0.131810455251575,3.04743002362949,-2.33026513915046,-1.17504197562453,1.30896791974797,1.51987264902042,-0.472646513901695,0.120855433014035,2.56000598707959,3.72909583023533,TRUE
"fixed_design","ET",430,0.591836734693878,1.11020335300388,0.747980008329862,-0.971201287924403,1.37111567794581,-1.66237222299746,1.39408932351551,-0.134141449740971,3.05646154651297,-2.34229471286447,-1.17938579496728,1.31119610108364,1.52241155178086,-0.478240643019153,0.119553867158905,2.56575118951063,3.7445439372689,TRUE
"fixed_design","ET",431,0.595547309833024,0.350258634440542,0.749812233883265,-0.970117334995085,1.37321912292422,-1.66926670405484,1.39626674141979,-0.136499981317529,3.06553344547463,-2.3547130476129,-1.18257830379899,1.31324152819433,1.52508891013139,-0.483487890404816,0.118825543585352,2.57183919104434,3.75987543318483,TRUE
"fixed_design","ET",432,0.599257884972171,1.23600332545834,0.751636198415949,-0.969041643086484,1.37531430688192,-1.67620891023848,1.39843681027599,-0.138886049981247,3.07464572051447,-2.3681157896116,-1.18779007349645,1.31534215361539,1.52767399000028,-0.489071305933242,0.117780161744726,2.57854465463317,3.77419104569606,TRUE
"fixed_design","ET",433,0.602968460111317,0.6981906683572,0.753451901927916,-0.967974212198602,1.3774012298189,-1.68319884154837,1.40059953008412,-0.141299655732125,3.08379837163249,-2.38236027334771,-1.19259145955447,1.31742524165148,1.52997640656141,-0.494653987887252,0.116576027117351,2.58493152471784,3.78849186474112,TRUE
"fixed_design","ET",434,0.606679035250464,0.574760897217254,0.755259344419164,-0.966915042331438,1.37947989173516,-1.69023649798451,1.40275490084418,-0.143740798570165,3.09299139882868,-2.39587469515361,-1.19632972968854,1.31951645284703,1.53209440283694,-0.499846056399836,0.115526847014816,2.59085560204727,3.80358008279506,TRUE
"fixed_design","ET",435,0.61038961038961,0.872371603956322,0.757058525889695,-0.965864133484992,1.38155029263071,-1.6973218795469,1.40490292255617,-0.146209478495365,3.10222480210306,-2.40956910952169,-1.20105505797073,1.32154971617809,1.53418210195104,-0.50551339426143,0.114932010808544,2.59640377455355,3.81820028081367,TRUE
"fixed_design","ET",436,0.614100185528757,-0.120407761151026,0.758849446339507,-0.964821485659264,1.38361243250553,-1.70445498623554,1.40704359522008,-0.148705695507726,3.11149858145562,-2.42229672731866,-1.20563912387643,1.32350160816848,1.53654691954512,-0.511276257536279,0.113687963375737,2.60261079743786,3.83388260248107,TRUE
"fixed_design","ET",437,0.617810760667904,1.37689263343245,0.760632105768602,-0.963787098854253,1.38566631135964,-1.71163581805043,1.40917691883593,-0.151229449607247,3.12081273688636,-2.43633572735983,-1.20965898300234,1.325527272251,1.53950008277533,-0.517087733101357,0.11196530558714,2.60896410884508,3.84992357552389,TRUE
"fixed_design","ET",438,0.62152133580705,0.962824531750724,0.762406504176979,-0.962760973069961,1.38771192919303,-1.71886437499157,1.41130289340371,-0.15378074079393,3.13016726839528,-2.45070708665479,-1.21308968884112,1.3275165700613,1.54198990622163,-0.523085405465413,0.110658906224399,2.61515533019221,3.86448760424105,TRUE
"fixed_design","ET",439,0.625231910946197,1.17674725568282,0.764172641564637,-0.961743108306386,1.3897492860057,-1.72614065705896,1.41342151892341,-0.156359569067773,3.13956217598238,-2.46479819421256,-1.21742938560008,1.32929785175443,1.54485531357046,-0.52883180234318,0.109841440722543,2.62170363269079,3.87896656264494,TRUE
"fixed_design","ET",440,0.628942486085343,0.631245503473011,0.765930517931578,-0.960733504563529,1.39177838179766,-1.7334646642526,1.41553279539505,-0.158965934428777,3.14899745964765,-2.47833834041821,-1.22165648534567,1.33120743812684,1.54699323837438,-0.534659218763505,0.10957061553933,2.62727726751764,3.89655317455193,TRUE
"fixed_design","ET",441,0.63265306122449,0.53592304935259,0.767680133277801,-0.959732161841391,1.39379921656889,-1.7408363965725,1.41763672281861,-0.161599836876941,3.15847311939111,-2.49172642489792,-1.22605333732834,1.33307008269748,1.54949963798053,-0.540806375649131,0.108746803787105,2.63284318216921,3.91308438921541,TRUE
"fixed_design","ET",442,0.636363636363636,1.27537938771128,0.769421487603306,-0.95873908013997,1.39581179031941,-1.74825585401864,1.41973330119411,-0.164261276412266,3.16798915521275,-2.5056026823204,-1.22986752368118,1.33501594600541,1.55224803047613,-0.546443510844381,0.107630129059893,2.6386872349246,3.92882400440059,TRUE
"fixed_design","ET",443,0.640074211502783,-0.652004123931436,0.771154580908093,-0.957754259459268,1.39781610304921,-1.75572303659104,1.42182253052153,-0.166950253034752,3.17754556711257,-2.5193209836282,-1.23370616818999,1.33712339072486,1.55467129755155,-0.552335356763572,0.106664517033074,2.64563339062524,3.94583085721076,TRUE
"fixed_design","ET",444,0.64378478664193,1.31274207944097,0.772879413192162,-0.956777699799283,1.3998121547583,-1.76323794428968,1.42390441080088,-0.169666766744399,3.18714235509056,-2.53270859320773,-1.2384493261379,1.33905857406934,1.55722762422511,-0.55811812937097,0.105370201262828,2.65230380305045,3.961819944575,TRUE
"fixed_design","ET",445,0.647495361781076,1.40199086003908,0.774595984455513,-0.955809401160016,1.40179994544666,-1.77080057711458,1.42597894203216,-0.172410817541206,3.19677951914674,-2.54577281544806,-1.24187580793806,1.340864016493,1.56002543342354,-0.56365912318202,0.104041539434598,2.65885490239347,3.97715047587392,TRUE
"fixed_design","ET",446,0.651205936920223,0.46776965256784,0.776304294698146,-0.954849363541467,1.40377947511431,-1.77841093506572,1.42804612421538,-0.175182405425174,3.2064570592811,-2.5599856028899,-1.24569285148165,1.34257151658235,1.56280191192913,-0.569748713745578,0.102634751307652,2.66513628999318,3.99313746779385,TRUE
"fixed_design","ET",447,0.654916512059369,0.322109913296319,0.778004343920061,-0.953897586943636,1.40575074376124,-1.78606901814312,1.43010595735052,-0.177981530396303,3.21617497549364,-2.5743325430054,-1.25029673298037,1.3444905220713,1.56547076328366,-0.575802673205233,0.101653453007078,2.67151323582877,4.01000374507863,TRUE
"fixed_design","ET",448,0.658627087198516,1.21078358234138,0.779696132121258,-0.952954071366523,1.40771375138745,-1.79377482634677,1.43215844143758,-0.180808192454593,3.22593326778435,-2.58881888094978,-1.25492610975004,1.34625647653118,1.56800759162288,-0.58214468328235,0.100087728575847,2.67834415244666,4.02723904859142,TRUE
"fixed_design","ET",449,0.662337662337662,-0.653881150103833,0.781379659301737,-0.952018816810128,1.40966849799294,-1.80152835967667,1.43420357647658,-0.183662391600043,3.23573193615325,-2.60341376137526,-1.25932920830105,1.347879107114,1.57067598036905,-0.588647597407461,0.0987536338162783,2.68487442051952,4.0437401024418,TRUE
"fixed_design","ET",450,0.666048237476809,1.14132756909166,0.783054925461498,-0.951091823274451,1.41161498357771,-1.80932961813282,1.43624136246751,-0.186544127832654,3.24557098060033,-2.61924971679757,-1.26332769439254,1.34985563594566,1.5731872345947,-0.595046499854142,0.0976233709098615,2.69120451671388,4.06076497376633,TRUE
"fixed_design","ET",451,0.669758812615955,-1.45217774785386,0.784721930600542,-0.950173090759492,1.41355320814177,-1.81717860171522,1.43827179941037,-0.189453401152425,3.25545040112558,-2.63378778758131,-1.26841315081923,1.35170278963443,1.57596552953885,-0.601311502283921,0.0963713428971588,2.69727734093233,4.0777024712093,TRUE
"fixed_design","ET",452,0.673469387755102,-1.16903032738474,0.786380674718867,-0.949262619265251,1.41548317168511,-1.82507531042387,1.44029488730515,-0.192390211559358,3.26537019772902,-2.64873574040214,-1.27326986519636,1.35352635792003,1.57868063283496,-0.608226405327876,0.0953392610026588,2.7037175968743,4.09324952570949,TRUE
"fixed_design","ET",453,0.677179962894249,1.09639085405371,0.788031157816474,-0.948360408791728,1.41740487420773,-1.83301974425877,1.44231062615187,-0.195354559053451,3.27533037041064,-2.66368907645659,-1.27778870348586,1.3553224333267,1.58133556378364,-0.61470857456262,0.0941997301695807,2.71032438586543,4.10979057798936,TRUE
"fixed_design","ET",454,0.680890538033395,0.713111845747342,0.789673379893364,-0.947466459338922,1.41931831570963,-1.84101190321992,1.44431901595051,-0.198346443634705,3.28533091917044,-2.67936522547327,-1.28144340676146,1.35723929664549,1.58440627468767,-0.621573656853776,0.0928522779919281,2.71681057509147,4.12685691377449,TRUE
"fixed_design","ET",455,0.684601113172542,-0.147481927165522,0.791307340949535,-0.946580770906835,1.42122349619082,-1.84905178730733,1.44632005670109,-0.201365865303119,3.29537184400841,-2.69422355783315,-1.28555281349725,1.35919252361875,1.58732761121278,-0.628660351764459,0.0914315927779906,2.72327728533455,4.14449429161091,TRUE
"fixed_design","ET",456,0.688311688311688,1.05442358889568,0.792933040984989,-0.945703343495466,1.42312041565128,-1.85713939652098,1.44831374840359,-0.204412824058695,3.30545314492457,-2.70935883760151,-1.2894644846654,1.36091905381194,1.59002456470726,-0.635543791152088,0.0906432563498993,2.72951313730363,4.16026157229106,TRUE
"fixed_design","ET",457,0.692022263450835,0.146855171566299,0.794550479999725,-0.944834177104814,1.42500907409103,-1.86527473086088,1.45030009105802,-0.20748731990143,3.31557482191891,-2.72458329861656,-1.29287989010701,1.36251978203495,1.59273174697215,-0.641836377919537,0.0896612131374324,2.7361830328152,4.17832052151597,TRUE
"fixed_design","ET",458,0.695732838589981,1.10567547204709,0.796159657993742,-0.943973271734881,1.42688947151006,-1.87345779032704,1.45227908466438,-0.210589352831327,3.32573687499142,-2.74022489318919,-1.29748282950918,1.36424614885563,1.59549421058005,-0.647783720854785,0.0884202675075313,2.74263598612376,4.19674939255721,TRUE
"fixed_design","ET",459,0.699443413729128,1.09472403992129,0.797760574967042,-0.943120627385666,1.42876160790838,-1.88168857491944,1.45425072922267,-0.213718922848385,3.33593930414212,-2.75520919742794,-1.3010892781616,1.36594975320084,1.59827748581965,-0.654321373209415,0.0873581238083331,2.74934270471027,4.21406604918546,TRUE
"fixed_design","ET",460,0.703153988868275,1.34888666724075,0.799353230919624,-0.942276244057168,1.43062548328597,-1.8899670846381,1.45621502473289,-0.216876029952603,3.34618210937099,-2.77041257624539,-1.30535939570358,1.36754605270651,1.60047815907429,-0.660687514731164,0.086112066869861,2.75583747189988,4.22984866875255,TRUE
"fixed_design","ET",461,0.706864564007421,1.17396556707168,0.800937625851488,-0.941440121749388,1.43248109764285,-1.89829331948301,1.45817197119504,-0.220060674143981,3.35646529067805,-2.78693178648475,-1.3094506853018,1.36891000730832,1.60320807292435,-0.667346115277273,0.0849520501057377,2.76175351251745,4.24653640906628,TRUE
"fixed_design","ET",462,0.710575139146568,0.986128070162203,0.802513759762633,-0.940612260462327,1.43432845097901,-1.90666727945416,1.46012156860912,-0.223272855422521,3.36678884806329,-2.80224856717512,-1.31431046539964,1.37039596469537,1.6060732679327,-0.674157088051032,0.0840222310030547,2.76797732295058,4.26469333853303,TRUE
"fixed_design","ET",463,0.714285714285714,1.44720396699129,0.804081632653061,-0.939792660195983,1.43616754329445,-1.91508896455157,1.46206381697513,-0.226512573788221,3.3771527815267,-2.818385678928,-1.31858893911542,1.37202615548439,1.60866966552194,-0.681419471853637,0.0829784872008303,2.77466891233528,4.28150932324985,TRUE
"fixed_design","ET",464,0.717996289424861,1.438964880521,0.805641244522771,-0.938981320950358,1.43799837458917,-1.92355837477523,1.46399871629307,-0.229779829241082,3.3875570910683,-2.83337626671509,-1.32391891302495,1.3735987943614,1.61157203181566,-0.688410433725742,0.0816333946199699,2.78020335988788,4.29916219615322,TRUE
"fixed_design","ET",465,0.721706864564007,1.04355279707332,0.807192595371763,-0.938178242725449,1.43982094486318,-1.93207551012514,1.46592626656293,-0.233074621781104,3.39800177668807,-2.84995813755505,-1.32839174543811,1.37522569750001,1.61458507462555,-0.696144993985274,0.0801883858067313,2.78718215192082,4.31695004348447,TRUE
"fixed_design","ET",466,0.725417439703154,1.08364553267976,0.808735685200037,-0.93738342552126,1.44163525411647,-1.9406403706013,1.46784646778473,-0.236396951408287,3.40848683838603,-2.86651300344161,-1.33080936389317,1.3767372741003,1.61742614752751,-0.702934512749235,0.0791982205883037,2.79322955876325,4.33522444094976,TRUE
"fixed_design","ET",467,0.7291280148423,1.15017489311288,0.810270514007593,-0.936596869337788,1.44344130234904,-1.94925295620371,1.46975931995845,-0.23974681812263,3.41901227616217,-2.8832072803692,-1.33522873309575,1.37821890514551,1.62026294684969,-0.710494679588574,0.0785823354050191,2.79784598862753,4.35310057334963,TRUE
"fixed_design","ET",468,0.732838589981447,0.847653902287412,0.811797081794431,-0.935818574175034,1.44523908956089,-1.95791326693237,1.47166482308411,-0.243124221924133,3.42957809001648,-2.89925048479383,-1.33963641891489,1.37958029563059,1.62308679378115,-0.718032161460225,0.0769160656469755,2.80317586622973,4.37215397775964,TRUE
"fixed_design","ET",469,0.736549165120594,1.23473124097382,0.813315388560552,-0.935048540032998,1.44702861575202,-1.96662130278729,1.47356297716169,-0.246529162812798,3.44018427994898,-2.91540853563023,-1.34468308981361,1.38111642754234,1.62601512851428,-0.725113222766288,0.0757864867910187,2.80860928049452,4.3902921688168,TRUE
"fixed_design","ET",470,0.74025974025974,0.914581077542359,0.814825434305954,-0.93428676691168,1.44880988092244,-1.97537706376845,1.4754537821912,-0.249961640788623,3.45083084595965,-2.93122072913889,-1.34886368872952,1.38262691303906,1.62899672554416,-0.732534425141866,0.0748205733229581,2.81465711613042,4.40970689487385,TRUE
"fixed_design","ET",471,0.743970315398887,1.02504793209748,0.816327219030638,-0.93353325481108,1.45058288507214,-1.98418054987586,1.47733723817264,-0.253421655851609,3.46151778804851,-2.9478483358432,-1.35271058332007,1.38399664423796,1.63152180350285,-0.739456855940371,0.073360848489098,2.82124277256944,4.42852305241709,TRUE
"fixed_design","ET",472,0.747680890538033,0.471131402542413,0.817820742734604,-0.932788003731198,1.45234762820112,-1.99303176110953,1.47921334510602,-0.256909208001756,3.47224510621554,-2.96451609684073,-1.35747279375877,1.38537862818604,1.63423337694758,-0.746499194260741,0.0724270526852417,2.82738835365505,4.44730023516145,TRUE
"fixed_design","ET",473,0.75139146567718,1.34566860238138,0.819306005417853,-0.932051013672034,1.45410411030938,-2.00193069746944,1.48108210299132,-0.260424297239064,3.48301280046076,-2.98122605500956,-1.36170839049631,1.38680653623043,1.63697710933566,-0.753142745200635,0.0708332291004265,2.83444836707431,4.46587235292927,TRUE
"fixed_design","ET",474,0.755102040816326,1.22733877367592,0.820783007080383,-0.931322284633587,1.45585233139692,-2.01087735895561,1.48294351182854,-0.263966923563532,3.49382087078415,-2.99906350092523,-1.3663587731483,1.38805241179726,1.64018635754905,-0.760433204361817,0.06989726564976,2.84053840825308,4.4847070711307,TRUE
"fixed_design","ET",475,0.758812615955473,0.982834023287523,0.822251747722196,-0.930601816615859,1.45759229146375,-2.01987174556802,1.4847975716177,-0.267537086975161,3.50466931718573,-3.01593049984404,-1.37110957860199,1.38932267668255,1.6430314454145,-0.768750801640401,0.069059946644882,2.8456542415263,4.50316711249459,TRUE
"fixed_design","ET",476,0.76252319109462,0.159633093054209,0.82371222734329,-0.929889609618849,1.45932399050986,-2.02891385730669,1.48664428235879,-0.27113478747395,3.51555813966548,-3.03383692669889,-1.37547902142373,1.39075253639863,1.64625972174752,-0.776820230936789,0.0672096126663665,2.85179992498871,4.52152413238336,TRUE
"fixed_design","ET",477,0.766233766233766,1.28964731468081,0.825164445943667,-0.929185663642556,1.46104742853525,-2.03800369417161,1.48848364405181,-0.274760025059901,3.52648733822342,-3.05181970908297,-1.38069040590705,1.39204030100523,1.64962128682796,-0.78514184221985,0.0658707618126567,2.85819484250815,4.54067084194735,TRUE
"fixed_design","ET",478,0.769944341372913,0.789484418548775,0.826608403523325,-0.928489978686982,1.46276260553992,-2.04714125616278,1.49031565669675,-0.278412799733012,3.53745691285953,-3.06997428027618,-1.38432515033714,1.39322719519992,1.65263741048252,-0.792560473318405,0.0650476522652353,2.86470996230065,4.55993258617237,TRUE
"fixed_design","ET",479,0.773654916512059,1.39339043233544,0.828044100082266,-0.927802554752126,1.46446952152387,-2.0563265432802,1.49214032029363,-0.282093111493283,3.54846686357383,-3.08785170405029,-1.38771848867702,1.39441684742466,1.65577620980666,-0.800309190161084,0.0640418853301129,2.87038689801814,4.57900004831283,TRUE
"fixed_design","ET",480,0.777365491651206,0.535631290098403,0.829471535620489,-0.927123391837987,1.46616817648711,-2.06555955552387,1.49395763484244,-0.285800960340716,3.5595171903663,-3.10365932455295,-1.39121221213291,1.3955763953286,1.658426180571,-0.807955725205056,0.063062549004136,2.87649380864326,4.59729320029907,TRUE
"fixed_design","ET",481,0.781076066790352,1.41875208576564,0.830890710137993,-0.926452489944567,1.46785857042963,-2.07484029289379,1.49576760034317,-0.289536346275309,3.57060789323696,-3.12198842705391,-1.39629029024197,1.39673463540506,1.66127329608577,-0.815374628753238,0.0620126736918444,2.88322896172743,4.61608458083178,TRUE
"fixed_design","ET",482,0.784786641929499,1.37421312742008,0.83230162363478,-0.925789849071864,1.46954070335143,-2.08416875538996,1.49757021679583,-0.293299269297063,3.58173897218579,-3.13903643724542,-1.40061209652001,1.39790483402545,1.66415038287588,-0.823653611116354,0.0605959912310722,2.88961136748353,4.63616688956869,TRUE
"fixed_design","ET",483,0.788497217068646,0.275399757339516,0.833704276110849,-0.925135469219879,1.47121457525251,-2.09354494301238,1.49936548420042,-0.297089729405978,3.59291042721281,-3.15700907601006,-1.40530270052266,1.39910087184688,1.66725622552343,-0.831922922735376,0.0589528589714973,2.89565473857646,4.65689410837936,TRUE
"fixed_design","ET",484,0.792207792207792,-0.355897372193954,0.8350986675662,-0.924489350388613,1.47288018613287,-2.10296885576105,1.50115340255695,-0.300907726602053,3.604122258318,-3.17404098120357,-1.41035751934005,1.40022405736459,1.67026288221371,-0.838649136154249,0.0581304969397653,2.9015990320889,4.67628969447521,TRUE
"fixed_design","ET",485,0.795918367346939,0.78129156356856,0.836484798000833,-0.923851492578064,1.47453753599252,-2.11244049363598,1.5029339718654,-0.304753260885289,3.61537446550137,-3.19089331855775,-1.41498491583496,1.40139185238568,1.67357270246708,-0.846808628908503,0.0564820035324481,2.90844808389731,4.69555114457774,TRUE
"fixed_design","ET",486,0.799628942486085,1.40035962358813,0.837862667414748,-0.923221895788233,1.47618662483145,-2.12195985663715,1.50470719212578,-0.308626332255686,3.62666704876293,-3.20868888168328,-1.41863819006501,1.40245736766407,1.67669947905985,-0.855195804785447,0.0557388540275258,2.91299297028612,4.71430625771261,TRUE
"fixed_design","ET",487,0.803339517625232,1.41319387596066,0.839232275807945,-0.92260056001912,1.47782745264966,-2.13152694476457,1.50647306333809,-0.312526940713244,3.63800000810266,-3.22694145011683,-1.42253546129475,1.40352474965955,1.67942977915662,-0.863168811912702,0.0547315371424099,2.91933998789879,4.73387473338537,TRUE
"fixed_design","ET",488,0.807050092764378,1.20953898386605,0.840593623180424,-0.921987485270725,1.47946001944715,-2.14114175801825,1.50823158550233,-0.316455086257962,3.64937334352058,-3.24267722157029,-1.42698932636778,1.40460503596343,1.68269880365997,-0.871465972427239,0.0536153022288542,2.92467003564803,4.75425547794899,TRUE
"fixed_design","ET",489,0.810760667903525,0.268025065816086,0.841946709532185,-0.921382671543048,1.48108432522393,-2.15080429639818,1.50998275861849,-0.320410768889841,3.66078705501667,-3.26016293296153,-1.43176523535816,1.40564644020995,1.68534564949661,-0.879755514686761,0.0521018137444319,2.93135481556127,4.77454623830418,TRUE
"fixed_design","ET",490,0.814471243042672,1.44218411946769,0.843291534863228,-0.920786118836089,1.48270036997998,-2.16051455990435,1.51172658268659,-0.32439398860888,3.67224114259094,-3.27786798203801,-1.43540939613554,1.40671396121123,1.68867343210345,-0.887608779030214,0.050812864387393,2.93697414172752,4.79441425965443,TRUE
"fixed_design","ET",491,0.818181818181818,1.05184956711451,0.844628099173554,-0.920197827149848,1.48430815371532,-2.17027254853678,1.51346305770662,-0.328404745415081,3.6837356062434,-3.29570618749669,-1.44025592768551,1.40762818596472,1.69164027017591,-0.895555138284288,0.0495335880963393,2.94365307417748,4.81410367422219,TRUE
"fixed_design","ET",492,0.821892393320965,1.34618914541987,0.845956402463161,-0.919617796484326,1.48590767642994,-2.18007826229546,1.51519218367857,-0.332443039308442,3.69527044597403,-3.31371470161763,-1.4443212306684,1.40869062842349,1.69458021932586,-0.903907070193445,0.0483095914486897,2.94916734268075,4.83399483342894,TRUE
"fixed_design","ET",493,0.825602968460111,0.812713939036911,0.84727644473205,-0.91904602683952,1.48749893812384,-2.18993170118039,1.51691396060246,-0.336508870288964,3.70684566178284,-3.33138249201945,-1.4480194830352,1.40956262048251,1.69775649697471,-0.91249004818178,0.0471451289538732,2.95503563334248,4.85367761794658,TRUE
"fixed_design","ET",494,0.829313543599258,0.727307999805663,0.848588225980222,-0.918482518215433,1.48908193879703,-2.19983286519157,1.51862838847827,-0.340602238356646,3.71846125366984,-3.35073816489191,-1.45299426986156,1.41041794991049,1.70100774240356,-0.920704561700379,0.0462114759745291,2.96240638977465,4.87317192660202,TRUE
"fixed_design","ET",495,0.833024118738404,1.05868727600597,0.849891746207675,-0.917927270612064,1.4906566784495,-2.20978175432899,1.52033546730602,-0.344723143511489,3.73011722163501,-3.369347595116,-1.45823931723972,1.41122215438971,1.70363545775475,-0.928913534130467,0.0450151973935709,2.96757095844923,4.89342005464835,TRUE
"fixed_design","ET",496,0.836734693877551,0.565229456175451,0.851187005414411,-0.917380284029413,1.49222315708124,-2.21977836859268,1.52203519708569,-0.348871585753494,3.74181356567836,-3.38729889422467,-1.46364968199822,1.41204366643743,1.70681844881764,-0.937752598252109,0.0436462295134263,2.97389552661844,4.91390819697857,TRUE
"fixed_design","ET",497,0.840445269016698,0.442438960340127,0.852474003600428,-0.916841558467479,1.49378137469228,-2.22982270798261,1.52372757781729,-0.353047565082658,3.7535502857999,-3.40615776929856,-1.46828141936616,1.41290078258818,1.71014122226084,-0.946310648379077,0.0424919199228537,2.97970809916864,4.93465462488704,TRUE
"fixed_design","ET",498,0.844155844155844,0.670440881160441,0.853752740765728,-0.916311093926264,1.49533133128259,-2.23991477249879,1.52541260950082,-0.357251081498983,3.76532738199961,-3.42554359844427,-1.47204032456559,1.41365164300367,1.71331584942699,-0.954908375084626,0.041104639613564,2.9849172189574,4.9545330055692,TRUE
"fixed_design","ET",499,0.847866419294991,1.14806605645666,0.855023216910309,-0.915788890405766,1.49687302685218,-2.25005456214122,1.52709029213628,-0.36148213500247,3.7771448542775,-3.44381732211745,-1.47632928566867,1.41436939809931,1.71630782887683,-0.963616931179825,0.039940078599663,2.99137484672645,4.97437777383513,TRUE
"fixed_design","ET",500,0.851576994434137,-0.508105956442173,0.856285432034173,-0.915274947905987,1.49840646140106,-2.2602420769099,1.52876062572367,-0.365740725593117,3.78900270263358,-3.46335118903843,-1.48049804718054,1.41511118587432,1.71902618486893,-0.972625610258675,0.0387851726501627,2.99682936335561,4.99460718898293,TRUE
"fixed_design","ET",501,0.855287569573284,0.200833597813262,0.857539386137319,-0.914769266426926,1.49993163492922,-2.27047731680484,1.53042361026299,-0.370026853270924,3.80090092706783,-3.48261867278592,-1.4843458939161,1.41597199046453,1.7223473785038,-0.981839301714109,0.037348084420468,3.00355818128349,5.01454610927073,TRUE
"fixed_design","ET",502,0.85899814471243,0.998819793565056,0.858785079219747,-0.914271845968582,1.50144854743666,-2.28076028182602,1.53207924575424,-0.374340518035892,3.81283952758026,-3.50181278714806,-1.48828111772382,1.41675888738096,1.72530863251526,-0.991104089856503,0.0361042958336694,3.00972223723974,5.03421627891856,TRUE
"fixed_design","ET",503,0.862708719851577,-4.24765866507823,0.860022511281457,-0.913782686530956,1.50295719892339,-2.29109097197346,1.53372753219742,-0.378681719888021,3.82481850417087,-3.52053065393418,-1.49250573652513,1.41736703919565,1.72811684616286,-1.00045336666382,0.0342615945931274,3.0145589545515,5.05568415865036,TRUE
"fixed_design","ET",504,0.866419294990724,-0.47401389488834,0.861251682322448,-0.913301788114048,1.50445758938939,-2.30146938724714,1.53536846959252,-0.383050458827311,3.83683785683967,-3.53951627556006,-1.49752787147022,1.41820806838734,1.73098069858743,-1.00926101599854,0.0331291239081317,3.02004390954877,5.07680440561373,TRUE
"fixed_design","ET",505,0.87012987012987,0.734847512266181,0.862472592342722,-0.912829150717859,1.50594971883468,-2.31189552764708,1.53700205793956,-0.387446734853761,3.84889758558664,-3.55951209448392,-1.5022569203945,1.41901372482843,1.73394370144795,-1.01829249524499,0.0321362616670232,3.0263505789833,5.09746273843543,TRUE
"fixed_design","ET",506,0.873840445269017,1.08179233527377,0.863685241342278,-0.912364774342387,1.50743358725925,-2.32236939317327,1.53862829723852,-0.391870547967373,3.86099769041179,-3.57985029598687,-1.5068363633721,1.41973373396706,1.73674128150623,-1.02740150286475,0.0305555693434321,3.03256253654779,5.11765742371329,TRUE
"fixed_design","ET",507,0.877551020408163,1.5178712049082,0.864889629321116,-0.911908658987633,1.5089091946631,-2.33289098382571,1.54024718748942,-0.396321898168145,3.87313817131512,-3.60050411451896,-1.51122079701391,1.42014147283297,1.73966817298177,-1.03650768144196,0.0290477280158108,3.03847842731335,5.13889662957523,TRUE
"fixed_design","ET",508,0.88126159554731,1.24034905944882,0.866085756279236,-0.911460804653597,1.51037654104623,-2.34346029960439,1.54185872869224,-0.400800785456077,3.88531902829664,-3.62005166914472,-1.51534498600858,1.42084607769161,1.74254007323957,-1.04541502275344,0.0281402796535339,3.04417551554505,5.15994678517674,TRUE
"fixed_design","ET",509,0.884972170686456,0.985746275483977,0.867273622216638,-0.911021211340279,1.51183562640865,-2.35407734050933,1.54346292084699,-0.405307209831171,3.89754026135633,-3.64036664004113,-1.52012951428564,1.42144664308702,1.74540373640618,-1.05433646171193,0.0273011873642861,3.04926653375987,5.18150704175949,TRUE
"fixed_design","ET",510,0.888682745825603,1.46716251217706,0.868453227133323,-0.910589879047679,1.51328645075035,-2.36474210654052,1.54505976395368,-0.409841171293425,3.9098018704942,-3.66009461306873,-1.52514808790754,1.42212947235421,1.74861685091588,-1.06332501663207,0.025937954776261,3.05529024575917,5.20308709080225,TRUE
"fixed_design","ET",511,0.89239332096475,-0.204177082875887,0.869624571029289,-0.910166807775797,1.51472901407133,-2.37545459769797,1.54664925801229,-0.414402669842839,3.92210385571025,-3.67933051228253,-1.52876920457333,1.42269295094543,1.75195172812066,-1.07244544540718,0.0251411877412849,3.06168534077727,5.22362740401011,TRUE
"fixed_design","ET",512,0.896103896103896,1.17402592781195,0.870787653904537,-0.909751997524634,1.51616331637159,-2.38621481398166,1.54823140302283,-0.418991705479415,3.93444621700448,-3.69848981995165,-1.53322937551145,1.42335175104697,1.75515228335111,-1.0816958383528,0.0239662615704966,3.06863022861123,5.24527944931875,TRUE
"fixed_design","ET",513,0.899814471243043,0.985177670041648,0.871942475759067,-0.909345448294187,1.51758935765113,-2.3970227553916,1.5498061989853,-0.423608278203151,3.9468289543769,-3.71760242691043,-1.53759124548638,1.42397498861658,1.75821353569698,-1.09160659840118,0.022727909096688,3.07525501790099,5.26735743657116,TRUE
"fixed_design","ET",514,0.903525046382189,1.53185592973052,0.87308903659288,-0.908947160084459,1.51900713790996,-2.40787842192779,1.5513736458997,-0.428252388014048,3.95925206782749,-3.73812513054186,-1.54272377116184,1.42457323788896,1.7611175917965,-1.10047551648877,0.0215704721769977,3.08139502046602,5.28861456528711,TRUE
"fixed_design","ET",515,0.907235621521336,-0.618603730768553,0.874227336405974,-0.908557132895449,1.52041665714806,-2.41878181359023,1.55293374376602,-0.432924034912105,3.97171555735626,-3.75886837231925,-1.54756729339286,1.42505715153675,1.76416365873676,-1.11022274609405,0.0198813343847684,3.08740237289647,5.31054439133045,TRUE
"fixed_design","ET",516,0.910946196660482,0.988682010843913,0.87535737519835,-0.908175366727157,1.52181791536545,-2.42973293037893,1.55448649258428,-0.437623218897324,3.98421942296321,-3.77864315242452,-1.55205446260681,1.42541306989107,1.76729041200769,-1.11979246806917,0.0178553784421423,3.09230917792816,5.33267936800525,TRUE
"fixed_design","ET",517,0.914656771799629,0.254860368134478,0.876479152970009,-0.907801861579582,1.52321091256213,-2.44073177229387,1.55603189235447,-0.442349939969703,3.99676366464834,-3.79998773784573,-1.55709732408069,1.4259475337546,1.77044865982544,-1.12961421747815,0.0161184628798631,3.09791966532542,5.35433694244091,TRUE
"fixed_design","ET",518,0.918367346938776,0.390502522722981,0.87759266972095,-0.907436617452726,1.52459564873808,-2.45177833933507,1.55756994307658,-0.447104198129243,4.00934828241165,-3.82022956815229,-1.56149404355245,1.42616880091631,1.7734126066862,-1.13928530234727,0.0144953512913373,3.10541281446115,5.37849452464212,TRUE
"fixed_design","ET",519,0.922077922077922,1.0603877487063,0.878697925451172,-0.907079634346588,1.52597212389332,-2.46287263150252,1.55910064475063,-0.451885993375943,4.02197327625314,-3.84008253433422,-1.56653927967831,1.42651821610406,1.77632307226493,-1.14839166423214,0.0133085922661484,3.11214515271246,5.39991425170687,TRUE
"fixed_design","ET",520,0.925788497217069,0.285534747554424,0.879794920160677,-0.906730912261167,1.52734033802783,-2.47401464879621,1.5606239973766,-0.456695325709804,4.03463864617282,-3.86082358924076,-1.57104494456672,1.42677570045075,1.77930520519627,-1.1579894512584,0.0119377795839784,3.11858596007851,5.42101987355227,TRUE
"fixed_design","ET",521,0.929499072356215,-2.18635893751858,0.880883653849464,-0.906390451196465,1.52870029114163,-2.48520439121616,1.56214000095451,-0.461532195130826,4.04734439217067,-3.88163667162912,-1.57573536800704,1.42715646737949,1.78228901117904,-1.16774849544172,0.0104332707005248,3.12384685526211,5.44259279689675,TRUE
"fixed_design","ET",522,0.933209647495362,1.20844414666793,0.881964126517532,-0.90605825115248,1.53005198323472,-2.49644185876236,1.56364865548434,-0.466396601639009,4.0600905142467,-3.90196830818352,-1.58035487731446,1.42746015208321,1.78549342489145,-1.17804171133842,0.00924770250103633,3.1294827523154,5.46607555414506,TRUE
"fixed_design","ET",523,0.936920222634508,-1.44908109817439,0.883036338164883,-0.905734312129213,1.53139541430708,-2.50772705143481,1.5651499609661,-0.471288545234352,4.07287701240091,-3.9224433564035,-1.58490568311029,1.4275400129543,1.78851848604399,-1.18807904556104,0.00776430666525069,3.13634060543774,5.48904136210998,TRUE
"fixed_design","ET",524,0.940630797773655,1.35094226788621,0.884100288791516,-0.905418634126665,1.53273058435873,-2.51905996923351,1.56664391739979,-0.476208025916856,4.0857038866333,-3.94507860183177,-1.59043198218495,1.42763769908074,1.79151067278227,-1.19781795807849,0.00607919770633436,3.14192146120491,5.5105728281785,TRUE
"fixed_design","ET",525,0.944341372912802,1.37304352014698,0.885155978397431,-0.905111217144834,1.53405749338966,-2.53044061215846,1.56813052478541,-0.481155043686521,4.09857113694387,-3.96618951481696,-1.59576226695125,1.42772791629444,1.79468993078297,-1.2069947229767,0.00454378735911394,3.14814427102793,5.53270639874909,TRUE
"fixed_design","ET",526,0.948051948051948,1.42512453249297,0.886203406982628,-0.904812061183721,1.53537614139987,-2.54186898020966,1.56960978312296,-0.486129598543347,4.11147876333262,-3.98717693437992,-1.60033038963269,1.42772544579861,1.79821527122881,-1.21743690283153,0.00303746635136671,3.15401860057654,5.55469936803155,TRUE
"fixed_design","ET",527,0.951762523191095,1.43588892695317,0.887242574547107,-0.904521166243327,1.53668652838936,-2.55334507338711,1.57108169241244,-0.491131690487333,4.12442676579955,-4.00822511454257,-1.60459942157062,1.42805404868288,1.80150866692663,-1.22795436468666,0.000896914307080532,3.15989267516715,5.57730677293065,TRUE
"fixed_design","ET",528,0.955473098330241,1.47467835128271,0.888273481090868,-0.90423853232365,1.53798865435813,-2.56486889169081,1.57254625265385,-0.49616131951848,4.13741514434466,-4.0301542239429,-1.60920282965602,1.42814791011669,1.80425581186153,-1.23788504900679,-0.000407025085755786,3.16592830016637,5.59886726617708,TRUE
"fixed_design","ET",529,0.959183673469388,0.886843612425575,0.889296126613911,-0.903964159424691,1.53928251930619,-2.57644043512076,1.57400346384719,-0.501218485636788,4.15044389896795,-4.05135698988564,-1.61337461404018,1.42822640680445,1.80741877113238,-1.24759813361388,-0.00226913009765422,3.17216167247641,5.62094911346689,TRUE
"fixed_design","ET",530,0.962894248608534,1.49483266581594,0.890310511116236,-0.90369804754645,1.54056812323353,-2.58805970367697,1.57545332599246,-0.506303188842256,4.16351302966942,-4.07188771890205,-1.61733914570437,1.42843616832734,1.81055599014492,-1.25773012940806,-0.00440808315502885,3.17883007344158,5.64369008551841,TRUE
"fixed_design","ET",531,0.966604823747681,1.2777704324768,0.891316634597843,-0.903440196688927,1.54184546614015,-2.59972669735942,1.57689583908965,-0.511415429134885,4.17662253644907,-4.09369396719636,-1.62221888968948,1.42824483634673,1.81378861470514,-1.26826107439622,-0.00567388259525896,3.18448441524728,5.66583513508069,TRUE
"fixed_design","ET",532,0.970315398886827,0.923832385596479,0.892314497058732,-0.903190606852122,1.54311454802605,-2.61144141616813,1.57833100313878,-0.516555206514675,4.1897724193069,-4.11621444778549,-1.62627633319792,1.42818849810767,1.81659866046725,-1.27873714732729,-0.00710399171708704,3.19099485434406,5.68891825096129,TRUE
"fixed_design","ET",533,0.974025974025974,1.37996314367425,0.893304098498904,-0.902949278036035,1.54437536889124,-2.62320386010308,1.57975881813983,-0.521722520981626,4.20296267824291,-4.1383747536462,-1.63088286344293,1.42827271600843,1.8196303541027,-1.28983896385608,-0.00868884868198506,3.19791659338832,5.71219460189505,TRUE
"fixed_design","ET",534,0.977736549165121,0.752701519799603,0.894285438918357,-0.902716210240666,1.5456279287357,-2.63501402916429,1.58117928409282,-0.526917372535737,4.2161933132571,-4.1595714843155,-1.63636149203891,1.42841117600762,1.82280079766511,-1.29959004826114,-0.009777118588429,3.20473794909451,5.73462218421207,TRUE
"fixed_design","ET",535,0.981447124304267,1.5463366790641,0.895258518317092,-0.902491403466015,1.54687222755945,-2.64687192335175,1.58259240099773,-0.532139761177009,4.22946432434947,-4.18168173514484,-1.64080812781481,1.42830437390518,1.82605980581142,-1.31064974826699,-0.0118192431996652,3.21114945385259,5.75827695099851,TRUE
"fixed_design","ET",536,0.985157699443414,1.30134765276646,0.89622333669511,-0.902274857712081,1.54810826536248,-2.65877754266545,1.58399816885457,-0.537389686905441,4.24277571152002,-4.20335268583189,-1.64723933970981,1.42857280593298,1.82919261680855,-1.32061428110127,-0.0132710252241071,3.21706377395099,5.78149628701053,TRUE
"fixed_design","ET",537,0.98886827458256,0.847866502680843,0.897179894052409,-0.902066572978866,1.5493360421448,-2.67073088710541,1.58539658766334,-0.542667149721035,4.25612747476875,-4.22550954257204,-1.65166507081002,1.42839519460931,1.83225242156397,-1.33063790283698,-0.0145021904590488,3.22309094012424,5.80491572584124,TRUE
"fixed_design","ET",538,0.992578849721707,1.27157867600306,0.898128190388991,-0.901866549266369,1.55055555790639,-2.68273195667162,1.58678765742404,-0.547972149623789,4.26951961409566,-4.24774492732352,-1.65639044665921,1.42801886201271,1.83533278442423,-1.34188120900738,-0.015373717339997,3.22916390833306,5.82740527451253,TRUE
"fixed_design","ET",539,0.996289424860853,0.97402978258228,0.899068225704854,-0.90167478657459,1.55176681264727,-2.69478075136408,1.58817137813667,-0.553304686613704,4.28295212950075,-4.26866693876071,-1.66149791481304,1.42808115578716,1.83865386904067,-1.35282868008958,-0.0169437039743345,3.23421668278989,5.85027623212865,TRUE
"fixed_design","ET",540,1,0.160104260300775,0.9,-0.901491284903528,1.55296980636743,-2.70687727118279,1.58954774980123,-0.558664760690779,4.29642502098402,-4.2906791816924,-1.66697389402558,1.42812679157775,1.84222020349177,-1.36305375695974,-0.0185640603745547,3.23946111611102,5.87375435587451,TRUE
"fixed_design","SH",1,-1,-0.790578881537112,-0.8,-1.84298009902485,-0.269544424452363,-2.48521338351882,0.0457708687358772,-1.21972125739147,2.5309842522547,-3.23588319632029,-1.7504185350945,-0.463842095489407,1.19786564047822,-1.7220229076846,-0.553011493511431,1.52506105092633,3.78742606216022,TRUE
"fixed_design","SH",2,-0.996289424860853,-1.20312321819254,-0.794623796558596,-1.83816207674105,-0.263884332269943,-2.47389360776789,0.051213541540858,-1.21134003311352,2.52510714930875,-3.2186833817097,-1.74551336870349,-0.453595564020991,1.1983625129106,-1.71040257922161,-0.548575060037664,1.52730235597046,3.77204061763238,TRUE
"fixed_design","SH",3,-0.992578849721707,-0.830331192339553,-0.789255854137911,-1.83335231547797,-0.258232501108241,-2.46261138489574,0.056647142072717,-1.20298212141151,2.51925852696846,-3.20140664505477,-1.73981635463508,-0.443778961818136,1.19786322662982,-1.69893195431533,-0.544137836785106,1.5289994578939,3.75565495249712,TRUE
"fixed_design","SH",4,-0.98886827458256,-0.456323128843399,-0.783896172737943,-1.82855081523561,-0.252588930967257,-2.45136671490237,0.062071670331454,-1.19464752228546,2.51343838523382,-3.1840673130301,-1.73414651896873,-0.433557534705109,1.19691911537549,-1.68725888728136,-0.539741477847117,1.53019438517553,3.73964239754829,TRUE
"fixed_design","SH",5,-0.985157699443414,-0.914888633104687,-0.778544752358693,-1.82375757601396,-0.24695362184699,-2.44015959778776,0.0674871263170693,-1.18633623573535,2.50764672410483,-3.16739363194171,-1.72838721070371,-0.423289270112384,1.19742946329887,-1.67485637356116,-0.535627481832289,1.53134708595308,3.72476498236377,TRUE
"fixed_design","SH",6,-0.981447124304267,-0.839137117689368,-0.773201593000162,-1.81897259781304,-0.241326573747442,-2.42899003355193,0.0728935100295626,-1.17804826176118,2.50188354358149,-3.15142635006183,-1.7222091979399,-0.41261000262054,1.19671261562199,-1.66346410836535,-0.531112494357461,1.53209934345867,3.71377557897392,TRUE
"fixed_design","SH",7,-0.977736549165121,-0.276138590675946,-0.767866694662348,-1.81419588063283,-0.235707786668612,-2.41785802219487,0.0782908214689339,-1.16978360036297,2.49614884366381,-3.13500344610427,-1.7166156114104,-0.402949313352464,1.19666716285892,-1.65258136968436,-0.526946954564137,1.53432772161581,3.70024293778272,TRUE
"fixed_design","SH",8,-0.974025974025974,-1.0181913770786,-0.762540057345252,-1.80942742447334,-0.230097260610499,-2.40676356371659,0.0836790606351835,-1.1615422515407,2.49044262435177,-3.1184030102543,-1.71068151904554,-0.393102314189002,1.19639896818464,-1.6406645997144,-0.522601723966932,1.53638560298511,3.68742442509438,TRUE
"fixed_design","SH",9,-0.970315398886827,-0.916955175390053,-0.757221681048874,-1.80466722933457,-0.224494995573105,-2.39570665811708,0.0890582275283111,-1.15332421529438,2.48476488564539,-3.10151742598987,-1.70491723578118,-0.383751899829855,1.19588320397071,-1.62908826744314,-0.518165692783407,1.53672759480817,3.67640207035982,TRUE
"fixed_design","SH",10,-0.966604823747681,-0.722045313675734,-0.751911565773214,-1.79991529521651,-0.218900991556428,-2.38468730539634,0.0944283221483169,-1.14512949162401,2.47911562754466,-3.08509838962501,-1.69925885249224,-0.3739041456009,1.19559825734549,-1.61779102381602,-0.513433135108774,1.53602314764255,3.66560546159129,TRUE
"fixed_design","SH",11,-0.962894248608534,-0.806094691526706,-0.746609711518272,-1.79517162211918,-0.213315248560469,-2.37370550555438,0.0997893444952007,-1.13695808052959,2.47349485004958,-3.06846049797073,-1.69366548074131,-0.364545677128626,1.19514028609733,-1.60607683286656,-0.50919971015395,1.5366079905149,3.65454823280378,TRUE
"fixed_design","SH",12,-0.959183673469388,-0.956909440092819,-0.741316118284048,-1.79043621004256,-0.207737766585229,-2.36276125859118,0.105141294568963,-1.12880998201111,2.46790255316015,-3.05285281967939,-1.68852278450133,-0.355535858994765,1.19452930043003,-1.59450919095069,-0.50456600822392,1.53825530641379,3.64150324636433,TRUE
"fixed_design","SH",13,-0.955473098330241,-0.234622171786904,-0.736030786070542,-1.78570905898666,-0.202168545630706,-2.35185456450677,0.110484172369603,-1.12068519606858,2.46233873687637,-3.03683592727674,-1.68328102283434,-0.346317932924698,1.1939354436653,-1.58402515799149,-0.500473817834468,1.540086342057,3.62964102068803,TRUE
"fixed_design","SH",14,-0.951762523191095,-0.51725308059235,-0.730753714877754,-1.78099016895148,-0.196607585696901,-2.34098542330112,0.115817977897121,-1.112583722702,2.45680340119825,-3.02022589071614,-1.67790834433182,-0.338029578625564,1.19247330388978,-1.57225558336693,-0.495508487309026,1.54243930125645,3.61752424048309,TRUE
"fixed_design","SH",15,-0.948051948051948,-0.377850392269855,-0.725484904705684,-1.77627953993701,-0.191054886783814,-2.33015383497425,0.121142711151517,-1.10450556191137,2.45129654612577,-3.00362078086111,-1.67277808273512,-0.329131924869344,1.19069603695963,-1.5609145811775,-0.491595565363028,1.54415690724526,3.60312846618481,TRUE
"fixed_design","SH",16,-0.944341372912802,-0.30930476652987,-0.720224355554332,-1.77157717194327,-0.185510448891446,-2.31935979952616,0.126458372132792,-1.09645071369668,2.44581817165895,-2.98710977749152,-1.66739972810478,-0.319893783064519,1.18967309765332,-1.55001207368238,-0.486576282986408,1.54601710760493,3.58909069680421,TRUE
"fixed_design","SH",17,-0.940630797773655,-0.476367957239766,-0.714972067423697,-1.76688306497024,-0.179974272019794,-2.30860331695683,0.131764960840944,-1.08841917805795,2.44036827779778,-2.97097317605772,-1.66151116581031,-0.311380032093395,1.18930409789389,-1.53875434857526,-0.482334897660942,1.54683149181617,3.57669777850143,TRUE
"fixed_design","SH",18,-0.936920222634508,-0.432651269961505,-0.709728040313781,-1.76219721901793,-0.174446356168862,-2.29788438726628,0.137062477275975,-1.08041095499516,2.43494686454226,-2.95533597619813,-1.65570685566276,-0.302604243162451,1.18799159029998,-1.52806515621469,-0.47715456806843,1.54879947399491,3.56274076283417,TRUE
"fixed_design","SH",19,-0.933209647495362,-0.299940102624181,-0.704492274224583,-1.75751963408633,-0.168926701338647,-2.28720301045451,0.142350921437884,-1.07242604450831,2.42955393189239,-2.9397324319731,-1.65053077252483,-0.29383095938431,1.18747456660393,-1.51633305428229,-0.472324595888499,1.5493082503969,3.54845204212156,TRUE
"fixed_design","SH",20,-0.929499072356215,-0.435688745745682,-0.699264769156102,-1.75285031017546,-0.163415307529149,-2.27655918652151,0.14763029332667,-1.06446444659742,2.42418947984818,-2.92541229242408,-1.64514915499435,-0.28530724798915,1.18738351988558,-1.50476278662259,-0.468843279841523,1.55024774788064,3.5363020154637,TRUE
"fixed_design","SH",21,-0.925788497217069,-0.278039693886509,-0.69404552510834,-1.7481892472853,-0.15791217474037,-2.26595291546728,0.152900592942335,-1.05652616126247,2.41885350840961,-2.9094735660545,-1.6405932697007,-0.276911272815607,1.18826495771266,-1.4936938105749,-0.464636177696117,1.55150300558043,3.52389995138269,TRUE
"fixed_design","SH",22,-0.922077922077922,-1.11273448356415,-0.688834542081295,-1.74353644541586,-0.152417302972309,-2.25538419729182,0.158161820284878,-1.04861118850347,2.4135460175767,-2.89412049651567,-1.63518979706318,-0.268844142148578,1.18807138181155,-1.48266083442819,-0.460731481583559,1.55259448981218,3.51070863134012,TRUE
"fixed_design","SH",23,-0.918367346938776,-0.442688568869858,-0.683631820074969,-1.73889190456714,-0.146930692224966,-2.24485303199514,0.1634139753543,-1.04071952832042,2.40826700734944,-2.87850193318572,-1.62946229377937,-0.260914668121239,1.18633964459265,-1.4716554130822,-0.45565123395262,1.55442652324567,3.50039277892826,TRUE
"fixed_design","SH",24,-0.914656771799629,-2.57483925024798,-0.67843735908936,-1.73425562473914,-0.141452342498341,-2.23435941957723,0.168657058150599,-1.03285118071331,2.40301647772783,-2.86321399700665,-1.62396978662537,-0.252622385565097,1.1859692950216,-1.46105996524053,-0.452060716167413,1.55611322647531,3.48943894673564,TRUE
"fixed_design","SH",25,-0.910946196660482,-0.568150964399029,-0.673251159124469,-1.72962760593185,-0.135982253792433,-2.22390336003809,0.173891068673776,-1.02500614568216,2.39779442871187,-2.84852329290806,-1.61840686946125,-0.244630947820643,1.18563667883194,-1.45037032217761,-0.448283590097045,1.55701902117826,3.47927776278687,TRUE
"fixed_design","SH",26,-0.907235621521336,-0.144915986795578,-0.668073220180297,-1.72500784814529,-0.130520426107244,-2.21348485337773,0.179116006923832,-1.01718442322695,2.39260086030156,-2.83368449473083,-1.61248635427732,-0.236250463363081,1.18455175554604,-1.43992130123274,-0.444131688528557,1.55823351591809,3.46826450664979,TRUE
"fixed_design","SH",27,-0.903525046382189,-0.549939558758221,-0.662903542256842,-1.72039635137944,-0.125066859442773,-2.20310389959614,0.184331872900765,-1.00938601334769,2.38743577249691,-2.81922728849688,-1.60685369476973,-0.227664679180531,1.18265118137998,-1.42899911997294,-0.439126999625614,1.55859290562582,3.45713624523836,TRUE
"fixed_design","SH",28,-0.899814471243043,-0.452112323123248,-0.657742125354105,-1.71579311563431,-0.119621553799019,-2.19276049869333,0.189538666604577,-1.00161091604437,2.3822991652979,-2.80409393642898,-1.60153357878324,-0.21962855573605,1.18166580175068,-1.41794657535415,-0.434508365424968,1.56129133173936,3.44732631638406,TRUE
"fixed_design","SH",29,-0.896103896103896,-0.384677468770786,-0.652588969472086,-1.71119814090989,-0.114184509175984,-2.18245465066928,0.194736388035267,-0.993859131317009,2.37719103870455,-2.78916370460196,-1.59591677336651,-0.211857835472644,1.18156164820037,-1.40766936186273,-0.429858805221216,1.56267378794025,3.43608574681638,TRUE
"fixed_design","SH",30,-0.89239332096475,-1.33284389003792,-0.647444074610785,-1.7066114272062,-0.108755725573666,-2.17218635552402,0.199925037192835,-0.98613065916559,2.37211139271685,-2.77394808613998,-1.59064969350406,-0.204020993531597,1.18215164321278,-1.39716693131211,-0.425574289740202,1.56241952392344,3.42341214497153,TRUE
"fixed_design","SH",31,-0.888682745825603,-0.179005740592015,-0.642307440770203,-1.70203297452322,-0.103335202992067,-2.16195561325752,0.205104614077281,-0.97842549959012,2.3670602273348,-2.75917997515969,-1.58533881914292,-0.196308810396428,1.18181018836925,-1.38638681277404,-0.420891848462575,1.56384659162556,3.41024450471389,TRUE
"fixed_design","SH",32,-0.884972170686456,-0.922675301309786,-0.637179067950338,-1.69746278286096,-0.097922941431185,-2.1517624238698,0.210275118688605,-0.970743652590597,2.3620375425584,-2.74465706358185,-1.57962485043749,-0.188299304604379,1.17993025955473,-1.37647304450197,-0.416162362315457,1.564850724495,3.39919684524381,TRUE
"fixed_design","SH",33,-0.88126159554731,-1.45300798949097,-0.632058956151191,-1.69290085221942,-0.0925189408910214,-2.14160678736085,0.215436551026807,-0.963085118167022,2.35704333838766,-2.72943353006463,-1.57501342291266,-0.181055880276789,1.17888380768436,-1.36624044407591,-0.412823515825069,1.56647743671524,3.38773123244594,TRUE
"fixed_design","SH",34,-0.877551020408163,-0.163645881731786,-0.626947105372761,-1.6883471825986,-0.0871232013715755,-2.13148870373068,0.220588911091888,-0.955449896319394,2.35207761482256,-2.71444604777834,-1.56930568627585,-0.173457659910749,1.17787082688922,-1.35543868899294,-0.409293991801683,1.566966746317,3.37518380464601,TRUE
"fixed_design","SH",35,-0.873840445269017,-0.304448395814672,-0.62184351561505,-1.68380177399849,-0.0817357228728476,-2.12140817297927,0.225732198883846,-0.947837987047714,2.34714037186312,-2.69868325628788,-1.56384316460402,-0.166533729467,1.17711817489078,-1.34514640169025,-0.403894466469122,1.56756052006262,3.36447190535342,TRUE
"fixed_design","SH",36,-0.87012987012987,-0.191878700871621,-0.616748186878057,-1.6792646264191,-0.076356505394838,-2.11136519510665,0.230866414402683,-0.940249390351982,2.34223160950933,-2.6845062969675,-1.5588812915029,-0.159702532655022,1.17683065706139,-1.33454254047113,-0.399675911708697,1.56905761824339,3.35485451710238,TRUE
"fixed_design","SH",37,-0.866419294990724,-2.74406168728065,-0.611661119161782,-1.67473573986044,-0.0709855489375461,-2.10135977011279,0.235991557648398,-0.932684106232197,2.33735132776119,-2.67090820254754,-1.55392361059381,-0.152737605389757,1.17628173131278,-1.32471817911473,-0.395434070039198,1.56911492523952,3.34608919108434,TRUE
"fixed_design","SH",38,-0.862708719851577,-0.126202001254088,-0.606582312466225,-1.67021511432248,-0.0656228535009722,-2.09139189799771,0.241107628620991,-0.92514213468836,2.3324995266187,-2.65806009961614,-1.54911975769159,-0.14564569115754,1.17564586115225,-1.31454340484726,-0.390345528504551,1.56889641242558,3.33519806071684,TRUE
"fixed_design","SH",39,-0.85899814471243,-1.08838141030905,-0.601511766791385,-1.66570274980525,-0.060268419085116,-2.0814615787614,0.246214627320462,-0.917623475720471,2.32767620608187,-2.6437654943282,-1.5431465797497,-0.138572034872497,1.17558293630929,-1.30392191510846,-0.385210984593315,1.56983106842675,3.32435221191233,TRUE
"fixed_design","SH",40,-0.855287569573284,-0.451475609513188,-0.596449482137264,-1.66119864630873,-0.0549222456899781,-2.07156881240387,0.251312553746811,-0.91012812932853,2.32288136615068,-2.630197033032,-1.53827496691639,-0.131516404050459,1.17706286547866,-1.2937339321725,-0.380265074464675,1.57057595155305,3.31223494517148,TRUE
"fixed_design","SH",41,-0.851576994434137,-0.133374329632262,-0.59139545850386,-1.65670280383294,-0.049584333315558,-2.06171359892511,0.256401407900038,-0.902656095512536,2.31811500682515,-2.61617232694253,-1.53258447638773,-0.124727810429704,1.17654028253164,-1.28404726264351,-0.375267387960919,1.57207456287636,3.30101161525289,TRUE
"fixed_design","SH",42,-0.847866419294991,-0.0648533771356543,-0.586349695891175,-1.65221522237786,-0.0442546819618559,-2.05189593832512,0.261481189780143,-0.895207374272489,2.31337712810527,-2.60270297262002,-1.52760151496584,-0.117943719701504,1.17681645429068,-1.2739088991617,-0.371320503742015,1.57265116330682,3.28894767214291,TRUE
"fixed_design","SH",43,-0.844155844155844,-0.715075069410529,-0.581312194299207,-1.64773590194349,-0.0389332916288715,-2.04211583060391,0.266551899387127,-0.887781965608391,2.30866772999103,-2.58876563900663,-1.52250534997239,-0.11112441255123,1.175780226255,-1.26362694461676,-0.367770543479056,1.57358668719939,3.2794024614647,TRUE
"fixed_design","SH",44,-0.840445269016698,-0.0309020474016888,-0.576282953727958,-1.64326484252985,-0.0336201623166054,-2.03237327576147,0.271613536720988,-0.88037986952024,2.30398681248246,-2.57406014520184,-1.51724943960008,-0.104113105222291,1.17611412079743,-1.25372857534211,-0.363121731357273,1.5740037885231,3.26794594351924,TRUE
"fixed_design","SH",45,-0.836734693877551,-0.370775531015997,-0.571261974177426,-1.63880204413693,-0.0283152940250572,-2.0226682737978,0.276666101781728,-0.873001086008037,2.29933437557953,-2.55992306374957,-1.51101587794741,-0.097694385643299,1.1768193036991,-1.24347544205925,-0.358296347763172,1.57504145494098,3.25790098203454,TRUE
"fixed_design","SH",46,-0.833024118738404,-0.0716200549977994,-0.566249255647612,-1.63434750676472,-0.0230186867542269,-2.01300082471291,0.281709594569345,-0.865645615071781,2.29471041928225,-2.54676306385089,-1.50630010856202,-0.0905992594691026,1.17894340701501,-1.23344389394881,-0.353545087973014,1.57679050815276,3.2477082136551,TRUE
"fixed_design","SH",47,-0.829313543599258,-0.143183419908424,-0.561244798138517,-1.62990123041323,-0.0177303405041145,-2.00337092850679,0.286744015083841,-0.858313456711473,2.29011494359063,-2.53268119066631,-1.50105557574027,-0.0841679882425076,1.17826374483752,-1.22360465634488,-0.349161525374148,1.5773861346383,3.23717307327713,TRUE
"fixed_design","SH",48,-0.825602968460111,-0.475433528776739,-0.556248601650139,-1.62546321508246,-0.01245025527472,-1.99377858517944,0.291769363325215,-0.851004610927113,2.28554794850466,-2.51820218197522,-1.49612466418843,-0.0777920643292536,1.17877114605117,-1.21423365668778,-0.3453088775549,1.57863714664509,3.22681323140233,TRUE
"fixed_design","SH",49,-0.821892393320965,-0.992837796121122,-0.551260666182479,-1.6210334607724,-0.00717843106604354,-1.98422379473087,0.296785639293467,-0.8437190777187,2.28100943402434,-2.50441684308112,-1.49135294213485,-0.0714559928981572,1.17817379731671,-1.2041805653246,-0.340837504011812,1.57875353371456,3.21810151945347,TRUE
"fixed_design","SH",50,-0.818181818181818,-1.81014617977783,-0.546280991735537,-1.61661196748306,-0.00191486787808492,-1.97470655716107,0.301792842988598,-0.836456857086235,2.27649940014967,-2.49089786016685,-1.48590159054611,-0.0654300502657686,1.17773507248728,-1.19481045502747,-0.337736168489409,1.57912008276339,3.2072605887616,TRUE
"fixed_design","SH",51,-0.814471243042672,-0.029340768695642,-0.541309578309313,-1.61219873521445,0.00334043428915554,-1.96522687247004,0.306790974410606,-0.829217949029718,2.27201784688065,-2.47678602432672,-1.48040308833212,-0.0590197046057822,1.17819082000636,-1.18542435872084,-0.333133229614888,1.57922124010752,3.19638605623847,TRUE
"fixed_design","SH",52,-0.810760667903525,-1.7955120837409,-0.536346425903807,-1.60779376396655,0.00858747543567817,-1.95578474065779,0.311780033559492,-0.822002353549149,2.26756477421728,-2.46359075772465,-1.47568208004275,-0.0521970705462939,1.17919849903072,-1.17649931047206,-0.329408630005675,1.57972660591966,3.18480616226479,TRUE
"fixed_design","SH",53,-0.807050092764378,-0.16975752873198,-0.531391534519019,-1.60339705373936,0.0138262555614829,-1.94638016172431,0.316760020435257,-0.814810070644526,2.26314018215957,-2.45083218055094,-1.47033483587484,-0.0461517361162962,1.18059093412813,-1.16644532755172,-0.325297551719412,1.58015950689835,3.17579590181389,TRUE
"fixed_design","SH",54,-0.803339517625232,-0.335423682739811,-0.526444904154949,-1.5990086045329,0.0190567746665695,-1.9370131356696,0.321730935037899,-0.807641100315852,2.2587440707075,-2.43754957716966,-1.4642123300936,-0.040040189590364,1.17921325019758,-1.15706436236375,-0.32131415577815,1.58017529893084,3.16611261404816,TRUE
"fixed_design","SH",55,-0.799628942486085,-0.868534182042794,-0.521506534811597,-1.59462841634715,0.0242790327509382,-1.92768366249367,0.32669277736742,-0.800495442563126,2.25437643986109,-2.4234170718662,-1.45884207150156,-0.0335698325852662,1.17953540503256,-1.14784276951601,-0.316673609311854,1.5797101797024,3.15429796086169,TRUE
"fixed_design","SH",56,-0.795918367346939,-0.602649779147075,-0.516576426488963,-1.59025648918212,0.029493029814589,-1.91839174219651,0.331645547423819,-0.793373097386347,2.25003728962033,-2.4108872085448,-1.45362469579897,-0.0272588788063234,1.17896180403057,-1.13848922700364,-0.312567321680305,1.58071052297669,3.14487624558966,TRUE
"fixed_design","SH",57,-0.792207792207792,-1.86611160806821,-0.511654579187047,-1.58589282303781,0.0346987658575221,-1.90913737477813,0.336589245207096,-0.786274064785515,2.24572661998522,-2.39794163470242,-1.44833342986379,-0.0210621964043927,1.17806300135142,-1.12952769280073,-0.30839029348231,1.58113665262055,3.13558085387397,TRUE
"fixed_design","SH",58,-0.788497217068646,-0.485827141365623,-0.506740992905848,-1.58153741791422,0.039896240879737,-1.89992056023851,0.341523870717251,-0.779198344760632,2.24144443095577,-2.3844609608159,-1.44306438828941,-0.0152523860247414,1.17743517179619,-1.12005814243912,-0.303744866926538,1.58231794840507,3.12542107461562,TRUE
"fixed_design","SH",59,-0.784786641929499,-0.160008970222739,-0.501835667645368,-1.57719027381135,0.0450854548812338,-1.89074129857768,0.346449423954284,-0.772145937311696,2.23719072253196,-2.37190908796248,-1.43845392886903,-0.00941116946642328,1.17908799258762,-1.11124767856379,-0.298880112752452,1.58216362917153,3.1162174605657,TRUE
"fixed_design","SH",60,-0.781076066790352,-0.129916565596844,-0.496938603405606,-1.57285139072919,0.0502664078620129,-1.88159958979561,0.351365904918195,-0.765116842438707,2.23296549471381,-2.35915274987269,-1.43340785072668,-0.00319243478712236,1.17909926305869,-1.10183011850117,-0.294259960271509,1.58242011660055,3.10698904031249,TRUE
"fixed_design","SH",61,-0.777365491651206,-1.30114346924366,-0.492049800186561,-1.56852076866775,0.0554390998220738,-1.87249543389232,0.356273313608985,-0.758111060141667,2.2287687475013,-2.34670441489367,-1.42817276640864,0.00271889860344948,1.17901899827753,-1.09242231612322,-0.289594316720806,1.58297949522077,3.09736453971979,TRUE
"fixed_design","SH",62,-0.773654916512059,-0.292863762242098,-0.487169257988235,-1.56419840762703,0.0606035307614169,-1.8634288308678,0.361171650026652,-0.751128590420574,2.22460048089445,-2.33318258862534,-1.42267755701508,0.00857644539292641,1.17987906389675,-1.08289810074074,-0.285610967119648,1.58276754669165,3.08791593944073,TRUE
"fixed_design","SH",63,-0.769944341372913,-1.31997244322127,-0.482296976810626,-1.55988430760703,0.0657597006800422,-1.85439978072206,0.366060914171198,-0.744169433275429,2.22046069489325,-2.3204926088245,-1.41713100333293,0.0144873751806218,1.18075335843751,-1.07396689188379,-0.282419530839023,1.58362114740051,3.07968114840129,TRUE
"fixed_design","SH",64,-0.766233766233766,-0.104726731262594,-0.477432956653736,-1.55557846860774,0.0709076095779493,-1.84540828345508,0.370941106042622,-0.737233588706231,2.21634938949771,-2.30750332241624,-1.41183881277079,0.0201521697595705,1.18035398874082,-1.06529555955915,-0.278752523583269,1.58471468315726,3.07321554378218,TRUE
"fixed_design","SH",65,-0.76252319109462,-0.543601709015394,-0.472577197517563,-1.55128089062918,0.0760472574551386,-1.83645433906689,0.375812225640924,-0.730321056712981,2.21226656470781,-2.29387728250587,-1.40686697834346,0.0258128248849112,1.17962526687241,-1.05626120819471,-0.274690679065033,1.58428812169549,3.06536765527971,TRUE
"fixed_design","SH",66,-0.758812615955473,-0.087860786355868,-0.467729699402109,-1.54699157367133,0.0811786443116098,-1.82753794755746,0.380674272966103,-0.723431837295679,2.20821222052356,-2.28093687587418,-1.40159558297563,0.031499479421963,1.17971480134145,-1.04756398446927,-0.271108960072892,1.58569085137439,3.05632950725662,TRUE
"fixed_design","SH",67,-0.755102040816326,0.037195414911438,-0.462890462307372,-1.5427105177342,0.0863017701473633,-1.81865910892681,0.385527248018162,-0.716565930454324,2.20418635694497,-2.2691114054628,-1.39616762893582,0.0371843204078544,1.18129497786389,-1.03904401930059,-0.266878781243904,1.58609562296217,3.04722600530934,TRUE
"fixed_design","SH",68,-0.75139146567718,-0.161941371119745,-0.458059486233353,-1.53843772281778,0.0914166349623987,-1.80981782317493,0.390371150797098,-0.709723336188917,2.20018897397203,-2.25638867794115,-1.39009254520884,0.0426901481848882,1.18256889120407,-1.02960289339228,-0.262367486380642,1.58631544200548,3.03745552151192,TRUE
"fixed_design","SH",69,-0.747680890538033,-0.229033597798957,-0.453236771180052,-1.53417318892209,0.096523238756716,-1.80101409030183,0.395205981302912,-0.702904054499458,2.19622007160474,-2.24419837924554,-1.38477714605704,0.0483031184086734,1.18399421129568,-1.0211877958016,-0.258019932909497,1.58763362888386,3.02937080427254,TRUE
"fixed_design","SH",70,-0.743970315398887,-0.852850082307573,-0.44842231714747,-1.52991691604711,0.101621581530316,-1.7922479103075,0.400031739535604,-0.696108085385946,2.1922796498431,-2.23171141950485,-1.37959291134879,0.0541626001619648,1.18487265758266,-1.01233927447499,-0.25448511509352,1.58739176281217,3.01991045644882,TRUE
"fixed_design","SH",71,-0.74025974025974,-1.033379501958,-0.443616124135605,-1.52566890419285,0.106711663283197,-1.78351928319194,0.404848425495175,-0.689335428848382,2.18836770868711,-2.21951382673123,-1.37397420504225,0.0597647967750934,1.18533483212772,-1.00390954154544,-0.250279070673035,1.58676846377545,3.01155797199278,TRUE
"fixed_design","SH",72,-0.736549165120594,-1.40660644635305,-0.438818192144458,-1.52142915335931,0.11179348401536,-1.77482820895516,0.409656039181623,-0.682586084886766,2.18448424813678,-2.20733543553877,-1.36866618056688,0.0652564875353997,1.18541942861293,-0.995693043662254,-0.246503589960085,1.58717428447275,3.00229439342534,TRUE
"fixed_design","SH",73,-0.732838589981447,-0.296281930816652,-0.434028521174029,-1.51719766354649,0.116867043726806,-1.76617468759714,0.41445458059495,-0.675860053501097,2.18062926819209,-2.19476501956109,-1.36360504885448,0.0708243434514872,1.18507624181047,-0.986671521891534,-0.241951382334425,1.58660278158106,2.99313591133346,TRUE
"fixed_design","SH",74,-0.7291280148423,-0.936276201562151,-0.429247111224318,-1.51297443475438,0.121932342417534,-1.75755871911791,0.419244049735155,-0.669157334691376,2.17680276885306,-2.18229160051311,-1.35830427684373,0.0762827637502096,1.18708268889679,-0.978539660068932,-0.237368947851594,1.5858879475618,2.98567863988682,TRUE
"fixed_design","SH",75,-0.725417439703154,-0.145431387058489,-0.424473962295325,-1.50875946698299,0.126989380087544,-1.74898030351744,0.424024446602238,-0.662477928457603,2.17300475011968,-2.17151156902838,-1.35310309845902,0.0816407291307368,1.18827287161831,-0.970391662479588,-0.233356716731992,1.58474161359941,2.97755807611462,TRUE
"fixed_design","SH",76,-0.721706864564007,-0.402458646811903,-0.41970907438705,-1.50455276023233,0.132038156736835,-1.74043944079575,0.428795771196199,-0.655821834799777,2.16923521199195,-2.15982923031547,-1.34809302734951,0.0870681283610096,1.18876286711312,-0.96188962550383,-0.229569108235636,1.58486250275375,2.97026777805915,TRUE
"fixed_design","SH",77,-0.717996289424861,-0.534674971908519,-0.414952447499492,-1.50035431450237,0.137078672365409,-1.73193613095284,0.433558023517038,-0.649189053717899,2.16549415446987,-2.14808799398544,-1.34293680920175,0.0927894643781702,1.1899631954679,-0.953082164853937,-0.225594557857396,1.58456846738386,2.96144130486639,TRUE
"fixed_design","SH",78,-0.714285714285714,-0.216814253267368,-0.410204081632653,-1.49616412979314,0.142110926973265,-1.72347037398869,0.438311203564756,-0.642579585211969,2.16178157755345,-2.13623166874761,-1.33748870386018,0.0984127963887317,1.19104628157904,-0.944705519518848,-0.220978182544058,1.58397902402993,2.95424027834097,TRUE
"fixed_design","SH",79,-0.710575139146568,-0.743957162310353,-0.405463976786532,-1.49198220610463,0.147134920560403,-1.71504216990332,0.443055311339351,-0.635993429281986,2.15809748124267,-2.1252917258398,-1.33213692910308,0.103974929279012,1.19390915628871,-0.935973932992203,-0.21675615988865,1.58366938070557,2.94597812278194,TRUE
"fixed_design","SH",80,-0.706864564007421,-0.00165022474380427,-0.400732132961128,-1.48780854343683,0.152150653126823,-1.70665151869673,0.447790346840825,-0.629430585927951,2.15444186553755,-2.11365698412969,-1.32716506034582,0.109438132887701,1.1955210663195,-0.928002592781954,-0.212145597840297,1.58319924335691,2.9385482724285,TRUE
"fixed_design","SH",81,-0.703153988868275,-0.761581312290653,-0.396008550156443,-1.48364314178975,0.157158124672525,-1.6982984203689,0.452516310069176,-0.622891055149864,2.15081473043808,-2.10314866096811,-1.32199814977283,0.114770138460987,1.19692556996855,-0.92012230163024,-0.20861197268239,1.58282085737135,2.93109212036191,TRUE
"fixed_design","SH",82,-0.699443413729128,0.0812864044033218,-0.391293228372476,-1.47948600116339,0.162157335197509,-1.68998287491985,0.457233201024406,-0.616374836947724,2.14721607594426,-2.0925768319049,-1.31699699796503,0.12016556380908,1.19706763876193,-0.912412797136622,-0.203964076915947,1.58239281880717,2.92339042923883,TRUE
"fixed_design","SH",83,-0.695732838589981,0.0228856878632848,-0.386586167609226,-1.47533712155774,0.167148284701775,-1.68170488234958,0.461941019706514,-0.609881931321532,2.14364590205609,-2.08107123236673,-1.31201305145129,0.125397538196351,1.19731567909693,-0.904544297383424,-0.200313179268503,1.58266348620523,2.91450727509978,TRUE
"fixed_design","SH",84,-0.692022263450835,-0.45244135706665,-0.381887367866695,-1.47119650297282,0.172130973185323,-1.67346444265808,0.4666397661155,-0.603412338271288,2.14010420877358,-2.07078540785041,-1.30679570012598,0.13074974877476,1.1979482756838,-0.896767818137674,-0.19572716951124,1.58202183164296,2.90729099568774,TRUE
"fixed_design","SH",85,-0.688311688311688,0.0496125545169679,-0.377196829144881,-1.46706414540861,0.177105400648154,-1.66526155584535,0.471329440251364,-0.596966057796991,2.13659099609671,-2.05959004882262,-1.30176448183711,0.135916606240659,1.19950909764969,-0.888262927971862,-0.189402848292224,1.58190308987385,2.90087533037702,TRUE
"fixed_design","SH",86,-0.684601113172542,-0.00849935328419948,-0.372514551443786,-1.46294004886512,0.182071567090266,-1.65709622191139,0.476010042114106,-0.590543089898642,2.1331062640255,-2.04921851764683,-1.2965772603662,0.141189974127789,1.2000042853119,-0.880268830731545,-0.185363577702289,1.58109821478691,2.89298043113035,TRUE
"fixed_design","SH",87,-0.680890538033395,0.00842528136428794,-0.367840534763408,-1.45882421334235,0.18702947251166,-1.64896844085621,0.480681571703726,-0.584143434576241,2.12965001255993,-2.03815909904078,-1.29198845300231,0.146545510500551,1.19971901732767,-0.872675193914118,-0.180578254702304,1.57988147121999,2.88627074826333,TRUE
"fixed_design","SH",88,-0.677179962894249,-0.0626769062965701,-0.363174779103748,-1.45471663884029,0.191979116912337,-1.6408782126798,0.485344029020225,-0.577767091829787,2.12622224170002,-2.02743400811073,-1.28716631258168,0.151576047188662,1.20052356882697,-0.864869328481736,-0.176487874496749,1.57935258002249,2.87783986044085,TRUE
"fixed_design","SH",89,-0.673469387755102,-0.865188033756317,-0.358517284464806,-1.45061732535896,0.196920500292295,-1.63282553738216,0.489997414063601,-0.571414061659281,2.12282295144576,-2.01681415336676,-1.28249889457793,0.156755777709589,1.20191133846026,-0.856802021569498,-0.171528874274686,1.57847213227321,2.86896773123555,TRUE
"fixed_design","SH",90,-0.669758812615955,0.0801894557410325,-0.353868050846583,-1.44652627289834,0.201853622651535,-1.6248104149633,0.494641726833856,-0.565084344064723,2.11945214179716,-2.00589106414063,-1.27735482147263,0.161754050367546,1.20410500479626,-0.848594449672423,-0.167335827509016,1.577667466746,2.86028075495933,TRUE
"fixed_design","SH",91,-0.666048237476809,-0.161155707271541,-0.349227078249077,-1.44244348145844,0.206778483990058,-1.61683284542321,0.499276967330988,-0.558777939046112,2.1161098127542,-1.99531205179035,-1.27220542253918,0.166897139951448,1.20684804682667,-0.841092556398645,-0.162567063896068,1.57688143528651,2.85385218188161,TRUE
"fixed_design","SH",92,-0.662337662337662,-2.8235069198183,-0.344594366672289,-1.43836895103926,0.211695084307863,-1.6088928287619,0.503903135554999,-0.552494846603449,2.1127959643169,-1.98508487748973,-1.26674194217888,0.171985546014676,1.20838841304161,-0.833113518506888,-0.158579548275916,1.57639476595689,2.84731608589415,TRUE
"fixed_design","SH",93,-0.658627087198516,-3.69111169945228,-0.339969916116219,-1.43430268164079,0.216603423604949,-1.60099036497936,0.508520231505888,-0.546235066736734,2.10951059648524,-1.97493176070304,-1.26135149933862,0.177193985550095,1.21129011719946,-0.825320287820532,-0.153699585634451,1.57581783510107,2.84016524639163,TRUE
"fixed_design","SH",94,-0.654916512059369,0.156513109860471,-0.335353726580867,-1.43024467326305,0.221503501881318,-1.59312545407559,0.513128255183655,-0.539998599445966,2.10625370925924,-1.96475782405985,-1.25662038076636,0.182229806779242,1.21338149654927,-0.817890447933082,-0.148269786182981,1.5753202322933,2.83333878804889,TRUE
"fixed_design","SH",95,-0.651205936920223,-0.432920921053144,-0.330745798066233,-1.42619492590602,0.226395319136969,-1.58529809605059,0.517727206588301,-0.533785444731146,2.10302530263889,-1.95456710089594,-1.25105544251884,0.187471339526501,1.21706767869966,-0.810317718648221,-0.14444205648554,1.57479223919044,2.82560955194633,TRUE
"fixed_design","SH",96,-0.647495361781076,0.173672780526284,-0.326146130572317,-1.42215343956971,0.231278875371901,-1.57750829090437,0.522317085719824,-0.527595602592274,2.0998253766242,-1.94468029132475,-1.24509512524223,0.192299398946501,1.2203654453452,-0.803293117837148,-0.139757206446741,1.57364539026076,2.81814598705733,TRUE
"fixed_design","SH",97,-0.64378478664193,-0.258421819035128,-0.321554724099118,-1.41812021425411,0.236154170586116,-1.56975603863692,0.526897892578225,-0.521429073029349,2.09665393121515,-1.93386216921855,-1.24005363021755,0.19726090283631,1.2233561739707,-0.796043921787671,-0.134918667226662,1.57326563548941,2.8119485421425,TRUE
"fixed_design","SH",98,-0.640074211502783,-0.831942990838672,-0.316971578646638,-1.41409524995924,0.241021204779613,-1.56204133924825,0.531469627163505,-0.515285856042372,2.09351096641175,-1.92346322018973,-1.23481300673804,0.202137670840105,1.22561281620467,-0.78859492398892,-0.130718561223803,1.57241831928944,2.80444217184971,TRUE
"fixed_design","SH",99,-0.636363636363636,0.217920184334684,-0.312396694214876,-1.41007854668508,0.245879977952392,-1.55436419273835,0.536032289475662,-0.509165951631343,2.09039648221401,-1.91314785274089,-1.22853150256669,0.207241523970468,1.22744525793118,-0.781400656678279,-0.125662787926319,1.57007877782357,2.79829139645325,TRUE
"fixed_design","SH",100,-0.63265306122449,0.230543246984653,-0.307830070803832,-1.40607010443164,0.250730490104453,-1.54672459910722,0.540585879514698,-0.503069359796261,2.08731047862192,-1.90244684670197,-1.22333762150396,0.212203517608147,1.22918824538069,-0.774193534158437,-0.121832057850531,1.56939569315821,2.79417838125619,TRUE
"fixed_design","SH",101,-0.628942486085343,0.210661141510678,-0.303271708413505,-1.40206992319892,0.255572741235796,-1.53912255835487,0.545130397280612,-0.496996080537127,2.08425295563548,-1.89349199757423,-1.2177308985598,0.217298531342656,1.2306270861916,-0.766932827374914,-0.117471353254043,1.56826480076154,2.78766138345209,TRUE
"fixed_design","SH",102,-0.625231910946197,-0.255215656208814,-0.298721607043897,-1.39807800298692,0.260406731346421,-1.53155807048129,0.549665842773404,-0.490946113853941,2.08122391325469,-1.88326522253383,-1.21250774832574,0.222176574738667,1.23227551363506,-0.760166087820025,-0.113010932474419,1.56700039466191,2.77949533840887,TRUE
"fixed_design","SH",103,-0.62152133580705,-0.233382124686618,-0.294179766695007,-1.39409434379564,0.265232460436328,-1.52403113548648,0.554192215993074,-0.484919459746702,2.07822335147955,-1.8746459019625,-1.20754407567673,0.226991739160982,1.23490022906762,-0.753524740920617,-0.107977319231958,1.56674751793661,2.77216396704624,TRUE
"fixed_design","SH",104,-0.617810760667904,0.257546516888367,-0.289646187366834,-1.39011894562507,0.270049928505517,-1.51654175337044,0.558709516939622,-0.478916118215411,2.07525127031007,-1.86486138195057,-1.20252037142918,0.2319039038002,1.23554055175851,-0.746811936234671,-0.103855368876571,1.56590335481459,2.76361419603984,TRUE
"fixed_design","SH",105,-0.614100185528757,-0.369191804309001,-0.285120869059379,-1.38615180847522,0.274859135553988,-1.50908992413318,0.563217745613048,-0.472936089260067,2.07230766974623,-1.85569636591835,-1.19705538402764,0.236590510484938,1.23712212194441,-0.740187983491794,-0.100068475507013,1.56554578185321,2.75750016954324,TRUE
"fixed_design","SH",106,-0.61038961038961,0.0863782211445123,-0.280603811772643,-1.38219293234609,0.279660081581741,-1.5016756477747,0.567716902013353,-0.466979372880672,2.06939254978805,-1.84668471818241,-1.19106028335325,0.24142932584546,1.23769481987251,-0.732958175583378,-0.0957125590116335,1.56414992550928,2.75136593353987,TRUE
"fixed_design","SH",107,-0.606679035250464,0.257444924107476,-0.276095015506624,-1.37824231723768,0.284452766588776,-1.49429892429498,0.572206986140535,-0.461045969077224,2.06650591043552,-1.83685624283948,-1.18573134839142,0.246492073707403,1.24018384355423,-0.726399790098273,-0.0904814629439504,1.56316229435512,2.74705776657192,TRUE
"fixed_design","SH",108,-0.602968460111317,0.0299181165796616,-0.271594480261324,-1.37429996314998,0.289237190575094,-1.48695975369404,0.576687997994596,-0.455135877849723,2.06364775168864,-1.8274871811429,-1.17978141518444,0.251506903870398,1.24265064483624,-0.719680438855663,-0.0859566413253647,1.56241375490225,2.7420755838581,TRUE
"fixed_design","SH",109,-0.599257884972171,0.21046529666892,-0.267102206036741,-1.37036587008301,0.294013353540693,-1.47965813597188,0.581159937575535,-0.449249099198171,2.06081807354741,-1.81805778627111,-1.17480161919319,0.256086061688405,1.24509974273751,-0.71313012492544,-0.0806354125241375,1.56105667291503,2.73635072412932,TRUE
"fixed_design","SH",110,-0.595547309833024,0.277551497466695,-0.262618192832876,-1.36644003803675,0.298781255485575,-1.47239407112848,0.585622804883351,-0.443385633122566,2.05801687601183,-1.80972592503318,-1.16952403337644,0.260819404794558,1.24605035512046,-0.705861569954796,-0.0761639481828661,1.5597828170258,2.730945397911,TRUE
"fixed_design","SH",111,-0.591836734693878,-0.549708175943117,-0.258142440649729,-1.36252246701121,0.303540896409738,-1.46516755916386,0.590076599918046,-0.437545479622908,2.05524415908191,-1.80018821164928,-1.16397786087925,0.265565211013836,1.24806953758067,-0.699014245006594,-0.071428165264105,1.55945962585306,2.72422438090881,TRUE
"fixed_design","SH",112,-0.588126159554731,-0.0520071514752654,-0.2536749494873,-1.35861315700638,0.308292276313184,-1.45797860007802,0.59452132267962,-0.431728638699198,2.05249992275764,-1.79186820955185,-1.15890083602139,0.270225961684484,1.24934866426964,-0.692119751229808,-0.0661155026378576,1.55900010057336,2.7196007658835,TRUE
"fixed_design","SH",113,-0.584415584415584,0.181338640823955,-0.249215719345589,-1.35471210802228,0.313035395195911,-1.45082719387094,0.598956973168071,-0.425935110351436,2.04978416703901,-1.7831098733845,-1.15359967063381,0.274940590586069,1.25156501517601,-0.684923865491321,-0.0617223828697704,1.55843845004971,2.7133350580635,TRUE
"fixed_design","SH",114,-0.580705009276438,0.29373662838848,-0.244764750224597,-1.35081932005889,0.317770253057921,-1.44371334054264,0.6033835513834,-0.420164894579622,2.04709689192604,-1.77419756330313,-1.14895048750852,0.279715012376905,1.25423938741752,-0.678077418591126,-0.0578901978308996,1.5565595755641,2.70569417722312,TRUE
"fixed_design","SH",115,-0.576994434137291,-2.500119283652,-0.240322042124321,-1.34693479311622,0.322496849899213,-1.43663704009312,0.607801057325607,-0.414417991383755,2.04443809741873,-1.76594823964576,-1.14327573909481,0.284156222720152,1.25676399791797,-0.671621091626632,-0.0533219892566651,1.55522457810833,2.70105293164664,TRUE
"fixed_design","SH",116,-0.573283858998145,0.0406626567816774,-0.235887595044764,-1.34305852719427,0.327215185719786,-1.42959829252237,0.612209490994693,-0.408694400763836,2.04180778351706,-1.75732326978102,-1.13779177450574,0.288803717058224,1.25830514394767,-0.665044242865725,-0.0490166098694257,1.55418677542424,2.69653511728799,TRUE
"fixed_design","SH",117,-0.569573283858998,-0.332065938565126,-0.231461408985925,-1.33919052229304,0.331925260519642,-1.42259709783039,0.616608852390656,-0.402994122719865,2.03920595022104,-1.74898830788113,-1.13237985154192,0.293311821538113,1.26155974922086,-0.658273088625488,-0.0435067685978476,1.55296739109613,2.69185897776411,TRUE
"fixed_design","SH",118,-0.565862708719852,-1.05878759535026,-0.227043483947804,-1.33533077841252,0.33662707429878,-1.41563345601718,0.620999141513498,-0.397317157251841,2.03663259753068,-1.74123188973806,-1.12654020590075,0.298186008053154,1.26471412094173,-0.65205395455847,-0.0385693539571689,1.55173687754067,2.68836149529379,TRUE
"fixed_design","SH",119,-0.562152133580705,-1.54237769621307,-0.222633819930401,-1.33147929555272,0.3413206270572,-1.40870736708275,0.625380358363218,-0.391663504359765,2.03408772544597,-1.73343604430568,-1.12060551589376,0.302851671050677,1.26708869226193,-0.645660731088949,-0.033401265037532,1.55017208732447,2.68374168329005,TRUE
"fixed_design","SH",120,-0.558441558441559,-0.815754138701212,-0.218232416933716,-1.32763607371364,0.346005918794902,-1.40181883102709,0.629752502939816,-0.386033164043637,2.03157133396691,-1.7246958415482,-1.11451099957782,0.307381466829579,1.27006546453602,-0.639333576655831,-0.0290504113121824,1.54905681125079,2.67930943780709,TRUE
"fixed_design","SH",121,-0.554730983302412,0.18730585216712,-0.213839274957748,-1.32380111289528,0.350682949511886,-1.3949678478502,0.634115575243292,-0.380426136303456,2.0290834230935,-1.71683212638765,-1.10899124182951,0.312095719545625,1.27361075774931,-0.633008459744854,-0.0245854762083059,1.54802773730286,2.67530381415923,TRUE
"fixed_design","SH",122,-0.551020408163265,-1.01799364204542,-0.209454394002499,-1.31997441309764,0.355351719208152,-1.38815441755209,0.638469575273646,-0.374842421139223,2.02662399282574,-1.70904233522528,-1.10326433603181,0.316772543656812,1.27620518924092,-0.626734267802921,-0.0192455536489326,1.54695798596189,2.67087115947898,TRUE
"fixed_design","SH",123,-0.547309833024119,-1.29835492514334,-0.205077774067968,-1.31615597432071,0.3600122278837,-1.38137854013275,0.642814503030878,-0.369282018550938,2.02419304316363,-1.70084592913338,-1.09738155826023,0.320974537689677,1.27892920200199,-0.620596363838517,-0.0141667240776963,1.54614264378058,2.66718522223066,TRUE
"fixed_design","SH",124,-0.543599257884972,0.16395885088446,-0.200709415154154,-1.3123457965645,0.36466447553853,-1.37464021559219,0.647150358514989,-0.3637449285386,2.02179057410718,-1.69337974704741,-1.09177379520758,0.325652834392667,1.28199559676176,-0.614318071152306,-0.0090865901245182,1.54441067946231,2.66373053494257,TRUE
"fixed_design","SH",125,-0.539888682745826,0.273856327778289,-0.196349317261059,-1.30854387982901,0.369308462172642,-1.3679394439304,0.651477141725977,-0.35823115110221,2.01941658565637,-1.68538899091378,-1.08636542613614,0.330328620062869,1.28539854536656,-0.607781039383293,-0.00387895931651812,1.5427771515118,2.66039271110645,TRUE
"fixed_design","SH",126,-0.536178107606679,-0.00267976645666815,-0.191997480388681,-1.30475022411424,0.373944187786036,-1.36127622514738,0.655794852663844,-0.352740686241767,2.01707107781122,-1.67798975169002,-1.0802540178787,0.334654344652898,1.28859532478778,-0.601226896928471,0.000612385679292793,1.54176927593262,2.65758062846319,TRUE
"fixed_design","SH",127,-0.532467532467533,0.332227141088702,-0.187653904537022,-1.30096482942019,0.378571652378712,-1.35465055924313,0.660103491328589,-0.347273533957273,2.01475405057172,-1.67050073472719,-1.07482716758725,0.339112544134179,1.2910616123842,-0.59530491195565,0.00548896623165675,1.54006420980099,2.6545764934134,TRUE
"fixed_design","SH",128,-0.528756957328386,-0.350962347723765,-0.18331858970608,-1.29718769574685,0.383190855950671,-1.34806244621766,0.664403057720211,-0.341829694248726,2.01246550393787,-1.66293919258783,-1.06913337634362,0.343618245108864,1.2941274472465,-0.589156446783227,0.00969479011975882,1.53834650399549,2.65179649654743,TRUE
"fixed_design","SH",129,-0.525046382189239,-0.0370750395249074,-0.178991535895856,-1.29341882309423,0.387801798501911,-1.34151188607096,0.668693551838712,-0.336409167116126,2.01020543790968,-1.65500665405193,-1.06394304262014,0.34790866207184,1.29652992785625,-0.583385552635313,0.0139852424614397,1.53761522575217,2.64928872943427,TRUE
"fixed_design","SH",130,-0.521335807050093,0.00604252679656811,-0.17467274310635,-1.28965821146233,0.392404480032434,-1.33499887880304,0.672974973684092,-0.331011952559474,2.00797385248713,-1.64794868971546,-1.05881569409431,0.352358817512575,1.30102529292107,-0.577616232285151,0.0193417985135633,1.53684794567546,2.64627703571356,TRUE
"fixed_design","SH",131,-0.517625231910946,-0.873025900730513,-0.170362211337563,-1.28590586085115,0.396998900542238,-1.32852342441389,0.677247323256349,-0.32563805057877,2.00577074767024,-1.64073794462176,-1.05327256808587,0.356932028953166,1.30428500505622,-0.571830364290579,0.0230074599130746,1.53487328173429,2.64440216069901,TRUE
"fixed_design","SH",132,-0.5139146567718,-0.512178847630819,-0.166059940589493,-1.28216177126069,0.401585060031324,-1.32208552290351,0.681510600555484,-0.320287461174014,2.003596123459,-1.63327023380848,-1.04742099053952,0.361258237261233,1.30631043060323,-0.566065000312899,0.0277477344963146,1.53357040555626,2.64076603022751,TRUE
"fixed_design","SH",133,-0.510204081632653,-0.102003242956076,-0.161765930862141,-1.27842594269094,0.406162958499693,-1.31568517427191,0.685764805581497,-0.314960184345205,2.0014499798534,-1.62605637446321,-1.04143828096258,0.36558538428889,1.31074789709758,-0.559962920344106,0.0327877223863983,1.53101656724795,2.63794056170464,TRUE
"fixed_design","SH",134,-0.506493506493507,0.101890193197231,-0.157480182155507,-1.27469837514191,0.410732595947344,-1.30932237851908,0.690009938334389,-0.309656220092344,1.99933231685347,-1.61886626276782,-1.035721543911,0.369872333408494,1.31341480233136,-0.554478561865431,0.0371319564079177,1.53029185360419,2.63670791264346,TRUE
"fixed_design","SH",135,-0.50278293135436,-0.311491733866318,-0.153202694469591,-1.2709790686136,0.415293972374276,-1.30299713564502,0.694245998814158,-0.304375568415431,1.99724313445918,-1.61170341038982,-1.03018768794353,0.374422487781203,1.31773517895626,-0.548819068645301,0.0417600547729706,1.52844323724487,2.63543366195813,TRUE
"fixed_design","SH",136,-0.499072356215213,-0.241967621591332,-0.148933467804393,-1.26726802310601,0.419847087780491,-1.29670944564974,0.698472987020806,-0.299118229314465,1.99518243267054,-1.60472340511514,-1.02426422773911,0.378774605565871,1.32141443616621,-0.543235676610904,0.0460121551453193,1.52749078121063,2.63363713578454,TRUE
"fixed_design","SH",137,-0.495361781076067,-0.627614527149149,-0.144672502159913,-1.26356523861914,0.424391942165988,-1.29045930853323,0.702690902954332,-0.293884202789447,1.99315021148756,-1.59836562714641,-1.01815586759343,0.382930810662047,1.32487804703282,-0.537892874279624,0.0512156188863036,1.52696949667819,2.63063923260098,TRUE
"fixed_design","SH",138,-0.49165120593692,-1.10108510079549,-0.140419797536151,-1.25987071515298,0.428928535530766,-1.28424672429549,0.706899746614736,-0.288673488840376,1.99114647091022,-1.5911165433766,-1.0124536429549,0.387108301038312,1.32762635496057,-0.532506518378578,0.0559015272383904,1.52471252952327,2.62849203059611,TRUE
"fixed_design","SH",139,-0.487940630797774,0.244561578948307,-0.136175353933106,-1.25618445270754,0.433456867874827,-1.27807169293653,0.711099518002018,-0.283486087467253,1.98917121093854,-1.58342526508466,-1.00698046402879,0.391438235165881,1.33021040587018,-0.526900106483514,0.0608033287439427,1.52260603837125,2.6265268401285,TRUE
"fixed_design","SH",140,-0.484230055658627,0.00391639907447039,-0.13193917135078,-1.25250645128282,0.43797693919817,-1.27193421445634,0.715290217116178,-0.278321998670078,1.98722443157251,-1.57633713787603,-1.00071517606973,0.3958694597313,1.33168201480904,-0.522240403040095,0.0654942743042985,1.52085889323372,2.62405117753701,TRUE
"fixed_design","SH",141,-0.48051948051948,-0.0288457233053281,-0.127711249789172,-1.24883671087882,0.442488749500795,-1.26583428885492,0.719471843957217,-0.273181222448851,1.98530613281213,-1.56959106895492,-0.994956167651333,0.400215150653913,1.33400011471933,-0.516642867409894,0.0704952389448519,1.52031350280785,2.62133362331692,TRUE
"fixed_design","SH",142,-0.476808905380334,-0.200437659714772,-0.123491589248282,-1.24517523149553,0.446992298782702,-1.25977191613228,0.723644398525133,-0.268063758803571,1.98341631465741,-1.56303873455088,-0.988858200668904,0.404572794655386,1.33996796133337,-0.511450976754127,0.0755320725668899,1.5180399319885,2.61793480606938,TRUE
"fixed_design","SH",143,-0.473098330241187,0.363372473375353,-0.119280189728109,-1.24152201313297,0.451487587043891,-1.25374709628841,0.727807880819927,-0.262969607734239,1.98155497710833,-1.55612527096156,-0.982702173087404,0.408881665514281,1.34278680367784,-0.506060701258386,0.0793497907056509,1.51601740765791,2.61524038636771,TRUE
"fixed_design","SH",144,-0.469387755102041,-0.159704263873109,-0.115077051228655,-1.23787705579112,0.455974614284362,-1.24775982932331,0.7319622908416,-0.257898769240855,1.97972212016491,-1.54949604973346,-0.976644762716294,0.413319808658408,1.34591913807448,-0.500732447472304,0.0843128221350722,1.51473281891757,2.61394458201594,TRUE
"fixed_design","SH",145,-0.465677179962894,0.341832763286943,-0.110882173749918,-1.23424035946999,0.460453380504115,-1.24181011523699,0.736107628590151,-0.252851243323418,1.97791774382714,-1.54349128803243,-0.97040231455545,0.417708572191282,1.35071363425847,-0.495235196477387,0.089115975495036,1.51369474596254,2.61261954508805,TRUE
"fixed_design","SH",146,-0.461966604823748,0.257853672987308,-0.1066955572919,-1.23061192416957,0.464923885703151,-1.23589795402944,0.74024389406558,-0.247827029981929,1.97614184809502,-1.53695890909425,-0.963520238705125,0.422011440020179,1.35345672907174,-0.48961295100655,0.0940142641727808,1.51250081869373,2.61107161938904,TRUE
"fixed_design","SH",147,-0.458256029684601,0.211321776387529,-0.102517201854599,-1.22699174988988,0.469386129881468,-1.23002334570066,0.744371087267886,-0.242826129216387,1.97439443296855,-1.53063317349522,-0.95758522379133,0.426276101644732,1.35580182474568,-0.484120915238165,0.098707366398547,1.51058955442087,2.60853060380384,TRUE
"fixed_design","SH",148,-0.454545454545455,-0.0866117384040506,-0.0983471074380166,-1.2233798366309,0.473840113039067,-1.22418629025066,0.748489208197071,-0.237848541026794,1.97267549844773,-1.52387086728567,-0.951763427178308,0.430257735264205,1.35808391539238,-0.47891863393715,0.103503998111598,1.50941012731215,2.60757311953275,TRUE
"fixed_design","SH",149,-0.450834879406308,0.255720379857353,-0.0941852740421518,-1.21977618439264,0.478285835175948,-1.21838678767943,0.752598256853135,-0.232894265413147,1.97098504453256,-1.51767317586108,-0.945330291792527,0.434696183080889,1.36095638570363,-0.473848237703936,0.107600467600965,1.50696032214626,2.60637450258651,TRUE
"fixed_design","SH",150,-0.447124304267161,0.00375214565757698,-0.0900317016670052,-1.2161807931751,0.482723296292111,-1.21262483798697,0.756698233236076,-0.227963302375449,1.96932307122305,-1.51144187304766,-0.939565905702715,0.439010147869686,1.36468003628223,-0.468770866751199,0.11126944171691,1.50536185933362,2.60503947479702,TRUE
"fixed_design","SH",151,-0.443413729128015,-0.384425858635113,-0.0858863903125763,-1.21259366297828,0.487152496387557,-1.20690044117329,0.760789137345895,-0.223055651913698,1.96768957851919,-1.50519078520526,-0.934662158600669,0.443268768912941,1.36931367295218,-0.463867678473552,0.115499382041075,1.50346513628743,2.60310581404965,TRUE
"fixed_design","SH",152,-0.439703153988868,0.14850079543919,-0.0817493399788655,-1.20901479380218,0.491573435462284,-1.20121359723838,0.764870969182593,-0.218171314027895,1.96608456642098,-1.49935301312101,-0.929151706529648,0.447778455798001,1.37271183301424,-0.458582655064705,0.121197312025039,1.50215060851655,2.60099486860919,TRUE
"fixed_design","SH",153,-0.435992578849722,-0.326651916659017,-0.0776205506658726,-1.20544418564679,0.495986113516294,-1.19556430618225,0.768943728746169,-0.21331028871804,1.96450803492842,-1.49363563883978,-0.923415760629548,0.452000251854355,1.37690555895898,-0.45367019150327,0.126420860333516,1.49985969049218,2.59930930379026,TRUE
"fixed_design","SH",154,-0.432282003710575,0.390624109074117,-0.0735000223735978,-1.20188183851212,0.500390530549586,-1.18995256800489,0.773007416036622,-0.208472575984132,1.96295998404151,-1.48776596522645,-0.917177292576975,0.456558067178161,1.381327585327,-0.44864955173567,0.131605244768378,1.49835798884783,2.59854401386797,TRUE
"fixed_design","SH",155,-0.428571428571429,-0.461928676838271,-0.0693877551020409,-1.19832775239817,0.504786686562159,-1.1843783827063,0.777062031053954,-0.203658175826172,1.96144041376025,-1.48163000371588,-0.911816912607466,0.460824260915642,1.38505610034335,-0.443443886240829,0.136714120524458,1.49639145217622,2.59867935717698,TRUE
"fixed_design","SH",156,-0.424860853432282,0.373875931367877,-0.0652837488512018,-1.19478192730493,0.509174581554015,-1.17884175028648,0.781107573798164,-0.198867088244159,1.95994932408465,-1.47499849360839,-0.906087136365951,0.465032602179784,1.38781940927985,-0.43834811847594,0.141889126978996,1.49463900775798,2.59729885245255,TRUE
"fixed_design","SH",157,-0.421150278293135,-0.19156594859185,-0.0611880036210808,-1.19124436323242,0.513554215525152,-1.17334267074544,0.785144044269252,-0.194099313238094,1.95848671501469,-1.469026260258,-0.899975992268398,0.46936275829939,1.39278319714864,-0.433051454144833,0.146468718890725,1.49287855070965,2.5965190711234,TRUE
"fixed_design","SH",158,-0.417439703153989,0.257924628529424,-0.0571005194116776,-1.18771506018062,0.517925588475572,-1.16788114408317,0.789171442467218,-0.189354850807977,1.95705258655039,-1.46338919313233,-0.893702714151737,0.473528509835524,1.39802343133112,-0.428137009468273,0.150551461366821,1.49094791545103,2.59613919048668,TRUE
"fixed_design","SH",159,-0.413729128014842,0.409588314794373,-0.0530212962229925,-1.18419401814954,0.522288700405274,-1.16245717029968,0.793189768392062,-0.184633700953808,1.95564693869174,-1.45741190009035,-0.887451543215531,0.477579821099927,1.40270492566001,-0.423323481872201,0.155221045953547,1.48977486752381,2.59560264478876,TRUE
"fixed_design","SH",160,-0.410018552875696,-0.462810137602898,-0.0489503340550254,-1.18068123713918,0.526643551314258,-1.15707074939496,0.797199022043785,-0.179935863675586,1.95426977143874,-1.45168380947115,-0.881519625400926,0.481815584414403,1.40708234389755,-0.418499938792441,0.159365063750301,1.4888444679783,2.59609979191787,TRUE
"fixed_design","SH",161,-0.406307977736549,-0.917361684851,-0.044887632907776,-1.17717671714954,0.530990141202524,-1.15172188136901,0.801199203422385,-0.175261338973312,1.95292108479139,-1.44690758541089,-0.875532764280872,0.48594488723745,1.41161282595241,-0.413201245721529,0.164052813790491,1.48696312787057,2.59516317831677,TRUE
"fixed_design","SH",162,-0.402597402597403,0.411651827132805,-0.0408331927812448,-1.17368045818061,0.535328470070072,-1.14641056622183,0.805190312527864,-0.170610126846985,1.9516008787497,-1.441755762334,-0.869369031078684,0.489929127329477,1.41775093460616,-0.408284480640555,0.168348473215194,1.48548805735049,2.59536341181895,TRUE
"fixed_design","SH",163,-0.398886827458256,0.456038415703127,-0.0367870136754313,-1.1701924602324,0.539658537916902,-1.14113680395343,0.809172349360221,-0.165982227296606,1.95030915331365,-1.43631560447408,-0.863464983181504,0.493886341539604,1.4240139681027,-0.403307597304621,0.172401055726845,1.48414123252637,2.59446768296684,TRUE
"fixed_design","SH",164,-0.395176252319109,0.249591074303744,-0.032749095590336,-1.16671272330491,0.543980344743014,-1.13590059456381,0.813145313919455,-0.161377640322175,1.94904590848326,-1.43057620884593,-0.858152493323801,0.49804492995809,1.42743475598387,-0.398701433202808,0.176575066382785,1.48249903105321,2.59299835973355,TRUE
"fixed_design","SH",165,-0.391465677179963,0.36874746953257,-0.0287194385259585,-1.16324124739814,0.548293890548408,-1.13070193805295,0.817109206205568,-0.156796365923692,1.94781114425852,-1.42529866724466,-0.852129768573441,0.50216042522933,1.43218436466396,-0.394210872394429,0.181035885406117,1.48063427937924,2.59310719442584,TRUE
"fixed_design","SH",166,-0.387755102040816,0.1625761045921,-0.024698042482299,-1.15977803251209,0.552599175333084,-1.12554083442087,0.821064026218559,-0.152238404101156,1.94660486063943,-1.42025993626576,-0.846531172007877,0.506445147408285,1.43676285380367,-0.389719541408929,0.18582263601307,1.48006951205512,2.59096139839593,TRUE
"fixed_design","SH",167,-0.38404452690167,0.341775840348579,-0.0206849074593576,-1.15632307864675,0.556896199097042,-1.12041728366756,0.825009773958429,-0.147703754854568,1.94542705762599,-1.41509220750498,-0.840897081572371,0.510443548416912,1.44103522889668,-0.385441674942854,0.190932859415541,1.47880316721663,2.58912836639029,TRUE
"fixed_design","SH",168,-0.380333951762523,0.531158659396445,-0.0166800334571339,-1.15287638580213,0.561184961840282,-1.11533128579303,0.828946449425176,-0.143192418183927,1.94427773521821,-1.41006723830987,-0.835088188256477,0.514457050669063,1.44579614810537,-0.381127979240954,0.195937102326041,1.47718407226919,2.58794613235536,TRUE
"fixed_design","SH",169,-0.376623376623377,-0.190526229135593,-0.0126834204756283,-1.14943795397823,0.565465463562805,-1.11028284079727,0.832874052618801,-0.138704394089235,1.94315689341607,-1.40501516981156,-0.82913365947257,0.518555370727987,1.45067946551435,-0.376929550408149,0.200043615962926,1.47586833765519,2.58631543688826,TRUE
"fixed_design","SH",170,-0.37291280148423,0.389244753031186,-0.00869506851484052,-1.14600778317505,0.569737704264609,-1.10527194868028,0.836792583539305,-0.134239682570489,1.94206453221959,-1.40018411072551,-0.823238037784089,0.522606235417345,1.45507768182607,-0.372461269797479,0.204755533032754,1.47426507624856,2.58469409322462,TRUE
"fixed_design","SH",171,-0.369202226345083,0.345459728031559,-0.00471497757477087,-1.14258587339259,0.574001683945695,-1.10029860944207,0.840702042186686,-0.129798283627692,1.94100065162876,-1.39492525096398,-0.817602089533869,0.526560529874146,1.45993250106609,-0.368237255446854,0.209497518276605,1.47235500360811,2.58475642888403,TRUE
"fixed_design","SH",172,-0.365491651205937,0.345328139402358,-0.000743147655419121,-1.13917222463084,0.578257402606064,-1.09536282308263,0.844602428560946,-0.125380197260842,1.93996525164358,-1.38994657212241,-0.811807206360618,0.530542764388878,1.46451396108643,-0.364311152158866,0.214459060036101,1.47108258888999,2.58368533043416,TRUE
"fixed_design","SH",173,-0.36178107606679,-0.67271136285966,0.00322042124321481,-1.13576683688981,0.582504860245714,-1.09046458960196,0.848493742662084,-0.12098542346994,1.93895833226405,-1.38492015499069,-0.805724428243494,0.534769713909962,1.46829556203659,-0.359550368797668,0.219087331226417,1.46957971345517,2.58239796499954,TRUE
"fixed_design","SH",174,-0.358070500927644,-0.458713395443241,0.0071757291211306,-1.1323697101695,0.586744056864647,-1.08560390900007,0.8523759844901,-0.116613962254986,1.93797989349017,-1.38032485643756,-0.800097058984601,0.538622470223085,1.47329435220695,-0.355126887833064,0.224097825044725,1.46792033381064,2.58249474239339,TRUE
"fixed_design","SH",175,-0.354359925788497,0.390915713547525,0.0111227759783286,-1.12898084446991,0.590974992462862,-1.08078078127695,0.856249154044994,-0.112265813615979,1.93702993532195,-1.37592161002834,-0.79413596451807,0.542778391201635,1.47750645573465,-0.350704222870667,0.228801868351543,1.46630722599163,2.58374901962418,TRUE
"fixed_design","SH",176,-0.350649350649351,0.548679759959833,0.0150615618148085,-1.12560023979104,0.595197667040358,-1.07599520643261,0.860113251326766,-0.107940977552919,1.93610845775937,-1.37163992992811,-0.788072738153644,0.546625815867885,1.48054051142912,-0.346510906990268,0.232408213188536,1.46449536518617,2.58353619074338,TRUE
"fixed_design","SH",177,-0.346938775510204,0.569009987968523,0.0189920866305707,-1.12222789613288,0.599412080597137,-1.07124718446703,0.863968276335417,-0.103639454065808,1.93521546080245,-1.36703727405151,-0.782623075892687,0.55052398825038,1.4854416294804,-0.341974344335675,0.236338273441331,1.46195442866439,2.58380237490806,TRUE
"fixed_design","SH",178,-0.343228200371058,0.342109251215954,0.0229143504256146,-1.11886381349544,0.603618233133197,-1.06653671538023,0.867814229070945,-0.0993612431546441,1.93435094445118,-1.36314286142711,-0.776962078735252,0.554412552841194,1.49053003019508,-0.33791028239832,0.24130714236559,1.46078871203362,2.58325751077417,TRUE
"fixed_design","SH",179,-0.339517625231911,0.257606506315043,0.0268283531999407,-1.11550799187872,0.60781612464854,-1.06186379917221,0.871651109533351,-0.095106344819428,1.93351490870556,-1.35826397723854,-0.77129423004712,0.558460850668765,1.49493504555239,-0.333572770664303,0.245376881911948,1.45966960577086,2.58307816839886,TRUE
"fixed_design","SH",180,-0.335807050092764,-0.430839129360151,0.030734094953549,-1.11216043128272,0.612005755143165,-1.05722843584295,0.875478917722636,-0.0908747590601594,1.93270735356559,-1.35368013907295,-0.765807123709035,0.562405489920764,1.4979433953601,-0.329646699634301,0.250237705750623,1.45764213890817,2.58259935746633,TRUE
"fixed_design","SH",181,-0.332096474953618,0.162234488573041,0.0346315756864391,-1.10882113170744,0.616187124617072,-1.05263062539248,0.879297653638799,-0.0866664858768386,1.93192827903127,-1.34892157952799,-0.760344170061533,0.566502972616452,1.50418546684379,-0.325685582393255,0.25485544503545,1.4563101970102,2.58300750113377,TRUE
"fixed_design","SH",182,-0.328385899814471,0.513688556480494,0.0385207953986115,-1.10549009315287,0.620360233070261,-1.04807036782077,0.883107317281839,-0.0824815252694654,1.93117768510261,-1.34406323642683,-0.754992176873225,0.570326483622289,1.5081550434818,-0.321661106989362,0.259873222197491,1.45515675326028,2.58276730635676,TRUE
"fixed_design","SH",183,-0.324675324675325,0.282077700883913,0.0424017540900657,-1.10216731561902,0.624525080502732,-1.04354766312784,0.886907908651758,-0.0783198772380399,1.9304555717796,-1.33963794622572,-0.749596634215475,0.574206303662726,1.51150246749109,-0.317573757226653,0.264526815927633,1.45458303962211,2.58312162029451,TRUE
"fixed_design","SH",184,-0.320964749536178,-0.868737302955072,0.0462744517608021,-1.09885279910589,0.628681666914485,-1.03906251131368,0.890699427748555,-0.0741815417825621,1.92976193906223,-1.3350762410504,-0.745186532096268,0.578466272941033,1.51573962035174,-0.313582487226192,0.269183985236787,1.45348249587354,2.582997040199,TRUE
"fixed_design","SH",185,-0.317254174397032,-0.210683850910093,0.0501388884108205,-1.09554654361348,0.63282999230552,-1.03461491237829,0.894481874572231,-0.0700665189030318,1.92909678695052,-1.33031380667844,-0.740760610143695,0.582314812033792,1.52059470101905,-0.309643716363496,0.273281373782301,1.45233729558783,2.58312916948784,TRUE
"fixed_design","SH",186,-0.313543599257885,0.0324995054147412,0.053995064040121,-1.09224854914178,0.636970056675837,-1.03020486632168,0.898255249122784,-0.0659748085994494,1.92846011544447,-1.3264898928085,-0.735444842735035,0.586065844851702,1.5259928643946,-0.305498796653499,0.277179042581275,1.451107656398,2.58284703569035,TRUE
"fixed_design","SH",187,-0.309833024118738,0.422473526720225,0.0578429786487036,-1.08895881569081,0.641101860025436,-1.02583237314384,0.902019551400215,-0.0619064108718144,1.92785192454406,-1.32233441529652,-0.730212759351914,0.589873853469581,1.53004031087962,-0.301486199411111,0.281006958714981,1.4502236215088,2.58173416185373,TRUE
"fixed_design","SH",188,-0.306122448979592,0.191304220624783,0.0616826322365681,-1.08567734326055,0.645225402354317,-1.02149743284478,0.905774781404525,-0.0578613257201273,1.9272722142493,-1.3191470837375,-0.724975199900197,0.593754558934333,1.53309542012181,-0.297161996868223,0.285055778177886,1.44900289772231,2.58309787736809,TRUE
"fixed_design","SH",189,-0.302411873840445,-0.203567774673181,0.0655140248037148,-1.08240413185101,0.649340683662481,-1.01720004542449,0.909520939135712,-0.0538395531443877,1.9267209845602,-1.31562732067013,-0.719422581083352,0.597403285988062,1.53621541529179,-0.293196601948567,0.289485519607993,1.44809946479148,2.58238199780627,TRUE
"fixed_design","SH",190,-0.298701298701299,0.419477489532648,0.0693371563501433,-1.07913918146218,0.653447703949926,-1.01294021088297,0.913258024593778,-0.0498410931445959,1.92619823547675,-1.31128736692566,-0.714432727237002,0.601424460479334,1.53997419657839,-0.28944904774191,0.294114991861131,1.44683959595025,2.58119964449843,TRUE
"fixed_design","SH",191,-0.294990723562152,0.358126046657275,0.073152026875854,-1.07588249209408,0.657546463216653,-1.00871792922023,0.916986037778722,-0.0458659457207517,1.92570396699895,-1.30699233452749,-0.710021371763227,0.605180414481751,1.54335864291126,-0.285808244667276,0.298239432188836,1.44584542232779,2.58130265233146,TRUE
"fixed_design","SH",192,-0.291280148423006,0.11598773096702,0.0769586363808469,-1.07263406374669,0.661636961462663,-1.00453320043625,0.920704978690544,-0.0419141108728551,1.9252381791268,-1.30352036800811,-0.705645912244347,0.608976941264513,1.54659289493724,-0.281794121575977,0.302514445496272,1.44497430504951,2.5802717733379,TRUE
"fixed_design","SH",193,-0.287569573283859,0.407600864748007,0.0807569848651216,-1.06939389642002,0.665719198687954,-1.00038602453106,0.924414847329244,-0.0379855886009063,1.9248008718603,-1.29998872350545,-0.701155064179674,0.612811814649875,1.55099066191447,-0.277805933857698,0.305997396670521,1.44413999895879,2.58093652222848,TRUE
"fixed_design","SH",194,-0.283858998144712,0.359369697806572,0.0845470723286785,-1.06616199011407,0.669793174892528,-0.996276401504632,0.928115643694822,-0.034080378904905,1.92439204519945,-1.29606333086836,-0.69661068967199,0.616624947617054,1.55467267251219,-0.273791474387798,0.310095111433745,1.44353679173373,2.58014857755212,TRUE
"fixed_design","SH",195,-0.280148423005566,-0.497401233087004,0.0883288987715174,-1.06293834482884,0.673858890076383,-0.992204331356981,0.931807367787278,-0.0301984817848515,1.92401169914426,-1.29190021791878,-0.69139239762105,0.620588423356946,1.55818589639696,-0.269803754330786,0.314250734903012,1.44310712825467,2.58056885852271,TRUE
"fixed_design","SH",196,-0.276437847866419,0.299817904699811,0.0921024641936384,-1.05972296056432,0.677916344239521,-0.988169814088104,0.935490019606613,-0.0263398972407456,1.92365983369472,-1.28839791083305,-0.686173057348788,0.624284773170383,1.56171161168741,-0.265980433664549,0.318478413030676,1.4425542595375,2.58097597227641,TRUE
"fixed_design","SH",197,-0.272727272727273,-0.327781152488988,0.0958677685950413,-1.05651583732053,0.68196553738194,-0.984172849698,0.939163599152825,-0.0225046252725874,1.92333644885083,-1.28413623690427,-0.681086204158763,0.62812997412114,1.56715281772849,-0.262183897934862,0.322302812829228,1.44099302034344,2.58085011106355,TRUE
"fixed_design","SH",198,-0.269016697588126,-0.709272359019787,0.0996248119757263,-1.05331697509745,0.686006469503642,-0.98021343818667,0.942828106425916,-0.0186926658803769,1.92304154461259,-1.28046782458982,-0.676511415803641,0.631637750952568,1.57079580490389,-0.258566204836028,0.325953191154641,1.44024773074394,2.5814884661755,TRUE
"fixed_design","SH",199,-0.26530612244898,0.207307584984703,0.103373594335693,-1.05012637389508,0.690039140604626,-0.976291579554112,0.946483541425885,-0.014904019064114,1.92277512098,-1.27714334179186,-0.67158213086466,0.635507291012411,1.57550509247324,-0.255005019889,0.32909019033834,1.44018832330938,2.5814523211314,TRUE
"fixed_design","SH",200,-0.261595547309833,-0.975479834078551,0.107114115674943,-1.04694403371344,0.694063550684892,-0.972407273800329,0.950129904152731,-0.0111386848237988,1.92253717795306,-1.27352902083776,-0.666831794919587,0.639252823644503,1.57805572276359,-0.251190123524718,0.333136108650386,1.43993025562114,2.58143061262878,TRUE
"fixed_design","SH",201,-0.257884972170686,0.315529968792703,0.110846375993474,-1.04376995455252,0.698079699744439,-0.968560520925319,0.953767194606456,-0.00739666315943122,1.92232771553178,-1.2698954247477,-0.661798000288813,0.642816763523567,1.582842329055,-0.24776910233319,0.337155855929576,1.43889326939922,2.58149019879641,TRUE
"fixed_design","SH",202,-0.25417439703154,0.390268980142525,0.114570375291287,-1.04060413641231,0.702087587783269,-0.964751320929082,0.957395412787059,-0.00367795407101137,1.92214673371614,-1.26638119047285,-0.657342052176956,0.646644665520132,1.58569566390442,-0.244170372653063,0.341478164622222,1.43848025402436,2.58132613828967,TRUE
"fixed_design","SH",203,-0.250463821892393,-0.325950151040403,0.118286113568382,-1.03744657929282,0.706087214801381,-0.960979673811619,0.96101455869454,1.74424414607937e-05,1.92199423250616,-1.26314328809765,-0.653225855693437,0.650697649781336,1.59018607970753,-0.240633893036462,0.345971245390803,1.43795220386899,2.58107892946861,TRUE
"fixed_design","SH",204,-0.246753246753247,0.149290468941503,0.12199359082476,-1.03429728319405,0.710078580798775,-0.957245579572929,0.9646246323289,0.00368952637798542,1.92187021190183,-1.2602182675299,-0.648330652675712,0.654494181845524,1.59448862477126,-0.237075582766969,0.350124198925615,1.43763818743015,2.58203835665789,TRUE
"fixed_design","SH",205,-0.2430426716141,0.499849100917251,0.125692807060419,-1.03115624811599,0.714061685775451,-0.953549038213013,0.968225633690137,0.00733829773856226,1.92177467190315,-1.25671438276817,-0.643526114821183,0.658156696607719,1.59681467232855,-0.233469808252556,0.35403688334207,1.43666634012496,2.58099461822571,TRUE
"fixed_design","SH",206,-0.239332096474954,-0.17909456041767,0.12938376227536,-1.02802347405866,0.718036529731409,-0.94989004973187,0.971817562778253,0.0109637565231916,1.92170761251012,-1.25391129306942,-0.639301771761709,0.661718151173845,1.60101772013075,-0.229851353772968,0.357551237974653,1.43653250270669,2.58122436738775,TRUE
"fixed_design","SH",207,-0.235621521335807,0.52443609994982,0.133066456469584,-1.02489896102204,0.72200311266665,-0.9462686141295,0.975400419593246,0.0145659027318731,1.92166903372275,-1.25056943608348,-0.635295683936219,0.665388577107756,1.6034380916514,-0.226144622605751,0.361583721534623,1.43613320184152,2.58232429957487,TRUE
"fixed_design","SH",208,-0.23191094619666,0.536114123494966,0.13674088964309,-1.02178270900614,0.725961434581172,-0.942684731405904,0.978974204135118,0.018144736364607,1.92165893554102,-1.24737920056869,-0.631218508650834,0.669263289406251,1.60735080751582,-0.222746945561177,0.365931938000833,1.43528862678839,2.58257938961535,TRUE
"fixed_design","SH",209,-0.228200371057514,0.418048259068045,0.140407061795877,-1.01867471801096,0.729911495474976,-0.939138401561081,0.982538916403868,0.0217002574213932,1.92167731796495,-1.24443394959681,-0.626237301197871,0.672980652838047,1.61120238564965,-0.219348374613712,0.369712883073708,1.43458375011923,2.58281525124089,TRUE
"fixed_design","SH",210,-0.224489795918367,-0.385365217966334,0.144064972927947,-1.01557498803649,0.733853295348062,-0.935629624595032,0.986094556399496,0.0252324659022317,1.92172418099453,-1.24120553137594,-0.622051332356072,0.67665088788471,1.61529978351339,-0.215960392231239,0.374054258596014,1.43441075350231,2.58280834158003,TRUE
"fixed_design","SH",211,-0.220779220779221,0.687576110895652,0.147714623039298,-1.01248351908275,0.73778683420043,-0.932158400507756,0.989641124122002,0.0287413618071227,1.92179952462976,-1.23774033397044,-0.617966700977303,0.680340703981138,1.61865750437721,-0.212450038795136,0.377902610457268,1.43398592551323,2.58245840528366,TRUE
"fixed_design","SH",212,-0.217068645640074,0.633365959296357,0.151356012129932,-1.00940031114972,0.741712112032081,-0.928724729299254,0.993178619571386,0.0322269451360659,1.92190334887064,-1.23466436737485,-0.614119214311626,0.684040894378965,1.6225096905529,-0.209066402864064,0.38082920145907,1.43332323503447,2.58280107305182,TRUE
"fixed_design","SH",213,-0.213358070500928,0.313383512665777,0.154989140199848,-1.00632536423741,0.745629128843013,-0.925328610969525,0.996707042747648,0.0356892158890615,1.92203565371717,-1.23165434609167,-0.610157287209973,0.68751042148955,1.62570712625025,-0.205722844116742,0.384610545454719,1.43304532276312,2.58410831424261,TRUE
"fixed_design","SH",214,-0.209647495361781,0.547598178761561,0.158614007249046,-1.00325867834582,0.749537884633228,-0.92197004551857,1.00022639365079,0.0391281740661094,1.92219643916936,-1.2284377107031,-0.606447096807638,0.690955761591258,1.63038963743339,-0.20214904364738,0.388215523135418,1.43240299399926,2.58527916064703,TRUE
"fixed_design","SH",215,-0.205936920222635,-0.323126954581107,0.162230613277525,-1.00020025347494,0.753438379402724,-0.918649032946388,1.00373667228081,0.0425438196672096,1.92238570522719,-1.22593336103766,-0.602561675129003,0.694733771466713,1.63280819933074,-0.198930992472129,0.391857242817469,1.43234934381096,2.58587668183494,TRUE
"fixed_design","SH",216,-0.202226345083488,0.100072629264441,0.165838958285287,-0.997150089624787,0.757330613151503,-0.915365573252979,1.0072378786377,0.0459361526923622,1.92260345189068,-1.22279611850028,-0.598601687040067,0.698606209089692,1.63646746422486,-0.196052962082986,0.395381480733819,1.43230324807342,2.58687467301408,TRUE
"fixed_design","SH",217,-0.198515769944341,0.443621147413824,0.169439042272331,-0.994108186795349,0.761214585879563,-0.912119666438344,1.01073001272148,0.0493051731415671,1.92284967915982,-1.22033453739359,-0.594535973356134,0.702172299671087,1.64018902939759,-0.192706311602498,0.398721148130366,1.43264738945859,2.58732723774258,TRUE
"fixed_design","SH",218,-0.194805194805195,0.245543693220602,0.173030865238657,-0.991074544986629,0.765090297586906,-0.908911312502482,1.01421307453213,0.0526508810148244,1.92312438703461,-1.21771783751545,-0.590835640559069,0.70589728344393,1.64525164805807,-0.189423277589893,0.402250874491293,1.4322497642589,2.5875616903973,TRUE
"fixed_design","SH",219,-0.191094619666048,-0.979899412641174,0.176614427184265,-0.988049164198626,0.768957748273531,-0.905740511445394,1.01768706406966,0.0559732763121339,1.92342757551506,-1.21463192174265,-0.587289147852997,0.709606163495724,1.64729858946786,-0.186112623625479,0.405219224386267,1.43172300115049,2.58759772301093,TRUE
"fixed_design","SH",220,-0.187384044526902,0.114648883458433,0.180189728109156,-0.985032044431342,0.772816937939438,-0.902607263267079,1.02115198133407,0.0592723590334959,1.92375924460115,-1.21152731639988,-0.584010768967133,0.713345443723428,1.65079742670203,-0.183102969835202,0.408407926290135,1.43134975050276,2.5882046205926,TRUE
"fixed_design","SH",221,-0.183673469387755,0.386880423336401,0.183756768013328,-0.982023185684776,0.776667866584626,-0.899511567967538,1.02460782632536,0.0625481291789101,1.9241193942929,-1.20844304120305,-0.579897307940439,0.717170327931835,1.6541163656801,-0.180082264055761,0.411829462569155,1.43165239585074,2.58884461140528,TRUE
"fixed_design","SH",222,-0.179962894248609,0.361290627491935,0.187315546896782,-0.979022587958927,0.780510534209097,-0.89645342554677,1.02805459904352,0.0658005867483767,1.92450802459029,-1.20494995265815,-0.576354605184262,0.720949466766626,1.65832549657388,-0.17689613836584,0.415397036032183,1.43137599595208,2.59019533051671,TRUE
"fixed_design","SH",223,-0.176252319109462,0.286688512924026,0.190866064759518,-0.976030251253796,0.78434494081285,-0.893432836004776,1.03149229948857,0.0690297317418957,1.92492513549334,-1.20237813250314,-0.572514068747672,0.724578634599069,1.66182311608842,-0.173842477418942,0.418930801796619,1.43179073010555,2.59124963520955,TRUE
"fixed_design","SH",224,-0.172541743970315,-0.427789463000924,0.194408321601537,-0.973046175569384,0.788171086395885,-0.890449799341555,1.03492092766049,0.0722355641594669,1.92537072700204,-1.19942558549616,-0.568552910304226,0.728243930633855,1.66504346389687,-0.170852184452352,0.422494089073975,1.43178904482595,2.59167049946363,TRUE
"fixed_design","SH",225,-0.168831168831169,0.677798913170533,0.197942317422837,-0.970070360905689,0.791988970958202,-0.887504315557107,1.03834048355929,0.0754180840010905,1.9258447991164,-1.19684277719797,-0.565237298644187,0.731956838173443,1.66876459591742,-0.167755406719073,0.425909269287266,1.43142032302685,2.59196231578297,TRUE
"fixed_design","SH",226,-0.165120593692022,0.783150462459094,0.201468052223419,-0.967102807262712,0.795798594499801,-0.884596384651433,1.04175096718497,0.0785772912667664,1.9263473518364,-1.19469324203027,-0.561731212723462,0.735679239022283,1.67271469037078,-0.16464470374931,0.429511681791704,1.43204207561777,2.59289173554544,TRUE
"fixed_design","SH",227,-0.161410018552876,0.473129631836574,0.204985526003284,-0.964143514640454,0.799599957020682,-0.881726006624532,1.04515237853752,0.0817131859564947,1.92687838516205,-1.19256944624175,-0.558344183271356,0.739097579916567,1.67697001530049,-0.16170353025564,0.432635457115723,1.43264274386362,2.59393263048967,TRUE
"fixed_design","SH",228,-0.157699443413729,-0.237040782406168,0.20849473876243,-0.961192483038913,0.803393058520845,-0.878893181476405,1.04854471761696,0.0848257680702753,1.92743789909336,-1.18983208686748,-0.554939936026139,0.742691283098501,1.68024769611886,-0.158570453385401,0.436270900216696,1.43240604480827,2.59445527792103,TRUE
"fixed_design","SH",229,-0.153988868274583,0.389906306994392,0.211995690500859,-0.95824971245809,0.80717789900029,-0.876097909207051,1.05192798442327,0.0879150376081082,1.92802589363032,-1.18711789543351,-0.551303771730614,0.746360557832347,1.68426228116638,-0.15562607173381,0.439728842036107,1.43270035424034,2.59553612272006,TRUE
"fixed_design","SH",230,-0.150278293135436,-0.0197012717795441,0.215488381218569,-0.955315202897985,0.810954478459018,-0.873340189816471,1.05530217895646,0.0909809945699935,1.92864236877293,-1.1850885241296,-0.547815592676727,0.749757321100339,1.68768822314654,-0.152776817342372,0.44290461748014,1.43300160022002,2.5970653051659,TRUE
"fixed_design","SH",231,-0.146567717996289,0.613778903885273,0.218972810915562,-0.952388954358598,0.814722796897027,-0.870620023304664,1.05866730121653,0.0940236389559311,1.92928732452119,-1.18229506414961,-0.544553332811821,0.753406223420964,1.69197958816509,-0.150212544232171,0.446135636177076,1.43289446670408,2.59809531650294,TRUE
"fixed_design","SH",232,-0.142857142857143,-0.838609224447621,0.222448979591837,-0.949470966839929,0.818482854314318,-0.86793740967163,1.06202335120347,0.0970429707659211,1.9299607608751,-1.17980192215982,-0.541399434569883,0.756855485158515,1.69614961777008,-0.147239379685033,0.449014527284723,1.43315083222879,2.59879490344035,TRUE
"fixed_design","SH",233,-0.139146567717996,0.772167949741258,0.225916887247393,-0.946561240341978,0.822234650710892,-0.86529234891737,1.0653703289173,0.100038989999963,1.93066267783467,-1.17718244737919,-0.538292348130655,0.76033602845517,1.69990282628163,-0.14456486412293,0.451853372226361,1.43388013980656,2.59916611501582,TRUE
"fixed_design","SH",234,-0.13543599257885,0.676422957577701,0.229376533882232,-0.943659774864745,0.825978186086747,-0.862684841041884,1.068708234358,0.103011696658058,1.93139307539988,-1.1744345510219,-0.53492643173446,0.763800175928255,1.70437331269301,-0.141702289717649,0.454746965882184,1.4342082465387,2.60068055967474,TRUE
"fixed_design","SH",235,-0.131725417439703,0.549542936449565,0.232827919496353,-0.94076657040823,0.829713460441885,-0.86011488604517,1.07203706752558,0.105961090740205,1.93215195357075,-1.17241479654516,-0.53180998780407,0.767376114664697,1.70741151651931,-0.138622894731586,0.458152502863283,1.43469573501496,2.60230545846311,TRUE
"fixed_design","SH",236,-0.128014842300557,0.624582350710508,0.236271044089756,-0.937881626972433,0.833440473776304,-0.857582483927231,1.07535682842004,0.108887172246404,1.93293931234727,-1.17017995247775,-0.529081095134598,0.771026978009119,1.71072256478771,-0.13601097010758,0.461405756402956,1.43534611682094,2.60313811994922,TRUE
"fixed_design","SH",237,-0.12430426716141,-0.970294994935441,0.239705907662441,-0.935004944557354,0.837159226090006,-0.855087634688064,1.07866751704138,0.111789941176656,1.93375515172944,-1.16821095980986,-0.526471613385187,0.774305312883834,1.71335906913501,-0.133245901229676,0.464503762385084,1.43615220247628,2.60454735582231,TRUE
"fixed_design","SH",238,-0.120593692022263,0.807046995766855,0.243132510214408,-0.932136523162992,0.84086971738299,-0.852630338327672,1.08196913338959,0.11466939753096,1.93459947171726,-1.16616187729894,-0.523317659191755,0.777566081278668,1.71589061985318,-0.13063161493691,0.467505434821427,1.43621517710806,2.60635574373365,TRUE
"fixed_design","SH",239,-0.116883116883117,0.0464373166780361,0.246550851745657,-0.929276362789349,0.844571947655255,-0.850210594846052,1.08526167746468,0.117525541309316,1.93547227231074,-1.16384546193069,-0.519952821926974,0.780984024658017,1.71932300704096,-0.127900050569251,0.470593624093867,1.43648867636557,2.60762297207398,TRUE
"fixed_design","SH",240,-0.11317254174397,0.691699652788436,0.249960932256188,-0.926424463436424,0.848265916906803,-0.847828404243206,1.08854514926666,0.120358372511725,1.93637355350986,-1.16208996102242,-0.51696320368463,0.784619053382684,1.72283414148104,-0.124789206250356,0.473384918346181,1.43757941568487,2.60914430716364,TRUE
"fixed_design","SH",241,-0.109461966604824,0.177491523271758,0.253362751746001,-0.923580825104216,0.851951625137633,-0.845483766519134,1.0918195487955,0.123167891138186,1.93730331531464,-1.15975008241109,-0.513920395738357,0.788167450202304,1.72627191580531,-0.121866494397711,0.475855998428519,1.43829488812727,2.61097212401374,TRUE
"fixed_design","SH",242,-0.105751391465677,-1.086915948678,0.256756310215096,-0.920745447792727,0.855629072347745,-0.843176681673835,1.09508487605123,0.125954097188699,1.93826155772507,-1.15766447784165,-0.511079070303814,0.791696985202263,1.72976015630403,-0.119108347543106,0.478097005285758,1.43912956528156,2.61271201008548,TRUE
"fixed_design","SH",243,-0.102040816326531,0.687260677146308,0.260141607663474,-0.917918331501955,0.859298258537138,-0.840907149707309,1.09834113103384,0.128716990663265,1.93924828074115,-1.15596851279107,-0.508427766426395,0.79537286933587,1.7328532928374,-0.116702148992921,0.481247384857638,1.4403162122772,2.6139203278669,TRUE
"fixed_design","SH",244,-0.098330241187384,0.774154264378846,0.263518644091133,-0.915099476231902,0.862959183705814,-0.838675170619557,1.10158831374332,0.131456571561883,1.94026348436288,-1.15442227425997,-0.505659876303234,0.798774072609005,1.73593077815609,-0.114057647000624,0.484369144941761,1.44114449921729,2.61504276147717,TRUE
"fixed_design","SH",245,-0.0946196660482375,0.697867930840553,0.266887419498074,-0.912288881982566,0.866611847853772,-0.836480744410578,1.10482642417968,0.134172839884553,1.94130716859026,-1.15262137882359,-0.502828746233495,0.802370846739938,1.7398246144285,-0.111261402865413,0.487337015044537,1.44141783921437,2.61625373979435,TRUE
"fixed_design","SH",246,-0.0909090909090909,0.755030308060565,0.270247933884298,-0.909486548753948,0.870256250981012,-0.834323871080373,1.10805546234292,0.136865795631275,1.9423793334233,-1.1511191193692,-0.500242063187471,0.805872688832834,1.74382300311898,-0.108271460728177,0.490079026337963,1.44234641158425,2.61773208200971,TRUE
"fixed_design","SH",247,-0.0871985157699443,-1.12096693016422,0.273600187249803,-0.906692476546049,0.873892393087534,-0.832204550628941,1.11127542823304,0.13953543880205,1.94347997886198,-1.14965268388012,-0.497652215074179,0.809272932421529,1.7478524511923,-0.10569104123889,0.492804801540437,1.44292017398883,2.61939573222553,TRUE
"fixed_design","SH",248,-0.0834879406307978,0.83061722408557,0.27694417959459,-0.903906665358867,0.877520274173338,-0.830122783056282,1.11448632185004,0.142181769396878,1.94460910490632,-1.14800346426901,-0.495016419212522,0.812853567741937,1.75156787401956,-0.103237250905145,0.495728894719586,1.44441816015313,2.62183469911552,TRUE
"fixed_design","SH",249,-0.0797773654916512,0.702261503627935,0.28027991091866,-0.901129115192403,0.881139894238425,-0.828078568362397,1.11768814319391,0.144804787415757,1.94576671155631,-1.14608824284143,-0.491894019577897,0.816096362646109,1.75462628600392,-0.100448663918506,0.498753744164599,1.44509405190939,2.62312879085511,TRUE
"fixed_design","SH",250,-0.0760667903525046,-0.133451148318175,0.283607381222012,-0.898359826046657,0.884751253282793,-0.826071906547286,1.12088089226466,0.147404492858689,1.94695279881195,-1.14466513589844,-0.489478705470944,0.819515502120234,1.75842700912954,-0.097762502194696,0.501541271858364,1.4455343369454,2.62503311649809,TRUE
"fixed_design","SH",251,-0.0723562152133581,0.542005125361239,0.286926590504645,-0.89559879792163,0.888354351306443,-0.824102797610948,1.12406456906229,0.149980885725674,1.94816736667324,-1.14300821193686,-0.486851704223933,0.82283802300771,1.76255727352994,-0.0953738784106724,0.503958484579813,1.44647249436608,2.6265299347158,TRUE
"fixed_design","SH",252,-0.0686456400742115,0.463582706224424,0.290237538766561,-0.892846030817319,0.891949188309375,-0.822171241553383,1.1272391735868,0.15253396601671,1.94941041514019,-1.14173978117519,-0.484021713368351,0.826477132059999,1.76605251141851,-0.0930360091813909,0.506387051447387,1.44742559579391,2.62739465588131,TRUE
"fixed_design","SH",253,-0.064935064935065,0.711617732551382,0.293540226007758,-0.890101524733727,0.89553576429159,-0.820277238374592,1.13040470583819,0.155063733731799,1.95068194421278,-1.14006282983007,-0.481651207734086,0.829946132837092,1.76957414219526,-0.0902381851473352,0.50899569222151,1.44861698023883,2.62899243968108,TRUE
"fixed_design","SH",254,-0.0612244897959183,0.791579933937464,0.296834652228238,-0.887365279670853,0.899114079253086,-0.818420788074574,1.13356116581645,0.157570188870941,1.95198195389103,-1.13797735089002,-0.479840532937472,0.833380185488782,1.77392103898784,-0.0879218341624675,0.511762076694956,1.4506381063678,2.63029827870375,TRUE
"fixed_design","SH",255,-0.0575139146567718,0.418634663153627,0.300120817428,-0.884637295628697,0.902684133193865,-0.816601890653329,1.1367085535216,0.160053331434134,1.95331044417493,-1.13646382586952,-0.477449977919623,0.836754077358167,1.77683774439333,-0.0856600475496958,0.513807968146225,1.45198330648897,2.63207406009683,TRUE
"fixed_design","SH",256,-0.0538033395176252,0.842038361126926,0.303398721607044,-0.881917572607259,0.906245926113925,-0.814820546110858,1.13984686895362,0.16251316142138,1.95466741506448,-1.13509381339152,-0.474949740003458,0.840306174253399,1.77978390451841,-0.0833461102822221,0.516370343340958,1.45304281851217,2.63493031150039,TRUE
"fixed_design","SH",257,-0.0500927643784786,-1.49111412832356,0.30666836476537,-0.879206110606539,0.909799458013268,-0.813076754447161,1.14297611211252,0.164949678832678,1.95605286655968,-1.13359989982291,-0.472994721311537,0.843553593429735,1.78324340482813,-0.0808002182499709,0.519120163529657,1.45396335308415,2.63643327661825,TRUE
"fixed_design","SH",258,-0.0463821892393321,0.83154838437685,0.309929746902978,-0.876502909626537,0.913344728891892,-0.811370515662237,1.1460962829983,0.167362883668029,1.95746679866053,-1.13205731099151,-0.471164723657443,0.846880804358272,1.78660627931721,-0.0785093766799669,0.521635744139581,1.45570174463695,2.63813680331639,TRUE
"fixed_design","SH",259,-0.0426716141001855,0.37461915791774,0.313182868019868,-0.873807969667252,0.916881738749799,-0.809701829756086,1.14920738161095,0.169752775927432,1.95890921136704,-1.13057753472678,-0.469411352682712,0.850312569049504,1.78981531350967,-0.0757761740585904,0.523619428950378,1.45653862671931,2.63817422367766,TRUE
"fixed_design","SH",260,-0.038961038961039,0.611093370656438,0.31642772811604,-0.871121290728686,0.920410487586988,-0.808070696728709,1.15230940795048,0.172119355610887,1.96038010467919,-1.12913386665886,-0.46725414757867,0.853630067797157,1.79346200664882,-0.0735125627776174,0.52577954263542,1.45778798890164,2.63905693182268,TRUE
"fixed_design","SH",261,-0.0352504638218923,0.676330385713944,0.319664327191494,-0.868442872810838,0.923930975403458,-0.806477116580105,1.1554023620169,0.174462622718395,1.961879478597,-1.12750848599444,-0.465627524113043,0.856983214502939,1.79642814626987,-0.0709331149586499,0.528500860550087,1.45862025234673,2.64019348947748,TRUE
"fixed_design","SH",262,-0.0315398886827458,0.376677747993147,0.32289266524623,-0.865772715913707,0.927443202199211,-0.804921089310275,1.15848624381019,0.176782577249955,1.96340733312046,-1.1262315870279,-0.464039253623421,0.860584137835995,1.7996779362883,-0.068817005437872,0.531026751526298,1.45963332766604,2.64229517670532,TRUE
"fixed_design","SH",263,-0.0278293135435992,0.293887836518058,0.326112742280248,-0.863110820037295,0.930947167974246,-0.803402614919218,1.16156105333035,0.179079219205568,1.96496366824957,-1.12509031522449,-0.462353969786782,0.863957942776752,1.80277580217686,-0.0664678677212975,0.533723090515371,1.46061801653248,2.6439923207146,TRUE
"fixed_design","SH",264,-0.0241187384044527,0.379711352872533,0.329324558293549,-0.8604571851816,0.934442872728563,-0.801921693406935,1.1646267905774,0.181352548585232,1.96654848398433,-1.12382787559677,-0.460874090912535,0.867398149995552,1.80613608948588,-0.0639261493397608,0.535588641204135,1.46267264828838,2.64409574538097,TRUE
"fixed_design","SH",265,-0.0204081632653061,0.91054518003646,0.332528113286131,-0.857811811346624,0.937930316462162,-0.800478324773425,1.16768345555132,0.183602565388949,1.96816178032475,-1.12228898823816,-0.459269876252257,0.870901849799551,1.80950114560361,-0.06150124967411,0.537204812603583,1.46434911511409,2.64605203259321,TRUE
"fixed_design","SH",266,-0.0166975881261595,0.695919442948099,0.335723407257995,-0.855174698532365,0.941409499175043,-0.799072509018688,1.17073104825213,0.185829269616719,1.96980355727081,-1.12072744833508,-0.457878118038266,0.874313760406194,1.81226802861981,-0.0589171229883181,0.53945306490985,1.46571481248666,2.6479757761534,TRUE
"fixed_design","SH",267,-0.012987012987013,0.54550387926598,0.338910440209141,-0.852545846738824,0.944880420867206,-0.797704246142725,1.17376956867981,0.18803266126854,1.97147381482253,-1.11935982474937,-0.456490274850314,0.877829021933326,1.81555042213591,-0.0568535798824868,0.542052390132194,1.46751144595983,2.64971641052751,TRUE
"fixed_design","SH",268,-0.00927643784786636,0.543674077450063,0.34208921213957,-0.849925255966002,0.948343081538651,-0.796373536145536,1.17679901683436,0.190212740344414,1.9731725529799,-1.11782710193366,-0.454794762628344,0.881008421342962,1.81820064768597,-0.0546705720098363,0.544186149047907,1.4695298098939,2.65191823901582,TRUE
"fixed_design","SH",269,-0.00556586270871984,0.502291246289557,0.34525972304928,-0.847312926213897,0.951797481189378,-0.795080379027119,1.1798193927158,0.192369506844341,1.97489977174292,-1.11651673783691,-0.453559736495985,0.884280353368499,1.82171427282989,-0.0523118462406067,0.546364320154391,1.47115370770471,2.65289218749932,TRUE
"fixed_design","SH",270,-0.00185528756957332,0.396307682136523,0.348421972938273,-0.84470885748251,0.955243619819387,-0.793824774787477,1.18283069632412,0.194502960768319,1.97665547111159,-1.11534879293767,-0.451781089513631,0.887621245565161,1.82524187102392,-0.0501564693859873,0.548467687238343,1.47367058547154,2.65351022413414,TRUE
"fixed_design","SH",271,0.00185528756957321,0.270907122921423,0.351575961806547,-0.842113049771841,0.958681497428678,-0.792606723426607,1.18583292765931,0.19661310211635,1.97843965108592,-1.11431129774012,-0.450206928181486,0.890762100113384,1.82805845587436,-0.0481641488548295,0.550496419982308,1.47499375729588,2.65577933899262,TRUE
"fixed_design","SH",272,0.00556586270871984,0.800106884417316,0.354721689654104,-0.83952550308189,0.962111114017252,-0.791426224944511,1.18882608672138,0.198699930888434,1.98025231166589,-1.11295930917897,-0.449704020581167,0.893930859019469,1.82994483200784,-0.0460698606095561,0.552615429560357,1.47741490990221,2.65738302770034,TRUE
"fixed_design","SH",273,0.00927643784786647,0.765182741245173,0.357859156480943,-0.836946217412657,0.965532469585107,-0.790283279341189,1.19181017351033,0.200763447084569,1.98209345285152,-1.11216241243816,-0.448305282936525,0.897121243775309,1.83251419483966,-0.0438946261413456,0.554678449118635,1.47912916737331,2.6590189955577,TRUE
"fixed_design","SH",274,0.0129870129870131,0.0691697602507718,0.360988362287064,-0.834375192764142,0.968945564132245,-0.78917788661664,1.19478518802615,0.202803650704757,1.98396307464279,-1.11060001558348,-0.446842253163132,0.90046013867452,1.83571763789897,-0.0418861297146817,0.556885141753567,1.4808761029291,2.66107081297125,TRUE
"fixed_design","SH",275,0.0166975881261595,0.289821246523819,0.364109307072466,-0.831812429136345,0.972350397658664,-0.788110046770864,1.19775113026886,0.204820541748998,1.98586117703972,-1.10942294716971,-0.445969051324657,0.903825432319492,1.83897934905944,-0.0394226703846444,0.559097500482356,1.48294140907778,2.66257499089766,TRUE
"fixed_design","SH",276,0.0204081632653061,0.515310288629924,0.367221990837151,-0.829257926529266,0.975746970164365,-0.787079759803862,1.20070800023844,0.20681412021729,1.98778776004231,-1.10805727800934,-0.445223111270317,0.907204731417979,1.84226056568022,-0.0373233318826553,0.561085505338141,1.48473253636651,2.66491428325439,TRUE
"fixed_design","SH",277,0.0241187384044528,0.41827452583394,0.370326413581118,-0.826711684942905,0.979135281649349,-0.786087025715634,1.2036557979349,0.208784386109635,1.98974282365054,-1.10704915829588,-0.444387627699422,0.910380124471994,1.84481678451938,-0.0353202911900165,0.563116271244391,1.48667351930057,2.66723715454919,TRUE
"fixed_design","SH",278,0.0278293135435992,0.849284016317489,0.373422575304367,-0.824173704377261,0.982515332113614,-0.785131844506178,1.20659452335824,0.210731339426033,1.99172636786442,-1.10590760414865,-0.443461438758452,0.913561533581005,1.84818878193225,-0.0333096847632802,0.565609672945517,1.48892095578914,2.66938352505863,TRUE
"fixed_design","SH",279,0.0315398886827458,0.174016410488915,0.376510476006898,-0.821643984832336,0.985887121557162,-0.784214216175497,1.20952417650846,0.212654980166482,1.99373839268396,-1.10488380580735,-0.44276183319599,0.916647721031923,1.85152847896294,-0.0311945411032565,0.567185967428211,1.49140782928132,2.67121618755519,TRUE
"fixed_design","SH",280,0.0352504638218925,0.305715145875998,0.379590115688711,-0.819122526308129,0.989250649979992,-0.783334140723588,1.21244475738556,0.214555308330984,1.99577889810915,-1.10376854805664,-0.441658538528623,0.920009965482862,1.85483587561144,-0.0294052418532,0.56914570657091,1.49322731222192,2.67319969893887,TRUE
"fixed_design","SH",281,0.0389610389610391,0.947359761304955,0.382661494349806,-0.816609328804639,0.992605917382103,-0.782491618150453,1.21535626598953,0.216432323919539,1.99784788413998,-1.10290899718972,-0.440777733519589,0.923309657136496,1.85728096881587,-0.0272853415714065,0.570642939547958,1.49502196705693,2.6753280057868,TRUE
"fixed_design","SH",282,0.0426716141001855,0.417190571693499,0.385724611990183,-0.814104392321868,0.995952923763497,-0.781686648456092,1.21825870232038,0.218286026932145,1.99994535077647,-1.10279364211358,-0.439949806091693,0.926688034027077,1.85893181775986,-0.0255181038894335,0.572532157124998,1.49707531024843,2.6773371504317,TRUE
"fixed_design","SH",283,0.0463821892393321,0.0797093180740304,0.388779468609842,-0.811607716859815,0.999291669124173,-0.780919231640504,1.22115206637811,0.220116417368804,2.00207129801862,-1.10257516779609,-0.439614053782992,0.929931900068942,1.86136871252557,-0.0235806563861649,0.574443546341592,1.49957102342065,2.67845961749582,TRUE
"fixed_design","SH",284,0.0500927643784788,0.46296246998601,0.391826064208784,-0.809119302418479,1.00262215346413,-0.780189367703689,1.22403635816272,0.221923495229516,2.00422572586641,-1.10147784003891,-0.438639711907988,0.932930167181,1.86414566634934,-0.0220349449484484,0.576071529790032,1.50153032334712,2.68049785315996,TRUE
"fixed_design","SH",285,0.0538033395176252,0.840066914698845,0.394864398787007,-0.806639148997862,1.00594437678337,-0.779497056645648,1.22691157767421,0.22370726051428,2.00640863431986,-1.10054118234897,-0.437803757659398,0.936049771694675,1.86691054163471,-0.020542640991817,0.577742289734992,1.50443949076304,2.68303310049742,TRUE
"fixed_design","SH",286,0.0575139146567718,0.578468125189405,0.397894472344512,-0.804167256597962,1.00925833908189,-0.77884229846638,1.22977772491257,0.225467713223096,2.00862002337895,-1.10012655517108,-0.437054663464817,0.939271057889012,1.8688791513997,-0.0184415087018933,0.579118668346858,1.50722600318556,2.685728422714,TRUE
"fixed_design","SH",287,0.0612244897959184,0.158635631217702,0.400916284881299,-0.80170362521878,1.0125640403597,-0.778225093165886,1.23263479987781,0.227204853355964,2.0108598930437,-1.09967982446852,-0.436482605455317,0.942570794893408,1.87189720401362,-0.0165396142055395,0.580725114257577,1.50922890732008,2.68846428002008,TRUE
"fixed_design","SH",288,0.0649350649350648,0.750370054092472,0.403929836397369,-0.799248254860317,1.01586148061678,-0.777645440744165,1.23548280256993,0.228918680912885,2.0131282433141,-1.09914116281563,-0.43587307112449,0.945851029297726,1.87454178196985,-0.0145999594671998,0.582962516142677,1.5118224014635,2.69112003633984,TRUE
"fixed_design","SH",289,0.0686456400742115,0.978992809521857,0.40693512689272,-0.796801145522571,1.01915065985315,-0.777103341201218,1.23832173298893,0.230609195893858,2.01542507419015,-1.09847893008307,-0.435373833591741,0.949010805794565,1.87737419515309,-0.0124095854109996,0.584537151049119,1.51474565529346,2.6937316957409,TRUE
"fixed_design","SH",290,0.0723562152133581,0.89461348138851,0.409932156367354,-0.794362297205543,1.0224315780688,-0.776598794537044,1.24115159113481,0.232276398298883,2.01775038567185,-1.09814498668705,-0.434951454290436,0.952122571491892,1.87977697103163,-0.0104781600943482,0.585839939677729,1.51757216070317,2.6947736620554,TRUE
"fixed_design","SH",291,0.0760667903525047,0.487309497305417,0.412920924821269,-0.791931709909233,1.02570423526373,-0.776131800751643,1.24397237700757,0.233920288127961,2.02010417775921,-1.09776381380361,-0.434687240186769,0.955387986912124,1.88202850413588,-0.00869774450888903,0.587114177361602,1.52005411722552,2.69735773927018,TRUE
"fixed_design","SH",292,0.0797773654916512,0.71295920019014,0.415901432254467,-0.789509383633641,1.02896863143795,-0.775702359845016,1.2467840906072,0.235540865381091,2.02248645045221,-1.09679002075651,-0.434124656495255,0.958489676574738,1.88392062455754,-0.00697604098520329,0.58856581055424,1.52257242305067,2.69959673861306,TRUE
"fixed_design","SH",293,0.0834879406307978,0.464840920755325,0.418873678666947,-0.787095318378768,1.03222476659144,-0.775310471817163,1.24958673193371,0.237138130058273,2.02489720375087,-1.09671320942617,-0.434024406519801,0.961695268948567,1.8865316734976,-0.00510694762716344,0.590311632720016,1.52491594417205,2.70193356385437,TRUE
"fixed_design","SH",294,0.0871985157699444,0.973318205991631,0.421837664058708,-0.784689514144611,1.03547264072422,-0.774956136668083,1.2523803009871,0.238712082159508,2.02733643765518,-1.09677492495458,-0.433559272559975,0.964711684754099,1.88910056832038,-0.00316974166149893,0.591812119370415,1.52766586849709,2.70371324539372,TRUE
"fixed_design","SH",295,0.0909090909090908,0.533649489093325,0.424793388429752,-0.782291970931173,1.03871225383628,-0.774639354397776,1.25516479776737,0.240262721684795,2.02980415216514,-1.09635087217262,-0.433753708323016,0.967747648897529,1.89153398382702,-0.00142561750051359,0.59324887678393,1.53099315555147,2.70575529876393,TRUE
"fixed_design","SH",296,0.0946196660482375,0.823575843032745,0.427740851780078,-0.779902688738453,1.04194360592762,-0.774360125006243,1.25794022227451,0.241790048634134,2.03230034728075,-1.09597697101878,-0.433483300877376,0.970936414614182,1.89409089045541,0.000414348365353462,0.594438992981007,1.53337526375423,2.70793122090795,TRUE
"fixed_design","SH",297,0.0983302411873841,0.356452323553717,0.430680054109686,-0.777521667566451,1.04516669699825,-0.774118448493483,1.26070657450854,0.243294063007526,2.03482502300202,-1.09508623507649,-0.433365462438322,0.974223396645103,1.89683243401542,0.00236692701858857,0.596008361993973,1.53653016935653,2.70999974022263,TRUE
"fixed_design","SH",298,0.102040816326531,0.112451706759792,0.433610995418576,-0.775148907415167,1.04838152704816,-0.773914324859496,1.26346385446944,0.24477476480497,2.03737817932893,-1.09480417256235,-0.433473597463664,0.977241407095955,1.89859708192951,0.00416773022528258,0.597432837643308,1.53897106435903,2.71216927779774,TRUE
"fixed_design","SH",299,0.105751391465677,0.762047337454852,0.436533675706748,-0.772784408284601,1.05158809607734,-0.773747754104283,1.26621206215722,0.246232154026467,2.0399598162615,-1.09484005868487,-0.4337915721956,0.980465177640016,1.90138402768323,0.00589898697040119,0.599014037363866,1.54204838540086,2.71467752995324,TRUE
"fixed_design","SH",300,0.109461966604824,0.664737792986768,0.439448094974202,-0.770428170174752,1.05478640408582,-0.773618736227844,1.26895119757187,0.247666230672015,2.04256993379972,-1.09459870933665,-0.434170434236256,0.983616392795688,1.90390147038402,0.00748972803969993,0.600277579021551,1.54518585069927,2.71654345787246,TRUE
"fixed_design","SH",301,0.11317254174397,0.584603527074286,0.442354253220938,-0.768080193085622,1.05797645107357,-0.773527271230178,1.27168126071341,0.249076994741616,2.04520853194359,-1.09441983675237,-0.434252873387606,0.986713171242347,1.90621360918089,0.00931308926443427,0.601182539349372,1.54848053566934,2.71876897595883,TRUE
"fixed_design","SH",302,0.116883116883117,-0.0602342706470371,0.445252150446956,-0.76574047701721,1.0611582370406,-0.773473359111285,1.27440225158182,0.25046444623527,2.04787561069311,-1.09433194384066,-0.433882824684695,0.989612420834489,1.90856060572381,0.0107841761862017,0.601945932241322,1.55196266177262,2.72074101277118,TRUE
"fixed_design","SH",303,0.120593692022263,0.781027259902533,0.448141786652256,-0.763409021969515,1.06433176198692,-0.773456999871166,1.27711417017712,0.251828585152976,2.05057117004828,-1.09394031200499,-0.433696909084039,0.992917146420272,1.91065790838662,0.0123232241032104,0.602834611772408,1.5552440822401,2.72287152019437,TRUE
"fixed_design","SH",304,0.12430426716141,0.762024628983651,0.451023161836838,-0.761085827942539,1.06749702591252,-0.77347819350982,1.27981701649929,0.253169411494734,2.05329521000911,-1.0944945117679,-0.433593009191652,0.996155665351828,1.91255506813684,0.0139077160204225,0.603723630708037,1.55767657878294,2.72475145987401,TRUE
"fixed_design","SH",305,0.128014842300557,0.99403817036221,0.453896276000702,-0.75877089493628,1.0706540288174,-0.773536940027248,1.28251079054834,0.254486925260544,2.05604773057558,-1.09505433118625,-0.434099931947963,0.999414994763061,1.91422612769679,0.0153374966741006,0.604887465448035,1.56104656778845,2.72697580249908,TRUE
"fixed_design","SH",306,0.131725417439703,0.793866879407912,0.456761129143848,-0.75646422295074,1.07380277070156,-0.773633239423449,1.28519549232426,0.255781126450407,2.05882873174771,-1.09477829536539,-0.434410776472285,1.00242849563606,1.9167588883352,0.0168650998741118,0.605727215299963,1.56441124315946,2.72975268977316,TRUE
"fixed_design","SH",307,0.13543599257885,0.477218939612967,0.459617721266277,-0.754165811985917,1.07694325156501,-0.773767091698423,1.28787112182707,0.257052015064322,2.06163821352549,-1.09477834230932,-0.434627684991135,1.00555109014286,1.91962638572413,0.0182871267372901,0.606779973601268,1.56738062938222,2.73188579771548,TRUE
"fixed_design","SH",308,0.139146567717996,1.04215601878005,0.462466052367987,-0.751875662041812,1.08007547140773,-0.773938496852171,1.29053767905675,0.258299591102289,2.06447617590892,-1.0949640567635,-0.434867396271701,1.00871610721252,1.92147291827534,0.0197256498604866,0.607871253406243,1.57071716789734,2.73423081123084,TRUE
"fixed_design","SH",309,0.142857142857143,0.859393752987536,0.46530612244898,-0.749593773118426,1.08319943022974,-0.774147454884693,1.29319516401331,0.259523854564309,2.067342618898,-1.09539596397067,-0.43463569905867,1.01175550036559,1.92326289791402,0.0211954322745985,0.608628266225408,1.57385679831566,2.73701085742492,TRUE
"fixed_design","SH",310,0.146567717996289,0.973012754709895,0.468137931509254,-0.747320145215757,1.08631512803103,-0.774393965795988,1.29584357669675,0.260724805450381,2.07023754249274,-1.09556327607055,-0.435460718782901,1.01489281881942,1.92491704396212,0.0226125800833759,0.609486040195905,1.57736519476889,2.73925827427033,TRUE
"fixed_design","SH",311,0.150278293135436,-1.896495357045,0.470961479548811,-0.745054778333806,1.08942256481161,-0.774678029586056,1.29848291710707,0.261902443760506,2.07316094669312,-1.0954500745975,-0.436212512573565,1.01774948793385,1.92638135253156,0.0243129838925856,0.610810638388596,1.58045594152011,2.74203096280314,TRUE
"fixed_design","SH",312,0.153988868274582,1.04628357563188,0.473776766567649,-0.742797672472573,1.09252174057146,-0.774999646254897,1.30111318524426,0.263056769494682,2.07611283149916,-1.09531354977799,-0.43634898000252,1.02106423525176,1.92824506899602,0.0257215022884952,0.611760664260606,1.58396707960284,2.74367489219572,TRUE
"fixed_design","SH",313,0.157699443413729,0.871496284561852,0.47658379256577,-0.740548827632058,1.0956126553106,-0.775358815802513,1.30373438110834,0.264187782652911,2.07909319691085,-1.09608806804777,-0.436843449556263,1.02433402607152,1.92974222524735,0.02736622397101,0.612670887147144,1.58721509933381,2.74591212361991,TRUE
"fixed_design","SH",314,0.161410018552876,1.06699534327108,0.479382557543172,-0.738308243812261,1.09869530902902,-0.775755538228901,1.30634650469929,0.265295483235193,2.08210204292819,-1.09640869694024,-0.43743626204623,1.02738021214767,1.93128318025994,0.0286441400330629,0.613223426505228,1.59052942470391,2.74811230757218,TRUE
"fixed_design","SH",315,0.165120593692022,0.87984184424376,0.482173061499857,-0.736075921013182,1.10176970172672,-0.776189813534063,1.30894955601712,0.266379871241527,2.08513936955118,-1.09664338256848,-0.437900298064315,1.03032816468722,1.93265453809361,0.0300663330629028,0.614131299149692,1.59420032879761,2.75093104528827,TRUE
"fixed_design","SH",316,0.168831168831169,0.0100170869455706,0.484955304435824,-0.733851859234821,1.1048358334037,-0.776661641717999,1.31154353506182,0.267440946671913,2.08820517677982,-1.09657274866708,-0.438703166815829,1.03338600413112,1.93427246026616,0.0311662814320878,0.614747863486803,1.59806129114711,2.75287296968043,TRUE
"fixed_design","SH",317,0.172541743970315,0.996194106249807,0.487729286351073,-0.731636058477178,1.10789370405997,-0.777171022780708,1.31412844183341,0.268478709526351,2.09129946461412,-1.09674155016114,-0.439501491795671,1.03615004628859,1.93649747386903,0.0324050066679346,0.615505893419325,1.60172151660623,2.75426898627029,TRUE
"fixed_design","SH",318,0.176252319109462,0.591710164912743,0.490495007245604,-0.729428518740253,1.11094331369552,-0.77771795672219,1.31670427633187,0.269493159804842,2.09442223305406,-1.09666632604125,-0.440711642133915,1.03925141819585,1.93872301341843,0.0335375154544308,0.615745872462014,1.60534324914652,2.75647799269626,TRUE
"fixed_design","SH",319,0.179962894248608,1.04113216194341,0.493252467119416,-0.727229240024046,1.11398466231035,-0.778302443542446,1.31927103855722,0.270484297507385,2.09757348209966,-1.09699419642374,-0.44181841884397,1.04233641147728,1.94047462437468,0.0348373727346177,0.616422763940021,1.60875439278358,2.75908531598207,TRUE
"fixed_design","SH",320,0.183673469387755,0.505175654795697,0.496001665972511,-0.725038222328557,1.11701774990446,-0.778924483241475,1.32182872850944,0.27145212263398,2.10075321175091,-1.09706477262987,-0.442525708433349,1.04524132885327,1.94243315543719,0.0360960571014317,0.616909729831036,1.61246069557629,2.76189244989465,TRUE
"fixed_design","SH",321,0.187384044526902,0.947206749456331,0.498742603804888,-0.722855465653785,1.12004257647785,-0.779584075819278,1.32437734618853,0.272396635184628,2.10396142200781,-1.09775095462573,-0.443110279645119,1.04806036984441,1.94374731935241,0.0375126591127037,0.617459777261512,1.61624381111053,2.76385907880937,TRUE
"fixed_design","SH",322,0.191094619666048,1.02237561382454,0.501475280616548,-0.720680969999732,1.12305914203053,-0.780281221275854,1.32691689159451,0.273317835159328,2.10719811287037,-1.09839232613996,-0.44364747695072,1.05108135575951,1.94480981140561,0.0387246786077811,0.617850504536956,1.62062549676067,2.76617186066733,TRUE
"fixed_design","SH",323,0.194805194805195,0.743189429450186,0.504199696407489,-0.718514735366397,1.12606744656248,-0.781015919611204,1.32944736472737,0.274215722558081,2.11046328433857,-1.09922839850837,-0.444773720596798,1.05388185745045,1.94567839970995,0.0396853381944458,0.618795701687167,1.62381021559452,2.77022166993472,TRUE
"fixed_design","SH",324,0.198515769944341,1.05712301306267,0.506915851177712,-0.716356761753779,1.12906749007372,-0.781788170825327,1.3319687655871,0.275090297380886,2.11375693641242,-1.09987312270646,-0.445615755001115,1.05689457001687,1.94709002279625,0.0406617682802027,0.619166602203983,1.62751845325193,2.77222644477348,TRUE
"fixed_design","SH",325,0.202226345083488,0.83580233169056,0.509623744927217,-0.714207049161879,1.13205927256425,-0.782597974918223,1.33448109417371,0.275941559627743,2.11707906909193,-1.10017078444517,-0.446881346207037,1.059722597425,1.94924015783229,0.0417661556935086,0.620115623597684,1.63143418911412,2.77354400894544,TRUE
"fixed_design","SH",326,0.205936920222634,0.906401429107534,0.512323377656004,-0.712065597590698,1.13504279403405,-0.783445331889893,1.3369843504872,0.276769509298652,2.12042968237709,-1.10063400044709,-0.447988682875047,1.06261282226284,1.95052012234509,0.0427829966496235,0.620468816985433,1.63551666173162,2.77489178104145,TRUE
"fixed_design","SH",327,0.209647495361781,-0.931478638969893,0.515014749364073,-0.709932407040235,1.13801805448314,-0.784330241740337,1.33947853452756,0.277574146393614,2.1238087762679,-1.10125905396178,-0.449215416247589,1.06553843317614,1.9514646012532,0.0435549961339633,0.620795010779793,1.63966867938372,2.77777805743726,TRUE
"fixed_design","SH",328,0.213358070500928,-1.230508389666,0.517697860051425,-0.707807477510489,1.1409850539115,-0.785252704469553,1.34196364629481,0.278355470912628,2.12721635076436,-1.1016593999565,-0.450782738288731,1.06841573351283,1.95214275862914,0.0444245427653096,0.621308310776669,1.64353876108943,2.78058776970348,TRUE
"fixed_design","SH",329,0.217068645640074,0.977941873043834,0.520372709718058,-0.705690809001461,1.14394379231915,-0.786212720077544,1.34443968578893,0.279113482855695,2.13065240586648,-1.10239880940501,-0.452188440822956,1.0714551843913,1.95325028716878,0.0453685600645819,0.621507565073476,1.64731762625633,2.78200575671657,TRUE
"fixed_design","SH",330,0.220779220779221,-0.596030579872266,0.523039298363974,-0.703582401513151,1.14689426970609,-0.787210288564307,1.34690665300993,0.279848182222813,2.13411694157424,-1.10281442063779,-0.453559843028099,1.07444841716611,1.95475312169936,0.0462962630123273,0.621519545016671,1.65192343489668,2.78422541725018,TRUE
"fixed_design","SH",331,0.224489795918367,0.406313240713901,0.525697625989171,-0.70148225504556,1.1498364860723,-0.788245409929844,1.34936454795781,0.280559569013984,2.13760995788766,-1.10345873253226,-0.455241660404968,1.07736729083384,1.95597855942998,0.047334253752668,0.621639813194313,1.65581620350032,2.78682182849609,TRUE
"fixed_design","SH",332,0.228200371057514,0.54927402578394,0.528347692593651,-0.699390369598686,1.1527704414178,-0.789318084174155,1.35181337063257,0.281247643229208,2.14113145480673,-1.10444002749363,-0.45657904914261,1.08030004633612,1.95735019672896,0.0485705231314743,0.621656865107058,1.66035995803341,2.78945971467207,TRUE
"fixed_design","SH",333,0.23191094619666,1.06569029882709,0.530989498177412,-0.69730674517253,1.15569613574258,-0.790428311297239,1.35425312103421,0.281912404868484,2.14468143233145,-1.10483704447741,-0.458143544217233,1.0832900294506,1.95915267288728,0.0494772469956175,0.62143855578615,1.66395246181995,2.79168712817586,TRUE
"fixed_design","SH",334,0.235621521335807,-0.24702796223115,0.533623042740456,-0.695231381767092,1.15861356904664,-0.791576091299096,1.35668379916272,0.282553853931812,2.14825989046182,-1.1058772851945,-0.459084811511295,1.0864289168058,1.96082988977324,0.0505616872309165,0.621420300643549,1.66830528038881,2.79499623167752,TRUE
"fixed_design","SH",335,0.239332096474954,0.411347712231327,0.536248326282782,-0.693164279382372,1.16152274132998,-0.792761424179727,1.35910540501811,0.283171990419192,2.15186682919784,-1.10652004188124,-0.460758776549156,1.08917035057369,1.96183113777418,0.0510972539004089,0.621726644924951,1.67282238301662,2.79664258615512,TRUE
"fixed_design","SH",336,0.2430426716141,-1.09155644968174,0.538865348804389,-0.69110543801837,1.1644236525926,-0.793984309939132,1.36151793860038,0.283766814330625,2.15550224853951,-1.10707186605799,-0.462276320173831,1.09196734660581,1.96263442378755,0.052149274593789,0.621611354597223,1.67667053272507,2.79997224228226,TRUE
"fixed_design","SH",337,0.246753246753247,1.07133249772812,0.541474110305279,-0.689054857675086,1.16731630283451,-0.795244748577309,1.36392139990953,0.28433832566611,2.15916614848684,-1.10833093467736,-0.463242843767213,1.09489610167607,1.96382351188107,0.0529348319801119,0.621796129152015,1.68138980101925,2.80213652837795,TRUE
"fixed_design","SH",338,0.250463821892393,-0.258851971542233,0.544074610785451,-0.68701253835252,1.1702006920557,-0.796542740094261,1.36631578894556,0.284886524425648,2.16285852903982,-1.10955866764336,-0.464693552815383,1.09770575715147,1.96521947190626,0.0537123111804591,0.621893953814814,1.68525471068543,2.80597382852009,TRUE
"fixed_design","SH",339,0.25417439703154,1.08253579370772,0.546666850244905,-0.684978480050672,1.17307682025617,-0.797878284489985,1.36870110570846,0.285411410609237,2.16657939019845,-1.11080469575672,-0.466529390304497,1.10051015417626,1.9662032236668,0.0545583368378282,0.621679262228829,1.68991417937361,2.80808484227646,TRUE
"fixed_design","SH",340,0.257884972170686,-0.191835825463325,0.549250828683641,-0.682952682769542,1.17594468743592,-0.799251381764483,1.37107735019824,0.28591298421688,2.17032873196273,-1.11218153598672,-0.467893741404325,1.10327415564844,1.96730121989607,0.0554142936032,0.621857835066039,1.69375574982244,2.81037901535068,TRUE
"fixed_design","SH",341,0.261595547309833,0.981273119033985,0.551826546101659,-0.680935146509129,1.17880429359495,-0.800662031917755,1.3734445224149,0.286391245248574,2.17410655433266,-1.11388937384242,-0.469249699044566,1.10613534276907,1.96926222912162,0.0562006305473207,0.62190946199332,1.69774169430823,2.81177357683839,TRUE
"fixed_design","SH",342,0.26530612244898,-0.607073289735143,0.554394002498959,-0.678925871269435,1.18165563873327,-0.8021102349498,1.37580262235844,0.286846193704321,2.17791285730824,-1.11527340817896,-0.470834787234146,1.10902097639863,1.97117910994934,0.0569003940477167,0.622005163533024,1.70218255858165,2.81428331377132,TRUE
"fixed_design","SH",343,0.269016697588126,0.92010890431202,0.556953197875541,-0.676924857050459,1.18449872285087,-0.803595990860618,1.37815165002886,0.28727782958412,2.18174764088948,-1.11707969374963,-0.47267699324487,1.11192587971856,1.97213215626459,0.0575260692532361,0.622265690417632,1.70726374251555,2.81632386578546,TRUE
"fixed_design","SH",344,0.272727272727273,1.0036042886758,0.559504132231405,-0.6749321038522,1.18733354594775,-0.80511929965021,1.38049160542615,0.287686152887972,2.18561090507636,-1.11833473462819,-0.474056859202925,1.1149712534664,1.97293309393701,0.0582648795352049,0.621883062353052,1.71182642957557,2.81914746681789,TRUE
"fixed_design","SH",345,0.276437847866419,1.13208823206824,0.562046805566551,-0.67294761167466,1.19016010802391,-0.806680161318575,1.38282248855033,0.288071163615875,2.1895026498689,-1.11942347215295,-0.476076408950876,1.11777583597937,1.973992205988,0.058886761782911,0.62173732085867,1.71673734563431,2.82213486739454,TRUE
"fixed_design","SH",346,0.280148423005566,0.601872622574215,0.564581217880979,-0.670971380517837,1.19297840907936,-0.808278575865714,1.38514429940138,0.288432861767832,2.19342287526709,-1.12115459256509,-0.478453509343993,1.12073903433072,1.97548592870832,0.0592011900045671,0.621890003753599,1.72182842922119,2.82516454161955,TRUE
"fixed_design","SH",347,0.283858998144712,0.961519728435442,0.56710736917469,-0.669003410381733,1.19578844911409,-0.809914543291626,1.38745703797931,0.28877124734384,2.19737158127093,-1.12218104934433,-0.480310218542278,1.12355991186586,1.97644449623102,0.059893318864439,0.621336916889788,1.7262727830678,2.8268321599383,TRUE
"fixed_design","SH",348,0.287569573283859,0.903775152258103,0.569625259447682,-0.667043701266346,1.19859022812809,-0.811588063596312,1.38976070428411,0.289086320343901,2.20134876788043,-1.12310163538955,-0.481772907988958,1.12631820965196,1.97747118945229,0.0605366777947987,0.621150335988096,1.73022349583506,2.82985495616883,TRUE
"fixed_design","SH",349,0.291280148423006,0.216166771092614,0.572134888699956,-0.665092253171677,1.20138374612139,-0.813299136779771,1.3920552983158,0.289378080768014,2.20535443509557,-1.12438222895668,-0.483012262134096,1.12915657296655,1.97817013305338,0.0613365450581145,0.620996880534759,1.73533543415562,2.83236938818832,TRUE
"fixed_design","SH",350,0.294990723562152,1.18175195463035,0.574636256931513,-0.663149066097727,1.20416900309396,-0.815047762842003,1.39434082007436,0.289646528616179,2.20938858291637,-1.12566937872562,-0.484959126549824,1.13204287264775,1.97907799561676,0.0619068230061959,0.620523222236762,1.73987151492372,2.83487700584356,TRUE
"fixed_design","SH",351,0.298701298701299,0.432854510317814,0.577129364142351,-0.661214140044494,1.20694599904581,-0.816833941783009,1.3966172695598,0.289891663888397,2.21345121134281,-1.12691998637816,-0.48680433321928,1.1350040110476,1.98022966928715,0.0622766640545298,0.61992352462694,1.74481262909409,2.83744751781343,TRUE
"fixed_design","SH",352,0.302411873840445,0.861058292403623,0.579614210332472,-0.659287475011979,1.20971473397695,-0.818657673602789,1.39888464677212,0.290113486584667,2.21754232037491,-1.12891968867015,-0.489041104650869,1.13800327087487,1.98171561517321,0.0628071268593377,0.619383645035594,1.74862655007069,2.83934621161354,TRUE
"fixed_design","SH",353,0.306122448979592,0.890941673513175,0.582090795501874,-0.657369071000182,1.21247520788737,-0.820518958301341,1.40114295171132,0.29031199670499,2.22166191001266,-1.13055348543301,-0.490940417657575,1.1407411670139,1.98291752796223,0.0634817059448191,0.619097181870093,1.75236579563423,2.84203448282097,TRUE
"fixed_design","SH",354,0.309833024118738,0.381030317003319,0.584559119650559,-0.655458928009103,1.21522742077707,-0.822417795878668,1.4033921843774,0.290487194249365,2.22580998025606,-1.13290470661777,-0.493118342825356,1.1437365808534,1.98397544307064,0.0636392465387884,0.618843415511677,1.75727591182038,2.84497900568282,TRUE
"fixed_design","SH",355,0.313543599257885,0.438924020966999,0.587019182778525,-0.653557046038743,1.21797137264605,-0.824354186334767,1.40563234477035,0.290639079217792,2.22998653110512,-1.13506734047423,-0.495096789145706,1.14614796811572,1.98497636223655,0.0642132882440112,0.618290671497353,1.76237555623626,2.84763085261601,TRUE
"fixed_design","SH",356,0.317254174397032,0.904485919200635,0.589470984885774,-0.651663425089099,1.22070706349432,-0.826328129669641,1.40786343289018,0.290767651610271,2.23419156255982,-1.137240361234,-0.497695273441715,1.14890551775155,1.98526792753661,0.0647174483185889,0.618312286415772,1.76705835050337,2.84974280821422,TRUE
"fixed_design","SH",357,0.320964749536178,0.795516429213705,0.591914525972305,-0.649778065160174,1.22343449332187,-0.828339625883287,1.41008544873689,0.290872911426803,2.23842507462018,-1.13896391926116,-0.500043160493119,1.15189844272258,1.98609688443443,0.06513568075309,0.617191504380344,1.77217242521593,2.85175663414248,TRUE
"fixed_design","SH",358,0.324675324675325,0.617304370681028,0.594349806038118,-0.647900966251967,1.2261536621287,-0.830388674975707,1.41229839231048,0.290954858667387,2.24268706728619,-1.1409429566067,-0.501956360319045,1.15466063621915,1.98667441941029,0.065563652148422,0.617313939143768,1.77709652881155,2.85546107164053,TRUE
"fixed_design","SH",359,0.328385899814471,-0.372164349448679,0.596776825083213,-0.646032128364478,1.22886456991481,-0.8324752769469,1.41450226361095,0.291013493332024,2.24697754055785,-1.14275071662918,-0.503905813628762,1.15747001918,1.98723216453869,0.0657393083140514,0.616577129050095,1.78192833365116,2.85861589938564,TRUE
"fixed_design","SH",360,0.332096474953618,-1.62620865168745,0.599195583107589,-0.644171551497707,1.2315672166802,-0.834599431796867,1.41669706263829,0.291048815420713,2.25129649443516,-1.1449147629616,-0.506231099940016,1.16023451624694,1.98724415055894,0.0661437696753637,0.616109739282792,1.78664991567629,2.86196471943802,TRUE
"fixed_design","SH",361,0.335807050092764,-0.21177561469645,0.601606080111248,-0.642319235651654,1.23426160242488,-0.836761139525608,1.41888278939252,0.291060824933454,2.25564392891812,-1.14670327280781,-0.508648513222109,1.16285640212051,1.98804454799801,0.066253158160344,0.615463709849547,1.79209369610788,2.86488326099087,TRUE
"fixed_design","SH",362,0.339517625231911,-0.0859989985932335,0.604008316094189,-0.640475180826318,1.23694772714884,-0.838960400133121,1.42105944387362,0.291049521870248,2.26001984400674,-1.14930007885609,-0.51042916790649,1.16570060267035,1.9888201616294,0.0665921102163122,0.614676683740061,1.79700604208996,2.86854256932598,TRUE
"fixed_design","SH",363,0.343228200371058,-1.58542537947741,0.606402291056412,-0.638639387021701,1.23962559085207,-0.841197213619409,1.4232270260816,0.291014906231093,2.264424239701,-1.15134594831277,-0.512201014087497,1.16863642553813,1.98921299895314,0.066823854724569,0.614881077473393,1.80177834658514,2.87095809728191,TRUE
"fixed_design","SH",364,0.346938775510204,1.2163861157011,0.608788004997918,-0.636811854237802,1.2422951935346,-0.843471579984469,1.42538553601645,0.290956978015992,2.26885711600092,-1.15341362886366,-0.514847629386585,1.17152395219419,1.98981073837364,0.0667524951747699,0.614825458380106,1.80651920899821,2.87371196483167,TRUE
"fixed_design","SH",365,0.350649350649351,1.21317456300198,0.611165457918705,-0.63499258247462,1.2449565351964,-0.845783499228303,1.42753497367819,0.290875737224942,2.27331847290649,-1.15503091651186,-0.517144792157431,1.17439652286923,1.98976826654582,0.0667443921625441,0.614353878026312,1.81137550702269,2.87622818959533,TRUE
"fixed_design","SH",366,0.354359925788497,1.09816623423876,0.613534649818774,-0.633181571732157,1.24760961583749,-0.848132971350911,1.4296753390668,0.290771183857945,2.27780831041771,-1.15780432722527,-0.519732316965549,1.17699508207742,1.99045790084052,0.0666931089948643,0.613437567607839,1.81680215104169,2.87943697812872,TRUE
"fixed_design","SH",367,0.358070500927644,0.796524148294566,0.615895580698125,-0.631378822010411,1.25025443545785,-0.850519996352292,1.43180663218229,0.290643317915,2.28232662853458,-1.15951116387522,-0.522466907447484,1.17965127212995,1.9905881933074,0.0668867004272297,0.612737302207412,1.82156359506678,2.88343545857465,TRUE
"fixed_design","SH",368,0.36178107606679,0.659151189686747,0.618248250556758,-0.629584333309384,1.2528909940575,-0.852944574232446,1.43392885302466,0.290492139396108,2.28687342725711,-1.16185413670994,-0.524753703363246,1.18223544925729,1.99156974194552,0.066820016460907,0.611926123519258,1.82638266182335,2.88704761247589,TRUE
"fixed_design","SH",369,0.365491651205937,-0.114077191539452,0.620592659394674,-0.627798105629074,1.25551929163644,-0.855406704991374,1.43604200159391,0.290317648301268,2.29144870658528,-1.1644369530089,-0.526856260554175,1.18494524051381,1.99254122915929,0.0668280542095704,0.611384042863973,1.83150322670631,2.89024851311062,TRUE
"fixed_design","SH",370,0.369202226345084,1.16242235607575,0.622928807211871,-0.626020138969482,1.25813932819465,-0.857906388629076,1.43814607789004,0.29011984463048,2.29605246651911,-1.16740775658049,-0.5294386367656,1.18776466289093,1.99320029721326,0.0667550346630421,0.611118058206747,1.836527433372,2.89407290592053,TRUE
"fixed_design","SH",371,0.37291280148423,0.683906654979172,0.62525669400835,-0.624250433330609,1.26075110373215,-0.86044362514555,1.44024108191304,0.289898728383744,2.30068470705859,-1.17019260285462,-0.531879380913544,1.19040226294402,1.99384871824425,0.0668326222178035,0.610318213148587,1.84181692078998,2.89612252535429,TRUE
"fixed_design","SH",372,0.376623376623377,0.911327566012073,0.627576319784112,-0.622488988712453,1.26335461824892,-0.863018414540798,1.44232701366292,0.289654299561061,2.30534542820372,-1.17300589278697,-0.534780932058579,1.19311405023215,1.99563263764962,0.0668107135444234,0.609471002603854,1.84721680340177,2.89975010753647,TRUE
"fixed_design","SH",373,0.380333951762523,0.904389814226067,0.629887684539155,-0.620735805115015,1.26594987174498,-0.86563075681482,1.44440387313968,0.28938655816243,2.3100346299545,-1.17594885745024,-0.536989863899816,1.19571004830498,1.99580492972228,0.0670982202863984,0.608179724421218,1.85292637554554,2.90311211188333,TRUE
"fixed_design","SH",374,0.38404452690167,0.997048013998535,0.632190788273481,-0.618990882538295,1.26853686422033,-0.868280651967615,1.44647166034332,0.289095504187852,2.31475231231093,-1.17870441030922,-0.539468784536397,1.19861222814425,1.99495443106883,0.0670470818330295,0.607507867443211,1.85798671532186,2.90692718655991,TRUE
"fixed_design","SH",375,0.387755102040816,1.04287458782907,0.634485630987089,-0.617254220982293,1.27111559567495,-0.870968099999184,1.44853037527384,0.288781137637326,2.31949847527302,-1.18162649285427,-0.54194244407512,1.20144377299389,1.99372380693292,0.0669987892712245,0.606586178147577,1.86343158768175,2.9103159991272,TRUE
"fixed_design","SH",376,0.391465677179963,0.104935750705649,0.636772212679978,-0.615525820447009,1.27368606610886,-0.873693100909526,1.45058001793123,0.288443458510852,2.32427311884076,-1.18482172349139,-0.544252118491537,1.20421176142241,1.99430759621339,0.0669349622553388,0.605498299492198,1.86900392484893,2.91349790226796,TRUE
"fixed_design","SH",377,0.39517625231911,0.563030188099,0.63905053335215,-0.613805680932443,1.27624827552205,-0.876455654698641,1.4526205883155,0.28808246680843,2.32907624301414,-1.1877574802403,-0.54637127809953,1.20691585629914,1.99490973994296,0.066596026946997,0.604118543318469,1.87402544419917,2.9165906051527,TRUE
"fixed_design","SH",378,0.398886827458256,0.764791287058687,0.641320593003604,-0.612093802438595,1.27880222391452,-0.87925576136653,1.45465208642665,0.287698162530061,2.33390784779318,-1.19145634327172,-0.548786201091324,1.20956285495719,1.99474227527566,0.0662051975025078,0.60297972182766,1.87923867510375,2.91984119031726,TRUE
"fixed_design","SH",379,0.402597402597403,0.43888084429658,0.64358239163434,-0.610390184965465,1.28134791128627,-0.882093420913192,1.45667451226468,0.287290545675745,2.33876793317787,-1.19425781109589,-0.551412997461747,1.21185976099642,1.99531288625645,0.0659819165710007,0.601698131481929,1.88387260715781,2.92328758800016,TRUE
"fixed_design","SH",380,0.406307977736549,0.0460154508364979,0.645835929244358,-0.608694828513053,1.2838853376373,-0.884968633338628,1.45868786582959,0.28685961624548,2.34365649916822,-1.19710397296035,-0.553986677792432,1.21453578937356,1.99583990373444,0.0654566848651369,0.600722860071076,1.88914679939714,2.92659835099754,TRUE
"fixed_design","SH",381,0.410018552875696,1.1302729194235,0.648081205833657,-0.607007733081359,1.28641450296762,-0.887881398642837,1.46069214712137,0.286405374239268,2.34857354576421,-1.20044296517658,-0.556597943852969,1.21714450751539,1.99620900491012,0.0648557878243528,0.599979067001109,1.89406640019947,2.93011001578971,TRUE
"fixed_design","SH",382,0.413729128014842,0.678650640143703,0.650318221402239,-0.605328898670382,1.28893540727722,-0.89083171682582,1.46268735614004,0.285927819657108,2.35351907296586,-1.20411108731322,-0.559139615440843,1.21974894428376,1.99667771771251,0.064483626457314,0.598849798238638,1.89920346613766,2.93283604835855,TRUE
"fixed_design","SH",383,0.417439703153989,1.07951585668141,0.652546975950103,-0.603658325280124,1.2914480505661,-0.893819587887576,1.46467349288558,0.285426952499001,2.35849308077315,-1.2074416117728,-0.561902498224302,1.22258688266018,1.9961794632209,0.0640483688793824,0.597606122394652,1.9045652603741,2.93580252380931,TRUE
"fixed_design","SH",384,0.421150278293136,0.324325514129787,0.65476746947725,-0.601996012910584,1.29395243283426,-0.896845011828105,1.466650557358,0.284902772764946,2.3634955691861,-1.21057180823291,-0.564406881140262,1.2253032208032,1.99625435687561,0.0635752113155668,0.5965477321486,1.90973262229483,2.93958996840871,TRUE
"fixed_design","SH",385,0.424860853432282,0.665257722310934,0.656979701983677,-0.600341961561761,1.29644855408171,-0.899907988647408,1.46861854955729,0.284355280454943,2.3685265382047,-1.2139510015726,-0.567144883270284,1.22797665362214,1.99573948991587,0.0629155674357145,0.595127087562885,1.91427844996158,2.94287699441898,TRUE
"fixed_design","SH",386,0.428571428571429,1.14781232019853,0.659183673469388,-0.598696171233657,1.29893641430843,-0.903008518345484,1.47057746948347,0.283784475568992,2.37358598782895,-1.21699898807737,-0.569592247303913,1.23057078760893,1.99663304268839,0.0626184430151655,0.593753728860805,1.91907482798985,2.94681698177508,TRUE
"fixed_design","SH",387,0.432282003710575,1.18278401408418,0.66137938393438,-0.59705864192627,1.30141601351444,-0.906146600922334,1.47252731713652,0.283190358107094,2.37867391805886,-1.22142849910205,-0.572743706225365,1.23305714038409,1.99577041568882,0.0619325861249302,0.592526918773642,1.92437445580644,2.95007332253879,TRUE
"fixed_design","SH",388,0.435992578849722,0.961521854458456,0.663566833378654,-0.595429373639602,1.30388735169973,-0.909322236377957,1.47446809251645,0.282572928069249,2.38379032889441,-1.22496810964236,-0.575788880730904,1.2357076551844,1.99467960478483,0.0611590722520551,0.591341300709407,1.92990747081851,2.9525891160404,TRUE
"fixed_design","SH",389,0.439703153988868,1.25933912029204,0.66574602180221,-0.593808366373651,1.30635042886431,-0.912535424712354,1.47639979562326,0.281932185455455,2.38893522033562,-1.22883360342184,-0.578173386778795,1.23833112805948,1.99464576697107,0.0608786361018826,0.590301647198987,1.93535319889075,2.95555813240006,TRUE
"fixed_design","SH",390,0.443413729128015,0.422863923704425,0.667916949205049,-0.592195620128419,1.30880524500816,-0.915786165925524,1.47832242645695,0.281268130265714,2.39410859238248,-1.23242390419263,-0.580836061367323,1.24082743461654,1.99666595221737,0.0603480872884374,0.589558507316613,1.94041404604365,2.95854281081961,TRUE
"fixed_design","SH",391,0.447124304267162,1.22020728522557,0.670079615587169,-0.590591134903904,1.3112518001313,-0.919074460017468,1.48023598501752,0.280580762500025,2.39931044503499,-1.23635322808871,-0.58341417828358,1.24349569241918,1.99760171219097,0.0601650565913216,0.58783286184021,1.94566655612378,2.96335442211746,TRUE
"fixed_design","SH",392,0.450834879406308,-2.44333012456834,0.672234020948572,-0.588994910700107,1.31369009423372,-0.922400306988185,1.48214047130496,0.279870082158389,2.40454077829315,-1.2404913688417,-0.58603569606551,1.24597470174624,1.99688412016598,0.0595010517513952,0.587280789830034,1.9506685242759,2.9689918676652,TRUE
"fixed_design","SH",393,0.454545454545455,1.05971303391992,0.674380165289256,-0.587406947517029,1.31612012731542,-0.925763706837675,1.48403588531928,0.279136089240805,2.40979959215696,-1.24487463221857,-0.587865111785744,1.24845321438811,1.99654513607529,0.0588082723953251,0.585943084772695,1.95650567494328,2.97234712071157,TRUE
"fixed_design","SH",394,0.458256029684601,1.27724383094684,0.676518048609223,-0.585827245354668,1.3185418993764,-0.929164659565939,1.48592222706049,0.278378783747273,2.41508688662642,-1.2488419230129,-0.590626283422573,1.25127059132041,1.99620864321031,0.0578156596944592,0.584617441803531,1.96172518225407,2.97537707270642,TRUE
"fixed_design","SH",395,0.461966604823748,0.76220109070807,0.678647670908471,-0.584255804213025,1.32095541041667,-0.932603165172976,1.48779949652856,0.277598165677794,2.42040266170154,-1.25381341135782,-0.593754895041656,1.25369448712406,1.99616611521867,0.05699915824662,0.58271472888711,1.9667943573123,2.98110338661612,TRUE
"fixed_design","SH",396,0.465677179962894,1.0543331886735,0.680769032187002,-0.5826926240921,1.32336066043621,-0.936079223658787,1.48966769372352,0.276794235032366,2.42574691738231,-1.25779894201575,-0.596309438574156,1.25603395888128,1.99544779245363,0.0560584778565234,0.58071559532571,1.97167112370357,2.98541276504335,TRUE
"fixed_design","SH",397,0.469387755102041,1.0961768097076,0.682882132444815,-0.581137704991893,1.32575764943504,-0.939592835023371,1.49152681864535,0.275966991810992,2.43111965366873,-1.26277699412654,-0.599146593057181,1.25844752272318,1.99431757869735,0.0553109138533539,0.579250730997831,1.97725313665013,2.98927856743513,TRUE
"fixed_design","SH",398,0.473098330241187,0.346035852260112,0.684986971681909,-0.579591046912404,1.32814637741315,-0.943143999266729,1.49337687129407,0.275116436013669,2.4365208705608,-1.26726265884173,-0.601696397901675,1.26096859141688,1.99415639868893,0.0545922174165127,0.577427504206463,1.98199397901438,2.99276193914796,TRUE
"fixed_design","SH",399,0.476808905380334,0.987900190581334,0.687083549898286,-0.578052649853633,1.33052684437055,-0.94673271638886,1.49521785166966,0.274242567640399,2.44195056805852,-1.27138632939292,-0.604547136159298,1.26351419678413,1.99490402548487,0.0533801428931195,0.575282061168546,1.98717759162337,2.99629605602048,TRUE
"fixed_design","SH",400,0.480519480519481,0.847397022730765,0.689171867093945,-0.57652251381558,1.33289905030722,-0.950358986389764,1.49704975977213,0.273345386691182,2.44740874616189,-1.27539698127506,-0.60714743095184,1.26598041686655,1.99467943032291,0.0526858868777004,0.57330419552857,1.99270395685819,2.99932482640634,TRUE
"fixed_design","SH",401,0.484230055658627,0.352266206227307,0.691251923268886,-0.575000638798244,1.33526299522318,-0.954022809269442,1.49887259560147,0.272424893166016,2.45289540487092,-1.27957115776749,-0.61025451662832,1.26847234225068,1.99352424438742,0.0518849083631363,0.571345346751339,1.99746191430259,3.00297833986366,TRUE
"fixed_design","SH",402,0.487940630797774,0.164574056263043,0.693323718423109,-0.573487024801627,1.33761867911842,-0.957724185027894,1.5006863591577,0.271481087064903,2.45841054418559,-1.28399072609579,-0.612983162167147,1.27107946390012,1.99315091840679,0.0505566442600362,0.56995898364919,2.00250347825482,3.00606862639399,TRUE
"fixed_design","SH",403,0.49165120593692,0.455959224038987,0.695387252556614,-0.571981671825728,1.33996610199294,-0.961463113665118,1.5024910504408,0.270513968387842,2.46395416410592,-1.28827086024187,-0.615641698651029,1.27351253890351,1.99253034202426,0.0497772870436974,0.568340604829854,2.00793143209339,3.01071034094997,TRUE
"fixed_design","SH",404,0.495361781076067,1.04575650609554,0.697442525669401,-0.570484579870546,1.34230526384675,-0.965239595181117,1.50428666945078,0.269523537134834,2.4695262646319,-1.29280525982701,-0.618205589826994,1.27589293635953,1.99183316091005,0.0486122727422373,0.566925535979366,2.01292660789673,3.01462364836639,TRUE
"fixed_design","SH",405,0.499072356215213,-0.0395157144091163,0.69948953776147,-0.568995748936083,1.34463616467983,-0.969053629575888,1.50607321618764,0.268509793305878,2.47512684576353,-1.29733805592184,-0.621219523597453,1.27842274412527,1.99149344018506,0.0474050199587359,0.564905666854083,2.0177636069043,3.01871248434882,TRUE
"fixed_design","SH",406,0.50278293135436,0.811421466613446,0.701528288832821,-0.567515179022338,1.3469588044922,-0.972905216849434,1.50785069065138,0.267472736900974,2.48075590750082,-1.30282099925218,-0.624111911961539,1.28077796490522,1.9907394913646,0.0463521612879322,0.563572665735047,2.02390483564898,3.02078126210249,TRUE
"fixed_design","SH",407,0.506493506493507,1.12208695872051,0.703558778883454,-0.56604287012931,1.34927318328385,-0.976794357001752,1.509619092842,0.266412367920123,2.48641344984375,-1.30771797127001,-0.626628045992702,1.28317351516962,1.99119167676728,0.04510124570486,0.561952156505758,2.02880015927816,3.0242161685101,TRUE
"fixed_design","SH",408,0.510204081632653,0.651948269108226,0.705581007913369,-0.564578822257001,1.35157930105478,-0.980721050032844,1.51137842275949,0.265328686363324,2.49209947279234,-1.31302765457865,-0.629196341701887,1.28552798000542,1.9915966765191,0.0437020099392884,0.560183191398789,2.03377254507413,3.02917481479916,TRUE
"fixed_design","SH",409,0.5139146567718,0.0799639020343917,0.707594975922567,-0.563123035405409,1.35387715780499,-0.98468529594271,1.51312868040386,0.264221692230577,2.49781397634657,-1.31820975480136,-0.632686987652089,1.28789379660415,1.99199185465957,0.0422416108648332,0.558399181161907,2.03848615547628,3.03392301054812,TRUE
"fixed_design","SH",410,0.517625231910946,0.707352127105402,0.709600682911046,-0.561675509574535,1.35616675353449,-0.988687094731349,1.51486986577511,0.263091385521882,2.50355696050646,-1.32331174854226,-0.634803701235614,1.29044560949893,1.991319668536,0.0406590581433781,0.556457524532627,2.04409941757476,3.03873828782507,TRUE
"fixed_design","SH",411,0.521335807050093,0.923932187957206,0.711598128878807,-0.56023624476438,1.35844808824327,-0.992726446398761,1.51660197887324,0.26193776623724,2.509328425272,-1.32822097554403,-0.637394231422379,1.29266130247969,1.99091427143382,0.0393493080675038,0.554354378860601,2.04873765331544,3.04207926667595,TRUE
"fixed_design","SH",412,0.525046382189239,1.31165270238726,0.713587313825851,-0.558805240974942,1.36072116193133,-0.996803350944947,1.51832501969825,0.260760834376651,2.5151283706432,-1.3332834853032,-0.640435332309697,1.29490399291311,1.98941970602861,0.0380032200290362,0.552831499175928,2.05290329697244,3.045738310758,TRUE
"fixed_design","SH",413,0.528756957328386,0.737077128380271,0.715568237752176,-0.557382498206222,1.36298597459867,-1.00091780836991,1.52003898825013,0.259560589940113,2.52095679662004,-1.33865116513561,-0.643256305571961,1.29733741866193,1.98897354362357,0.0364484435138871,0.55090799031863,2.05890874983211,3.05012635995367,TRUE
"fixed_design","SH",414,0.532467532467533,0.613088716449112,0.717540900657784,-0.555968016458221,1.36524252624529,-1.00506981867364,1.5217438845289,0.258337032927628,2.52681370320253,-1.34366888663096,-0.646441189847003,1.29979848290466,1.98790869950782,0.0348873102582039,0.548032285452687,2.06459456907007,3.05503654712247,TRUE
"fixed_design","SH",415,0.536178107606679,-0.977327632155834,0.719505302542673,-0.554561795730937,1.3674908168712,-1.00925938185615,1.52343970853454,0.257090163339195,2.53269909039068,-1.34910234514525,-0.64969900863765,1.3021503645282,1.98681529046767,0.0331376654871584,0.546757962882091,2.07089343899125,3.05830756895941,TRUE
"fixed_design","SH",416,0.539888682745826,1.0384314176472,0.721461443406845,-0.553163836024371,1.36973084647639,-1.01348649791742,1.52512646026705,0.255819981174815,2.53861295818448,-1.3545428154691,-0.652236287725972,1.30437183880698,1.9859640288221,0.0317968809211636,0.545582759318931,2.07608308580708,3.06304678477504,TRUE
"fixed_design","SH",417,0.543599257884972,0.396051989212504,0.723409323250299,-0.551774137338523,1.37196261506086,-1.01775116685748,1.52680413972645,0.254526486434487,2.54455530658393,-1.36017245420655,-0.654804768068064,1.30660907961418,1.98554308861389,0.0300387666498269,0.543715087208662,2.08193971188281,3.06802097024908,TRUE
"fixed_design","SH",418,0.547309833024119,1.01713046080313,0.725348942073034,-0.550392699673393,1.37418612262461,-1.0220533886763,1.52847274691273,0.253209679118211,2.55052613558903,-1.36555951954679,-0.65777609303971,1.30874280578468,1.98566518218117,0.0282999163774407,0.541553904317427,2.08715564302562,3.07190565390374,TRUE
"fixed_design","SH",419,0.551020408163265,0.944043331415994,0.727280299875052,-0.549019523028981,1.37640136916765,-1.0263931633739,1.53013228182588,0.251869559225988,2.55652544519978,-1.37133238241428,-0.661742866290419,1.31107750205258,1.98543635178673,0.0264736492993543,0.53932683541887,2.09251446795857,3.07732995024746,TRUE
"fixed_design","SH",420,0.554730983302412,0.239906262033649,0.729203396656352,-0.547654607405287,1.37860835468996,-1.03077049095028,1.53178274446591,0.250506126757817,2.56255323541619,-1.3767942012876,-0.664711686196777,1.31319490676518,1.98444109168269,0.0246908232608509,0.537179802968398,2.09738047082802,3.08198314727907,TRUE
"fixed_design","SH",421,0.558441558441559,-0.0608153489890759,0.731118232416934,-0.546297952802311,1.38080707919156,-1.03518537140542,1.53342413483282,0.249119381713698,2.56860950623824,-1.3822660820077,-0.667243398871835,1.31531705398769,1.98465425410063,0.0231490243195105,0.535126542166778,2.10288998280011,3.08690876286387,TRUE
"fixed_design","SH",422,0.562152133580705,1.22309971544851,0.733024807156798,-0.544949559220053,1.38299754267244,-1.03963780473934,1.53505645292661,0.247709324093632,2.57469425766595,-1.38780345188375,-0.670057135829863,1.31749270639208,1.98478773217212,0.0216233601943368,0.533910389608501,2.10914711268986,3.09372614034895,TRUE
"fixed_design","SH",423,0.565862708719852,0.590943593360524,0.734923120875943,-0.543609426658512,1.3851797451326,-1.04412779095204,1.53667969874727,0.246275953897618,2.58080748969931,-1.39354211224478,-0.672127583417521,1.31962307630467,1.98448237059831,0.0199013791002387,0.532132912776567,2.1141839266753,3.09920138251485,TRUE
"fixed_design","SH",424,0.569573283858998,1.20382269762361,0.736813173574371,-0.54227755511769,1.38735368657205,-1.0486553300435,1.53829387229482,0.244819271125656,2.58694920233832,-1.39949088494672,-0.67553699689803,1.32172852944912,1.98340089926748,0.0178998640600688,0.529917168711479,2.12058305437805,3.10372031713337,TRUE
"fixed_design","SH",425,0.573283858998145,0.523823831928678,0.738694965252082,-0.540953944597586,1.38951936699078,-1.05322042201375,1.53989897356924,0.243339275777747,2.59311939558298,-1.40539155744562,-0.678931983055473,1.32383091507753,1.98258172890914,0.0161550685146627,0.527557411193157,2.12564394283707,3.10970606745927,TRUE
"fixed_design","SH",426,0.576994434137291,0.00821066054780595,0.740568495909074,-0.539638595098199,1.39167678638878,-1.05782306686276,1.54149500257054,0.24183596785389,2.5993180694333,-1.41162482606541,-0.681992883743132,1.32606269589509,1.98166321794689,0.0139937153139172,0.525880257191145,2.13115937725262,3.11643121744524,TRUE
"fixed_design","SH",427,0.580705009276438,0.149004327209996,0.742433765545348,-0.538331506619531,1.39382594476608,-1.06246326459055,1.54308195929872,0.240309347354085,2.60554522388926,-1.41807702507532,-0.684529575900963,1.3281354974311,1.98010587815033,0.0119230530230661,0.52389978077993,2.13593908113827,3.12154490970962,TRUE
"fixed_design","SH",428,0.584415584415584,1.14074862061674,0.744290774160904,-0.53703267916158,1.39596684212265,-1.06714101519711,1.54465984375377,0.238759414278333,2.61180085895088,-1.42402810566695,-0.687826753557806,1.33046285290513,1.98060631940627,0.00978578505757275,0.522585775676318,2.14131670466431,3.12753485188183,TRUE
"fixed_design","SH",429,0.588126159554731,1.37193529288652,0.746139521755742,-0.535742112724348,1.3980994784585,-1.07185631868244,1.54622865593571,0.237186168626633,2.61808497461815,-1.42955494197931,-0.691378985989716,1.33260519546188,1.98020121900093,0.0074523994236993,0.521089326159223,2.14728303984514,3.13365547690725,TRUE
"fixed_design","SH",430,0.591836734693878,1.11020335300388,0.747980008329862,-0.534459807307833,1.40022385377364,-1.07660917504655,1.54778839584452,0.235589610398985,2.62439757089107,-1.43627315398868,-0.694464768871614,1.3345245436691,1.98010242090003,0.00519791032954097,0.520180572097018,2.15319816343144,3.13913991207769,TRUE
"fixed_design","SH",431,0.595547309833024,0.350258634440542,0.749812233883265,-0.533185762912037,1.40233996806806,-1.08139958428943,1.54933906348021,0.23396973959539,2.63073864776964,-1.44306340960124,-0.697809956160874,1.33685881055156,1.98071595180927,0.00317100992860429,0.518252199277886,2.15884820226353,3.14599836733771,TRUE
"fixed_design","SH",432,0.599257884972171,1.23600332545834,0.751636198415949,-0.531919979536958,1.40444782134176,-1.08622754641109,1.55088065884278,0.232326556215847,2.63710820525386,-1.44989216352307,-0.700270415127164,1.3390529598717,1.98016629104426,0.00064493195119163,0.516883588654503,2.16386402802388,3.15120009664724,TRUE
"fixed_design","SH",433,0.602968460111317,0.6981906683572,0.753451901927916,-0.530662457182597,1.40654741359474,-1.09109306141151,1.55241318193223,0.230660060260356,2.64350624334374,-1.45714162135004,-0.703690532618264,1.34096844150769,1.97959300806439,-0.00191966412756321,0.515440451449578,2.16943180882004,3.15710764816476,TRUE
"fixed_design","SH",434,0.606679035250464,0.574760897217254,0.755259344419164,-0.529413195848954,1.40863874482701,-1.09599612929071,1.55393663274855,0.228970251728918,2.64993276203927,-1.46400294117197,-0.706856722822958,1.34292441460294,1.97935090802396,-0.00448079412639003,0.514499437926931,2.17601268133887,3.16285991852734,TRUE
"fixed_design","SH",435,0.61038961038961,0.872371603956322,0.757058525889695,-0.528172195536029,1.41072181503856,-1.10093675004869,1.55545101129175,0.227257130621532,2.65638776134044,-1.47075319082331,-0.709989492841482,1.3450503683039,1.97815999359261,-0.00659701639968394,0.513217732673948,2.18203179714086,3.16898190910565,TRUE
"fixed_design","SH",436,0.614100185528757,-0.120407761151026,0.758849446339507,-0.526939456243823,1.41279662422938,-1.10591492368544,1.55695631756183,0.225520696938198,2.66287124124727,-1.47746507186222,-0.71313625567956,1.3469880523868,1.97878828797003,-0.00915012329808459,0.510758736093197,2.18719824120034,3.17500343470929,TRUE
"fixed_design","SH",437,0.617810760667904,1.37689263343245,0.760632105768602,-0.525714977972334,1.4148631723995,-1.11093065020096,1.55845255155879,0.223760950678917,2.66938320175975,-1.48406632057843,-0.715584497925865,1.34899448245167,1.9780729669367,-0.011518514265312,0.508451208949685,2.19352720857334,3.1811805653764,TRUE
"fixed_design","SH",438,0.62152133580705,0.962824531750724,0.762406504176979,-0.524498760721563,1.41692145954889,-1.11598392959526,1.55993971328263,0.221977891843688,2.67592364287789,-1.4909636024786,-0.717529702199927,1.3510364899339,1.97748719625401,-0.013778993835765,0.506617431397068,2.19975255340159,3.18730733472835,TRUE
"fixed_design","SH",439,0.625231910946197,1.17674725568282,0.764172641564637,-0.52329080449151,1.41897148567756,-1.12107476186832,1.56141780273335,0.220171520432511,2.68249256460167,-1.49794866586139,-0.720323690543491,1.35307664825379,1.97707452219299,-0.0162547379023995,0.504555147865411,2.2036305284643,3.19408993887122,TRUE
"fixed_design","SH",440,0.628942486085343,0.631245503473011,0.765930517931578,-0.522091109282175,1.42101325078552,-1.12620314702017,1.56288681991094,0.218341836445387,2.68908996693111,-1.50484376968628,-0.723429818897766,1.35509031607522,1.9753453341778,-0.018750244172904,0.502800184976272,2.20883220152967,3.20122164967758,TRUE
"fixed_design","SH",441,0.63265306122449,0.53592304935259,0.767680133277801,-0.520899675093558,1.42304675487276,-1.13136908505078,1.56434676481541,0.216488839882315,2.69571584986619,-1.51218492587845,-0.726179852726487,1.35694027188434,1.97594896708449,-0.021411781153684,0.501137235940211,2.21384916127228,3.20931019063402,TRUE
"fixed_design","SH",442,0.636363636363636,1.27537938771128,0.769421487603306,-0.519716501925658,1.42507199793928,-1.13657257596017,1.56579763744676,0.214612530743295,2.70237021340693,-1.51928210220814,-0.728205909377531,1.3589734204339,1.976023286642,-0.0240651209955555,0.499893946207745,2.22029993250462,3.21638013424416,TRUE
"fixed_design","SH",443,0.640074211502783,-0.652004123931436,0.771154580908093,-0.518541589778477,1.42708897998509,-1.14181361974833,1.56723943780499,0.212712909028328,2.70905305755332,-1.5262823249077,-0.731488883826588,1.36093826249393,1.97588584782975,-0.0265959209865213,0.498146774686237,2.2257808131944,3.22344596949017,TRUE
"fixed_design","SH",444,0.64378478664193,1.31274207944097,0.772879413192162,-0.517374938652014,1.42909770101017,-1.14709221641527,1.56867216589009,0.210789974737413,2.71576438230536,-1.53367384354335,-0.734643292722083,1.36275759132696,1.97657452765541,-0.0286871969770348,0.496536870788194,2.23042763927313,3.23072779050541,TRUE
"fixed_design","SH",445,0.647495361781076,1.40199086003908,0.774595984455513,-0.516216548546269,1.43109816101454,-1.15240836596098,1.57009582170208,0.20884372787055,2.72250418766306,-1.54073570263653,-0.737880740016276,1.36461192631085,1.97721867049959,-0.0313129376643467,0.494768284062911,2.23488554353405,3.23786539665505,TRUE
"fixed_design","SH",446,0.651205936920223,0.46776965256784,0.776304294698146,-0.515066419461241,1.43309035999819,-1.15776206838546,1.57151040524094,0.20687416842774,2.7292724736264,-1.54771451661112,-0.740283099059767,1.36646623377994,1.9780448550902,-0.034329790026558,0.493419937217385,2.23990985087105,3.24481769457975,TRUE
"fixed_design","SH",447,0.654916512059369,0.322109913296319,0.778004343920061,-0.513924551396932,1.43507429796112,-1.16315332368872,1.57291591650668,0.204881296408982,2.7360692401954,-1.55532504114754,-0.744555918048937,1.36837287335774,1.9769858401293,-0.0374009828815661,0.492216336830282,2.24523889325463,3.2514119773924,TRUE
"fixed_design","SH",448,0.658627087198516,1.21078358234138,0.779696132121258,-0.51279094435334,1.43704997490334,-1.16858213187075,1.5743123554993,0.202865111814276,2.74289448737005,-1.56322815287193,-0.748102537734126,1.37006525820142,1.97555544206659,-0.0402891182408,0.491562388075077,2.25108017097162,3.25809302089156,TRUE
"fixed_design","SH",449,0.662337662337662,-0.653881150103833,0.781379659301737,-0.511665598330467,1.43901739082483,-1.17404849293155,1.5756997222188,0.200825614643623,2.74974821515035,-1.57098367835366,-0.751270552154605,1.37193778516411,1.97497780481913,-0.043168652256819,0.48970941482045,2.25775515725452,3.26553788833424,TRUE
"fixed_design","SH",450,0.666048237476809,1.14132756909166,0.783054925461498,-0.510548513328311,1.44097654572561,-1.17955240687113,1.57707801666517,0.198762804897022,2.7566304235363,-1.57853747441489,-0.754369226794675,1.37396399287833,1.97546254067816,-0.0463454002624383,0.48776972054962,2.26354850304378,3.27278746610188,TRUE
"fixed_design","SH",451,0.669758812615955,-1.45217774785386,0.784721930600542,-0.509439689346874,1.44292743960567,-1.18509387368948,1.57844723883842,0.196676682574473,2.7635411125279,-1.58652400464692,-0.757503063656311,1.3756959514355,1.97452797042844,-0.0496429008515603,0.48605913866885,2.26881714238567,3.28039825857082,TRUE
"fixed_design","SH",452,0.673469387755102,-1.16903032738474,0.786380674718867,-0.508339126386154,1.44487007246501,-1.1906728933866,1.57980738873855,0.194567247675977,2.77048028212515,-1.59425132762071,-0.760695326108594,1.37745606125156,1.97402099967875,-0.0521445898328177,0.484342691587774,2.27397547322467,3.28791917227166,TRUE
"fixed_design","SH",453,0.677179962894249,1.09639085405371,0.788031157816474,-0.507246824446153,1.44680444430363,-1.1962894659625,1.58115846636556,0.192434500201533,2.77744793232806,-1.60180059838935,-0.763363863850344,1.37909094136196,1.97452860000887,-0.0553255668470983,0.483622601030059,2.27960810690745,3.29623163268002,TRUE
"fixed_design","SH",454,0.680890538033395,0.713111845747342,0.789673379893364,-0.506162783526868,1.44873055512154,-1.20194359141717,1.58250047171945,0.190278440151141,2.78444406313662,-1.61014958832304,-0.766241384034774,1.38078606607124,1.974809885579,-0.0585342815613836,0.482029419352795,2.2848475218512,3.30471322477709,TRUE
"fixed_design","SH",455,0.684601113172542,-0.147481927165522,0.791307340949535,-0.505087003628303,1.45064840491873,-1.20763526975061,1.58383340480021,0.188099067524802,2.79146867455083,-1.61789264504085,-0.768922410745367,1.38252969381298,1.9740725139261,-0.0615914197294284,0.480510820616808,2.29029673820164,3.31228424169834,TRUE
"fixed_design","SH",456,0.688311688311688,1.05442358889568,0.792933040984989,-0.504019484750455,1.4525579936952,-1.21336450096283,1.58515726560786,0.185896382322515,2.79852176657069,-1.62669697468414,-0.771180602608369,1.38422925083459,1.97415361513216,-0.0650119807639783,0.478090722423583,2.29501206350828,3.31967870029297,TRUE
"fixed_design","SH",457,0.692022263450835,0.146855171566299,0.794550479999725,-0.502960226893325,1.45445932145095,-1.21913128505382,1.58647205414238,0.18367038454428,2.8056033391962,-1.63439512916676,-0.774377984465484,1.38582757630444,1.97448838859772,-0.0682260164213154,0.477142588722973,2.29960797307989,3.32858200454958,TRUE
"fixed_design","SH",458,0.695732838589981,1.10567547204709,0.796159657993742,-0.501909230056913,1.45635238818599,-1.22493562202358,1.58777777040378,0.181421074190098,2.81271339242736,-1.64269895917721,-0.777305995119428,1.38726911954306,1.97491006692885,-0.0717780126779651,0.475724752309635,2.30549430331848,3.33807461921885,TRUE
"fixed_design","SH",459,0.699443413729128,1.09472403992129,0.797760574967042,-0.500866494241219,1.4582371939003,-1.23077751187212,1.58907441439206,0.179148451259968,2.81985192626418,-1.65115010436043,-0.779678582381222,1.38867513675357,1.97441122568472,-0.0749113105636887,0.474286627854939,2.31055137332909,3.34686518189577,TRUE
"fixed_design","SH",460,0.703153988868275,1.34888666724075,0.799353230919624,-0.499832019446243,1.4601137385939,-1.23665695459943,1.59036198610721,0.17685251575389,2.82701894070664,-1.65943952044205,-0.782503897320529,1.3903583250449,1.97559090206592,-0.0781724617033243,0.472514644349808,2.31572943068063,3.35592721861277,TRUE
"fixed_design","SH",461,0.706864564007421,1.17396556707168,0.800937625851488,-0.498805805671985,1.46198202226678,-1.24257395020552,1.59164048554925,0.174533267671865,2.83421443575476,-1.66758921719178,-0.784723107211769,1.39204340640741,1.97520336190727,-0.0811946232779159,0.471322937489766,2.32031767835728,3.36385483138743,TRUE
"fixed_design","SH",462,0.710575139146568,0.986128070162203,0.802513759762633,-0.497787852918445,1.46384204491894,-1.24852849869037,1.59290991271816,0.172190707013892,2.84143841140853,-1.67528324048702,-0.787511512131829,1.3937011173845,1.97620786677752,-0.0846919067176855,0.46923615309106,2.32443167365003,3.3730717036135,TRUE
"fixed_design","SH",463,0.714285714285714,1.44720396699129,0.804081632653061,-0.496778161185623,1.46569380655039,-1.25452060005401,1.59417026761395,0.169824833779971,2.84869086766795,-1.68413932949966,-0.790179412790495,1.39510251621314,1.97766914285074,-0.0881745741914264,0.468245089245497,2.32943563539142,3.38357108562199,TRUE
"fixed_design","SH",464,0.717996289424861,1.438964880521,0.805641244522771,-0.495776730473519,1.46753730716111,-1.26055025429641,1.59542155023662,0.167435647970103,2.85597180453303,-1.69230197259109,-0.793715973263438,1.39644335143466,1.9784744481247,-0.0919414341836155,0.465883260674845,2.3349745241138,3.39282131966839,TRUE
"fixed_design","SH",465,0.721706864564007,1.04355279707332,0.807192595371763,-0.494783560782132,1.46937254675112,-1.26661746141759,1.59666376058616,0.165023149584287,2.86328122200375,-1.70142457440703,-0.796501324377856,1.39764510257983,1.98111043404815,-0.0951199302945928,0.464829629235395,2.33922837212678,3.40187260548895,TRUE
"fixed_design","SH",466,0.725417439703154,1.08364553267976,0.808735685200037,-0.493798652111464,1.47119952532041,-1.27272222141754,1.59789689866259,0.162587338622523,2.87061912008013,-1.70998549680509,-0.798852434383878,1.39938403811169,1.98125157527735,-0.0996540497855112,0.463508273359258,2.34412124803936,3.41098076130373,TRUE
"fixed_design","SH",467,0.7291280148423,1.15017489311288,0.810270514007593,-0.492822004461513,1.47301824286899,-1.27886453429626,1.59912096446589,0.160128215084812,2.87798549876215,-1.71911178702793,-0.801853354034458,1.40093349441787,1.98325426721965,-0.102827023382301,0.462590484245224,2.34913847514237,3.4211981675197,TRUE
"fixed_design","SH",468,0.732838589981447,0.847653902287412,0.811797081794431,-0.491853617832281,1.47482869939684,-1.28504440005376,1.60033595799607,0.157645778971153,2.88538035804983,-1.72760587939202,-0.805867259103027,1.40230882573882,1.98426187176218,-0.106946542306403,0.460885916735568,2.35330087181095,3.42995067052424,TRUE
"fixed_design","SH",469,0.736549165120594,1.23473124097382,0.813315388560552,-0.490893492223767,1.47663089490398,-1.29126181869004,1.60154187925313,0.155140030281546,2.89280369794316,-1.7365368942142,-0.809443496932252,1.40354925715007,1.98611111503984,-0.110524460568767,0.459529944099372,2.35775261162209,3.44021225717572,TRUE
"fixed_design","SH",470,0.74025974025974,0.914581077542359,0.814825434305954,-0.48994162763597,1.4784248293904,-1.29751679020508,1.60273872823706,0.152610969015992,2.90025551844215,-1.74625933280838,-0.812654032211483,1.40479554082234,1.98755756360395,-0.114334625543431,0.457858594801424,2.36122397241588,3.44868116052884,TRUE
"fixed_design","SH",471,0.743970315398887,1.02504793209748,0.816327219030638,-0.488998024068892,1.4802105028561,-1.3038093145989,1.60392650494788,0.15005859517449,2.90773581954678,-1.75562060382932,-0.815296891296496,1.4059301813272,1.98918645314557,-0.118368425630154,0.456366134867488,2.36546877526791,3.45807769792789,TRUE
"fixed_design","SH",472,0.747680890538033,0.471131402542413,0.817820742734604,-0.488062681522531,1.48198791530108,-1.31013939187149,1.60510520938557,0.147482908757041,2.91524460125706,-1.76516700216603,-0.818057069101061,1.40730057038742,1.99096317095989,-0.122201556989043,0.454954025955668,2.36986913443794,3.4677148915819,TRUE
"fixed_design","SH",473,0.75139146567718,1.34566860238138,0.819306005417853,-0.487135599996888,1.48375706672535,-1.31650702202286,1.60627484155014,0.144883909763643,2.922781863573,-1.7743723387889,-0.821176897931618,1.40853452134179,1.99188877707934,-0.125652196691915,0.453852524937823,2.37332816054726,3.47673914681369,TRUE
"fixed_design","SH",474,0.755102040816326,1.22733877367592,0.820783007080383,-0.486216779491964,1.48551795712889,-1.322912205053,1.60743540144159,0.142261598194298,2.93034760649459,-1.78370661495333,-0.824741185401111,1.4097591803313,1.99237986887372,-0.129823664202657,0.45211227461932,2.37701661881813,3.48577498912759,TRUE
"fixed_design","SH",475,0.758812615955473,0.982834023287523,0.822251747722196,-0.485306220007757,1.48727058651172,-1.32935494096191,1.60858688905992,0.139615974049006,2.93794183002183,-1.79280512269911,-0.82838708695216,1.41106291386755,1.99387578227485,-0.133267607410907,0.45130140435033,2.38033145925022,3.49753421057389,TRUE
"fixed_design","SH",476,0.76252319109462,0.159633093054209,0.82371222734329,-0.484403921544268,1.48901495487383,-1.33583522974959,1.60972930440513,0.136947037327766,2.94556453415472,-1.80304880883753,-0.830813357557917,1.41225937879026,1.99621377000216,-0.137156323901155,0.449503991603971,2.38445699477217,3.50765737254582,TRUE
"fixed_design","SH",477,0.766233766233766,1.28964731468081,0.825164445943667,-0.483509884101497,1.49075106221523,-1.34235307141605,1.61086264747721,0.134254788030578,2.95321571889326,-1.81271575094507,-0.834513589286523,1.41378488883748,1.99853672029791,-0.141690802829183,0.448212589562252,2.38995885572651,3.51906425527448,TRUE
"fixed_design","SH",478,0.769944341372913,0.789484418548775,0.826608403523325,-0.482624107679444,1.4924789085359,-1.34890846596129,1.61198691827617,0.131539226157442,2.96089538423746,-1.8215189107478,-0.836713094808496,1.4147104689288,2.00133459926946,-0.145747160395586,0.446773251231806,2.39347469717524,3.53036114853116,TRUE
"fixed_design","SH",479,0.773654916512059,1.39339043233544,0.828044100082266,-0.481746592278109,1.49419849383586,-1.35550141338529,1.61310211680201,0.128800351708359,2.9686035301873,-1.83049310994299,-0.839008535104969,1.41562730132939,2.00332972046985,-0.150308385101965,0.445956801616512,2.39810087678991,3.54218117684548,TRUE
"fixed_design","SH",480,0.777365491651206,0.535631290098403,0.829471535620489,-0.480877337897492,1.4959098181151,-1.36213191368807,1.61420824305473,0.126038164683328,2.9763401567428,-1.84044133895052,-0.842270763543809,1.41670428354432,2.00497019239434,-0.154538367543192,0.44441469253335,2.40271961282156,3.55237576473279,TRUE
"fixed_design","SH",481,0.781076066790352,1.41875208576564,0.830890710137993,-0.480016344537593,1.49761288137362,-1.36879996686963,1.61530529703432,0.123252665082349,2.98410526390395,-1.85061208441656,-0.84465894218448,1.41757144197713,2.00682825121815,-0.159278693775408,0.443868700281072,2.40636643764248,3.56314561067586,TRUE
"fixed_design","SH",482,0.784786641929499,1.37421312742008,0.83230162363478,-0.479163612198412,1.49930768361142,-1.37550557292995,1.6163932787408,0.120443852905423,2.99189885167075,-1.860169620603,-0.847769355667741,1.41847166198624,2.01010976119261,-0.163372926069876,0.442483416124714,2.41033938950746,3.57382013284814,TRUE
"fixed_design","SH",483,0.788497217068646,0.275399757339516,0.833704276110849,-0.478319140879949,1.50099422482851,-1.38224873186905,1.61747218817415,0.117611728152549,2.9997209200432,-1.8704776588989,-0.850724984221378,1.41952660338085,2.01150840153432,-0.167719338854338,0.440591377765073,2.4141006992213,3.58447522433514,TRUE
"fixed_design","SH",484,0.792207792207792,-0.355897372193954,0.8350986675662,-0.477482930582204,1.50267250502488,-1.38902944368693,1.61854202533438,0.114756290823728,3.00757146902131,-1.8803269064622,-0.854578181541691,1.42031978795515,2.01459019084772,-0.172129496643757,0.439767776021797,2.41871467974418,3.59595495431238,TRUE
"fixed_design","SH",485,0.795918367346939,0.78129156356856,0.836484798000833,-0.476654981305177,1.50434252420053,-1.39584770838357,1.61960279022149,0.111877540918958,3.01545049860506,-1.89017925059696,-0.856916257783088,1.42125646257668,2.01596012590481,-0.176143428178029,0.43886899389235,2.4218660390677,3.60797184725535,TRUE
"fixed_design","SH",486,0.799628942486085,1.40035962358813,0.837862667414748,-0.475835293048867,1.50600428235546,-1.40270352595899,1.62065448283548,0.108975478438241,3.02335800879447,-1.90117388222042,-0.860082144440984,1.42202348303252,2.01822825829282,-0.180667111962195,0.437813603584907,2.42732445026196,3.61958355290113,TRUE
"fixed_design","SH",487,0.803339517625232,1.41319387596066,0.839232275807945,-0.475023865813276,1.50765777948967,-1.40959689641319,1.62169710317634,0.106050103381577,3.03129399958953,-1.91165429097661,-0.862968021320214,1.42271961369394,2.02132705667242,-0.185354762234836,0.436620779425805,2.43102763707232,3.6310540367192,TRUE
"fixed_design","SH",488,0.807050092764378,1.20953898386605,0.840593623180424,-0.474220699598403,1.50930301560317,-1.41652781974616,1.62273065124408,0.103101415748964,3.03925847099024,-1.92241518932068,-0.864379897665418,1.42348552277704,2.02515775892295,-0.190550892875539,0.436151233791254,2.43480901338674,3.64232049590088,TRUE
"fixed_design","SH",489,0.810760667903525,0.268025065816086,0.841946709532185,-0.473425794404247,1.51093999069594,-1.4234962959579,1.6237551270387,0.100129415540404,3.0472514229966,-1.93315492727567,-0.867028590421674,1.42433076077424,2.02741456847867,-0.195500996742652,0.434953237272968,2.43780116272103,3.65438177510315,TRUE
"fixed_design","SH",490,0.814471243042672,1.44218411946769,0.843291534863228,-0.47263915023081,1.512568704768,-1.43050232504841,1.6247705305602,0.0971341027558968,3.05527285560861,-1.94445270855091,-0.869847906771242,1.42517729048872,2.03003207059887,-0.200128573422451,0.43479641888922,2.44132193686694,3.6666048335435,TRUE
"fixed_design","SH",491,0.818181818181818,1.05184956711451,0.844628099173554,-0.47186076707809,1.51418915781935,-1.4375459070177,1.62577686180858,0.0941154773954418,3.06332276882628,-1.95564106162643,-0.871969980093799,1.42584137236924,2.03231055003994,-0.204941288056652,0.43373260882306,2.44598260685123,3.67805628837986,TRUE
"fixed_design","SH",492,0.821892393320965,1.34618914541987,0.845956402463161,-0.471090644946089,1.51580134984997,-1.44462704186576,1.62677412078384,0.0910735394590388,3.07140116264959,-1.96696966981334,-0.875656443341999,1.42635444628892,2.03536501385446,-0.209426740776799,0.432245097600651,2.45105907903259,3.68948045164413,TRUE
"fixed_design","SH",493,0.825602968460111,0.812713939036911,0.84727644473205,-0.470328783834805,1.51740528085988,-1.45174572959259,1.62776230748597,0.0880082889466882,3.07950803707856,-1.97795913035216,-0.879395599299427,1.42689849535036,2.03810184165045,-0.21410126327318,0.432325433793098,2.45426086635995,3.70235573528883,TRUE
"fixed_design","SH",494,0.829313543599258,0.727307999805663,0.848588225980222,-0.469575183744239,1.51900095084906,-1.4589019701982,1.62874142191498,0.0849197258583899,3.08764339211318,-1.98901585158592,-0.882282884937364,1.42756469149063,2.04048566865272,-0.218723155815115,0.431507398241219,2.4575426182073,3.71565624209693,TRUE
"fixed_design","SH",495,0.833024118738404,1.05868727600597,0.849891746207675,-0.468829844674392,1.52058835981753,-1.46609576368258,1.62971146407087,0.0818078501941441,3.09580722775345,-1.99990763666072,-0.885292306674217,1.42777751831045,2.0418907048285,-0.224173480094335,0.43107884525563,2.4627023481303,3.72905370043295,TRUE
"fixed_design","SH",496,0.836734693877551,0.565229456175451,0.851187005414411,-0.468092766625262,1.52216750776529,-1.47332711004574,1.63067243395364,0.0786726619539505,3.10399954399938,-2.01135446119336,-0.888507087239076,1.42796982515963,2.04420071779392,-0.229252186211717,0.430963478259177,2.46779603699187,3.74124527521576,TRUE
"fixed_design","SH",497,0.840445269016698,0.442438960340127,0.852474003600428,-0.46736394959685,1.52373839469232,-1.48059600928767,1.63162433156328,0.0755141611378092,3.11222034085095,-2.02300586809166,-0.891402337759527,1.42789512317761,2.04709633823365,-0.234249065563766,0.42991671425253,2.47028787661019,3.75436086493663,TRUE
"fixed_design","SH",498,0.844155844155844,0.670440881160441,0.853752740765728,-0.466643393589156,1.52530102059864,-1.48790246140837,1.63256715689981,0.0723323477457204,3.12046961830817,-2.03504552100918,-0.895434731497123,1.42825087086435,2.05046936644076,-0.239114169344048,0.428736424283972,2.47456690593923,3.76773730618642,TRUE
"fixed_design","SH",499,0.847866419294991,1.14806605645666,0.855023216910309,-0.46593109860218,1.52685538548424,-1.49524646640784,1.63350090996321,0.0691272217776838,3.12874737637105,-2.04591682841319,-0.898713869258385,1.4283078492618,2.05421142561136,-0.244416497166227,0.42841759677325,2.47885593830808,3.78009738798477,TRUE
"fixed_design","SH",500,0.851576994434137,-0.508105956442173,0.856285432034173,-0.465227064635922,1.52840148934912,-1.50262802428609,1.63442559075349,0.0658987832336995,3.13705361503958,-2.05790108462114,-0.902355800444011,1.42832096456467,2.05727456163953,-0.249774954858053,0.427136746911039,2.48292436627499,3.79250028856752,TRUE
"fixed_design","SH",501,0.855287569573284,0.200833597813262,0.857539386137319,-0.464531291690382,1.52993933219328,-1.51004713504311,1.63534119927065,0.0626470321137678,3.14538833431376,-2.06953049046643,-0.905347746234158,1.42846802602316,2.06124123407398,-0.254631385802475,0.42664845492685,2.4875048515559,3.80531553129473,TRUE
"fixed_design","SH",502,0.85899814471243,0.998819793565056,0.858785079219747,-0.46384377976556,1.53146891401672,-1.51750379867891,1.63624773551468,0.0593719684178881,3.15375153419359,-2.08101547211173,-0.907491740164068,1.42816297827058,2.06449254522016,-0.25968355767296,0.425469574951701,2.49157214275787,3.81875379306312,TRUE
"fixed_design","SH",503,0.862708719851577,-4.24765866507823,0.860022511281457,-0.463164528861456,1.53299023481945,-1.52499801519348,1.6371451994856,0.0560735921460609,3.16214321467908,-2.09295685253682,-0.911205554451973,1.42790830936083,2.06631445485028,-0.26472614603618,0.424864076945693,2.49489706389724,3.83176149009502,TRUE
"fixed_design","SH",504,0.866419294990724,-0.47401389488834,0.861251682322448,-0.46249353897807,1.53450329460146,-1.53252978458682,1.63803359118339,0.0527519032982859,3.17056337577021,-2.10460352365952,-0.914979635861776,1.427902870751,2.06976986592317,-0.27062587940437,0.424266250633706,2.49933570588216,3.84409747276385,TRUE
"fixed_design","SH",505,0.87012987012987,0.734847512266181,0.862472592342722,-0.461830810115401,1.53600809336275,-1.54009910685894,1.63891291060806,0.0494069018745636,3.179012017467,-2.11637723980325,-0.91911166883591,1.42755073649407,2.07218289724673,-0.276110980869896,0.423103168355149,2.50286602413425,3.85817174230807,TRUE
"fixed_design","SH",506,0.873840445269017,1.08179233527377,0.863685241342278,-0.461176342273451,1.53750463110332,-1.54770598200982,1.63978315775961,0.0460385878748932,3.18748913976944,-2.12836045182015,-0.921654865624068,1.42735346399369,2.07630480441482,-0.281794041541243,0.422588753471907,2.50559110055087,3.87217796204998,TRUE
"fixed_design","SH",507,0.877551020408163,1.5178712049082,0.864889629321116,-0.460530135452219,1.53899290782318,-1.55535041003949,1.64064433263804,0.0426469612992753,3.19599474267753,-2.14112270334034,-0.923768214730425,1.42679487324333,2.07989852288751,-0.287301858429706,0.422535164907174,2.50879957427498,3.88568502556233,TRUE
"fixed_design","SH",508,0.88126159554731,1.24034905944882,0.866085756279236,-0.459892189651704,1.54047292352231,-1.56303239094792,1.64149643524334,0.0392320221477099,3.20452882619127,-2.15347135171171,-0.926803684836427,1.42677357632206,2.08434659116041,-0.29297995151396,0.421506256215331,2.51208035469304,3.8991712194548,TRUE
"fixed_design","SH",509,0.884972170686456,0.985746275483977,0.867273622216638,-0.459262504871908,1.54194467820073,-1.57075192473513,1.64233946557553,0.0357937704201966,3.21309139031066,-2.16516676943689,-0.929846160608521,1.42634383210905,2.08763455430106,-0.298561345296723,0.420408983929049,2.51643937319784,3.91246027568219,TRUE
"fixed_design","SH",510,0.888682745825603,1.46716251217706,0.868453227133323,-0.45864108111283,1.54340817185843,-1.57850901140112,1.64317342363459,0.0323322061167357,3.2216824350357,-2.17835650107672,-0.932427279060381,1.42556715617674,2.09208556912839,-0.304317378446281,0.419515680532968,2.52018918689271,3.92715680092332,TRUE
"fixed_design","SH",511,0.89239332096475,-0.204177082875887,0.869624571029289,-0.458027918374469,1.54486340449541,-1.58630365094587,1.64399830942053,0.0288473292373271,3.2303019603664,-2.19156485784837,-0.935162330916301,1.42486836988277,2.09639275963377,-0.310398975120742,0.418269905257825,2.52373172335331,3.93874786792365,TRUE
"fixed_design","SH",512,0.896103896103896,1.17402592781195,0.870787653904537,-0.457423016656827,1.54631037611168,-1.5941358433694,1.64481412293334,0.025339139781971,3.23894996630275,-2.20418539276751,-0.938151784461973,1.42409185903883,2.10059581372682,-0.316232574058019,0.416584817043228,2.52740413008603,3.95433308098214,TRUE
"fixed_design","SH",513,0.899814471243043,0.985177670041648,0.871942475759067,-0.456826375959902,1.54774908670723,-1.60200558867171,1.64562086417304,0.0218076377506671,3.24762645284475,-2.21659860807779,-0.941473732497766,1.42381189286063,2.1040888009092,-0.322005546122277,0.415473524441067,2.53070347507562,3.96859674172703,TRUE
"fixed_design","SH",514,0.903525046382189,1.53185592973052,0.87308903659288,-0.456237996283695,1.54917953628206,-1.60991288685278,1.64641853313961,0.0182528231434155,3.2563314199924,-2.22832798958761,-0.944791488331701,1.4226534128936,2.10724619989229,-0.328251089623164,0.415428808650972,2.5341021654634,3.98135547379097,TRUE
"fixed_design","SH",515,0.907235621521336,-0.618603730768553,0.874227336405974,-0.455657877628207,1.55060172483617,-1.61785773791263,1.64720712983307,0.0146746959602165,3.2650648677457,-2.24133316605321,-0.9487544538578,1.42170682596155,2.11173523616079,-0.334416249805767,0.414569714478428,2.53704866643046,3.99609505768183,TRUE
"fixed_design","SH",516,0.910946196660482,0.988682010843913,0.87535737519835,-0.455086019993436,1.55201565236956,-1.62584014185126,1.6479866542534,0.0110732562010695,3.27382679610465,-2.25484407387379,-0.952328253395853,1.42075917642408,2.11582115804566,-0.340802217628245,0.413939292843234,2.54091745118257,4.01068896135039,TRUE
"fixed_design","SH",517,0.914656771799629,0.254860368134478,0.876479152970009,-0.454522423379383,1.55342131888224,-1.63386009866865,1.6487571064006,0.00744850386597493,3.28261720506926,-2.26780224054352,-0.954767374261719,1.42008586331985,2.11962577866349,-0.347081979068149,0.412812940489278,2.54445811378084,4.02537441607581,TRUE
"fixed_design","SH",518,0.918367346938776,0.390502522722981,0.87759266972095,-0.453967087786048,1.55481872437419,-1.64191760836482,1.64951848627469,0.00380043895493267,3.29143609463951,-2.27950681083586,-0.957686926648845,1.41911459539455,2.12358748966542,-0.352466806165977,0.411281807076321,2.54778636851594,4.04096046987036,TRUE
"fixed_design","SH",519,0.922077922077922,1.0603877487063,0.878697925451172,-0.453420013213431,1.55620786884543,-1.65001267093977,1.65027079387565,0.000129061467942966,3.30028346481542,-2.29350049408797,-0.960448214151937,1.41834844700102,2.12649572968906,-0.358403538483876,0.410428965452222,2.55216641044997,4.05436301144071,TRUE
"fixed_design","SH",520,0.925788497217069,0.285534747554424,0.879794920160677,-0.452881199661532,1.55758875229595,-1.65814528639348,1.6510140292035,-0.00356562859499457,3.30915931559698,-2.30648666560015,-0.963686176699817,1.4170892090261,2.13082470690266,-0.365308764385394,0.409845461561794,2.55606754776699,4.06905354120107,TRUE
"fixed_design","SH",521,0.929499072356215,-2.18635893751858,0.880883653849464,-0.452350647130351,1.55896137472576,-1.66631545472598,1.65174819225822,-0.0072836312338799,3.31806364698419,-2.31910534875357,-0.967016346491065,1.4157638765146,2.13529569080185,-0.37215604989983,0.409018967336731,2.55800939151518,4.08259896852415,TRUE
"fixed_design","SH",522,0.933209647495362,1.20844414666793,0.881964126517532,-0.451828355619889,1.56032573613484,-1.67452317593724,1.65247328303981,-0.0110249464487126,3.32699645897705,-2.33178633983797,-0.970635481971324,1.41457294410895,2.13897935687969,-0.37803972504499,0.40797898023444,2.56153798331817,4.09735439658211,TRUE
"fixed_design","SH",523,0.936920222634508,-1.44908109817439,0.883036338164883,-0.451314325130143,1.56168183652321,-1.68276845002728,1.65318930154829,-0.0147895742394932,3.33595775157557,-2.34388737804078,-0.9728529339317,1.41327067760854,2.14314024617812,-0.38376190782591,0.407720611699354,2.56349610929019,4.11242817772764,TRUE
"fixed_design","SH",524,0.940630797773655,1.35094226788621,0.884100288791516,-0.450808555661116,1.56302967589086,-1.69105127699609,1.65389624778365,-0.0185775146062214,3.34494752477974,-2.35639274459246,-0.9759756052177,1.41125983704907,2.14826246527742,-0.390109102879407,0.407482583413527,2.56627399118894,4.1285959016925,TRUE
"fixed_design","SH",525,0.944341372912802,1.37304352014698,0.885155978397431,-0.450311047212807,1.56436925423779,-1.69937165684367,1.65459412174588,-0.0223887675488973,3.35396577858955,-2.36987934925729,-0.979028909956688,1.40937338579643,2.15261803693365,-0.396926797006675,0.406938798812637,2.57021000238196,4.1430563619778,TRUE
"fixed_design","SH",526,0.948051948051948,1.42512453249297,0.886203406982628,-0.449821799785216,1.565700571564,-1.70772958957003,1.65528292343499,-0.0262233330675206,3.36301251300502,-2.3828739894486,-0.981953415537376,1.40667907840001,2.15695115412819,-0.404265012829291,0.40617202727637,2.57377454600667,4.15881892255641,TRUE
"fixed_design","SH",527,0.951762523191095,1.43588892695317,0.887242574547107,-0.449340813378342,1.5670236278695,-1.71612507517516,1.65596265285098,-0.0300812111620919,3.37208772802614,-2.39678748273643,-0.985270451738707,1.40449300036447,2.16147136114633,-0.411089679235063,0.404559516501263,2.57701570703652,4.17501774060144,TRUE
"fixed_design","SH",528,0.955473098330241,1.47467835128271,0.888273481090868,-0.448868087992187,1.56833842315428,-1.72455811365907,1.65663330999385,-0.0339624018326108,3.38119142365291,-2.40923033779005,-0.98770715133347,1.40208919171674,2.16545893331546,-0.417891695526865,0.403237864352392,2.58030758803868,4.19051359068747,TRUE
"fixed_design","SH",529,0.959183673469388,0.886843612425575,0.889296126613911,-0.44840362362675,1.56964495741834,-1.73302870502175,1.65729489486359,-0.0378669050790772,3.39032359988534,-2.42273315612464,-0.990591611825788,1.39952332609208,2.16906434563858,-0.424766180638775,0.402739790775088,2.58391189250745,4.20647183264403,TRUE
"fixed_design","SH",530,0.962894248608534,1.49483266581594,0.890310511116236,-0.44794742028203,1.57094323066168,-1.7415368492632,1.65794740746022,-0.0417947209014914,3.39948425672341,-2.43655598632848,-0.993069734876793,1.39716742249634,2.17433345869292,-0.432268648136354,0.402096488054662,2.58614475017222,4.2204108408316,TRUE
"fixed_design","SH",531,0.966604823747681,1.2777704324768,0.891316634597843,-0.447499477958029,1.5722332428843,-1.75008254638342,1.65859084778372,-0.0457458492998533,3.40867339416714,-2.45024511111562,-0.996969060122586,1.39481312123122,2.17831089275997,-0.439605344846232,0.401424896811553,2.58849596646098,4.235566718638,TRUE
"fixed_design","SH",532,0.970315398886827,0.923832385596479,0.892314497058732,-0.447059796654745,1.57351499408621,-1.75866579638242,1.6592252158341,-0.0497202902741626,3.41789101221652,-2.46370801987233,-0.99950089231839,1.39198082956962,2.181473667317,-0.446154468369329,0.400693696868622,2.59011425982472,4.25190397288689,TRUE
"fixed_design","SH",533,0.974025974025974,1.37996314367425,0.893304098498904,-0.44662837637218,1.5747884842674,-1.76728659926019,1.65985051161135,-0.0537180438244199,3.42713711087155,-2.47784053419347,-1.00310142436796,1.3892059021528,2.18495849378406,-0.453389272378068,0.400285420365261,2.59425880742772,4.26712332401673,TRUE
"fixed_design","SH",534,0.977736549165121,0.752701519799603,0.894285438918357,-0.446205217110332,1.57605371342787,-1.77594495501674,1.66046673511549,-0.0577391099506248,3.43641169013223,-2.49167713554635,-1.00663657571932,1.38634882944544,2.1900141323361,-0.46033753002424,0.398618485200935,2.59598204830442,4.28290325015157,TRUE
"fixed_design","SH",535,0.981447124304267,1.5463366790641,0.895258518317092,-0.445790318869203,1.57731068156762,-1.78464086365206,1.6610738863465,-0.0617834886527773,3.44571474999856,-2.50557545724521,-1.00995337037584,1.3828248406778,2.19485655218799,-0.467798681759401,0.39804799439934,2.59916145765047,4.29698315415084,TRUE
"fixed_design","SH",536,0.985157699443414,1.30134765276646,0.89622333669511,-0.445383681648791,1.57855938868665,-1.79337432516615,1.6616719653044,-0.0658511799308773,3.45504629047055,-2.51944360026974,-1.01308932462175,1.37940188254807,2.19863333594127,-0.474867159050547,0.397493235894307,2.60106878010958,4.31165944209249,TRUE
"fixed_design","SH",537,0.98886827458256,0.847866502680843,0.897179894052409,-0.444985305449097,1.57979983478497,-1.80214533955902,1.66226097198917,-0.0699421837849252,3.46440631154818,-2.53387323100462,-1.01668074588605,1.37649935217596,2.20279725535982,-0.482519594752153,0.397158025780691,2.60409052624874,4.32902833565187,TRUE
"fixed_design","SH",538,0.992578849721707,1.27157867600306,0.898128190388991,-0.444595190270121,1.58103201986257,-1.81095390683066,1.66284090640081,-0.0740565002149208,3.47379481323147,-2.54802691289281,-1.02089506744996,1.3731195200506,2.20697519860315,-0.489785138304252,0.395841672630193,2.60835289186768,4.34550254037033,TRUE
"fixed_design","SH",539,0.996289424860853,0.97402978258228,0.899068225704854,-0.444213336111863,1.58225594391945,-1.81980002698107,1.66341176853934,-0.0781941292208638,3.48321179552041,-2.56266157548163,-1.0241464984594,1.36969667484712,2.21130466090476,-0.497741825868864,0.39524820060206,2.61164202036357,4.36215417623957,TRUE
"fixed_design","SH",540,1,0.160104260300775,0.9,-0.443839742974323,1.58347160695561,-1.82868370001026,1.66397355840475,-0.0823550708027546,3.492657258415,-2.57792000185206,-1.02878562942063,1.36629277315459,2.2162797260079,-0.505497053688155,0.394563788674646,2.61478115877797,4.37874553206989,TRUE
"dlm","RQR",1,1,0.40839960016234,0.15,-1.92010721339505,0.676651278810988,-2.07274100002004,0.882479535746844,-0.595130732136599,2.95522053576689,-3.20150597073887,-0.957292806451485,0.273281137282604,1.81869838402235,-1.25751840971829,0.0882233044671183,1.60157194901966,4.34072545403263,TRUE
"dlm","RQR",2,2,-0.618905612052081,0.174612798786846,-1.8954944146082,0.701264077597833,-2.04952147170268,0.907705899535123,-0.570907786083778,2.9572273712378,-3.1590008089454,-0.951253393955349,0.329555608274044,1.81702672423047,-1.22057099056504,0.0941496036799348,1.62895046633257,4.31282682676638,TRUE
"dlm","RQR",3,3,-0.847106887849967,0.16799253860611,-1.90211467478894,0.694643817417097,-2.02520986480638,0.93394904347879,-0.545630410663794,2.95915890828517,-3.1125903734734,-0.945160081743107,0.381205521820697,1.82417040886616,-1.17790991088294,0.107029535773918,1.66597971340943,4.2874080316533,TRUE
"dlm","RQR",4,4,-0.233985471698686,0.146017553234868,-1.92408966016018,0.672668832045855,-2.00056916303744,0.961543821293223,-0.519512670872109,2.96211298433066,-3.07308208135758,-0.941604772189858,0.431130480916787,1.82689433578614,-1.13875673453398,0.118261992188228,1.70094195201218,4.25160362307748,TRUE
"dlm","RQR",5,5,0.332484820803439,0.163581382825573,-1.90652583056947,0.69023266163656,-1.97466971615524,0.989899456059409,-0.492385130047915,2.96456917221465,-3.02754375206984,-0.942773819577914,0.488545480329734,1.8384692024688,-1.09777673580516,0.129008744793334,1.73207814342973,4.23339124372738,TRUE
"dlm","RQR",6,6,-2.01006960101742,0.215351991386128,-1.85475522200892,0.742003270197116,-1.94757043026962,1.01942292253885,-0.464073753865383,2.96699335280847,-2.9797232386755,-0.937257440244025,0.541262535962302,1.84658159608562,-1.05501902754633,0.139186140550343,1.76430396432267,4.21323246478174,TRUE
"dlm","RQR",7,7,0.690861340718611,0.261788823046343,-1.8083183903487,0.78844010185733,-1.91806103899232,1.04969695493951,-0.434182042026407,2.96775799393183,-2.93966942058075,-0.915351876881389,0.593281136760659,1.86290335942573,-1.01051962692346,0.157715222660978,1.78611822905065,4.18962777274786,TRUE
"dlm","RQR",8,8,0.819540134401209,0.303570082882955,-1.76653713051209,0.830221361693942,-1.88738203390105,1.08059833798618,-0.403391847957432,2.96798037188723,-2.89309979247572,-0.905208502081356,0.641608842101997,1.87790556527495,-0.968826481620027,0.178204527289075,1.81706761189176,4.16572719548927,TRUE
"dlm","RQR",9,9,0.0199067833260281,0.34566140598634,-1.72444580740871,0.872312684797328,-1.85609645152974,1.11194012007317,-0.372078165728287,2.96803657160291,-2.84110208707491,-0.888208728426576,0.687372766007982,1.88935582928535,-0.930173997113513,0.19929066824137,1.83633643473715,4.14981212443076,TRUE
"dlm","RQR",10,10,0.793671843335933,0.35110281448363,-1.71900439891142,0.877754093294618,-1.82366495902768,1.14427578162782,-0.33969458869993,2.9679407406555,-2.79401709480881,-0.873511575111211,0.73449891191593,1.90466950068597,-0.888209563193728,0.223592359955613,1.84764235713362,4.12640737818476,TRUE
"dlm","RQR",11,11,0.673347304065717,0.398817969019558,-1.67128924437549,0.925469247830546,-1.79066852104728,1.17718710925052,-0.306740705898382,2.9678556302978,-2.74813387829966,-0.853181243091978,0.774615149003451,1.92452900754737,-0.84667786272529,0.247366062356547,1.8693952720542,4.1081318102621,TRUE
"dlm","RQR",12,12,0.0872136448400203,0.437593336039238,-1.63251387735581,0.964244614850226,-1.75647202537965,1.21143872288459,-0.272516651247529,2.96791074826425,-2.7035712267364,-0.8346004661956,0.815439002083897,1.9469113055823,-0.807832937328982,0.274211887008865,1.88053686531581,4.09092316329142,TRUE
"dlm","RQR",13,13,1.08026465518906,0.524071741642125,-1.54603547175292,1.05072302045311,-1.72176641811639,1.24616217625467,-0.237802120930859,2.96792859437106,-2.65768266043009,-0.809480112526749,0.854125881535905,1.96826319346762,-0.764245095253244,0.302382289789483,1.89765516298533,4.07470039919469,TRUE
"dlm","RQR",14,14,1.02439553644204,0.615836857484408,-1.45427035591064,1.1424881362954,-1.68622867686892,1.2808192285954,-0.202704724136763,2.96704790546432,-2.61007402737392,-0.781786827777305,0.888576363658131,1.99923084344907,-0.724447880224167,0.334266097538848,1.90703872961543,4.06403109733767,TRUE
"dlm","RQR",15,15,1.16181759795572,0.670046146828058,-1.40006106656699,1.19669742563905,-1.65022303424518,1.31581384262136,-0.167204595811909,2.96603687686653,-2.56275860091296,-0.757905330163508,0.920966404745154,2.02641643654661,-0.684279313808594,0.365295804268701,1.92081613701388,4.04313096067177,TRUE
"dlm","RQR",16,16,0.631075751395624,0.667535598669013,-1.40257161472603,1.19418687748,-1.6131880201227,1.35033681289007,-0.131425603616314,2.96352483301278,-2.52026853136865,-0.73118100407719,0.954634475894805,2.05139277506564,-0.6461845086922,0.399618697075395,1.92805407391518,4.0304836511592,TRUE
"dlm","RQR",17,17,0.871839430107528,0.692171223534189,-1.37793598986086,1.21882250234518,-1.57558147652817,1.38614255792066,-0.0947194593037518,2.96172403444883,-2.48389360060008,-0.699887459886494,0.981848112832236,2.07890640641748,-0.607400639359656,0.433454243335265,1.9411607710992,4.01685954552606,TRUE
"dlm","RQR",18,18,-0.625658285201857,0.654414577571051,-1.41569263582399,1.18106585638204,-1.53707766653932,1.42241880829148,-0.0573294291239207,2.9594964748308,-2.43908261386217,-0.665929095047825,1.01351737542188,2.11198028835414,-0.56806104025701,0.466721279130768,1.94400040921982,4.00508324703788,TRUE
"dlm","RQR",19,19,0.762176022200109,0.687663475743819,-1.38244373765123,1.21431475455481,-1.49758697528014,1.4599607587502,-0.0188131082649733,2.95754773403034,-2.39625028389914,-0.628805348790137,1.04145252262467,2.14982710847247,-0.531034375190511,0.507017433244768,1.94339134539775,3.99739641642873,TRUE
"dlm","RQR",20,20,1.00168556649494,0.719643168046969,-1.35046404534808,1.24629444685796,-1.45797902914949,1.49841760565179,0.0202192882511491,2.95639663480128,-2.34890637347654,-0.590286863526233,1.07597998987152,2.1763339887142,-0.489740271591384,0.544977377540211,1.94412981529033,3.99381657678426,TRUE
"dlm","RQR",21,21,1.13361641275243,0.729545571455037,-1.34056164194001,1.25619685026602,-1.41755593017734,1.53764185637535,0.0600429630990036,2.95519778655268,-2.30151813342202,-0.550422122960195,1.10930122274061,2.21758316230752,-0.451121813505959,0.586353430094077,1.93941926662886,3.98975729039491,TRUE
"dlm","RQR",22,22,1.19390106408365,0.749866094834584,-1.32024111856046,1.27651737364557,-1.37656241382963,1.57823918403482,0.100838385102594,2.95480159786445,-2.26252992670147,-0.507900243139481,1.13976072257936,2.25478724081463,-0.410994589905567,0.626191458203911,1.93964495558645,3.98593065938689,TRUE
"dlm","RQR",23,23,0.0013346087720566,0.769539057728781,-1.30056815566626,1.29619033653977,-1.33440578908503,1.61945391344564,0.142524062180304,2.95385970253067,-2.22112009356944,-0.468405787915254,1.1698510545006,2.29610680147975,-0.374370440300906,0.668907581486891,1.93325089489957,3.98116603907163,TRUE
"dlm","RQR",24,24,1.01327397254783,0.777043808607891,-1.29306340478715,1.30369508741888,-1.29212882387922,1.66157294759555,0.184722061858167,2.95370177147477,-2.17966266905309,-0.422548456094615,1.20021529576579,2.33643813580603,-0.337570795061469,0.712259814145525,1.9339090991194,3.97748966049305,TRUE
"dlm","RQR",25,25,0.170971228416499,0.747995177941151,-1.32211203545389,1.27464645675214,-1.24896312960663,1.70493728279829,0.22798707659583,2.95390041240491,-2.14244264739129,-0.380460902408887,1.23321394499242,2.37637120349346,-0.295559044342496,0.760449681951782,1.92439167142887,3.97964861922925,TRUE
"dlm","RQR",26,26,1.03187485480627,0.756283970486157,-1.31382324290889,1.28293524929714,-1.20514790057904,1.74942538541221,0.272138742416584,2.95457328599125,-2.09801639980971,-0.332311142378818,1.26874259007999,2.41769679488676,-0.258698934281039,0.807377725481616,1.92522363835458,3.98292681305546,TRUE
"dlm","RQR",27,27,1.14959618762856,0.770545063963114,-1.29956214943193,1.2971963427741,-1.16049564766155,1.79490426621537,0.317204309276911,2.95539991387692,-2.0623876146963,-0.283440319674012,1.30718604958284,2.45503086738348,-0.218653689090776,0.85507295841598,1.92174377537324,3.98532906846445,TRUE
"dlm","RQR",28,28,0.118199705374439,0.844723316053314,-1.22538389734173,1.3713745948643,-1.11540665004831,1.84173816285501,0.363165756403349,2.95714481290332,-2.0223758886516,-0.234213115249813,1.34854760841095,2.50197575926656,-0.178068483767589,0.90445888341689,1.92156498366344,3.99168471342632,TRUE
"dlm","RQR",29,29,-1.19950530309403,0.834468245256874,-1.23563896813817,1.36111952406786,-1.06979676174685,1.88929048028931,0.409746859271234,2.95908724203616,-1.99197087736562,-0.177728999773494,1.38915966945105,2.54831315189578,-0.135505969325202,0.954923020613078,1.90894282593201,3.99281965377469,TRUE
"dlm","RQR",30,30,1.06598015732219,0.839592609255113,-1.23051460413993,1.3662438880661,-1.02143458030069,1.93844982655374,0.458507623126522,2.95988440685443,-1.95173862379607,-0.119254909409131,1.4312589775448,2.5940322159708,-0.0937176369298161,1.00959245246703,1.91206948708585,3.99677112060036,TRUE
"dlm","RQR",31,31,0.0695068574569015,0.867854379128901,-1.20225283426614,1.39450565793989,-0.972117319024023,1.98859748070935,0.508240080842665,2.96071479973338,-1.9138574044422,-0.0587616277558432,1.47686139207839,2.63924532468371,-0.0537513767201021,1.06208119848554,1.90872548144482,4.00967833754885,TRUE
"dlm","RQR",32,32,1.04126873489563,0.883144069209304,-1.18696314418574,1.40979534802029,-0.922407054428726,2.03992193600351,0.55875744078739,2.96232899043223,-1.87544231731225,0.000486261286083383,1.52719808259272,2.69194188597475,-0.0104793664590858,1.12056295487763,1.89818281851236,4.02275114978388,TRUE
"dlm","RQR",33,33,1.43736027677049,0.945362730595067,-1.12474448279998,1.47201400940605,-0.872528919418053,2.09131774182399,0.609394411202971,2.96384666124205,-1.84381882442793,0.0592342620488513,1.57573095401941,2.73912106320432,0.0326534082014697,1.17519987076886,1.88692545254352,4.03664582298274,TRUE
"dlm","RQR",34,34,0.415179739350587,0.993570971485937,-1.07653624190911,1.52022225029692,-0.821912567084062,2.14453240217317,0.661309917544552,2.96644496925723,-1.80668201115375,0.121516246929678,1.6287167337914,2.78673813371893,0.0771924712746113,1.23601958184087,1.87961633216397,4.04973828269023,TRUE
"dlm","RQR",35,35,,1.04863301254577,-1.02147420084928,1.57528429135676,-0.770977042417095,2.19801190315561,0.713517430369259,2.96898894557271,-1.7723073908554,0.185325618928542,1.68182455708446,2.83169967291374,0.122220699395121,1.29284872890524,1.87404323757772,4.05544158047388,FALSE
"dlm","RQR",36,36,,1.17004020864727,-0.900067004747776,1.69669148745826,-0.719446303638776,2.25278223871681,0.766667967539018,2.97222854235559,-1.73393523193611,0.250614045109245,1.73720433148321,2.88185578596042,0.163328937210738,1.35336466451664,1.86420855821788,4.07201205569459,FALSE
"dlm","RQR",37,37,1.64078810991643,1.30954562869065,-0.760561584704397,1.83619690750164,-0.667724769652221,2.30818669465774,0.820230962502758,2.97591146430996,-1.70521980372347,0.318800311479624,1.79677629907798,2.9355405755557,0.211826008253643,1.4150171476285,1.8605133999143,4.08272012609916,TRUE
"dlm","RQR",38,38,1.57727921474398,1.33301363883514,-0.737093574559908,1.85966491764612,-0.615955200823611,2.36462431520571,0.874334557191049,2.98057951602932,-1.6700979878446,0.383867835321622,1.85868807626006,2.99041524788336,0.261585760996867,1.47449692618088,1.85917392800962,4.10008410276354,TRUE
"dlm","RQR",39,39,0.583286759087811,1.40899995272012,-0.66110726067493,1.9356512315311,-0.564027048811836,2.4221261769189,0.929049564053531,2.98615322573073,-1.63479034969161,0.4498486426797,1.92155573326632,3.04131350539685,0.308781088851596,1.53599577442628,1.85596074299457,4.12055600140711,TRUE
"dlm","RQR",40,40,0.613963677633601,1.52376693351983,-0.546340279875217,2.05041821233082,-0.511737424827746,2.48031918230009,0.984290878736172,2.99205660712784,-1.59914106418322,0.515041074723468,1.98715677103714,3.09441177924311,0.35784460888734,1.59905666164228,1.85755351888778,4.14079148767763,TRUE
"dlm","RQR",41,41,1.49940533628197,1.64133090273062,-0.428776310664424,2.16798218154161,-0.459068833367793,2.53968290369285,1.04030703516253,2.99875173706064,-1.56860760681226,0.586670033234525,2.05445315747636,3.1435429659725,0.409028703365983,1.65819434296587,1.85441214910491,4.15799834541073,TRUE
"dlm","RQR",42,42,1.9608939765079,1.6878847020655,-0.38222251132955,2.21453598087648,-0.406922587490389,2.59949576205518,1.0962865872824,3.00641834954557,-1.53601197274443,0.652945280663571,2.12337306284282,3.19813462424826,0.460511311406556,1.72160081594053,1.85231017694851,4.1817703569066,TRUE
"dlm","RQR",43,43,2.09593228439944,1.69753032588106,-0.372576887513987,2.22418160469205,-0.354343428699768,2.65992336320452,1.15278996725238,3.01426679190429,-1.50075421340123,0.717410323714329,2.19579009068787,3.24826708786103,0.513571801713396,1.78387437433468,1.85034430320383,4.20413632565429,TRUE
"dlm","RQR",44,44,2.12996218332037,1.78610127191603,-0.284005941479013,2.31275255072702,-0.301667716472901,2.72162918743899,1.20998073548305,3.02329690391189,-1.47185946846909,0.78412463643063,2.26742934631555,3.30137589368517,0.56158808374598,1.84386695785803,1.85211490250018,4.226196309886,TRUE
"dlm","RQR",45,45,1.33593287834556,1.8493631629307,-0.22074405046435,2.37601444174168,-0.248799561582062,2.78389769131666,1.2675490648673,3.03269725289872,-1.43604956384357,0.846574533866075,2.34176587980961,3.35503535439964,0.612371409671267,1.90438886073631,1.85565387992374,4.24976953223852,TRUE
"dlm","RQR",46,46,1.85280267657215,1.97688180459034,-0.0932254088047086,2.50353308340132,-0.196013000897909,2.84645618919312,1.32522159414761,3.04246919009103,-1.39749868403722,0.917960626423391,2.41814243121095,3.41484659821765,0.664499007868552,1.97051000906075,1.86091167436954,4.27505504876874,TRUE
"dlm","RQR",47,47,2.45312437255158,2.11057497792492,0.040467764529871,2.6372262567359,-0.14370770255873,2.90964674923933,1.3829695233403,3.05335445179806,-1.35854270803304,0.983667506583924,2.4954843003756,3.46767082080019,0.717207541343833,2.03104342901579,1.86042620354078,4.30083370604382,TRUE
"dlm","RQR",48,48,1.85591340267351,2.27021411179682,0.200106898401772,2.7968653906078,-0.0912590085454081,2.97292187722745,1.44083143434102,3.06418088577286,-1.32519941040076,1.04815051665616,2.57162350124944,3.5207241137336,0.770763102944372,2.09311235003521,1.86603709566633,4.32696478177802,TRUE
"dlm","RQR",49,49,2.34024807067193,2.37410867051765,0.304001457122601,2.90075994932863,-0.0388106769503084,3.0369285517886,1.49905893741915,3.07573922873891,-1.28989282609087,1.1160025001983,2.65121551862205,3.57410677246334,0.819138908264649,2.15676351427574,1.86867031044011,4.35280381226305,TRUE
"dlm","RQR",50,50,2.36201910130649,2.43717645711521,0.367069243720167,2.9638277359262,0.013155087833536,3.10161112544449,1.55738310663901,3.08845603761096,-1.25603181169888,1.17428641384627,2.72863916500901,3.62734761133792,0.873381203264089,2.21505343734391,1.87076966796971,4.38099506085724,TRUE
"dlm","RQR",51,51,2.74390693589453,2.55695332980557,0.486846116410521,3.08360460861655,0.065302980684794,3.16610480919071,1.61570389493775,3.10080182850591,-1.22778777782635,1.23963722215711,2.80781074939258,3.68306748209756,0.924808710159297,2.27591267892932,1.87723289167824,4.41388646568596,TRUE
"dlm","RQR",52,52,2.87367581994361,2.61160403943924,0.541496826044198,3.13825531825023,0.116867378480055,3.23116264331687,1.67401501089846,3.11429526483681,-1.19757486339104,1.29852728952279,2.88899107159144,3.73556415787753,0.979256782775682,2.33783824024547,1.88505425358932,4.43465259032983,TRUE
"dlm","RQR",53,53,3.12458384132199,2.69970502380185,0.629597810406808,3.22635630261284,0.168191574481516,3.29631120885363,1.73225139166757,3.12811963437211,-1.16745429722496,1.36359178712503,2.971676633213,3.79421804543616,1.03383719548402,2.40114051658398,1.89308879652696,4.4602543042536,TRUE
"dlm","RQR",54,54,3.11145967905811,2.85977247391191,0.789665260516863,3.3864237527229,0.219069799842988,3.3607806972364,1.78992524853969,3.14171089739341,-1.1312585230571,1.42525614476091,3.04582639689931,3.84976056821416,1.08186955800963,2.46259527251107,1.89654198201685,4.48951089090588,TRUE
"dlm","RQR",55,55,3.3224044989604,2.93621093565805,0.866103722263003,3.46286221446904,0.269633386033682,3.42504449479096,1.84733894041232,3.15541110875728,-1.09843697801662,1.49037341189441,3.12042319287589,3.90464425544419,1.12919086171644,2.52057409234871,1.90203235519876,4.5169892581227,TRUE
"dlm","RQR",56,56,3.35528730194882,2.97588582749166,0.905778614096615,3.50253710630265,0.320045502522547,3.4882026039245,1.90412405322352,3.16815710140195,-1.060835959547,1.54850522632218,3.18808807292891,3.9593453163194,1.18272131023177,2.57942463660917,1.90341166673077,4.548450851269,TRUE
"dlm","RQR",57,57,2.48895234222354,3.05452845684916,0.984421243454115,3.58117973566015,0.370508883026678,3.55018184048152,1.9603453617541,3.17967295745484,-1.02637093468918,1.60367219983627,3.25352035808982,4.01233296195477,1.23112812157944,2.63995083309465,1.91380416800054,4.57626243109344,TRUE
"dlm","RQR",58,58,3.00725797746474,3.10174411913007,1.03163690573503,3.62839539794106,0.420530068840656,3.61237684585957,2.01645345735011,3.19184677701891,-0.992223793114033,1.66242725300854,3.32002578285707,4.06838150083003,1.2818775346417,2.69963959395326,1.91924448336028,4.60308896073952,TRUE
"dlm","RQR",59,59,2.37640415730406,3.13503255976174,1.0649253463667,3.66168383857273,0.470335995703379,3.67391798580262,2.072126990753,3.20358199009925,-0.954366325039201,1.72005189926043,3.38681808141058,4.12348218241516,1.33266394929791,2.75435484443985,1.92260083519426,4.62326402166808,TRUE
"dlm","RQR",60,60,3.51809932053264,3.23454552795222,1.16443831455718,3.76119680676321,0.519612275615558,3.73571459564438,2.12766343562997,3.21610232002882,-0.910780869092071,1.77957085433945,3.45335401245243,4.18280555752476,1.38661358070508,2.81253094795621,1.93329699930556,4.65624513304639,TRUE
"dlm","RQR",61,61,3.00690052901718,3.24645385731826,1.17634664392321,3.77310513612925,0.568314502133858,3.79731456343487,2.18281453278436,3.22900006130101,-0.87863731477865,1.82986659935116,3.51548786305332,4.23869838891975,1.4321497344608,2.86953685600463,1.94564891514637,4.68482574997719,TRUE
"dlm","RQR",62,62,2.99763417497323,3.26220416059314,1.19209694719809,3.78885543940412,0.616508454521253,3.85816555707018,2.23733700579571,3.24165710254892,-0.847520621189359,1.87983749511839,3.57768345822169,4.29680080152418,1.47812878261403,2.92681171359006,1.95703065568668,4.70754282479211,TRUE
"dlm","RQR",63,63,3.74993191544459,3.30222721241544,1.2321199990204,3.82887849122643,0.664514869000454,3.91897742941772,2.29174614920909,3.25446256041727,-0.818691270798346,1.9323068443826,3.64174546771436,4.35076139809236,1.52535369146249,2.97972346843287,1.96812842389163,4.73212085991141,TRUE
"dlm","RQR",64,64,3.65414291641311,3.33422002349942,1.26411281010438,3.86087130231041,0.711624707621098,3.97900282279432,2.34531376520771,3.26737811517322,-0.786848929968857,1.98126791686959,3.70385290140605,4.40789433835231,1.56724993609929,3.03336617800905,1.97600171150834,4.759423684785,TRUE
"dlm","RQR",65,65,3.67034981850438,3.36299771566858,1.29289050227354,3.88964899447957,0.758528826583479,4.0385275418762,2.39852818422984,3.27999871529272,-0.750881949353852,2.02967915505373,3.76275066167776,4.46237734603069,1.61420373051562,3.08603666864657,1.98490024899371,4.78168612121996,TRUE
"dlm","RQR",66,66,3.94653497053065,3.50603518724356,1.43592797384852,4.03268646605455,0.805110135035163,4.09817277375936,2.45164145439726,3.2930626387242,-0.711164725482186,2.07230818530555,3.82470459778829,4.52585862286532,1.66091477695582,3.14050123680033,1.99463097666711,4.81100216887906,TRUE
"dlm","RQR",67,67,3.66101545519976,3.58935358345327,1.51924637005823,4.11600486226426,0.851478526511004,4.15673019221164,2.50410435936132,3.30525166570063,-0.676897414032768,2.11729779258586,3.88540320433971,4.58588980259734,1.7131222145368,3.19339524682447,2.00990696258229,4.83204653796416,TRUE
"dlm","RQR",68,68,4.04315576197707,3.61360312446976,1.54349591107472,4.14025440328075,0.897040196891692,4.21500313413603,2.55602166551386,3.31796293724434,-0.650164312289401,2.1633807617678,3.94379880806703,4.64561871403191,1.75348447939757,3.24789265391174,2.02122980933308,4.85644761625493,TRUE
"dlm","RQR",69,69,4.11074396579761,3.6492282928448,1.57912107944975,4.17587957165579,0.942103455584051,4.27235952993607,2.60723149276006,3.33025607435202,-0.621310824834259,2.21532849359199,3.99647077474634,4.70809363230448,1.79843802055157,3.29653274547769,2.03666206994938,4.88671120003499,TRUE
"dlm","RQR",70,70,,3.67122576371174,1.60111855031669,4.19787704252272,0.987145665255254,4.32932669560696,2.65823618043111,3.34218103035171,-0.59608322226043,2.25608968012566,4.04775847532029,4.76812354360907,1.84012623773155,3.34862416134626,2.04658133319626,4.90831724170428,FALSE
"dlm","RQR",71,71,2.92684543449351,3.72930141625064,1.65919420285559,4.25595269506163,1.03130255995804,4.38578362977903,2.70854309486853,3.35448106982099,-0.563738494704493,2.29826763330419,4.09986852382173,4.83068024716059,1.88504944538397,3.39993372678279,2.05650994369541,4.93833152939678,TRUE
"dlm","RQR",72,72,2.82156860434709,3.81247131306239,1.74236409966734,4.33912259187338,1.07472105333307,4.44171181803969,2.75821643568638,3.36699076470662,-0.543208517695551,2.33998066742445,4.14871413955538,4.89237832175831,1.92144487478967,3.4503238914378,2.07314801314925,4.96838920389008,TRUE
"dlm","RQR",73,73,3.66025116608499,3.86929570783244,1.7991884944374,4.39594698664343,1.11806209883447,4.49730233216652,2.80768221550049,3.37924023333205,-0.509998646816514,2.38155177235457,4.19977930676353,4.95827549565556,1.96423698163219,3.49756002815624,2.08078990051653,4.99397665343986,TRUE
"dlm","RQR",74,74,4.47113573171478,3.92256913574459,1.85246192234954,4.44922041455557,1.16061667397981,4.55242087971024,2.85651877684503,3.39180420573043,-0.488201239701428,2.42287983802301,4.25046988033681,5.01886954162503,2.00523892399075,3.54909110009863,2.09568325917696,5.01592932121851,TRUE
"dlm","RQR",75,75,4.43044859000221,3.98498945418895,1.91488224079391,4.51164073299994,1.20311774657424,4.60613075077831,2.90462424867628,3.40301300420407,-0.452488630416987,2.45524411120237,4.29916997833334,5.08491759128875,2.04102492767437,3.60137565091502,2.1036886641683,5.04142137187715,TRUE
"dlm","RQR",76,76,4.40243615055165,4.00096171575771,1.93085450236267,4.5276129945687,1.24479795937341,4.65849722062326,2.95164758999833,3.41369926124984,-0.431592800709238,2.49571217224283,4.34075121223056,5.14770876584438,2.081929949288,3.64848310525427,2.12245710551012,5.06560536951941,TRUE
"dlm","RQR",77,77,3.96079776643915,4.02667570815235,1.95656849475731,4.55332698696334,1.28600905554216,4.71037633094948,2.99819269324582,3.42436727540732,-0.402304942589305,2.5358866404421,4.3771537903853,5.216250451675,2.12037585554766,3.69420800332657,2.12623382173878,5.08109858689867,TRUE
"dlm","RQR",78,78,4.32062670136431,4.09741606969286,2.02730885629782,4.62406734850385,1.32653815691423,4.76252411992203,3.04453113841813,3.4359859630078,-0.368044863937759,2.57045294775635,4.41996202852683,5.28644369901282,2.14941509041198,3.74594807947643,2.13604657314513,5.10549064277351,TRUE
"dlm","RQR",79,79,3.69024718215016,4.12118205917414,2.0510748457791,4.64783333798513,1.36677909133364,4.81455993753034,3.09066951443199,3.4477808461967,-0.348407536639677,2.60710304976037,4.45842185323354,5.35495981779481,2.18592439170935,3.79723298682505,2.14714870689104,5.11974512961921,TRUE
"dlm","RQR",80,80,2.67702598604609,4.14883987389762,2.07873266050258,4.67549115270861,1.40568109218113,4.86617339366855,3.13592724292484,3.46049230148742,-0.332555011659335,2.64508629600678,4.49734462150243,5.42540431620908,2.21813440420261,3.84470540436121,2.15605772152693,5.14734868753169,TRUE
"dlm","RQR",81,81,3.80841583021402,4.2014870008011,2.13137978740606,4.72813827961209,1.44463826874097,4.9178724821042,3.18125537542259,3.47323421336323,-0.311550702822962,2.6812743616837,4.5422578400182,5.4952069150627,2.25311826232605,3.89515000566032,2.1680387608571,5.18106611161243,TRUE
"dlm","RQR",82,82,3.58564488499601,4.26510572829641,2.19499851490136,4.7917570071074,1.48316354194413,4.96920665480608,3.2261850983751,3.48604311286195,-0.29232651364674,2.71568432381632,4.58481066318766,5.56843969622136,2.28294460066827,3.9446152361271,2.17741808430669,5.21019461654705,TRUE
"dlm","RQR",83,83,4.32113130161362,4.31382435879186,2.24371714539682,4.84047563760285,1.52086484094874,5.02079157117159,3.27082820606016,3.49992673022285,-0.266166553255809,2.74973526462147,4.6298948047045,5.64021722327865,2.31557134307198,3.99145017079092,2.19263954932477,5.24029612529255,TRUE
"dlm","RQR",84,84,4.68650057359425,4.33717130103452,2.26706408763948,4.86382257984551,1.5586260953227,5.07203458532549,3.31533034032409,3.51340849000279,-0.251549247390262,2.78744470758616,4.67418284733341,5.71721965416466,2.34615231637509,4.04124343820667,2.19647602382085,5.27390749430019,TRUE
"dlm","RQR",85,85,4.18198776749948,4.36917297133709,2.29906575794205,4.89582425014808,1.59548418671767,5.12321273239312,3.35934845955539,3.52772854567545,-0.227621319386701,2.82884495694404,4.71669211362941,5.79195471228092,2.38001726097384,4.08752397345277,2.20546315256137,5.31596843356268,TRUE
"dlm","RQR",86,86,4.5648391585218,4.35995517421075,2.28984796081571,4.88660645302174,1.63180721530983,5.17448618857271,3.40314670194127,3.54267897326288,-0.221821522147849,2.85824795564402,4.75739570642403,5.87253486277144,2.40976313131057,4.13610437565864,2.21125272621819,5.3474426885062,TRUE
"dlm","RQR",87,87,4.77933073642245,4.4027919727897,2.33268475939465,4.92944325160069,1.66797671669483,5.22599350083609,3.44698510876546,3.55801678414126,-0.20842449499403,2.89701444257335,4.80333974758053,5.95646666638387,2.43685738205557,4.18648607042647,2.21612429467233,5.39189092318257,TRUE
"dlm","RQR",88,88,3.80445758006768,4.47423534272056,2.40412812932551,5.00088662153154,1.70368487847402,5.27754381811886,3.49061434829644,3.57385893964484,-0.198254150301682,2.93990255032268,4.8474284897907,6.03272453444711,2.46813806542515,4.238601777036,2.21007160128039,5.43573056086843,TRUE
"dlm","RQR",89,89,4.11822775500113,4.55263574179904,2.482528528404,5.07928702061003,1.73883308533243,5.32946597437612,3.53414952985427,3.59063288904369,-0.187689653424273,2.97727368609997,4.89136582098981,6.11061966884088,2.49892896187746,4.28818050948247,2.21334057889002,5.47498677166092,TRUE
"dlm","RQR",90,90,3.8533766514955,4.62537089440456,2.55526368100952,5.15202217321555,1.77352846721233,5.38144300111001,3.57748573416117,3.60791453389768,-0.173934064982199,3.01564730583646,4.93537925120787,6.1921230089591,2.52751134759199,4.34365326382838,2.22021762935578,5.52743032789412,TRUE
"dlm","RQR",91,91,5.1572487414517,4.67460279246986,2.60449557907481,5.20125407128085,1.80786168266859,5.43321171200312,3.62053669733586,3.62535002933454,-0.161430518214455,3.06548616863999,4.98119954696899,6.27344818219724,2.56050744846317,4.39769440722303,2.21265702292922,5.57179423407599,TRUE
"dlm","RQR",92,92,4.92650046794298,4.74058255499614,2.6704753416011,5.26723383380713,1.84205906845284,5.48446509598687,3.66326208221985,3.64240602753402,-0.151017091691909,3.10915878028185,5.01906827306132,6.36069986542574,2.58507317320289,4.4471683953664,2.20613304759269,5.6119867405537,TRUE
"dlm","RQR",93,93,5.07983241149477,4.76636854631268,2.69626133291763,5.29301982512367,1.8759158172058,5.5355331599644,3.7057244885851,3.65961734275859,-0.126386684026242,3.1613021192147,5.05605145855283,6.45437178543617,2.61004479008993,4.50143436017474,2.20348403442449,5.65470990877471,TRUE
"dlm","RQR",94,94,5.13668664960376,4.8156981814667,2.74559096807166,5.34234946027769,1.90956949707774,5.58656700111097,3.74806824909436,3.67699750403323,-0.132379685416303,3.21134644208672,5.08943448221276,6.53701017260561,2.63399628373443,4.55531140616766,2.19897029935808,5.70102155404552,TRUE
"dlm","RQR",95,95,5.12865210577753,4.82703154474453,2.75692433134948,5.35368282355551,1.943190035224,5.63754054733589,3.79036529127994,3.69435051211189,-0.117362868981174,3.26727331578216,5.12172487014195,6.6311384077803,2.66000138937419,4.61324167457097,2.18647167577998,5.75094603309442,TRUE
"dlm","RQR",96,96,4.57957251941095,4.90889672068299,2.83878950728794,5.43554799949397,1.97677020734614,5.68865946596053,3.83271483665334,3.7118892586144,-0.11100102553367,3.31858990743095,5.14502757725606,6.72110439538487,2.68731940102492,4.67216288477953,2.16973026484442,5.79307647898399,TRUE
"dlm","RQR",97,97,5.26292140091588,4.97775354015245,2.9076463267574,5.50440481896344,2.0104337908866,5.73996001573014,3.87519690330837,3.72952622484354,-0.10808905244533,3.3752245829003,5.16564257877263,6.81114287116611,2.70546378813366,4.7298010848664,2.1577465686922,5.85092789761103,TRUE
"dlm","RQR",98,98,5.30284767134121,5.08264892394281,3.01254171054776,5.60930020275379,2.04324995289153,5.79121810209844,3.91723402749499,3.74796814920691,-0.10927431933919,3.43349044238862,5.18070435750094,6.90432020030322,2.7295645239729,4.78910291081445,2.12276743731796,5.9053763558098,TRUE
"dlm","RQR",99,99,2.44512392837594,5.08683813000388,3.01673091660884,5.61348940881487,2.07688885666767,5.84211003593031,3.95949944629899,3.76522117926265,-0.109451742140387,3.49336719151057,5.19470374216503,7.00257587389082,2.75396335777863,4.85037968410346,2.09677826859085,5.9709237444123,TRUE
"dlm","RQR",100,100,5.04015518122651,5.12413985393318,3.05403264053814,5.65079113274417,2.11132451778528,5.89352752764207,4.00242602271368,3.78220300985679,-0.108913590772581,3.55405762965315,5.20012349615005,7.10122874516372,2.77032146544081,4.92327530671359,2.06620550047639,6.03326046974826,TRUE
"dlm","ET",1,1,0.40839960016234,0.15,-1.32883612939842,0.686019990301619,-1.87627972216711,1.0033523467742,-0.436463687696454,2.87963206894131,-2.91217515286769,-0.801601876560421,0.283691414433648,2.15660813986999,-1.08933688374606,0.312767202075105,1.4598501910572,4.33598178002726,TRUE
"dlm","ET",2,2,-0.618905612052081,0.174612798786846,-1.30422333061157,0.710632789088465,-1.84521257066035,1.0303718480865,-0.407420361286922,2.87558441874685,-2.85511644439226,-0.792244732925008,0.337002055583464,2.16264354205805,-1.04473366982107,0.32392067922656,1.49415784546163,4.30385302890212,TRUE
"dlm","ET",3,3,-0.847106887849967,0.16799253860611,-1.31084359079231,0.704012528907729,-1.81339764729346,1.05796824097423,-0.377714703159617,2.87136588826768,-2.79980946477291,-0.787212029822137,0.390829665454339,2.17663112907493,-0.997939101433863,0.337400303674487,1.51972385463957,4.26512087992937,TRUE
"dlm","ET",4,4,-0.233985471698686,0.146017553234868,-1.33281857616355,0.682037543536487,-1.78056199038233,1.08647822098825,-0.347041884697037,2.86704021137058,-2.74352989563254,-0.775310014980545,0.446649930299189,2.18641096523494,-0.953461308884805,0.353943675962355,1.54833923948577,4.23357721015486,TRUE
"dlm","ET",5,5,0.332484820803439,0.163581382825573,-1.31525474657285,0.699601373127192,-1.74643215456737,1.11591640354677,-0.3152578755103,2.86234855811413,-2.68538080762508,-0.765873692658884,0.497189701106726,2.19404123921541,-0.907783739062124,0.370666203706323,1.57080592520547,4.19739579128454,TRUE
"dlm","ET",6,6,-2.01006960101742,0.215351991386128,-1.26348413801229,0.751371981687747,-1.71143370958393,1.1463811638848,-0.282526272849563,2.85781487346873,-2.63350855130297,-0.754389983066877,0.55477971438268,2.20959805335723,-0.858274408528787,0.387346138196361,1.59909568774804,4.16318100227488,TRUE
"dlm","ET",7,7,0.690861340718611,0.261788823046343,-1.21704730635208,0.797808813347962,-1.67217863162577,1.17797446219361,-0.247102084716077,2.85015309381938,-2.57795655914551,-0.731101469052722,0.60609332945226,2.21963366641634,-0.807886431563908,0.414390130648213,1.62260200072875,4.13079492949477,TRUE
"dlm","ET",8,8,0.819540134401209,0.303570082882955,-1.17526604651546,0.839590073184574,-1.63194730419997,1.21037386444663,-0.210786719876672,2.8423211686466,-2.524444027147,-0.711390023303769,0.658596713565355,2.23636308326319,-0.762390557216167,0.436426484935883,1.64088263535007,4.10135119082311,TRUE
"dlm","ET",9,9,0.0199067833260281,0.34566140598634,-1.13317472341208,0.88168139628796,-1.59083695223856,1.24315281449593,-0.173842068871316,2.83398976673449,-2.46725253481895,-0.686721504525442,0.705385747114935,2.25297462914572,-0.718744723766558,0.461651047971629,1.65507944525338,4.07272101920446,TRUE
"dlm","ET",10,10,0.793671843335933,0.35110281448363,-1.12773331491479,0.887122804785249,-1.54907776079714,1.27668538301402,-0.136196188891557,2.82576314381116,-2.4175248109978,-0.667921246859081,0.750967731934188,2.26992993228385,-0.673033597609335,0.491649745103682,1.66944864220965,4.03861945053609,TRUE
"dlm","ET",11,11,0.673347304065717,0.398817969019558,-1.08001816037886,0.934837959321177,-1.50614994305348,1.31057391161963,-0.0977880157169214,2.81672385467311,-2.36252173654042,-0.645930582310087,0.794071763896985,2.28312072908301,-0.626941282110453,0.517159840776102,1.69152364197885,4.00603423649047,TRUE
"dlm","ET",12,12,0.0872136448400203,0.437593336039238,-1.04124279335918,0.973613326340858,-1.46213557001119,1.34610449507548,-0.0580155374678537,2.80824006508667,-2.3055444321115,-0.617275997491527,0.836914005793696,2.30704365349496,-0.58079152493071,0.550226623318276,1.69866489550985,3.98517814477373,TRUE
"dlm","ET",13,13,1.08026465518906,0.524071741642125,-0.954764387756294,1.06009173194374,-1.41695847059893,1.38234201371826,-0.0173082284403323,2.79930048431719,-2.25061366963138,-0.584086359265416,0.877650629380292,2.32583708849738,-0.533132329472045,0.583565701076438,1.70595633230583,3.95619892869243,TRUE
"dlm","ET",14,14,1.02439553644204,0.615836857484408,-0.86299927191401,1.15185684778603,-1.37089444633823,1.41878746143037,0.0239465075460712,2.7896819077686,-2.20079920051351,-0.558101113335271,0.916042189615945,2.34611656070944,-0.489974324898694,0.617873888812492,1.71675696440994,3.93455316440217,TRUE
"dlm","ET",15,15,1.16181759795572,0.670046146828058,-0.808789982570361,1.20606613712968,-1.32466869861949,1.45597049329079,0.0656508973356492,2.78063919191029,-2.14693358323781,-0.526222888331991,0.950855732738172,2.37319595035076,-0.444620853286405,0.651240706031914,1.72356929185912,3.91178477129768,TRUE
"dlm","ET",16,16,0.631075751395624,0.667535598669013,-0.811300530729406,1.20355558897063,-1.27708253239463,1.49360708299265,0.108262275299011,2.77068961538729,-2.09405972490473,-0.49469822758537,0.984046814648165,2.39854408630114,-0.402731710255591,0.689723229351028,1.73110200242966,3.88728064249169,TRUE
"dlm","ET",17,17,0.871839430107528,0.692171223534189,-0.786664905864229,1.22819121383581,-1.22868419661664,1.53137394677997,0.151344875081665,2.7600581433966,-2.03907462857,-0.461186790117013,1.01235725480601,2.42012294382137,-0.357726861973997,0.727736990681343,1.72694482676823,3.8627114764931,TRUE
"dlm","ET",18,18,-0.625658285201857,0.654414577571051,-0.824421551827367,1.19043456787267,-1.1792700942804,1.56996519582562,0.195347550772611,2.74923529010601,-1.9852344759461,-0.424865605981832,1.04509366657097,2.45415108999482,-0.313623420663226,0.765704506195827,1.7254329313938,3.85000045981131,TRUE
"dlm","ET",19,19,0.762176022200109,0.687663475743819,-0.7911726536546,1.22368346604544,-1.12943072943926,1.60989802453428,0.240233647547507,2.73932875397354,-1.93158214742139,-0.387470524244177,1.07829638513043,2.48191662760273,-0.270326659561665,0.80663295904073,1.72683013834594,3.83152501982118,TRUE
"dlm","ET",20,20,1.00168556649494,0.719643168046969,-0.75919296135145,1.25566315834859,-1.07857006841609,1.65065144354672,0.286040687565318,2.72922151196281,-1.87694659182568,-0.344381242331465,1.11246288818268,2.51767553504561,-0.224051312162072,0.852034527132447,1.73169768805714,3.80824077264919,TRUE
"dlm","ET",21,21,1.13361641275243,0.729545571455037,-0.749290557943381,1.26556556175666,-1.0270413816546,1.69236422429309,0.332661421319246,2.71940560594769,-1.82294812103074,-0.302338902748099,1.14723507580921,2.54802321113338,-0.176406146670958,0.897319926217007,1.72163366803511,3.79454402564416,TRUE
"dlm","ET",22,22,1.19390106408365,0.749866094834584,-0.728970034563835,1.2858860851362,-0.974646264650449,1.734958568097,0.380156151723274,2.70960483274744,-1.77183344211589,-0.256908071346592,1.18280378389706,2.5830318386451,-0.128842177915689,0.943711774856052,1.71355517722814,3.7854867828981,TRUE
"dlm","ET",23,23,0.0013346087720566,0.769539057728781,-0.709297071669637,1.3055590480304,-0.921412161992572,1.77793801770312,0.428262927855274,2.69935017969569,-1.71894133698619,-0.208561363959682,1.21406482068943,2.61995447004301,-0.0799587306255975,0.991119130460366,1.70822332881825,3.76899034048957,TRUE
"dlm","ET",24,24,1.01327397254783,0.777043808607891,-0.701792320790528,1.31306379890951,-0.867367376660405,1.82156389463383,0.477098258986713,2.68893127129424,-1.664095093146,-0.158258713431289,1.25074753434949,2.66108437534083,-0.034769326323718,1.03558790873953,1.69771547448006,3.7601276361849,TRUE
"dlm","ET",25,25,0.170971228416499,0.747995177941151,-0.730840951457267,1.28401516824277,-0.812922818485278,1.86661005967923,0.526843620596975,2.67953287816451,-1.61491237081903,-0.110996922037582,1.28630716840548,2.69964787309124,0.0110760179097114,1.0814378259094,1.68861538687477,3.74804984695522,TRUE
"dlm","ET",26,26,1.03187485480627,0.756283970486157,-0.722552158912262,1.29230396078778,-0.757775447923874,1.91238343391339,0.577303992994756,2.67015888183726,-1.55887807210713,-0.0620778492714478,1.32307677758734,2.74120165806564,0.059910336777059,1.13180722199346,1.68083255944469,3.73362455455813,TRUE
"dlm","ET",27,27,1.14959618762856,0.770545063963114,-0.708291065435305,1.30656505426473,-0.701731212528926,1.95885745210112,0.628563119786097,2.66058866463005,-1.50215766032051,-0.0110839076568733,1.36774200322066,2.78180118749702,0.105482724117211,1.18304519757225,1.67211158204197,3.72652138581758,TRUE
"dlm","ET",28,28,0.118199705374439,0.844723316053314,-0.634112813345105,1.38074330635493,-0.645162946281116,2.00669285772075,0.680764955719819,2.65185580400187,-1.44939846320208,0.0396994267758592,1.40694880189524,2.82864896846347,0.15472137077035,1.23451815022303,1.66691898309334,3.71865456989296,TRUE
"dlm","ET",29,29,-1.19950530309403,0.834468245256874,-0.644367884141545,1.37048823555849,-0.587668745216576,2.05520407292071,0.733767663852065,2.64287281813728,-1.39745822367014,0.0935605053279465,1.45091034479288,2.87338027121267,0.202225746750734,1.28356087827007,1.65308632032668,3.70321841494732,TRUE
"dlm","ET",30,30,1.06598015732219,0.839592609255113,-0.639243520143306,1.37561259955673,-0.526272762125776,2.10522036535019,0.789473801612208,2.63149312747597,-1.35110615646515,0.15503116990824,1.49593592516734,2.91835201479454,0.254490548241321,1.34164270144656,1.64597169839149,3.69131798245176,TRUE
"dlm","ET",31,31,0.0695068574569015,0.867854379128901,-0.610981750269518,1.40387436943052,-0.463792801380743,2.15622590734601,0.846216552982636,2.62001870872676,-1.29677578718921,0.215816669919386,1.54554179284235,2.96656381650479,0.302240243789445,1.39694407663402,1.63623205693504,3.68508447804154,TRUE
"dlm","ET",32,32,1.04126873489563,0.883144069209304,-0.595692060189115,1.41916405951092,-0.400427975622494,2.20780753131505,0.903689777846279,2.60823550693755,-1.24639137596395,0.278963573284673,1.59290769652173,3.01392176633269,0.354957540814302,1.45270601983256,1.62482924105866,3.67803439325347,TRUE
"dlm","ET",33,33,1.43736027677049,0.945362730595067,-0.533473398803352,1.48138272089669,-0.336853782317227,2.26046416412865,0.961805190905711,2.59731794644588,-1.19191375625214,0.341810528019908,1.64693048778027,3.06649427020243,0.408053776113219,1.51432539167752,1.61574836322477,3.67637188098941,TRUE
"dlm","ET",34,34,0.415179739350587,0.993570971485937,-0.485265157912482,1.52959096178756,-0.272737176204966,2.31359713663063,1.02042998021283,2.5863343128356,-1.14356209509169,0.407666778117505,1.69524082760424,3.1137613549322,0.463289971835845,1.57275033274095,1.59834161423127,3.66807809588539,TRUE
"dlm","ET",35,35,,1.04863301254577,-0.43020311685265,1.58465300284739,-0.208450016730843,2.36771619550481,1.07963308938698,2.57616621223565,-1.08911002729413,0.474257012440455,1.75233790745158,3.17040222085776,0.516308552155339,1.62920084007525,1.59072468151333,3.66634404089988,FALSE
"dlm","ET",36,36,,1.17004020864727,-0.308795920751149,1.70606019894889,-0.143519421070289,2.42260485281219,1.13954271587095,2.56612427388248,-1.03639592567927,0.543432132285392,1.80880523497405,3.22200240842384,0.569382941591611,1.69370433991735,1.57501259920922,3.65942925594878,FALSE
"dlm","ET",37,37,1.64078810991643,1.30954562869065,-0.16929050070777,1.84556561899227,-0.0782251865631762,2.47799040732043,1.19988261037863,2.5562155938836,-0.986171381235631,0.612615126142815,1.864674842128,3.27511278931124,0.626833943232887,1.75661020430614,1.57091643118812,3.64874317214774,TRUE
"dlm","ET",38,38,1.57727921474398,1.33301363883514,-0.145822490563282,1.86903362913676,-0.0129617955469803,2.53364419635908,1.26034120040605,2.54660599190606,-0.935935897958387,0.68214569994563,1.92537297559857,3.33033243638242,0.681930321833981,1.8209060395982,1.55743103974668,3.6443980631212,TRUE
"dlm","ET",39,39,0.583286759087811,1.40899995272012,-0.0698361766783036,1.94501994302173,0.0523570819627004,2.590496906396,1.32142699417935,2.5381398244333,-0.884150139895073,0.753092718188821,1.99079562659636,3.38456301812273,0.736735198402475,1.88341092870651,1.55432338221165,3.64235981216673,TRUE
"dlm","ET",40,40,0.613963677633601,1.52376693351983,0.0449308041214096,2.05978692382145,0.117897576352377,2.64794992394684,1.38292375014961,2.53005234759447,-0.829448790163541,0.829749078906161,2.05391180499427,3.43890885212492,0.792614920821117,1.94573957853058,1.53513964870975,3.642018096129,TRUE
"dlm","ET",41,41,1.49940533628197,1.64133090273062,0.162494773332202,2.17735089303224,0.183259972340767,2.70589370524322,1.444576838792,2.52263373290246,-0.780704455433844,0.906674317291059,2.11919528496305,3.4929846291312,0.848908044821373,2.01048969510245,1.53186034946058,3.63996055798069,TRUE
"dlm","ET",42,42,1.9608939765079,1.6878847020655,0.209048572667077,2.22390469236711,0.248846570108894,2.76430539810336,1.50657598410613,2.51545882799447,-0.727069781461639,0.986557788922279,2.18505293144541,3.54914425034832,0.907143047619454,2.07727463288154,1.52079952227099,3.63301083031905,TRUE
"dlm","ET",43,43,2.09593228439944,1.69753032588106,0.21869419648264,2.23355031618268,0.314407416224878,2.82292007312663,1.56866374467575,2.50851265690175,-0.678275800981496,1.06581547765981,2.24886637678395,3.60022657063469,0.963609424318308,2.14479640218919,1.5143720132065,3.62102555765057,TRUE
"dlm","ET",44,44,2.12996218332037,1.78610127191603,0.307265142517613,2.32212126221765,0.379532566878733,2.88256794681522,1.63105025684698,2.50303537993649,-0.632662885516694,1.1501102146218,2.31653506425147,3.6557270306295,1.02045966089487,2.20937193490362,1.50592880161616,3.62638922305542,TRUE
"dlm","ET",45,45,1.33593287834556,1.8493631629307,0.370527033532277,2.38538315323231,0.444087995587131,2.94271513352342,1.69340156455528,2.49862713793629,-0.576063385030603,1.22767838500002,2.38903796037997,3.70650769183527,1.07858885984093,2.27822493395537,1.49371201612099,3.62503210794491,TRUE
"dlm","ET",46,46,1.85280267657215,1.97688180459034,0.498045675191918,2.51290179489196,0.508241344747791,3.00295715228709,1.75559924851744,2.4947158075393,-0.525044957615891,1.30773636032867,2.46129652712646,3.76199341857487,1.1386319869981,2.34532359755296,1.48559676582332,3.62253645993954,TRUE
"dlm","ET",47,47,2.45312437255158,2.11057497792492,0.631738848526498,2.64659496822654,0.572070630330905,3.06313480771515,1.81760271902303,2.49106417738425,-0.474112634152548,1.38273060642798,2.53468132608835,3.82086412062832,1.19881461272994,2.40936795734928,1.48199121703463,3.62574365820838,TRUE
"dlm","ET",48,48,1.85591340267351,2.27021411179682,0.791377982398399,2.80623410209844,0.635043493510388,3.12428281519177,1.87966315435108,2.48923932168139,-0.422977178458344,1.45999036173451,2.60868212993204,3.87652649678619,1.25703299339272,2.47574371950922,1.47818931370541,3.6287534541567,TRUE
"dlm","ET",49,49,2.34024807067193,2.37410867051765,0.895272541119227,2.91012866081927,0.697757206973163,3.18557102531002,1.94166411614159,2.48781381833686,-0.368066611481959,1.53543366857437,2.68437135833828,3.93117233318576,1.3187917104729,2.53975107692794,1.47311614011478,3.63213644881646,TRUE
"dlm","ET",50,50,2.36201910130649,2.43717645711521,0.958340327716794,2.97319644741683,0.76005925665178,3.24729058077064,2.00367491871121,2.48723132411886,-0.317275224779674,1.60687796381087,2.76105668171951,3.99227698434067,1.3754680829496,2.60368005312378,1.47262032431733,3.63851124897665,TRUE
"dlm","ET",51,51,2.74390693589453,2.55695332980557,1.07811720040715,3.09297332010719,0.821096127832389,3.30905878693622,2.0650774573843,2.48796265910383,-0.267873022575885,1.67493582541941,2.83544287516,4.04641129508262,1.43573738912287,2.66439217023978,1.47037140512957,3.64230600179747,TRUE
"dlm","ET",52,52,2.87367581994361,2.61160403943924,1.13276791004082,3.14762402974086,0.881890476637478,3.37070283322081,2.12629665492914,2.48881235658333,-0.213671830931291,1.74382332654005,2.91196539766274,4.09937904434997,1.49138211816944,2.72760151753874,1.47237945372816,3.64800902202266,TRUE
"dlm","ET",53,53,3.12458384132199,2.69970502380185,1.22086889440343,3.23572501410347,0.941948872740369,3.43292288950091,2.18743588112064,2.49097401676054,-0.16487346827511,1.81305430837813,2.98692798864188,4.16363407033136,1.55060797867195,2.78861834368798,1.48047439790415,3.65388816626309,TRUE
"dlm","ET",54,54,3.11145967905811,2.85977247391191,1.38093634451349,3.39579246421353,1.00108148790448,3.4945947376517,2.24783811277809,2.49351324974722,-0.110900120639224,1.87531783025951,3.06001004630573,4.22645392889896,1.61230236306815,2.8517793709002,1.47759089368668,3.65647063200338,TRUE
"dlm","ET",55,55,3.3224044989604,2.93621093565805,1.45737480625963,3.47223092595967,1.05932837321278,3.55586486592476,2.30759661956877,2.49653649271198,-0.0620906132910223,1.9415353086686,3.13170010723242,4.28070106838012,1.67294122717331,2.91057536150068,1.48165480334749,3.66548814165947,TRUE
"dlm","ET",56,56,3.35528730194882,2.97588582749166,1.49704969809324,3.51190581779328,1.11682402233749,3.61726891320554,2.36704646777152,2.50044489086805,-0.00871599404770892,2.00801379488501,3.19730246155283,4.33778570059652,1.72978743666175,2.97067583308332,1.48223199617495,3.67813703944822,TRUE
"dlm","ET",57,57,2.48895234222354,3.05452845684916,1.57569232745074,3.59054844715078,1.17342668127725,3.67788357290966,2.42565512709345,2.50445689163241,0.0377888454221983,2.07163427599733,3.26339400906849,4.39420009901795,1.78542459672358,3.03125616364306,1.48254349542465,3.68386542098742,TRUE
"dlm","ET",58,58,3.00725797746474,3.10174411913007,1.62290798973166,3.63776410943169,1.22933287862851,3.73831560032109,2.4838242394748,2.50898272169258,0.08801282982156,2.1320065440116,3.32705002255434,4.45079759909837,1.84163676514856,3.08847648002905,1.4831237939603,3.68594542478025,TRUE
"dlm","ET",59,59,2.37640415730406,3.13503255976174,1.65619643036332,3.67105255006336,1.28430757419096,3.79871471695751,2.54151114557424,2.51440714276655,0.135570633114583,2.18885950173087,3.39361483035804,4.51071466480948,1.89901184414589,3.14865909627951,1.49167858532843,3.69489237282581,TRUE
"dlm","ET",60,60,3.51809932053264,3.23454552795222,1.7557093985538,3.77056551825384,1.33755021400485,3.85928924011455,2.5984197270597,2.5217390261097,0.184961114244647,2.24626874356661,3.45934186661794,4.56003773338226,1.95434613845675,3.20661384480713,1.49817802631946,3.70324538197391,TRUE
"dlm","ET",61,61,3.00690052901718,3.24645385731826,1.76761772791984,3.78247384761988,1.39023411645616,3.91908617565516,2.65466014605566,2.528852059199,0.239929878917397,2.30235451009425,3.5206243211524,4.61438005979687,2.00748294100556,3.25990530121436,1.50302234149228,3.70901185249736,TRUE
"dlm","ET",62,62,2.99763417497323,3.26220416059314,1.78336803119472,3.79822415089476,1.44226388392585,3.97927973604626,2.71077180998605,2.53701585212041,0.286306802153857,2.35878538446904,3.58472985156229,4.67023852290648,2.0631821390037,3.3166232355949,1.50915228337298,3.71448249887731,TRUE
"dlm","ET",63,63,3.74993191544459,3.30222721241544,1.82339108301703,3.83824720271706,1.49278025195969,4.03917202956277,2.76597614076123,2.54639177760308,0.332304065813691,2.40263981491161,3.64763646135967,4.73566168801904,2.11692211337386,3.3732296304949,1.51687830708124,3.72330260378709,TRUE
"dlm","ET",64,64,3.65414291641311,3.33422002349942,1.855383894101,3.87024001380104,1.54247928768769,4.09869948643479,2.82058938706124,2.55622019874711,0.380094263924457,2.45294132676012,3.70763023446201,4.79269543609228,2.17223645056159,3.43129874868567,1.53219625816568,3.73229037119659,TRUE
"dlm","ET",65,65,3.67034981850438,3.36299771566858,1.88416158627016,3.8990177059702,1.59052482294788,4.15829253479844,2.87440867887316,2.56776771185056,0.430145076558732,2.49826385618294,3.76851199657106,4.85567763475969,2.22466892722224,3.4822020286595,1.53871496372576,3.74958791964144,TRUE
"dlm","ET",66,66,3.94653497053065,3.50603518724356,2.02719905784515,4.04205517754518,1.63785359005514,4.2175144435751,2.92768401681512,2.57966085351996,0.47244230215542,2.54810559443013,3.83270350813039,4.91005830967308,2.27910545592002,3.53526195018155,1.55155577222605,3.76443989018238,TRUE
"dlm","ET",67,67,3.66101545519976,3.58935358345327,2.11051745405486,4.12537357375489,1.68477581806402,4.27614904972778,2.9804624338959,2.59137323166375,0.522089280204663,2.59150273260956,3.89217504283299,4.97264787042341,2.33226575722689,3.5900395471961,1.56470305592091,3.7795485598631,TRUE
"dlm","ET",68,68,4.04315576197707,3.61360312446976,2.13476699507135,4.14962311477138,1.73011889581322,4.33483472137564,3.03247680859443,2.60471582556242,0.567031978741934,2.63661641277726,3.9504944909209,5.03638897659204,2.38746182500324,3.63829062429886,1.58211314757118,3.79828107824687,TRUE
"dlm","ET",69,69,4.11074396579761,3.6492282928448,2.17039216344638,4.18524828314642,1.77424854089414,4.39259509049065,3.08342181569239,2.61834654959652,0.61392620407657,2.67950669825426,4.00390970217446,5.09626084476728,2.43553660395474,3.69183306091908,1.59238151303826,3.81689721299499,TRUE
"dlm","ET",70,70,,3.67122576371174,2.19238963431332,4.20724575401336,1.81699101638731,4.44968959290333,3.13334030464532,2.63269857651602,0.658011091953387,2.72485009137444,4.05711506686194,5.1589605723358,2.48261599944951,3.74257618119787,1.60374194208476,3.82869657798149,FALSE
"dlm","ET",71,71,2.92684543449351,3.72930141625064,2.25046528685222,4.26532140655226,1.85954838365877,4.50674498722722,3.183146685443,2.64719660356845,0.707259936428235,2.75849862577016,4.10766981155182,5.22355998064058,2.53329053468343,3.79123141902473,1.61446778769422,3.83821614974074,TRUE
"dlm","ET",72,72,2.82156860434709,3.81247131306239,2.33363518366397,4.34849130336401,1.90060399742658,4.56361065026918,3.23210732384788,2.6630066528426,0.745308682985318,2.79637253054973,4.16034133639153,5.28323188714412,2.58230850864239,3.839457233444,1.62291157127425,3.85950559866666,TRUE
"dlm","ET",73,73,3.66025116608499,3.86929570783244,2.39045957843403,4.40531569813406,1.94013723920914,4.61997699541604,3.28005711731259,2.6798397562069,0.785589344702325,2.83807446168148,4.21140121040165,5.34478708688344,2.6289382051339,3.88747055473438,1.6383066104008,3.88492753312939,TRUE
"dlm","ET",74,74,4.47113573171478,3.92256913574459,2.44373300634617,4.45858912604621,1.97919138401596,4.67611801141414,3.32765469771505,2.69692662739818,0.827352181485482,2.87260104546515,4.26125545134007,5.41944110014494,2.67817606520244,3.93602369954947,1.65296392895349,3.90790989366002,TRUE
"dlm","ET",75,75,4.43044859000221,3.98498945418895,2.50615332479054,4.52100944449057,2.01702676942731,4.73113395154675,3.37408036048703,2.71410718211944,0.869124158647552,2.91216521263574,4.30913872764896,5.49111154238304,2.72502509736523,3.9852336397543,1.66383752692588,3.9246649309335,TRUE
"dlm","ET",76,76,4.40243615055165,4.00096171575771,2.52212558635929,4.53698170605933,2.0536105949229,4.78555023288461,3.41958041390376,2.73193963796171,0.91075503125384,2.94847249784198,4.35585527713549,5.55765697974081,2.77462521473483,4.03392431467239,1.67613472514207,3.94836178491584,TRUE
"dlm","ET",77,77,3.96079776643915,4.02667570815235,2.54783957875393,4.56269569845397,2.08910941986719,4.83949821252861,3.4643038161979,2.75038879266142,0.943629409075569,2.98443405386138,4.40060170129439,5.63331346651211,2.81606229775121,4.08458902481425,1.68663569075215,3.96996437695652,TRUE
"dlm","ET",78,78,4.32062670136431,4.09741606969286,2.61857994029444,4.63343605999448,2.12346194881781,4.89369568273507,3.50857881577644,2.77023373391726,0.982398506994881,3.02265371640353,4.43923015621268,5.70072942238376,2.86102563972261,4.1313590480928,1.69787538916507,3.99543048490574,TRUE
"dlm","ET",79,79,3.69024718215016,4.12118205917414,2.64234592977573,4.65720204947576,2.15728654519347,4.94761893577367,3.55245274048357,2.7903323905802,1.01984612801481,3.0600990821914,4.4768254514175,5.77002989448137,2.9054799838339,4.1835523361566,1.70448000153075,4.0255712172613,TRUE
"dlm","ET",80,80,2.67702598604609,4.14883987389762,2.6700037444992,4.68485986419924,2.19015774861252,5.00091045760521,3.59553410310886,2.81075270899269,1.05845021631272,3.09727913544391,4.52252336234581,5.84381821279399,2.94381919346928,4.23275502235268,1.71079146822686,4.06185628891427,TRUE
"dlm","ET",81,81,3.80841583021402,4.2014870008011,2.72265087140268,4.73750699110272,2.22241233954772,5.0547215032006,3.63856692137416,2.83230916365288,1.09105885719911,3.14037110655198,4.56693583219227,5.92635789193353,2.98352105383593,4.28107022617077,1.72072053566534,4.09348304014843,TRUE
"dlm","ET",82,82,3.58564488499601,4.26510572829641,2.78626959889799,4.80112571859803,2.25382430331755,5.10857375980079,3.68119903155917,2.85474945648324,1.11887332223671,3.18531329554764,4.60999976402626,6.00911754272892,3.02544588070434,4.33459941589067,1.72847821648521,4.12880937040041,TRUE
"dlm","ET",83,83,4.32113130161362,4.31382435879186,2.83498822939344,4.84984434909348,2.28396200713521,5.1618981493199,3.72293007822756,2.87793614218469,1.14699351665103,3.22664196117069,4.64946232262475,6.09180342176265,3.06224163144433,4.38400439050108,1.72709757798415,4.16708000454573,TRUE
"dlm","ET",84,84,4.68650057359425,4.33717130103452,2.8583351716361,4.87319129133614,2.31338402315634,5.21494447988932,3.76416425152283,2.90156045673299,1.17777216761435,3.27483738261684,4.69452222987719,6.17255612206351,3.09850400131592,4.43305588970485,1.72503252455753,4.20270465431417,TRUE
"dlm","ET",85,85,4.18198776749948,4.36917297133709,2.89033684193867,4.90519296163871,2.34170835412576,5.26809727009884,3.8049028121123,2.92638891597308,1.21153394925201,3.31441367570484,4.73606791950484,6.2518052009717,3.13322138836391,4.48296606147264,1.72562916910328,4.25127577021411,TRUE
"dlm","ET",86,86,4.5648391585218,4.35995517421075,2.88111904481233,4.89597516451237,2.36952575842439,5.321048491701,3.84528712506269,2.95152273327661,1.23639013624769,3.36249585590606,4.77739578105813,6.33964448872938,3.17077715254094,4.53693001307445,1.72585743059553,4.29842614245796,TRUE
"dlm","ET",87,87,4.77933073642245,4.4027919727897,2.92395584339128,4.93881196309132,2.39660708865604,5.37427326566064,3.88544017715834,2.9776661770046,1.26020710978963,3.40977808664598,4.81856811998633,6.42253751112355,3.20174696272189,4.58670808649172,1.72090640349962,4.34788692137485,TRUE
"dlm","ET",88,88,3.80445758006768,4.47423534272056,2.99539921332214,5.01025533302217,2.42291035175241,5.42756528384457,3.92523781779849,3.00465493209216,1.29021169629432,3.45496029222559,4.86008460492491,6.51518373822367,3.23784846959807,4.63847863225201,1.71406441883557,4.40256433451275,TRUE
"dlm","ET",89,89,4.11822775500113,4.55263574179904,3.07379961240063,5.08865573210066,2.44839844977155,5.48050871904624,3.9644535844089,3.03211026927469,1.31012926461092,3.49557123526601,4.90462855964967,6.59130456250651,3.27299271275075,4.69184638420216,1.70598458940331,4.45481557925466,TRUE
"dlm","ET",90,90,3.8533766514955,4.62537089440456,3.14653476500615,5.16139088470618,2.47285316655901,5.53353221453046,4.00319269054474,3.06067904797146,1.32621001168684,3.54877645016495,4.94416201716919,6.67958286588468,3.30769516457483,4.74127127161776,1.70052907956038,4.51847708717358,TRUE
"dlm","ET",91,91,5.1572487414517,4.67460279246986,3.19576666307144,5.21062278277148,2.49682172738669,5.58627111660549,4.04154642199609,3.08944938921881,1.35201577420309,3.60266500751753,4.98712139015498,6.76943213085508,3.33976559868941,4.79454227897408,1.69280820722897,4.59080627310737,TRUE
"dlm","ET",92,92,4.92650046794298,4.74058255499614,3.26174642559773,5.27660254529776,2.51972627364316,5.63836632961457,4.07904630162887,3.11864005597141,1.36051725679964,3.65115477974773,5.02021508650925,6.85846221233728,3.36946664471687,4.84711014956101,1.67997802533396,4.65899233569479,TRUE
"dlm","ET",93,93,5.07983241149477,4.76636854631268,3.28753241691426,5.3023885366143,2.54232302513382,5.6905642038176,4.11644361447571,3.14824117868378,1.37813733510471,3.70004147357268,5.05327357883467,6.94903038205468,3.39804530492985,4.9002453062133,1.6681921973348,4.73253857606518,TRUE
"dlm","ET",94,94,5.13668664960376,4.8156981814667,3.33686205206828,5.35171817176832,2.56521646038406,5.74270813155461,4.15396229596933,3.17749167117055,1.38710530084915,3.75388974726231,5.08413336657747,7.03716046312925,3.4235678179876,4.95638049801228,1.64702856472731,4.80001634211849,TRUE
"dlm","ET",95,95,5.12865210577753,4.82703154474453,3.34819541534611,5.36305153504614,2.58699065591322,5.79510657219548,4.19104861405435,3.20811591628226,1.39587956984864,3.81449842621047,5.11400013599573,7.12481003629619,3.45163470631918,5.01612953987412,1.62184685776774,4.87968645391746,TRUE
"dlm","ET",96,96,4.57957251941095,4.90889672068299,3.43006059128457,5.4449167109846,2.60841504618518,5.84735504255112,4.22788504436815,3.23893999636594,1.40193978581036,3.86977616108563,5.13440941904491,7.21757894989174,3.47318473685797,5.07286158009649,1.60296569653357,4.96034935285973,TRUE
"dlm","ET",97,97,5.26292140091588,4.97775354015245,3.49891741075403,5.51377353045407,2.62975232598592,5.89969157293235,4.26472194945914,3.26993924694643,1.40702070215847,3.92791356534827,5.15376938085595,7.31684928210236,3.49624669602529,5.1263590560462,1.57859826904948,5.03907751489716,TRUE
"dlm","ET",98,98,5.30284767134121,5.08264892394281,3.60381279454439,5.61866891424443,2.65065316414236,5.95164883578958,4.30115099996597,3.30099567164723,1.41357535934666,3.98049309012765,5.16665761823416,7.4107169811706,3.51434932084033,5.19044603276876,1.55566088204768,5.13324229806787,TRUE
"dlm","ET",99,99,2.44512392837594,5.08683813000388,3.60800200060547,5.6228581203055,2.67134918738501,6.00378279326598,4.33756599032549,3.33243360588098,1.40729123061432,4.04060354167645,5.17609406452438,7.5105702180217,3.53282793370184,5.24479560529168,1.53205412773964,5.21601183801359,TRUE
"dlm","ET",100,100,5.04015518122651,5.12413985393318,3.64530372453476,5.6601598442348,2.69459815044038,6.05630295555989,4.37545055300014,3.36170480511951,1.39937042626853,4.10254334955059,5.1838754123033,7.61608670771293,3.54529755138945,5.31346354695023,1.4969126614614,5.30455537293549,TRUE
"dlm","SH",1,1,0.40839960016234,0.15,-0.953152027814743,0.711058781829231,-1.72539942966895,1.61496584402121,-0.0552167928238744,3.34036527369016,-2.66939429331605,-0.730909545208486,0.337859870983389,4.03190206536952,-0.894712799501252,1.1501163289454,1.4733397075315,6.00913814034757,TRUE
"dlm","SH",2,2,-0.618905612052081,0.174612798786846,-0.928539229027898,0.735671580616077,-1.69028841330262,1.64621243679207,-0.0220379882552748,3.33650085009468,-2.60711026670564,-0.722704454479466,0.391702830536688,4.05213866830183,-0.844028217808847,1.17670749892989,1.49993045477534,5.97932288301828,TRUE
"dlm","SH",3,3,-0.847106887849967,0.16799253860611,-0.935159489208633,0.729051320435341,-1.6546076399732,1.67848022526741,0.0119362926471043,3.33308786524061,-2.54295229291987,-0.718004076563975,0.446096263066422,4.07435155603088,-0.791675647307971,1.20073909804737,1.53121130198038,5.93486633467887,TRUE
"dlm","SH",4,4,-0.233985471698686,0.146017553234868,-0.957134474579876,0.707076335064099,-1.61713970682152,1.71185461313196,0.0473574531552182,3.32899431995348,-2.48576217554489,-0.705286955864753,0.500019347961155,4.0735981986148,-0.739745294230748,1.22516401920909,1.56517140707049,5.91514039991587,TRUE
"dlm","SH",5,5,0.332484820803439,0.163581382825573,-0.93957064498917,0.724640164654804,-1.57932113094377,1.74594745830836,0.0833131636822949,3.32526858925213,-2.42053341760825,-0.694559920929447,0.55752577631207,4.10129150140226,-0.68943286471671,1.25374764693365,1.58846497317911,5.89282282528148,TRUE
"dlm","SH",6,6,-2.01006960101742,0.215351991386128,-0.887800036428615,0.776410773215359,-1.53990140922558,1.78131768209059,0.120708136432504,3.32121909131617,-2.35953716170298,-0.681435225706095,0.610666786577878,4.11741787954913,-0.640465869055119,1.27818317155013,1.62000809622382,5.86834466892695,TRUE
"dlm","SH",7,7,0.690861340718611,0.261788823046343,-0.8413632047684,0.822847604875574,-1.49559518066079,1.81805456623062,0.161229692784916,3.31364974689142,-2.29675932035701,-0.663143831724476,0.671433959360186,4.14441490656691,-0.583996325280106,1.31324522292158,1.63996718764356,5.83623346383936,TRUE
"dlm","SH",8,8,0.819540134401209,0.303570082882955,-0.799581944931788,0.864628864712186,-1.45006393889911,1.85545372996725,0.20269489553407,3.30551766886636,-2.23783644240332,-0.640703731078324,0.724118865340286,4.1639374611542,-0.535901617609847,1.34999516346763,1.66548211010902,5.81030448685664,TRUE
"dlm","SH",9,9,0.0199067833260281,0.34566140598634,-0.757490621828403,0.906720187815571,-1.40365251775986,1.89392765055516,0.24513756639765,3.29758016831502,-2.17628138484731,-0.615683886369189,0.776675439341668,4.19778899640829,-0.481432849663729,1.38442710769179,1.68665668155869,5.77921468063388,TRUE
"dlm","SH",10,10,0.793671843335933,0.35110281448363,-0.752049213331113,0.912161596312861,-1.3559125203198,1.93402467024591,0.289056074963058,3.28993719056571,-2.11853341786802,-0.588226326041071,0.826668878873475,4.22690070867566,-0.428911680582944,1.42539281395548,1.70933729045856,5.75104965309262,TRUE
"dlm","SH",11,11,0.673347304065717,0.398817969019558,-0.704334058795185,0.959876750848789,-1.30747242806183,1.97448985195447,0.33350871194632,3.2819622800163,-2.0598943481179,-0.560215664914583,0.879956933628405,4.25478924316089,-0.37567411755649,1.46449519051894,1.72616011786309,5.71623453828267,TRUE
"dlm","SH",12,12,0.0872136448400203,0.437593336039238,-0.665558691775505,0.998652117868469,-1.25794274827701,2.01603522595888,0.379046238840931,3.27397797423589,-1.99905060844068,-0.53298910094415,0.929342361789826,4.28536706065056,-0.323893057192484,1.50157099254401,1.73852342660126,5.70332692706416,TRUE
"dlm","SH",13,13,1.08026465518906,0.524071741642125,-0.579080286172618,1.08513052347136,-1.20727422065438,2.05860228847133,0.425664033908474,3.26587650912572,-1.93546828420609,-0.499125413776542,0.97716871187573,4.30231306949619,-0.270633283115451,1.54642886272449,1.74839335885253,5.67458736038739,TRUE
"dlm","SH",14,14,1.02439553644204,0.615836857484408,-0.487315170330335,1.17689563931364,-1.15595931479851,2.1017644058297,0.472902545515596,3.25772372062821,-1.87763626583619,-0.469734624444697,1.01624377725618,4.34647912719409,-0.220217403189704,1.58910220576042,1.75904392208449,5.65201753466447,TRUE
"dlm","SH",15,15,1.16181759795572,0.670046146828058,-0.433105880986685,1.23110492865729,-1.10346226347041,2.1454665148154,0.521002125672494,3.2489287782858,-1.81176605326544,-0.434975472100705,1.06018614185069,4.3828472823199,-0.165327858439445,1.6363156790946,1.77488420890399,5.63243366571179,TRUE
"dlm","SH",16,16,0.631075751395624,0.667535598669013,-0.435616429145731,1.22859438049824,-1.05046732991238,2.19024598081902,0.569889325453322,3.2407133107314,-1.75164772626141,-0.402958138305009,1.09892189070669,4.42806982217403,-0.115350076611946,1.67609086813227,1.77589989857038,5.60636784638064,TRUE
"dlm","SH",17,17,0.871839430107528,0.692171223534189,-0.410980804280554,1.25323000536342,-0.996370489534783,2.23569315860082,0.619661334533017,3.2320636481356,-1.69058832034974,-0.366759641394028,1.13569199851594,4.45426943158375,-0.0650759717039695,1.72557412114516,1.78114751954543,5.57897428048302,TRUE
"dlm","SH",18,18,-0.625658285201857,0.654414577571051,-0.448737450243692,1.21547335940028,-0.941674049594222,2.28180332351034,0.670064636958059,3.22347737310456,-1.62959943748394,-0.327411374690091,1.17492719724505,4.49700970129487,-0.0152830817006485,1.7749949009169,1.78192027779884,5.55447137256077,TRUE
"dlm","SH",19,19,0.762176022200109,0.687663475743819,-0.415488552070924,1.24872225757305,-0.885601795242382,2.3290420339757,0.721720119366659,3.21464382921808,-1.56801889396759,-0.289418995903271,1.21661515038828,4.53587169873801,0.0399303558605466,1.82320086148589,1.78413437295537,5.5378401832594,TRUE
"dlm","SH",20,20,1.00168556649494,0.719643168046969,-0.383508859767774,1.2807019498762,-0.828740231386342,2.3769332050553,0.774096486834478,3.20567343644164,-1.50744785442949,-0.24716257413906,1.25313632503036,4.58238585912359,0.095281071245028,1.87261708203652,1.7787337360744,5.51879778095128,TRUE
"dlm","SH",21,21,1.13361641275243,0.729545571455037,-0.373606456359706,1.29060435328427,-0.770789608456746,2.42575529627366,0.827482843908456,3.19654490473041,-1.43963822458754,-0.204040389094114,1.29179119406736,4.6270674647769,0.147730512656282,1.92241603372713,1.77525884788844,5.49919715152603,TRUE
"dlm","SH",22,22,1.19390106408365,0.749866094834584,-0.353285932980159,1.31092487666381,-0.712508730465416,2.47535804393087,0.881424656732727,3.18786677439629,-1.37882976300979,-0.159992623930061,1.33356567856324,4.66462091854843,0.201044064676206,1.97274794724628,1.76699048769135,5.48108393524302,TRUE
"dlm","SH",23,23,0.0013346087720566,0.769539057728781,-0.333612970085962,1.33059783955801,-0.653398620200302,2.52528877009987,0.935945074949782,3.17868739030017,-1.31391400452674,-0.118682313416227,1.37312770873404,4.70997438663516,0.254875122134676,2.02622094037859,1.7641365310006,5.45959525239778,TRUE
"dlm","SH",24,24,1.01327397254783,0.777043808607891,-0.326108219206852,1.33810259043712,-0.593261189436783,2.57631227683571,0.991525543699462,3.16957346627249,-1.24873453215608,-0.0705980001471335,1.41312111253258,4.74826540673964,0.308509017776454,2.08139605215512,1.75320751733359,5.43261488463107,TRUE
"dlm","SH",25,25,0.170971228416499,0.747995177941151,-0.355156849873592,1.30905395977038,-0.532383934655484,2.62793710759125,1.04777658646788,3.16032104224673,-1.18210207496004,-0.0193786190375559,1.46124799010692,4.80119812295654,0.366918729984711,2.14050753046238,1.74947834372876,5.41501510626824,TRUE
"dlm","SH",26,26,1.03187485480627,0.756283970486157,-0.346868057328586,1.31734275231539,-0.470488312294772,2.67999717315798,1.1047544304316,3.15048548545275,-1.11626903181068,0.0314111837332367,1.50266893083499,4.8595817658807,0.425677006819253,2.1936678140039,1.73720066573915,5.40733354379219,TRUE
"dlm","SH",27,27,1.14959618762856,0.770545063963114,-0.332606963851629,1.33160384579234,-0.408169993656513,2.7324807922592,1.16215539930135,3.14065078591572,-1.05351728346903,0.0809446235538063,1.54502769164342,4.90698979192183,0.479466911978461,2.25238333283612,1.73047009973304,5.38786199295322,TRUE
"dlm","SH",28,28,0.118199705374439,0.844723316053314,-0.258428711761429,1.40578209788254,-0.344992651634667,2.78586768590313,1.22043751713423,3.1308603375378,-0.992283361912438,0.134618438880581,1.5931487647489,4.95690247345614,0.537728204781627,2.30524253883407,1.72367055967507,5.3591697668609,TRUE
"dlm","SH",29,29,-1.19950530309403,0.834468245256874,-0.268683782557869,1.3955270270861,-0.281273526545823,2.83946755438861,1.27909701392139,3.12074108093443,-0.927256480706705,0.190139847565102,1.64060659249648,5.00119527987477,0.592191595883966,2.36567543967743,1.71300700033811,5.34363469152549,TRUE
"dlm","SH",30,30,1.06598015732219,0.839592609255113,-0.26355941855963,1.40065139108434,-0.211655008676235,2.89511629806348,1.34173064469362,3.10677130673972,-0.852272131632769,0.246734248462754,1.69095455416864,5.06433967798202,0.652431129520438,2.43129869838745,1.69986882839352,5.3281678620775,TRUE
"dlm","SH",31,31,0.0695068574569015,0.867854379128901,-0.235297648685842,1.42891316095813,-0.141195276163895,2.95106254132519,1.40493363258065,3.09225781748909,-0.783959312518421,0.307137463158571,1.7402529711506,5.12343163497298,0.71028856336745,2.49876629764271,1.68876932362766,5.30588557408687,TRUE
"dlm","SH",32,32,1.04126873489563,0.883144069209304,-0.22000795860544,1.44420285103853,-0.0691480337493465,3.00730362838336,1.46907779731701,3.0764516621327,-0.716362231023068,0.375430827255414,1.7937124862814,5.1730768013701,0.771612782287672,2.56848951858602,1.6752845984618,5.28482917321075,TRUE
"dlm","SH",33,33,1.43736027677049,0.945362730595067,-0.157789297219676,1.5064215124243,0.00341318203734802,3.06413124543377,1.53377221373556,3.06071806339642,-0.641561414202319,0.44702631451815,1.84114197909897,5.23488684957418,0.831055311120348,2.63938071034566,1.66238655352156,5.26045680431073,TRUE
"dlm","SH",34,34,0.415179739350587,0.993570971485937,-0.109581056328807,1.55462975331517,0.076655849663385,3.12165439735213,1.59915512350776,3.04499854768875,-0.566139964427663,0.515893322255418,1.89687094349897,5.28149587770541,0.890070042338584,2.70831865634135,1.64110821378514,5.23767962489439,TRUE
"dlm","SH",35,35,,1.04863301254577,-0.0545190152689747,1.609691794375,0.150428702961704,3.17911778653947,1.66477324475059,3.02868908357777,-0.496680397235128,0.593108830527988,1.94940623605192,5.35167279589606,0.954703536199213,2.78057996290049,1.62211147728267,5.21684267165165,FALSE
"dlm","SH",36,36,,1.17004020864727,0.0668881808325266,1.7310989904765,0.224725985571617,3.23736108037819,1.7310435329749,3.01263509480657,-0.420145206501129,0.669242335025876,2.00987599099094,5.42030052543679,1.02010713681715,2.84889052888054,1.60583833701004,5.20950180703675,FALSE
"dlm","SH",37,37,1.64078810991643,1.30954562869065,0.206393600875905,1.87060441051988,0.300288342039272,3.29583211834424,1.79806023019175,2.99554377630496,-0.349654975801365,0.748802730148548,2.06470475098268,5.49262618056593,1.08256285031857,2.92578979369287,1.58312046840925,5.18233361214745,TRUE
"dlm","SH",38,38,1.57727921474398,1.33301363883514,0.229861611020394,1.89407242066437,0.375619733732917,3.35496428860229,1.8652920111676,2.97934455486938,-0.27999790027023,0.830539052662052,2.12518201830453,5.5477372001277,1.14513139832188,3.00195081623439,1.56547430473327,5.16227116215177,TRUE
"dlm","SH",39,39,0.583286759087811,1.40899995272012,0.305847924905372,1.97005873454935,0.450999488286338,3.41437702017571,1.93268825423102,2.96337753188937,-0.211738884369893,0.912762819551252,2.18183746895825,5.61459077816159,1.20800982916814,3.07351574914356,1.54532958992476,5.14060762122823,TRUE
"dlm","SH",40,40,0.613963677633601,1.52376693351983,0.420614905705085,2.08482571534906,0.527281163061446,3.47350203536236,2.00039159921191,2.94622087230092,-0.143684330017177,0.991603604013914,2.23481713619863,5.69220924875629,1.27288575669516,3.14832082672148,1.51881185169927,5.11177203660055,TRUE
"dlm","SH",41,41,1.49940533628197,1.64133090273062,0.538178874915878,2.20238968455985,0.60512245923191,3.53302359945478,2.06907302934334,2.92790114022287,-0.0730783896079798,1.08093842517221,2.29090985568978,5.76875986382121,1.3368481388313,3.23312406597387,1.49986884066914,5.09628711022384,TRUE
"dlm","SH",42,42,1.9608939765079,1.6878847020655,0.584732674250753,2.24894348389473,0.682803418949383,3.59289710926275,2.13785026410607,2.91009369031337,-0.000245560702111844,1.16881588364785,2.35582064023703,5.82976115089854,1.4031723203876,3.31109591265005,1.48380707509435,5.07204114076138,TRUE
"dlm","SH",43,43,2.09593228439944,1.69753032588106,0.594378298066315,2.25858910771029,0.760782444004672,3.65265900272989,2.20672072336728,2.89187655872522,0.073617437017439,1.25980863894834,2.41415879512441,5.89786925748428,1.46805555813508,3.39152168064233,1.45518330207973,5.04298463251548,TRUE
"dlm","SH",44,44,2.12996218332037,1.78610127191603,0.682949244101289,2.34716005374526,0.837691398963974,3.7130264415702,2.27535892026709,2.87533504260623,0.143295352636042,1.34603569771318,2.47387121782489,5.96520629255396,1.53301341481682,3.47820311581897,1.431685935293,5.0252980154937,TRUE
"dlm","SH",45,45,1.33593287834556,1.8493631629307,0.746211135115953,2.41042194475993,0.914024178242778,3.77334833998807,2.34368625911542,2.85932416174529,0.207036275417665,1.43752449259176,2.53275030864761,6.04334957499719,1.59723123332691,3.56198343787395,1.4103062273178,5.01587838675026,TRUE
"dlm","SH",46,46,1.85280267657215,1.97688180459034,0.873729776775594,2.53794058641957,0.990028352449672,3.83394613976887,2.41198724610927,2.8439177873192,0.273213552886141,1.53024764145562,2.59810077854535,6.11821227857247,1.65949908688857,3.63993671679674,1.38453098193885,5.02721371964704,TRUE
"dlm","SH",47,47,2.45312437255158,2.11057497792492,1.00742295011017,2.67163375975415,1.06503482150979,3.89425692287823,2.47964587219401,2.82922210136843,0.336748152725884,1.6214531884394,2.66079889473905,6.19828600392009,1.72161320790877,3.72610223138854,1.35175729328631,5.02088841691973,TRUE
"dlm","SH",48,48,1.85591340267351,2.27021411179682,1.16706208398207,2.83127289362605,1.13917100733868,3.95490122188359,2.54703611461114,2.81573021454491,0.402117582592525,1.71145789705993,2.72221395464274,6.27785901901487,1.78627693615509,3.80382523761753,1.32369143606036,5.01410468699617,TRUE
"dlm","SH",49,49,2.34024807067193,2.37410867051765,1.2709566427029,2.93516745234688,1.21252748584924,4.01562982036354,2.61407865310639,2.80310233451431,0.468461527070971,1.80223456661473,2.78186860643384,6.34891355899172,1.85005861367379,3.88000829961899,1.29545938145323,5.00824052009569,TRUE
"dlm","SH",50,50,2.36201910130649,2.43717645711521,1.33402442930047,2.99823523894444,1.28464798694359,4.07609087318462,2.6803694300641,2.79144288624103,0.530492351395185,1.88949757163646,2.84642139906409,6.42701520995809,1.90963387827828,3.96040299830734,1.26779998317083,5.00480817470896,TRUE
"dlm","SH",51,51,2.74390693589453,2.55695332980557,1.45380130199082,3.1180121116348,1.35539206520102,4.13702061089899,2.74620633805,2.78162854569797,0.591283338636648,1.97602703561376,2.91295234397132,6.51225184766943,1.97089259705889,4.0413108791659,1.24739246951741,4.99439959993997,TRUE
"dlm","SH",52,52,2.87367581994361,2.61160403943924,1.5084520116245,3.17266282126847,1.42534514893826,4.19806250797868,2.81170382845847,2.77271735904042,0.652624648332888,2.06068930306288,2.98475309016797,6.58941956430629,2.03578371784533,4.1259693763453,1.22370485060447,4.98949927141407,TRUE
"dlm","SH",53,53,3.12458384132199,2.69970502380185,1.59655299598711,3.26076380563108,1.49350280906744,4.25934151450429,2.87642216178587,2.76583870543685,0.711973564396457,2.14559654712895,3.05357878167171,6.68040239344285,2.09702583784419,4.20815747127685,1.20206891625348,5.01066041574159,TRUE
"dlm","SH",54,54,3.11145967905811,2.85977247391191,1.75662044609716,3.42083125574114,1.56047156127574,4.32046217859738,2.94046686993656,2.75999061732164,0.773912989015595,2.22767408815179,3.11530286705633,6.75769179287466,2.15825964409235,4.28420177338754,1.16936912614287,5.02354703551554,TRUE
"dlm","SH",55,55,3.3224044989604,2.93621093565805,1.83305890784331,3.49726971748728,1.62594003982152,4.38156273838238,3.00375138910195,2.75562269856087,0.834809445090618,2.3108704377112,3.17672123203249,6.84289708474736,2.21827404683204,4.36256088646934,1.15122491208293,5.04930845691871,TRUE
"dlm","SH",56,56,3.35528730194882,2.97588582749166,1.87273379967692,3.53694460932089,1.68968281783918,4.44271828027122,3.0662005490552,2.75303546243204,0.891122022560524,2.38734570012306,3.24668774246346,6.92308479037396,2.27958322182213,4.43597444863761,1.13152887377322,5.06009526811554,TRUE
"dlm","SH",57,57,2.48895234222354,3.05452845684916,1.95137642903442,3.61558723867839,1.7518361336538,4.50351880876015,3.12767747120697,2.75168267510635,0.949181254410413,2.45649542646919,3.30500686790436,7.01110916164572,2.33940202280634,4.50822830607561,1.12152969785478,5.08551410637704,TRUE
"dlm","SH",58,58,3.00725797746474,3.10174411913007,1.99859209131533,3.66280290095931,1.81186024368509,4.56465235206839,3.18825629787674,2.7527921083833,1.00430899170352,2.51649550211189,3.36921514562973,7.11464116903917,2.39965630991967,4.58573053266992,1.12530161121413,5.11637257844608,TRUE
"dlm","SH",59,59,2.37640415730406,3.13503255976174,2.031880531947,3.69609134159097,1.87044209513343,4.62580599577923,3.24812404545633,2.7553639006458,1.05789892524865,2.57398458522919,3.43445646746891,7.21074920369196,2.45803793669928,4.65819285961451,1.13000822755697,5.13850106060474,TRUE
"dlm","SH",60,60,3.51809932053264,3.23454552795222,2.13139350013748,3.79560430978145,1.92696848707017,4.68687840030632,3.30692344368825,2.75990991323615,1.11039733404795,2.63545016241075,3.50321830264261,7.2909430529059,2.51202154231208,4.72915116018693,1.16361851044448,5.1714506089618,TRUE
"dlm","SH",61,61,3.00690052901718,3.24645385731826,2.14330182950352,3.80751263914749,1.98186780643262,4.74798537774511,3.36492659208886,2.76611757131249,1.1617635822829,2.68706607232197,3.57101470376645,7.39368809415783,2.56424828609781,4.80759080413104,1.18099206435353,5.20594676827885,TRUE
"dlm","SH",62,62,2.99763417497323,3.26220416059314,2.15905213277839,3.82326294242237,2.03464400405247,4.80879798116249,3.42172099260748,2.77415397711003,1.2102055931651,2.73589720382976,3.63593451016576,7.48062198096291,2.62045472360471,4.87625004394655,1.1986882825862,5.25927657852253,TRUE
"dlm","SH",63,63,3.74993191544459,3.30222721241544,2.1990751846007,3.86328599424467,2.08587611937921,4.86986118722793,3.47786865330357,2.78398506784872,1.26272405284702,2.78472167382028,3.70078935177611,7.57421334123255,2.67386501219847,4.95538945499607,1.20663275971738,5.31006475936688,TRUE
"dlm","SH",64,64,3.65414291641311,3.33422002349942,2.23106799568468,3.89527880532865,2.13507777664928,4.93071906362254,3.53289842013591,2.79564128697327,1.31224719322113,2.82943101950699,3.76569709065807,7.67329159956461,2.72718143103002,5.02437915085557,1.23129976135507,5.35547771002753,TRUE
"dlm","SH",65,65,3.67034981850438,3.36299771566858,2.25984568785384,3.92405649749781,2.18223958539191,4.99140302942341,3.58682130740766,2.80916344403151,1.35688405145201,2.86542584838558,3.83191338936211,7.75959958804389,2.78018375299569,5.09077899567388,1.25893251946848,5.38448339995794,TRUE
"dlm","SH",66,66,3.94653497053065,3.50603518724356,2.40288315942882,4.0670939690728,2.2279309861125,5.05188463884012,3.63990781247631,2.82395365272762,1.40128138265507,2.89935597108824,3.8936736911207,7.86014668720139,2.83437173176807,5.16094057869219,1.29962451346055,5.44597350843642,TRUE
"dlm","SH",67,67,3.66101545519976,3.58935358345327,2.48620155563853,4.15041236528251,2.2714310066111,5.11217979186581,3.69180539923846,2.84074878525471,1.44393532852552,2.92902267601444,3.94776076226467,7.9543731603905,2.88761854945737,5.22582687267841,1.32925074982876,5.50216685038849,TRUE
"dlm","SH",68,68,4.04315576197707,3.61360312446976,2.51045109665502,4.174661906299,2.31307383811416,5.17223708640172,3.74265546225794,2.85916324828756,1.4876359462347,2.95801987678869,4.01106851266371,8.05140974198021,2.93754610238864,5.29257243643612,1.35820857024105,5.56016612470992,TRUE
"dlm","SH",69,69,4.11074396579761,3.6492282928448,2.54607626503006,4.21028707467403,2.35312372216575,5.23205883930061,3.79259128073318,2.87893511713486,1.53012192890972,2.99196715403196,4.07150254365317,8.13378768665939,2.98483825146869,5.35649659454721,1.38793418104744,5.62481746313903,TRUE
"dlm","SH",70,70,,3.67122576371174,2.56807373589699,4.23228454554097,2.39148045332061,5.29177929441617,3.84162987386839,2.90029884109556,1.57139274820479,3.01870557522889,4.13032602159299,8.23533386771224,3.02783742798043,5.41861968230186,1.41612834835126,5.68855081595528,FALSE
"dlm","SH",71,71,2.92684543449351,3.72930141625064,2.6261493884359,4.29036019807987,2.42834932513771,5.35157233189011,3.88996082851391,2.9232230067524,1.61200291130654,3.04976682976844,4.18428882886344,8.34503736067015,3.07448251600679,5.48337180511119,1.4467700328114,5.7581777525835,TRUE
"dlm","SH",72,72,2.82156860434709,3.81247131306239,2.70931928524765,4.37353009489162,2.46360568131519,5.41096040890946,3.93728304511232,2.94735472759427,1.64886434652317,3.08034602533027,4.24024066132221,8.45949048341871,3.12026926982339,5.54665183932088,1.47094258998907,5.84647924398129,TRUE
"dlm","SH",73,73,3.66025116608499,3.86929570783244,2.7661436800177,4.43035448966168,2.49731099997167,5.4699315178305,3.98362125890108,2.97262051785883,1.68146925820042,3.11693310924524,4.29340997733834,8.55848568310062,3.16501571580511,5.60500223065086,1.4916146751092,5.92401272965093,TRUE
"dlm","SH",74,74,4.47113573171478,3.92256913574459,2.81941710792984,4.48362791757382,2.52977668744492,5.52871869793925,4.02924769269208,2.99894201049433,1.72150099735325,3.15166966315515,4.3449641862009,8.66198388322811,3.20920623081779,5.66980172559976,1.51629231182135,6.01045392510272,TRUE
"dlm","SH",75,75,4.43044859000221,3.98498945418895,2.88183742637421,4.54604823601818,2.56021463890765,5.58711175976198,4.07366319933481,3.02689712085432,1.75759572374007,3.18862555562635,4.39898719325133,8.77095096195545,3.25362059286431,5.72697565224386,1.53243284717538,6.09214541878508,TRUE
"dlm","SH",76,76,4.40243615055165,4.00096171575771,2.89780968794297,4.56202049758694,2.58965270953154,5.64531391485849,4.11748331219501,3.05566120532694,1.78288582488725,3.22870863106467,4.44565564325553,8.86590191235226,3.2905941486733,5.79022106485584,1.53813387965367,6.16935465095587,TRUE
"dlm","SH",77,77,3.96079776643915,4.02667570815235,2.92352368033761,4.58773448998158,2.61745465594454,5.70337017224137,4.16041241409295,3.08591551629683,1.81577526292612,3.26781549544645,4.49337222267069,8.97262514769599,3.32959712214153,5.85304148030723,1.54741611410173,6.2644411181534,TRUE
"dlm","SH",78,78,4.32062670136431,4.09741606969286,2.99426404187812,4.65847485152209,2.64326139504417,5.76137915449894,4.20232027477155,3.11811775945477,1.84566118151774,3.30674088278039,4.53502656023969,9.06925033931013,3.36806719339246,5.89722117135142,1.55545578096226,6.36006513940053,TRUE
"dlm","SH",79,79,3.69024718215016,4.12118205917414,3.0180300313594,4.68224084100338,2.66767183596538,5.81914189180276,4.24340686388407,3.15147005583738,1.87131065565255,3.34081622008409,4.57353276938135,9.15916326783211,3.40596924242658,5.94722853759359,1.55884329376269,6.45805385221719,TRUE
"dlm","SH",80,80,2.67702598604609,4.14883987389762,3.04568784608288,4.70989865572685,2.69088662256791,5.87662450658871,4.28375556457831,3.1857378840208,1.89715307061574,3.38068433731996,4.6167348115767,9.27511504967758,3.44493768812252,6.00043041722955,1.56413562782311,6.53721927741213,TRUE
"dlm","SH",81,81,3.80841583021402,4.2014870008011,3.09833497298636,4.76254578263033,2.71472465524686,5.93391644469319,4.32432054997002,3.21919178944633,1.92419965396098,3.42121741973496,4.65816724521949,9.3757154552523,3.48292407582816,6.05818532593482,1.56853759042539,6.63357855919811,TRUE
"dlm","SH",82,82,3.58564488499601,4.26510572829641,3.16195370048167,4.82616451012564,2.73766091270062,5.99082852595068,4.36424471932565,3.25316761325005,1.94074705724767,3.46378277350132,4.70135417842822,9.48192607202722,3.51724247457219,6.11167402852041,1.57106678531997,6.72400798217511,TRUE
"dlm","SH",83,83,4.32113130161362,4.31382435879186,3.21067233097712,4.87488314062109,2.7592192946577,6.0475317714053,4.4033755330315,3.2883124767476,1.96547167761587,3.50984858064485,4.73948251798479,9.58422138624296,3.55047531899982,6.16496017322123,1.56363788181412,6.81590401293595,TRUE
"dlm","SH",84,84,4.68650057359425,4.33717130103452,3.23401927321978,4.89823008286375,2.77925316268799,6.10440092226576,4.44182704247687,3.32514775957776,1.98457008696582,3.55011286578939,4.78368048340156,9.67717637211253,3.58381074034131,6.22681755646622,1.5645819127655,6.90906688018001,TRUE
"dlm","SH",85,85,4.18198776749948,4.36917297133709,3.26602094352235,4.93023175316632,2.7981567428089,6.16068999310219,4.47942336795554,3.3625332502933,2.0028041291011,3.58821442358202,4.8202880938164,9.78152603793782,3.61296434830949,6.28476488770614,1.56135827457099,7.021577210683,TRUE
"dlm","SH",86,86,4.5648391585218,4.35995517421075,3.25680314639601,4.92101395603998,2.8158257114612,6.21665288550625,4.51623929848373,3.40082717404506,2.01745559906214,3.63084590548154,4.86057880397125,9.88439058630828,3.64344619425944,6.33700704579949,1.55743653512207,7.12280832883279,TRUE
"dlm","SH",87,87,4.77933073642245,4.4027919727897,3.29963994497496,4.96385075461893,2.83222841344137,6.27288677621234,4.55255759482685,3.44065836277097,2.02943718160687,3.68237855856783,4.9008994544138,9.99493184756187,3.66859922810683,6.39657347782899,1.55614168283837,7.23901457794474,TRUE
"dlm","SH",88,88,3.80445758006768,4.47423534272056,3.37108331490581,5.03529412454979,2.84714872273818,6.3289650024456,4.58805686259189,3.48181627970743,2.04144873668798,3.728691337019,4.93558014662129,10.1011432893667,3.69722568022602,6.44767662978459,1.54459545608053,7.34190602951491,TRUE
"dlm","SH",89,89,4.11822775500113,4.55263574179904,3.4494837139843,5.11369452362827,2.86161305130526,6.38488927762848,4.62325116446687,3.52327622632322,2.05123349568009,3.77475476084393,4.97085283002695,10.2158121927093,3.7232512051127,6.49674201527241,1.53002815751828,7.45848921476672,TRUE
"dlm","SH",90,90,3.8533766514955,4.62537089440456,3.52221886658982,5.18642967623379,2.87458115564487,6.44055769206948,4.65756942385718,3.5659765364246,2.05715426224611,3.81905780558929,5.00861369189297,10.3223495346038,3.75326195585668,6.5515934533236,1.50571255907624,7.58458581921094,TRUE
"dlm","SH",91,91,5.1572487414517,4.67460279246986,3.57145076465512,5.23566157429909,2.88633522427822,6.49602128004656,4.69117825216239,3.60968605576833,2.06043344712895,3.86598319838738,5.03974114339207,10.4252906493863,3.77362286700737,6.59954373196298,1.49350989478672,7.70234473039216,TRUE
"dlm","SH",92,92,4.92650046794298,4.74058255499614,3.6374305271814,5.30164133682538,2.89724827482785,6.55156200364508,4.72440513923646,3.65431372881723,2.06659005735448,3.91812083481193,5.07162807286348,10.5370275202437,3.79538079887005,6.65318112871809,1.47577818963858,7.83835334569122,TRUE
"dlm","SH",93,93,5.07983241149477,4.76636854631268,3.66321651849793,5.32742732814191,2.9072119030435,6.6070728960095,4.7571423995265,3.699860992966,2.06774351729964,3.97544534202622,5.09838570123019,10.6476854925115,3.81469217006545,6.71294625340751,1.45642281914061,7.95157357998328,TRUE
"dlm","SH",94,94,5.13668664960376,4.8156981814667,3.71254615365196,5.37675696329593,2.91647649024127,6.66227962426969,4.78937805725548,3.74580313402842,2.0607176065241,4.02211699265575,5.12272362337509,10.7617015224241,3.8336726900229,6.7649123938569,1.42540917889974,8.06895037854866,TRUE
"dlm","SH",95,95,5.12865210577753,4.82703154474453,3.72387951692978,5.38809032657376,2.92522971861738,6.71776642536262,4.82149807199,3.79253670674524,2.05800690784887,4.07323306082127,5.14172984118757,10.8840923962601,3.84989176459408,6.81764265056737,1.38558396701671,8.21471114782689,TRUE
"dlm","SH",96,96,4.57957251941095,4.90889672068299,3.80574469286824,5.46995550251222,2.93314377236373,6.77286875416268,4.8530062632632,3.83972498179895,2.04699500969766,4.12448159007674,5.15967200481941,11.0079298853821,3.86278836439475,6.86466378920897,1.36446718564958,8.3557713094951,TRUE
"dlm","SH",97,97,5.26292140091588,4.97775354015245,3.8746015123377,5.53881232198168,2.94039543595216,6.82770869223689,4.88405206409452,3.88731325628473,2.02831092952084,4.17528207466446,5.17281421765673,11.1186590853571,3.87860310450181,6.91401240110231,1.33461448574469,8.49634793701774,TRUE
"dlm","SH",98,98,5.30284767134121,5.08264892394281,3.97949689612806,5.64370770577204,2.94743711502532,6.88281350090914,4.91512530796723,3.93537638588381,2.01017690278005,4.23149803858075,5.18241468024541,11.2426996294605,3.88509155492291,6.96929190511073,1.29586491539087,8.63294238678755,TRUE
"dlm","SH",99,99,2.44512392837594,5.08683813000388,3.98368610218914,5.64789691183312,2.95431148053627,6.93759465050731,4.94595306552179,3.98328316997104,1.99184206043032,4.28796281255319,5.18419568455972,11.3572109967139,3.8921350467602,7.02224439307876,1.25518465341147,8.77141396078043,TRUE
"dlm","SH",100,100,5.04015518122651,5.12413985393318,4.02098782611844,5.68519863576241,2.96489786195157,6.99330475926044,4.979101310606,4.02840689730887,1.96806417661675,4.34501791721854,5.18300589404323,11.4704167469687,3.89757564433269,7.07310306420565,1.2264914781373,8.89250039946091,TRUE
