"family","target","endpoint","error","density","q025","median","q975","mean_error","rmse"
"fixed_design","RQR","lower",-3.97436568982257,4.51383314213898e-08,-0.566440991561684,0.11569918607152,0.682950084574442,0.0998895422710756,0.344065118017461
"fixed_design","RQR","lower",-3.96256434195006,3.03147415709662e-07,-0.566440991561684,0.11569918607152,0.682950084574442,0.0998895422710756,0.344065118017461
"fixed_design","RQR","lower",-3.95076299407755,6.60248360138014e-07,-0.566440991561684,0.11569918607152,0.682950084574442,0.0998895422710756,0.344065118017461
"fixed_design","RQR","lower",-3.93896164620505,4.621479598019e-07,-0.566440991561684,0.11569918607152,0.682950084574442,0.0998895422710756,0.344065118017461
"fixed_design","RQR","lower",-3.92716029833254,4.57354668743897e-07,-0.566440991561684,0.11569918607152,0.682950084574442,0.0998895422710756,0.344065118017461
"fixed_design","RQR","lower",-3.91535895046003,8.23949570240942e-07,-0.566440991561684,0.11569918607152,0.682950084574442,0.0998895422710756,0.344065118017461
"fixed_design","RQR","lower",-3.90355760258753,1.11857200290348e-06,-0.566440991561684,0.11569918607152,0.682950084574442,0.0998895422710756,0.344065118017461
"fixed_design","RQR","lower",-3.89175625471502,9.90510450823556e-07,-0.566440991561684,0.11569918607152,0.682950084574442,0.0998895422710756,0.344065118017461
"fixed_design","RQR","lower",-3.87995490684251,8.93710345746664e-07,-0.566440991561684,0.11569918607152,0.682950084574442,0.0998895422710756,0.344065118017461
"fixed_design","RQR","lower",-3.86815355897001,1.09594679236401e-06,-0.566440991561684,0.11569918607152,0.682950084574442,0.0998895422710756,0.344065118017461
"fixed_design","RQR","lower",-3.8563522110975,1.07073547121891e-06,-0.566440991561684,0.11569918607152,0.682950084574442,0.0998895422710756,0.344065118017461
"fixed_design","RQR","lower",-3.84455086322499,8.75510737260067e-07,-0.566440991561684,0.11569918607152,0.682950084574442,0.0998895422710756,0.344065118017461
"fixed_design","RQR","lower",-3.83274951535249,1.04260564588108e-06,-0.566440991561684,0.11569918607152,0.682950084574442,0.0998895422710756,0.344065118017461
"fixed_design","RQR","lower",-3.82094816747998,1.14248218071234e-06,-0.566440991561684,0.11569918607152,0.682950084574442,0.0998895422710756,0.344065118017461
"fixed_design","RQR","lower",-3.80914681960747,9.00223327261535e-07,-0.566440991561684,0.11569918607152,0.682950084574442,0.0998895422710756,0.344065118017461
"fixed_design","RQR","lower",-3.79734547173497,1.01741457237536e-06,-0.566440991561684,0.11569918607152,0.682950084574442,0.0998895422710756,0.344065118017461
"fixed_design","RQR","lower",-3.78554412386246,1.13709725830813e-06,-0.566440991561684,0.11569918607152,0.682950084574442,0.0998895422710756,0.344065118017461
"fixed_design","RQR","lower",-3.77374277598995,9.15909216966529e-07,-0.566440991561684,0.11569918607152,0.682950084574442,0.0998895422710756,0.344065118017461
"fixed_design","RQR","lower",-3.76194142811745,1.04715296690826e-06,-0.566440991561684,0.11569918607152,0.682950084574442,0.0998895422710756,0.344065118017461
"fixed_design","RQR","lower",-3.75014008024494,1.09899740665617e-06,-0.566440991561684,0.11569918607152,0.682950084574442,0.0998895422710756,0.344065118017461
"fixed_design","RQR","lower",-3.73833873237243,9.05641471310348e-07,-0.566440991561684,0.11569918607152,0.682950084574442,0.0998895422710756,0.344065118017461
"fixed_design","RQR","lower",-3.72653738449993,1.24662975295362e-06,-0.566440991561684,0.11569918607152,0.682950084574442,0.0998895422710756,0.344065118017461
"fixed_design","RQR","lower",-3.71473603662742,1.61220102973546e-06,-0.566440991561684,0.11569918607152,0.682950084574442,0.0998895422710756,0.344065118017461
"fixed_design","RQR","lower",-3.70293468875491,1.46631146909699e-06,-0.566440991561684,0.11569918607152,0.682950084574442,0.0998895422710756,0.344065118017461
"fixed_design","RQR","lower",-3.69113334088241,1.6035366503866e-06,-0.566440991561684,0.11569918607152,0.682950084574442,0.0998895422710756,0.344065118017461
"fixed_design","RQR","lower",-3.6793319930099,1.86986434516164e-06,-0.566440991561684,0.11569918607152,0.682950084574442,0.0998895422710756,0.344065118017461
"fixed_design","RQR","lower",-3.6675306451374,2.01521940268573e-06,-0.566440991561684,0.11569918607152,0.682950084574442,0.0998895422710756,0.344065118017461
"fixed_design","RQR","lower",-3.65572929726489,2.19433585936903e-06,-0.566440991561684,0.11569918607152,0.682950084574442,0.0998895422710756,0.344065118017461
"fixed_design","RQR","lower",-3.64392794939238,2.02708331818705e-06,-0.566440991561684,0.11569918607152,0.682950084574442,0.0998895422710756,0.344065118017461
"fixed_design","RQR","lower",-3.63212660151988,2.38545600396447e-06,-0.566440991561684,0.11569918607152,0.682950084574442,0.0998895422710756,0.344065118017461
"fixed_design","RQR","lower",-3.62032525364737,2.90056757062802e-06,-0.566440991561684,0.11569918607152,0.682950084574442,0.0998895422710756,0.344065118017461
"fixed_design","RQR","lower",-3.60852390577486,2.34596454462097e-06,-0.566440991561684,0.11569918607152,0.682950084574442,0.0998895422710756,0.344065118017461
"fixed_design","RQR","lower",-3.59672255790236,2.49371730428986e-06,-0.566440991561684,0.11569918607152,0.682950084574442,0.0998895422710756,0.344065118017461
"fixed_design","RQR","lower",-3.58492121002985,3.0158407451299e-06,-0.566440991561684,0.11569918607152,0.682950084574442,0.0998895422710756,0.344065118017461
"fixed_design","RQR","lower",-3.57311986215734,2.33018367899489e-06,-0.566440991561684,0.11569918607152,0.682950084574442,0.0998895422710756,0.344065118017461
"fixed_design","RQR","lower",-3.56131851428484,2.52506362366562e-06,-0.566440991561684,0.11569918607152,0.682950084574442,0.0998895422710756,0.344065118017461
"fixed_design","RQR","lower",-3.54951716641233,2.987000622905e-06,-0.566440991561684,0.11569918607152,0.682950084574442,0.0998895422710756,0.344065118017461
"fixed_design","RQR","lower",-3.53771581853982,2.34039305404538e-06,-0.566440991561684,0.11569918607152,0.682950084574442,0.0998895422710756,0.344065118017461
"fixed_design","RQR","lower",-3.52591447066732,2.62534265912364e-06,-0.566440991561684,0.11569918607152,0.682950084574442,0.0998895422710756,0.344065118017461
"fixed_design","RQR","lower",-3.51411312279481,2.86518241340169e-06,-0.566440991561684,0.11569918607152,0.682950084574442,0.0998895422710756,0.344065118017461
"fixed_design","RQR","lower",-3.5023117749223,2.43230576716185e-06,-0.566440991561684,0.11569918607152,0.682950084574442,0.0998895422710756,0.344065118017461
"fixed_design","RQR","lower",-3.4905104270498,2.70895778871658e-06,-0.566440991561684,0.11569918607152,0.682950084574442,0.0998895422710756,0.344065118017461
"fixed_design","RQR","lower",-3.47870907917729,2.89740252788392e-06,-0.566440991561684,0.11569918607152,0.682950084574442,0.0998895422710756,0.344065118017461
"fixed_design","RQR","lower",-3.46690773130478,3.14073301066032e-06,-0.566440991561684,0.11569918607152,0.682950084574442,0.0998895422710756,0.344065118017461
"fixed_design","RQR","lower",-3.45510638343228,3.33296427888482e-06,-0.566440991561684,0.11569918607152,0.682950084574442,0.0998895422710756,0.344065118017461
"fixed_design","RQR","lower",-3.44330503555977,3.12120591383006e-06,-0.566440991561684,0.11569918607152,0.682950084574442,0.0998895422710756,0.344065118017461
"fixed_design","RQR","lower",-3.43150368768726,3.66443387235723e-06,-0.566440991561684,0.11569918607152,0.682950084574442,0.0998895422710756,0.344065118017461
"fixed_design","RQR","lower",-3.41970233981476,3.25308969192132e-06,-0.566440991561684,0.11569918607152,0.682950084574442,0.0998895422710756,0.344065118017461
"fixed_design","RQR","lower",-3.40790099194225,3.10008852713815e-06,-0.566440991561684,0.11569918607152,0.682950084574442,0.0998895422710756,0.344065118017461
"fixed_design","RQR","lower",-3.39609964406974,3.56874898631512e-06,-0.566440991561684,0.11569918607152,0.682950084574442,0.0998895422710756,0.344065118017461
"fixed_design","RQR","lower",-3.38429829619724,3.26447695827074e-06,-0.566440991561684,0.11569918607152,0.682950084574442,0.0998895422710756,0.344065118017461
"fixed_design","RQR","lower",-3.37249694832473,3.24057539574042e-06,-0.566440991561684,0.11569918607152,0.682950084574442,0.0998895422710756,0.344065118017461
"fixed_design","RQR","lower",-3.36069560045223,3.85373410801976e-06,-0.566440991561684,0.11569918607152,0.682950084574442,0.0998895422710756,0.344065118017461
"fixed_design","RQR","lower",-3.34889425257972,3.73005275302435e-06,-0.566440991561684,0.11569918607152,0.682950084574442,0.0998895422710756,0.344065118017461
"fixed_design","RQR","lower",-3.33709290470721,4.08988597560441e-06,-0.566440991561684,0.11569918607152,0.682950084574442,0.0998895422710756,0.344065118017461
"fixed_design","RQR","lower",-3.32529155683471,4.90538617463024e-06,-0.566440991561684,0.11569918607152,0.682950084574442,0.0998895422710756,0.344065118017461
"fixed_design","RQR","lower",-3.3134902089622,4.32279377523829e-06,-0.566440991561684,0.11569918607152,0.682950084574442,0.0998895422710756,0.344065118017461
"fixed_design","RQR","lower",-3.30168886108969,4.47039118725837e-06,-0.566440991561684,0.11569918607152,0.682950084574442,0.0998895422710756,0.344065118017461
"fixed_design","RQR","lower",-3.28988751321719,5.03659110325801e-06,-0.566440991561684,0.11569918607152,0.682950084574442,0.0998895422710756,0.344065118017461
"fixed_design","RQR","lower",-3.27808616534468,5.0561762328567e-06,-0.566440991561684,0.11569918607152,0.682950084574442,0.0998895422710756,0.344065118017461
"fixed_design","RQR","lower",-3.26628481747217,5.28072677681814e-06,-0.566440991561684,0.11569918607152,0.682950084574442,0.0998895422710756,0.344065118017461
"fixed_design","RQR","lower",-3.25448346959967,6.64465090652751e-06,-0.566440991561684,0.11569918607152,0.682950084574442,0.0998895422710756,0.344065118017461
"fixed_design","RQR","lower",-3.24268212172716,6.19666902366992e-06,-0.566440991561684,0.11569918607152,0.682950084574442,0.0998895422710756,0.344065118017461
"fixed_design","RQR","lower",-3.23088077385465,6.45674034869917e-06,-0.566440991561684,0.11569918607152,0.682950084574442,0.0998895422710756,0.344065118017461
"fixed_design","RQR","lower",-3.21907942598215,7.80972929560176e-06,-0.566440991561684,0.11569918607152,0.682950084574442,0.0998895422710756,0.344065118017461
"fixed_design","RQR","lower",-3.20727807810964,6.89756648806473e-06,-0.566440991561684,0.11569918607152,0.682950084574442,0.0998895422710756,0.344065118017461
"fixed_design","RQR","lower",-3.19547673023713,7.35022129717103e-06,-0.566440991561684,0.11569918607152,0.682950084574442,0.0998895422710756,0.344065118017461
"fixed_design","RQR","lower",-3.18367538236463,8.07846859550321e-06,-0.566440991561684,0.11569918607152,0.682950084574442,0.0998895422710756,0.344065118017461
"fixed_design","RQR","lower",-3.17187403449212,8.31439686199853e-06,-0.566440991561684,0.11569918607152,0.682950084574442,0.0998895422710756,0.344065118017461
"fixed_design","RQR","lower",-3.16007268661961,9.39030500432615e-06,-0.566440991561684,0.11569918607152,0.682950084574442,0.0998895422710756,0.344065118017461
"fixed_design","RQR","lower",-3.14827133874711,9.56066619037519e-06,-0.566440991561684,0.11569918607152,0.682950084574442,0.0998895422710756,0.344065118017461
"fixed_design","RQR","lower",-3.1364699908746,9.31482098839218e-06,-0.566440991561684,0.11569918607152,0.682950084574442,0.0998895422710756,0.344065118017461
"fixed_design","RQR","lower",-3.12466864300209,9.71690319601151e-06,-0.566440991561684,0.11569918607152,0.682950084574442,0.0998895422710756,0.344065118017461
"fixed_design","RQR","lower",-3.11286729512959,1.17364132961399e-05,-0.566440991561684,0.11569918607152,0.682950084574442,0.0998895422710756,0.344065118017461
"fixed_design","RQR","lower",-3.10106594725708,1.14098792243457e-05,-0.566440991561684,0.11569918607152,0.682950084574442,0.0998895422710756,0.344065118017461
"fixed_design","RQR","lower",-3.08926459938457,1.1719606551816e-05,-0.566440991561684,0.11569918607152,0.682950084574442,0.0998895422710756,0.344065118017461
"fixed_design","RQR","lower",-3.07746325151207,1.25047084760993e-05,-0.566440991561684,0.11569918607152,0.682950084574442,0.0998895422710756,0.344065118017461
"fixed_design","RQR","lower",-3.06566190363956,1.22541307265299e-05,-0.566440991561684,0.11569918607152,0.682950084574442,0.0998895422710756,0.344065118017461
"fixed_design","RQR","lower",-3.05386055576705,1.25929883777842e-05,-0.566440991561684,0.11569918607152,0.682950084574442,0.0998895422710756,0.344065118017461
"fixed_design","RQR","lower",-3.04205920789455,1.28098818925067e-05,-0.566440991561684,0.11569918607152,0.682950084574442,0.0998895422710756,0.344065118017461
"fixed_design","RQR","lower",-3.03025786002204,1.20971966804659e-05,-0.566440991561684,0.11569918607152,0.682950084574442,0.0998895422710756,0.344065118017461
"fixed_design","RQR","lower",-3.01845651214954,1.34242581696549e-05,-0.566440991561684,0.11569918607152,0.682950084574442,0.0998895422710756,0.344065118017461
"fixed_design","RQR","lower",-3.00665516427703,1.34984181570101e-05,-0.566440991561684,0.11569918607152,0.682950084574442,0.0998895422710756,0.344065118017461
"fixed_design","RQR","lower",-2.99485381640452,1.50551401637557e-05,-0.566440991561684,0.11569918607152,0.682950084574442,0.0998895422710756,0.344065118017461
"fixed_design","RQR","lower",-2.98305246853202,1.52791274251345e-05,-0.566440991561684,0.11569918607152,0.682950084574442,0.0998895422710756,0.344065118017461
"fixed_design","RQR","lower",-2.97125112065951,1.69366120578811e-05,-0.566440991561684,0.11569918607152,0.682950084574442,0.0998895422710756,0.344065118017461
"fixed_design","RQR","lower",-2.959449772787,1.78908012633187e-05,-0.566440991561684,0.11569918607152,0.682950084574442,0.0998895422710756,0.344065118017461
"fixed_design","RQR","lower",-2.9476484249145,1.84056372792965e-05,-0.566440991561684,0.11569918607152,0.682950084574442,0.0998895422710756,0.344065118017461
"fixed_design","RQR","lower",-2.93584707704199,2.08145806300818e-05,-0.566440991561684,0.11569918607152,0.682950084574442,0.0998895422710756,0.344065118017461
"fixed_design","RQR","lower",-2.92404572916948,2.01794979429763e-05,-0.566440991561684,0.11569918607152,0.682950084574442,0.0998895422710756,0.344065118017461
"fixed_design","RQR","lower",-2.91224438129698,2.16260445717901e-05,-0.566440991561684,0.11569918607152,0.682950084574442,0.0998895422710756,0.344065118017461
"fixed_design","RQR","lower",-2.90044303342447,2.1836792962344e-05,-0.566440991561684,0.11569918607152,0.682950084574442,0.0998895422710756,0.344065118017461
"fixed_design","RQR","lower",-2.88864168555196,2.12265507980975e-05,-0.566440991561684,0.11569918607152,0.682950084574442,0.0998895422710756,0.344065118017461
"fixed_design","RQR","lower",-2.87684033767946,2.23821986884533e-05,-0.566440991561684,0.11569918607152,0.682950084574442,0.0998895422710756,0.344065118017461
"fixed_design","RQR","lower",-2.86503898980695,2.22220730185678e-05,-0.566440991561684,0.11569918607152,0.682950084574442,0.0998895422710756,0.344065118017461
"fixed_design","RQR","lower",-2.85323764193444,2.26937562403901e-05,-0.566440991561684,0.11569918607152,0.682950084574442,0.0998895422710756,0.344065118017461
"fixed_design","RQR","lower",-2.84143629406194,2.28503619479701e-05,-0.566440991561684,0.11569918607152,0.682950084574442,0.0998895422710756,0.344065118017461
"fixed_design","RQR","lower",-2.82963494618943,2.22905607247883e-05,-0.566440991561684,0.11569918607152,0.682950084574442,0.0998895422710756,0.344065118017461
"fixed_design","RQR","lower",-2.81783359831692,2.26119020423638e-05,-0.566440991561684,0.11569918607152,0.682950084574442,0.0998895422710756,0.344065118017461
"fixed_design","RQR","lower",-2.80603225044442,2.33056655303589e-05,-0.566440991561684,0.11569918607152,0.682950084574442,0.0998895422710756,0.344065118017461
"fixed_design","RQR","lower",-2.79423090257191,2.4839384734059e-05,-0.566440991561684,0.11569918607152,0.682950084574442,0.0998895422710756,0.344065118017461
"fixed_design","RQR","lower",-2.7824295546994,2.63441429130776e-05,-0.566440991561684,0.11569918607152,0.682950084574442,0.0998895422710756,0.344065118017461
"fixed_design","RQR","lower",-2.7706282068269,2.85046718158459e-05,-0.566440991561684,0.11569918607152,0.682950084574442,0.0998895422710756,0.344065118017461
"fixed_design","RQR","lower",-2.75882685895439,2.90386320169217e-05,-0.566440991561684,0.11569918607152,0.682950084574442,0.0998895422710756,0.344065118017461
"fixed_design","RQR","lower",-2.74702551108188,2.99736770353402e-05,-0.566440991561684,0.11569918607152,0.682950084574442,0.0998895422710756,0.344065118017461
"fixed_design","RQR","lower",-2.73522416320938,3.20747072449433e-05,-0.566440991561684,0.11569918607152,0.682950084574442,0.0998895422710756,0.344065118017461
"fixed_design","RQR","lower",-2.72342281533687,3.3651771169617e-05,-0.566440991561684,0.11569918607152,0.682950084574442,0.0998895422710756,0.344065118017461
"fixed_design","RQR","lower",-2.71162146746437,3.66127886577282e-05,-0.566440991561684,0.11569918607152,0.682950084574442,0.0998895422710756,0.344065118017461
"fixed_design","RQR","lower",-2.69982011959186,3.89365999602539e-05,-0.566440991561684,0.11569918607152,0.682950084574442,0.0998895422710756,0.344065118017461
"fixed_design","RQR","lower",-2.68801877171935,4.00640882314133e-05,-0.566440991561684,0.11569918607152,0.682950084574442,0.0998895422710756,0.344065118017461
"fixed_design","RQR","lower",-2.67621742384685,4.20118573314303e-05,-0.566440991561684,0.11569918607152,0.682950084574442,0.0998895422710756,0.344065118017461
"fixed_design","RQR","lower",-2.66441607597434,4.42915084941166e-05,-0.566440991561684,0.11569918607152,0.682950084574442,0.0998895422710756,0.344065118017461
"fixed_design","RQR","lower",-2.65261472810183,4.66878398047562e-05,-0.566440991561684,0.11569918607152,0.682950084574442,0.0998895422710756,0.344065118017461
"fixed_design","RQR","lower",-2.64081338022933,4.81297054973381e-05,-0.566440991561684,0.11569918607152,0.682950084574442,0.0998895422710756,0.344065118017461
"fixed_design","RQR","lower",-2.62901203235682,4.90230909238094e-05,-0.566440991561684,0.11569918607152,0.682950084574442,0.0998895422710756,0.344065118017461
"fixed_design","RQR","lower",-2.61721068448431,5.10109805657702e-05,-0.566440991561684,0.11569918607152,0.682950084574442,0.0998895422710756,0.344065118017461
"fixed_design","RQR","lower",-2.60540933661181,5.29402731264372e-05,-0.566440991561684,0.11569918607152,0.682950084574442,0.0998895422710756,0.344065118017461
"fixed_design","RQR","lower",-2.5936079887393,5.58308257134496e-05,-0.566440991561684,0.11569918607152,0.682950084574442,0.0998895422710756,0.344065118017461
"fixed_design","RQR","lower",-2.58180664086679,5.84320108544237e-05,-0.566440991561684,0.11569918607152,0.682950084574442,0.0998895422710756,0.344065118017461
"fixed_design","RQR","lower",-2.57000529299429,6.13327651709853e-05,-0.566440991561684,0.11569918607152,0.682950084574442,0.0998895422710756,0.344065118017461
"fixed_design","RQR","lower",-2.55820394512178,6.45982908090615e-05,-0.566440991561684,0.11569918607152,0.682950084574442,0.0998895422710756,0.344065118017461
"fixed_design","RQR","lower",-2.54640259724927,6.69351906620581e-05,-0.566440991561684,0.11569918607152,0.682950084574442,0.0998895422710756,0.344065118017461
"fixed_design","RQR","lower",-2.53460124937677,7.02357369282096e-05,-0.566440991561684,0.11569918607152,0.682950084574442,0.0998895422710756,0.344065118017461
"fixed_design","RQR","lower",-2.52279990150426,7.22836206347821e-05,-0.566440991561684,0.11569918607152,0.682950084574442,0.0998895422710756,0.344065118017461
"fixed_design","RQR","lower",-2.51099855363175,7.47674264454475e-05,-0.566440991561684,0.11569918607152,0.682950084574442,0.0998895422710756,0.344065118017461
"fixed_design","RQR","lower",-2.49919720575925,7.73587735569201e-05,-0.566440991561684,0.11569918607152,0.682950084574442,0.0998895422710756,0.344065118017461
"fixed_design","RQR","lower",-2.48739585788674,7.90127953891599e-05,-0.566440991561684,0.11569918607152,0.682950084574442,0.0998895422710756,0.344065118017461
"fixed_design","RQR","lower",-2.47559451001423,8.31360673298909e-05,-0.566440991561684,0.11569918607152,0.682950084574442,0.0998895422710756,0.344065118017461
"fixed_design","RQR","lower",-2.46379316214173,8.700221449237e-05,-0.566440991561684,0.11569918607152,0.682950084574442,0.0998895422710756,0.344065118017461
"fixed_design","RQR","lower",-2.45199181426922,9.0434180296249e-05,-0.566440991561684,0.11569918607152,0.682950084574442,0.0998895422710756,0.344065118017461
"fixed_design","RQR","lower",-2.44019046639671,9.73771353287664e-05,-0.566440991561684,0.11569918607152,0.682950084574442,0.0998895422710756,0.344065118017461
"fixed_design","RQR","lower",-2.42838911852421,0.000102919724818602,-0.566440991561684,0.11569918607152,0.682950084574442,0.0998895422710756,0.344065118017461
"fixed_design","RQR","lower",-2.4165877706517,0.000108627299844916,-0.566440991561684,0.11569918607152,0.682950084574442,0.0998895422710756,0.344065118017461
"fixed_design","RQR","lower",-2.40478642277919,0.000111783159310559,-0.566440991561684,0.11569918607152,0.682950084574442,0.0998895422710756,0.344065118017461
"fixed_design","RQR","lower",-2.39298507490669,0.00011457430789468,-0.566440991561684,0.11569918607152,0.682950084574442,0.0998895422710756,0.344065118017461
"fixed_design","RQR","lower",-2.38118372703418,0.000120726915836248,-0.566440991561684,0.11569918607152,0.682950084574442,0.0998895422710756,0.344065118017461
"fixed_design","RQR","lower",-2.36938237916168,0.000125907771135863,-0.566440991561684,0.11569918607152,0.682950084574442,0.0998895422710756,0.344065118017461
"fixed_design","RQR","lower",-2.35758103128917,0.000132116365994805,-0.566440991561684,0.11569918607152,0.682950084574442,0.0998895422710756,0.344065118017461
"fixed_design","RQR","lower",-2.34577968341666,0.000137828890138856,-0.566440991561684,0.11569918607152,0.682950084574442,0.0998895422710756,0.344065118017461
"fixed_design","RQR","lower",-2.33397833554416,0.000145906520765389,-0.566440991561684,0.11569918607152,0.682950084574442,0.0998895422710756,0.344065118017461
"fixed_design","RQR","lower",-2.32217698767165,0.00015091421815875,-0.566440991561684,0.11569918607152,0.682950084574442,0.0998895422710756,0.344065118017461
"fixed_design","RQR","lower",-2.31037563979914,0.000159438008443438,-0.566440991561684,0.11569918607152,0.682950084574442,0.0998895422710756,0.344065118017461
"fixed_design","RQR","lower",-2.29857429192664,0.000163798738691235,-0.566440991561684,0.11569918607152,0.682950084574442,0.0998895422710756,0.344065118017461
"fixed_design","RQR","lower",-2.28677294405413,0.000174997393074731,-0.566440991561684,0.11569918607152,0.682950084574442,0.0998895422710756,0.344065118017461
"fixed_design","RQR","lower",-2.27497159618162,0.000180883189590515,-0.566440991561684,0.11569918607152,0.682950084574442,0.0998895422710756,0.344065118017461
"fixed_design","RQR","lower",-2.26317024830912,0.00018987185134175,-0.566440991561684,0.11569918607152,0.682950084574442,0.0998895422710756,0.344065118017461
"fixed_design","RQR","lower",-2.25136890043661,0.000198039078034196,-0.566440991561684,0.11569918607152,0.682950084574442,0.0998895422710756,0.344065118017461
"fixed_design","RQR","lower",-2.2395675525641,0.000205366564796058,-0.566440991561684,0.11569918607152,0.682950084574442,0.0998895422710756,0.344065118017461
"fixed_design","RQR","lower",-2.2277662046916,0.000213881010950962,-0.566440991561684,0.11569918607152,0.682950084574442,0.0998895422710756,0.344065118017461
"fixed_design","RQR","lower",-2.21596485681909,0.000222807594173949,-0.566440991561684,0.11569918607152,0.682950084574442,0.0998895422710756,0.344065118017461
"fixed_design","RQR","lower",-2.20416350894658,0.000237231803955802,-0.566440991561684,0.11569918607152,0.682950084574442,0.0998895422710756,0.344065118017461
"fixed_design","RQR","lower",-2.19236216107408,0.000249906061568444,-0.566440991561684,0.11569918607152,0.682950084574442,0.0998895422710756,0.344065118017461
"fixed_design","RQR","lower",-2.18056081320157,0.000256751636485036,-0.566440991561684,0.11569918607152,0.682950084574442,0.0998895422710756,0.344065118017461
"fixed_design","RQR","lower",-2.16875946532906,0.000267153347401483,-0.566440991561684,0.11569918607152,0.682950084574442,0.0998895422710756,0.344065118017461
"fixed_design","RQR","lower",-2.15695811745656,0.000281852626960254,-0.566440991561684,0.11569918607152,0.682950084574442,0.0998895422710756,0.344065118017461
"fixed_design","RQR","lower",-2.14515676958405,0.000293202520657971,-0.566440991561684,0.11569918607152,0.682950084574442,0.0998895422710756,0.344065118017461
"fixed_design","RQR","lower",-2.13335542171154,0.000309827156597208,-0.566440991561684,0.11569918607152,0.682950084574442,0.0998895422710756,0.344065118017461
"fixed_design","RQR","lower",-2.12155407383904,0.000316071605666391,-0.566440991561684,0.11569918607152,0.682950084574442,0.0998895422710756,0.344065118017461
"fixed_design","RQR","lower",-2.10975272596653,0.000335306902506749,-0.566440991561684,0.11569918607152,0.682950084574442,0.0998895422710756,0.344065118017461
"fixed_design","RQR","lower",-2.09795137809402,0.000344333852552358,-0.566440991561684,0.11569918607152,0.682950084574442,0.0998895422710756,0.344065118017461
"fixed_design","RQR","lower",-2.08615003022152,0.000362449701444912,-0.566440991561684,0.11569918607152,0.682950084574442,0.0998895422710756,0.344065118017461
"fixed_design","RQR","lower",-2.07434868234901,0.000377984057072845,-0.566440991561684,0.11569918607152,0.682950084574442,0.0998895422710756,0.344065118017461
"fixed_design","RQR","lower",-2.0625473344765,0.000391780409473274,-0.566440991561684,0.11569918607152,0.682950084574442,0.0998895422710756,0.344065118017461
"fixed_design","RQR","lower",-2.050745986604,0.000404451656354555,-0.566440991561684,0.11569918607152,0.682950084574442,0.0998895422710756,0.344065118017461
"fixed_design","RQR","lower",-2.03894463873149,0.000420955383717625,-0.566440991561684,0.11569918607152,0.682950084574442,0.0998895422710756,0.344065118017461
"fixed_design","RQR","lower",-2.02714329085899,0.000435221300161073,-0.566440991561684,0.11569918607152,0.682950084574442,0.0998895422710756,0.344065118017461
"fixed_design","RQR","lower",-2.01534194298648,0.000451695674201265,-0.566440991561684,0.11569918607152,0.682950084574442,0.0998895422710756,0.344065118017461
"fixed_design","RQR","lower",-2.00354059511397,0.000468538281793078,-0.566440991561684,0.11569918607152,0.682950084574442,0.0998895422710756,0.344065118017461
"fixed_design","RQR","lower",-1.99173924724147,0.000485751698481003,-0.566440991561684,0.11569918607152,0.682950084574442,0.0998895422710756,0.344065118017461
"fixed_design","RQR","lower",-1.97993789936896,0.000507110478924337,-0.566440991561684,0.11569918607152,0.682950084574442,0.0998895422710756,0.344065118017461
"fixed_design","RQR","lower",-1.96813655149645,0.000525946827157352,-0.566440991561684,0.11569918607152,0.682950084574442,0.0998895422710756,0.344065118017461
"fixed_design","RQR","lower",-1.95633520362395,0.000551756059575768,-0.566440991561684,0.11569918607152,0.682950084574442,0.0998895422710756,0.344065118017461
"fixed_design","RQR","lower",-1.94453385575144,0.000577491389183225,-0.566440991561684,0.11569918607152,0.682950084574442,0.0998895422710756,0.344065118017461
"fixed_design","RQR","lower",-1.93273250787893,0.000606350561704839,-0.566440991561684,0.11569918607152,0.682950084574442,0.0998895422710756,0.344065118017461
"fixed_design","RQR","lower",-1.92093116000643,0.000637895850514615,-0.566440991561684,0.11569918607152,0.682950084574442,0.0998895422710756,0.344065118017461
"fixed_design","RQR","lower",-1.90912981213392,0.000670481457299383,-0.566440991561684,0.11569918607152,0.682950084574442,0.0998895422710756,0.344065118017461
"fixed_design","RQR","lower",-1.89732846426141,0.00069421782430948,-0.566440991561684,0.11569918607152,0.682950084574442,0.0998895422710756,0.344065118017461
"fixed_design","RQR","lower",-1.88552711638891,0.000725703226068803,-0.566440991561684,0.11569918607152,0.682950084574442,0.0998895422710756,0.344065118017461
"fixed_design","RQR","lower",-1.8737257685164,0.000750499140500101,-0.566440991561684,0.11569918607152,0.682950084574442,0.0998895422710756,0.344065118017461
"fixed_design","RQR","lower",-1.86192442064389,0.000777496841892256,-0.566440991561684,0.11569918607152,0.682950084574442,0.0998895422710756,0.344065118017461
"fixed_design","RQR","lower",-1.85012307277139,0.000810246909546515,-0.566440991561684,0.11569918607152,0.682950084574442,0.0998895422710756,0.344065118017461
"fixed_design","RQR","lower",-1.83832172489888,0.000846223447990715,-0.566440991561684,0.11569918607152,0.682950084574442,0.0998895422710756,0.344065118017461
"fixed_design","RQR","lower",-1.82652037702637,0.000885627704067359,-0.566440991561684,0.11569918607152,0.682950084574442,0.0998895422710756,0.344065118017461
"fixed_design","RQR","lower",-1.81471902915387,0.000919533800977351,-0.566440991561684,0.11569918607152,0.682950084574442,0.0998895422710756,0.344065118017461
"fixed_design","RQR","lower",-1.80291768128136,0.000965664187877506,-0.566440991561684,0.11569918607152,0.682950084574442,0.0998895422710756,0.344065118017461
"fixed_design","RQR","lower",-1.79111633340885,0.00100207612463229,-0.566440991561684,0.11569918607152,0.682950084574442,0.0998895422710756,0.344065118017461
"fixed_design","RQR","lower",-1.77931498553635,0.00104602573676823,-0.566440991561684,0.11569918607152,0.682950084574442,0.0998895422710756,0.344065118017461
"fixed_design","RQR","lower",-1.76751363766384,0.00109159279454973,-0.566440991561684,0.11569918607152,0.682950084574442,0.0998895422710756,0.344065118017461
"fixed_design","RQR","lower",-1.75571228979133,0.00112864406019515,-0.566440991561684,0.11569918607152,0.682950084574442,0.0998895422710756,0.344065118017461
"fixed_design","RQR","lower",-1.74391094191883,0.00116956393088396,-0.566440991561684,0.11569918607152,0.682950084574442,0.0998895422710756,0.344065118017461
"fixed_design","RQR","lower",-1.73210959404632,0.00122464889239514,-0.566440991561684,0.11569918607152,0.682950084574442,0.0998895422710756,0.344065118017461
"fixed_design","RQR","lower",-1.72030824617382,0.00128281562308627,-0.566440991561684,0.11569918607152,0.682950084574442,0.0998895422710756,0.344065118017461
"fixed_design","RQR","lower",-1.70850689830131,0.00133976782346184,-0.566440991561684,0.11569918607152,0.682950084574442,0.0998895422710756,0.344065118017461
"fixed_design","RQR","lower",-1.6967055504288,0.00139481778301445,-0.566440991561684,0.11569918607152,0.682950084574442,0.0998895422710756,0.344065118017461
"fixed_design","RQR","lower",-1.6849042025563,0.00145117637425267,-0.566440991561684,0.11569918607152,0.682950084574442,0.0998895422710756,0.344065118017461
"fixed_design","RQR","lower",-1.67310285468379,0.0015124346705467,-0.566440991561684,0.11569918607152,0.682950084574442,0.0998895422710756,0.344065118017461
"fixed_design","RQR","lower",-1.66130150681128,0.00156752637980619,-0.566440991561684,0.11569918607152,0.682950084574442,0.0998895422710756,0.344065118017461
"fixed_design","RQR","lower",-1.64950015893878,0.00162645373795577,-0.566440991561684,0.11569918607152,0.682950084574442,0.0998895422710756,0.344065118017461
"fixed_design","RQR","lower",-1.63769881106627,0.00170126098183623,-0.566440991561684,0.11569918607152,0.682950084574442,0.0998895422710756,0.344065118017461
"fixed_design","RQR","lower",-1.62589746319376,0.00176960038215906,-0.566440991561684,0.11569918607152,0.682950084574442,0.0998895422710756,0.344065118017461
"fixed_design","RQR","lower",-1.61409611532126,0.00183898584960205,-0.566440991561684,0.11569918607152,0.682950084574442,0.0998895422710756,0.344065118017461
"fixed_design","RQR","lower",-1.60229476744875,0.00191826274784352,-0.566440991561684,0.11569918607152,0.682950084574442,0.0998895422710756,0.344065118017461
"fixed_design","RQR","lower",-1.59049341957624,0.00199452551145013,-0.566440991561684,0.11569918607152,0.682950084574442,0.0998895422710756,0.344065118017461
"fixed_design","RQR","lower",-1.57869207170374,0.00207270047877115,-0.566440991561684,0.11569918607152,0.682950084574442,0.0998895422710756,0.344065118017461
"fixed_design","RQR","lower",-1.56689072383123,0.00215223529025457,-0.566440991561684,0.11569918607152,0.682950084574442,0.0998895422710756,0.344065118017461
"fixed_design","RQR","lower",-1.55508937595872,0.00223237015034035,-0.566440991561684,0.11569918607152,0.682950084574442,0.0998895422710756,0.344065118017461
"fixed_design","RQR","lower",-1.54328802808622,0.00232032654791882,-0.566440991561684,0.11569918607152,0.682950084574442,0.0998895422710756,0.344065118017461
"fixed_design","RQR","lower",-1.53148668021371,0.0024058069911707,-0.566440991561684,0.11569918607152,0.682950084574442,0.0998895422710756,0.344065118017461
"fixed_design","RQR","lower",-1.5196853323412,0.00248200036059793,-0.566440991561684,0.11569918607152,0.682950084574442,0.0998895422710756,0.344065118017461
"fixed_design","RQR","lower",-1.5078839844687,0.00256647896555815,-0.566440991561684,0.11569918607152,0.682950084574442,0.0998895422710756,0.344065118017461
"fixed_design","RQR","lower",-1.49608263659619,0.00265514982300527,-0.566440991561684,0.11569918607152,0.682950084574442,0.0998895422710756,0.344065118017461
"fixed_design","RQR","lower",-1.48428128872368,0.00274368054747486,-0.566440991561684,0.11569918607152,0.682950084574442,0.0998895422710756,0.344065118017461
"fixed_design","RQR","lower",-1.47247994085118,0.00285114293276924,-0.566440991561684,0.11569918607152,0.682950084574442,0.0998895422710756,0.344065118017461
"fixed_design","RQR","lower",-1.46067859297867,0.00297826123589006,-0.566440991561684,0.11569918607152,0.682950084574442,0.0998895422710756,0.344065118017461
"fixed_design","RQR","lower",-1.44887724510616,0.0031152321716448,-0.566440991561684,0.11569918607152,0.682950084574442,0.0998895422710756,0.344065118017461
"fixed_design","RQR","lower",-1.43707589723366,0.00323910401301324,-0.566440991561684,0.11569918607152,0.682950084574442,0.0998895422710756,0.344065118017461
"fixed_design","RQR","lower",-1.42527454936115,0.00333445746668405,-0.566440991561684,0.11569918607152,0.682950084574442,0.0998895422710756,0.344065118017461
"fixed_design","RQR","lower",-1.41347320148865,0.00343203013905866,-0.566440991561684,0.11569918607152,0.682950084574442,0.0998895422710756,0.344065118017461
"fixed_design","RQR","lower",-1.40167185361614,0.00355122253442727,-0.566440991561684,0.11569918607152,0.682950084574442,0.0998895422710756,0.344065118017461
"fixed_design","RQR","lower",-1.38987050574363,0.003682547326048,-0.566440991561684,0.11569918607152,0.682950084574442,0.0998895422710756,0.344065118017461
"fixed_design","RQR","lower",-1.37806915787113,0.00382241888492113,-0.566440991561684,0.11569918607152,0.682950084574442,0.0998895422710756,0.344065118017461
"fixed_design","RQR","lower",-1.36626780999862,0.00395641246421685,-0.566440991561684,0.11569918607152,0.682950084574442,0.0998895422710756,0.344065118017461
"fixed_design","RQR","lower",-1.35446646212611,0.00408463471600622,-0.566440991561684,0.11569918607152,0.682950084574442,0.0998895422710756,0.344065118017461
"fixed_design","RQR","lower",-1.34266511425361,0.00421962380503688,-0.566440991561684,0.11569918607152,0.682950084574442,0.0998895422710756,0.344065118017461
"fixed_design","RQR","lower",-1.3308637663811,0.00436552295388544,-0.566440991561684,0.11569918607152,0.682950084574442,0.0998895422710756,0.344065118017461
"fixed_design","RQR","lower",-1.31906241850859,0.00451529602719254,-0.566440991561684,0.11569918607152,0.682950084574442,0.0998895422710756,0.344065118017461
"fixed_design","RQR","lower",-1.30726107063609,0.00467119108152557,-0.566440991561684,0.11569918607152,0.682950084574442,0.0998895422710756,0.344065118017461
"fixed_design","RQR","lower",-1.29545972276358,0.00484805620511796,-0.566440991561684,0.11569918607152,0.682950084574442,0.0998895422710756,0.344065118017461
"fixed_design","RQR","lower",-1.28365837489107,0.00505615177319087,-0.566440991561684,0.11569918607152,0.682950084574442,0.0998895422710756,0.344065118017461
"fixed_design","RQR","lower",-1.27185702701857,0.00527750545615347,-0.566440991561684,0.11569918607152,0.682950084574442,0.0998895422710756,0.344065118017461
"fixed_design","RQR","lower",-1.26005567914606,0.00548895215169995,-0.566440991561684,0.11569918607152,0.682950084574442,0.0998895422710756,0.344065118017461
"fixed_design","RQR","lower",-1.24825433127355,0.00570322596553174,-0.566440991561684,0.11569918607152,0.682950084574442,0.0998895422710756,0.344065118017461
"fixed_design","RQR","lower",-1.23645298340105,0.00592476722726282,-0.566440991561684,0.11569918607152,0.682950084574442,0.0998895422710756,0.344065118017461
"fixed_design","RQR","lower",-1.22465163552854,0.0061165288446278,-0.566440991561684,0.11569918607152,0.682950084574442,0.0998895422710756,0.344065118017461
"fixed_design","RQR","lower",-1.21285028765603,0.00635856042748353,-0.566440991561684,0.11569918607152,0.682950084574442,0.0998895422710756,0.344065118017461
"fixed_design","RQR","lower",-1.20104893978353,0.00660608938403865,-0.566440991561684,0.11569918607152,0.682950084574442,0.0998895422710756,0.344065118017461
"fixed_design","RQR","lower",-1.18924759191102,0.0068435831377656,-0.566440991561684,0.11569918607152,0.682950084574442,0.0998895422710756,0.344065118017461
"fixed_design","RQR","lower",-1.17744624403851,0.00711972309414517,-0.566440991561684,0.11569918607152,0.682950084574442,0.0998895422710756,0.344065118017461
"fixed_design","RQR","lower",-1.16564489616601,0.0073738041859832,-0.566440991561684,0.11569918607152,0.682950084574442,0.0998895422710756,0.344065118017461
"fixed_design","RQR","lower",-1.1538435482935,0.00756432328853665,-0.566440991561684,0.11569918607152,0.682950084574442,0.0998895422710756,0.344065118017461
"fixed_design","RQR","lower",-1.14204220042099,0.00778551360275404,-0.566440991561684,0.11569918607152,0.682950084574442,0.0998895422710756,0.344065118017461
"fixed_design","RQR","lower",-1.13024085254849,0.00803806266246457,-0.566440991561684,0.11569918607152,0.682950084574442,0.0998895422710756,0.344065118017461
"fixed_design","RQR","lower",-1.11843950467598,0.00829986850551442,-0.566440991561684,0.11569918607152,0.682950084574442,0.0998895422710756,0.344065118017461
"fixed_design","RQR","lower",-1.10663815680347,0.00862144242673298,-0.566440991561684,0.11569918607152,0.682950084574442,0.0998895422710756,0.344065118017461
"fixed_design","RQR","lower",-1.09483680893097,0.00906901855088708,-0.566440991561684,0.11569918607152,0.682950084574442,0.0998895422710756,0.344065118017461
"fixed_design","RQR","lower",-1.08303546105846,0.00945410897610076,-0.566440991561684,0.11569918607152,0.682950084574442,0.0998895422710756,0.344065118017461
"fixed_design","RQR","lower",-1.07123411318595,0.00980305585255041,-0.566440991561684,0.11569918607152,0.682950084574442,0.0998895422710756,0.344065118017461
"fixed_design","RQR","lower",-1.05943276531345,0.0102818374458181,-0.566440991561684,0.11569918607152,0.682950084574442,0.0998895422710756,0.344065118017461
"fixed_design","RQR","lower",-1.04763141744094,0.0106864940723249,-0.566440991561684,0.11569918607152,0.682950084574442,0.0998895422710756,0.344065118017461
"fixed_design","RQR","lower",-1.03583006956844,0.0109547787629614,-0.566440991561684,0.11569918607152,0.682950084574442,0.0998895422710756,0.344065118017461
"fixed_design","RQR","lower",-1.02402872169593,0.0113503746170259,-0.566440991561684,0.11569918607152,0.682950084574442,0.0998895422710756,0.344065118017461
"fixed_design","RQR","lower",-1.01222737382342,0.0118761314224786,-0.566440991561684,0.11569918607152,0.682950084574442,0.0998895422710756,0.344065118017461
"fixed_design","RQR","lower",-1.00042602595092,0.0123920906770686,-0.566440991561684,0.11569918607152,0.682950084574442,0.0998895422710756,0.344065118017461
"fixed_design","RQR","lower",-0.988624678078409,0.0129745781490777,-0.566440991561684,0.11569918607152,0.682950084574442,0.0998895422710756,0.344065118017461
"fixed_design","RQR","lower",-0.976823330205903,0.013500688113065,-0.566440991561684,0.11569918607152,0.682950084574442,0.0998895422710756,0.344065118017461
"fixed_design","RQR","lower",-0.965021982333396,0.0140921358013621,-0.566440991561684,0.11569918607152,0.682950084574442,0.0998895422710756,0.344065118017461
"fixed_design","RQR","lower",-0.95322063446089,0.0148481334929867,-0.566440991561684,0.11569918607152,0.682950084574442,0.0998895422710756,0.344065118017461
"fixed_design","RQR","lower",-0.941419286588383,0.0156402476683808,-0.566440991561684,0.11569918607152,0.682950084574442,0.0998895422710756,0.344065118017461
"fixed_design","RQR","lower",-0.929617938715877,0.0164699472795008,-0.566440991561684,0.11569918607152,0.682950084574442,0.0998895422710756,0.344065118017461
"fixed_design","RQR","lower",-0.91781659084337,0.0174253728881528,-0.566440991561684,0.11569918607152,0.682950084574442,0.0998895422710756,0.344065118017461
"fixed_design","RQR","lower",-0.906015242970863,0.0186293736120751,-0.566440991561684,0.11569918607152,0.682950084574442,0.0998895422710756,0.344065118017461
"fixed_design","RQR","lower",-0.894213895098357,0.0198293388434146,-0.566440991561684,0.11569918607152,0.682950084574442,0.0998895422710756,0.344065118017461
"fixed_design","RQR","lower",-0.88241254722585,0.021063877758839,-0.566440991561684,0.11569918607152,0.682950084574442,0.0998895422710756,0.344065118017461
"fixed_design","RQR","lower",-0.870611199353344,0.0222495688168989,-0.566440991561684,0.11569918607152,0.682950084574442,0.0998895422710756,0.344065118017461
"fixed_design","RQR","lower",-0.858809851480837,0.0233961227917024,-0.566440991561684,0.11569918607152,0.682950084574442,0.0998895422710756,0.344065118017461
"fixed_design","RQR","lower",-0.847008503608331,0.024592115048786,-0.566440991561684,0.11569918607152,0.682950084574442,0.0998895422710756,0.344065118017461
"fixed_design","RQR","lower",-0.835207155735824,0.0261540182296618,-0.566440991561684,0.11569918607152,0.682950084574442,0.0998895422710756,0.344065118017461
"fixed_design","RQR","lower",-0.823405807863318,0.0284947815584332,-0.566440991561684,0.11569918607152,0.682950084574442,0.0998895422710756,0.344065118017461
"fixed_design","RQR","lower",-0.811604459990811,0.0309572315581379,-0.566440991561684,0.11569918607152,0.682950084574442,0.0998895422710756,0.344065118017461
"fixed_design","RQR","lower",-0.799803112118304,0.0330558930821932,-0.566440991561684,0.11569918607152,0.682950084574442,0.0998895422710756,0.344065118017461
"fixed_design","RQR","lower",-0.788001764245798,0.0353026817098861,-0.566440991561684,0.11569918607152,0.682950084574442,0.0998895422710756,0.344065118017461
"fixed_design","RQR","lower",-0.776200416373291,0.0373433868275329,-0.566440991561684,0.11569918607152,0.682950084574442,0.0998895422710756,0.344065118017461
"fixed_design","RQR","lower",-0.764399068500785,0.039863116209513,-0.566440991561684,0.11569918607152,0.682950084574442,0.0998895422710756,0.344065118017461
"fixed_design","RQR","lower",-0.752597720628278,0.0430954430033064,-0.566440991561684,0.11569918607152,0.682950084574442,0.0998895422710756,0.344065118017461
"fixed_design","RQR","lower",-0.740796372755772,0.0462988929642666,-0.566440991561684,0.11569918607152,0.682950084574442,0.0998895422710756,0.344065118017461
"fixed_design","RQR","lower",-0.728995024883265,0.049586762613458,-0.566440991561684,0.11569918607152,0.682950084574442,0.0998895422710756,0.344065118017461
"fixed_design","RQR","lower",-0.717193677010759,0.0530825429651803,-0.566440991561684,0.11569918607152,0.682950084574442,0.0998895422710756,0.344065118017461
"fixed_design","RQR","lower",-0.705392329138252,0.0569433954797152,-0.566440991561684,0.11569918607152,0.682950084574442,0.0998895422710756,0.344065118017461
"fixed_design","RQR","lower",-0.693590981265745,0.0612579886306161,-0.566440991561684,0.11569918607152,0.682950084574442,0.0998895422710756,0.344065118017461
"fixed_design","RQR","lower",-0.681789633393239,0.0658363819047275,-0.566440991561684,0.11569918607152,0.682950084574442,0.0998895422710756,0.344065118017461
"fixed_design","RQR","lower",-0.669988285520732,0.0707584193147842,-0.566440991561684,0.11569918607152,0.682950084574442,0.0998895422710756,0.344065118017461
"fixed_design","RQR","lower",-0.658186937648226,0.076496982621552,-0.566440991561684,0.11569918607152,0.682950084574442,0.0998895422710756,0.344065118017461
"fixed_design","RQR","lower",-0.646385589775719,0.0835217670114763,-0.566440991561684,0.11569918607152,0.682950084574442,0.0998895422710756,0.344065118017461
"fixed_design","RQR","lower",-0.634584241903213,0.0910223623260085,-0.566440991561684,0.11569918607152,0.682950084574442,0.0998895422710756,0.344065118017461
"fixed_design","RQR","lower",-0.622782894030706,0.0984327398175547,-0.566440991561684,0.11569918607152,0.682950084574442,0.0998895422710756,0.344065118017461
"fixed_design","RQR","lower",-0.6109815461582,0.106874451698347,-0.566440991561684,0.11569918607152,0.682950084574442,0.0998895422710756,0.344065118017461
"fixed_design","RQR","lower",-0.599180198285693,0.11666481439234,-0.566440991561684,0.11569918607152,0.682950084574442,0.0998895422710756,0.344065118017461
"fixed_design","RQR","lower",-0.587378850413187,0.126528385805579,-0.566440991561684,0.11569918607152,0.682950084574442,0.0998895422710756,0.344065118017461
"fixed_design","RQR","lower",-0.57557750254068,0.135532871184416,-0.566440991561684,0.11569918607152,0.682950084574442,0.0998895422710756,0.344065118017461
"fixed_design","RQR","lower",-0.563776154668174,0.14479715756359,-0.566440991561684,0.11569918607152,0.682950084574442,0.0998895422710756,0.344065118017461
"fixed_design","RQR","lower",-0.551974806795667,0.155597922402507,-0.566440991561684,0.11569918607152,0.682950084574442,0.0998895422710756,0.344065118017461
"fixed_design","RQR","lower",-0.540173458923161,0.167770220409082,-0.566440991561684,0.11569918607152,0.682950084574442,0.0998895422710756,0.344065118017461
"fixed_design","RQR","lower",-0.528372111050654,0.180885687471965,-0.566440991561684,0.11569918607152,0.682950084574442,0.0998895422710756,0.344065118017461
"fixed_design","RQR","lower",-0.516570763178148,0.195469827858032,-0.566440991561684,0.11569918607152,0.682950084574442,0.0998895422710756,0.344065118017461
"fixed_design","RQR","lower",-0.504769415305641,0.211140376749597,-0.566440991561684,0.11569918607152,0.682950084574442,0.0998895422710756,0.344065118017461
"fixed_design","RQR","lower",-0.492968067433134,0.227040124394261,-0.566440991561684,0.11569918607152,0.682950084574442,0.0998895422710756,0.344065118017461
"fixed_design","RQR","lower",-0.481166719560628,0.242876104529215,-0.566440991561684,0.11569918607152,0.682950084574442,0.0998895422710756,0.344065118017461
"fixed_design","RQR","lower",-0.469365371688121,0.259023973425402,-0.566440991561684,0.11569918607152,0.682950084574442,0.0998895422710756,0.344065118017461
"fixed_design","RQR","lower",-0.457564023815614,0.275660105700882,-0.566440991561684,0.11569918607152,0.682950084574442,0.0998895422710756,0.344065118017461
"fixed_design","RQR","lower",-0.445762675943108,0.292329591704298,-0.566440991561684,0.11569918607152,0.682950084574442,0.0998895422710756,0.344065118017461
"fixed_design","RQR","lower",-0.433961328070601,0.309653401735579,-0.566440991561684,0.11569918607152,0.682950084574442,0.0998895422710756,0.344065118017461
"fixed_design","RQR","lower",-0.422159980198095,0.327420787901549,-0.566440991561684,0.11569918607152,0.682950084574442,0.0998895422710756,0.344065118017461
"fixed_design","RQR","lower",-0.410358632325588,0.344844654735046,-0.566440991561684,0.11569918607152,0.682950084574442,0.0998895422710756,0.344065118017461
"fixed_design","RQR","lower",-0.398557284453082,0.363603396773886,-0.566440991561684,0.11569918607152,0.682950084574442,0.0998895422710756,0.344065118017461
"fixed_design","RQR","lower",-0.386755936580575,0.384532762347646,-0.566440991561684,0.11569918607152,0.682950084574442,0.0998895422710756,0.344065118017461
"fixed_design","RQR","lower",-0.374954588708069,0.405694680434289,-0.566440991561684,0.11569918607152,0.682950084574442,0.0998895422710756,0.344065118017461
"fixed_design","RQR","lower",-0.363153240835562,0.425430797170533,-0.566440991561684,0.11569918607152,0.682950084574442,0.0998895422710756,0.344065118017461
"fixed_design","RQR","lower",-0.351351892963056,0.444046141158348,-0.566440991561684,0.11569918607152,0.682950084574442,0.0998895422710756,0.344065118017461
"fixed_design","RQR","lower",-0.339550545090549,0.464169856643749,-0.566440991561684,0.11569918607152,0.682950084574442,0.0998895422710756,0.344065118017461
"fixed_design","RQR","lower",-0.327749197218043,0.486592783215219,-0.566440991561684,0.11569918607152,0.682950084574442,0.0998895422710756,0.344065118017461
"fixed_design","RQR","lower",-0.315947849345536,0.508002935333328,-0.566440991561684,0.11569918607152,0.682950084574442,0.0998895422710756,0.344065118017461
"fixed_design","RQR","lower",-0.30414650147303,0.527749564205656,-0.566440991561684,0.11569918607152,0.682950084574442,0.0998895422710756,0.344065118017461
"fixed_design","RQR","lower",-0.292345153600523,0.548417975747977,-0.566440991561684,0.11569918607152,0.682950084574442,0.0998895422710756,0.344065118017461
"fixed_design","RQR","lower",-0.280543805728017,0.570377782430292,-0.566440991561684,0.11569918607152,0.682950084574442,0.0998895422710756,0.344065118017461
"fixed_design","RQR","lower",-0.26874245785551,0.592744527704662,-0.566440991561684,0.11569918607152,0.682950084574442,0.0998895422710756,0.344065118017461
"fixed_design","RQR","lower",-0.256941109983003,0.616862138673944,-0.566440991561684,0.11569918607152,0.682950084574442,0.0998895422710756,0.344065118017461
"fixed_design","RQR","lower",-0.245139762110497,0.643102606891315,-0.566440991561684,0.11569918607152,0.682950084574442,0.0998895422710756,0.344065118017461
"fixed_design","RQR","lower",-0.23333841423799,0.668003167716435,-0.566440991561684,0.11569918607152,0.682950084574442,0.0998895422710756,0.344065118017461
"fixed_design","RQR","lower",-0.221537066365484,0.691183778807712,-0.566440991561684,0.11569918607152,0.682950084574442,0.0998895422710756,0.344065118017461
"fixed_design","RQR","lower",-0.209735718492977,0.716155242669219,-0.566440991561684,0.11569918607152,0.682950084574442,0.0998895422710756,0.344065118017461
"fixed_design","RQR","lower",-0.197934370620471,0.740455967376686,-0.566440991561684,0.11569918607152,0.682950084574442,0.0998895422710756,0.344065118017461
"fixed_design","RQR","lower",-0.186133022747964,0.763865354909397,-0.566440991561684,0.11569918607152,0.682950084574442,0.0998895422710756,0.344065118017461
"fixed_design","RQR","lower",-0.174331674875457,0.789276857025311,-0.566440991561684,0.11569918607152,0.682950084574442,0.0998895422710756,0.344065118017461
"fixed_design","RQR","lower",-0.162530327002951,0.814669048184706,-0.566440991561684,0.11569918607152,0.682950084574442,0.0998895422710756,0.344065118017461
"fixed_design","RQR","lower",-0.150728979130444,0.840142006516039,-0.566440991561684,0.11569918607152,0.682950084574442,0.0998895422710756,0.344065118017461
"fixed_design","RQR","lower",-0.138927631257938,0.867609709596315,-0.566440991561684,0.11569918607152,0.682950084574442,0.0998895422710756,0.344065118017461
"fixed_design","RQR","lower",-0.127126283385431,0.895871014818595,-0.566440991561684,0.11569918607152,0.682950084574442,0.0998895422710756,0.344065118017461
"fixed_design","RQR","lower",-0.115324935512925,0.922231838794287,-0.566440991561684,0.11569918607152,0.682950084574442,0.0998895422710756,0.344065118017461
"fixed_design","RQR","lower",-0.103523587640418,0.947723007921809,-0.566440991561684,0.11569918607152,0.682950084574442,0.0998895422710756,0.344065118017461
"fixed_design","RQR","lower",-0.0917222397679116,0.973852199341461,-0.566440991561684,0.11569918607152,0.682950084574442,0.0998895422710756,0.344065118017461
"fixed_design","RQR","lower",-0.0799208918954051,0.998206436937837,-0.566440991561684,0.11569918607152,0.682950084574442,0.0998895422710756,0.344065118017461
"fixed_design","RQR","lower",-0.0681195440228985,1.01921900039055,-0.566440991561684,0.11569918607152,0.682950084574442,0.0998895422710756,0.344065118017461
"fixed_design","RQR","lower",-0.056318196150392,1.03822792841277,-0.566440991561684,0.11569918607152,0.682950084574442,0.0998895422710756,0.344065118017461
"fixed_design","RQR","lower",-0.0445168482778855,1.05813522694739,-0.566440991561684,0.11569918607152,0.682950084574442,0.0998895422710756,0.344065118017461
"fixed_design","RQR","lower",-0.032715500405379,1.07862373411071,-0.566440991561684,0.11569918607152,0.682950084574442,0.0998895422710756,0.344065118017461
"fixed_design","RQR","lower",-0.0209141525328724,1.09835641538668,-0.566440991561684,0.11569918607152,0.682950084574442,0.0998895422710756,0.344065118017461
"fixed_design","RQR","lower",-0.0091128046603659,1.11353054287488,-0.566440991561684,0.11569918607152,0.682950084574442,0.0998895422710756,0.344065118017461
"fixed_design","RQR","lower",0.00268854321214063,1.12515611347782,-0.566440991561684,0.11569918607152,0.682950084574442,0.0998895422710756,0.344065118017461
"fixed_design","RQR","lower",0.0144898910846472,1.1397599585744,-0.566440991561684,0.11569918607152,0.682950084574442,0.0998895422710756,0.344065118017461
"fixed_design","RQR","lower",0.0262912389571537,1.15750483998538,-0.566440991561684,0.11569918607152,0.682950084574442,0.0998895422710756,0.344065118017461
"fixed_design","RQR","lower",0.0380925868296607,1.17433572260289,-0.566440991561684,0.11569918607152,0.682950084574442,0.0998895422710756,0.344065118017461
"fixed_design","RQR","lower",0.0498939347021667,1.18928208924883,-0.566440991561684,0.11569918607152,0.682950084574442,0.0998895422710756,0.344065118017461
"fixed_design","RQR","lower",0.0616952825746737,1.19923335638855,-0.566440991561684,0.11569918607152,0.682950084574442,0.0998895422710756,0.344065118017461
"fixed_design","RQR","lower",0.0734966304471798,1.20826173016458,-0.566440991561684,0.11569918607152,0.682950084574442,0.0998895422710756,0.344065118017461
"fixed_design","RQR","lower",0.0852979783196868,1.21561815159805,-0.566440991561684,0.11569918607152,0.682950084574442,0.0998895422710756,0.344065118017461
"fixed_design","RQR","lower",0.0970993261921929,1.21833318745622,-0.566440991561684,0.11569918607152,0.682950084574442,0.0998895422710756,0.344065118017461
"fixed_design","RQR","lower",0.1089006740647,1.22179736782851,-0.566440991561684,0.11569918607152,0.682950084574442,0.0998895422710756,0.344065118017461
"fixed_design","RQR","lower",0.120702021937206,1.2270338606232,-0.566440991561684,0.11569918607152,0.682950084574442,0.0998895422710756,0.344065118017461
"fixed_design","RQR","lower",0.132503369809713,1.23284227576956,-0.566440991561684,0.11569918607152,0.682950084574442,0.0998895422710756,0.344065118017461
"fixed_design","RQR","lower",0.144304717682219,1.23732906748661,-0.566440991561684,0.11569918607152,0.682950084574442,0.0998895422710756,0.344065118017461
"fixed_design","RQR","lower",0.156106065554726,1.23644875103697,-0.566440991561684,0.11569918607152,0.682950084574442,0.0998895422710756,0.344065118017461
"fixed_design","RQR","lower",0.167907413427232,1.2319981821241,-0.566440991561684,0.11569918607152,0.682950084574442,0.0998895422710756,0.344065118017461
"fixed_design","RQR","lower",0.179708761299739,1.22661085490136,-0.566440991561684,0.11569918607152,0.682950084574442,0.0998895422710756,0.344065118017461
"fixed_design","RQR","lower",0.191510109172245,1.21962017558666,-0.566440991561684,0.11569918607152,0.682950084574442,0.0998895422710756,0.344065118017461
"fixed_design","RQR","lower",0.203311457044752,1.21286066137904,-0.566440991561684,0.11569918607152,0.682950084574442,0.0998895422710756,0.344065118017461
"fixed_design","RQR","lower",0.215112804917258,1.19989703016503,-0.566440991561684,0.11569918607152,0.682950084574442,0.0998895422710756,0.344065118017461
"fixed_design","RQR","lower",0.226914152789765,1.18418814361107,-0.566440991561684,0.11569918607152,0.682950084574442,0.0998895422710756,0.344065118017461
"fixed_design","RQR","lower",0.238715500662271,1.17244553150137,-0.566440991561684,0.11569918607152,0.682950084574442,0.0998895422710756,0.344065118017461
"fixed_design","RQR","lower",0.250516848534778,1.15691592065952,-0.566440991561684,0.11569918607152,0.682950084574442,0.0998895422710756,0.344065118017461
"fixed_design","RQR","lower",0.262318196407285,1.13934050028917,-0.566440991561684,0.11569918607152,0.682950084574442,0.0998895422710756,0.344065118017461
"fixed_design","RQR","lower",0.274119544279791,1.12022012864711,-0.566440991561684,0.11569918607152,0.682950084574442,0.0998895422710756,0.344065118017461
"fixed_design","RQR","lower",0.285920892152298,1.10062276417214,-0.566440991561684,0.11569918607152,0.682950084574442,0.0998895422710756,0.344065118017461
"fixed_design","RQR","lower",0.297722240024804,1.08020636660844,-0.566440991561684,0.11569918607152,0.682950084574442,0.0998895422710756,0.344065118017461
"fixed_design","RQR","lower",0.309523587897311,1.06069310009867,-0.566440991561684,0.11569918607152,0.682950084574442,0.0998895422710756,0.344065118017461
"fixed_design","RQR","lower",0.321324935769817,1.04287819308195,-0.566440991561684,0.11569918607152,0.682950084574442,0.0998895422710756,0.344065118017461
"fixed_design","RQR","lower",0.333126283642324,1.02460861001174,-0.566440991561684,0.11569918607152,0.682950084574442,0.0998895422710756,0.344065118017461
"fixed_design","RQR","lower",0.34492763151483,1.0043006523222,-0.566440991561684,0.11569918607152,0.682950084574442,0.0998895422710756,0.344065118017461
"fixed_design","RQR","lower",0.356728979387337,0.983066652553011,-0.566440991561684,0.11569918607152,0.682950084574442,0.0998895422710756,0.344065118017461
"fixed_design","RQR","lower",0.368530327259843,0.961320416470496,-0.566440991561684,0.11569918607152,0.682950084574442,0.0998895422710756,0.344065118017461
"fixed_design","RQR","lower",0.38033167513235,0.936589164257381,-0.566440991561684,0.11569918607152,0.682950084574442,0.0998895422710756,0.344065118017461
"fixed_design","RQR","lower",0.392133023004857,0.911000487963564,-0.566440991561684,0.11569918607152,0.682950084574442,0.0998895422710756,0.344065118017461
"fixed_design","RQR","lower",0.403934370877364,0.887368292711962,-0.566440991561684,0.11569918607152,0.682950084574442,0.0998895422710756,0.344065118017461
"fixed_design","RQR","lower",0.41573571874987,0.863708986355973,-0.566440991561684,0.11569918607152,0.682950084574442,0.0998895422710756,0.344065118017461
"fixed_design","RQR","lower",0.427537066622377,0.841361539626138,-0.566440991561684,0.11569918607152,0.682950084574442,0.0998895422710756,0.344065118017461
"fixed_design","RQR","lower",0.439338414494883,0.818367891251548,-0.566440991561684,0.11569918607152,0.682950084574442,0.0998895422710756,0.344065118017461
"fixed_design","RQR","lower",0.45113976236739,0.789952517519319,-0.566440991561684,0.11569918607152,0.682950084574442,0.0998895422710756,0.344065118017461
"fixed_design","RQR","lower",0.462941110239896,0.757955086698208,-0.566440991561684,0.11569918607152,0.682950084574442,0.0998895422710756,0.344065118017461
"fixed_design","RQR","lower",0.474742458112403,0.728331947376013,-0.566440991561684,0.11569918607152,0.682950084574442,0.0998895422710756,0.344065118017461
"fixed_design","RQR","lower",0.486543805984909,0.699521358608994,-0.566440991561684,0.11569918607152,0.682950084574442,0.0998895422710756,0.344065118017461
"fixed_design","RQR","lower",0.498345153857416,0.667204523278757,-0.566440991561684,0.11569918607152,0.682950084574442,0.0998895422710756,0.344065118017461
"fixed_design","RQR","lower",0.510146501729922,0.634343562749348,-0.566440991561684,0.11569918607152,0.682950084574442,0.0998895422710756,0.344065118017461
"fixed_design","RQR","lower",0.521947849602429,0.601990794697077,-0.566440991561684,0.11569918607152,0.682950084574442,0.0998895422710756,0.344065118017461
"fixed_design","RQR","lower",0.533749197474935,0.57005185259269,-0.566440991561684,0.11569918607152,0.682950084574442,0.0998895422710756,0.344065118017461
"fixed_design","RQR","lower",0.545550545347442,0.538352715745011,-0.566440991561684,0.11569918607152,0.682950084574442,0.0998895422710756,0.344065118017461
"fixed_design","RQR","lower",0.557351893219949,0.505672355232401,-0.566440991561684,0.11569918607152,0.682950084574442,0.0998895422710756,0.344065118017461
"fixed_design","RQR","lower",0.569153241092455,0.473767789352586,-0.566440991561684,0.11569918607152,0.682950084574442,0.0998895422710756,0.344065118017461
"fixed_design","RQR","lower",0.580954588964962,0.444840651902035,-0.566440991561684,0.11569918607152,0.682950084574442,0.0998895422710756,0.344065118017461
"fixed_design","RQR","lower",0.592755936837468,0.416630744544918,-0.566440991561684,0.11569918607152,0.682950084574442,0.0998895422710756,0.344065118017461
"fixed_design","RQR","lower",0.604557284709975,0.386635016766803,-0.566440991561684,0.11569918607152,0.682950084574442,0.0998895422710756,0.344065118017461
"fixed_design","RQR","lower",0.616358632582481,0.356993669742401,-0.566440991561684,0.11569918607152,0.682950084574442,0.0998895422710756,0.344065118017461
"fixed_design","RQR","lower",0.628159980454988,0.330811183927957,-0.566440991561684,0.11569918607152,0.682950084574442,0.0998895422710756,0.344065118017461
"fixed_design","RQR","lower",0.639961328327494,0.307011663685156,-0.566440991561684,0.11569918607152,0.682950084574442,0.0998895422710756,0.344065118017461
"fixed_design","RQR","lower",0.651762676200001,0.282823383724547,-0.566440991561684,0.11569918607152,0.682950084574442,0.0998895422710756,0.344065118017461
"fixed_design","RQR","lower",0.663564024072507,0.260607923335516,-0.566440991561684,0.11569918607152,0.682950084574442,0.0998895422710756,0.344065118017461
"fixed_design","RQR","lower",0.675365371945014,0.241193590202072,-0.566440991561684,0.11569918607152,0.682950084574442,0.0998895422710756,0.344065118017461
"fixed_design","RQR","lower",0.68716671981752,0.221158040272379,-0.566440991561684,0.11569918607152,0.682950084574442,0.0998895422710756,0.344065118017461
"fixed_design","RQR","lower",0.698968067690027,0.20088822985748,-0.566440991561684,0.11569918607152,0.682950084574442,0.0998895422710756,0.344065118017461
"fixed_design","RQR","lower",0.710769415562533,0.182360802013649,-0.566440991561684,0.11569918607152,0.682950084574442,0.0998895422710756,0.344065118017461
"fixed_design","RQR","lower",0.72257076343504,0.165435963500484,-0.566440991561684,0.11569918607152,0.682950084574442,0.0998895422710756,0.344065118017461
"fixed_design","RQR","lower",0.734372111307546,0.149963983672697,-0.566440991561684,0.11569918607152,0.682950084574442,0.0998895422710756,0.344065118017461
"fixed_design","RQR","lower",0.746173459180053,0.136261704641798,-0.566440991561684,0.11569918607152,0.682950084574442,0.0998895422710756,0.344065118017461
"fixed_design","RQR","lower",0.757974807052559,0.123997106525996,-0.566440991561684,0.11569918607152,0.682950084574442,0.0998895422710756,0.344065118017461
"fixed_design","RQR","lower",0.769776154925066,0.112072401761316,-0.566440991561684,0.11569918607152,0.682950084574442,0.0998895422710756,0.344065118017461
"fixed_design","RQR","lower",0.781577502797572,0.0996800512789885,-0.566440991561684,0.11569918607152,0.682950084574442,0.0998895422710756,0.344065118017461
"fixed_design","RQR","lower",0.793378850670079,0.0875250251408292,-0.566440991561684,0.11569918607152,0.682950084574442,0.0998895422710756,0.344065118017461
"fixed_design","RQR","lower",0.805180198542585,0.0771107349433546,-0.566440991561684,0.11569918607152,0.682950084574442,0.0998895422710756,0.344065118017461
"fixed_design","RQR","lower",0.816981546415092,0.0690812470293606,-0.566440991561684,0.11569918607152,0.682950084574442,0.0998895422710756,0.344065118017461
"fixed_design","RQR","lower",0.828782894287599,0.0623233263532066,-0.566440991561684,0.11569918607152,0.682950084574442,0.0998895422710756,0.344065118017461
"fixed_design","RQR","lower",0.840584242160106,0.056043358994648,-0.566440991561684,0.11569918607152,0.682950084574442,0.0998895422710756,0.344065118017461
"fixed_design","RQR","lower",0.852385590032612,0.0500507912791703,-0.566440991561684,0.11569918607152,0.682950084574442,0.0998895422710756,0.344065118017461
"fixed_design","RQR","lower",0.864186937905119,0.044003257618772,-0.566440991561684,0.11569918607152,0.682950084574442,0.0998895422710756,0.344065118017461
"fixed_design","RQR","lower",0.875988285777626,0.0382760333641306,-0.566440991561684,0.11569918607152,0.682950084574442,0.0998895422710756,0.344065118017461
"fixed_design","RQR","lower",0.887789633650132,0.0334075651780309,-0.566440991561684,0.11569918607152,0.682950084574442,0.0998895422710756,0.344065118017461
"fixed_design","RQR","lower",0.899590981522639,0.029606507694111,-0.566440991561684,0.11569918607152,0.682950084574442,0.0998895422710756,0.344065118017461
"fixed_design","RQR","lower",0.911392329395145,0.0259506064548962,-0.566440991561684,0.11569918607152,0.682950084574442,0.0998895422710756,0.344065118017461
"fixed_design","RQR","lower",0.923193677267652,0.0224026366081008,-0.566440991561684,0.11569918607152,0.682950084574442,0.0998895422710756,0.344065118017461
"fixed_design","RQR","lower",0.934995025140158,0.0198696707412425,-0.566440991561684,0.11569918607152,0.682950084574442,0.0998895422710756,0.344065118017461
"fixed_design","RQR","lower",0.946796373012665,0.0180108565367592,-0.566440991561684,0.11569918607152,0.682950084574442,0.0998895422710756,0.344065118017461
"fixed_design","RQR","lower",0.958597720885171,0.0159327809309226,-0.566440991561684,0.11569918607152,0.682950084574442,0.0998895422710756,0.344065118017461
"fixed_design","RQR","lower",0.970399068757678,0.0136122705568024,-0.566440991561684,0.11569918607152,0.682950084574442,0.0998895422710756,0.344065118017461
"fixed_design","RQR","lower",0.982200416630184,0.0117381139877263,-0.566440991561684,0.11569918607152,0.682950084574442,0.0998895422710756,0.344065118017461
"fixed_design","RQR","lower",0.994001764502691,0.0101555046212649,-0.566440991561684,0.11569918607152,0.682950084574442,0.0998895422710756,0.344065118017461
"fixed_design","RQR","lower",1.0058031123752,0.00885497588249698,-0.566440991561684,0.11569918607152,0.682950084574442,0.0998895422710756,0.344065118017461
"fixed_design","RQR","lower",1.0176044602477,0.00781038975683525,-0.566440991561684,0.11569918607152,0.682950084574442,0.0998895422710756,0.344065118017461
"fixed_design","RQR","lower",1.02940580812021,0.00687712797721248,-0.566440991561684,0.11569918607152,0.682950084574442,0.0998895422710756,0.344065118017461
"fixed_design","RQR","lower",1.04120715599272,0.00605023211322546,-0.566440991561684,0.11569918607152,0.682950084574442,0.0998895422710756,0.344065118017461
"fixed_design","RQR","lower",1.05300850386522,0.00540420756002275,-0.566440991561684,0.11569918607152,0.682950084574442,0.0998895422710756,0.344065118017461
"fixed_design","RQR","lower",1.06480985173773,0.00485813163829935,-0.566440991561684,0.11569918607152,0.682950084574442,0.0998895422710756,0.344065118017461
"fixed_design","RQR","lower",1.07661119961024,0.00437231867629839,-0.566440991561684,0.11569918607152,0.682950084574442,0.0998895422710756,0.344065118017461
"fixed_design","RQR","lower",1.08841254748274,0.00394722732561746,-0.566440991561684,0.11569918607152,0.682950084574442,0.0998895422710756,0.344065118017461
"fixed_design","RQR","lower",1.10021389535525,0.00349893674780263,-0.566440991561684,0.11569918607152,0.682950084574442,0.0998895422710756,0.344065118017461
"fixed_design","RQR","lower",1.11201524322776,0.00306040688521313,-0.566440991561684,0.11569918607152,0.682950084574442,0.0998895422710756,0.344065118017461
"fixed_design","RQR","lower",1.12381659110026,0.00275695392724234,-0.566440991561684,0.11569918607152,0.682950084574442,0.0998895422710756,0.344065118017461
"fixed_design","RQR","lower",1.13561793897277,0.00238949940924202,-0.566440991561684,0.11569918607152,0.682950084574442,0.0998895422710756,0.344065118017461
"fixed_design","RQR","lower",1.14741928684528,0.00206116911811931,-0.566440991561684,0.11569918607152,0.682950084574442,0.0998895422710756,0.344065118017461
"fixed_design","RQR","lower",1.15922063471778,0.00185486335006007,-0.566440991561684,0.11569918607152,0.682950084574442,0.0998895422710756,0.344065118017461
"fixed_design","RQR","lower",1.17102198259029,0.00168395658589579,-0.566440991561684,0.11569918607152,0.682950084574442,0.0998895422710756,0.344065118017461
"fixed_design","RQR","lower",1.1828233304628,0.00147068911944419,-0.566440991561684,0.11569918607152,0.682950084574442,0.0998895422710756,0.344065118017461
"fixed_design","RQR","lower",1.1946246783353,0.00130126637903114,-0.566440991561684,0.11569918607152,0.682950084574442,0.0998895422710756,0.344065118017461
"fixed_design","RQR","lower",1.20642602620781,0.00117438983433957,-0.566440991561684,0.11569918607152,0.682950084574442,0.0998895422710756,0.344065118017461
"fixed_design","RQR","lower",1.21822737408032,0.00109064146041727,-0.566440991561684,0.11569918607152,0.682950084574442,0.0998895422710756,0.344065118017461
"fixed_design","RQR","lower",1.23002872195282,0.00101950284257537,-0.566440991561684,0.11569918607152,0.682950084574442,0.0998895422710756,0.344065118017461
"fixed_design","RQR","lower",1.24183006982533,0.000947273302844402,-0.566440991561684,0.11569918607152,0.682950084574442,0.0998895422710756,0.344065118017461
"fixed_design","RQR","lower",1.25363141769783,0.000883532505702218,-0.566440991561684,0.11569918607152,0.682950084574442,0.0998895422710756,0.344065118017461
"fixed_design","RQR","lower",1.26543276557034,0.000823553855066338,-0.566440991561684,0.11569918607152,0.682950084574442,0.0998895422710756,0.344065118017461
"fixed_design","RQR","lower",1.27723411344285,0.000767227514181894,-0.566440991561684,0.11569918607152,0.682950084574442,0.0998895422710756,0.344065118017461
"fixed_design","RQR","lower",1.28903546131535,0.000709701891994253,-0.566440991561684,0.11569918607152,0.682950084574442,0.0998895422710756,0.344065118017461
"fixed_design","RQR","lower",1.30083680918786,0.000658744139570017,-0.566440991561684,0.11569918607152,0.682950084574442,0.0998895422710756,0.344065118017461
"fixed_design","RQR","lower",1.31263815706037,0.000608693277666652,-0.566440991561684,0.11569918607152,0.682950084574442,0.0998895422710756,0.344065118017461
"fixed_design","RQR","lower",1.32443950493287,0.000559111698983394,-0.566440991561684,0.11569918607152,0.682950084574442,0.0998895422710756,0.344065118017461
"fixed_design","RQR","lower",1.33624085280538,0.000512903093608967,-0.566440991561684,0.11569918607152,0.682950084574442,0.0998895422710756,0.344065118017461
"fixed_design","RQR","lower",1.34804220067789,0.000476086648721218,-0.566440991561684,0.11569918607152,0.682950084574442,0.0998895422710756,0.344065118017461
"fixed_design","RQR","lower",1.35984354855039,0.000441101841801143,-0.566440991561684,0.11569918607152,0.682950084574442,0.0998895422710756,0.344065118017461
"fixed_design","RQR","lower",1.3716448964229,0.000404703036510851,-0.566440991561684,0.11569918607152,0.682950084574442,0.0998895422710756,0.344065118017461
"fixed_design","RQR","lower",1.38344624429541,0.000372420331962671,-0.566440991561684,0.11569918607152,0.682950084574442,0.0998895422710756,0.344065118017461
"fixed_design","RQR","lower",1.39524759216791,0.000336385943451533,-0.566440991561684,0.11569918607152,0.682950084574442,0.0998895422710756,0.344065118017461
"fixed_design","RQR","lower",1.40704894004042,0.000303003685689112,-0.566440991561684,0.11569918607152,0.682950084574442,0.0998895422710756,0.344065118017461
"fixed_design","RQR","lower",1.41885028791293,0.000283422438415377,-0.566440991561684,0.11569918607152,0.682950084574442,0.0998895422710756,0.344065118017461
"fixed_design","RQR","lower",1.43065163578543,0.00026625996398031,-0.566440991561684,0.11569918607152,0.682950084574442,0.0998895422710756,0.344065118017461
"fixed_design","RQR","lower",1.44245298365794,0.00024824463788348,-0.566440991561684,0.11569918607152,0.682950084574442,0.0998895422710756,0.344065118017461
"fixed_design","RQR","lower",1.45425433153045,0.000229737974275341,-0.566440991561684,0.11569918607152,0.682950084574442,0.0998895422710756,0.344065118017461
"fixed_design","RQR","lower",1.46605567940295,0.000211061471794535,-0.566440991561684,0.11569918607152,0.682950084574442,0.0998895422710756,0.344065118017461
"fixed_design","RQR","lower",1.47785702727546,0.000194306087548638,-0.566440991561684,0.11569918607152,0.682950084574442,0.0998895422710756,0.344065118017461
"fixed_design","RQR","lower",1.48965837514797,0.000178350917752457,-0.566440991561684,0.11569918607152,0.682950084574442,0.0998895422710756,0.344065118017461
"fixed_design","RQR","lower",1.50145972302047,0.000157392509647712,-0.566440991561684,0.11569918607152,0.682950084574442,0.0998895422710756,0.344065118017461
"fixed_design","RQR","lower",1.51326107089298,0.000143955843653438,-0.566440991561684,0.11569918607152,0.682950084574442,0.0998895422710756,0.344065118017461
"fixed_design","RQR","lower",1.52506241876549,0.000133087776775387,-0.566440991561684,0.11569918607152,0.682950084574442,0.0998895422710756,0.344065118017461
"fixed_design","RQR","lower",1.53686376663799,0.000123029653286504,-0.566440991561684,0.11569918607152,0.682950084574442,0.0998895422710756,0.344065118017461
"fixed_design","RQR","lower",1.5486651145105,0.000112708719820494,-0.566440991561684,0.11569918607152,0.682950084574442,0.0998895422710756,0.344065118017461
"fixed_design","RQR","lower",1.56046646238301,0.00010123756831279,-0.566440991561684,0.11569918607152,0.682950084574442,0.0998895422710756,0.344065118017461
"fixed_design","RQR","lower",1.57226781025551,9.18365298397403e-05,-0.566440991561684,0.11569918607152,0.682950084574442,0.0998895422710756,0.344065118017461
"fixed_design","RQR","lower",1.58406915812802,8.10558875235175e-05,-0.566440991561684,0.11569918607152,0.682950084574442,0.0998895422710756,0.344065118017461
"fixed_design","RQR","lower",1.59587050600052,7.31496514130575e-05,-0.566440991561684,0.11569918607152,0.682950084574442,0.0998895422710756,0.344065118017461
"fixed_design","RQR","lower",1.60767185387303,6.38112182681964e-05,-0.566440991561684,0.11569918607152,0.682950084574442,0.0998895422710756,0.344065118017461
"fixed_design","RQR","lower",1.61947320174554,5.7070569554127e-05,-0.566440991561684,0.11569918607152,0.682950084574442,0.0998895422710756,0.344065118017461
"fixed_design","RQR","lower",1.63127454961804,5.32898568735861e-05,-0.566440991561684,0.11569918607152,0.682950084574442,0.0998895422710756,0.344065118017461
"fixed_design","RQR","lower",1.64307589749055,4.9310963331096e-05,-0.566440991561684,0.11569918607152,0.682950084574442,0.0998895422710756,0.344065118017461
"fixed_design","RQR","lower",1.65487724536306,4.61775752330296e-05,-0.566440991561684,0.11569918607152,0.682950084574442,0.0998895422710756,0.344065118017461
"fixed_design","RQR","lower",1.66667859323556,4.21250277068249e-05,-0.566440991561684,0.11569918607152,0.682950084574442,0.0998895422710756,0.344065118017461
"fixed_design","RQR","lower",1.67847994110807,3.6821509418706e-05,-0.566440991561684,0.11569918607152,0.682950084574442,0.0998895422710756,0.344065118017461
"fixed_design","RQR","lower",1.69028128898058,3.27513042972874e-05,-0.566440991561684,0.11569918607152,0.682950084574442,0.0998895422710756,0.344065118017461
"fixed_design","RQR","lower",1.70208263685308,2.87776043084488e-05,-0.566440991561684,0.11569918607152,0.682950084574442,0.0998895422710756,0.344065118017461
"fixed_design","RQR","lower",1.71388398472559,2.521155904147e-05,-0.566440991561684,0.11569918607152,0.682950084574442,0.0998895422710756,0.344065118017461
"fixed_design","RQR","lower",1.7256853325981,2.22413492455775e-05,-0.566440991561684,0.11569918607152,0.682950084574442,0.0998895422710756,0.344065118017461
"fixed_design","RQR","lower",1.7374866804706,2.03572954112527e-05,-0.566440991561684,0.11569918607152,0.682950084574442,0.0998895422710756,0.344065118017461
"fixed_design","RQR","lower",1.74928802834311,1.9690306745164e-05,-0.566440991561684,0.11569918607152,0.682950084574442,0.0998895422710756,0.344065118017461
"fixed_design","RQR","lower",1.76108937621562,1.91839174253969e-05,-0.566440991561684,0.11569918607152,0.682950084574442,0.0998895422710756,0.344065118017461
"fixed_design","RQR","lower",1.77289072408812,1.74715936530118e-05,-0.566440991561684,0.11569918607152,0.682950084574442,0.0998895422710756,0.344065118017461
"fixed_design","RQR","lower",1.78469207196063,1.5180607811349e-05,-0.566440991561684,0.11569918607152,0.682950084574442,0.0998895422710756,0.344065118017461
"fixed_design","RQR","lower",1.79649341983314,1.4557424848149e-05,-0.566440991561684,0.11569918607152,0.682950084574442,0.0998895422710756,0.344065118017461
"fixed_design","RQR","lower",1.80829476770564,1.38176361573906e-05,-0.566440991561684,0.11569918607152,0.682950084574442,0.0998895422710756,0.344065118017461
"fixed_design","RQR","lower",1.82009611557815,1.17560601746233e-05,-0.566440991561684,0.11569918607152,0.682950084574442,0.0998895422710756,0.344065118017461
"fixed_design","RQR","lower",1.83189746345066,9.96668668781246e-06,-0.566440991561684,0.11569918607152,0.682950084574442,0.0998895422710756,0.344065118017461
"fixed_design","RQR","lower",1.84369881132316,8.62899929592912e-06,-0.566440991561684,0.11569918607152,0.682950084574442,0.0998895422710756,0.344065118017461
"fixed_design","RQR","lower",1.85550015919567,7.58889174192902e-06,-0.566440991561684,0.11569918607152,0.682950084574442,0.0998895422710756,0.344065118017461
"fixed_design","RQR","lower",1.86730150706817,6.87887114723727e-06,-0.566440991561684,0.11569918607152,0.682950084574442,0.0998895422710756,0.344065118017461
"fixed_design","RQR","lower",1.87910285494068,5.95080040040446e-06,-0.566440991561684,0.11569918607152,0.682950084574442,0.0998895422710756,0.344065118017461
"fixed_design","RQR","lower",1.89090420281319,4.83274169657832e-06,-0.566440991561684,0.11569918607152,0.682950084574442,0.0998895422710756,0.344065118017461
"fixed_design","RQR","lower",1.90270555068569,4.22549418848927e-06,-0.566440991561684,0.11569918607152,0.682950084574442,0.0998895422710756,0.344065118017461
"fixed_design","RQR","lower",1.9145068985582,4.04314359678858e-06,-0.566440991561684,0.11569918607152,0.682950084574442,0.0998895422710756,0.344065118017461
"fixed_design","RQR","lower",1.92630824643071,3.18516557842942e-06,-0.566440991561684,0.11569918607152,0.682950084574442,0.0998895422710756,0.344065118017461
"fixed_design","RQR","lower",1.93810959430321,2.01001135242187e-06,-0.566440991561684,0.11569918607152,0.682950084574442,0.0998895422710756,0.344065118017461
"fixed_design","RQR","lower",1.94991094217572,1.58117569949344e-06,-0.566440991561684,0.11569918607152,0.682950084574442,0.0998895422710756,0.344065118017461
"fixed_design","RQR","lower",1.96171229004823,1.36509354756589e-06,-0.566440991561684,0.11569918607152,0.682950084574442,0.0998895422710756,0.344065118017461
"fixed_design","RQR","lower",1.97351363792073,1.55757183809306e-06,-0.566440991561684,0.11569918607152,0.682950084574442,0.0998895422710756,0.344065118017461
"fixed_design","RQR","lower",1.98531498579324,1.32382299626546e-06,-0.566440991561684,0.11569918607152,0.682950084574442,0.0998895422710756,0.344065118017461
"fixed_design","RQR","lower",1.99711633366575,1.42438584509766e-06,-0.566440991561684,0.11569918607152,0.682950084574442,0.0998895422710756,0.344065118017461
"fixed_design","RQR","lower",2.00891768153825,1.45428901086372e-06,-0.566440991561684,0.11569918607152,0.682950084574442,0.0998895422710756,0.344065118017461
"fixed_design","RQR","lower",2.02071902941076,1.00870950145767e-06,-0.566440991561684,0.11569918607152,0.682950084574442,0.0998895422710756,0.344065118017461
"fixed_design","RQR","lower",2.03252037728327,7.66504703813949e-07,-0.566440991561684,0.11569918607152,0.682950084574442,0.0998895422710756,0.344065118017461
"fixed_design","RQR","lower",2.04432172515577,3.073475512631e-07,-0.566440991561684,0.11569918607152,0.682950084574442,0.0998895422710756,0.344065118017461
"fixed_design","RQR","lower",2.05612307302828,4.5160766659597e-08,-0.566440991561684,0.11569918607152,0.682950084574442,0.0998895422710756,0.344065118017461
"fixed_design","RQR","upper",-0.486960422416237,2.71763806820301e-07,-0.108510090617948,0.0227265972558147,0.178217292495546,0.0257815008745946,0.0781622090606712
"fixed_design","RQR","upper",-0.483274559407786,3.85054828776506e-06,-0.108510090617948,0.0227265972558147,0.178217292495546,0.0257815008745946,0.0781622090606712
"fixed_design","RQR","upper",-0.479588696399335,5.92443037262161e-06,-0.108510090617948,0.0227265972558147,0.178217292495546,0.0257815008745946,0.0781622090606712
"fixed_design","RQR","upper",-0.475902833390884,5.06568449428609e-06,-0.108510090617948,0.0227265972558147,0.178217292495546,0.0257815008745946,0.0781622090606712
"fixed_design","RQR","upper",-0.472216970382433,7.7918797965182e-06,-0.108510090617948,0.0227265972558147,0.178217292495546,0.0257815008745946,0.0781622090606712
"fixed_design","RQR","upper",-0.468531107373982,8.28912826225521e-06,-0.108510090617948,0.0227265972558147,0.178217292495546,0.0257815008745946,0.0781622090606712
"fixed_design","RQR","upper",-0.464845244365531,9.64193079285992e-06,-0.108510090617948,0.0227265972558147,0.178217292495546,0.0257815008745946,0.0781622090606712
"fixed_design","RQR","upper",-0.46115938135708,1.21354788582822e-05,-0.108510090617948,0.0227265972558147,0.178217292495546,0.0257815008745946,0.0781622090606712
"fixed_design","RQR","upper",-0.457473518348629,1.59185506562353e-05,-0.108510090617948,0.0227265972558147,0.178217292495546,0.0257815008745946,0.0781622090606712
"fixed_design","RQR","upper",-0.453787655340178,2.07635208228628e-05,-0.108510090617948,0.0227265972558147,0.178217292495546,0.0257815008745946,0.0781622090606712
"fixed_design","RQR","upper",-0.450101792331727,2.69357555815043e-05,-0.108510090617948,0.0227265972558147,0.178217292495546,0.0257815008745946,0.0781622090606712
"fixed_design","RQR","upper",-0.446415929323276,3.09412566155752e-05,-0.108510090617948,0.0227265972558147,0.178217292495546,0.0257815008745946,0.0781622090606712
"fixed_design","RQR","upper",-0.442730066314825,3.63802941981465e-05,-0.108510090617948,0.0227265972558147,0.178217292495546,0.0257815008745946,0.0781622090606712
"fixed_design","RQR","upper",-0.439044203306374,4.01989336473556e-05,-0.108510090617948,0.0227265972558147,0.178217292495546,0.0257815008745946,0.0781622090606712
"fixed_design","RQR","upper",-0.435358340297923,4.28713803010918e-05,-0.108510090617948,0.0227265972558147,0.178217292495546,0.0257815008745946,0.0781622090606712
"fixed_design","RQR","upper",-0.431672477289472,4.90851392787861e-05,-0.108510090617948,0.0227265972558147,0.178217292495546,0.0257815008745946,0.0781622090606712
"fixed_design","RQR","upper",-0.427986614281021,6.0220552956257e-05,-0.108510090617948,0.0227265972558147,0.178217292495546,0.0257815008745946,0.0781622090606712
"fixed_design","RQR","upper",-0.42430075127257,7.05591252748877e-05,-0.108510090617948,0.0227265972558147,0.178217292495546,0.0257815008745946,0.0781622090606712
"fixed_design","RQR","upper",-0.420614888264119,7.84120935727156e-05,-0.108510090617948,0.0227265972558147,0.178217292495546,0.0257815008745946,0.0781622090606712
"fixed_design","RQR","upper",-0.416929025255668,9.8529266482205e-05,-0.108510090617948,0.0227265972558147,0.178217292495546,0.0257815008745946,0.0781622090606712
"fixed_design","RQR","upper",-0.413243162247217,0.000116430448840195,-0.108510090617948,0.0227265972558147,0.178217292495546,0.0257815008745946,0.0781622090606712
"fixed_design","RQR","upper",-0.409557299238766,0.000134506208079841,-0.108510090617948,0.0227265972558147,0.178217292495546,0.0257815008745946,0.0781622090606712
"fixed_design","RQR","upper",-0.405871436230315,0.000164398982413176,-0.108510090617948,0.0227265972558147,0.178217292495546,0.0257815008745946,0.0781622090606712
"fixed_design","RQR","upper",-0.402185573221864,0.000180586946042308,-0.108510090617948,0.0227265972558147,0.178217292495546,0.0257815008745946,0.0781622090606712
"fixed_design","RQR","upper",-0.398499710213414,0.000201855412375834,-0.108510090617948,0.0227265972558147,0.178217292495546,0.0257815008745946,0.0781622090606712
"fixed_design","RQR","upper",-0.394813847204963,0.000229725716901885,-0.108510090617948,0.0227265972558147,0.178217292495546,0.0257815008745946,0.0781622090606712
"fixed_design","RQR","upper",-0.391127984196512,0.000262156508536605,-0.108510090617948,0.0227265972558147,0.178217292495546,0.0257815008745946,0.0781622090606712
"fixed_design","RQR","upper",-0.387442121188061,0.000304199975179743,-0.108510090617948,0.0227265972558147,0.178217292495546,0.0257815008745946,0.0781622090606712
"fixed_design","RQR","upper",-0.38375625817961,0.000349137764141744,-0.108510090617948,0.0227265972558147,0.178217292495546,0.0257815008745946,0.0781622090606712
"fixed_design","RQR","upper",-0.380070395171159,0.000407438368874616,-0.108510090617948,0.0227265972558147,0.178217292495546,0.0257815008745946,0.0781622090606712
"fixed_design","RQR","upper",-0.376384532162708,0.000456895497089073,-0.108510090617948,0.0227265972558147,0.178217292495546,0.0257815008745946,0.0781622090606712
"fixed_design","RQR","upper",-0.372698669154257,0.000499062236668667,-0.108510090617948,0.0227265972558147,0.178217292495546,0.0257815008745946,0.0781622090606712
"fixed_design","RQR","upper",-0.369012806145806,0.000550593503652348,-0.108510090617948,0.0227265972558147,0.178217292495546,0.0257815008745946,0.0781622090606712
"fixed_design","RQR","upper",-0.365326943137355,0.000625829461868684,-0.108510090617948,0.0227265972558147,0.178217292495546,0.0257815008745946,0.0781622090606712
"fixed_design","RQR","upper",-0.361641080128904,0.0006998153651059,-0.108510090617948,0.0227265972558147,0.178217292495546,0.0257815008745946,0.0781622090606712
"fixed_design","RQR","upper",-0.357955217120453,0.000767925343116213,-0.108510090617948,0.0227265972558147,0.178217292495546,0.0257815008745946,0.0781622090606712
"fixed_design","RQR","upper",-0.354269354112002,0.000851954071086986,-0.108510090617948,0.0227265972558147,0.178217292495546,0.0257815008745946,0.0781622090606712
"fixed_design","RQR","upper",-0.350583491103551,0.00094092073773607,-0.108510090617948,0.0227265972558147,0.178217292495546,0.0257815008745946,0.0781622090606712
"fixed_design","RQR","upper",-0.3468976280951,0.00103756433132954,-0.108510090617948,0.0227265972558147,0.178217292495546,0.0257815008745946,0.0781622090606712
"fixed_design","RQR","upper",-0.343211765086649,0.00112389820143931,-0.108510090617948,0.0227265972558147,0.178217292495546,0.0257815008745946,0.0781622090606712
"fixed_design","RQR","upper",-0.339525902078198,0.00120359706165845,-0.108510090617948,0.0227265972558147,0.178217292495546,0.0257815008745946,0.0781622090606712
"fixed_design","RQR","upper",-0.335840039069747,0.00132207096715658,-0.108510090617948,0.0227265972558147,0.178217292495546,0.0257815008745946,0.0781622090606712
"fixed_design","RQR","upper",-0.332154176061296,0.00144744405914035,-0.108510090617948,0.0227265972558147,0.178217292495546,0.0257815008745946,0.0781622090606712
"fixed_design","RQR","upper",-0.328468313052845,0.0015556035255223,-0.108510090617948,0.0227265972558147,0.178217292495546,0.0257815008745946,0.0781622090606712
"fixed_design","RQR","upper",-0.324782450044394,0.00169950837099144,-0.108510090617948,0.0227265972558147,0.178217292495546,0.0257815008745946,0.0781622090606712
"fixed_design","RQR","upper",-0.321096587035943,0.0019025600694623,-0.108510090617948,0.0227265972558147,0.178217292495546,0.0257815008745946,0.0781622090606712
"fixed_design","RQR","upper",-0.317410724027492,0.00216083485163813,-0.108510090617948,0.0227265972558147,0.178217292495546,0.0257815008745946,0.0781622090606712
"fixed_design","RQR","upper",-0.313724861019041,0.00237159147854778,-0.108510090617948,0.0227265972558147,0.178217292495546,0.0257815008745946,0.0781622090606712
"fixed_design","RQR","upper",-0.31003899801059,0.00250601662882425,-0.108510090617948,0.0227265972558147,0.178217292495546,0.0257815008745946,0.0781622090606712
"fixed_design","RQR","upper",-0.306353135002139,0.00270613995936754,-0.108510090617948,0.0227265972558147,0.178217292495546,0.0257815008745946,0.0781622090606712
"fixed_design","RQR","upper",-0.302667271993688,0.00295609804792405,-0.108510090617948,0.0227265972558147,0.178217292495546,0.0257815008745946,0.0781622090606712
"fixed_design","RQR","upper",-0.298981408985237,0.00319660877012281,-0.108510090617948,0.0227265972558147,0.178217292495546,0.0257815008745946,0.0781622090606712
"fixed_design","RQR","upper",-0.295295545976786,0.00344881839065714,-0.108510090617948,0.0227265972558147,0.178217292495546,0.0257815008745946,0.0781622090606712
"fixed_design","RQR","upper",-0.291609682968335,0.00374166884844286,-0.108510090617948,0.0227265972558147,0.178217292495546,0.0257815008745946,0.0781622090606712
"fixed_design","RQR","upper",-0.287923819959884,0.0040799959953578,-0.108510090617948,0.0227265972558147,0.178217292495546,0.0257815008745946,0.0781622090606712
"fixed_design","RQR","upper",-0.284237956951434,0.00449010294247913,-0.108510090617948,0.0227265972558147,0.178217292495546,0.0257815008745946,0.0781622090606712
"fixed_design","RQR","upper",-0.280552093942983,0.00499229260830335,-0.108510090617948,0.0227265972558147,0.178217292495546,0.0257815008745946,0.0781622090606712
"fixed_design","RQR","upper",-0.276866230934532,0.0055981221207327,-0.108510090617948,0.0227265972558147,0.178217292495546,0.0257815008745946,0.0781622090606712
"fixed_design","RQR","upper",-0.273180367926081,0.00622597337540099,-0.108510090617948,0.0227265972558147,0.178217292495546,0.0257815008745946,0.0781622090606712
"fixed_design","RQR","upper",-0.26949450491763,0.00682863713660571,-0.108510090617948,0.0227265972558147,0.178217292495546,0.0257815008745946,0.0781622090606712
"fixed_design","RQR","upper",-0.265808641909179,0.00741252892742778,-0.108510090617948,0.0227265972558147,0.178217292495546,0.0257815008745946,0.0781622090606712
"fixed_design","RQR","upper",-0.262122778900728,0.00806679215007337,-0.108510090617948,0.0227265972558147,0.178217292495546,0.0257815008745946,0.0781622090606712
"fixed_design","RQR","upper",-0.258436915892277,0.00889816600731879,-0.108510090617948,0.0227265972558147,0.178217292495546,0.0257815008745946,0.0781622090606712
"fixed_design","RQR","upper",-0.254751052883826,0.00975079831288565,-0.108510090617948,0.0227265972558147,0.178217292495546,0.0257815008745946,0.0781622090606712
"fixed_design","RQR","upper",-0.251065189875375,0.0105914322012749,-0.108510090617948,0.0227265972558147,0.178217292495546,0.0257815008745946,0.0781622090606712
"fixed_design","RQR","upper",-0.247379326866924,0.0114225087926111,-0.108510090617948,0.0227265972558147,0.178217292495546,0.0257815008745946,0.0781622090606712
"fixed_design","RQR","upper",-0.243693463858473,0.0125184114749991,-0.108510090617948,0.0227265972558147,0.178217292495546,0.0257815008745946,0.0781622090606712
"fixed_design","RQR","upper",-0.240007600850022,0.0140185788962387,-0.108510090617948,0.0227265972558147,0.178217292495546,0.0257815008745946,0.0781622090606712
"fixed_design","RQR","upper",-0.236321737841571,0.0159635919425273,-0.108510090617948,0.0227265972558147,0.178217292495546,0.0257815008745946,0.0781622090606712
"fixed_design","RQR","upper",-0.23263587483312,0.01811549310981,-0.108510090617948,0.0227265972558147,0.178217292495546,0.0257815008745946,0.0781622090606712
"fixed_design","RQR","upper",-0.228950011824669,0.020405477953326,-0.108510090617948,0.0227265972558147,0.178217292495546,0.0257815008745946,0.0781622090606712
"fixed_design","RQR","upper",-0.225264148816218,0.0223053417495897,-0.108510090617948,0.0227265972558147,0.178217292495546,0.0257815008745946,0.0781622090606712
"fixed_design","RQR","upper",-0.221578285807767,0.0240754463712825,-0.108510090617948,0.0227265972558147,0.178217292495546,0.0257815008745946,0.0781622090606712
"fixed_design","RQR","upper",-0.217892422799316,0.0260878694522863,-0.108510090617948,0.0227265972558147,0.178217292495546,0.0257815008745946,0.0781622090606712
"fixed_design","RQR","upper",-0.214206559790865,0.0288535674710324,-0.108510090617948,0.0227265972558147,0.178217292495546,0.0257815008745946,0.0781622090606712
"fixed_design","RQR","upper",-0.210520696782414,0.0327059999023143,-0.108510090617948,0.0227265972558147,0.178217292495546,0.0257815008745946,0.0781622090606712
"fixed_design","RQR","upper",-0.206834833773963,0.0357029147007881,-0.108510090617948,0.0227265972558147,0.178217292495546,0.0257815008745946,0.0781622090606712
"fixed_design","RQR","upper",-0.203148970765512,0.0396457436193736,-0.108510090617948,0.0227265972558147,0.178217292495546,0.0257815008745946,0.0781622090606712
"fixed_design","RQR","upper",-0.199463107757061,0.0459808535177137,-0.108510090617948,0.0227265972558147,0.178217292495546,0.0257815008745946,0.0781622090606712
"fixed_design","RQR","upper",-0.19577724474861,0.0548982118740494,-0.108510090617948,0.0227265972558147,0.178217292495546,0.0257815008745946,0.0781622090606712
"fixed_design","RQR","upper",-0.192091381740159,0.0627811259048636,-0.108510090617948,0.0227265972558147,0.178217292495546,0.0257815008745946,0.0781622090606712
"fixed_design","RQR","upper",-0.188405518731708,0.0691178054568973,-0.108510090617948,0.0227265972558147,0.178217292495546,0.0257815008745946,0.0781622090606712
"fixed_design","RQR","upper",-0.184719655723257,0.0761962284877918,-0.108510090617948,0.0227265972558147,0.178217292495546,0.0257815008745946,0.0781622090606712
"fixed_design","RQR","upper",-0.181033792714806,0.0836236236504172,-0.108510090617948,0.0227265972558147,0.178217292495546,0.0257815008745946,0.0781622090606712
"fixed_design","RQR","upper",-0.177347929706355,0.0921845711588055,-0.108510090617948,0.0227265972558147,0.178217292495546,0.0257815008745946,0.0781622090606712
"fixed_design","RQR","upper",-0.173662066697905,0.104207841152173,-0.108510090617948,0.0227265972558147,0.178217292495546,0.0257815008745946,0.0781622090606712
"fixed_design","RQR","upper",-0.169976203689454,0.118724768319117,-0.108510090617948,0.0227265972558147,0.178217292495546,0.0257815008745946,0.0781622090606712
"fixed_design","RQR","upper",-0.166290340681003,0.132720448263944,-0.108510090617948,0.0227265972558147,0.178217292495546,0.0257815008745946,0.0781622090606712
"fixed_design","RQR","upper",-0.162604477672552,0.150872072696559,-0.108510090617948,0.0227265972558147,0.178217292495546,0.0257815008745946,0.0781622090606712
"fixed_design","RQR","upper",-0.158918614664101,0.170822606786004,-0.108510090617948,0.0227265972558147,0.178217292495546,0.0257815008745946,0.0781622090606712
"fixed_design","RQR","upper",-0.15523275165565,0.191202422301576,-0.108510090617948,0.0227265972558147,0.178217292495546,0.0257815008745946,0.0781622090606712
"fixed_design","RQR","upper",-0.151546888647199,0.215393096916718,-0.108510090617948,0.0227265972558147,0.178217292495546,0.0257815008745946,0.0781622090606712
"fixed_design","RQR","upper",-0.147861025638748,0.244013971482026,-0.108510090617948,0.0227265972558147,0.178217292495546,0.0257815008745946,0.0781622090606712
"fixed_design","RQR","upper",-0.144175162630297,0.275875919074728,-0.108510090617948,0.0227265972558147,0.178217292495546,0.0257815008745946,0.0781622090606712
"fixed_design","RQR","upper",-0.140489299621846,0.309881225257832,-0.108510090617948,0.0227265972558147,0.178217292495546,0.0257815008745946,0.0781622090606712
"fixed_design","RQR","upper",-0.136803436613395,0.344748774579326,-0.108510090617948,0.0227265972558147,0.178217292495546,0.0257815008745946,0.0781622090606712
"fixed_design","RQR","upper",-0.133117573604944,0.380553159568435,-0.108510090617948,0.0227265972558147,0.178217292495546,0.0257815008745946,0.0781622090606712
"fixed_design","RQR","upper",-0.129431710596493,0.42008475683055,-0.108510090617948,0.0227265972558147,0.178217292495546,0.0257815008745946,0.0781622090606712
"fixed_design","RQR","upper",-0.125745847588042,0.473817565414294,-0.108510090617948,0.0227265972558147,0.178217292495546,0.0257815008745946,0.0781622090606712
"fixed_design","RQR","upper",-0.122059984579591,0.529986080375073,-0.108510090617948,0.0227265972558147,0.178217292495546,0.0257815008745946,0.0781622090606712
"fixed_design","RQR","upper",-0.11837412157114,0.587374491373971,-0.108510090617948,0.0227265972558147,0.178217292495546,0.0257815008745946,0.0781622090606712
"fixed_design","RQR","upper",-0.114688258562689,0.657405460097975,-0.108510090617948,0.0227265972558147,0.178217292495546,0.0257815008745946,0.0781622090606712
"fixed_design","RQR","upper",-0.111002395554238,0.727948718669228,-0.108510090617948,0.0227265972558147,0.178217292495546,0.0257815008745946,0.0781622090606712
"fixed_design","RQR","upper",-0.107316532545787,0.805526858210283,-0.108510090617948,0.0227265972558147,0.178217292495546,0.0257815008745946,0.0781622090606712
"fixed_design","RQR","upper",-0.103630669537336,0.900649096434363,-0.108510090617948,0.0227265972558147,0.178217292495546,0.0257815008745946,0.0781622090606712
"fixed_design","RQR","upper",-0.0999448065288852,1.01269739064878,-0.108510090617948,0.0227265972558147,0.178217292495546,0.0257815008745946,0.0781622090606712
"fixed_design","RQR","upper",-0.0962589435204342,1.12242766318799,-0.108510090617948,0.0227265972558147,0.178217292495546,0.0257815008745946,0.0781622090606712
"fixed_design","RQR","upper",-0.0925730805119833,1.23327528309018,-0.108510090617948,0.0227265972558147,0.178217292495546,0.0257815008745946,0.0781622090606712
"fixed_design","RQR","upper",-0.0888872175035323,1.35278842968399,-0.108510090617948,0.0227265972558147,0.178217292495546,0.0257815008745946,0.0781622090606712
"fixed_design","RQR","upper",-0.0852013544950813,1.49067120190933,-0.108510090617948,0.0227265972558147,0.178217292495546,0.0257815008745946,0.0781622090606712
"fixed_design","RQR","upper",-0.0815154914866303,1.63331549369429,-0.108510090617948,0.0227265972558147,0.178217292495546,0.0257815008745946,0.0781622090606712
"fixed_design","RQR","upper",-0.0778296284781794,1.80056129337634,-0.108510090617948,0.0227265972558147,0.178217292495546,0.0257815008745946,0.0781622090606712
"fixed_design","RQR","upper",-0.0741437654697284,1.95166177155264,-0.108510090617948,0.0227265972558147,0.178217292495546,0.0257815008745946,0.0781622090606712
"fixed_design","RQR","upper",-0.0704579024612774,2.13800492913851,-0.108510090617948,0.0227265972558147,0.178217292495546,0.0257815008745946,0.0781622090606712
"fixed_design","RQR","upper",-0.0667720394528264,2.34506709850367,-0.108510090617948,0.0227265972558147,0.178217292495546,0.0257815008745946,0.0781622090606712
"fixed_design","RQR","upper",-0.0630861764443755,2.54914961394897,-0.108510090617948,0.0227265972558147,0.178217292495546,0.0257815008745946,0.0781622090606712
"fixed_design","RQR","upper",-0.0594003134359246,2.74409710514875,-0.108510090617948,0.0227265972558147,0.178217292495546,0.0257815008745946,0.0781622090606712
"fixed_design","RQR","upper",-0.0557144504274736,2.96010123356747,-0.108510090617948,0.0227265972558147,0.178217292495546,0.0257815008745946,0.0781622090606712
"fixed_design","RQR","upper",-0.0520285874190226,3.18684383709338,-0.108510090617948,0.0227265972558147,0.178217292495546,0.0257815008745946,0.0781622090606712
"fixed_design","RQR","upper",-0.0483427244105716,3.42195194556886,-0.108510090617948,0.0227265972558147,0.178217292495546,0.0257815008745946,0.0781622090606712
"fixed_design","RQR","upper",-0.0446568614021207,3.61558115484505,-0.108510090617948,0.0227265972558147,0.178217292495546,0.0257815008745946,0.0781622090606712
"fixed_design","RQR","upper",-0.0409709983936697,3.83214572479035,-0.108510090617948,0.0227265972558147,0.178217292495546,0.0257815008745946,0.0781622090606712
"fixed_design","RQR","upper",-0.0372851353852187,4.07101563558419,-0.108510090617948,0.0227265972558147,0.178217292495546,0.0257815008745946,0.0781622090606712
"fixed_design","RQR","upper",-0.0335992723767677,4.32190956411873,-0.108510090617948,0.0227265972558147,0.178217292495546,0.0257815008745946,0.0781622090606712
"fixed_design","RQR","upper",-0.0299134093683168,4.57701539827269,-0.108510090617948,0.0227265972558147,0.178217292495546,0.0257815008745946,0.0781622090606712
"fixed_design","RQR","upper",-0.0262275463598658,4.81275807257407,-0.108510090617948,0.0227265972558147,0.178217292495546,0.0257815008745946,0.0781622090606712
"fixed_design","RQR","upper",-0.0225416833514149,5.03731626742348,-0.108510090617948,0.0227265972558147,0.178217292495546,0.0257815008745946,0.0781622090606712
"fixed_design","RQR","upper",-0.0188558203429639,5.24844027466382,-0.108510090617948,0.0227265972558147,0.178217292495546,0.0257815008745946,0.0781622090606712
"fixed_design","RQR","upper",-0.0151699573345129,5.45086156389574,-0.108510090617948,0.0227265972558147,0.178217292495546,0.0257815008745946,0.0781622090606712
"fixed_design","RQR","upper",-0.011484094326062,5.63658285438983,-0.108510090617948,0.0227265972558147,0.178217292495546,0.0257815008745946,0.0781622090606712
"fixed_design","RQR","upper",-0.00779823131761098,5.8312666676657,-0.108510090617948,0.0227265972558147,0.178217292495546,0.0257815008745946,0.0781622090606712
"fixed_design","RQR","upper",-0.00411236830916001,6.00607795728464,-0.108510090617948,0.0227265972558147,0.178217292495546,0.0257815008745946,0.0781622090606712
"fixed_design","RQR","upper",-0.000426505300709035,6.16457673983454,-0.108510090617948,0.0227265972558147,0.178217292495546,0.0257815008745946,0.0781622090606712
"fixed_design","RQR","upper",0.00325935770774188,6.26645548704896,-0.108510090617948,0.0227265972558147,0.178217292495546,0.0257815008745946,0.0781622090606712
"fixed_design","RQR","upper",0.00694522071619286,6.34838922326342,-0.108510090617948,0.0227265972558147,0.178217292495546,0.0257815008745946,0.0781622090606712
"fixed_design","RQR","upper",0.0106310837246438,6.41602250543464,-0.108510090617948,0.0227265972558147,0.178217292495546,0.0257815008745946,0.0781622090606712
"fixed_design","RQR","upper",0.0143169467330948,6.44663408454657,-0.108510090617948,0.0227265972558147,0.178217292495546,0.0257815008745946,0.0781622090606712
"fixed_design","RQR","upper",0.0180028097415458,6.49608437430484,-0.108510090617948,0.0227265972558147,0.178217292495546,0.0257815008745946,0.0781622090606712
"fixed_design","RQR","upper",0.0216886727499968,6.51645868168971,-0.108510090617948,0.0227265972558147,0.178217292495546,0.0257815008745946,0.0781622090606712
"fixed_design","RQR","upper",0.0253745357584477,6.49250535967551,-0.108510090617948,0.0227265972558147,0.178217292495546,0.0257815008745946,0.0781622090606712
"fixed_design","RQR","upper",0.0290603987668987,6.41754853895711,-0.108510090617948,0.0227265972558147,0.178217292495546,0.0257815008745946,0.0781622090606712
"fixed_design","RQR","upper",0.0327462617753497,6.3287968009081,-0.108510090617948,0.0227265972558147,0.178217292495546,0.0257815008745946,0.0781622090606712
"fixed_design","RQR","upper",0.0364321247838006,6.23180703476958,-0.108510090617948,0.0227265972558147,0.178217292495546,0.0257815008745946,0.0781622090606712
"fixed_design","RQR","upper",0.0401179877922516,6.11795188198068,-0.108510090617948,0.0227265972558147,0.178217292495546,0.0257815008745946,0.0781622090606712
"fixed_design","RQR","upper",0.0438038508007026,5.99036270513367,-0.108510090617948,0.0227265972558147,0.178217292495546,0.0257815008745946,0.0781622090606712
"fixed_design","RQR","upper",0.0474897138091536,5.83858305445203,-0.108510090617948,0.0227265972558147,0.178217292495546,0.0257815008745946,0.0781622090606712
"fixed_design","RQR","upper",0.0511755768176044,5.66801296537073,-0.108510090617948,0.0227265972558147,0.178217292495546,0.0257815008745946,0.0781622090606712
"fixed_design","RQR","upper",0.0548614398260554,5.49502878520521,-0.108510090617948,0.0227265972558147,0.178217292495546,0.0257815008745946,0.0781622090606712
"fixed_design","RQR","upper",0.0585473028345064,5.31611310906608,-0.108510090617948,0.0227265972558147,0.178217292495546,0.0257815008745946,0.0781622090606712
"fixed_design","RQR","upper",0.0622331658429573,5.11818617122774,-0.108510090617948,0.0227265972558147,0.178217292495546,0.0257815008745946,0.0781622090606712
"fixed_design","RQR","upper",0.0659190288514083,4.90762056032563,-0.108510090617948,0.0227265972558147,0.178217292495546,0.0257815008745946,0.0781622090606712
"fixed_design","RQR","upper",0.0696048918598593,4.68818210242908,-0.108510090617948,0.0227265972558147,0.178217292495546,0.0257815008745946,0.0781622090606712
"fixed_design","RQR","upper",0.0732907548683103,4.47653972445267,-0.108510090617948,0.0227265972558147,0.178217292495546,0.0257815008745946,0.0781622090606712
"fixed_design","RQR","upper",0.0769766178767612,4.24205604876617,-0.108510090617948,0.0227265972558147,0.178217292495546,0.0257815008745946,0.0781622090606712
"fixed_design","RQR","upper",0.0806624808852122,4.01350267894048,-0.108510090617948,0.0227265972558147,0.178217292495546,0.0257815008745946,0.0781622090606712
"fixed_design","RQR","upper",0.0843483438936632,3.78684234614856,-0.108510090617948,0.0227265972558147,0.178217292495546,0.0257815008745946,0.0781622090606712
"fixed_design","RQR","upper",0.0880342069021142,3.54674908865984,-0.108510090617948,0.0227265972558147,0.178217292495546,0.0257815008745946,0.0781622090606712
"fixed_design","RQR","upper",0.0917200699105651,3.31283803847629,-0.108510090617948,0.0227265972558147,0.178217292495546,0.0257815008745946,0.0781622090606712
"fixed_design","RQR","upper",0.0954059329190161,3.09140470778644,-0.108510090617948,0.0227265972558147,0.178217292495546,0.0257815008745946,0.0781622090606712
"fixed_design","RQR","upper",0.0990917959274671,2.89593524583258,-0.108510090617948,0.0227265972558147,0.178217292495546,0.0257815008745946,0.0781622090606712
"fixed_design","RQR","upper",0.102777658935918,2.72003879199901,-0.108510090617948,0.0227265972558147,0.178217292495546,0.0257815008745946,0.0781622090606712
"fixed_design","RQR","upper",0.106463521944369,2.53548474549225,-0.108510090617948,0.0227265972558147,0.178217292495546,0.0257815008745946,0.0781622090606712
"fixed_design","RQR","upper",0.11014938495282,2.34741844226628,-0.108510090617948,0.0227265972558147,0.178217292495546,0.0257815008745946,0.0781622090606712
"fixed_design","RQR","upper",0.113835247961271,2.16561885538489,-0.108510090617948,0.0227265972558147,0.178217292495546,0.0257815008745946,0.0781622090606712
"fixed_design","RQR","upper",0.117521110969722,1.99978535709488,-0.108510090617948,0.0227265972558147,0.178217292495546,0.0257815008745946,0.0781622090606712
"fixed_design","RQR","upper",0.121206973978173,1.85198506921849,-0.108510090617948,0.0227265972558147,0.178217292495546,0.0257815008745946,0.0781622090606712
"fixed_design","RQR","upper",0.124892836986624,1.7103182382761,-0.108510090617948,0.0227265972558147,0.178217292495546,0.0257815008745946,0.0781622090606712
"fixed_design","RQR","upper",0.128578699995075,1.57515419789186,-0.108510090617948,0.0227265972558147,0.178217292495546,0.0257815008745946,0.0781622090606712
"fixed_design","RQR","upper",0.132264563003526,1.44945677880513,-0.108510090617948,0.0227265972558147,0.178217292495546,0.0257815008745946,0.0781622090606712
"fixed_design","RQR","upper",0.135950426011977,1.33811632077602,-0.108510090617948,0.0227265972558147,0.178217292495546,0.0257815008745946,0.0781622090606712
"fixed_design","RQR","upper",0.139636289020428,1.23419669408305,-0.108510090617948,0.0227265972558147,0.178217292495546,0.0257815008745946,0.0781622090606712
"fixed_design","RQR","upper",0.143322152028879,1.13357271682492,-0.108510090617948,0.0227265972558147,0.178217292495546,0.0257815008745946,0.0781622090606712
"fixed_design","RQR","upper",0.14700801503733,1.03042906572694,-0.108510090617948,0.0227265972558147,0.178217292495546,0.0257815008745946,0.0781622090606712
"fixed_design","RQR","upper",0.150693878045781,0.94063961252901,-0.108510090617948,0.0227265972558147,0.178217292495546,0.0257815008745946,0.0781622090606712
"fixed_design","RQR","upper",0.154379741054232,0.863887808544251,-0.108510090617948,0.0227265972558147,0.178217292495546,0.0257815008745946,0.0781622090606712
"fixed_design","RQR","upper",0.158065604062683,0.795321124680942,-0.108510090617948,0.0227265972558147,0.178217292495546,0.0257815008745946,0.0781622090606712
"fixed_design","RQR","upper",0.161751467071134,0.735221789632011,-0.108510090617948,0.0227265972558147,0.178217292495546,0.0257815008745946,0.0781622090606712
"fixed_design","RQR","upper",0.165437330079584,0.679564618698039,-0.108510090617948,0.0227265972558147,0.178217292495546,0.0257815008745946,0.0781622090606712
"fixed_design","RQR","upper",0.169123193088035,0.623927275563517,-0.108510090617948,0.0227265972558147,0.178217292495546,0.0257815008745946,0.0781622090606712
"fixed_design","RQR","upper",0.172809056096486,0.570451236749772,-0.108510090617948,0.0227265972558147,0.178217292495546,0.0257815008745946,0.0781622090606712
"fixed_design","RQR","upper",0.176494919104937,0.522485704682084,-0.108510090617948,0.0227265972558147,0.178217292495546,0.0257815008745946,0.0781622090606712
"fixed_design","RQR","upper",0.180180782113388,0.478775675403091,-0.108510090617948,0.0227265972558147,0.178217292495546,0.0257815008745946,0.0781622090606712
"fixed_design","RQR","upper",0.183866645121839,0.442860678245552,-0.108510090617948,0.0227265972558147,0.178217292495546,0.0257815008745946,0.0781622090606712
"fixed_design","RQR","upper",0.18755250813029,0.410859178937524,-0.108510090617948,0.0227265972558147,0.178217292495546,0.0257815008745946,0.0781622090606712
"fixed_design","RQR","upper",0.191238371138741,0.379956191379842,-0.108510090617948,0.0227265972558147,0.178217292495546,0.0257815008745946,0.0781622090606712
"fixed_design","RQR","upper",0.194924234147192,0.354191763833334,-0.108510090617948,0.0227265972558147,0.178217292495546,0.0257815008745946,0.0781622090606712
"fixed_design","RQR","upper",0.198610097155643,0.330547133422581,-0.108510090617948,0.0227265972558147,0.178217292495546,0.0257815008745946,0.0781622090606712
"fixed_design","RQR","upper",0.202295960164094,0.302967368631462,-0.108510090617948,0.0227265972558147,0.178217292495546,0.0257815008745946,0.0781622090606712
"fixed_design","RQR","upper",0.205981823172545,0.273209171510296,-0.108510090617948,0.0227265972558147,0.178217292495546,0.0257815008745946,0.0781622090606712
"fixed_design","RQR","upper",0.209667686180996,0.248901326717027,-0.108510090617948,0.0227265972558147,0.178217292495546,0.0257815008745946,0.0781622090606712
"fixed_design","RQR","upper",0.213353549189447,0.22829564681907,-0.108510090617948,0.0227265972558147,0.178217292495546,0.0257815008745946,0.0781622090606712
"fixed_design","RQR","upper",0.217039412197898,0.209365610232086,-0.108510090617948,0.0227265972558147,0.178217292495546,0.0257815008745946,0.0781622090606712
"fixed_design","RQR","upper",0.220725275206349,0.194029949140452,-0.108510090617948,0.0227265972558147,0.178217292495546,0.0257815008745946,0.0781622090606712
"fixed_design","RQR","upper",0.2244111382148,0.18038740613082,-0.108510090617948,0.0227265972558147,0.178217292495546,0.0257815008745946,0.0781622090606712
"fixed_design","RQR","upper",0.228097001223251,0.167302611983574,-0.108510090617948,0.0227265972558147,0.178217292495546,0.0257815008745946,0.0781622090606712
"fixed_design","RQR","upper",0.231782864231702,0.153485044096525,-0.108510090617948,0.0227265972558147,0.178217292495546,0.0257815008745946,0.0781622090606712
"fixed_design","RQR","upper",0.235468727240153,0.140947301206032,-0.108510090617948,0.0227265972558147,0.178217292495546,0.0257815008745946,0.0781622090606712
"fixed_design","RQR","upper",0.239154590248604,0.131858239465481,-0.108510090617948,0.0227265972558147,0.178217292495546,0.0257815008745946,0.0781622090606712
"fixed_design","RQR","upper",0.242840453257055,0.125185717196561,-0.108510090617948,0.0227265972558147,0.178217292495546,0.0257815008745946,0.0781622090606712
"fixed_design","RQR","upper",0.246526316265506,0.117423491518086,-0.108510090617948,0.0227265972558147,0.178217292495546,0.0257815008745946,0.0781622090606712
"fixed_design","RQR","upper",0.250212179273957,0.109370323161779,-0.108510090617948,0.0227265972558147,0.178217292495546,0.0257815008745946,0.0781622090606712
"fixed_design","RQR","upper",0.253898042282408,0.102015834965954,-0.108510090617948,0.0227265972558147,0.178217292495546,0.0257815008745946,0.0781622090606712
"fixed_design","RQR","upper",0.257583905290859,0.0964574012645543,-0.108510090617948,0.0227265972558147,0.178217292495546,0.0257815008745946,0.0781622090606712
"fixed_design","RQR","upper",0.26126976829931,0.0908386146964829,-0.108510090617948,0.0227265972558147,0.178217292495546,0.0257815008745946,0.0781622090606712
"fixed_design","RQR","upper",0.264955631307761,0.0845002777450922,-0.108510090617948,0.0227265972558147,0.178217292495546,0.0257815008745946,0.0781622090606712
"fixed_design","RQR","upper",0.268641494316212,0.0786535037485181,-0.108510090617948,0.0227265972558147,0.178217292495546,0.0257815008745946,0.0781622090606712
"fixed_design","RQR","upper",0.272327357324663,0.0739181305285711,-0.108510090617948,0.0227265972558147,0.178217292495546,0.0257815008745946,0.0781622090606712
"fixed_design","RQR","upper",0.276013220333113,0.0696883874190522,-0.108510090617948,0.0227265972558147,0.178217292495546,0.0257815008745946,0.0781622090606712
"fixed_design","RQR","upper",0.279699083341564,0.0660874097582411,-0.108510090617948,0.0227265972558147,0.178217292495546,0.0257815008745946,0.0781622090606712
"fixed_design","RQR","upper",0.283384946350015,0.0619449681523692,-0.108510090617948,0.0227265972558147,0.178217292495546,0.0257815008745946,0.0781622090606712
"fixed_design","RQR","upper",0.287070809358466,0.0578766854151472,-0.108510090617948,0.0227265972558147,0.178217292495546,0.0257815008745946,0.0781622090606712
"fixed_design","RQR","upper",0.290756672366917,0.053769261933766,-0.108510090617948,0.0227265972558147,0.178217292495546,0.0257815008745946,0.0781622090606712
"fixed_design","RQR","upper",0.294442535375368,0.0510724037864349,-0.108510090617948,0.0227265972558147,0.178217292495546,0.0257815008745946,0.0781622090606712
"fixed_design","RQR","upper",0.298128398383819,0.0482669079538392,-0.108510090617948,0.0227265972558147,0.178217292495546,0.0257815008745946,0.0781622090606712
"fixed_design","RQR","upper",0.30181426139227,0.0454590365135294,-0.108510090617948,0.0227265972558147,0.178217292495546,0.0257815008745946,0.0781622090606712
"fixed_design","RQR","upper",0.305500124400721,0.0431074242666441,-0.108510090617948,0.0227265972558147,0.178217292495546,0.0257815008745946,0.0781622090606712
"fixed_design","RQR","upper",0.309185987409172,0.0413449411126061,-0.108510090617948,0.0227265972558147,0.178217292495546,0.0257815008745946,0.0781622090606712
"fixed_design","RQR","upper",0.312871850417623,0.0394867572279538,-0.108510090617948,0.0227265972558147,0.178217292495546,0.0257815008745946,0.0781622090606712
"fixed_design","RQR","upper",0.316557713426074,0.037280796659909,-0.108510090617948,0.0227265972558147,0.178217292495546,0.0257815008745946,0.0781622090606712
"fixed_design","RQR","upper",0.320243576434525,0.0361335589575973,-0.108510090617948,0.0227265972558147,0.178217292495546,0.0257815008745946,0.0781622090606712
"fixed_design","RQR","upper",0.323929439442976,0.0348552985910417,-0.108510090617948,0.0227265972558147,0.178217292495546,0.0257815008745946,0.0781622090606712
"fixed_design","RQR","upper",0.327615302451427,0.0323334691574753,-0.108510090617948,0.0227265972558147,0.178217292495546,0.0257815008745946,0.0781622090606712
"fixed_design","RQR","upper",0.331301165459878,0.0312737806787514,-0.108510090617948,0.0227265972558147,0.178217292495546,0.0257815008745946,0.0781622090606712
"fixed_design","RQR","upper",0.334987028468329,0.0305083843068533,-0.108510090617948,0.0227265972558147,0.178217292495546,0.0257815008745946,0.0781622090606712
"fixed_design","RQR","upper",0.33867289147678,0.0291044267922241,-0.108510090617948,0.0227265972558147,0.178217292495546,0.0257815008745946,0.0781622090606712
"fixed_design","RQR","upper",0.342358754485231,0.0274483833354111,-0.108510090617948,0.0227265972558147,0.178217292495546,0.0257815008745946,0.0781622090606712
"fixed_design","RQR","upper",0.346044617493682,0.0257830136503575,-0.108510090617948,0.0227265972558147,0.178217292495546,0.0257815008745946,0.0781622090606712
"fixed_design","RQR","upper",0.349730480502133,0.0243026327053833,-0.108510090617948,0.0227265972558147,0.178217292495546,0.0257815008745946,0.0781622090606712
"fixed_design","RQR","upper",0.353416343510584,0.0233690254663246,-0.108510090617948,0.0227265972558147,0.178217292495546,0.0257815008745946,0.0781622090606712
"fixed_design","RQR","upper",0.357102206519035,0.0225686381073297,-0.108510090617948,0.0227265972558147,0.178217292495546,0.0257815008745946,0.0781622090606712
"fixed_design","RQR","upper",0.360788069527486,0.0219102628538579,-0.108510090617948,0.0227265972558147,0.178217292495546,0.0257815008745946,0.0781622090606712
"fixed_design","RQR","upper",0.364473932535937,0.0210450400881091,-0.108510090617948,0.0227265972558147,0.178217292495546,0.0257815008745946,0.0781622090606712
"fixed_design","RQR","upper",0.368159795544388,0.0200880430112963,-0.108510090617948,0.0227265972558147,0.178217292495546,0.0257815008745946,0.0781622090606712
"fixed_design","RQR","upper",0.371845658552839,0.0189450653356672,-0.108510090617948,0.0227265972558147,0.178217292495546,0.0257815008745946,0.0781622090606712
"fixed_design","RQR","upper",0.37553152156129,0.0181311365502507,-0.108510090617948,0.0227265972558147,0.178217292495546,0.0257815008745946,0.0781622090606712
"fixed_design","RQR","upper",0.379217384569741,0.0174065563875534,-0.108510090617948,0.0227265972558147,0.178217292495546,0.0257815008745946,0.0781622090606712
"fixed_design","RQR","upper",0.382903247578191,0.0169200752206743,-0.108510090617948,0.0227265972558147,0.178217292495546,0.0257815008745946,0.0781622090606712
"fixed_design","RQR","upper",0.386589110586642,0.0162278977256644,-0.108510090617948,0.0227265972558147,0.178217292495546,0.0257815008745946,0.0781622090606712
"fixed_design","RQR","upper",0.390274973595093,0.0156958488231418,-0.108510090617948,0.0227265972558147,0.178217292495546,0.0257815008745946,0.0781622090606712
"fixed_design","RQR","upper",0.393960836603544,0.0149506332336297,-0.108510090617948,0.0227265972558147,0.178217292495546,0.0257815008745946,0.0781622090606712
"fixed_design","RQR","upper",0.397646699611995,0.0141262982870357,-0.108510090617948,0.0227265972558147,0.178217292495546,0.0257815008745946,0.0781622090606712
"fixed_design","RQR","upper",0.401332562620446,0.0134924338082555,-0.108510090617948,0.0227265972558147,0.178217292495546,0.0257815008745946,0.0781622090606712
"fixed_design","RQR","upper",0.405018425628897,0.013001119621561,-0.108510090617948,0.0227265972558147,0.178217292495546,0.0257815008745946,0.0781622090606712
"fixed_design","RQR","upper",0.408704288637348,0.0126177866868729,-0.108510090617948,0.0227265972558147,0.178217292495546,0.0257815008745946,0.0781622090606712
"fixed_design","RQR","upper",0.412390151645799,0.0123635695723808,-0.108510090617948,0.0227265972558147,0.178217292495546,0.0257815008745946,0.0781622090606712
"fixed_design","RQR","upper",0.41607601465425,0.0120416823127891,-0.108510090617948,0.0227265972558147,0.178217292495546,0.0257815008745946,0.0781622090606712
"fixed_design","RQR","upper",0.419761877662701,0.01165731028192,-0.108510090617948,0.0227265972558147,0.178217292495546,0.0257815008745946,0.0781622090606712
"fixed_design","RQR","upper",0.423447740671152,0.0111215772785471,-0.108510090617948,0.0227265972558147,0.178217292495546,0.0257815008745946,0.0781622090606712
"fixed_design","RQR","upper",0.427133603679603,0.0106096300992679,-0.108510090617948,0.0227265972558147,0.178217292495546,0.0257815008745946,0.0781622090606712
"fixed_design","RQR","upper",0.430819466688054,0.0101418091396276,-0.108510090617948,0.0227265972558147,0.178217292495546,0.0257815008745946,0.0781622090606712
"fixed_design","RQR","upper",0.434505329696505,0.00983121716083092,-0.108510090617948,0.0227265972558147,0.178217292495546,0.0257815008745946,0.0781622090606712
"fixed_design","RQR","upper",0.438191192704956,0.00958346181056968,-0.108510090617948,0.0227265972558147,0.178217292495546,0.0257815008745946,0.0781622090606712
"fixed_design","RQR","upper",0.441877055713407,0.00933029012088889,-0.108510090617948,0.0227265972558147,0.178217292495546,0.0257815008745946,0.0781622090606712
"fixed_design","RQR","upper",0.445562918721858,0.00901106129846507,-0.108510090617948,0.0227265972558147,0.178217292495546,0.0257815008745946,0.0781622090606712
"fixed_design","RQR","upper",0.449248781730309,0.0088770481175206,-0.108510090617948,0.0227265972558147,0.178217292495546,0.0257815008745946,0.0781622090606712
"fixed_design","RQR","upper",0.45293464473876,0.00869904364989213,-0.108510090617948,0.0227265972558147,0.178217292495546,0.0257815008745946,0.0781622090606712
"fixed_design","RQR","upper",0.456620507747211,0.00838805127244187,-0.108510090617948,0.0227265972558147,0.178217292495546,0.0257815008745946,0.0781622090606712
"fixed_design","RQR","upper",0.460306370755662,0.00812745670703786,-0.108510090617948,0.0227265972558147,0.178217292495546,0.0257815008745946,0.0781622090606712
"fixed_design","RQR","upper",0.463992233764113,0.00788543475628348,-0.108510090617948,0.0227265972558147,0.178217292495546,0.0257815008745946,0.0781622090606712
"fixed_design","RQR","upper",0.467678096772564,0.00754120987583033,-0.108510090617948,0.0227265972558147,0.178217292495546,0.0257815008745946,0.0781622090606712
"fixed_design","RQR","upper",0.471363959781015,0.0071636002065077,-0.108510090617948,0.0227265972558147,0.178217292495546,0.0257815008745946,0.0781622090606712
"fixed_design","RQR","upper",0.475049822789466,0.00688084018585534,-0.108510090617948,0.0227265972558147,0.178217292495546,0.0257815008745946,0.0781622090606712
"fixed_design","RQR","upper",0.478735685797917,0.00669101229764045,-0.108510090617948,0.0227265972558147,0.178217292495546,0.0257815008745946,0.0781622090606712
"fixed_design","RQR","upper",0.482421548806368,0.00646426876524453,-0.108510090617948,0.0227265972558147,0.178217292495546,0.0257815008745946,0.0781622090606712
"fixed_design","RQR","upper",0.486107411814819,0.00626136795546006,-0.108510090617948,0.0227265972558147,0.178217292495546,0.0257815008745946,0.0781622090606712
"fixed_design","RQR","upper",0.48979327482327,0.00614353775886741,-0.108510090617948,0.0227265972558147,0.178217292495546,0.0257815008745946,0.0781622090606712
"fixed_design","RQR","upper",0.49347913783172,0.00582977207082636,-0.108510090617948,0.0227265972558147,0.178217292495546,0.0257815008745946,0.0781622090606712
"fixed_design","RQR","upper",0.497165000840171,0.0055526529238389,-0.108510090617948,0.0227265972558147,0.178217292495546,0.0257815008745946,0.0781622090606712
"fixed_design","RQR","upper",0.500850863848622,0.00543652167501522,-0.108510090617948,0.0227265972558147,0.178217292495546,0.0257815008745946,0.0781622090606712
"fixed_design","RQR","upper",0.504536726857073,0.00528787179767728,-0.108510090617948,0.0227265972558147,0.178217292495546,0.0257815008745946,0.0781622090606712
"fixed_design","RQR","upper",0.508222589865524,0.005062314526429,-0.108510090617948,0.0227265972558147,0.178217292495546,0.0257815008745946,0.0781622090606712
"fixed_design","RQR","upper",0.511908452873975,0.00487912706356581,-0.108510090617948,0.0227265972558147,0.178217292495546,0.0257815008745946,0.0781622090606712
"fixed_design","RQR","upper",0.515594315882426,0.00472260980329705,-0.108510090617948,0.0227265972558147,0.178217292495546,0.0257815008745946,0.0781622090606712
"fixed_design","RQR","upper",0.519280178890877,0.00457379312675286,-0.108510090617948,0.0227265972558147,0.178217292495546,0.0257815008745946,0.0781622090606712
"fixed_design","RQR","upper",0.522966041899328,0.00444847508347455,-0.108510090617948,0.0227265972558147,0.178217292495546,0.0257815008745946,0.0781622090606712
"fixed_design","RQR","upper",0.526651904907779,0.00430946188078477,-0.108510090617948,0.0227265972558147,0.178217292495546,0.0257815008745946,0.0781622090606712
"fixed_design","RQR","upper",0.53033776791623,0.00420238022372306,-0.108510090617948,0.0227265972558147,0.178217292495546,0.0257815008745946,0.0781622090606712
"fixed_design","RQR","upper",0.534023630924681,0.00406587632378309,-0.108510090617948,0.0227265972558147,0.178217292495546,0.0257815008745946,0.0781622090606712
"fixed_design","RQR","upper",0.537709493933132,0.00394148906393642,-0.108510090617948,0.0227265972558147,0.178217292495546,0.0257815008745946,0.0781622090606712
"fixed_design","RQR","upper",0.541395356941583,0.00380958564185381,-0.108510090617948,0.0227265972558147,0.178217292495546,0.0257815008745946,0.0781622090606712
"fixed_design","RQR","upper",0.545081219950034,0.00374145243663885,-0.108510090617948,0.0227265972558147,0.178217292495546,0.0257815008745946,0.0781622090606712
"fixed_design","RQR","upper",0.548767082958485,0.00360919322219259,-0.108510090617948,0.0227265972558147,0.178217292495546,0.0257815008745946,0.0781622090606712
"fixed_design","RQR","upper",0.552452945966936,0.00352794166178781,-0.108510090617948,0.0227265972558147,0.178217292495546,0.0257815008745946,0.0781622090606712
"fixed_design","RQR","upper",0.556138808975387,0.00340744439331714,-0.108510090617948,0.0227265972558147,0.178217292495546,0.0257815008745946,0.0781622090606712
"fixed_design","RQR","upper",0.559824671983838,0.00331387476948877,-0.108510090617948,0.0227265972558147,0.178217292495546,0.0257815008745946,0.0781622090606712
"fixed_design","RQR","upper",0.563510534992289,0.00322223291358645,-0.108510090617948,0.0227265972558147,0.178217292495546,0.0257815008745946,0.0781622090606712
"fixed_design","RQR","upper",0.56719639800074,0.00314578851269225,-0.108510090617948,0.0227265972558147,0.178217292495546,0.0257815008745946,0.0781622090606712
"fixed_design","RQR","upper",0.570882261009191,0.00303428867705172,-0.108510090617948,0.0227265972558147,0.178217292495546,0.0257815008745946,0.0781622090606712
"fixed_design","RQR","upper",0.574568124017642,0.00293976485167363,-0.108510090617948,0.0227265972558147,0.178217292495546,0.0257815008745946,0.0781622090606712
"fixed_design","RQR","upper",0.578253987026093,0.00285267784152983,-0.108510090617948,0.0227265972558147,0.178217292495546,0.0257815008745946,0.0781622090606712
"fixed_design","RQR","upper",0.581939850034544,0.00273086600660591,-0.108510090617948,0.0227265972558147,0.178217292495546,0.0257815008745946,0.0781622090606712
"fixed_design","RQR","upper",0.585625713042995,0.00264230998817848,-0.108510090617948,0.0227265972558147,0.178217292495546,0.0257815008745946,0.0781622090606712
"fixed_design","RQR","upper",0.589311576051446,0.00253928874522058,-0.108510090617948,0.0227265972558147,0.178217292495546,0.0257815008745946,0.0781622090606712
"fixed_design","RQR","upper",0.592997439059897,0.00247795998042579,-0.108510090617948,0.0227265972558147,0.178217292495546,0.0257815008745946,0.0781622090606712
"fixed_design","RQR","upper",0.596683302068348,0.00238552854766123,-0.108510090617948,0.0227265972558147,0.178217292495546,0.0257815008745946,0.0781622090606712
"fixed_design","RQR","upper",0.600369165076799,0.00232533910144082,-0.108510090617948,0.0227265972558147,0.178217292495546,0.0257815008745946,0.0781622090606712
"fixed_design","RQR","upper",0.604055028085249,0.00223898013234973,-0.108510090617948,0.0227265972558147,0.178217292495546,0.0257815008745946,0.0781622090606712
"fixed_design","RQR","upper",0.607740891093701,0.00220691550971891,-0.108510090617948,0.0227265972558147,0.178217292495546,0.0257815008745946,0.0781622090606712
"fixed_design","RQR","upper",0.611426754102151,0.0021201105737516,-0.108510090617948,0.0227265972558147,0.178217292495546,0.0257815008745946,0.0781622090606712
"fixed_design","RQR","upper",0.615112617110602,0.00207440649909303,-0.108510090617948,0.0227265972558147,0.178217292495546,0.0257815008745946,0.0781622090606712
"fixed_design","RQR","upper",0.618798480119053,0.00199329951489182,-0.108510090617948,0.0227265972558147,0.178217292495546,0.0257815008745946,0.0781622090606712
"fixed_design","RQR","upper",0.622484343127504,0.00194932421547212,-0.108510090617948,0.0227265972558147,0.178217292495546,0.0257815008745946,0.0781622090606712
"fixed_design","RQR","upper",0.626170206135955,0.00187660601885324,-0.108510090617948,0.0227265972558147,0.178217292495546,0.0257815008745946,0.0781622090606712
"fixed_design","RQR","upper",0.629856069144406,0.00179613970034634,-0.108510090617948,0.0227265972558147,0.178217292495546,0.0257815008745946,0.0781622090606712
"fixed_design","RQR","upper",0.633541932152857,0.00173495622658302,-0.108510090617948,0.0227265972558147,0.178217292495546,0.0257815008745946,0.0781622090606712
"fixed_design","RQR","upper",0.637227795161308,0.0016908307003898,-0.108510090617948,0.0227265972558147,0.178217292495546,0.0257815008745946,0.0781622090606712
"fixed_design","RQR","upper",0.640913658169759,0.00162486601938939,-0.108510090617948,0.0227265972558147,0.178217292495546,0.0257815008745946,0.0781622090606712
"fixed_design","RQR","upper",0.64459952117821,0.00159061318258567,-0.108510090617948,0.0227265972558147,0.178217292495546,0.0257815008745946,0.0781622090606712
"fixed_design","RQR","upper",0.648285384186661,0.00154289785706259,-0.108510090617948,0.0227265972558147,0.178217292495546,0.0257815008745946,0.0781622090606712
"fixed_design","RQR","upper",0.651971247195112,0.00149858172657419,-0.108510090617948,0.0227265972558147,0.178217292495546,0.0257815008745946,0.0781622090606712
"fixed_design","RQR","upper",0.655657110203563,0.00144841248198872,-0.108510090617948,0.0227265972558147,0.178217292495546,0.0257815008745946,0.0781622090606712
"fixed_design","RQR","upper",0.659342973212014,0.00141011884089327,-0.108510090617948,0.0227265972558147,0.178217292495546,0.0257815008745946,0.0781622090606712
"fixed_design","RQR","upper",0.663028836220465,0.00138051253403548,-0.108510090617948,0.0227265972558147,0.178217292495546,0.0257815008745946,0.0781622090606712
"fixed_design","RQR","upper",0.666714699228916,0.0013322815323269,-0.108510090617948,0.0227265972558147,0.178217292495546,0.0257815008745946,0.0781622090606712
"fixed_design","RQR","upper",0.670400562237367,0.00129297043392071,-0.108510090617948,0.0227265972558147,0.178217292495546,0.0257815008745946,0.0781622090606712
"fixed_design","RQR","upper",0.674086425245818,0.00127543835962896,-0.108510090617948,0.0227265972558147,0.178217292495546,0.0257815008745946,0.0781622090606712
"fixed_design","RQR","upper",0.677772288254269,0.00123285728143444,-0.108510090617948,0.0227265972558147,0.178217292495546,0.0257815008745946,0.0781622090606712
"fixed_design","RQR","upper",0.68145815126272,0.00120412206246952,-0.108510090617948,0.0227265972558147,0.178217292495546,0.0257815008745946,0.0781622090606712
"fixed_design","RQR","upper",0.685144014271171,0.00117418914818563,-0.108510090617948,0.0227265972558147,0.178217292495546,0.0257815008745946,0.0781622090606712
"fixed_design","RQR","upper",0.688829877279622,0.0011310454937552,-0.108510090617948,0.0227265972558147,0.178217292495546,0.0257815008745946,0.0781622090606712
"fixed_design","RQR","upper",0.692515740288073,0.00108132577969019,-0.108510090617948,0.0227265972558147,0.178217292495546,0.0257815008745946,0.0781622090606712
"fixed_design","RQR","upper",0.696201603296524,0.00105524610061866,-0.108510090617948,0.0227265972558147,0.178217292495546,0.0257815008745946,0.0781622090606712
"fixed_design","RQR","upper",0.699887466304975,0.00101931197943506,-0.108510090617948,0.0227265972558147,0.178217292495546,0.0257815008745946,0.0781622090606712
"fixed_design","RQR","upper",0.703573329313426,0.000970219199186955,-0.108510090617948,0.0227265972558147,0.178217292495546,0.0257815008745946,0.0781622090606712
"fixed_design","RQR","upper",0.707259192321877,0.000954827586008963,-0.108510090617948,0.0227265972558147,0.178217292495546,0.0257815008745946,0.0781622090606712
"fixed_design","RQR","upper",0.710945055330328,0.000904556598179834,-0.108510090617948,0.0227265972558147,0.178217292495546,0.0257815008745946,0.0781622090606712
"fixed_design","RQR","upper",0.714630918338778,0.000868760581876518,-0.108510090617948,0.0227265972558147,0.178217292495546,0.0257815008745946,0.0781622090606712
"fixed_design","RQR","upper",0.71831678134723,0.000845917543513009,-0.108510090617948,0.0227265972558147,0.178217292495546,0.0257815008745946,0.0781622090606712
"fixed_design","RQR","upper",0.72200264435568,0.00081743067690832,-0.108510090617948,0.0227265972558147,0.178217292495546,0.0257815008745946,0.0781622090606712
"fixed_design","RQR","upper",0.725688507364131,0.000804921079653604,-0.108510090617948,0.0227265972558147,0.178217292495546,0.0257815008745946,0.0781622090606712
"fixed_design","RQR","upper",0.729374370372582,0.000768782653434207,-0.108510090617948,0.0227265972558147,0.178217292495546,0.0257815008745946,0.0781622090606712
"fixed_design","RQR","upper",0.733060233381033,0.000741656907636841,-0.108510090617948,0.0227265972558147,0.178217292495546,0.0257815008745946,0.0781622090606712
"fixed_design","RQR","upper",0.736746096389484,0.000723472305467736,-0.108510090617948,0.0227265972558147,0.178217292495546,0.0257815008745946,0.0781622090606712
"fixed_design","RQR","upper",0.740431959397935,0.000702894174522025,-0.108510090617948,0.0227265972558147,0.178217292495546,0.0257815008745946,0.0781622090606712
"fixed_design","RQR","upper",0.744117822406386,0.000685886521339972,-0.108510090617948,0.0227265972558147,0.178217292495546,0.0257815008745946,0.0781622090606712
"fixed_design","RQR","upper",0.747803685414837,0.000666103448574121,-0.108510090617948,0.0227265972558147,0.178217292495546,0.0257815008745946,0.0781622090606712
"fixed_design","RQR","upper",0.751489548423288,0.000650971011450094,-0.108510090617948,0.0227265972558147,0.178217292495546,0.0257815008745946,0.0781622090606712
"fixed_design","RQR","upper",0.755175411431739,0.000633075253133124,-0.108510090617948,0.0227265972558147,0.178217292495546,0.0257815008745946,0.0781622090606712
"fixed_design","RQR","upper",0.75886127444019,0.000614832971258946,-0.108510090617948,0.0227265972558147,0.178217292495546,0.0257815008745946,0.0781622090606712
"fixed_design","RQR","upper",0.762547137448641,0.000593920001148071,-0.108510090617948,0.0227265972558147,0.178217292495546,0.0257815008745946,0.0781622090606712
"fixed_design","RQR","upper",0.766233000457092,0.000572571940528919,-0.108510090617948,0.0227265972558147,0.178217292495546,0.0257815008745946,0.0781622090606712
"fixed_design","RQR","upper",0.769918863465543,0.000560189565175488,-0.108510090617948,0.0227265972558147,0.178217292495546,0.0257815008745946,0.0781622090606712
"fixed_design","RQR","upper",0.773604726473994,0.000524625905159754,-0.108510090617948,0.0227265972558147,0.178217292495546,0.0257815008745946,0.0781622090606712
"fixed_design","RQR","upper",0.777290589482445,0.000528354057321513,-0.108510090617948,0.0227265972558147,0.178217292495546,0.0257815008745946,0.0781622090606712
"fixed_design","RQR","upper",0.780976452490896,0.000501351202076476,-0.108510090617948,0.0227265972558147,0.178217292495546,0.0257815008745946,0.0781622090606712
"fixed_design","RQR","upper",0.784662315499347,0.000499271740365328,-0.108510090617948,0.0227265972558147,0.178217292495546,0.0257815008745946,0.0781622090606712
"fixed_design","RQR","upper",0.788348178507798,0.000469940499265416,-0.108510090617948,0.0227265972558147,0.178217292495546,0.0257815008745946,0.0781622090606712
"fixed_design","RQR","upper",0.792034041516249,0.000463574669760123,-0.108510090617948,0.0227265972558147,0.178217292495546,0.0257815008745946,0.0781622090606712
"fixed_design","RQR","upper",0.7957199045247,0.000444455874225565,-0.108510090617948,0.0227265972558147,0.178217292495546,0.0257815008745946,0.0781622090606712
"fixed_design","RQR","upper",0.799405767533151,0.000433456376168695,-0.108510090617948,0.0227265972558147,0.178217292495546,0.0257815008745946,0.0781622090606712
"fixed_design","RQR","upper",0.803091630541602,0.000421079970672501,-0.108510090617948,0.0227265972558147,0.178217292495546,0.0257815008745946,0.0781622090606712
"fixed_design","RQR","upper",0.806777493550053,0.000404962617314428,-0.108510090617948,0.0227265972558147,0.178217292495546,0.0257815008745946,0.0781622090606712
"fixed_design","RQR","upper",0.810463356558504,0.000392400574086853,-0.108510090617948,0.0227265972558147,0.178217292495546,0.0257815008745946,0.0781622090606712
"fixed_design","RQR","upper",0.814149219566955,0.000384843420173712,-0.108510090617948,0.0227265972558147,0.178217292495546,0.0257815008745946,0.0781622090606712
"fixed_design","RQR","upper",0.817835082575406,0.000374195481695368,-0.108510090617948,0.0227265972558147,0.178217292495546,0.0257815008745946,0.0781622090606712
"fixed_design","RQR","upper",0.821520945583857,0.000362315077799964,-0.108510090617948,0.0227265972558147,0.178217292495546,0.0257815008745946,0.0781622090606712
"fixed_design","RQR","upper",0.825206808592308,0.000341524704353705,-0.108510090617948,0.0227265972558147,0.178217292495546,0.0257815008745946,0.0781622090606712
"fixed_design","RQR","upper",0.828892671600759,0.000332455051641023,-0.108510090617948,0.0227265972558147,0.178217292495546,0.0257815008745946,0.0781622090606712
"fixed_design","RQR","upper",0.83257853460921,0.000312035038524428,-0.108510090617948,0.0227265972558147,0.178217292495546,0.0257815008745946,0.0781622090606712
"fixed_design","RQR","upper",0.83626439761766,0.000321797063099426,-0.108510090617948,0.0227265972558147,0.178217292495546,0.0257815008745946,0.0781622090606712
"fixed_design","RQR","upper",0.839950260626111,0.000291429239393819,-0.108510090617948,0.0227265972558147,0.178217292495546,0.0257815008745946,0.0781622090606712
"fixed_design","RQR","upper",0.843636123634562,0.000296321970658174,-0.108510090617948,0.0227265972558147,0.178217292495546,0.0257815008745946,0.0781622090606712
"fixed_design","RQR","upper",0.847321986643013,0.00026407087572942,-0.108510090617948,0.0227265972558147,0.178217292495546,0.0257815008745946,0.0781622090606712
"fixed_design","RQR","upper",0.851007849651464,0.000270568235287306,-0.108510090617948,0.0227265972558147,0.178217292495546,0.0257815008745946,0.0781622090606712
"fixed_design","RQR","upper",0.854693712659915,0.000245904661059686,-0.108510090617948,0.0227265972558147,0.178217292495546,0.0257815008745946,0.0781622090606712
"fixed_design","RQR","upper",0.858379575668366,0.000243282154345294,-0.108510090617948,0.0227265972558147,0.178217292495546,0.0257815008745946,0.0781622090606712
"fixed_design","RQR","upper",0.862065438676817,0.000231119604454466,-0.108510090617948,0.0227265972558147,0.178217292495546,0.0257815008745946,0.0781622090606712
"fixed_design","RQR","upper",0.865751301685268,0.000222464353436164,-0.108510090617948,0.0227265972558147,0.178217292495546,0.0257815008745946,0.0781622090606712
"fixed_design","RQR","upper",0.869437164693719,0.00021808421994211,-0.108510090617948,0.0227265972558147,0.178217292495546,0.0257815008745946,0.0781622090606712
"fixed_design","RQR","upper",0.87312302770217,0.000213918038815713,-0.108510090617948,0.0227265972558147,0.178217292495546,0.0257815008745946,0.0781622090606712
"fixed_design","RQR","upper",0.876808890710621,0.000206483275731533,-0.108510090617948,0.0227265972558147,0.178217292495546,0.0257815008745946,0.0781622090606712
"fixed_design","RQR","upper",0.880494753719072,0.00020095378474983,-0.108510090617948,0.0227265972558147,0.178217292495546,0.0257815008745946,0.0781622090606712
"fixed_design","RQR","upper",0.884180616727523,0.000202878799572539,-0.108510090617948,0.0227265972558147,0.178217292495546,0.0257815008745946,0.0781622090606712
"fixed_design","RQR","upper",0.887866479735974,0.000188254286679088,-0.108510090617948,0.0227265972558147,0.178217292495546,0.0257815008745946,0.0781622090606712
"fixed_design","RQR","upper",0.891552342744425,0.000194766178783818,-0.108510090617948,0.0227265972558147,0.178217292495546,0.0257815008745946,0.0781622090606712
"fixed_design","RQR","upper",0.895238205752876,0.000183985935266783,-0.108510090617948,0.0227265972558147,0.178217292495546,0.0257815008745946,0.0781622090606712
"fixed_design","RQR","upper",0.898924068761327,0.000183755763049422,-0.108510090617948,0.0227265972558147,0.178217292495546,0.0257815008745946,0.0781622090606712
"fixed_design","RQR","upper",0.902609931769778,0.000175384517859237,-0.108510090617948,0.0227265972558147,0.178217292495546,0.0257815008745946,0.0781622090606712
"fixed_design","RQR","upper",0.906295794778229,0.000173831549239925,-0.108510090617948,0.0227265972558147,0.178217292495546,0.0257815008745946,0.0781622090606712
"fixed_design","RQR","upper",0.90998165778668,0.000165286916419212,-0.108510090617948,0.0227265972558147,0.178217292495546,0.0257815008745946,0.0781622090606712
"fixed_design","RQR","upper",0.913667520795131,0.000160413132710818,-0.108510090617948,0.0227265972558147,0.178217292495546,0.0257815008745946,0.0781622090606712
"fixed_design","RQR","upper",0.917353383803582,0.000145581053244084,-0.108510090617948,0.0227265972558147,0.178217292495546,0.0257815008745946,0.0781622090606712
"fixed_design","RQR","upper",0.921039246812033,0.00015106363080139,-0.108510090617948,0.0227265972558147,0.178217292495546,0.0257815008745946,0.0781622090606712
"fixed_design","RQR","upper",0.924725109820484,0.000132910995589952,-0.108510090617948,0.0227265972558147,0.178217292495546,0.0257815008745946,0.0781622090606712
"fixed_design","RQR","upper",0.928410972828935,0.00013978482582916,-0.108510090617948,0.0227265972558147,0.178217292495546,0.0257815008745946,0.0781622090606712
"fixed_design","RQR","upper",0.932096835837386,0.000131392765816649,-0.108510090617948,0.0227265972558147,0.178217292495546,0.0257815008745946,0.0781622090606712
"fixed_design","RQR","upper",0.935782698845837,0.000126766163182228,-0.108510090617948,0.0227265972558147,0.178217292495546,0.0257815008745946,0.0781622090606712
"fixed_design","RQR","upper",0.939468561854288,0.000127343422213507,-0.108510090617948,0.0227265972558147,0.178217292495546,0.0257815008745946,0.0781622090606712
"fixed_design","RQR","upper",0.943154424862739,0.000112961885278119,-0.108510090617948,0.0227265972558147,0.178217292495546,0.0257815008745946,0.0781622090606712
"fixed_design","RQR","upper",0.946840287871189,0.000120737723817227,-0.108510090617948,0.0227265972558147,0.178217292495546,0.0257815008745946,0.0781622090606712
"fixed_design","RQR","upper",0.950526150879641,0.000103365660478624,-0.108510090617948,0.0227265972558147,0.178217292495546,0.0257815008745946,0.0781622090606712
"fixed_design","RQR","upper",0.954212013888091,0.000120792507604568,-0.108510090617948,0.0227265972558147,0.178217292495546,0.0257815008745946,0.0781622090606712
"fixed_design","RQR","upper",0.957897876896542,0.000108083059261855,-0.108510090617948,0.0227265972558147,0.178217292495546,0.0257815008745946,0.0781622090606712
"fixed_design","RQR","upper",0.961583739904993,0.000107938372123505,-0.108510090617948,0.0227265972558147,0.178217292495546,0.0257815008745946,0.0781622090606712
"fixed_design","RQR","upper",0.965269602913444,0.000113716390452269,-0.108510090617948,0.0227265972558147,0.178217292495546,0.0257815008745946,0.0781622090606712
"fixed_design","RQR","upper",0.968955465921895,9.12757453225232e-05,-0.108510090617948,0.0227265972558147,0.178217292495546,0.0257815008745946,0.0781622090606712
"fixed_design","RQR","upper",0.972641328930346,0.000110301361300409,-0.108510090617948,0.0227265972558147,0.178217292495546,0.0257815008745946,0.0781622090606712
"fixed_design","RQR","upper",0.976327191938797,9.01882839547518e-05,-0.108510090617948,0.0227265972558147,0.178217292495546,0.0257815008745946,0.0781622090606712
"fixed_design","RQR","upper",0.980013054947248,0.000105784238350418,-0.108510090617948,0.0227265972558147,0.178217292495546,0.0257815008745946,0.0781622090606712
"fixed_design","RQR","upper",0.983698917955699,8.81492896670035e-05,-0.108510090617948,0.0227265972558147,0.178217292495546,0.0257815008745946,0.0781622090606712
"fixed_design","RQR","upper",0.98738478096415,9.09935515873701e-05,-0.108510090617948,0.0227265972558147,0.178217292495546,0.0257815008745946,0.0781622090606712
"fixed_design","RQR","upper",0.991070643972601,8.92788679203014e-05,-0.108510090617948,0.0227265972558147,0.178217292495546,0.0257815008745946,0.0781622090606712
"fixed_design","RQR","upper",0.994756506981052,7.43773388482259e-05,-0.108510090617948,0.0227265972558147,0.178217292495546,0.0257815008745946,0.0781622090606712
"fixed_design","RQR","upper",0.998442369989503,9.34310639602779e-05,-0.108510090617948,0.0227265972558147,0.178217292495546,0.0257815008745946,0.0781622090606712
"fixed_design","RQR","upper",1.00212823299795,6.36177440439714e-05,-0.108510090617948,0.0227265972558147,0.178217292495546,0.0257815008745946,0.0781622090606712
"fixed_design","RQR","upper",1.00581409600641,9.46697311035978e-05,-0.108510090617948,0.0227265972558147,0.178217292495546,0.0257815008745946,0.0781622090606712
"fixed_design","RQR","upper",1.00949995901486,7.2071289682359e-05,-0.108510090617948,0.0227265972558147,0.178217292495546,0.0257815008745946,0.0781622090606712
"fixed_design","RQR","upper",1.01318582202331,6.86082701574886e-05,-0.108510090617948,0.0227265972558147,0.178217292495546,0.0257815008745946,0.0781622090606712
"fixed_design","RQR","upper",1.01687168503176,8.3192576847219e-05,-0.108510090617948,0.0227265972558147,0.178217292495546,0.0257815008745946,0.0781622090606712
"fixed_design","RQR","upper",1.02055754804021,5.39227360187316e-05,-0.108510090617948,0.0227265972558147,0.178217292495546,0.0257815008745946,0.0781622090606712
"fixed_design","RQR","upper",1.02424341104866,7.48524388116422e-05,-0.108510090617948,0.0227265972558147,0.178217292495546,0.0257815008745946,0.0781622090606712
"fixed_design","RQR","upper",1.02792927405711,5.87875254726368e-05,-0.108510090617948,0.0227265972558147,0.178217292495546,0.0257815008745946,0.0781622090606712
"fixed_design","RQR","upper",1.03161513706556,6.37626058498094e-05,-0.108510090617948,0.0227265972558147,0.178217292495546,0.0257815008745946,0.0781622090606712
"fixed_design","RQR","upper",1.03530100007401,6.7894411430942e-05,-0.108510090617948,0.0227265972558147,0.178217292495546,0.0257815008745946,0.0781622090606712
"fixed_design","RQR","upper",1.03898686308246,5.30963403705336e-05,-0.108510090617948,0.0227265972558147,0.178217292495546,0.0257815008745946,0.0781622090606712
"fixed_design","RQR","upper",1.04267272609091,6.41472919984431e-05,-0.108510090617948,0.0227265972558147,0.178217292495546,0.0257815008745946,0.0781622090606712
"fixed_design","RQR","upper",1.04635858909937,5.73829093817577e-05,-0.108510090617948,0.0227265972558147,0.178217292495546,0.0257815008745946,0.0781622090606712
"fixed_design","RQR","upper",1.05004445210782,4.98578087023883e-05,-0.108510090617948,0.0227265972558147,0.178217292495546,0.0257815008745946,0.0781622090606712
"fixed_design","RQR","upper",1.05373031511627,6.06073936626945e-05,-0.108510090617948,0.0227265972558147,0.178217292495546,0.0257815008745946,0.0781622090606712
"fixed_design","RQR","upper",1.05741617812472,5.12168515581645e-05,-0.108510090617948,0.0227265972558147,0.178217292495546,0.0257815008745946,0.0781622090606712
"fixed_design","RQR","upper",1.06110204113317,5.4361819281488e-05,-0.108510090617948,0.0227265972558147,0.178217292495546,0.0257815008745946,0.0781622090606712
"fixed_design","RQR","upper",1.06478790414162,5.49306151620553e-05,-0.108510090617948,0.0227265972558147,0.178217292495546,0.0257815008745946,0.0781622090606712
"fixed_design","RQR","upper",1.06847376715007,4.34621324933885e-05,-0.108510090617948,0.0227265972558147,0.178217292495546,0.0257815008745946,0.0781622090606712
"fixed_design","RQR","upper",1.07215963015852,5.22898809862244e-05,-0.108510090617948,0.0227265972558147,0.178217292495546,0.0257815008745946,0.0781622090606712
"fixed_design","RQR","upper",1.07584549316697,4.69101281463142e-05,-0.108510090617948,0.0227265972558147,0.178217292495546,0.0257815008745946,0.0781622090606712
"fixed_design","RQR","upper",1.07953135617542,4.60100820754668e-05,-0.108510090617948,0.0227265972558147,0.178217292495546,0.0257815008745946,0.0781622090606712
"fixed_design","RQR","upper",1.08321721918388,4.85483292105903e-05,-0.108510090617948,0.0227265972558147,0.178217292495546,0.0257815008745946,0.0781622090606712
"fixed_design","RQR","upper",1.08690308219233,3.80523937731442e-05,-0.108510090617948,0.0227265972558147,0.178217292495546,0.0257815008745946,0.0781622090606712
"fixed_design","RQR","upper",1.09058894520078,4.94506964910792e-05,-0.108510090617948,0.0227265972558147,0.178217292495546,0.0257815008745946,0.0781622090606712
"fixed_design","RQR","upper",1.09427480820923,4.04540765882769e-05,-0.108510090617948,0.0227265972558147,0.178217292495546,0.0257815008745946,0.0781622090606712
"fixed_design","RQR","upper",1.09796067121768,4.2027833117683e-05,-0.108510090617948,0.0227265972558147,0.178217292495546,0.0257815008745946,0.0781622090606712
"fixed_design","RQR","upper",1.10164653422613,4.58946854251686e-05,-0.108510090617948,0.0227265972558147,0.178217292495546,0.0257815008745946,0.0781622090606712
"fixed_design","RQR","upper",1.10533239723458,3.50643673878216e-05,-0.108510090617948,0.0227265972558147,0.178217292495546,0.0257815008745946,0.0781622090606712
"fixed_design","RQR","upper",1.10901826024303,4.79052372698174e-05,-0.108510090617948,0.0227265972558147,0.178217292495546,0.0257815008745946,0.0781622090606712
"fixed_design","RQR","upper",1.11270412325148,3.75201233154313e-05,-0.108510090617948,0.0227265972558147,0.178217292495546,0.0257815008745946,0.0781622090606712
"fixed_design","RQR","upper",1.11638998625993,3.83991216121266e-05,-0.108510090617948,0.0227265972558147,0.178217292495546,0.0257815008745946,0.0781622090606712
"fixed_design","RQR","upper",1.12007584926838,4.70636452883505e-05,-0.108510090617948,0.0227265972558147,0.178217292495546,0.0257815008745946,0.0781622090606712
"fixed_design","RQR","upper",1.12376171227684,3.19271649832866e-05,-0.108510090617948,0.0227265972558147,0.178217292495546,0.0257815008745946,0.0781622090606712
"fixed_design","RQR","upper",1.12744757528529,4.0778550919751e-05,-0.108510090617948,0.0227265972558147,0.178217292495546,0.0257815008745946,0.0781622090606712
"fixed_design","RQR","upper",1.13113343829374,3.3652051327449e-05,-0.108510090617948,0.0227265972558147,0.178217292495546,0.0257815008745946,0.0781622090606712
"fixed_design","RQR","upper",1.13481930130219,2.57206715327846e-05,-0.108510090617948,0.0227265972558147,0.178217292495546,0.0257815008745946,0.0781622090606712
"fixed_design","RQR","upper",1.13850516431064,3.86441412219619e-05,-0.108510090617948,0.0227265972558147,0.178217292495546,0.0257815008745946,0.0781622090606712
"fixed_design","RQR","upper",1.14219102731909,2.70283765461481e-05,-0.108510090617948,0.0227265972558147,0.178217292495546,0.0257815008745946,0.0781622090606712
"fixed_design","RQR","upper",1.14587689032754,2.91196678864934e-05,-0.108510090617948,0.0227265972558147,0.178217292495546,0.0257815008745946,0.0781622090606712
"fixed_design","RQR","upper",1.14956275333599,3.52207411125809e-05,-0.108510090617948,0.0227265972558147,0.178217292495546,0.0257815008745946,0.0781622090606712
"fixed_design","RQR","upper",1.15324861634444,2.66344363860202e-05,-0.108510090617948,0.0227265972558147,0.178217292495546,0.0257815008745946,0.0781622090606712
"fixed_design","RQR","upper",1.15693447935289,3.23968067137692e-05,-0.108510090617948,0.0227265972558147,0.178217292495546,0.0257815008745946,0.0781622090606712
"fixed_design","RQR","upper",1.16062034236135,3.02464032397083e-05,-0.108510090617948,0.0227265972558147,0.178217292495546,0.0257815008745946,0.0781622090606712
"fixed_design","RQR","upper",1.1643062053698,2.52066836334717e-05,-0.108510090617948,0.0227265972558147,0.178217292495546,0.0257815008745946,0.0781622090606712
"fixed_design","RQR","upper",1.16799206837825,2.99243424546363e-05,-0.108510090617948,0.0227265972558147,0.178217292495546,0.0257815008745946,0.0781622090606712
"fixed_design","RQR","upper",1.1716779313867,2.44681157418524e-05,-0.108510090617948,0.0227265972558147,0.178217292495546,0.0257815008745946,0.0781622090606712
"fixed_design","RQR","upper",1.17536379439515,1.82792173688648e-05,-0.108510090617948,0.0227265972558147,0.178217292495546,0.0257815008745946,0.0781622090606712
"fixed_design","RQR","upper",1.1790496574036,2.25028492041798e-05,-0.108510090617948,0.0227265972558147,0.178217292495546,0.0257815008745946,0.0781622090606712
"fixed_design","RQR","upper",1.18273552041205,1.9709604179792e-05,-0.108510090617948,0.0227265972558147,0.178217292495546,0.0257815008745946,0.0781622090606712
"fixed_design","RQR","upper",1.1864213834205,1.86280274575545e-05,-0.108510090617948,0.0227265972558147,0.178217292495546,0.0257815008745946,0.0781622090606712
"fixed_design","RQR","upper",1.19010724642895,2.13602408046343e-05,-0.108510090617948,0.0227265972558147,0.178217292495546,0.0257815008745946,0.0781622090606712
"fixed_design","RQR","upper",1.1937931094374,1.9057861080643e-05,-0.108510090617948,0.0227265972558147,0.178217292495546,0.0257815008745946,0.0781622090606712
"fixed_design","RQR","upper",1.19747897244586,1.81447258470429e-05,-0.108510090617948,0.0227265972558147,0.178217292495546,0.0257815008745946,0.0781622090606712
"fixed_design","RQR","upper",1.20116483545431,1.81457410522396e-05,-0.108510090617948,0.0227265972558147,0.178217292495546,0.0257815008745946,0.0781622090606712
"fixed_design","RQR","upper",1.20485069846276,1.6925227710233e-05,-0.108510090617948,0.0227265972558147,0.178217292495546,0.0257815008745946,0.0781622090606712
"fixed_design","RQR","upper",1.20853656147121,1.51263154835966e-05,-0.108510090617948,0.0227265972558147,0.178217292495546,0.0257815008745946,0.0781622090606712
"fixed_design","RQR","upper",1.21222242447966,1.64712755987381e-05,-0.108510090617948,0.0227265972558147,0.178217292495546,0.0257815008745946,0.0781622090606712
"fixed_design","RQR","upper",1.21590828748811,1.71096651544136e-05,-0.108510090617948,0.0227265972558147,0.178217292495546,0.0257815008745946,0.0781622090606712
"fixed_design","RQR","upper",1.21959415049656,1.46215314088986e-05,-0.108510090617948,0.0227265972558147,0.178217292495546,0.0257815008745946,0.0781622090606712
"fixed_design","RQR","upper",1.22328001350501,1.68199313562141e-05,-0.108510090617948,0.0227265972558147,0.178217292495546,0.0257815008745946,0.0781622090606712
"fixed_design","RQR","upper",1.22696587651346,1.62422816342433e-05,-0.108510090617948,0.0227265972558147,0.178217292495546,0.0257815008745946,0.0781622090606712
"fixed_design","RQR","upper",1.23065173952191,1.4257588700175e-05,-0.108510090617948,0.0227265972558147,0.178217292495546,0.0257815008745946,0.0781622090606712
"fixed_design","RQR","upper",1.23433760253036,1.79041471256271e-05,-0.108510090617948,0.0227265972558147,0.178217292495546,0.0257815008745946,0.0781622090606712
"fixed_design","RQR","upper",1.23802346553882,1.53406726679359e-05,-0.108510090617948,0.0227265972558147,0.178217292495546,0.0257815008745946,0.0781622090606712
"fixed_design","RQR","upper",1.24170932854727,1.37653965519554e-05,-0.108510090617948,0.0227265972558147,0.178217292495546,0.0257815008745946,0.0781622090606712
"fixed_design","RQR","upper",1.24539519155572,1.5368721166024e-05,-0.108510090617948,0.0227265972558147,0.178217292495546,0.0257815008745946,0.0781622090606712
"fixed_design","RQR","upper",1.24908105456417,1.12270142483672e-05,-0.108510090617948,0.0227265972558147,0.178217292495546,0.0257815008745946,0.0781622090606712
"fixed_design","RQR","upper",1.25276691757262,1.17816678257526e-05,-0.108510090617948,0.0227265972558147,0.178217292495546,0.0257815008745946,0.0781622090606712
"fixed_design","RQR","upper",1.25645278058107,1.32490714517022e-05,-0.108510090617948,0.0227265972558147,0.178217292495546,0.0257815008745946,0.0781622090606712
"fixed_design","RQR","upper",1.26013864358952,9.65959859834145e-06,-0.108510090617948,0.0227265972558147,0.178217292495546,0.0257815008745946,0.0781622090606712
"fixed_design","RQR","upper",1.26382450659797,1.02869499177173e-05,-0.108510090617948,0.0227265972558147,0.178217292495546,0.0257815008745946,0.0781622090606712
"fixed_design","RQR","upper",1.26751036960642,1.08532390847897e-05,-0.108510090617948,0.0227265972558147,0.178217292495546,0.0257815008745946,0.0781622090606712
"fixed_design","RQR","upper",1.27119623261487,9.72137094244726e-06,-0.108510090617948,0.0227265972558147,0.178217292495546,0.0257815008745946,0.0781622090606712
"fixed_design","RQR","upper",1.27488209562333,9.32923703433801e-06,-0.108510090617948,0.0227265972558147,0.178217292495546,0.0257815008745946,0.0781622090606712
"fixed_design","RQR","upper",1.27856795863178,7.69830015663001e-06,-0.108510090617948,0.0227265972558147,0.178217292495546,0.0257815008745946,0.0781622090606712
"fixed_design","RQR","upper",1.28225382164023,9.03084487601277e-06,-0.108510090617948,0.0227265972558147,0.178217292495546,0.0257815008745946,0.0781622090606712
"fixed_design","RQR","upper",1.28593968464868,9.14849715626743e-06,-0.108510090617948,0.0227265972558147,0.178217292495546,0.0257815008745946,0.0781622090606712
"fixed_design","RQR","upper",1.28962554765713,8.26954397124794e-06,-0.108510090617948,0.0227265972558147,0.178217292495546,0.0257815008745946,0.0781622090606712
"fixed_design","RQR","upper",1.29331141066558,8.91850518068414e-06,-0.108510090617948,0.0227265972558147,0.178217292495546,0.0257815008745946,0.0781622090606712
"fixed_design","RQR","upper",1.29699727367403,7.94299362782478e-06,-0.108510090617948,0.0227265972558147,0.178217292495546,0.0257815008745946,0.0781622090606712
"fixed_design","RQR","upper",1.30068313668248,9.03252645071158e-06,-0.108510090617948,0.0227265972558147,0.178217292495546,0.0257815008745946,0.0781622090606712
"fixed_design","RQR","upper",1.30436899969093,9.55107128700316e-06,-0.108510090617948,0.0227265972558147,0.178217292495546,0.0257815008745946,0.0781622090606712
"fixed_design","RQR","upper",1.30805486269938,7.6972064982526e-06,-0.108510090617948,0.0227265972558147,0.178217292495546,0.0257815008745946,0.0781622090606712
"fixed_design","RQR","upper",1.31174072570784,8.84039032406136e-06,-0.108510090617948,0.0227265972558147,0.178217292495546,0.0257815008745946,0.0781622090606712
"fixed_design","RQR","upper",1.31542658871629,8.17487390905745e-06,-0.108510090617948,0.0227265972558147,0.178217292495546,0.0257815008745946,0.0781622090606712
"fixed_design","RQR","upper",1.31911245172474,7.83118860496406e-06,-0.108510090617948,0.0227265972558147,0.178217292495546,0.0257815008745946,0.0781622090606712
"fixed_design","RQR","upper",1.32279831473319,6.83479001837104e-06,-0.108510090617948,0.0227265972558147,0.178217292495546,0.0257815008745946,0.0781622090606712
"fixed_design","RQR","upper",1.32648417774164,5.3895432370939e-06,-0.108510090617948,0.0227265972558147,0.178217292495546,0.0257815008745946,0.0781622090606712
"fixed_design","RQR","upper",1.33017004075009,8.59827871837868e-06,-0.108510090617948,0.0227265972558147,0.178217292495546,0.0257815008745946,0.0781622090606712
"fixed_design","RQR","upper",1.33385590375854,7.1601970671155e-06,-0.108510090617948,0.0227265972558147,0.178217292495546,0.0257815008745946,0.0781622090606712
"fixed_design","RQR","upper",1.33754176676699,4.34407758506124e-06,-0.108510090617948,0.0227265972558147,0.178217292495546,0.0257815008745946,0.0781622090606712
"fixed_design","RQR","upper",1.34122762977544,7.53950737507759e-06,-0.108510090617948,0.0227265972558147,0.178217292495546,0.0257815008745946,0.0781622090606712
"fixed_design","RQR","upper",1.34491349278389,3.45583696271085e-06,-0.108510090617948,0.0227265972558147,0.178217292495546,0.0257815008745946,0.0781622090606712
"fixed_design","RQR","upper",1.34859935579234,2.39487326352167e-06,-0.108510090617948,0.0227265972558147,0.178217292495546,0.0257815008745946,0.0781622090606712
"fixed_design","RQR","upper",1.3522852188008,5.07256299034337e-06,-0.108510090617948,0.0227265972558147,0.178217292495546,0.0257815008745946,0.0781622090606712
"fixed_design","RQR","upper",1.35597108180925,2.65306522705584e-06,-0.108510090617948,0.0227265972558147,0.178217292495546,0.0257815008745946,0.0781622090606712
"fixed_design","RQR","upper",1.3596569448177,2.46343214969586e-06,-0.108510090617948,0.0227265972558147,0.178217292495546,0.0257815008745946,0.0781622090606712
"fixed_design","RQR","upper",1.36334280782615,4.66146651569452e-06,-0.108510090617948,0.0227265972558147,0.178217292495546,0.0257815008745946,0.0781622090606712
"fixed_design","RQR","upper",1.3670286708346,3.10024039824691e-06,-0.108510090617948,0.0227265972558147,0.178217292495546,0.0257815008745946,0.0781622090606712
"fixed_design","RQR","upper",1.37071453384305,2.69223764638073e-06,-0.108510090617948,0.0227265972558147,0.178217292495546,0.0257815008745946,0.0781622090606712
"fixed_design","RQR","upper",1.3744003968515,3.42754671287936e-06,-0.108510090617948,0.0227265972558147,0.178217292495546,0.0257815008745946,0.0781622090606712
"fixed_design","RQR","upper",1.37808625985995,3.99764551946151e-06,-0.108510090617948,0.0227265972558147,0.178217292495546,0.0257815008745946,0.0781622090606712
"fixed_design","RQR","upper",1.3817721228684,3.06744540427288e-06,-0.108510090617948,0.0227265972558147,0.178217292495546,0.0257815008745946,0.0781622090606712
"fixed_design","RQR","upper",1.38545798587685,1.0436996349721e-06,-0.108510090617948,0.0227265972558147,0.178217292495546,0.0257815008745946,0.0781622090606712
"fixed_design","RQR","upper",1.38914384888531,1.52075458984896e-06,-0.108510090617948,0.0227265972558147,0.178217292495546,0.0257815008745946,0.0781622090606712
"fixed_design","RQR","upper",1.39282971189376,2.98973850932519e-06,-0.108510090617948,0.0227265972558147,0.178217292495546,0.0257815008745946,0.0781622090606712
"fixed_design","RQR","upper",1.39651557490221,2.29122485265917e-07,-0.108510090617948,0.0227265972558147,0.178217292495546,0.0257815008745946,0.0781622090606712
"fixed_design","ET","lower",-2.70061482267994,4.9348654968255e-08,-0.46516348042182,0.0747522225184186,0.606184014622465,0.0772148384800126,0.298697274415941
"fixed_design","ET","lower",-2.69194507265653,2.60798626654276e-07,-0.46516348042182,0.0747522225184186,0.606184014622465,0.0772148384800126,0.298697274415941
"fixed_design","ET","lower",-2.68327532263312,6.58679206928686e-07,-0.46516348042182,0.0747522225184186,0.606184014622465,0.0772148384800126,0.298697274415941
"fixed_design","ET","lower",-2.67460557260971,8.881645864018e-07,-0.46516348042182,0.0747522225184186,0.606184014622465,0.0772148384800126,0.298697274415941
"fixed_design","ET","lower",-2.6659358225863,8.91442871171097e-07,-0.46516348042182,0.0747522225184186,0.606184014622465,0.0772148384800126,0.298697274415941
"fixed_design","ET","lower",-2.65726607256289,9.86574939746084e-07,-0.46516348042182,0.0747522225184186,0.606184014622465,0.0772148384800126,0.298697274415941
"fixed_design","ET","lower",-2.64859632253948,8.68636477815108e-07,-0.46516348042182,0.0747522225184186,0.606184014622465,0.0772148384800126,0.298697274415941
"fixed_design","ET","lower",-2.63992657251607,9.26092465609994e-07,-0.46516348042182,0.0747522225184186,0.606184014622465,0.0772148384800126,0.298697274415941
"fixed_design","ET","lower",-2.63125682249266,8.77533124567111e-07,-0.46516348042182,0.0747522225184186,0.606184014622465,0.0772148384800126,0.298697274415941
"fixed_design","ET","lower",-2.62258707246925,9.18358261419691e-07,-0.46516348042182,0.0747522225184186,0.606184014622465,0.0772148384800126,0.298697274415941
"fixed_design","ET","lower",-2.61391732244583,8.9547769543113e-07,-0.46516348042182,0.0747522225184186,0.606184014622465,0.0772148384800126,0.298697274415941
"fixed_design","ET","lower",-2.60524757242242,9.0922332007284e-07,-0.46516348042182,0.0747522225184186,0.606184014622465,0.0772148384800126,0.298697274415941
"fixed_design","ET","lower",-2.59657782239901,9.14906377264003e-07,-0.46516348042182,0.0747522225184186,0.606184014622465,0.0772148384800126,0.298697274415941
"fixed_design","ET","lower",-2.5879080723756,8.98684304650013e-07,-0.46516348042182,0.0747522225184186,0.606184014622465,0.0772148384800126,0.298697274415941
"fixed_design","ET","lower",-2.57923832235219,9.35617148450725e-07,-0.46516348042182,0.0747522225184186,0.606184014622465,0.0772148384800126,0.298697274415941
"fixed_design","ET","lower",-2.57056857232878,8.86960584296603e-07,-0.46516348042182,0.0747522225184186,0.606184014622465,0.0772148384800126,0.298697274415941
"fixed_design","ET","lower",-2.56189882230537,9.58187751116787e-07,-0.46516348042182,0.0747522225184186,0.606184014622465,0.0772148384800126,0.298697274415941
"fixed_design","ET","lower",-2.55322907228196,8.85884256302047e-07,-0.46516348042182,0.0747522225184186,0.606184014622465,0.0772148384800126,0.298697274415941
"fixed_design","ET","lower",-2.54455932225855,1.06524886396811e-06,-0.46516348042182,0.0747522225184186,0.606184014622465,0.0772148384800126,0.298697274415941
"fixed_design","ET","lower",-2.53588957223513,1.19881393626995e-06,-0.46516348042182,0.0747522225184186,0.606184014622465,0.0772148384800126,0.298697274415941
"fixed_design","ET","lower",-2.52721982221172,1.90430597723243e-06,-0.46516348042182,0.0747522225184186,0.606184014622465,0.0772148384800126,0.298697274415941
"fixed_design","ET","lower",-2.51855007218831,2.25272118156399e-06,-0.46516348042182,0.0747522225184186,0.606184014622465,0.0772148384800126,0.298697274415941
"fixed_design","ET","lower",-2.5098803221649,2.46304591687603e-06,-0.46516348042182,0.0747522225184186,0.606184014622465,0.0772148384800126,0.298697274415941
"fixed_design","ET","lower",-2.50121057214149,2.51185054123004e-06,-0.46516348042182,0.0747522225184186,0.606184014622465,0.0772148384800126,0.298697274415941
"fixed_design","ET","lower",-2.49254082211808,2.50493450635129e-06,-0.46516348042182,0.0747522225184186,0.606184014622465,0.0772148384800126,0.298697274415941
"fixed_design","ET","lower",-2.48387107209467,2.31826338631982e-06,-0.46516348042182,0.0747522225184186,0.606184014622465,0.0772148384800126,0.298697274415941
"fixed_design","ET","lower",-2.47520132207126,2.56050629013569e-06,-0.46516348042182,0.0747522225184186,0.606184014622465,0.0772148384800126,0.298697274415941
"fixed_design","ET","lower",-2.46653157204785,2.81089101974857e-06,-0.46516348042182,0.0747522225184186,0.606184014622465,0.0772148384800126,0.298697274415941
"fixed_design","ET","lower",-2.45786182202444,3.22119470893495e-06,-0.46516348042182,0.0747522225184186,0.606184014622465,0.0772148384800126,0.298697274415941
"fixed_design","ET","lower",-2.44919207200103,3.39301593476672e-06,-0.46516348042182,0.0747522225184186,0.606184014622465,0.0772148384800126,0.298697274415941
"fixed_design","ET","lower",-2.44052232197761,3.31500865659129e-06,-0.46516348042182,0.0747522225184186,0.606184014622465,0.0772148384800126,0.298697274415941
"fixed_design","ET","lower",-2.4318525719542,3.61561548312523e-06,-0.46516348042182,0.0747522225184186,0.606184014622465,0.0772148384800126,0.298697274415941
"fixed_design","ET","lower",-2.42318282193079,3.77740271415698e-06,-0.46516348042182,0.0747522225184186,0.606184014622465,0.0772148384800126,0.298697274415941
"fixed_design","ET","lower",-2.41451307190738,4.12112366374955e-06,-0.46516348042182,0.0747522225184186,0.606184014622465,0.0772148384800126,0.298697274415941
"fixed_design","ET","lower",-2.40584332188397,4.70172119394825e-06,-0.46516348042182,0.0747522225184186,0.606184014622465,0.0772148384800126,0.298697274415941
"fixed_design","ET","lower",-2.39717357186056,5.49543212410516e-06,-0.46516348042182,0.0747522225184186,0.606184014622465,0.0772148384800126,0.298697274415941
"fixed_design","ET","lower",-2.38850382183715,6.14864193700784e-06,-0.46516348042182,0.0747522225184186,0.606184014622465,0.0772148384800126,0.298697274415941
"fixed_design","ET","lower",-2.37983407181374,6.30808753059152e-06,-0.46516348042182,0.0747522225184186,0.606184014622465,0.0772148384800126,0.298697274415941
"fixed_design","ET","lower",-2.37116432179033,6.48388695920435e-06,-0.46516348042182,0.0747522225184186,0.606184014622465,0.0772148384800126,0.298697274415941
"fixed_design","ET","lower",-2.36249457176692,6.87055381341958e-06,-0.46516348042182,0.0747522225184186,0.606184014622465,0.0772148384800126,0.298697274415941
"fixed_design","ET","lower",-2.3538248217435,6.57799990920383e-06,-0.46516348042182,0.0747522225184186,0.606184014622465,0.0772148384800126,0.298697274415941
"fixed_design","ET","lower",-2.34515507172009,7.05385096213909e-06,-0.46516348042182,0.0747522225184186,0.606184014622465,0.0772148384800126,0.298697274415941
"fixed_design","ET","lower",-2.33648532169668,7.67897556847195e-06,-0.46516348042182,0.0747522225184186,0.606184014622465,0.0772148384800126,0.298697274415941
"fixed_design","ET","lower",-2.32781557167327,7.27156463204087e-06,-0.46516348042182,0.0747522225184186,0.606184014622465,0.0772148384800126,0.298697274415941
"fixed_design","ET","lower",-2.31914582164986,7.49443647808449e-06,-0.46516348042182,0.0747522225184186,0.606184014622465,0.0772148384800126,0.298697274415941
"fixed_design","ET","lower",-2.31047607162645,7.74153048668022e-06,-0.46516348042182,0.0747522225184186,0.606184014622465,0.0772148384800126,0.298697274415941
"fixed_design","ET","lower",-2.30180632160304,7.49956212140486e-06,-0.46516348042182,0.0747522225184186,0.606184014622465,0.0772148384800126,0.298697274415941
"fixed_design","ET","lower",-2.29313657157963,7.57927835078108e-06,-0.46516348042182,0.0747522225184186,0.606184014622465,0.0772148384800126,0.298697274415941
"fixed_design","ET","lower",-2.28446682155622,7.93795349969011e-06,-0.46516348042182,0.0747522225184186,0.606184014622465,0.0772148384800126,0.298697274415941
"fixed_design","ET","lower",-2.27579707153281,8.73387133674498e-06,-0.46516348042182,0.0747522225184186,0.606184014622465,0.0772148384800126,0.298697274415941
"fixed_design","ET","lower",-2.26712732150939,9.21589157333614e-06,-0.46516348042182,0.0747522225184186,0.606184014622465,0.0772148384800126,0.298697274415941
"fixed_design","ET","lower",-2.25845757148598,1.10217832215335e-05,-0.46516348042182,0.0747522225184186,0.606184014622465,0.0772148384800126,0.298697274415941
"fixed_design","ET","lower",-2.24978782146257,1.20727329988091e-05,-0.46516348042182,0.0747522225184186,0.606184014622465,0.0772148384800126,0.298697274415941
"fixed_design","ET","lower",-2.24111807143916,1.26240215023334e-05,-0.46516348042182,0.0747522225184186,0.606184014622465,0.0772148384800126,0.298697274415941
"fixed_design","ET","lower",-2.23244832141575,1.42718747037396e-05,-0.46516348042182,0.0747522225184186,0.606184014622465,0.0772148384800126,0.298697274415941
"fixed_design","ET","lower",-2.22377857139234,1.52011651895496e-05,-0.46516348042182,0.0747522225184186,0.606184014622465,0.0772148384800126,0.298697274415941
"fixed_design","ET","lower",-2.21510882136893,1.55469461952859e-05,-0.46516348042182,0.0747522225184186,0.606184014622465,0.0772148384800126,0.298697274415941
"fixed_design","ET","lower",-2.20643907134552,1.62826043842252e-05,-0.46516348042182,0.0747522225184186,0.606184014622465,0.0772148384800126,0.298697274415941
"fixed_design","ET","lower",-2.19776932132211,1.68136277638495e-05,-0.46516348042182,0.0747522225184186,0.606184014622465,0.0772148384800126,0.298697274415941
"fixed_design","ET","lower",-2.1890995712987,1.73661668793166e-05,-0.46516348042182,0.0747522225184186,0.606184014622465,0.0772148384800126,0.298697274415941
"fixed_design","ET","lower",-2.18042982127529,1.78350222961152e-05,-0.46516348042182,0.0747522225184186,0.606184014622465,0.0772148384800126,0.298697274415941
"fixed_design","ET","lower",-2.17176007125187,1.84912264525432e-05,-0.46516348042182,0.0747522225184186,0.606184014622465,0.0772148384800126,0.298697274415941
"fixed_design","ET","lower",-2.16309032122846,1.91729875169375e-05,-0.46516348042182,0.0747522225184186,0.606184014622465,0.0772148384800126,0.298697274415941
"fixed_design","ET","lower",-2.15442057120505,1.99999622244324e-05,-0.46516348042182,0.0747522225184186,0.606184014622465,0.0772148384800126,0.298697274415941
"fixed_design","ET","lower",-2.14575082118164,2.13358614581079e-05,-0.46516348042182,0.0747522225184186,0.606184014622465,0.0772148384800126,0.298697274415941
"fixed_design","ET","lower",-2.13708107115823,2.26117019156891e-05,-0.46516348042182,0.0747522225184186,0.606184014622465,0.0772148384800126,0.298697274415941
"fixed_design","ET","lower",-2.12841132113482,2.37502984727927e-05,-0.46516348042182,0.0747522225184186,0.606184014622465,0.0772148384800126,0.298697274415941
"fixed_design","ET","lower",-2.11974157111141,2.42555066927553e-05,-0.46516348042182,0.0747522225184186,0.606184014622465,0.0772148384800126,0.298697274415941
"fixed_design","ET","lower",-2.111071821088,2.43585672624627e-05,-0.46516348042182,0.0747522225184186,0.606184014622465,0.0772148384800126,0.298697274415941
"fixed_design","ET","lower",-2.10240207106459,2.59381130516761e-05,-0.46516348042182,0.0747522225184186,0.606184014622465,0.0772148384800126,0.298697274415941
"fixed_design","ET","lower",-2.09373232104118,2.89700273266145e-05,-0.46516348042182,0.0747522225184186,0.606184014622465,0.0772148384800126,0.298697274415941
"fixed_design","ET","lower",-2.08506257101776,3.14170860818254e-05,-0.46516348042182,0.0747522225184186,0.606184014622465,0.0772148384800126,0.298697274415941
"fixed_design","ET","lower",-2.07639282099435,3.32669522328647e-05,-0.46516348042182,0.0747522225184186,0.606184014622465,0.0772148384800126,0.298697274415941
"fixed_design","ET","lower",-2.06772307097094,3.55634983665528e-05,-0.46516348042182,0.0747522225184186,0.606184014622465,0.0772148384800126,0.298697274415941
"fixed_design","ET","lower",-2.05905332094753,3.7484635590073e-05,-0.46516348042182,0.0747522225184186,0.606184014622465,0.0772148384800126,0.298697274415941
"fixed_design","ET","lower",-2.05038357092412,3.89698055881268e-05,-0.46516348042182,0.0747522225184186,0.606184014622465,0.0772148384800126,0.298697274415941
"fixed_design","ET","lower",-2.04171382090071,4.10568763360215e-05,-0.46516348042182,0.0747522225184186,0.606184014622465,0.0772148384800126,0.298697274415941
"fixed_design","ET","lower",-2.0330440708773,4.27504074237269e-05,-0.46516348042182,0.0747522225184186,0.606184014622465,0.0772148384800126,0.298697274415941
"fixed_design","ET","lower",-2.02437432085389,4.42663009743457e-05,-0.46516348042182,0.0747522225184186,0.606184014622465,0.0772148384800126,0.298697274415941
"fixed_design","ET","lower",-2.01570457083048,4.5716980712473e-05,-0.46516348042182,0.0747522225184186,0.606184014622465,0.0772148384800126,0.298697274415941
"fixed_design","ET","lower",-2.00703482080707,4.63270186998796e-05,-0.46516348042182,0.0747522225184186,0.606184014622465,0.0772148384800126,0.298697274415941
"fixed_design","ET","lower",-1.99836507078365,4.79599218531078e-05,-0.46516348042182,0.0747522225184186,0.606184014622465,0.0772148384800126,0.298697274415941
"fixed_design","ET","lower",-1.98969532076024,5.07286705047021e-05,-0.46516348042182,0.0747522225184186,0.606184014622465,0.0772148384800126,0.298697274415941
"fixed_design","ET","lower",-1.98102557073683,5.48579268316487e-05,-0.46516348042182,0.0747522225184186,0.606184014622465,0.0772148384800126,0.298697274415941
"fixed_design","ET","lower",-1.97235582071342,6.0246237517716e-05,-0.46516348042182,0.0747522225184186,0.606184014622465,0.0772148384800126,0.298697274415941
"fixed_design","ET","lower",-1.96368607069001,6.4219615119927e-05,-0.46516348042182,0.0747522225184186,0.606184014622465,0.0772148384800126,0.298697274415941
"fixed_design","ET","lower",-1.9550163206666,6.87155322407525e-05,-0.46516348042182,0.0747522225184186,0.606184014622465,0.0772148384800126,0.298697274415941
"fixed_design","ET","lower",-1.94634657064319,7.16034493248404e-05,-0.46516348042182,0.0747522225184186,0.606184014622465,0.0772148384800126,0.298697274415941
"fixed_design","ET","lower",-1.93767682061978,7.47931815718717e-05,-0.46516348042182,0.0747522225184186,0.606184014622465,0.0772148384800126,0.298697274415941
"fixed_design","ET","lower",-1.92900707059637,7.58436907478377e-05,-0.46516348042182,0.0747522225184186,0.606184014622465,0.0772148384800126,0.298697274415941
"fixed_design","ET","lower",-1.92033732057296,7.85494658074504e-05,-0.46516348042182,0.0747522225184186,0.606184014622465,0.0772148384800126,0.298697274415941
"fixed_design","ET","lower",-1.91166757054955,8.15733988050685e-05,-0.46516348042182,0.0747522225184186,0.606184014622465,0.0772148384800126,0.298697274415941
"fixed_design","ET","lower",-1.90299782052613,8.42590889533773e-05,-0.46516348042182,0.0747522225184186,0.606184014622465,0.0772148384800126,0.298697274415941
"fixed_design","ET","lower",-1.89432807050272,8.98176261593427e-05,-0.46516348042182,0.0747522225184186,0.606184014622465,0.0772148384800126,0.298697274415941
"fixed_design","ET","lower",-1.88565832047931,9.12408063447364e-05,-0.46516348042182,0.0747522225184186,0.606184014622465,0.0772148384800126,0.298697274415941
"fixed_design","ET","lower",-1.8769885704559,9.47144975865669e-05,-0.46516348042182,0.0747522225184186,0.606184014622465,0.0772148384800126,0.298697274415941
"fixed_design","ET","lower",-1.86831882043249,9.751766354411e-05,-0.46516348042182,0.0747522225184186,0.606184014622465,0.0772148384800126,0.298697274415941
"fixed_design","ET","lower",-1.85964907040908,0.000101274628150517,-0.46516348042182,0.0747522225184186,0.606184014622465,0.0772148384800126,0.298697274415941
"fixed_design","ET","lower",-1.85097932038567,0.000104946201777424,-0.46516348042182,0.0747522225184186,0.606184014622465,0.0772148384800126,0.298697274415941
"fixed_design","ET","lower",-1.84230957036226,0.000110513773828639,-0.46516348042182,0.0747522225184186,0.606184014622465,0.0772148384800126,0.298697274415941
"fixed_design","ET","lower",-1.83363982033885,0.000116321594670765,-0.46516348042182,0.0747522225184186,0.606184014622465,0.0772148384800126,0.298697274415941
"fixed_design","ET","lower",-1.82497007031544,0.000120855808115215,-0.46516348042182,0.0747522225184186,0.606184014622465,0.0772148384800126,0.298697274415941
"fixed_design","ET","lower",-1.81630032029202,0.000124959747578172,-0.46516348042182,0.0747522225184186,0.606184014622465,0.0772148384800126,0.298697274415941
"fixed_design","ET","lower",-1.80763057026861,0.000127422370519878,-0.46516348042182,0.0747522225184186,0.606184014622465,0.0772148384800126,0.298697274415941
"fixed_design","ET","lower",-1.7989608202452,0.000131417003090866,-0.46516348042182,0.0747522225184186,0.606184014622465,0.0772148384800126,0.298697274415941
"fixed_design","ET","lower",-1.79029107022179,0.000135410121904382,-0.46516348042182,0.0747522225184186,0.606184014622465,0.0772148384800126,0.298697274415941
"fixed_design","ET","lower",-1.78162132019838,0.000140126472092258,-0.46516348042182,0.0747522225184186,0.606184014622465,0.0772148384800126,0.298697274415941
"fixed_design","ET","lower",-1.77295157017497,0.000147148137031291,-0.46516348042182,0.0747522225184186,0.606184014622465,0.0772148384800126,0.298697274415941
"fixed_design","ET","lower",-1.76428182015156,0.00015279792484829,-0.46516348042182,0.0747522225184186,0.606184014622465,0.0772148384800126,0.298697274415941
"fixed_design","ET","lower",-1.75561207012815,0.000156809694602334,-0.46516348042182,0.0747522225184186,0.606184014622465,0.0772148384800126,0.298697274415941
"fixed_design","ET","lower",-1.74694232010474,0.000158968636922762,-0.46516348042182,0.0747522225184186,0.606184014622465,0.0772148384800126,0.298697274415941
"fixed_design","ET","lower",-1.73827257008133,0.000162862061858227,-0.46516348042182,0.0747522225184186,0.606184014622465,0.0772148384800126,0.298697274415941
"fixed_design","ET","lower",-1.72960282005791,0.000166344580355195,-0.46516348042182,0.0747522225184186,0.606184014622465,0.0772148384800126,0.298697274415941
"fixed_design","ET","lower",-1.7209330700345,0.000171866658239852,-0.46516348042182,0.0747522225184186,0.606184014622465,0.0772148384800126,0.298697274415941
"fixed_design","ET","lower",-1.71226332001109,0.000182667623813194,-0.46516348042182,0.0747522225184186,0.606184014622465,0.0772148384800126,0.298697274415941
"fixed_design","ET","lower",-1.70359356998768,0.000190380631222415,-0.46516348042182,0.0747522225184186,0.606184014622465,0.0772148384800126,0.298697274415941
"fixed_design","ET","lower",-1.69492381996427,0.000199630541543301,-0.46516348042182,0.0747522225184186,0.606184014622465,0.0772148384800126,0.298697274415941
"fixed_design","ET","lower",-1.68625406994086,0.000208440211155268,-0.46516348042182,0.0747522225184186,0.606184014622465,0.0772148384800126,0.298697274415941
"fixed_design","ET","lower",-1.67758431991745,0.000212705005648315,-0.46516348042182,0.0747522225184186,0.606184014622465,0.0772148384800126,0.298697274415941
"fixed_design","ET","lower",-1.66891456989404,0.000223293714664859,-0.46516348042182,0.0747522225184186,0.606184014622465,0.0772148384800126,0.298697274415941
"fixed_design","ET","lower",-1.66024481987063,0.000232280776377037,-0.46516348042182,0.0747522225184186,0.606184014622465,0.0772148384800126,0.298697274415941
"fixed_design","ET","lower",-1.65157506984722,0.000241105300578298,-0.46516348042182,0.0747522225184186,0.606184014622465,0.0772148384800126,0.298697274415941
"fixed_design","ET","lower",-1.64290531982381,0.000250900060997238,-0.46516348042182,0.0747522225184186,0.606184014622465,0.0772148384800126,0.298697274415941
"fixed_design","ET","lower",-1.63423556980039,0.000257759338509189,-0.46516348042182,0.0747522225184186,0.606184014622465,0.0772148384800126,0.298697274415941
"fixed_design","ET","lower",-1.62556581977698,0.000268536263727396,-0.46516348042182,0.0747522225184186,0.606184014622465,0.0772148384800126,0.298697274415941
"fixed_design","ET","lower",-1.61689606975357,0.000280385396521605,-0.46516348042182,0.0747522225184186,0.606184014622465,0.0772148384800126,0.298697274415941
"fixed_design","ET","lower",-1.60822631973016,0.000287400930929447,-0.46516348042182,0.0747522225184186,0.606184014622465,0.0772148384800126,0.298697274415941
"fixed_design","ET","lower",-1.59955656970675,0.000297884323777198,-0.46516348042182,0.0747522225184186,0.606184014622465,0.0772148384800126,0.298697274415941
"fixed_design","ET","lower",-1.59088681968334,0.000307611780003314,-0.46516348042182,0.0747522225184186,0.606184014622465,0.0772148384800126,0.298697274415941
"fixed_design","ET","lower",-1.58221706965993,0.000315976208990801,-0.46516348042182,0.0747522225184186,0.606184014622465,0.0772148384800126,0.298697274415941
"fixed_design","ET","lower",-1.57354731963652,0.000325802847143835,-0.46516348042182,0.0747522225184186,0.606184014622465,0.0772148384800126,0.298697274415941
"fixed_design","ET","lower",-1.56487756961311,0.000339573610278556,-0.46516348042182,0.0747522225184186,0.606184014622465,0.0772148384800126,0.298697274415941
"fixed_design","ET","lower",-1.5562078195897,0.000354501707794263,-0.46516348042182,0.0747522225184186,0.606184014622465,0.0772148384800126,0.298697274415941
"fixed_design","ET","lower",-1.54753806956628,0.000367162477658177,-0.46516348042182,0.0747522225184186,0.606184014622465,0.0772148384800126,0.298697274415941
"fixed_design","ET","lower",-1.53886831954287,0.000378373570613395,-0.46516348042182,0.0747522225184186,0.606184014622465,0.0772148384800126,0.298697274415941
"fixed_design","ET","lower",-1.53019856951946,0.000389528309916408,-0.46516348042182,0.0747522225184186,0.606184014622465,0.0772148384800126,0.298697274415941
"fixed_design","ET","lower",-1.52152881949605,0.000400843169042862,-0.46516348042182,0.0747522225184186,0.606184014622465,0.0772148384800126,0.298697274415941
"fixed_design","ET","lower",-1.51285906947264,0.000413923112353039,-0.46516348042182,0.0747522225184186,0.606184014622465,0.0772148384800126,0.298697274415941
"fixed_design","ET","lower",-1.50418931944923,0.000431600746557323,-0.46516348042182,0.0747522225184186,0.606184014622465,0.0772148384800126,0.298697274415941
"fixed_design","ET","lower",-1.49551956942582,0.000452433479208292,-0.46516348042182,0.0747522225184186,0.606184014622465,0.0772148384800126,0.298697274415941
"fixed_design","ET","lower",-1.48684981940241,0.000473187802950125,-0.46516348042182,0.0747522225184186,0.606184014622465,0.0772148384800126,0.298697274415941
"fixed_design","ET","lower",-1.478180069379,0.000492560614893747,-0.46516348042182,0.0747522225184186,0.606184014622465,0.0772148384800126,0.298697274415941
"fixed_design","ET","lower",-1.46951031935559,0.000513547482211911,-0.46516348042182,0.0747522225184186,0.606184014622465,0.0772148384800126,0.298697274415941
"fixed_design","ET","lower",-1.46084056933217,0.000536076262782015,-0.46516348042182,0.0747522225184186,0.606184014622465,0.0772148384800126,0.298697274415941
"fixed_design","ET","lower",-1.45217081930876,0.000558599441616753,-0.46516348042182,0.0747522225184186,0.606184014622465,0.0772148384800126,0.298697274415941
"fixed_design","ET","lower",-1.44350106928535,0.000584181173414845,-0.46516348042182,0.0747522225184186,0.606184014622465,0.0772148384800126,0.298697274415941
"fixed_design","ET","lower",-1.43483131926194,0.000608625696881714,-0.46516348042182,0.0747522225184186,0.606184014622465,0.0772148384800126,0.298697274415941
"fixed_design","ET","lower",-1.42616156923853,0.000632652388175524,-0.46516348042182,0.0747522225184186,0.606184014622465,0.0772148384800126,0.298697274415941
"fixed_design","ET","lower",-1.41749181921512,0.000661694770928769,-0.46516348042182,0.0747522225184186,0.606184014622465,0.0772148384800126,0.298697274415941
"fixed_design","ET","lower",-1.40882206919171,0.000687258430309866,-0.46516348042182,0.0747522225184186,0.606184014622465,0.0772148384800126,0.298697274415941
"fixed_design","ET","lower",-1.4001523191683,0.000707976833827206,-0.46516348042182,0.0747522225184186,0.606184014622465,0.0772148384800126,0.298697274415941
"fixed_design","ET","lower",-1.39148256914489,0.000732396308497966,-0.46516348042182,0.0747522225184186,0.606184014622465,0.0772148384800126,0.298697274415941
"fixed_design","ET","lower",-1.38281281912148,0.000760650494067657,-0.46516348042182,0.0747522225184186,0.606184014622465,0.0772148384800126,0.298697274415941
"fixed_design","ET","lower",-1.37414306909806,0.000790101138714329,-0.46516348042182,0.0747522225184186,0.606184014622465,0.0772148384800126,0.298697274415941
"fixed_design","ET","lower",-1.36547331907465,0.000817695602932706,-0.46516348042182,0.0747522225184186,0.606184014622465,0.0772148384800126,0.298697274415941
"fixed_design","ET","lower",-1.35680356905124,0.00085077226322058,-0.46516348042182,0.0747522225184186,0.606184014622465,0.0772148384800126,0.298697274415941
"fixed_design","ET","lower",-1.34813381902783,0.000887131715306596,-0.46516348042182,0.0747522225184186,0.606184014622465,0.0772148384800126,0.298697274415941
"fixed_design","ET","lower",-1.33946406900442,0.000923164693610599,-0.46516348042182,0.0747522225184186,0.606184014622465,0.0772148384800126,0.298697274415941
"fixed_design","ET","lower",-1.33079431898101,0.000964444008269289,-0.46516348042182,0.0747522225184186,0.606184014622465,0.0772148384800126,0.298697274415941
"fixed_design","ET","lower",-1.3221245689576,0.0010036430825099,-0.46516348042182,0.0747522225184186,0.606184014622465,0.0772148384800126,0.298697274415941
"fixed_design","ET","lower",-1.31345481893419,0.00103469558748868,-0.46516348042182,0.0747522225184186,0.606184014622465,0.0772148384800126,0.298697274415941
"fixed_design","ET","lower",-1.30478506891078,0.00107354717610383,-0.46516348042182,0.0747522225184186,0.606184014622465,0.0772148384800126,0.298697274415941
"fixed_design","ET","lower",-1.29611531888737,0.00111482562059929,-0.46516348042182,0.0747522225184186,0.606184014622465,0.0772148384800126,0.298697274415941
"fixed_design","ET","lower",-1.28744556886396,0.00115831297464495,-0.46516348042182,0.0747522225184186,0.606184014622465,0.0772148384800126,0.298697274415941
"fixed_design","ET","lower",-1.27877581884054,0.00120388384121191,-0.46516348042182,0.0747522225184186,0.606184014622465,0.0772148384800126,0.298697274415941
"fixed_design","ET","lower",-1.27010606881713,0.00124766145375237,-0.46516348042182,0.0747522225184186,0.606184014622465,0.0772148384800126,0.298697274415941
"fixed_design","ET","lower",-1.26143631879372,0.00129033339950171,-0.46516348042182,0.0747522225184186,0.606184014622465,0.0772148384800126,0.298697274415941
"fixed_design","ET","lower",-1.25276656877031,0.001340975489037,-0.46516348042182,0.0747522225184186,0.606184014622465,0.0772148384800126,0.298697274415941
"fixed_design","ET","lower",-1.2440968187469,0.00139840540270327,-0.46516348042182,0.0747522225184186,0.606184014622465,0.0772148384800126,0.298697274415941
"fixed_design","ET","lower",-1.23542706872349,0.00145234526596831,-0.46516348042182,0.0747522225184186,0.606184014622465,0.0772148384800126,0.298697274415941
"fixed_design","ET","lower",-1.22675731870008,0.00150801711651634,-0.46516348042182,0.0747522225184186,0.606184014622465,0.0772148384800126,0.298697274415941
"fixed_design","ET","lower",-1.21808756867667,0.001573413411558,-0.46516348042182,0.0747522225184186,0.606184014622465,0.0772148384800126,0.298697274415941
"fixed_design","ET","lower",-1.20941781865326,0.00164472922528908,-0.46516348042182,0.0747522225184186,0.606184014622465,0.0772148384800126,0.298697274415941
"fixed_design","ET","lower",-1.20074806862985,0.00171165235209905,-0.46516348042182,0.0747522225184186,0.606184014622465,0.0772148384800126,0.298697274415941
"fixed_design","ET","lower",-1.19207831860643,0.00177547182216001,-0.46516348042182,0.0747522225184186,0.606184014622465,0.0772148384800126,0.298697274415941
"fixed_design","ET","lower",-1.18340856858302,0.001844189363421,-0.46516348042182,0.0747522225184186,0.606184014622465,0.0772148384800126,0.298697274415941
"fixed_design","ET","lower",-1.17473881855961,0.0019187672105337,-0.46516348042182,0.0747522225184186,0.606184014622465,0.0772148384800126,0.298697274415941
"fixed_design","ET","lower",-1.1660690685362,0.00199329911789348,-0.46516348042182,0.0747522225184186,0.606184014622465,0.0772148384800126,0.298697274415941
"fixed_design","ET","lower",-1.15739931851279,0.00208030664393172,-0.46516348042182,0.0747522225184186,0.606184014622465,0.0772148384800126,0.298697274415941
"fixed_design","ET","lower",-1.14872956848938,0.00219245547276187,-0.46516348042182,0.0747522225184186,0.606184014622465,0.0772148384800126,0.298697274415941
"fixed_design","ET","lower",-1.14005981846597,0.00228251021326718,-0.46516348042182,0.0747522225184186,0.606184014622465,0.0772148384800126,0.298697274415941
"fixed_design","ET","lower",-1.13139006844256,0.00236248614983293,-0.46516348042182,0.0747522225184186,0.606184014622465,0.0772148384800126,0.298697274415941
"fixed_design","ET","lower",-1.12272031841915,0.00245860833354996,-0.46516348042182,0.0747522225184186,0.606184014622465,0.0772148384800126,0.298697274415941
"fixed_design","ET","lower",-1.11405056839574,0.00254982639385352,-0.46516348042182,0.0747522225184186,0.606184014622465,0.0772148384800126,0.298697274415941
"fixed_design","ET","lower",-1.10538081837232,0.00263652101968092,-0.46516348042182,0.0747522225184186,0.606184014622465,0.0772148384800126,0.298697274415941
"fixed_design","ET","lower",-1.09671106834891,0.00273093881230123,-0.46516348042182,0.0747522225184186,0.606184014622465,0.0772148384800126,0.298697274415941
"fixed_design","ET","lower",-1.0880413183255,0.00283138029953415,-0.46516348042182,0.0747522225184186,0.606184014622465,0.0772148384800126,0.298697274415941
"fixed_design","ET","lower",-1.07937156830209,0.00292908581520972,-0.46516348042182,0.0747522225184186,0.606184014622465,0.0772148384800126,0.298697274415941
"fixed_design","ET","lower",-1.07070181827868,0.00303014855023108,-0.46516348042182,0.0747522225184186,0.606184014622465,0.0772148384800126,0.298697274415941
"fixed_design","ET","lower",-1.06203206825527,0.0031438390180388,-0.46516348042182,0.0747522225184186,0.606184014622465,0.0772148384800126,0.298697274415941
"fixed_design","ET","lower",-1.05336231823186,0.00326181537253801,-0.46516348042182,0.0747522225184186,0.606184014622465,0.0772148384800126,0.298697274415941
"fixed_design","ET","lower",-1.04469256820845,0.00337311712679886,-0.46516348042182,0.0747522225184186,0.606184014622465,0.0772148384800126,0.298697274415941
"fixed_design","ET","lower",-1.03602281818504,0.00348440328665301,-0.46516348042182,0.0747522225184186,0.606184014622465,0.0772148384800126,0.298697274415941
"fixed_design","ET","lower",-1.02735306816163,0.00360429869111808,-0.46516348042182,0.0747522225184186,0.606184014622465,0.0772148384800126,0.298697274415941
"fixed_design","ET","lower",-1.01868331813822,0.00373116542193988,-0.46516348042182,0.0747522225184186,0.606184014622465,0.0772148384800126,0.298697274415941
"fixed_design","ET","lower",-1.0100135681148,0.00387260861748785,-0.46516348042182,0.0747522225184186,0.606184014622465,0.0772148384800126,0.298697274415941
"fixed_design","ET","lower",-1.00134381809139,0.00403916152463776,-0.46516348042182,0.0747522225184186,0.606184014622465,0.0772148384800126,0.298697274415941
"fixed_design","ET","lower",-0.992674068067982,0.00421051104530531,-0.46516348042182,0.0747522225184186,0.606184014622465,0.0772148384800126,0.298697274415941
"fixed_design","ET","lower",-0.984004318044571,0.0043601652153758,-0.46516348042182,0.0747522225184186,0.606184014622465,0.0772148384800126,0.298697274415941
"fixed_design","ET","lower",-0.97533456802116,0.00449626200544763,-0.46516348042182,0.0747522225184186,0.606184014622465,0.0772148384800126,0.298697274415941
"fixed_design","ET","lower",-0.966664817997749,0.00464602915261728,-0.46516348042182,0.0747522225184186,0.606184014622465,0.0772148384800126,0.298697274415941
"fixed_design","ET","lower",-0.957995067974338,0.00483956598070894,-0.46516348042182,0.0747522225184186,0.606184014622465,0.0772148384800126,0.298697274415941
"fixed_design","ET","lower",-0.949325317950927,0.00508185766392796,-0.46516348042182,0.0747522225184186,0.606184014622465,0.0772148384800126,0.298697274415941
"fixed_design","ET","lower",-0.940655567927516,0.00536185210757787,-0.46516348042182,0.0747522225184186,0.606184014622465,0.0772148384800126,0.298697274415941
"fixed_design","ET","lower",-0.931985817904105,0.00562939950126514,-0.46516348042182,0.0747522225184186,0.606184014622465,0.0772148384800126,0.298697274415941
"fixed_design","ET","lower",-0.923316067880694,0.00586400934394929,-0.46516348042182,0.0747522225184186,0.606184014622465,0.0772148384800126,0.298697274415941
"fixed_design","ET","lower",-0.914646317857283,0.00613771662731957,-0.46516348042182,0.0747522225184186,0.606184014622465,0.0772148384800126,0.298697274415941
"fixed_design","ET","lower",-0.905976567833872,0.00647712102963936,-0.46516348042182,0.0747522225184186,0.606184014622465,0.0772148384800126,0.298697274415941
"fixed_design","ET","lower",-0.897306817810462,0.00681977822606308,-0.46516348042182,0.0747522225184186,0.606184014622465,0.0772148384800126,0.298697274415941
"fixed_design","ET","lower",-0.888637067787051,0.00715216657565948,-0.46516348042182,0.0747522225184186,0.606184014622465,0.0772148384800126,0.298697274415941
"fixed_design","ET","lower",-0.87996731776364,0.00752272962262262,-0.46516348042182,0.0747522225184186,0.606184014622465,0.0772148384800126,0.298697274415941
"fixed_design","ET","lower",-0.871297567740229,0.0079252779745695,-0.46516348042182,0.0747522225184186,0.606184014622465,0.0772148384800126,0.298697274415941
"fixed_design","ET","lower",-0.862627817716818,0.00833627927293144,-0.46516348042182,0.0747522225184186,0.606184014622465,0.0772148384800126,0.298697274415941
"fixed_design","ET","lower",-0.853958067693407,0.00876639254282756,-0.46516348042182,0.0747522225184186,0.606184014622465,0.0772148384800126,0.298697274415941
"fixed_design","ET","lower",-0.845288317669996,0.00923943143930085,-0.46516348042182,0.0747522225184186,0.606184014622465,0.0772148384800126,0.298697274415941
"fixed_design","ET","lower",-0.836618567646585,0.00978190419577821,-0.46516348042182,0.0747522225184186,0.606184014622465,0.0772148384800126,0.298697274415941
"fixed_design","ET","lower",-0.827948817623174,0.0102917468433902,-0.46516348042182,0.0747522225184186,0.606184014622465,0.0772148384800126,0.298697274415941
"fixed_design","ET","lower",-0.819279067599763,0.0107262987150523,-0.46516348042182,0.0747522225184186,0.606184014622465,0.0772148384800126,0.298697274415941
"fixed_design","ET","lower",-0.810609317576352,0.0112386545369115,-0.46516348042182,0.0747522225184186,0.606184014622465,0.0772148384800126,0.298697274415941
"fixed_design","ET","lower",-0.801939567552941,0.0119108556095307,-0.46516348042182,0.0747522225184186,0.606184014622465,0.0772148384800126,0.298697274415941
"fixed_design","ET","lower",-0.79326981752953,0.0126712730433343,-0.46516348042182,0.0747522225184186,0.606184014622465,0.0772148384800126,0.298697274415941
"fixed_design","ET","lower",-0.784600067506119,0.013476169400311,-0.46516348042182,0.0747522225184186,0.606184014622465,0.0772148384800126,0.298697274415941
"fixed_design","ET","lower",-0.775930317482708,0.0142916170034276,-0.46516348042182,0.0747522225184186,0.606184014622465,0.0772148384800126,0.298697274415941
"fixed_design","ET","lower",-0.767260567459297,0.0150393493655588,-0.46516348042182,0.0747522225184186,0.606184014622465,0.0772148384800126,0.298697274415941
"fixed_design","ET","lower",-0.758590817435886,0.0158314031312535,-0.46516348042182,0.0747522225184186,0.606184014622465,0.0772148384800126,0.298697274415941
"fixed_design","ET","lower",-0.749921067412475,0.0168299486755856,-0.46516348042182,0.0747522225184186,0.606184014622465,0.0772148384800126,0.298697274415941
"fixed_design","ET","lower",-0.741251317389064,0.0179388515780285,-0.46516348042182,0.0747522225184186,0.606184014622465,0.0772148384800126,0.298697274415941
"fixed_design","ET","lower",-0.732581567365653,0.0191787727464687,-0.46516348042182,0.0747522225184186,0.606184014622465,0.0772148384800126,0.298697274415941
"fixed_design","ET","lower",-0.723911817342242,0.0207796845363629,-0.46516348042182,0.0747522225184186,0.606184014622465,0.0772148384800126,0.298697274415941
"fixed_design","ET","lower",-0.715242067318831,0.0224964441091663,-0.46516348042182,0.0747522225184186,0.606184014622465,0.0772148384800126,0.298697274415941
"fixed_design","ET","lower",-0.70657231729542,0.0241093595770566,-0.46516348042182,0.0747522225184186,0.606184014622465,0.0772148384800126,0.298697274415941
"fixed_design","ET","lower",-0.697902567272009,0.0259292058476487,-0.46516348042182,0.0747522225184186,0.606184014622465,0.0772148384800126,0.298697274415941
"fixed_design","ET","lower",-0.689232817248598,0.0280155452539775,-0.46516348042182,0.0747522225184186,0.606184014622465,0.0772148384800126,0.298697274415941
"fixed_design","ET","lower",-0.680563067225187,0.0302326302383113,-0.46516348042182,0.0747522225184186,0.606184014622465,0.0772148384800126,0.298697274415941
"fixed_design","ET","lower",-0.671893317201776,0.0323409859544326,-0.46516348042182,0.0747522225184186,0.606184014622465,0.0772148384800126,0.298697274415941
"fixed_design","ET","lower",-0.663223567178365,0.0344599122697497,-0.46516348042182,0.0747522225184186,0.606184014622465,0.0772148384800126,0.298697274415941
"fixed_design","ET","lower",-0.654553817154954,0.0371596393529419,-0.46516348042182,0.0747522225184186,0.606184014622465,0.0772148384800126,0.298697274415941
"fixed_design","ET","lower",-0.645884067131544,0.0407109841727893,-0.46516348042182,0.0747522225184186,0.606184014622465,0.0772148384800126,0.298697274415941
"fixed_design","ET","lower",-0.637214317108132,0.0446968569770843,-0.46516348042182,0.0747522225184186,0.606184014622465,0.0772148384800126,0.298697274415941
"fixed_design","ET","lower",-0.628544567084721,0.0488223315341823,-0.46516348042182,0.0747522225184186,0.606184014622465,0.0772148384800126,0.298697274415941
"fixed_design","ET","lower",-0.61987481706131,0.0533688235607411,-0.46516348042182,0.0747522225184186,0.606184014622465,0.0772148384800126,0.298697274415941
"fixed_design","ET","lower",-0.6112050670379,0.0586564075177859,-0.46516348042182,0.0747522225184186,0.606184014622465,0.0772148384800126,0.298697274415941
"fixed_design","ET","lower",-0.602535317014488,0.0641474254352856,-0.46516348042182,0.0747522225184186,0.606184014622465,0.0772148384800126,0.298697274415941
"fixed_design","ET","lower",-0.593865566991077,0.0691061086944667,-0.46516348042182,0.0747522225184186,0.606184014622465,0.0772148384800126,0.298697274415941
"fixed_design","ET","lower",-0.585195816967667,0.0742441060363273,-0.46516348042182,0.0747522225184186,0.606184014622465,0.0772148384800126,0.298697274415941
"fixed_design","ET","lower",-0.576526066944256,0.0801877689633731,-0.46516348042182,0.0747522225184186,0.606184014622465,0.0772148384800126,0.298697274415941
"fixed_design","ET","lower",-0.567856316920845,0.086818261779774,-0.46516348042182,0.0747522225184186,0.606184014622465,0.0772148384800126,0.298697274415941
"fixed_design","ET","lower",-0.559186566897433,0.0934361945289697,-0.46516348042182,0.0747522225184186,0.606184014622465,0.0772148384800126,0.298697274415941
"fixed_design","ET","lower",-0.550516816874023,0.100001427779292,-0.46516348042182,0.0747522225184186,0.606184014622465,0.0772148384800126,0.298697274415941
"fixed_design","ET","lower",-0.541847066850612,0.107921650288712,-0.46516348042182,0.0747522225184186,0.606184014622465,0.0772148384800126,0.298697274415941
"fixed_design","ET","lower",-0.533177316827201,0.116750192415724,-0.46516348042182,0.0747522225184186,0.606184014622465,0.0772148384800126,0.298697274415941
"fixed_design","ET","lower",-0.52450756680379,0.125195330124509,-0.46516348042182,0.0747522225184186,0.606184014622465,0.0772148384800126,0.298697274415941
"fixed_design","ET","lower",-0.515837816780379,0.134428237653659,-0.46516348042182,0.0747522225184186,0.606184014622465,0.0772148384800126,0.298697274415941
"fixed_design","ET","lower",-0.507168066756968,0.145372177636551,-0.46516348042182,0.0747522225184186,0.606184014622465,0.0772148384800126,0.298697274415941
"fixed_design","ET","lower",-0.498498316733557,0.15850514933308,-0.46516348042182,0.0747522225184186,0.606184014622465,0.0772148384800126,0.298697274415941
"fixed_design","ET","lower",-0.489828566710146,0.172369769201919,-0.46516348042182,0.0747522225184186,0.606184014622465,0.0772148384800126,0.298697274415941
"fixed_design","ET","lower",-0.481158816686735,0.186101445062046,-0.46516348042182,0.0747522225184186,0.606184014622465,0.0772148384800126,0.298697274415941
"fixed_design","ET","lower",-0.472489066663324,0.200582212364993,-0.46516348042182,0.0747522225184186,0.606184014622465,0.0772148384800126,0.298697274415941
"fixed_design","ET","lower",-0.463819316639913,0.216453175389748,-0.46516348042182,0.0747522225184186,0.606184014622465,0.0772148384800126,0.298697274415941
"fixed_design","ET","lower",-0.455149566616502,0.234256131973978,-0.46516348042182,0.0747522225184186,0.606184014622465,0.0772148384800126,0.298697274415941
"fixed_design","ET","lower",-0.446479816593091,0.253629412374998,-0.46516348042182,0.0747522225184186,0.606184014622465,0.0772148384800126,0.298697274415941
"fixed_design","ET","lower",-0.43781006656968,0.272324490153833,-0.46516348042182,0.0747522225184186,0.606184014622465,0.0772148384800126,0.298697274415941
"fixed_design","ET","lower",-0.429140316546269,0.290859690393133,-0.46516348042182,0.0747522225184186,0.606184014622465,0.0772148384800126,0.298697274415941
"fixed_design","ET","lower",-0.420470566522858,0.311518908230568,-0.46516348042182,0.0747522225184186,0.606184014622465,0.0772148384800126,0.298697274415941
"fixed_design","ET","lower",-0.411800816499447,0.333021132472918,-0.46516348042182,0.0747522225184186,0.606184014622465,0.0772148384800126,0.298697274415941
"fixed_design","ET","lower",-0.403131066476036,0.354527050438231,-0.46516348042182,0.0747522225184186,0.606184014622465,0.0772148384800126,0.298697274415941
"fixed_design","ET","lower",-0.394461316452625,0.376054456005917,-0.46516348042182,0.0747522225184186,0.606184014622465,0.0772148384800126,0.298697274415941
"fixed_design","ET","lower",-0.385791566429214,0.399174917405196,-0.46516348042182,0.0747522225184186,0.606184014622465,0.0772148384800126,0.298697274415941
"fixed_design","ET","lower",-0.377121816405803,0.424489649211389,-0.46516348042182,0.0747522225184186,0.606184014622465,0.0772148384800126,0.298697274415941
"fixed_design","ET","lower",-0.368452066382392,0.449740320381081,-0.46516348042182,0.0747522225184186,0.606184014622465,0.0772148384800126,0.298697274415941
"fixed_design","ET","lower",-0.359782316358981,0.475201762500706,-0.46516348042182,0.0747522225184186,0.606184014622465,0.0772148384800126,0.298697274415941
"fixed_design","ET","lower",-0.35111256633557,0.501734695956142,-0.46516348042182,0.0747522225184186,0.606184014622465,0.0772148384800126,0.298697274415941
"fixed_design","ET","lower",-0.342442816312159,0.528058262404197,-0.46516348042182,0.0747522225184186,0.606184014622465,0.0772148384800126,0.298697274415941
"fixed_design","ET","lower",-0.333773066288749,0.553240689900231,-0.46516348042182,0.0747522225184186,0.606184014622465,0.0772148384800126,0.298697274415941
"fixed_design","ET","lower",-0.325103316265337,0.57927920064192,-0.46516348042182,0.0747522225184186,0.606184014622465,0.0772148384800126,0.298697274415941
"fixed_design","ET","lower",-0.316433566241926,0.607053590656654,-0.46516348042182,0.0747522225184186,0.606184014622465,0.0772148384800126,0.298697274415941
"fixed_design","ET","lower",-0.307763816218515,0.634464870601954,-0.46516348042182,0.0747522225184186,0.606184014622465,0.0772148384800126,0.298697274415941
"fixed_design","ET","lower",-0.299094066195105,0.659811874556627,-0.46516348042182,0.0747522225184186,0.606184014622465,0.0772148384800126,0.298697274415941
"fixed_design","ET","lower",-0.290424316171694,0.68575121218494,-0.46516348042182,0.0747522225184186,0.606184014622465,0.0772148384800126,0.298697274415941
"fixed_design","ET","lower",-0.281754566148282,0.711833335227459,-0.46516348042182,0.0747522225184186,0.606184014622465,0.0772148384800126,0.298697274415941
"fixed_design","ET","lower",-0.273084816124872,0.736542293809792,-0.46516348042182,0.0747522225184186,0.606184014622465,0.0772148384800126,0.298697274415941
"fixed_design","ET","lower",-0.264415066101461,0.759628606644776,-0.46516348042182,0.0747522225184186,0.606184014622465,0.0772148384800126,0.298697274415941
"fixed_design","ET","lower",-0.25574531607805,0.78272907456028,-0.46516348042182,0.0747522225184186,0.606184014622465,0.0772148384800126,0.298697274415941
"fixed_design","ET","lower",-0.247075566054638,0.807595278068546,-0.46516348042182,0.0747522225184186,0.606184014622465,0.0772148384800126,0.298697274415941
"fixed_design","ET","lower",-0.238405816031228,0.834049703851409,-0.46516348042182,0.0747522225184186,0.606184014622465,0.0772148384800126,0.298697274415941
"fixed_design","ET","lower",-0.229736066007817,0.860287096090148,-0.46516348042182,0.0747522225184186,0.606184014622465,0.0772148384800126,0.298697274415941
"fixed_design","ET","lower",-0.221066315984406,0.885244975890004,-0.46516348042182,0.0747522225184186,0.606184014622465,0.0772148384800126,0.298697274415941
"fixed_design","ET","lower",-0.212396565960995,0.908690306626786,-0.46516348042182,0.0747522225184186,0.606184014622465,0.0772148384800126,0.298697274415941
"fixed_design","ET","lower",-0.203726815937584,0.930124123677128,-0.46516348042182,0.0747522225184186,0.606184014622465,0.0772148384800126,0.298697274415941
"fixed_design","ET","lower",-0.195057065914173,0.950743298119918,-0.46516348042182,0.0747522225184186,0.606184014622465,0.0772148384800126,0.298697274415941
"fixed_design","ET","lower",-0.186387315890762,0.971265484890683,-0.46516348042182,0.0747522225184186,0.606184014622465,0.0772148384800126,0.298697274415941
"fixed_design","ET","lower",-0.177717565867351,0.990663726385223,-0.46516348042182,0.0747522225184186,0.606184014622465,0.0772148384800126,0.298697274415941
"fixed_design","ET","lower",-0.16904781584394,1.00989315847556,-0.46516348042182,0.0747522225184186,0.606184014622465,0.0772148384800126,0.298697274415941
"fixed_design","ET","lower",-0.160378065820529,1.03104397966026,-0.46516348042182,0.0747522225184186,0.606184014622465,0.0772148384800126,0.298697274415941
"fixed_design","ET","lower",-0.151708315797118,1.05335069778967,-0.46516348042182,0.0747522225184186,0.606184014622465,0.0772148384800126,0.298697274415941
"fixed_design","ET","lower",-0.143038565773707,1.07464104596205,-0.46516348042182,0.0747522225184186,0.606184014622465,0.0772148384800126,0.298697274415941
"fixed_design","ET","lower",-0.134368815750296,1.09279417884129,-0.46516348042182,0.0747522225184186,0.606184014622465,0.0772148384800126,0.298697274415941
"fixed_design","ET","lower",-0.125699065726885,1.1073600347532,-0.46516348042182,0.0747522225184186,0.606184014622465,0.0772148384800126,0.298697274415941
"fixed_design","ET","lower",-0.117029315703474,1.12128813008006,-0.46516348042182,0.0747522225184186,0.606184014622465,0.0772148384800126,0.298697274415941
"fixed_design","ET","lower",-0.108359565680063,1.13637046931284,-0.46516348042182,0.0747522225184186,0.606184014622465,0.0772148384800126,0.298697274415941
"fixed_design","ET","lower",-0.0996898156566521,1.15071671168588,-0.46516348042182,0.0747522225184186,0.606184014622465,0.0772148384800126,0.298697274415941
"fixed_design","ET","lower",-0.0910200656332414,1.16404475983991,-0.46516348042182,0.0747522225184186,0.606184014622465,0.0772148384800126,0.298697274415941
"fixed_design","ET","lower",-0.0823503156098302,1.17859997625729,-0.46516348042182,0.0747522225184186,0.606184014622465,0.0772148384800126,0.298697274415941
"fixed_design","ET","lower",-0.073680565586419,1.19392175536453,-0.46516348042182,0.0747522225184186,0.606184014622465,0.0772148384800126,0.298697274415941
"fixed_design","ET","lower",-0.0650108155630083,1.20751937366566,-0.46516348042182,0.0747522225184186,0.606184014622465,0.0772148384800126,0.298697274415941
"fixed_design","ET","lower",-0.0563410655395975,1.21811298449613,-0.46516348042182,0.0747522225184186,0.606184014622465,0.0772148384800126,0.298697274415941
"fixed_design","ET","lower",-0.0476713155161863,1.22737373363772,-0.46516348042182,0.0747522225184186,0.606184014622465,0.0772148384800126,0.298697274415941
"fixed_design","ET","lower",-0.0390015654927751,1.23598690206738,-0.46516348042182,0.0747522225184186,0.606184014622465,0.0772148384800126,0.298697274415941
"fixed_design","ET","lower",-0.0303318154693644,1.2455734029149,-0.46516348042182,0.0747522225184186,0.606184014622465,0.0772148384800126,0.298697274415941
"fixed_design","ET","lower",-0.0216620654459536,1.25678883950056,-0.46516348042182,0.0747522225184186,0.606184014622465,0.0772148384800126,0.298697274415941
"fixed_design","ET","lower",-0.0129923154225424,1.2678005110431,-0.46516348042182,0.0747522225184186,0.606184014622465,0.0772148384800126,0.298697274415941
"fixed_design","ET","lower",-0.00432256539913123,1.2774227809377,-0.46516348042182,0.0747522225184186,0.606184014622465,0.0772148384800126,0.298697274415941
"fixed_design","ET","lower",0.00434718462427952,1.28553551129519,-0.46516348042182,0.0747522225184186,0.606184014622465,0.0772148384800126,0.298697274415941
"fixed_design","ET","lower",0.0130169346476903,1.29395128561954,-0.46516348042182,0.0747522225184186,0.606184014622465,0.0772148384800126,0.298697274415941
"fixed_design","ET","lower",0.0216866846711015,1.30379621422452,-0.46516348042182,0.0747522225184186,0.606184014622465,0.0772148384800126,0.298697274415941
"fixed_design","ET","lower",0.0303564346945127,1.31205378014587,-0.46516348042182,0.0747522225184186,0.606184014622465,0.0772148384800126,0.298697274415941
"fixed_design","ET","lower",0.0390261847179234,1.31850052893399,-0.46516348042182,0.0747522225184186,0.606184014622465,0.0772148384800126,0.298697274415941
"fixed_design","ET","lower",0.0476959347413342,1.32501458595033,-0.46516348042182,0.0747522225184186,0.606184014622465,0.0772148384800126,0.298697274415941
"fixed_design","ET","lower",0.0563656847647453,1.32941656928742,-0.46516348042182,0.0747522225184186,0.606184014622465,0.0772148384800126,0.298697274415941
"fixed_design","ET","lower",0.0650354347881565,1.33260968567505,-0.46516348042182,0.0747522225184186,0.606184014622465,0.0772148384800126,0.298697274415941
"fixed_design","ET","lower",0.0737051848115673,1.33514088440015,-0.46516348042182,0.0747522225184186,0.606184014622465,0.0772148384800126,0.298697274415941
"fixed_design","ET","lower",0.082374934834978,1.33407522987535,-0.46516348042182,0.0747522225184186,0.606184014622465,0.0772148384800126,0.298697274415941
"fixed_design","ET","lower",0.0910446848583892,1.33233473525687,-0.46516348042182,0.0747522225184186,0.606184014622465,0.0772148384800126,0.298697274415941
"fixed_design","ET","lower",0.0997144348818004,1.32924316899765,-0.46516348042182,0.0747522225184186,0.606184014622465,0.0772148384800126,0.298697274415941
"fixed_design","ET","lower",0.108384184905211,1.32418457414857,-0.46516348042182,0.0747522225184186,0.606184014622465,0.0772148384800126,0.298697274415941
"fixed_design","ET","lower",0.117053934928622,1.31977473276395,-0.46516348042182,0.0747522225184186,0.606184014622465,0.0772148384800126,0.298697274415941
"fixed_design","ET","lower",0.125723684952033,1.31575177359245,-0.46516348042182,0.0747522225184186,0.606184014622465,0.0772148384800126,0.298697274415941
"fixed_design","ET","lower",0.134393434975444,1.3086282416349,-0.46516348042182,0.0747522225184186,0.606184014622465,0.0772148384800126,0.298697274415941
"fixed_design","ET","lower",0.143063184998855,1.29880072502773,-0.46516348042182,0.0747522225184186,0.606184014622465,0.0772148384800126,0.298697274415941
"fixed_design","ET","lower",0.151732935022266,1.28689671574961,-0.46516348042182,0.0747522225184186,0.606184014622465,0.0772148384800126,0.298697274415941
"fixed_design","ET","lower",0.160402685045677,1.27130798711192,-0.46516348042182,0.0747522225184186,0.606184014622465,0.0772148384800126,0.298697274415941
"fixed_design","ET","lower",0.169072435069088,1.2513478663753,-0.46516348042182,0.0747522225184186,0.606184014622465,0.0772148384800126,0.298697274415941
"fixed_design","ET","lower",0.177742185092499,1.23072479189517,-0.46516348042182,0.0747522225184186,0.606184014622465,0.0772148384800126,0.298697274415941
"fixed_design","ET","lower",0.18641193511591,1.2102258237362,-0.46516348042182,0.0747522225184186,0.606184014622465,0.0772148384800126,0.298697274415941
"fixed_design","ET","lower",0.195081685139321,1.19015822939886,-0.46516348042182,0.0747522225184186,0.606184014622465,0.0772148384800126,0.298697274415941
"fixed_design","ET","lower",0.203751435162732,1.17137726819788,-0.46516348042182,0.0747522225184186,0.606184014622465,0.0772148384800126,0.298697274415941
"fixed_design","ET","lower",0.212421185186143,1.15219302798215,-0.46516348042182,0.0747522225184186,0.606184014622465,0.0772148384800126,0.298697274415941
"fixed_design","ET","lower",0.221090935209554,1.12869361406565,-0.46516348042182,0.0747522225184186,0.606184014622465,0.0772148384800126,0.298697274415941
"fixed_design","ET","lower",0.229760685232965,1.10052894744975,-0.46516348042182,0.0747522225184186,0.606184014622465,0.0772148384800126,0.298697274415941
"fixed_design","ET","lower",0.238430435256376,1.07167842264796,-0.46516348042182,0.0747522225184186,0.606184014622465,0.0772148384800126,0.298697274415941
"fixed_design","ET","lower",0.247100185279787,1.04421330108655,-0.46516348042182,0.0747522225184186,0.606184014622465,0.0772148384800126,0.298697274415941
"fixed_design","ET","lower",0.255769935303197,1.02072080028462,-0.46516348042182,0.0747522225184186,0.606184014622465,0.0772148384800126,0.298697274415941
"fixed_design","ET","lower",0.264439685326609,1.00037919001516,-0.46516348042182,0.0747522225184186,0.606184014622465,0.0772148384800126,0.298697274415941
"fixed_design","ET","lower",0.27310943535002,0.983059432238958,-0.46516348042182,0.0747522225184186,0.606184014622465,0.0772148384800126,0.298697274415941
"fixed_design","ET","lower",0.281779185373431,0.967249124319505,-0.46516348042182,0.0747522225184186,0.606184014622465,0.0772148384800126,0.298697274415941
"fixed_design","ET","lower",0.290448935396841,0.949625626538121,-0.46516348042182,0.0747522225184186,0.606184014622465,0.0772148384800126,0.298697274415941
"fixed_design","ET","lower",0.299118685420253,0.929495167739538,-0.46516348042182,0.0747522225184186,0.606184014622465,0.0772148384800126,0.298697274415941
"fixed_design","ET","lower",0.307788435443664,0.90821456364424,-0.46516348042182,0.0747522225184186,0.606184014622465,0.0772148384800126,0.298697274415941
"fixed_design","ET","lower",0.316458185467074,0.890745272711559,-0.46516348042182,0.0747522225184186,0.606184014622465,0.0772148384800126,0.298697274415941
"fixed_design","ET","lower",0.325127935490485,0.876855527533893,-0.46516348042182,0.0747522225184186,0.606184014622465,0.0772148384800126,0.298697274415941
"fixed_design","ET","lower",0.333797685513896,0.861786131536897,-0.46516348042182,0.0747522225184186,0.606184014622465,0.0772148384800126,0.298697274415941
"fixed_design","ET","lower",0.342467435537308,0.846754826593106,-0.46516348042182,0.0747522225184186,0.606184014622465,0.0772148384800126,0.298697274415941
"fixed_design","ET","lower",0.351137185560718,0.833924299674325,-0.46516348042182,0.0747522225184186,0.606184014622465,0.0772148384800126,0.298697274415941
"fixed_design","ET","lower",0.359806935584129,0.821541839492164,-0.46516348042182,0.0747522225184186,0.606184014622465,0.0772148384800126,0.298697274415941
"fixed_design","ET","lower",0.36847668560754,0.809925184296757,-0.46516348042182,0.0747522225184186,0.606184014622465,0.0772148384800126,0.298697274415941
"fixed_design","ET","lower",0.377146435630952,0.800904572302438,-0.46516348042182,0.0747522225184186,0.606184014622465,0.0772148384800126,0.298697274415941
"fixed_design","ET","lower",0.385816185654362,0.793142724595643,-0.46516348042182,0.0747522225184186,0.606184014622465,0.0772148384800126,0.298697274415941
"fixed_design","ET","lower",0.394485935677773,0.784668322943533,-0.46516348042182,0.0747522225184186,0.606184014622465,0.0772148384800126,0.298697274415941
"fixed_design","ET","lower",0.403155685701184,0.775408701385077,-0.46516348042182,0.0747522225184186,0.606184014622465,0.0772148384800126,0.298697274415941
"fixed_design","ET","lower",0.411825435724595,0.766695147855395,-0.46516348042182,0.0747522225184186,0.606184014622465,0.0772148384800126,0.298697274415941
"fixed_design","ET","lower",0.420495185748006,0.757979413770499,-0.46516348042182,0.0747522225184186,0.606184014622465,0.0772148384800126,0.298697274415941
"fixed_design","ET","lower",0.429164935771417,0.747483525260336,-0.46516348042182,0.0747522225184186,0.606184014622465,0.0772148384800126,0.298697274415941
"fixed_design","ET","lower",0.437834685794828,0.735923690520028,-0.46516348042182,0.0747522225184186,0.606184014622465,0.0772148384800126,0.298697274415941
"fixed_design","ET","lower",0.446504435818239,0.725860489044564,-0.46516348042182,0.0747522225184186,0.606184014622465,0.0772148384800126,0.298697274415941
"fixed_design","ET","lower",0.45517418584165,0.715825505046422,-0.46516348042182,0.0747522225184186,0.606184014622465,0.0772148384800126,0.298697274415941
"fixed_design","ET","lower",0.463843935865061,0.703144241237488,-0.46516348042182,0.0747522225184186,0.606184014622465,0.0772148384800126,0.298697274415941
"fixed_design","ET","lower",0.472513685888472,0.68920576555486,-0.46516348042182,0.0747522225184186,0.606184014622465,0.0772148384800126,0.298697274415941
"fixed_design","ET","lower",0.481183435911883,0.675461853239392,-0.46516348042182,0.0747522225184186,0.606184014622465,0.0772148384800126,0.298697274415941
"fixed_design","ET","lower",0.489853185935294,0.661141372717065,-0.46516348042182,0.0747522225184186,0.606184014622465,0.0772148384800126,0.298697274415941
"fixed_design","ET","lower",0.498522935958705,0.644346668351227,-0.46516348042182,0.0747522225184186,0.606184014622465,0.0772148384800126,0.298697274415941
"fixed_design","ET","lower",0.507192685982116,0.62478145712299,-0.46516348042182,0.0747522225184186,0.606184014622465,0.0772148384800126,0.298697274415941
"fixed_design","ET","lower",0.515862436005527,0.60387031482529,-0.46516348042182,0.0747522225184186,0.606184014622465,0.0772148384800126,0.298697274415941
"fixed_design","ET","lower",0.524532186028938,0.581762244394709,-0.46516348042182,0.0747522225184186,0.606184014622465,0.0772148384800126,0.298697274415941
"fixed_design","ET","lower",0.533201936052349,0.559705745502534,-0.46516348042182,0.0747522225184186,0.606184014622465,0.0772148384800126,0.298697274415941
"fixed_design","ET","lower",0.54187168607576,0.538046289701237,-0.46516348042182,0.0747522225184186,0.606184014622465,0.0772148384800126,0.298697274415941
"fixed_design","ET","lower",0.550541436099171,0.514184447398577,-0.46516348042182,0.0747522225184186,0.606184014622465,0.0772148384800126,0.298697274415941
"fixed_design","ET","lower",0.559211186122582,0.488569101174482,-0.46516348042182,0.0747522225184186,0.606184014622465,0.0772148384800126,0.298697274415941
"fixed_design","ET","lower",0.567880936145992,0.463044616994904,-0.46516348042182,0.0747522225184186,0.606184014622465,0.0772148384800126,0.298697274415941
"fixed_design","ET","lower",0.576550686169404,0.436775907737135,-0.46516348042182,0.0747522225184186,0.606184014622465,0.0772148384800126,0.298697274415941
"fixed_design","ET","lower",0.585220436192815,0.408625491229983,-0.46516348042182,0.0747522225184186,0.606184014622465,0.0772148384800126,0.298697274415941
"fixed_design","ET","lower",0.593890186216226,0.378905838083328,-0.46516348042182,0.0747522225184186,0.606184014622465,0.0772148384800126,0.298697274415941
"fixed_design","ET","lower",0.602559936239636,0.348784076674945,-0.46516348042182,0.0747522225184186,0.606184014622465,0.0772148384800126,0.298697274415941
"fixed_design","ET","lower",0.611229686263048,0.319019145784534,-0.46516348042182,0.0747522225184186,0.606184014622465,0.0772148384800126,0.298697274415941
"fixed_design","ET","lower",0.619899436286459,0.290282265274945,-0.46516348042182,0.0747522225184186,0.606184014622465,0.0772148384800126,0.298697274415941
"fixed_design","ET","lower",0.628569186309869,0.26366637079666,-0.46516348042182,0.0747522225184186,0.606184014622465,0.0772148384800126,0.298697274415941
"fixed_design","ET","lower",0.63723893633328,0.238290697453018,-0.46516348042182,0.0747522225184186,0.606184014622465,0.0772148384800126,0.298697274415941
"fixed_design","ET","lower",0.645908686356691,0.212728335546104,-0.46516348042182,0.0747522225184186,0.606184014622465,0.0772148384800126,0.298697274415941
"fixed_design","ET","lower",0.654578436380103,0.188338414210907,-0.46516348042182,0.0747522225184186,0.606184014622465,0.0772148384800126,0.298697274415941
"fixed_design","ET","lower",0.663248186403513,0.166341332694273,-0.46516348042182,0.0747522225184186,0.606184014622465,0.0772148384800126,0.298697274415941
"fixed_design","ET","lower",0.671917936426924,0.146057688940188,-0.46516348042182,0.0747522225184186,0.606184014622465,0.0772148384800126,0.298697274415941
"fixed_design","ET","lower",0.680587686450335,0.128264624033216,-0.46516348042182,0.0747522225184186,0.606184014622465,0.0772148384800126,0.298697274415941
"fixed_design","ET","lower",0.689257436473746,0.113954483369839,-0.46516348042182,0.0747522225184186,0.606184014622465,0.0772148384800126,0.298697274415941
"fixed_design","ET","lower",0.697927186497157,0.101686554230658,-0.46516348042182,0.0747522225184186,0.606184014622465,0.0772148384800126,0.298697274415941
"fixed_design","ET","lower",0.706596936520568,0.0904308280691854,-0.46516348042182,0.0747522225184186,0.606184014622465,0.0772148384800126,0.298697274415941
"fixed_design","ET","lower",0.715266686543979,0.0798699722795438,-0.46516348042182,0.0747522225184186,0.606184014622465,0.0772148384800126,0.298697274415941
"fixed_design","ET","lower",0.72393643656739,0.0697087821152267,-0.46516348042182,0.0747522225184186,0.606184014622465,0.0772148384800126,0.298697274415941
"fixed_design","ET","lower",0.732606186590801,0.0601983081246171,-0.46516348042182,0.0747522225184186,0.606184014622465,0.0772148384800126,0.298697274415941
"fixed_design","ET","lower",0.741275936614212,0.0519844240033865,-0.46516348042182,0.0747522225184186,0.606184014622465,0.0772148384800126,0.298697274415941
"fixed_design","ET","lower",0.749945686637623,0.0450593609188208,-0.46516348042182,0.0747522225184186,0.606184014622465,0.0772148384800126,0.298697274415941
"fixed_design","ET","lower",0.758615436661034,0.0388973958792351,-0.46516348042182,0.0747522225184186,0.606184014622465,0.0772148384800126,0.298697274415941
"fixed_design","ET","lower",0.767285186684445,0.0336175345599887,-0.46516348042182,0.0747522225184186,0.606184014622465,0.0772148384800126,0.298697274415941
"fixed_design","ET","lower",0.775954936707856,0.0291047580191752,-0.46516348042182,0.0747522225184186,0.606184014622465,0.0772148384800126,0.298697274415941
"fixed_design","ET","lower",0.784624686731267,0.0251531397213116,-0.46516348042182,0.0747522225184186,0.606184014622465,0.0772148384800126,0.298697274415941
"fixed_design","ET","lower",0.793294436754678,0.0218905960142993,-0.46516348042182,0.0747522225184186,0.606184014622465,0.0772148384800126,0.298697274415941
"fixed_design","ET","lower",0.801964186778089,0.0189134482989434,-0.46516348042182,0.0747522225184186,0.606184014622465,0.0772148384800126,0.298697274415941
"fixed_design","ET","lower",0.8106339368015,0.016165408989819,-0.46516348042182,0.0747522225184186,0.606184014622465,0.0772148384800126,0.298697274415941
"fixed_design","ET","lower",0.819303686824911,0.0139960720517035,-0.46516348042182,0.0747522225184186,0.606184014622465,0.0772148384800126,0.298697274415941
"fixed_design","ET","lower",0.827973436848322,0.012528430787108,-0.46516348042182,0.0747522225184186,0.606184014622465,0.0772148384800126,0.298697274415941
"fixed_design","ET","lower",0.836643186871733,0.0112421025109112,-0.46516348042182,0.0747522225184186,0.606184014622465,0.0772148384800126,0.298697274415941
"fixed_design","ET","lower",0.845312936895144,0.00996280165445242,-0.46516348042182,0.0747522225184186,0.606184014622465,0.0772148384800126,0.298697274415941
"fixed_design","ET","lower",0.853982686918555,0.00860724334993546,-0.46516348042182,0.0747522225184186,0.606184014622465,0.0772148384800126,0.298697274415941
"fixed_design","ET","lower",0.862652436941966,0.00739347369353145,-0.46516348042182,0.0747522225184186,0.606184014622465,0.0772148384800126,0.298697274415941
"fixed_design","ET","lower",0.871322186965377,0.00647125851835096,-0.46516348042182,0.0747522225184186,0.606184014622465,0.0772148384800126,0.298697274415941
"fixed_design","ET","lower",0.879991936988787,0.00576194721439352,-0.46516348042182,0.0747522225184186,0.606184014622465,0.0772148384800126,0.298697274415941
"fixed_design","ET","lower",0.888661687012199,0.00504214060477452,-0.46516348042182,0.0747522225184186,0.606184014622465,0.0772148384800126,0.298697274415941
"fixed_design","ET","lower",0.89733143703561,0.00427757989511456,-0.46516348042182,0.0747522225184186,0.606184014622465,0.0772148384800126,0.298697274415941
"fixed_design","ET","lower",0.906001187059021,0.00366416672002061,-0.46516348042182,0.0747522225184186,0.606184014622465,0.0772148384800126,0.298697274415941
"fixed_design","ET","lower",0.914670937082431,0.00320812929842976,-0.46516348042182,0.0747522225184186,0.606184014622465,0.0772148384800126,0.298697274415941
"fixed_design","ET","lower",0.923340687105842,0.00273706759836574,-0.46516348042182,0.0747522225184186,0.606184014622465,0.0772148384800126,0.298697274415941
"fixed_design","ET","lower",0.932010437129254,0.00232236945624387,-0.46516348042182,0.0747522225184186,0.606184014622465,0.0772148384800126,0.298697274415941
"fixed_design","ET","lower",0.940680187152664,0.00204290009825492,-0.46516348042182,0.0747522225184186,0.606184014622465,0.0772148384800126,0.298697274415941
"fixed_design","ET","lower",0.949349937176075,0.00184542885755419,-0.46516348042182,0.0747522225184186,0.606184014622465,0.0772148384800126,0.298697274415941
"fixed_design","ET","lower",0.958019687199486,0.00164073529916553,-0.46516348042182,0.0747522225184186,0.606184014622465,0.0772148384800126,0.298697274415941
"fixed_design","ET","lower",0.966689437222898,0.0014843490634727,-0.46516348042182,0.0747522225184186,0.606184014622465,0.0772148384800126,0.298697274415941
"fixed_design","ET","lower",0.975359187246308,0.0013754786173416,-0.46516348042182,0.0747522225184186,0.606184014622465,0.0772148384800126,0.298697274415941
"fixed_design","ET","lower",0.984028937269719,0.00124331529956961,-0.46516348042182,0.0747522225184186,0.606184014622465,0.0772148384800126,0.298697274415941
"fixed_design","ET","lower",0.99269868729313,0.00109853426814279,-0.46516348042182,0.0747522225184186,0.606184014622465,0.0772148384800126,0.298697274415941
"fixed_design","ET","lower",1.00136843731654,0.00100037442726972,-0.46516348042182,0.0747522225184186,0.606184014622465,0.0772148384800126,0.298697274415941
"fixed_design","ET","lower",1.01003818733995,0.000948204349955454,-0.46516348042182,0.0747522225184186,0.606184014622465,0.0772148384800126,0.298697274415941
"fixed_design","ET","lower",1.01870793736336,0.000906544860762067,-0.46516348042182,0.0747522225184186,0.606184014622465,0.0772148384800126,0.298697274415941
"fixed_design","ET","lower",1.02737768738677,0.000848408024362324,-0.46516348042182,0.0747522225184186,0.606184014622465,0.0772148384800126,0.298697274415941
"fixed_design","ET","lower",1.03604743741019,0.000785117613708317,-0.46516348042182,0.0747522225184186,0.606184014622465,0.0772148384800126,0.298697274415941
"fixed_design","ET","lower",1.0447171874336,0.000736998475648152,-0.46516348042182,0.0747522225184186,0.606184014622465,0.0772148384800126,0.298697274415941
"fixed_design","ET","lower",1.05338693745701,0.000687133583705851,-0.46516348042182,0.0747522225184186,0.606184014622465,0.0772148384800126,0.298697274415941
"fixed_design","ET","lower",1.06205668748042,0.000624187346142279,-0.46516348042182,0.0747522225184186,0.606184014622465,0.0772148384800126,0.298697274415941
"fixed_design","ET","lower",1.07072643750383,0.00055570624680942,-0.46516348042182,0.0747522225184186,0.606184014622465,0.0772148384800126,0.298697274415941
"fixed_design","ET","lower",1.07939618752724,0.000496539634395196,-0.46516348042182,0.0747522225184186,0.606184014622465,0.0772148384800126,0.298697274415941
"fixed_design","ET","lower",1.08806593755065,0.000457408902995946,-0.46516348042182,0.0747522225184186,0.606184014622465,0.0772148384800126,0.298697274415941
"fixed_design","ET","lower",1.09673568757406,0.000435023925579512,-0.46516348042182,0.0747522225184186,0.606184014622465,0.0772148384800126,0.298697274415941
"fixed_design","ET","lower",1.10540543759747,0.000419658295862145,-0.46516348042182,0.0747522225184186,0.606184014622465,0.0772148384800126,0.298697274415941
"fixed_design","ET","lower",1.11407518762088,0.000395941105239511,-0.46516348042182,0.0747522225184186,0.606184014622465,0.0772148384800126,0.298697274415941
"fixed_design","ET","lower",1.12274493764429,0.000352908972264016,-0.46516348042182,0.0747522225184186,0.606184014622465,0.0772148384800126,0.298697274415941
"fixed_design","ET","lower",1.13141468766771,0.000307843313181375,-0.46516348042182,0.0747522225184186,0.606184014622465,0.0772148384800126,0.298697274415941
"fixed_design","ET","lower",1.14008443769112,0.000278287198077514,-0.46516348042182,0.0747522225184186,0.606184014622465,0.0772148384800126,0.298697274415941
"fixed_design","ET","lower",1.14875418771453,0.000259903603459533,-0.46516348042182,0.0747522225184186,0.606184014622465,0.0772148384800126,0.298697274415941
"fixed_design","ET","lower",1.15742393773794,0.000243160291005678,-0.46516348042182,0.0747522225184186,0.606184014622465,0.0772148384800126,0.298697274415941
"fixed_design","ET","lower",1.16609368776135,0.000224972930968152,-0.46516348042182,0.0747522225184186,0.606184014622465,0.0772148384800126,0.298697274415941
"fixed_design","ET","lower",1.17476343778476,0.000205536320118316,-0.46516348042182,0.0747522225184186,0.606184014622465,0.0772148384800126,0.298697274415941
"fixed_design","ET","lower",1.18343318780817,0.00018760219820702,-0.46516348042182,0.0747522225184186,0.606184014622465,0.0772148384800126,0.298697274415941
"fixed_design","ET","lower",1.19210293783158,0.000172835459468715,-0.46516348042182,0.0747522225184186,0.606184014622465,0.0772148384800126,0.298697274415941
"fixed_design","ET","lower",1.20077268785499,0.000160468349165072,-0.46516348042182,0.0747522225184186,0.606184014622465,0.0772148384800126,0.298697274415941
"fixed_design","ET","lower",1.2094424378784,0.000147910910772528,-0.46516348042182,0.0747522225184186,0.606184014622465,0.0772148384800126,0.298697274415941
"fixed_design","ET","lower",1.21811218790182,0.000132880196036718,-0.46516348042182,0.0747522225184186,0.606184014622465,0.0772148384800126,0.298697274415941
"fixed_design","ET","lower",1.22678193792523,0.000119626869040248,-0.46516348042182,0.0747522225184186,0.606184014622465,0.0772148384800126,0.298697274415941
"fixed_design","ET","lower",1.23545168794864,0.000109924139832415,-0.46516348042182,0.0747522225184186,0.606184014622465,0.0772148384800126,0.298697274415941
"fixed_design","ET","lower",1.24412143797205,0.000101279214811626,-0.46516348042182,0.0747522225184186,0.606184014622465,0.0772148384800126,0.298697274415941
"fixed_design","ET","lower",1.25279118799546,9.36055687623202e-05,-0.46516348042182,0.0747522225184186,0.606184014622465,0.0772148384800126,0.298697274415941
"fixed_design","ET","lower",1.26146093801887,8.62634321353211e-05,-0.46516348042182,0.0747522225184186,0.606184014622465,0.0772148384800126,0.298697274415941
"fixed_design","ET","lower",1.27013068804228,7.96022489272774e-05,-0.46516348042182,0.0747522225184186,0.606184014622465,0.0772148384800126,0.298697274415941
"fixed_design","ET","lower",1.27880043806569,7.32991313700065e-05,-0.46516348042182,0.0747522225184186,0.606184014622465,0.0772148384800126,0.298697274415941
"fixed_design","ET","lower",1.2874701880891,6.8604312687842e-05,-0.46516348042182,0.0747522225184186,0.606184014622465,0.0772148384800126,0.298697274415941
"fixed_design","ET","lower",1.29613993811251,6.34134636405305e-05,-0.46516348042182,0.0747522225184186,0.606184014622465,0.0772148384800126,0.298697274415941
"fixed_design","ET","lower",1.30480968813593,5.79157203222564e-05,-0.46516348042182,0.0747522225184186,0.606184014622465,0.0772148384800126,0.298697274415941
"fixed_design","ET","lower",1.31347943815934,5.31666280240937e-05,-0.46516348042182,0.0747522225184186,0.606184014622465,0.0772148384800126,0.298697274415941
"fixed_design","ET","lower",1.32214918818275,5.06101768547522e-05,-0.46516348042182,0.0747522225184186,0.606184014622465,0.0772148384800126,0.298697274415941
"fixed_design","ET","lower",1.33081893820616,4.88595062854041e-05,-0.46516348042182,0.0747522225184186,0.606184014622465,0.0772148384800126,0.298697274415941
"fixed_design","ET","lower",1.33948868822957,4.45193691584387e-05,-0.46516348042182,0.0747522225184186,0.606184014622465,0.0772148384800126,0.298697274415941
"fixed_design","ET","lower",1.34815843825298,3.86536623171972e-05,-0.46516348042182,0.0747522225184186,0.606184014622465,0.0772148384800126,0.298697274415941
"fixed_design","ET","lower",1.35682818827639,3.46405047479471e-05,-0.46516348042182,0.0747522225184186,0.606184014622465,0.0772148384800126,0.298697274415941
"fixed_design","ET","lower",1.3654979382998,3.22234907358648e-05,-0.46516348042182,0.0747522225184186,0.606184014622465,0.0772148384800126,0.298697274415941
"fixed_design","ET","lower",1.37416768832321,3.10322987736009e-05,-0.46516348042182,0.0747522225184186,0.606184014622465,0.0772148384800126,0.298697274415941
"fixed_design","ET","lower",1.38283743834662,3.04935062005952e-05,-0.46516348042182,0.0747522225184186,0.606184014622465,0.0772148384800126,0.298697274415941
"fixed_design","ET","lower",1.39150718837003,2.85535683752671e-05,-0.46516348042182,0.0747522225184186,0.606184014622465,0.0772148384800126,0.298697274415941
"fixed_design","ET","lower",1.40017693839345,2.4923394589295e-05,-0.46516348042182,0.0747522225184186,0.606184014622465,0.0772148384800126,0.298697274415941
"fixed_design","ET","lower",1.40884668841686,2.12169494137244e-05,-0.46516348042182,0.0747522225184186,0.606184014622465,0.0772148384800126,0.298697274415941
"fixed_design","ET","lower",1.41751643844027,1.8543608406246e-05,-0.46516348042182,0.0747522225184186,0.606184014622465,0.0772148384800126,0.298697274415941
"fixed_design","ET","lower",1.42618618846368,1.74843301922761e-05,-0.46516348042182,0.0747522225184186,0.606184014622465,0.0772148384800126,0.298697274415941
"fixed_design","ET","lower",1.43485593848709,1.71883652601459e-05,-0.46516348042182,0.0747522225184186,0.606184014622465,0.0772148384800126,0.298697274415941
"fixed_design","ET","lower",1.4435256885105,1.66573322842284e-05,-0.46516348042182,0.0747522225184186,0.606184014622465,0.0772148384800126,0.298697274415941
"fixed_design","ET","lower",1.45219543853391,1.66969970698875e-05,-0.46516348042182,0.0747522225184186,0.606184014622465,0.0772148384800126,0.298697274415941
"fixed_design","ET","lower",1.46086518855732,1.82440165179508e-05,-0.46516348042182,0.0747522225184186,0.606184014622465,0.0772148384800126,0.298697274415941
"fixed_design","ET","lower",1.46953493858073,1.85320064009154e-05,-0.46516348042182,0.0747522225184186,0.606184014622465,0.0772148384800126,0.298697274415941
"fixed_design","ET","lower",1.47820468860414,1.45976442518012e-05,-0.46516348042182,0.0747522225184186,0.606184014622465,0.0772148384800126,0.298697274415941
"fixed_design","ET","lower",1.48687443862756,9.53589821809012e-06,-0.46516348042182,0.0747522225184186,0.606184014622465,0.0772148384800126,0.298697274415941
"fixed_design","ET","lower",1.49554418865097,6.66566115209466e-06,-0.46516348042182,0.0747522225184186,0.606184014622465,0.0772148384800126,0.298697274415941
"fixed_design","ET","lower",1.50421393867438,6.16836708339899e-06,-0.46516348042182,0.0747522225184186,0.606184014622465,0.0772148384800126,0.298697274415941
"fixed_design","ET","lower",1.51288368869779,5.71936237174457e-06,-0.46516348042182,0.0747522225184186,0.606184014622465,0.0772148384800126,0.298697274415941
"fixed_design","ET","lower",1.5215534387212,4.97420689282828e-06,-0.46516348042182,0.0747522225184186,0.606184014622465,0.0772148384800126,0.298697274415941
"fixed_design","ET","lower",1.53022318874461,4.23975904352542e-06,-0.46516348042182,0.0747522225184186,0.606184014622465,0.0772148384800126,0.298697274415941
"fixed_design","ET","lower",1.53889293876802,3.41858316319949e-06,-0.46516348042182,0.0747522225184186,0.606184014622465,0.0772148384800126,0.298697274415941
"fixed_design","ET","lower",1.54756268879143,3.63203446865292e-06,-0.46516348042182,0.0747522225184186,0.606184014622465,0.0772148384800126,0.298697274415941
"fixed_design","ET","lower",1.55623243881484,3.430628517011e-06,-0.46516348042182,0.0747522225184186,0.606184014622465,0.0772148384800126,0.298697274415941
"fixed_design","ET","lower",1.56490218883825,3.44469143293379e-06,-0.46516348042182,0.0747522225184186,0.606184014622465,0.0772148384800126,0.298697274415941
"fixed_design","ET","lower",1.57357193886167,3.37123825355339e-06,-0.46516348042182,0.0747522225184186,0.606184014622465,0.0772148384800126,0.298697274415941
"fixed_design","ET","lower",1.58224168888508,3.51697213260232e-06,-0.46516348042182,0.0747522225184186,0.606184014622465,0.0772148384800126,0.298697274415941
"fixed_design","ET","lower",1.59091143890849,3.09395315439087e-06,-0.46516348042182,0.0747522225184186,0.606184014622465,0.0772148384800126,0.298697274415941
"fixed_design","ET","lower",1.5995811889319,2.70749716390799e-06,-0.46516348042182,0.0747522225184186,0.606184014622465,0.0772148384800126,0.298697274415941
"fixed_design","ET","lower",1.60825093895531,2.54911902844933e-06,-0.46516348042182,0.0747522225184186,0.606184014622465,0.0772148384800126,0.298697274415941
"fixed_design","ET","lower",1.61692068897872,2.6406632806117e-06,-0.46516348042182,0.0747522225184186,0.606184014622465,0.0772148384800126,0.298697274415941
"fixed_design","ET","lower",1.62559043900213,1.96259676609334e-06,-0.46516348042182,0.0747522225184186,0.606184014622465,0.0772148384800126,0.298697274415941
"fixed_design","ET","lower",1.63426018902554,1.05709502117444e-06,-0.46516348042182,0.0747522225184186,0.606184014622465,0.0772148384800126,0.298697274415941
"fixed_design","ET","lower",1.64292993904895,9.02982411939172e-07,-0.46516348042182,0.0747522225184186,0.606184014622465,0.0772148384800126,0.298697274415941
"fixed_design","ET","lower",1.65159968907236,8.35536791085607e-07,-0.46516348042182,0.0747522225184186,0.606184014622465,0.0772148384800126,0.298697274415941
"fixed_design","ET","lower",1.66026943909578,8.36525298012723e-07,-0.46516348042182,0.0747522225184186,0.606184014622465,0.0772148384800126,0.298697274415941
"fixed_design","ET","lower",1.66893918911919,8.48478982395126e-07,-0.46516348042182,0.0747522225184186,0.606184014622465,0.0772148384800126,0.298697274415941
"fixed_design","ET","lower",1.6776089391426,8.14445154833256e-07,-0.46516348042182,0.0747522225184186,0.606184014622465,0.0772148384800126,0.298697274415941
"fixed_design","ET","lower",1.68627868916601,9.17851498585019e-07,-0.46516348042182,0.0747522225184186,0.606184014622465,0.0772148384800126,0.298697274415941
"fixed_design","ET","lower",1.69494843918942,8.31134585562718e-07,-0.46516348042182,0.0747522225184186,0.606184014622465,0.0772148384800126,0.298697274415941
"fixed_design","ET","lower",1.70361818921283,8.6834677379611e-07,-0.46516348042182,0.0747522225184186,0.606184014622465,0.0772148384800126,0.298697274415941
"fixed_design","ET","lower",1.71228793923624,6.56616840322191e-07,-0.46516348042182,0.0747522225184186,0.606184014622465,0.0772148384800126,0.298697274415941
"fixed_design","ET","lower",1.72095768925965,2.60743447684894e-07,-0.46516348042182,0.0747522225184186,0.606184014622465,0.0772148384800126,0.298697274415941
"fixed_design","ET","lower",1.72962743928306,4.93483028509376e-08,-0.46516348042182,0.0747522225184186,0.606184014622465,0.0772148384800126,0.298697274415941
"fixed_design","ET","upper",-0.639980175623518,4.12801556581329e-07,-0.141526319746559,0.0169237350990359,0.248188886742528,0.0264534564940363,0.105301229908416
"fixed_design","ET","upper",-0.634541321934253,1.92356141359069e-06,-0.141526319746559,0.0169237350990359,0.248188886742528,0.0264534564940363,0.105301229908416
"fixed_design","ET","upper",-0.629102468244987,2.61042982547253e-06,-0.141526319746559,0.0169237350990359,0.248188886742528,0.0264534564940363,0.105301229908416
"fixed_design","ET","upper",-0.623663614555721,2.22846712488509e-06,-0.141526319746559,0.0169237350990359,0.248188886742528,0.0264534564940363,0.105301229908416
"fixed_design","ET","upper",-0.618224760866456,2.21547045447629e-06,-0.141526319746559,0.0169237350990359,0.248188886742528,0.0264534564940363,0.105301229908416
"fixed_design","ET","upper",-0.61278590717719,2.93398421729132e-06,-0.141526319746559,0.0169237350990359,0.248188886742528,0.0264534564940363,0.105301229908416
"fixed_design","ET","upper",-0.607347053487924,4.39252735953663e-06,-0.141526319746559,0.0169237350990359,0.248188886742528,0.0264534564940363,0.105301229908416
"fixed_design","ET","upper",-0.601908199798659,4.75314921552787e-06,-0.141526319746559,0.0169237350990359,0.248188886742528,0.0264534564940363,0.105301229908416
"fixed_design","ET","upper",-0.596469346109393,6.36039763806149e-06,-0.141526319746559,0.0169237350990359,0.248188886742528,0.0264534564940363,0.105301229908416
"fixed_design","ET","upper",-0.591030492420128,8.84239000884133e-06,-0.141526319746559,0.0169237350990359,0.248188886742528,0.0264534564940363,0.105301229908416
"fixed_design","ET","upper",-0.585591638730862,1.21284303386433e-05,-0.141526319746559,0.0169237350990359,0.248188886742528,0.0264534564940363,0.105301229908416
"fixed_design","ET","upper",-0.580152785041596,1.26754530274611e-05,-0.141526319746559,0.0169237350990359,0.248188886742528,0.0264534564940363,0.105301229908416
"fixed_design","ET","upper",-0.574713931352331,1.51348588093491e-05,-0.141526319746559,0.0169237350990359,0.248188886742528,0.0264534564940363,0.105301229908416
"fixed_design","ET","upper",-0.569275077663065,1.71697816832061e-05,-0.141526319746559,0.0169237350990359,0.248188886742528,0.0264534564940363,0.105301229908416
"fixed_design","ET","upper",-0.563836223973799,1.67668011282457e-05,-0.141526319746559,0.0169237350990359,0.248188886742528,0.0264534564940363,0.105301229908416
"fixed_design","ET","upper",-0.558397370284534,2.1032489051256e-05,-0.141526319746559,0.0169237350990359,0.248188886742528,0.0264534564940363,0.105301229908416
"fixed_design","ET","upper",-0.552958516595268,2.44070677859706e-05,-0.141526319746559,0.0169237350990359,0.248188886742528,0.0264534564940363,0.105301229908416
"fixed_design","ET","upper",-0.547519662906002,2.57576024995182e-05,-0.141526319746559,0.0169237350990359,0.248188886742528,0.0264534564940363,0.105301229908416
"fixed_design","ET","upper",-0.542080809216737,3.53372695418366e-05,-0.141526319746559,0.0169237350990359,0.248188886742528,0.0264534564940363,0.105301229908416
"fixed_design","ET","upper",-0.536641955527471,4.9595205749107e-05,-0.141526319746559,0.0169237350990359,0.248188886742528,0.0264534564940363,0.105301229908416
"fixed_design","ET","upper",-0.531203101838205,5.71976888914363e-05,-0.141526319746559,0.0169237350990359,0.248188886742528,0.0264534564940363,0.105301229908416
"fixed_design","ET","upper",-0.52576424814894,6.25718468073954e-05,-0.141526319746559,0.0169237350990359,0.248188886742528,0.0264534564940363,0.105301229908416
"fixed_design","ET","upper",-0.520325394459674,7.04068486597417e-05,-0.141526319746559,0.0169237350990359,0.248188886742528,0.0264534564940363,0.105301229908416
"fixed_design","ET","upper",-0.514886540770408,7.88068966709601e-05,-0.141526319746559,0.0169237350990359,0.248188886742528,0.0264534564940363,0.105301229908416
"fixed_design","ET","upper",-0.509447687081143,9.03029421730995e-05,-0.141526319746559,0.0169237350990359,0.248188886742528,0.0264534564940363,0.105301229908416
"fixed_design","ET","upper",-0.504008833391877,0.000101469794056884,-0.141526319746559,0.0169237350990359,0.248188886742528,0.0264534564940363,0.105301229908416
"fixed_design","ET","upper",-0.498569979702611,0.000112834114212257,-0.141526319746559,0.0169237350990359,0.248188886742528,0.0264534564940363,0.105301229908416
"fixed_design","ET","upper",-0.493131126013346,0.000123032567080719,-0.141526319746559,0.0169237350990359,0.248188886742528,0.0264534564940363,0.105301229908416
"fixed_design","ET","upper",-0.48769227232408,0.000132627549631305,-0.141526319746559,0.0169237350990359,0.248188886742528,0.0264534564940363,0.105301229908416
"fixed_design","ET","upper",-0.482253418634814,0.000153920001078068,-0.141526319746559,0.0169237350990359,0.248188886742528,0.0264534564940363,0.105301229908416
"fixed_design","ET","upper",-0.476814564945549,0.000178227132132767,-0.141526319746559,0.0169237350990359,0.248188886742528,0.0264534564940363,0.105301229908416
"fixed_design","ET","upper",-0.471375711256283,0.00020467200780188,-0.141526319746559,0.0169237350990359,0.248188886742528,0.0264534564940363,0.105301229908416
"fixed_design","ET","upper",-0.465936857567017,0.000240263734084572,-0.141526319746559,0.0169237350990359,0.248188886742528,0.0264534564940363,0.105301229908416
"fixed_design","ET","upper",-0.460498003877752,0.000274157070769098,-0.141526319746559,0.0169237350990359,0.248188886742528,0.0264534564940363,0.105301229908416
"fixed_design","ET","upper",-0.455059150188486,0.000312995920353794,-0.141526319746559,0.0169237350990359,0.248188886742528,0.0264534564940363,0.105301229908416
"fixed_design","ET","upper",-0.44962029649922,0.000353695487266714,-0.141526319746559,0.0169237350990359,0.248188886742528,0.0264534564940363,0.105301229908416
"fixed_design","ET","upper",-0.444181442809955,0.000387544464693516,-0.141526319746559,0.0169237350990359,0.248188886742528,0.0264534564940363,0.105301229908416
"fixed_design","ET","upper",-0.438742589120689,0.000441488078931893,-0.141526319746559,0.0169237350990359,0.248188886742528,0.0264534564940363,0.105301229908416
"fixed_design","ET","upper",-0.433303735431423,0.000495593968255719,-0.141526319746559,0.0169237350990359,0.248188886742528,0.0264534564940363,0.105301229908416
"fixed_design","ET","upper",-0.427864881742158,0.000552753939789792,-0.141526319746559,0.0169237350990359,0.248188886742528,0.0264534564940363,0.105301229908416
"fixed_design","ET","upper",-0.422426028052892,0.000628867298167114,-0.141526319746559,0.0169237350990359,0.248188886742528,0.0264534564940363,0.105301229908416
"fixed_design","ET","upper",-0.416987174363626,0.000724751530224673,-0.141526319746559,0.0169237350990359,0.248188886742528,0.0264534564940363,0.105301229908416
"fixed_design","ET","upper",-0.411548320674361,0.000825124849143292,-0.141526319746559,0.0169237350990359,0.248188886742528,0.0264534564940363,0.105301229908416
"fixed_design","ET","upper",-0.406109466985095,0.000924001528418374,-0.141526319746559,0.0169237350990359,0.248188886742528,0.0264534564940363,0.105301229908416
"fixed_design","ET","upper",-0.400670613295829,0.0010282304938256,-0.141526319746559,0.0169237350990359,0.248188886742528,0.0264534564940363,0.105301229908416
"fixed_design","ET","upper",-0.395231759606564,0.00114866788222379,-0.141526319746559,0.0169237350990359,0.248188886742528,0.0264534564940363,0.105301229908416
"fixed_design","ET","upper",-0.389792905917298,0.00128588231150763,-0.141526319746559,0.0169237350990359,0.248188886742528,0.0264534564940363,0.105301229908416
"fixed_design","ET","upper",-0.384354052228032,0.00145326013609142,-0.141526319746559,0.0169237350990359,0.248188886742528,0.0264534564940363,0.105301229908416
"fixed_design","ET","upper",-0.378915198538767,0.0016512999787791,-0.141526319746559,0.0169237350990359,0.248188886742528,0.0264534564940363,0.105301229908416
"fixed_design","ET","upper",-0.373476344849501,0.00187949141150087,-0.141526319746559,0.0169237350990359,0.248188886742528,0.0264534564940363,0.105301229908416
"fixed_design","ET","upper",-0.368037491160235,0.00214271543361316,-0.141526319746559,0.0169237350990359,0.248188886742528,0.0264534564940363,0.105301229908416
"fixed_design","ET","upper",-0.36259863747097,0.00250221922338094,-0.141526319746559,0.0169237350990359,0.248188886742528,0.0264534564940363,0.105301229908416
"fixed_design","ET","upper",-0.357159783781704,0.00295732839456943,-0.141526319746559,0.0169237350990359,0.248188886742528,0.0264534564940363,0.105301229908416
"fixed_design","ET","upper",-0.351720930092438,0.00334397307341139,-0.141526319746559,0.0169237350990359,0.248188886742528,0.0264534564940363,0.105301229908416
"fixed_design","ET","upper",-0.346282076403173,0.00382300966093576,-0.141526319746559,0.0169237350990359,0.248188886742528,0.0264534564940363,0.105301229908416
"fixed_design","ET","upper",-0.340843222713907,0.0043294948348233,-0.141526319746559,0.0169237350990359,0.248188886742528,0.0264534564940363,0.105301229908416
"fixed_design","ET","upper",-0.335404369024642,0.0050755625260963,-0.141526319746559,0.0169237350990359,0.248188886742528,0.0264534564940363,0.105301229908416
"fixed_design","ET","upper",-0.329965515335376,0.0059446794482942,-0.141526319746559,0.0169237350990359,0.248188886742528,0.0264534564940363,0.105301229908416
"fixed_design","ET","upper",-0.32452666164611,0.00654310996460782,-0.141526319746559,0.0169237350990359,0.248188886742528,0.0264534564940363,0.105301229908416
"fixed_design","ET","upper",-0.319087807956845,0.00746049524703385,-0.141526319746559,0.0169237350990359,0.248188886742528,0.0264534564940363,0.105301229908416
"fixed_design","ET","upper",-0.313648954267579,0.00864520340482339,-0.141526319746559,0.0169237350990359,0.248188886742528,0.0264534564940363,0.105301229908416
"fixed_design","ET","upper",-0.308210100578313,0.00987881517070464,-0.141526319746559,0.0169237350990359,0.248188886742528,0.0264534564940363,0.105301229908416
"fixed_design","ET","upper",-0.302771246889048,0.0114114135037089,-0.141526319746559,0.0169237350990359,0.248188886742528,0.0264534564940363,0.105301229908416
"fixed_design","ET","upper",-0.297332393199782,0.0131927827415407,-0.141526319746559,0.0169237350990359,0.248188886742528,0.0264534564940363,0.105301229908416
"fixed_design","ET","upper",-0.291893539510516,0.0149307217877983,-0.141526319746559,0.0169237350990359,0.248188886742528,0.0264534564940363,0.105301229908416
"fixed_design","ET","upper",-0.286454685821251,0.0164579073428698,-0.141526319746559,0.0169237350990359,0.248188886742528,0.0264534564940363,0.105301229908416
"fixed_design","ET","upper",-0.281015832131985,0.0181266340263289,-0.141526319746559,0.0169237350990359,0.248188886742528,0.0264534564940363,0.105301229908416
"fixed_design","ET","upper",-0.275576978442719,0.0209459620945433,-0.141526319746559,0.0169237350990359,0.248188886742528,0.0264534564940363,0.105301229908416
"fixed_design","ET","upper",-0.270138124753454,0.02471662250989,-0.141526319746559,0.0169237350990359,0.248188886742528,0.0264534564940363,0.105301229908416
"fixed_design","ET","upper",-0.264699271064188,0.0275644739285818,-0.141526319746559,0.0169237350990359,0.248188886742528,0.0264534564940363,0.105301229908416
"fixed_design","ET","upper",-0.259260417374922,0.0308370668832088,-0.141526319746559,0.0169237350990359,0.248188886742528,0.0264534564940363,0.105301229908416
"fixed_design","ET","upper",-0.253821563685657,0.0355615336248743,-0.141526319746559,0.0169237350990359,0.248188886742528,0.0264534564940363,0.105301229908416
"fixed_design","ET","upper",-0.248382709996391,0.0401135546787228,-0.141526319746559,0.0169237350990359,0.248188886742528,0.0264534564940363,0.105301229908416
"fixed_design","ET","upper",-0.242943856307125,0.0468191900937706,-0.141526319746559,0.0169237350990359,0.248188886742528,0.0264534564940363,0.105301229908416
"fixed_design","ET","upper",-0.23750500261786,0.0556643540063019,-0.141526319746559,0.0169237350990359,0.248188886742528,0.0264534564940363,0.105301229908416
"fixed_design","ET","upper",-0.232066148928594,0.0638842254601419,-0.141526319746559,0.0169237350990359,0.248188886742528,0.0264534564940363,0.105301229908416
"fixed_design","ET","upper",-0.226627295239328,0.0725916252654002,-0.141526319746559,0.0169237350990359,0.248188886742528,0.0264534564940363,0.105301229908416
"fixed_design","ET","upper",-0.221188441550063,0.0831183475253718,-0.141526319746559,0.0169237350990359,0.248188886742528,0.0264534564940363,0.105301229908416
"fixed_design","ET","upper",-0.215749587860797,0.0953988884584409,-0.141526319746559,0.0169237350990359,0.248188886742528,0.0264534564940363,0.105301229908416
"fixed_design","ET","upper",-0.210310734171531,0.109507571067944,-0.141526319746559,0.0169237350990359,0.248188886742528,0.0264534564940363,0.105301229908416
"fixed_design","ET","upper",-0.204871880482266,0.126198034161301,-0.141526319746559,0.0169237350990359,0.248188886742528,0.0264534564940363,0.105301229908416
"fixed_design","ET","upper",-0.199433026793,0.148344270307462,-0.141526319746559,0.0169237350990359,0.248188886742528,0.0264534564940363,0.105301229908416
"fixed_design","ET","upper",-0.193994173103734,0.17620175020728,-0.141526319746559,0.0169237350990359,0.248188886742528,0.0264534564940363,0.105301229908416
"fixed_design","ET","upper",-0.188555319414469,0.2051018883472,-0.141526319746559,0.0169237350990359,0.248188886742528,0.0264534564940363,0.105301229908416
"fixed_design","ET","upper",-0.183116465725203,0.238292531206689,-0.141526319746559,0.0169237350990359,0.248188886742528,0.0264534564940363,0.105301229908416
"fixed_design","ET","upper",-0.177677612035937,0.27456278530054,-0.141526319746559,0.0169237350990359,0.248188886742528,0.0264534564940363,0.105301229908416
"fixed_design","ET","upper",-0.172238758346672,0.316915536274921,-0.141526319746559,0.0169237350990359,0.248188886742528,0.0264534564940363,0.105301229908416
"fixed_design","ET","upper",-0.166799904657406,0.361978243017854,-0.141526319746559,0.0169237350990359,0.248188886742528,0.0264534564940363,0.105301229908416
"fixed_design","ET","upper",-0.16136105096814,0.42013648990039,-0.141526319746559,0.0169237350990359,0.248188886742528,0.0264534564940363,0.105301229908416
"fixed_design","ET","upper",-0.155922197278875,0.494677192721085,-0.141526319746559,0.0169237350990359,0.248188886742528,0.0264534564940363,0.105301229908416
"fixed_design","ET","upper",-0.150483343589609,0.573322872975222,-0.141526319746559,0.0169237350990359,0.248188886742528,0.0264534564940363,0.105301229908416
"fixed_design","ET","upper",-0.145044489900344,0.670176480177553,-0.141526319746559,0.0169237350990359,0.248188886742528,0.0264534564940363,0.105301229908416
"fixed_design","ET","upper",-0.139605636211078,0.768515139886827,-0.141526319746559,0.0169237350990359,0.248188886742528,0.0264534564940363,0.105301229908416
"fixed_design","ET","upper",-0.134166782521812,0.872463303937189,-0.141526319746559,0.0169237350990359,0.248188886742528,0.0264534564940363,0.105301229908416
"fixed_design","ET","upper",-0.128727928832547,0.99304565131311,-0.141526319746559,0.0169237350990359,0.248188886742528,0.0264534564940363,0.105301229908416
"fixed_design","ET","upper",-0.123289075143281,1.14001769576904,-0.141526319746559,0.0169237350990359,0.248188886742528,0.0264534564940363,0.105301229908416
"fixed_design","ET","upper",-0.117850221454015,1.28713744962276,-0.141526319746559,0.0169237350990359,0.248188886742528,0.0264534564940363,0.105301229908416
"fixed_design","ET","upper",-0.11241136776475,1.44584778025977,-0.141526319746559,0.0169237350990359,0.248188886742528,0.0264534564940363,0.105301229908416
"fixed_design","ET","upper",-0.106972514075484,1.60768296583902,-0.141526319746559,0.0169237350990359,0.248188886742528,0.0264534564940363,0.105301229908416
"fixed_design","ET","upper",-0.101533660386218,1.80088378481875,-0.141526319746559,0.0169237350990359,0.248188886742528,0.0264534564940363,0.105301229908416
"fixed_design","ET","upper",-0.0960948066969526,2.02232460302063,-0.141526319746559,0.0169237350990359,0.248188886742528,0.0264534564940363,0.105301229908416
"fixed_design","ET","upper",-0.0906559530076869,2.24447373323772,-0.141526319746559,0.0169237350990359,0.248188886742528,0.0264534564940363,0.105301229908416
"fixed_design","ET","upper",-0.0852170993184213,2.45368258049767,-0.141526319746559,0.0169237350990359,0.248188886742528,0.0264534564940363,0.105301229908416
"fixed_design","ET","upper",-0.0797782456291556,2.67661372488771,-0.141526319746559,0.0169237350990359,0.248188886742528,0.0264534564940363,0.105301229908416
"fixed_design","ET","upper",-0.0743393919398899,2.88211111377752,-0.141526319746559,0.0169237350990359,0.248188886742528,0.0264534564940363,0.105301229908416
"fixed_design","ET","upper",-0.0689005382506243,3.12963620175668,-0.141526319746559,0.0169237350990359,0.248188886742528,0.0264534564940363,0.105301229908416
"fixed_design","ET","upper",-0.0634616845613586,3.35166313722286,-0.141526319746559,0.0169237350990359,0.248188886742528,0.0264534564940363,0.105301229908416
"fixed_design","ET","upper",-0.058022830872093,3.59187854092296,-0.141526319746559,0.0169237350990359,0.248188886742528,0.0264534564940363,0.105301229908416
"fixed_design","ET","upper",-0.0525839771828274,3.78771970390456,-0.141526319746559,0.0169237350990359,0.248188886742528,0.0264534564940363,0.105301229908416
"fixed_design","ET","upper",-0.0471451234935617,4.00231427647015,-0.141526319746559,0.0169237350990359,0.248188886742528,0.0264534564940363,0.105301229908416
"fixed_design","ET","upper",-0.041706269804296,4.21855031666822,-0.141526319746559,0.0169237350990359,0.248188886742528,0.0264534564940363,0.105301229908416
"fixed_design","ET","upper",-0.0362674161150304,4.39964925795814,-0.141526319746559,0.0169237350990359,0.248188886742528,0.0264534564940363,0.105301229908416
"fixed_design","ET","upper",-0.0308285624257647,4.55451969295461,-0.141526319746559,0.0169237350990359,0.248188886742528,0.0264534564940363,0.105301229908416
"fixed_design","ET","upper",-0.025389708736499,4.69099515141547,-0.141526319746559,0.0169237350990359,0.248188886742528,0.0264534564940363,0.105301229908416
"fixed_design","ET","upper",-0.0199508550472334,4.80612106037416,-0.141526319746559,0.0169237350990359,0.248188886742528,0.0264534564940363,0.105301229908416
"fixed_design","ET","upper",-0.0145120013579677,4.93339001775699,-0.141526319746559,0.0169237350990359,0.248188886742528,0.0264534564940363,0.105301229908416
"fixed_design","ET","upper",-0.00907314766870204,5.0133350949422,-0.141526319746559,0.0169237350990359,0.248188886742528,0.0264534564940363,0.105301229908416
"fixed_design","ET","upper",-0.00363429397943638,5.05713693732964,-0.141526319746559,0.0169237350990359,0.248188886742528,0.0264534564940363,0.105301229908416
"fixed_design","ET","upper",0.00180455970982929,5.06200485586246,-0.141526319746559,0.0169237350990359,0.248188886742528,0.0264534564940363,0.105301229908416
"fixed_design","ET","upper",0.00724341339909496,5.06482662013233,-0.141526319746559,0.0169237350990359,0.248188886742528,0.0264534564940363,0.105301229908416
"fixed_design","ET","upper",0.0126822670883606,5.07100102900832,-0.141526319746559,0.0169237350990359,0.248188886742528,0.0264534564940363,0.105301229908416
"fixed_design","ET","upper",0.0181211207776262,5.00612940161684,-0.141526319746559,0.0169237350990359,0.248188886742528,0.0264534564940363,0.105301229908416
"fixed_design","ET","upper",0.0235599744668918,4.9241148191824,-0.141526319746559,0.0169237350990359,0.248188886742528,0.0264534564940363,0.105301229908416
"fixed_design","ET","upper",0.0289988281561575,4.84977862288241,-0.141526319746559,0.0169237350990359,0.248188886742528,0.0264534564940363,0.105301229908416
"fixed_design","ET","upper",0.0344376818454232,4.73995269489881,-0.141526319746559,0.0169237350990359,0.248188886742528,0.0264534564940363,0.105301229908416
"fixed_design","ET","upper",0.0398765355346888,4.60343839235416,-0.141526319746559,0.0169237350990359,0.248188886742528,0.0264534564940363,0.105301229908416
"fixed_design","ET","upper",0.0453153892239545,4.47263894476604,-0.141526319746559,0.0169237350990359,0.248188886742528,0.0264534564940363,0.105301229908416
"fixed_design","ET","upper",0.0507542429132202,4.32297848858396,-0.141526319746559,0.0169237350990359,0.248188886742528,0.0264534564940363,0.105301229908416
"fixed_design","ET","upper",0.0561930966024858,4.16053914355324,-0.141526319746559,0.0169237350990359,0.248188886742528,0.0264534564940363,0.105301229908416
"fixed_design","ET","upper",0.0616319502917515,3.9955602767192,-0.141526319746559,0.0169237350990359,0.248188886742528,0.0264534564940363,0.105301229908416
"fixed_design","ET","upper",0.0670708039810172,3.82354083388489,-0.141526319746559,0.0169237350990359,0.248188886742528,0.0264534564940363,0.105301229908416
"fixed_design","ET","upper",0.0725096576702828,3.63305782377016,-0.141526319746559,0.0169237350990359,0.248188886742528,0.0264534564940363,0.105301229908416
"fixed_design","ET","upper",0.0779485113595485,3.45883239717123,-0.141526319746559,0.0169237350990359,0.248188886742528,0.0264534564940363,0.105301229908416
"fixed_design","ET","upper",0.0833873650488142,3.28662089709088,-0.141526319746559,0.0169237350990359,0.248188886742528,0.0264534564940363,0.105301229908416
"fixed_design","ET","upper",0.0888262187380798,3.08086309754868,-0.141526319746559,0.0169237350990359,0.248188886742528,0.0264534564940363,0.105301229908416
"fixed_design","ET","upper",0.0942650724273455,2.91975713617615,-0.141526319746559,0.0169237350990359,0.248188886742528,0.0264534564940363,0.105301229908416
"fixed_design","ET","upper",0.0997039261166111,2.74357865539888,-0.141526319746559,0.0169237350990359,0.248188886742528,0.0264534564940363,0.105301229908416
"fixed_design","ET","upper",0.105142779805877,2.56071543480022,-0.141526319746559,0.0169237350990359,0.248188886742528,0.0264534564940363,0.105301229908416
"fixed_design","ET","upper",0.110581633495142,2.39961252873261,-0.141526319746559,0.0169237350990359,0.248188886742528,0.0264534564940363,0.105301229908416
"fixed_design","ET","upper",0.116020487184408,2.24958416778854,-0.141526319746559,0.0169237350990359,0.248188886742528,0.0264534564940363,0.105301229908416
"fixed_design","ET","upper",0.121459340873674,2.11244599193522,-0.141526319746559,0.0169237350990359,0.248188886742528,0.0264534564940363,0.105301229908416
"fixed_design","ET","upper",0.126898194562939,1.97394612697633,-0.141526319746559,0.0169237350990359,0.248188886742528,0.0264534564940363,0.105301229908416
"fixed_design","ET","upper",0.132337048252205,1.84209966705872,-0.141526319746559,0.0169237350990359,0.248188886742528,0.0264534564940363,0.105301229908416
"fixed_design","ET","upper",0.137775901941471,1.72470812781131,-0.141526319746559,0.0169237350990359,0.248188886742528,0.0264534564940363,0.105301229908416
"fixed_design","ET","upper",0.143214755630736,1.61226306079238,-0.141526319746559,0.0169237350990359,0.248188886742528,0.0264534564940363,0.105301229908416
"fixed_design","ET","upper",0.148653609320002,1.49964882635432,-0.141526319746559,0.0169237350990359,0.248188886742528,0.0264534564940363,0.105301229908416
"fixed_design","ET","upper",0.154092463009268,1.39299084909073,-0.141526319746559,0.0169237350990359,0.248188886742528,0.0264534564940363,0.105301229908416
"fixed_design","ET","upper",0.159531316698533,1.28627315355516,-0.141526319746559,0.0169237350990359,0.248188886742528,0.0264534564940363,0.105301229908416
"fixed_design","ET","upper",0.164970170387799,1.19303406020414,-0.141526319746559,0.0169237350990359,0.248188886742528,0.0264534564940363,0.105301229908416
"fixed_design","ET","upper",0.170409024077065,1.10497654580666,-0.141526319746559,0.0169237350990359,0.248188886742528,0.0264534564940363,0.105301229908416
"fixed_design","ET","upper",0.17584787776633,1.02321778229295,-0.141526319746559,0.0169237350990359,0.248188886742528,0.0264534564940363,0.105301229908416
"fixed_design","ET","upper",0.181286731455596,0.940546919076462,-0.141526319746559,0.0169237350990359,0.248188886742528,0.0264534564940363,0.105301229908416
"fixed_design","ET","upper",0.186725585144862,0.861426088610451,-0.141526319746559,0.0169237350990359,0.248188886742528,0.0264534564940363,0.105301229908416
"fixed_design","ET","upper",0.192164438834127,0.794256453900691,-0.141526319746559,0.0169237350990359,0.248188886742528,0.0264534564940363,0.105301229908416
"fixed_design","ET","upper",0.197603292523393,0.735558770216255,-0.141526319746559,0.0169237350990359,0.248188886742528,0.0264534564940363,0.105301229908416
"fixed_design","ET","upper",0.203042146212659,0.673378139877334,-0.141526319746559,0.0169237350990359,0.248188886742528,0.0264534564940363,0.105301229908416
"fixed_design","ET","upper",0.208480999901924,0.614590609344293,-0.141526319746559,0.0169237350990359,0.248188886742528,0.0264534564940363,0.105301229908416
"fixed_design","ET","upper",0.21391985359119,0.565625517081301,-0.141526319746559,0.0169237350990359,0.248188886742528,0.0264534564940363,0.105301229908416
"fixed_design","ET","upper",0.219358707280456,0.523799367236871,-0.141526319746559,0.0169237350990359,0.248188886742528,0.0264534564940363,0.105301229908416
"fixed_design","ET","upper",0.224797560969721,0.486512493592114,-0.141526319746559,0.0169237350990359,0.248188886742528,0.0264534564940363,0.105301229908416
"fixed_design","ET","upper",0.230236414658987,0.446666477309093,-0.141526319746559,0.0169237350990359,0.248188886742528,0.0264534564940363,0.105301229908416
"fixed_design","ET","upper",0.235675268348253,0.407356366343902,-0.141526319746559,0.0169237350990359,0.248188886742528,0.0264534564940363,0.105301229908416
"fixed_design","ET","upper",0.241114122037518,0.371916400315811,-0.141526319746559,0.0169237350990359,0.248188886742528,0.0264534564940363,0.105301229908416
"fixed_design","ET","upper",0.246552975726784,0.341508666356613,-0.141526319746559,0.0169237350990359,0.248188886742528,0.0264534564940363,0.105301229908416
"fixed_design","ET","upper",0.251991829416049,0.315395639492266,-0.141526319746559,0.0169237350990359,0.248188886742528,0.0264534564940363,0.105301229908416
"fixed_design","ET","upper",0.257430683105315,0.293467137606658,-0.141526319746559,0.0169237350990359,0.248188886742528,0.0264534564940363,0.105301229908416
"fixed_design","ET","upper",0.262869536794581,0.273670600750699,-0.141526319746559,0.0169237350990359,0.248188886742528,0.0264534564940363,0.105301229908416
"fixed_design","ET","upper",0.268308390483846,0.250747811312851,-0.141526319746559,0.0169237350990359,0.248188886742528,0.0264534564940363,0.105301229908416
"fixed_design","ET","upper",0.273747244173112,0.229266302200496,-0.141526319746559,0.0169237350990359,0.248188886742528,0.0264534564940363,0.105301229908416
"fixed_design","ET","upper",0.279186097862378,0.211973529683765,-0.141526319746559,0.0169237350990359,0.248188886742528,0.0264534564940363,0.105301229908416
"fixed_design","ET","upper",0.284624951551643,0.198377766589191,-0.141526319746559,0.0169237350990359,0.248188886742528,0.0264534564940363,0.105301229908416
"fixed_design","ET","upper",0.290063805240909,0.185641930374968,-0.141526319746559,0.0169237350990359,0.248188886742528,0.0264534564940363,0.105301229908416
"fixed_design","ET","upper",0.295502658930175,0.171767041300461,-0.141526319746559,0.0169237350990359,0.248188886742528,0.0264534564940363,0.105301229908416
"fixed_design","ET","upper",0.30094151261944,0.15966019977684,-0.141526319746559,0.0169237350990359,0.248188886742528,0.0264534564940363,0.105301229908416
"fixed_design","ET","upper",0.306380366308706,0.148557683433952,-0.141526319746559,0.0169237350990359,0.248188886742528,0.0264534564940363,0.105301229908416
"fixed_design","ET","upper",0.311819219997972,0.136765664960415,-0.141526319746559,0.0169237350990359,0.248188886742528,0.0264534564940363,0.105301229908416
"fixed_design","ET","upper",0.317258073687237,0.127349698863479,-0.141526319746559,0.0169237350990359,0.248188886742528,0.0264534564940363,0.105301229908416
"fixed_design","ET","upper",0.322696927376503,0.119233803430953,-0.141526319746559,0.0169237350990359,0.248188886742528,0.0264534564940363,0.105301229908416
"fixed_design","ET","upper",0.328135781065769,0.109486004990285,-0.141526319746559,0.0169237350990359,0.248188886742528,0.0264534564940363,0.105301229908416
"fixed_design","ET","upper",0.333574634755034,0.10078883683379,-0.141526319746559,0.0169237350990359,0.248188886742528,0.0264534564940363,0.105301229908416
"fixed_design","ET","upper",0.3390134884443,0.0945062788189049,-0.141526319746559,0.0169237350990359,0.248188886742528,0.0264534564940363,0.105301229908416
"fixed_design","ET","upper",0.344452342133566,0.0889906663116142,-0.141526319746559,0.0169237350990359,0.248188886742528,0.0264534564940363,0.105301229908416
"fixed_design","ET","upper",0.349891195822831,0.0820908276229476,-0.141526319746559,0.0169237350990359,0.248188886742528,0.0264534564940363,0.105301229908416
"fixed_design","ET","upper",0.355330049512097,0.0750548904511074,-0.141526319746559,0.0169237350990359,0.248188886742528,0.0264534564940363,0.105301229908416
"fixed_design","ET","upper",0.360768903201363,0.0705243800778677,-0.141526319746559,0.0169237350990359,0.248188886742528,0.0264534564940363,0.105301229908416
"fixed_design","ET","upper",0.366207756890628,0.0671378897904607,-0.141526319746559,0.0169237350990359,0.248188886742528,0.0264534564940363,0.105301229908416
"fixed_design","ET","upper",0.371646610579894,0.0631520203074975,-0.141526319746559,0.0169237350990359,0.248188886742528,0.0264534564940363,0.105301229908416
"fixed_design","ET","upper",0.37708546426916,0.0585318498595662,-0.141526319746559,0.0169237350990359,0.248188886742528,0.0264534564940363,0.105301229908416
"fixed_design","ET","upper",0.382524317958425,0.0546542859072804,-0.141526319746559,0.0169237350990359,0.248188886742528,0.0264534564940363,0.105301229908416
"fixed_design","ET","upper",0.387963171647691,0.0518469207900548,-0.141526319746559,0.0169237350990359,0.248188886742528,0.0264534564940363,0.105301229908416
"fixed_design","ET","upper",0.393402025336957,0.0486845322848441,-0.141526319746559,0.0169237350990359,0.248188886742528,0.0264534564940363,0.105301229908416
"fixed_design","ET","upper",0.398840879026222,0.0455772219850088,-0.141526319746559,0.0169237350990359,0.248188886742528,0.0264534564940363,0.105301229908416
"fixed_design","ET","upper",0.404279732715488,0.0431807389056956,-0.141526319746559,0.0169237350990359,0.248188886742528,0.0264534564940363,0.105301229908416
"fixed_design","ET","upper",0.409718586404754,0.040910556453325,-0.141526319746559,0.0169237350990359,0.248188886742528,0.0264534564940363,0.105301229908416
"fixed_design","ET","upper",0.415157440094019,0.0392753399697315,-0.141526319746559,0.0169237350990359,0.248188886742528,0.0264534564940363,0.105301229908416
"fixed_design","ET","upper",0.420596293783285,0.0380187726736678,-0.141526319746559,0.0169237350990359,0.248188886742528,0.0264534564940363,0.105301229908416
"fixed_design","ET","upper",0.426035147472551,0.0359598277153522,-0.141526319746559,0.0169237350990359,0.248188886742528,0.0264534564940363,0.105301229908416
"fixed_design","ET","upper",0.431474001161816,0.0337057657946054,-0.141526319746559,0.0169237350990359,0.248188886742528,0.0264534564940363,0.105301229908416
"fixed_design","ET","upper",0.436912854851082,0.03164046029387,-0.141526319746559,0.0169237350990359,0.248188886742528,0.0264534564940363,0.105301229908416
"fixed_design","ET","upper",0.442351708540348,0.0299228141777204,-0.141526319746559,0.0169237350990359,0.248188886742528,0.0264534564940363,0.105301229908416
"fixed_design","ET","upper",0.447790562229613,0.0286891015907576,-0.141526319746559,0.0169237350990359,0.248188886742528,0.0264534564940363,0.105301229908416
"fixed_design","ET","upper",0.453229415918879,0.0275785206065868,-0.141526319746559,0.0169237350990359,0.248188886742528,0.0264534564940363,0.105301229908416
"fixed_design","ET","upper",0.458668269608145,0.0264185164542918,-0.141526319746559,0.0169237350990359,0.248188886742528,0.0264534564940363,0.105301229908416
"fixed_design","ET","upper",0.46410712329741,0.0249005243337381,-0.141526319746559,0.0169237350990359,0.248188886742528,0.0264534564940363,0.105301229908416
"fixed_design","ET","upper",0.469545976986676,0.0234549900644891,-0.141526319746559,0.0169237350990359,0.248188886742528,0.0264534564940363,0.105301229908416
"fixed_design","ET","upper",0.474984830675941,0.0224003489452507,-0.141526319746559,0.0169237350990359,0.248188886742528,0.0264534564940363,0.105301229908416
"fixed_design","ET","upper",0.480423684365207,0.0215907774169628,-0.141526319746559,0.0169237350990359,0.248188886742528,0.0264534564940363,0.105301229908416
"fixed_design","ET","upper",0.485862538054473,0.0208400059955242,-0.141526319746559,0.0169237350990359,0.248188886742528,0.0264534564940363,0.105301229908416
"fixed_design","ET","upper",0.491301391743739,0.0200843558386481,-0.141526319746559,0.0169237350990359,0.248188886742528,0.0264534564940363,0.105301229908416
"fixed_design","ET","upper",0.496740245433004,0.0190442471287159,-0.141526319746559,0.0169237350990359,0.248188886742528,0.0264534564940363,0.105301229908416
"fixed_design","ET","upper",0.50217909912227,0.0182740712846555,-0.141526319746559,0.0169237350990359,0.248188886742528,0.0264534564940363,0.105301229908416
"fixed_design","ET","upper",0.507617952811535,0.0177755566920089,-0.141526319746559,0.0169237350990359,0.248188886742528,0.0264534564940363,0.105301229908416
"fixed_design","ET","upper",0.513056806500801,0.017268384260642,-0.141526319746559,0.0169237350990359,0.248188886742528,0.0264534564940363,0.105301229908416
"fixed_design","ET","upper",0.518495660190067,0.016655053179144,-0.141526319746559,0.0169237350990359,0.248188886742528,0.0264534564940363,0.105301229908416
"fixed_design","ET","upper",0.523934513879332,0.0160610035916829,-0.141526319746559,0.0169237350990359,0.248188886742528,0.0264534564940363,0.105301229908416
"fixed_design","ET","upper",0.529373367568598,0.0154279066386281,-0.141526319746559,0.0169237350990359,0.248188886742528,0.0264534564940363,0.105301229908416
"fixed_design","ET","upper",0.534812221257864,0.014598626665876,-0.141526319746559,0.0169237350990359,0.248188886742528,0.0264534564940363,0.105301229908416
"fixed_design","ET","upper",0.540251074947129,0.0140346746309847,-0.141526319746559,0.0169237350990359,0.248188886742528,0.0264534564940363,0.105301229908416
"fixed_design","ET","upper",0.545689928636395,0.0136268251309415,-0.141526319746559,0.0169237350990359,0.248188886742528,0.0264534564940363,0.105301229908416
"fixed_design","ET","upper",0.551128782325661,0.0129972175993688,-0.141526319746559,0.0169237350990359,0.248188886742528,0.0264534564940363,0.105301229908416
"fixed_design","ET","upper",0.556567636014926,0.0123277526031062,-0.141526319746559,0.0169237350990359,0.248188886742528,0.0264534564940363,0.105301229908416
"fixed_design","ET","upper",0.562006489704192,0.0119424905524448,-0.141526319746559,0.0169237350990359,0.248188886742528,0.0264534564940363,0.105301229908416
"fixed_design","ET","upper",0.567445343393458,0.0113997203711841,-0.141526319746559,0.0169237350990359,0.248188886742528,0.0264534564940363,0.105301229908416
"fixed_design","ET","upper",0.572884197082723,0.0107819385907136,-0.141526319746559,0.0169237350990359,0.248188886742528,0.0264534564940363,0.105301229908416
"fixed_design","ET","upper",0.578323050771989,0.0104615403782234,-0.141526319746559,0.0169237350990359,0.248188886742528,0.0264534564940363,0.105301229908416
"fixed_design","ET","upper",0.583761904461255,0.0101745736220771,-0.141526319746559,0.0169237350990359,0.248188886742528,0.0264534564940363,0.105301229908416
"fixed_design","ET","upper",0.58920075815052,0.00985328615035444,-0.141526319746559,0.0169237350990359,0.248188886742528,0.0264534564940363,0.105301229908416
"fixed_design","ET","upper",0.594639611839786,0.00956907145809563,-0.141526319746559,0.0169237350990359,0.248188886742528,0.0264534564940363,0.105301229908416
"fixed_design","ET","upper",0.600078465529052,0.00926549337803241,-0.141526319746559,0.0169237350990359,0.248188886742528,0.0264534564940363,0.105301229908416
"fixed_design","ET","upper",0.605517319218317,0.0089758742275453,-0.141526319746559,0.0169237350990359,0.248188886742528,0.0264534564940363,0.105301229908416
"fixed_design","ET","upper",0.610956172907583,0.00862063801224795,-0.141526319746559,0.0169237350990359,0.248188886742528,0.0264534564940363,0.105301229908416
"fixed_design","ET","upper",0.616395026596849,0.00835381305559506,-0.141526319746559,0.0169237350990359,0.248188886742528,0.0264534564940363,0.105301229908416
"fixed_design","ET","upper",0.621833880286114,0.00810783063872015,-0.141526319746559,0.0169237350990359,0.248188886742528,0.0264534564940363,0.105301229908416
"fixed_design","ET","upper",0.62727273397538,0.00784645933486056,-0.141526319746559,0.0169237350990359,0.248188886742528,0.0264534564940363,0.105301229908416
"fixed_design","ET","upper",0.632711587664646,0.0076051716518148,-0.141526319746559,0.0169237350990359,0.248188886742528,0.0264534564940363,0.105301229908416
"fixed_design","ET","upper",0.638150441353911,0.0074288708818087,-0.141526319746559,0.0169237350990359,0.248188886742528,0.0264534564940363,0.105301229908416
"fixed_design","ET","upper",0.643589295043177,0.00720918689830993,-0.141526319746559,0.0169237350990359,0.248188886742528,0.0264534564940363,0.105301229908416
"fixed_design","ET","upper",0.649028148732443,0.00696085920340441,-0.141526319746559,0.0169237350990359,0.248188886742528,0.0264534564940363,0.105301229908416
"fixed_design","ET","upper",0.654467002421708,0.0067594634922359,-0.141526319746559,0.0169237350990359,0.248188886742528,0.0264534564940363,0.105301229908416
"fixed_design","ET","upper",0.659905856110974,0.00666098149444308,-0.141526319746559,0.0169237350990359,0.248188886742528,0.0264534564940363,0.105301229908416
"fixed_design","ET","upper",0.66534470980024,0.00635935815655299,-0.141526319746559,0.0169237350990359,0.248188886742528,0.0264534564940363,0.105301229908416
"fixed_design","ET","upper",0.670783563489505,0.00609763645594702,-0.141526319746559,0.0169237350990359,0.248188886742528,0.0264534564940363,0.105301229908416
"fixed_design","ET","upper",0.676222417178771,0.00578910619539129,-0.141526319746559,0.0169237350990359,0.248188886742528,0.0264534564940363,0.105301229908416
"fixed_design","ET","upper",0.681661270868037,0.00558583824915612,-0.141526319746559,0.0169237350990359,0.248188886742528,0.0264534564940363,0.105301229908416
"fixed_design","ET","upper",0.687100124557302,0.00540837415878343,-0.141526319746559,0.0169237350990359,0.248188886742528,0.0264534564940363,0.105301229908416
"fixed_design","ET","upper",0.692538978246568,0.00524956064123399,-0.141526319746559,0.0169237350990359,0.248188886742528,0.0264534564940363,0.105301229908416
"fixed_design","ET","upper",0.697977831935833,0.00507993243126838,-0.141526319746559,0.0169237350990359,0.248188886742528,0.0264534564940363,0.105301229908416
"fixed_design","ET","upper",0.703416685625099,0.00498273498753286,-0.141526319746559,0.0169237350990359,0.248188886742528,0.0264534564940363,0.105301229908416
"fixed_design","ET","upper",0.708855539314365,0.00485222740574005,-0.141526319746559,0.0169237350990359,0.248188886742528,0.0264534564940363,0.105301229908416
"fixed_design","ET","upper",0.714294393003631,0.00472350316569694,-0.141526319746559,0.0169237350990359,0.248188886742528,0.0264534564940363,0.105301229908416
"fixed_design","ET","upper",0.719733246692896,0.00452685779612125,-0.141526319746559,0.0169237350990359,0.248188886742528,0.0264534564940363,0.105301229908416
"fixed_design","ET","upper",0.725172100382162,0.00438584959200245,-0.141526319746559,0.0169237350990359,0.248188886742528,0.0264534564940363,0.105301229908416
"fixed_design","ET","upper",0.730610954071427,0.00424078805600367,-0.141526319746559,0.0169237350990359,0.248188886742528,0.0264534564940363,0.105301229908416
"fixed_design","ET","upper",0.736049807760693,0.00409221458857726,-0.141526319746559,0.0169237350990359,0.248188886742528,0.0264534564940363,0.105301229908416
"fixed_design","ET","upper",0.741488661449959,0.00398462148569567,-0.141526319746559,0.0169237350990359,0.248188886742528,0.0264534564940363,0.105301229908416
"fixed_design","ET","upper",0.746927515139225,0.00383031168549784,-0.141526319746559,0.0169237350990359,0.248188886742528,0.0264534564940363,0.105301229908416
"fixed_design","ET","upper",0.75236636882849,0.00375070039554119,-0.141526319746559,0.0169237350990359,0.248188886742528,0.0264534564940363,0.105301229908416
"fixed_design","ET","upper",0.757805222517756,0.00361549870288707,-0.141526319746559,0.0169237350990359,0.248188886742528,0.0264534564940363,0.105301229908416
"fixed_design","ET","upper",0.763244076207021,0.00351413921389345,-0.141526319746559,0.0169237350990359,0.248188886742528,0.0264534564940363,0.105301229908416
"fixed_design","ET","upper",0.768682929896287,0.00342581238603077,-0.141526319746559,0.0169237350990359,0.248188886742528,0.0264534564940363,0.105301229908416
"fixed_design","ET","upper",0.774121783585553,0.00334370673888835,-0.141526319746559,0.0169237350990359,0.248188886742528,0.0264534564940363,0.105301229908416
"fixed_design","ET","upper",0.779560637274818,0.00320771318772826,-0.141526319746559,0.0169237350990359,0.248188886742528,0.0264534564940363,0.105301229908416
"fixed_design","ET","upper",0.784999490964084,0.00313139472236747,-0.141526319746559,0.0169237350990359,0.248188886742528,0.0264534564940363,0.105301229908416
"fixed_design","ET","upper",0.79043834465335,0.00303919655189032,-0.141526319746559,0.0169237350990359,0.248188886742528,0.0264534564940363,0.105301229908416
"fixed_design","ET","upper",0.795877198342615,0.00291850614334104,-0.141526319746559,0.0169237350990359,0.248188886742528,0.0264534564940363,0.105301229908416
"fixed_design","ET","upper",0.801316052031881,0.002820690053258,-0.141526319746559,0.0169237350990359,0.248188886742528,0.0264534564940363,0.105301229908416
"fixed_design","ET","upper",0.806754905721147,0.00273499605801854,-0.141526319746559,0.0169237350990359,0.248188886742528,0.0264534564940363,0.105301229908416
"fixed_design","ET","upper",0.812193759410412,0.00264232740867492,-0.141526319746559,0.0169237350990359,0.248188886742528,0.0264534564940363,0.105301229908416
"fixed_design","ET","upper",0.817632613099678,0.00257176274938451,-0.141526319746559,0.0169237350990359,0.248188886742528,0.0264534564940363,0.105301229908416
"fixed_design","ET","upper",0.823071466788944,0.00247601735622516,-0.141526319746559,0.0169237350990359,0.248188886742528,0.0264534564940363,0.105301229908416
"fixed_design","ET","upper",0.828510320478209,0.00240059379125908,-0.141526319746559,0.0169237350990359,0.248188886742528,0.0264534564940363,0.105301229908416
"fixed_design","ET","upper",0.833949174167475,0.0023705587125258,-0.141526319746559,0.0169237350990359,0.248188886742528,0.0264534564940363,0.105301229908416
"fixed_design","ET","upper",0.83938802785674,0.00231765277485489,-0.141526319746559,0.0169237350990359,0.248188886742528,0.0264534564940363,0.105301229908416
"fixed_design","ET","upper",0.844826881546006,0.00223181118173392,-0.141526319746559,0.0169237350990359,0.248188886742528,0.0264534564940363,0.105301229908416
"fixed_design","ET","upper",0.850265735235272,0.00216557527465972,-0.141526319746559,0.0169237350990359,0.248188886742528,0.0264534564940363,0.105301229908416
"fixed_design","ET","upper",0.855704588924538,0.00211923898907623,-0.141526319746559,0.0169237350990359,0.248188886742528,0.0264534564940363,0.105301229908416
"fixed_design","ET","upper",0.861143442613803,0.00202826499567044,-0.141526319746559,0.0169237350990359,0.248188886742528,0.0264534564940363,0.105301229908416
"fixed_design","ET","upper",0.866582296303069,0.00197086581098759,-0.141526319746559,0.0169237350990359,0.248188886742528,0.0264534564940363,0.105301229908416
"fixed_design","ET","upper",0.872021149992334,0.00190532272028544,-0.141526319746559,0.0169237350990359,0.248188886742528,0.0264534564940363,0.105301229908416
"fixed_design","ET","upper",0.8774600036816,0.00185027190633651,-0.141526319746559,0.0169237350990359,0.248188886742528,0.0264534564940363,0.105301229908416
"fixed_design","ET","upper",0.882898857370866,0.00179399131889753,-0.141526319746559,0.0169237350990359,0.248188886742528,0.0264534564940363,0.105301229908416
"fixed_design","ET","upper",0.888337711060132,0.00174642636529796,-0.141526319746559,0.0169237350990359,0.248188886742528,0.0264534564940363,0.105301229908416
"fixed_design","ET","upper",0.893776564749397,0.001687030563503,-0.141526319746559,0.0169237350990359,0.248188886742528,0.0264534564940363,0.105301229908416
"fixed_design","ET","upper",0.899215418438663,0.00162773209052229,-0.141526319746559,0.0169237350990359,0.248188886742528,0.0264534564940363,0.105301229908416
"fixed_design","ET","upper",0.904654272127928,0.0015776205673391,-0.141526319746559,0.0169237350990359,0.248188886742528,0.0264534564940363,0.105301229908416
"fixed_design","ET","upper",0.910093125817194,0.00151894063865615,-0.141526319746559,0.0169237350990359,0.248188886742528,0.0264534564940363,0.105301229908416
"fixed_design","ET","upper",0.91553197950646,0.00147944709618884,-0.141526319746559,0.0169237350990359,0.248188886742528,0.0264534564940363,0.105301229908416
"fixed_design","ET","upper",0.920970833195725,0.00142636234828505,-0.141526319746559,0.0169237350990359,0.248188886742528,0.0264534564940363,0.105301229908416
"fixed_design","ET","upper",0.926409686884991,0.00139181932872299,-0.141526319746559,0.0169237350990359,0.248188886742528,0.0264534564940363,0.105301229908416
"fixed_design","ET","upper",0.931848540574257,0.00130329451614586,-0.141526319746559,0.0169237350990359,0.248188886742528,0.0264534564940363,0.105301229908416
"fixed_design","ET","upper",0.937287394263522,0.00131892877962982,-0.141526319746559,0.0169237350990359,0.248188886742528,0.0264534564940363,0.105301229908416
"fixed_design","ET","upper",0.942726247952788,0.00124062288289829,-0.141526319746559,0.0169237350990359,0.248188886742528,0.0264534564940363,0.105301229908416
"fixed_design","ET","upper",0.948165101642054,0.0011985128902013,-0.141526319746559,0.0169237350990359,0.248188886742528,0.0264534564940363,0.105301229908416
"fixed_design","ET","upper",0.953603955331319,0.00117726310037457,-0.141526319746559,0.0169237350990359,0.248188886742528,0.0264534564940363,0.105301229908416
"fixed_design","ET","upper",0.959042809020585,0.00111665228004368,-0.141526319746559,0.0169237350990359,0.248188886742528,0.0264534564940363,0.105301229908416
"fixed_design","ET","upper",0.964481662709851,0.00110937704562946,-0.141526319746559,0.0169237350990359,0.248188886742528,0.0264534564940363,0.105301229908416
"fixed_design","ET","upper",0.969920516399116,0.0010385001106755,-0.141526319746559,0.0169237350990359,0.248188886742528,0.0264534564940363,0.105301229908416
"fixed_design","ET","upper",0.975359370088382,0.00104840138986715,-0.141526319746559,0.0169237350990359,0.248188886742528,0.0264534564940363,0.105301229908416
"fixed_design","ET","upper",0.980798223777648,0.000982901712842374,-0.141526319746559,0.0169237350990359,0.248188886742528,0.0264534564940363,0.105301229908416
"fixed_design","ET","upper",0.986237077466913,0.000978246420483233,-0.141526319746559,0.0169237350990359,0.248188886742528,0.0264534564940363,0.105301229908416
"fixed_design","ET","upper",0.991675931156179,0.000956401825231662,-0.141526319746559,0.0169237350990359,0.248188886742528,0.0264534564940363,0.105301229908416
"fixed_design","ET","upper",0.997114784845445,0.000920973754771763,-0.141526319746559,0.0169237350990359,0.248188886742528,0.0264534564940363,0.105301229908416
"fixed_design","ET","upper",1.00255363853471,0.000911480108469063,-0.141526319746559,0.0169237350990359,0.248188886742528,0.0264534564940363,0.105301229908416
"fixed_design","ET","upper",1.00799249222398,0.000889780472381882,-0.141526319746559,0.0169237350990359,0.248188886742528,0.0264534564940363,0.105301229908416
"fixed_design","ET","upper",1.01343134591324,0.000835454689406489,-0.141526319746559,0.0169237350990359,0.248188886742528,0.0264534564940363,0.105301229908416
"fixed_design","ET","upper",1.01887019960251,0.00082638331722784,-0.141526319746559,0.0169237350990359,0.248188886742528,0.0264534564940363,0.105301229908416
"fixed_design","ET","upper",1.02430905329177,0.000797865167623853,-0.141526319746559,0.0169237350990359,0.248188886742528,0.0264534564940363,0.105301229908416
"fixed_design","ET","upper",1.02974790698104,0.00077952850696635,-0.141526319746559,0.0169237350990359,0.248188886742528,0.0264534564940363,0.105301229908416
"fixed_design","ET","upper",1.0351867606703,0.000769177055311045,-0.141526319746559,0.0169237350990359,0.248188886742528,0.0264534564940363,0.105301229908416
"fixed_design","ET","upper",1.04062561435957,0.000731619211188938,-0.141526319746559,0.0169237350990359,0.248188886742528,0.0264534564940363,0.105301229908416
"fixed_design","ET","upper",1.04606446804884,0.00071147365374753,-0.141526319746559,0.0169237350990359,0.248188886742528,0.0264534564940363,0.105301229908416
"fixed_design","ET","upper",1.0515033217381,0.000699077498367437,-0.141526319746559,0.0169237350990359,0.248188886742528,0.0264534564940363,0.105301229908416
"fixed_design","ET","upper",1.05694217542737,0.000666903420622533,-0.141526319746559,0.0169237350990359,0.248188886742528,0.0264534564940363,0.105301229908416
"fixed_design","ET","upper",1.06238102911663,0.000652849326755225,-0.141526319746559,0.0169237350990359,0.248188886742528,0.0264534564940363,0.105301229908416
"fixed_design","ET","upper",1.0678198828059,0.000614922760624093,-0.141526319746559,0.0169237350990359,0.248188886742528,0.0264534564940363,0.105301229908416
"fixed_design","ET","upper",1.07325873649516,0.000604978681844392,-0.141526319746559,0.0169237350990359,0.248188886742528,0.0264534564940363,0.105301229908416
"fixed_design","ET","upper",1.07869759018443,0.000577699216223779,-0.141526319746559,0.0169237350990359,0.248188886742528,0.0264534564940363,0.105301229908416
"fixed_design","ET","upper",1.0841364438737,0.000573438991986146,-0.141526319746559,0.0169237350990359,0.248188886742528,0.0264534564940363,0.105301229908416
"fixed_design","ET","upper",1.08957529756296,0.000552833172782503,-0.141526319746559,0.0169237350990359,0.248188886742528,0.0264534564940363,0.105301229908416
"fixed_design","ET","upper",1.09501415125223,0.000537820379247491,-0.141526319746559,0.0169237350990359,0.248188886742528,0.0264534564940363,0.105301229908416
"fixed_design","ET","upper",1.10045300494149,0.000533697566158936,-0.141526319746559,0.0169237350990359,0.248188886742528,0.0264534564940363,0.105301229908416
"fixed_design","ET","upper",1.10589185863076,0.000511797157941349,-0.141526319746559,0.0169237350990359,0.248188886742528,0.0264534564940363,0.105301229908416
"fixed_design","ET","upper",1.11133071232002,0.000499773857388287,-0.141526319746559,0.0169237350990359,0.248188886742528,0.0264534564940363,0.105301229908416
"fixed_design","ET","upper",1.11676956600929,0.000494930170390773,-0.141526319746559,0.0169237350990359,0.248188886742528,0.0264534564940363,0.105301229908416
"fixed_design","ET","upper",1.12220841969855,0.000477080788009325,-0.141526319746559,0.0169237350990359,0.248188886742528,0.0264534564940363,0.105301229908416
"fixed_design","ET","upper",1.12764727338782,0.000461785267304996,-0.141526319746559,0.0169237350990359,0.248188886742528,0.0264534564940363,0.105301229908416
"fixed_design","ET","upper",1.13308612707709,0.000442344852106531,-0.141526319746559,0.0169237350990359,0.248188886742528,0.0264534564940363,0.105301229908416
"fixed_design","ET","upper",1.13852498076635,0.00043242190621959,-0.141526319746559,0.0169237350990359,0.248188886742528,0.0264534564940363,0.105301229908416
"fixed_design","ET","upper",1.14396383445562,0.000410003424095405,-0.141526319746559,0.0169237350990359,0.248188886742528,0.0264534564940363,0.105301229908416
"fixed_design","ET","upper",1.14940268814488,0.000400555958171743,-0.141526319746559,0.0169237350990359,0.248188886742528,0.0264534564940363,0.105301229908416
"fixed_design","ET","upper",1.15484154183415,0.000389984417808285,-0.141526319746559,0.0169237350990359,0.248188886742528,0.0264534564940363,0.105301229908416
"fixed_design","ET","upper",1.16028039552341,0.000378247684390399,-0.141526319746559,0.0169237350990359,0.248188886742528,0.0264534564940363,0.105301229908416
"fixed_design","ET","upper",1.16571924921268,0.000372318206975179,-0.141526319746559,0.0169237350990359,0.248188886742528,0.0264534564940363,0.105301229908416
"fixed_design","ET","upper",1.17115810290195,0.000358535530491939,-0.141526319746559,0.0169237350990359,0.248188886742528,0.0264534564940363,0.105301229908416
"fixed_design","ET","upper",1.17659695659121,0.000351229790243361,-0.141526319746559,0.0169237350990359,0.248188886742528,0.0264534564940363,0.105301229908416
"fixed_design","ET","upper",1.18203581028048,0.000345264779191611,-0.141526319746559,0.0169237350990359,0.248188886742528,0.0264534564940363,0.105301229908416
"fixed_design","ET","upper",1.18747466396974,0.000330784985546091,-0.141526319746559,0.0169237350990359,0.248188886742528,0.0264534564940363,0.105301229908416
"fixed_design","ET","upper",1.19291351765901,0.000318622019081628,-0.141526319746559,0.0169237350990359,0.248188886742528,0.0264534564940363,0.105301229908416
"fixed_design","ET","upper",1.19835237134827,0.000320403257274315,-0.141526319746559,0.0169237350990359,0.248188886742528,0.0264534564940363,0.105301229908416
"fixed_design","ET","upper",1.20379122503754,0.00030821979112072,-0.141526319746559,0.0169237350990359,0.248188886742528,0.0264534564940363,0.105301229908416
"fixed_design","ET","upper",1.20923007872681,0.000300054866274812,-0.141526319746559,0.0169237350990359,0.248188886742528,0.0264534564940363,0.105301229908416
"fixed_design","ET","upper",1.21466893241607,0.000292121256481865,-0.141526319746559,0.0169237350990359,0.248188886742528,0.0264534564940363,0.105301229908416
"fixed_design","ET","upper",1.22010778610534,0.00028741243662417,-0.141526319746559,0.0169237350990359,0.248188886742528,0.0264534564940363,0.105301229908416
"fixed_design","ET","upper",1.2255466397946,0.000288370702208792,-0.141526319746559,0.0169237350990359,0.248188886742528,0.0264534564940363,0.105301229908416
"fixed_design","ET","upper",1.23098549348387,0.000277865367996827,-0.141526319746559,0.0169237350990359,0.248188886742528,0.0264534564940363,0.105301229908416
"fixed_design","ET","upper",1.23642434717313,0.000269585940337608,-0.141526319746559,0.0169237350990359,0.248188886742528,0.0264534564940363,0.105301229908416
"fixed_design","ET","upper",1.2418632008624,0.000260569839680504,-0.141526319746559,0.0169237350990359,0.248188886742528,0.0264534564940363,0.105301229908416
"fixed_design","ET","upper",1.24730205455166,0.000259067921044935,-0.141526319746559,0.0169237350990359,0.248188886742528,0.0264534564940363,0.105301229908416
"fixed_design","ET","upper",1.25274090824093,0.000246981131300088,-0.141526319746559,0.0169237350990359,0.248188886742528,0.0264534564940363,0.105301229908416
"fixed_design","ET","upper",1.2581797619302,0.000245914567284218,-0.141526319746559,0.0169237350990359,0.248188886742528,0.0264534564940363,0.105301229908416
"fixed_design","ET","upper",1.26361861561946,0.000230096521844629,-0.141526319746559,0.0169237350990359,0.248188886742528,0.0264534564940363,0.105301229908416
"fixed_design","ET","upper",1.26905746930873,0.000233658303375264,-0.141526319746559,0.0169237350990359,0.248188886742528,0.0264534564940363,0.105301229908416
"fixed_design","ET","upper",1.27449632299799,0.000216078270104891,-0.141526319746559,0.0169237350990359,0.248188886742528,0.0264534564940363,0.105301229908416
"fixed_design","ET","upper",1.27993517668726,0.000216522311843101,-0.141526319746559,0.0169237350990359,0.248188886742528,0.0264534564940363,0.105301229908416
"fixed_design","ET","upper",1.28537403037652,0.00020960251167966,-0.141526319746559,0.0169237350990359,0.248188886742528,0.0264534564940363,0.105301229908416
"fixed_design","ET","upper",1.29081288406579,0.000202031432181958,-0.141526319746559,0.0169237350990359,0.248188886742528,0.0264534564940363,0.105301229908416
"fixed_design","ET","upper",1.29625173775506,0.000200413841503182,-0.141526319746559,0.0169237350990359,0.248188886742528,0.0264534564940363,0.105301229908416
"fixed_design","ET","upper",1.30169059144432,0.00018812498836265,-0.141526319746559,0.0169237350990359,0.248188886742528,0.0264534564940363,0.105301229908416
"fixed_design","ET","upper",1.30712944513359,0.000185524563563672,-0.141526319746559,0.0169237350990359,0.248188886742528,0.0264534564940363,0.105301229908416
"fixed_design","ET","upper",1.31256829882285,0.000182660762249562,-0.141526319746559,0.0169237350990359,0.248188886742528,0.0264534564940363,0.105301229908416
"fixed_design","ET","upper",1.31800715251212,0.000175401413412842,-0.141526319746559,0.0169237350990359,0.248188886742528,0.0264534564940363,0.105301229908416
"fixed_design","ET","upper",1.32344600620138,0.000169649321789927,-0.141526319746559,0.0169237350990359,0.248188886742528,0.0264534564940363,0.105301229908416
"fixed_design","ET","upper",1.32888485989065,0.000157938898648954,-0.141526319746559,0.0169237350990359,0.248188886742528,0.0264534564940363,0.105301229908416
"fixed_design","ET","upper",1.33432371357992,0.000155726106092825,-0.141526319746559,0.0169237350990359,0.248188886742528,0.0264534564940363,0.105301229908416
"fixed_design","ET","upper",1.33976256726918,0.000150788269163408,-0.141526319746559,0.0169237350990359,0.248188886742528,0.0264534564940363,0.105301229908416
"fixed_design","ET","upper",1.34520142095845,0.000147951670554938,-0.141526319746559,0.0169237350990359,0.248188886742528,0.0264534564940363,0.105301229908416
"fixed_design","ET","upper",1.35064027464771,0.000144434078993911,-0.141526319746559,0.0169237350990359,0.248188886742528,0.0264534564940363,0.105301229908416
"fixed_design","ET","upper",1.35607912833698,0.000140431412483316,-0.141526319746559,0.0169237350990359,0.248188886742528,0.0264534564940363,0.105301229908416
"fixed_design","ET","upper",1.36151798202624,0.000128806226700034,-0.141526319746559,0.0169237350990359,0.248188886742528,0.0264534564940363,0.105301229908416
"fixed_design","ET","upper",1.36695683571551,0.000134314878064987,-0.141526319746559,0.0169237350990359,0.248188886742528,0.0264534564940363,0.105301229908416
"fixed_design","ET","upper",1.37239568940478,0.000114880752579113,-0.141526319746559,0.0169237350990359,0.248188886742528,0.0264534564940363,0.105301229908416
"fixed_design","ET","upper",1.37783454309404,0.000125724531357533,-0.141526319746559,0.0169237350990359,0.248188886742528,0.0264534564940363,0.105301229908416
"fixed_design","ET","upper",1.38327339678331,0.000111161143111172,-0.141526319746559,0.0169237350990359,0.248188886742528,0.0264534564940363,0.105301229908416
"fixed_design","ET","upper",1.38871225047257,0.000109054502408573,-0.141526319746559,0.0169237350990359,0.248188886742528,0.0264534564940363,0.105301229908416
"fixed_design","ET","upper",1.39415110416184,0.000105326397395313,-0.141526319746559,0.0169237350990359,0.248188886742528,0.0264534564940363,0.105301229908416
"fixed_design","ET","upper",1.3995899578511,9.72695160445525e-05,-0.141526319746559,0.0169237350990359,0.248188886742528,0.0264534564940363,0.105301229908416
"fixed_design","ET","upper",1.40502881154037,0.000105083970017241,-0.141526319746559,0.0169237350990359,0.248188886742528,0.0264534564940363,0.105301229908416
"fixed_design","ET","upper",1.41046766522963,9.28644250269688e-05,-0.141526319746559,0.0169237350990359,0.248188886742528,0.0264534564940363,0.105301229908416
"fixed_design","ET","upper",1.4159065189189,9.90601240730201e-05,-0.141526319746559,0.0169237350990359,0.248188886742528,0.0264534564940363,0.105301229908416
"fixed_design","ET","upper",1.42134537260817,8.53110943642508e-05,-0.141526319746559,0.0169237350990359,0.248188886742528,0.0264534564940363,0.105301229908416
"fixed_design","ET","upper",1.42678422629743,9.52164458798055e-05,-0.141526319746559,0.0169237350990359,0.248188886742528,0.0264534564940363,0.105301229908416
"fixed_design","ET","upper",1.4322230799867,8.00631203703379e-05,-0.141526319746559,0.0169237350990359,0.248188886742528,0.0264534564940363,0.105301229908416
"fixed_design","ET","upper",1.43766193367596,9.08344030965989e-05,-0.141526319746559,0.0169237350990359,0.248188886742528,0.0264534564940363,0.105301229908416
"fixed_design","ET","upper",1.44310078736523,7.77167445952333e-05,-0.141526319746559,0.0169237350990359,0.248188886742528,0.0264534564940363,0.105301229908416
"fixed_design","ET","upper",1.44853964105449,9.05862091472778e-05,-0.141526319746559,0.0169237350990359,0.248188886742528,0.0264534564940363,0.105301229908416
"fixed_design","ET","upper",1.45397849474376,7.90693179796412e-05,-0.141526319746559,0.0169237350990359,0.248188886742528,0.0264534564940363,0.105301229908416
"fixed_design","ET","upper",1.45941734843303,8.54127755764082e-05,-0.141526319746559,0.0169237350990359,0.248188886742528,0.0264534564940363,0.105301229908416
"fixed_design","ET","upper",1.46485620212229,7.52653386943378e-05,-0.141526319746559,0.0169237350990359,0.248188886742528,0.0264534564940363,0.105301229908416
"fixed_design","ET","upper",1.47029505581156,8.08705224800081e-05,-0.141526319746559,0.0169237350990359,0.248188886742528,0.0264534564940363,0.105301229908416
"fixed_design","ET","upper",1.47573390950082,7.18679614533351e-05,-0.141526319746559,0.0169237350990359,0.248188886742528,0.0264534564940363,0.105301229908416
"fixed_design","ET","upper",1.48117276319009,8.05792458049158e-05,-0.141526319746559,0.0169237350990359,0.248188886742528,0.0264534564940363,0.105301229908416
"fixed_design","ET","upper",1.48661161687935,6.92879409513475e-05,-0.141526319746559,0.0169237350990359,0.248188886742528,0.0264534564940363,0.105301229908416
"fixed_design","ET","upper",1.49205047056862,6.78069586692094e-05,-0.141526319746559,0.0169237350990359,0.248188886742528,0.0264534564940363,0.105301229908416
"fixed_design","ET","upper",1.49748932425789,6.97310096215057e-05,-0.141526319746559,0.0169237350990359,0.248188886742528,0.0264534564940363,0.105301229908416
"fixed_design","ET","upper",1.50292817794715,5.93716462803494e-05,-0.141526319746559,0.0169237350990359,0.248188886742528,0.0264534564940363,0.105301229908416
"fixed_design","ET","upper",1.50836703163642,6.98353295658782e-05,-0.141526319746559,0.0169237350990359,0.248188886742528,0.0264534564940363,0.105301229908416
"fixed_design","ET","upper",1.51380588532568,5.89651407199458e-05,-0.141526319746559,0.0169237350990359,0.248188886742528,0.0264534564940363,0.105301229908416
"fixed_design","ET","upper",1.51924473901495,6.78208754034611e-05,-0.141526319746559,0.0169237350990359,0.248188886742528,0.0264534564940363,0.105301229908416
"fixed_design","ET","upper",1.52468359270421,5.21624377916649e-05,-0.141526319746559,0.0169237350990359,0.248188886742528,0.0264534564940363,0.105301229908416
"fixed_design","ET","upper",1.53012244639348,5.77479793663721e-05,-0.141526319746559,0.0169237350990359,0.248188886742528,0.0264534564940363,0.105301229908416
"fixed_design","ET","upper",1.53556130008274,4.51933340279609e-05,-0.141526319746559,0.0169237350990359,0.248188886742528,0.0264534564940363,0.105301229908416
"fixed_design","ET","upper",1.54100015377201,5.15359814341995e-05,-0.141526319746559,0.0169237350990359,0.248188886742528,0.0264534564940363,0.105301229908416
"fixed_design","ET","upper",1.54643900746128,4.50662405873462e-05,-0.141526319746559,0.0169237350990359,0.248188886742528,0.0264534564940363,0.105301229908416
"fixed_design","ET","upper",1.55187786115054,4.30063632106782e-05,-0.141526319746559,0.0169237350990359,0.248188886742528,0.0264534564940363,0.105301229908416
"fixed_design","ET","upper",1.55731671483981,4.14486659930757e-05,-0.141526319746559,0.0169237350990359,0.248188886742528,0.0264534564940363,0.105301229908416
"fixed_design","ET","upper",1.56275556852907,4.88410361841682e-05,-0.141526319746559,0.0169237350990359,0.248188886742528,0.0264534564940363,0.105301229908416
"fixed_design","ET","upper",1.56819442221834,3.57203984168289e-05,-0.141526319746559,0.0169237350990359,0.248188886742528,0.0264534564940363,0.105301229908416
"fixed_design","ET","upper",1.5736332759076,4.80028202004519e-05,-0.141526319746559,0.0169237350990359,0.248188886742528,0.0264534564940363,0.105301229908416
"fixed_design","ET","upper",1.57907212959687,3.69382578971768e-05,-0.141526319746559,0.0169237350990359,0.248188886742528,0.0264534564940363,0.105301229908416
"fixed_design","ET","upper",1.58451098328614,3.48078460933721e-05,-0.141526319746559,0.0169237350990359,0.248188886742528,0.0264534564940363,0.105301229908416
"fixed_design","ET","upper",1.5899498369754,4.10511328264306e-05,-0.141526319746559,0.0169237350990359,0.248188886742528,0.0264534564940363,0.105301229908416
"fixed_design","ET","upper",1.59538869066467,3.39569299305817e-05,-0.141526319746559,0.0169237350990359,0.248188886742528,0.0264534564940363,0.105301229908416
"fixed_design","ET","upper",1.60082754435393,3.53150573085038e-05,-0.141526319746559,0.0169237350990359,0.248188886742528,0.0264534564940363,0.105301229908416
"fixed_design","ET","upper",1.6062663980432,3.73650660277967e-05,-0.141526319746559,0.0169237350990359,0.248188886742528,0.0264534564940363,0.105301229908416
"fixed_design","ET","upper",1.61170525173246,3.09578607107168e-05,-0.141526319746559,0.0169237350990359,0.248188886742528,0.0264534564940363,0.105301229908416
"fixed_design","ET","upper",1.61714410542173,3.07265405367179e-05,-0.141526319746559,0.0169237350990359,0.248188886742528,0.0264534564940363,0.105301229908416
"fixed_design","ET","upper",1.622582959111,4.06748896380543e-05,-0.141526319746559,0.0169237350990359,0.248188886742528,0.0264534564940363,0.105301229908416
"fixed_design","ET","upper",1.62802181280026,2.5093753784369e-05,-0.141526319746559,0.0169237350990359,0.248188886742528,0.0264534564940363,0.105301229908416
"fixed_design","ET","upper",1.63346066648953,3.00334127194373e-05,-0.141526319746559,0.0169237350990359,0.248188886742528,0.0264534564940363,0.105301229908416
"fixed_design","ET","upper",1.63889952017879,2.82281592033789e-05,-0.141526319746559,0.0169237350990359,0.248188886742528,0.0264534564940363,0.105301229908416
"fixed_design","ET","upper",1.64433837386806,2.85077478739249e-05,-0.141526319746559,0.0169237350990359,0.248188886742528,0.0264534564940363,0.105301229908416
"fixed_design","ET","upper",1.64977722755732,2.57312449747782e-05,-0.141526319746559,0.0169237350990359,0.248188886742528,0.0264534564940363,0.105301229908416
"fixed_design","ET","upper",1.65521608124659,2.62449408524872e-05,-0.141526319746559,0.0169237350990359,0.248188886742528,0.0264534564940363,0.105301229908416
"fixed_design","ET","upper",1.66065493493586,2.81357358313031e-05,-0.141526319746559,0.0169237350990359,0.248188886742528,0.0264534564940363,0.105301229908416
"fixed_design","ET","upper",1.66609378862512,2.10763442256527e-05,-0.141526319746559,0.0169237350990359,0.248188886742528,0.0264534564940363,0.105301229908416
"fixed_design","ET","upper",1.67153264231439,2.83821148038144e-05,-0.141526319746559,0.0169237350990359,0.248188886742528,0.0264534564940363,0.105301229908416
"fixed_design","ET","upper",1.67697149600365,2.24578713086808e-05,-0.141526319746559,0.0169237350990359,0.248188886742528,0.0264534564940363,0.105301229908416
"fixed_design","ET","upper",1.68241034969292,1.92929311875879e-05,-0.141526319746559,0.0169237350990359,0.248188886742528,0.0264534564940363,0.105301229908416
"fixed_design","ET","upper",1.68784920338218,2.41001536022996e-05,-0.141526319746559,0.0169237350990359,0.248188886742528,0.0264534564940363,0.105301229908416
"fixed_design","ET","upper",1.69328805707145,2.03899238623327e-05,-0.141526319746559,0.0169237350990359,0.248188886742528,0.0264534564940363,0.105301229908416
"fixed_design","ET","upper",1.69872691076071,1.88433384935254e-05,-0.141526319746559,0.0169237350990359,0.248188886742528,0.0264534564940363,0.105301229908416
"fixed_design","ET","upper",1.70416576444998,2.31041004933854e-05,-0.141526319746559,0.0169237350990359,0.248188886742528,0.0264534564940363,0.105301229908416
"fixed_design","ET","upper",1.70960461813925,1.88475249923819e-05,-0.141526319746559,0.0169237350990359,0.248188886742528,0.0264534564940363,0.105301229908416
"fixed_design","ET","upper",1.71504347182851,1.85551242280575e-05,-0.141526319746559,0.0169237350990359,0.248188886742528,0.0264534564940363,0.105301229908416
"fixed_design","ET","upper",1.72048232551778,2.14754932755816e-05,-0.141526319746559,0.0169237350990359,0.248188886742528,0.0264534564940363,0.105301229908416
"fixed_design","ET","upper",1.72592117920704,1.70847580470869e-05,-0.141526319746559,0.0169237350990359,0.248188886742528,0.0264534564940363,0.105301229908416
"fixed_design","ET","upper",1.73136003289631,1.94695351986771e-05,-0.141526319746559,0.0169237350990359,0.248188886742528,0.0264534564940363,0.105301229908416
"fixed_design","ET","upper",1.73679888658557,1.72294790713944e-05,-0.141526319746559,0.0169237350990359,0.248188886742528,0.0264534564940363,0.105301229908416
"fixed_design","ET","upper",1.74223774027484,1.61307078852721e-05,-0.141526319746559,0.0169237350990359,0.248188886742528,0.0264534564940363,0.105301229908416
"fixed_design","ET","upper",1.74767659396411,1.88729834504657e-05,-0.141526319746559,0.0169237350990359,0.248188886742528,0.0264534564940363,0.105301229908416
"fixed_design","ET","upper",1.75311544765337,1.18037072634903e-05,-0.141526319746559,0.0169237350990359,0.248188886742528,0.0264534564940363,0.105301229908416
"fixed_design","ET","upper",1.75855430134264,2.11355341809914e-05,-0.141526319746559,0.0169237350990359,0.248188886742528,0.0264534564940363,0.105301229908416
"fixed_design","ET","upper",1.7639931550319,1.27149731470393e-05,-0.141526319746559,0.0169237350990359,0.248188886742528,0.0264534564940363,0.105301229908416
"fixed_design","ET","upper",1.76943200872117,1.41743900676219e-05,-0.141526319746559,0.0169237350990359,0.248188886742528,0.0264534564940363,0.105301229908416
"fixed_design","ET","upper",1.77487086241043,1.77508392668701e-05,-0.141526319746559,0.0169237350990359,0.248188886742528,0.0264534564940363,0.105301229908416
"fixed_design","ET","upper",1.7803097160997,1.18364261523303e-05,-0.141526319746559,0.0169237350990359,0.248188886742528,0.0264534564940363,0.105301229908416
"fixed_design","ET","upper",1.78574856978897,1.09250254703222e-05,-0.141526319746559,0.0169237350990359,0.248188886742528,0.0264534564940363,0.105301229908416
"fixed_design","ET","upper",1.79118742347823,1.62336141350134e-05,-0.141526319746559,0.0169237350990359,0.248188886742528,0.0264534564940363,0.105301229908416
"fixed_design","ET","upper",1.7966262771675,1.10141801414541e-05,-0.141526319746559,0.0169237350990359,0.248188886742528,0.0264534564940363,0.105301229908416
"fixed_design","ET","upper",1.80206513085676,1.28641630695364e-05,-0.141526319746559,0.0169237350990359,0.248188886742528,0.0264534564940363,0.105301229908416
"fixed_design","ET","upper",1.80750398454603,1.4462412070393e-05,-0.141526319746559,0.0169237350990359,0.248188886742528,0.0264534564940363,0.105301229908416
"fixed_design","ET","upper",1.81294283823529,1.20632528379718e-05,-0.141526319746559,0.0169237350990359,0.248188886742528,0.0264534564940363,0.105301229908416
"fixed_design","ET","upper",1.81838169192456,1.2748791919398e-05,-0.141526319746559,0.0169237350990359,0.248188886742528,0.0264534564940363,0.105301229908416
"fixed_design","ET","upper",1.82382054561382,1.15585025995112e-05,-0.141526319746559,0.0169237350990359,0.248188886742528,0.0264534564940363,0.105301229908416
"fixed_design","ET","upper",1.82925939930309,1.09160061694527e-05,-0.141526319746559,0.0169237350990359,0.248188886742528,0.0264534564940363,0.105301229908416
"fixed_design","ET","upper",1.83469825299236,9.4245612545869e-06,-0.141526319746559,0.0169237350990359,0.248188886742528,0.0264534564940363,0.105301229908416
"fixed_design","ET","upper",1.84013710668162,7.28443014800032e-06,-0.141526319746559,0.0169237350990359,0.248188886742528,0.0264534564940363,0.105301229908416
"fixed_design","ET","upper",1.84557596037089,7.24001305792452e-06,-0.141526319746559,0.0169237350990359,0.248188886742528,0.0264534564940363,0.105301229908416
"fixed_design","ET","upper",1.85101481406015,8.09229655632473e-06,-0.141526319746559,0.0169237350990359,0.248188886742528,0.0264534564940363,0.105301229908416
"fixed_design","ET","upper",1.85645366774942,6.17566017360099e-06,-0.141526319746559,0.0169237350990359,0.248188886742528,0.0264534564940363,0.105301229908416
"fixed_design","ET","upper",1.86189252143868,5.94073273773948e-06,-0.141526319746559,0.0169237350990359,0.248188886742528,0.0264534564940363,0.105301229908416
"fixed_design","ET","upper",1.86733137512795,7.547768603231e-06,-0.141526319746559,0.0169237350990359,0.248188886742528,0.0264534564940363,0.105301229908416
"fixed_design","ET","upper",1.87277022881722,5.67837475725945e-06,-0.141526319746559,0.0169237350990359,0.248188886742528,0.0264534564940363,0.105301229908416
"fixed_design","ET","upper",1.87820908250648,6.24800649229477e-06,-0.141526319746559,0.0169237350990359,0.248188886742528,0.0264534564940363,0.105301229908416
"fixed_design","ET","upper",1.88364793619575,7.12448768905266e-06,-0.141526319746559,0.0169237350990359,0.248188886742528,0.0264534564940363,0.105301229908416
"fixed_design","ET","upper",1.88908678988501,5.70433890189222e-06,-0.141526319746559,0.0169237350990359,0.248188886742528,0.0264534564940363,0.105301229908416
"fixed_design","ET","upper",1.89452564357428,4.17100632830638e-06,-0.141526319746559,0.0169237350990359,0.248188886742528,0.0264534564940363,0.105301229908416
"fixed_design","ET","upper",1.89996449726354,5.52217762931248e-06,-0.141526319746559,0.0169237350990359,0.248188886742528,0.0264534564940363,0.105301229908416
"fixed_design","ET","upper",1.90540335095281,5.68973274774375e-06,-0.141526319746559,0.0169237350990359,0.248188886742528,0.0264534564940363,0.105301229908416
"fixed_design","ET","upper",1.91084220464208,4.28186110597175e-06,-0.141526319746559,0.0169237350990359,0.248188886742528,0.0264534564940363,0.105301229908416
"fixed_design","ET","upper",1.91628105833134,4.7203725584639e-06,-0.141526319746559,0.0169237350990359,0.248188886742528,0.0264534564940363,0.105301229908416
"fixed_design","ET","upper",1.92171991202061,3.59905239421832e-06,-0.141526319746559,0.0169237350990359,0.248188886742528,0.0264534564940363,0.105301229908416
"fixed_design","ET","upper",1.92715876570987,3.83268853232213e-06,-0.141526319746559,0.0169237350990359,0.248188886742528,0.0264534564940363,0.105301229908416
"fixed_design","ET","upper",1.93259761939914,3.37924415313476e-06,-0.141526319746559,0.0169237350990359,0.248188886742528,0.0264534564940363,0.105301229908416
"fixed_design","ET","upper",1.9380364730884,3.73612547265981e-06,-0.141526319746559,0.0169237350990359,0.248188886742528,0.0264534564940363,0.105301229908416
"fixed_design","ET","upper",1.94347532677767,4.50250174016648e-06,-0.141526319746559,0.0169237350990359,0.248188886742528,0.0264534564940363,0.105301229908416
"fixed_design","ET","upper",1.94891418046693,1.9746866231528e-06,-0.141526319746559,0.0169237350990359,0.248188886742528,0.0264534564940363,0.105301229908416
"fixed_design","ET","upper",1.9543530341562,1.00925455580837e-06,-0.141526319746559,0.0169237350990359,0.248188886742528,0.0264534564940363,0.105301229908416
"fixed_design","ET","upper",1.95979188784547,1.66281940313337e-06,-0.141526319746559,0.0169237350990359,0.248188886742528,0.0264534564940363,0.105301229908416
"fixed_design","ET","upper",1.96523074153473,8.57717757662715e-07,-0.141526319746559,0.0169237350990359,0.248188886742528,0.0264534564940363,0.105301229908416
"fixed_design","ET","upper",1.970669595224,1.6975916718666e-06,-0.141526319746559,0.0169237350990359,0.248188886742528,0.0264534564940363,0.105301229908416
"fixed_design","ET","upper",1.97610844891326,1.49771170106852e-06,-0.141526319746559,0.0169237350990359,0.248188886742528,0.0264534564940363,0.105301229908416
"fixed_design","ET","upper",1.98154730260253,8.32273786556519e-07,-0.141526319746559,0.0169237350990359,0.248188886742528,0.0264534564940363,0.105301229908416
"fixed_design","ET","upper",1.98698615629179,1.71784744624998e-06,-0.141526319746559,0.0169237350990359,0.248188886742528,0.0264534564940363,0.105301229908416
"fixed_design","ET","upper",1.99242500998106,1.11347221868166e-06,-0.141526319746559,0.0169237350990359,0.248188886742528,0.0264534564940363,0.105301229908416
"fixed_design","ET","upper",1.99786386367033,1.32240753711863e-06,-0.141526319746559,0.0169237350990359,0.248188886742528,0.0264534564940363,0.105301229908416
"fixed_design","ET","upper",2.00330271735959,1.59627792947982e-06,-0.141526319746559,0.0169237350990359,0.248188886742528,0.0264534564940363,0.105301229908416
"fixed_design","ET","upper",2.00874157104886,7.42917091563608e-07,-0.141526319746559,0.0169237350990359,0.248188886742528,0.0264534564940363,0.105301229908416
"fixed_design","ET","upper",2.01418042473812,1.72689927218326e-06,-0.141526319746559,0.0169237350990359,0.248188886742528,0.0264534564940363,0.105301229908416
"fixed_design","ET","upper",2.01961927842739,1.46386519972694e-06,-0.141526319746559,0.0169237350990359,0.248188886742528,0.0264534564940363,0.105301229908416
"fixed_design","ET","upper",2.02505813211665,9.10644254033736e-07,-0.141526319746559,0.0169237350990359,0.248188886742528,0.0264534564940363,0.105301229908416
"fixed_design","ET","upper",2.03049698580592,1.63948589563715e-06,-0.141526319746559,0.0169237350990359,0.248188886742528,0.0264534564940363,0.105301229908416
"fixed_design","ET","upper",2.03593583949519,9.46909276777865e-07,-0.141526319746559,0.0169237350990359,0.248188886742528,0.0264534564940363,0.105301229908416
"fixed_design","ET","upper",2.04137469318445,1.43253861890949e-06,-0.141526319746559,0.0169237350990359,0.248188886742528,0.0264534564940363,0.105301229908416
"fixed_design","ET","upper",2.04681354687372,1.67349678515074e-06,-0.141526319746559,0.0169237350990359,0.248188886742528,0.0264534564940363,0.105301229908416
"fixed_design","ET","upper",2.05225240056298,7.06110859974017e-07,-0.141526319746559,0.0169237350990359,0.248188886742528,0.0264534564940363,0.105301229908416
"fixed_design","ET","upper",2.05769125425225,1.61100507734615e-06,-0.141526319746559,0.0169237350990359,0.248188886742528,0.0264534564940363,0.105301229908416
"fixed_design","ET","upper",2.06313010794151,1.41938022772163e-06,-0.141526319746559,0.0169237350990359,0.248188886742528,0.0264534564940363,0.105301229908416
"fixed_design","ET","upper",2.06856896163078,9.45185481307924e-07,-0.141526319746559,0.0169237350990359,0.248188886742528,0.0264534564940363,0.105301229908416
"fixed_design","ET","upper",2.07400781532004,1.65207528398296e-06,-0.141526319746559,0.0169237350990359,0.248188886742528,0.0264534564940363,0.105301229908416
"fixed_design","ET","upper",2.07944666900931,8.94861561282654e-07,-0.141526319746559,0.0169237350990359,0.248188886742528,0.0264534564940363,0.105301229908416
"fixed_design","ET","upper",2.08488552269858,1.36066577371042e-06,-0.141526319746559,0.0169237350990359,0.248188886742528,0.0264534564940363,0.105301229908416
"fixed_design","ET","upper",2.09032437638784,1.79325606630758e-06,-0.141526319746559,0.0169237350990359,0.248188886742528,0.0264534564940363,0.105301229908416
"fixed_design","ET","upper",2.09576323007711,6.34201685047774e-07,-0.141526319746559,0.0169237350990359,0.248188886742528,0.0264534564940363,0.105301229908416
"fixed_design","ET","upper",2.10120208376637,1.52386727052828e-06,-0.141526319746559,0.0169237350990359,0.248188886742528,0.0264534564940363,0.105301229908416
"fixed_design","ET","upper",2.10664093745564,1.52064369846869e-06,-0.141526319746559,0.0169237350990359,0.248188886742528,0.0264534564940363,0.105301229908416
"fixed_design","ET","upper",2.1120797911449,8.27716736169351e-07,-0.141526319746559,0.0169237350990359,0.248188886742528,0.0264534564940363,0.105301229908416
"fixed_design","ET","upper",2.11751864483417,1.65423585023263e-06,-0.141526319746559,0.0169237350990359,0.248188886742528,0.0264534564940363,0.105301229908416
"fixed_design","ET","upper",2.12295749852344,1.00522193316148e-06,-0.141526319746559,0.0169237350990359,0.248188886742528,0.0264534564940363,0.105301229908416
"fixed_design","ET","upper",2.1283963522127,1.15282366892746e-06,-0.141526319746559,0.0169237350990359,0.248188886742528,0.0264534564940363,0.105301229908416
"fixed_design","ET","upper",2.13383520590197,1.85690465915072e-06,-0.141526319746559,0.0169237350990359,0.248188886742528,0.0264534564940363,0.105301229908416
"fixed_design","ET","upper",2.13927405959123,4.12794584407178e-07,-0.141526319746559,0.0169237350990359,0.248188886742528,0.0264534564940363,0.105301229908416
"fixed_design","SH","lower",-2.19274961668602,6.30709097801391e-08,-0.376586089411037,0.0678214524334937,0.511220928626255,0.0721566352144503,0.244271581876888
"fixed_design","SH","lower",-2.185704624091,3.28710796255753e-07,-0.376586089411037,0.0678214524334937,0.511220928626255,0.0721566352144503,0.244271581876888
"fixed_design","SH","lower",-2.17865963149598,8.3568338598853e-07,-0.376586089411037,0.0678214524334937,0.511220928626255,0.0721566352144503,0.244271581876888
"fixed_design","SH","lower",-2.17161463890095,1.14934051883485e-06,-0.376586089411037,0.0678214524334937,0.511220928626255,0.0721566352144503,0.244271581876888
"fixed_design","SH","lower",-2.16456964630593,1.13279001256189e-06,-0.376586089411037,0.0678214524334937,0.511220928626255,0.0721566352144503,0.244271581876888
"fixed_design","SH","lower",-2.15752465371091,1.19847919035175e-06,-0.376586089411037,0.0678214524334937,0.511220928626255,0.0721566352144503,0.244271581876888
"fixed_design","SH","lower",-2.15047966111589,1.13225483646692e-06,-0.376586089411037,0.0678214524334937,0.511220928626255,0.0721566352144503,0.244271581876888
"fixed_design","SH","lower",-2.14343466852087,1.22793219032374e-06,-0.376586089411037,0.0678214524334937,0.511220928626255,0.0721566352144503,0.244271581876888
"fixed_design","SH","lower",-2.13638967592584,1.12992423143345e-06,-0.376586089411037,0.0678214524334937,0.511220928626255,0.0721566352144503,0.244271581876888
"fixed_design","SH","lower",-2.12934468333082,1.24212597489726e-06,-0.376586089411037,0.0678214524334937,0.511220928626255,0.0721566352144503,0.244271581876888
"fixed_design","SH","lower",-2.1222996907358,1.12767379789613e-06,-0.376586089411037,0.0678214524334937,0.511220928626255,0.0721566352144503,0.244271581876888
"fixed_design","SH","lower",-2.11525469814078,1.22756511472121e-06,-0.376586089411037,0.0678214524334937,0.511220928626255,0.0721566352144503,0.244271581876888
"fixed_design","SH","lower",-2.10820970554576,1.13501765027154e-06,-0.376586089411037,0.0678214524334937,0.511220928626255,0.0721566352144503,0.244271581876888
"fixed_design","SH","lower",-2.10116471295074,1.22958280285004e-06,-0.376586089411037,0.0678214524334937,0.511220928626255,0.0721566352144503,0.244271581876888
"fixed_design","SH","lower",-2.09411972035571,1.14435466781398e-06,-0.376586089411037,0.0678214524334937,0.511220928626255,0.0721566352144503,0.244271581876888
"fixed_design","SH","lower",-2.08707472776069,1.23195841013956e-06,-0.376586089411037,0.0678214524334937,0.511220928626255,0.0721566352144503,0.244271581876888
"fixed_design","SH","lower",-2.08002973516567,1.15324203067916e-06,-0.376586089411037,0.0678214524334937,0.511220928626255,0.0721566352144503,0.244271581876888
"fixed_design","SH","lower",-2.07298474257065,1.2348851247739e-06,-0.376586089411037,0.0678214524334937,0.511220928626255,0.0721566352144503,0.244271581876888
"fixed_design","SH","lower",-2.06593974997563,1.16169245425277e-06,-0.376586089411037,0.0678214524334937,0.511220928626255,0.0721566352144503,0.244271581876888
"fixed_design","SH","lower",-2.0588947573806,1.24574691754838e-06,-0.376586089411037,0.0678214524334937,0.511220928626255,0.0721566352144503,0.244271581876888
"fixed_design","SH","lower",-2.05184976478558,1.26551573723242e-06,-0.376586089411037,0.0678214524334937,0.511220928626255,0.0721566352144503,0.244271581876888
"fixed_design","SH","lower",-2.04480477219056,1.84205415923797e-06,-0.376586089411037,0.0678214524334937,0.511220928626255,0.0721566352144503,0.244271581876888
"fixed_design","SH","lower",-2.03775977959554,2.35515315667517e-06,-0.376586089411037,0.0678214524334937,0.511220928626255,0.0721566352144503,0.244271581876888
"fixed_design","SH","lower",-2.03071478700052,2.07015935080366e-06,-0.376586089411037,0.0678214524334937,0.511220928626255,0.0721566352144503,0.244271581876888
"fixed_design","SH","lower",-2.0236697944055,2.10588287835647e-06,-0.376586089411037,0.0678214524334937,0.511220928626255,0.0721566352144503,0.244271581876888
"fixed_design","SH","lower",-2.01662480181047,2.68655782149347e-06,-0.376586089411037,0.0678214524334937,0.511220928626255,0.0721566352144503,0.244271581876888
"fixed_design","SH","lower",-2.00957980921545,3.1055529250228e-06,-0.376586089411037,0.0678214524334937,0.511220928626255,0.0721566352144503,0.244271581876888
"fixed_design","SH","lower",-2.00253481662043,3.5452614950443e-06,-0.376586089411037,0.0678214524334937,0.511220928626255,0.0721566352144503,0.244271581876888
"fixed_design","SH","lower",-1.99548982402541,3.38483371731858e-06,-0.376586089411037,0.0678214524334937,0.511220928626255,0.0721566352144503,0.244271581876888
"fixed_design","SH","lower",-1.98844483143039,3.34060271005651e-06,-0.376586089411037,0.0678214524334937,0.511220928626255,0.0721566352144503,0.244271581876888
"fixed_design","SH","lower",-1.98139983883536,3.67599180183054e-06,-0.376586089411037,0.0678214524334937,0.511220928626255,0.0721566352144503,0.244271581876888
"fixed_design","SH","lower",-1.97435484624034,3.65794886028085e-06,-0.376586089411037,0.0678214524334937,0.511220928626255,0.0721566352144503,0.244271581876888
"fixed_design","SH","lower",-1.96730985364532,4.3529562392107e-06,-0.376586089411037,0.0678214524334937,0.511220928626255,0.0721566352144503,0.244271581876888
"fixed_design","SH","lower",-1.9602648610503,4.39755539066304e-06,-0.376586089411037,0.0678214524334937,0.511220928626255,0.0721566352144503,0.244271581876888
"fixed_design","SH","lower",-1.95321986845528,4.33006522887206e-06,-0.376586089411037,0.0678214524334937,0.511220928626255,0.0721566352144503,0.244271581876888
"fixed_design","SH","lower",-1.94617487586026,4.83890893175113e-06,-0.376586089411037,0.0678214524334937,0.511220928626255,0.0721566352144503,0.244271581876888
"fixed_design","SH","lower",-1.93912988326523,4.39830767635586e-06,-0.376586089411037,0.0678214524334937,0.511220928626255,0.0721566352144503,0.244271581876888
"fixed_design","SH","lower",-1.93208489067021,4.57118764295074e-06,-0.376586089411037,0.0678214524334937,0.511220928626255,0.0721566352144503,0.244271581876888
"fixed_design","SH","lower",-1.92503989807519,4.45260242735876e-06,-0.376586089411037,0.0678214524334937,0.511220928626255,0.0721566352144503,0.244271581876888
"fixed_design","SH","lower",-1.91799490548017,4.78559390789249e-06,-0.376586089411037,0.0678214524334937,0.511220928626255,0.0721566352144503,0.244271581876888
"fixed_design","SH","lower",-1.91094991288515,5.90763305857867e-06,-0.376586089411037,0.0678214524334937,0.511220928626255,0.0721566352144503,0.244271581876888
"fixed_design","SH","lower",-1.90390492029012,6.72034809707547e-06,-0.376586089411037,0.0678214524334937,0.511220928626255,0.0721566352144503,0.244271581876888
"fixed_design","SH","lower",-1.8968599276951,6.6484853485106e-06,-0.376586089411037,0.0678214524334937,0.511220928626255,0.0721566352144503,0.244271581876888
"fixed_design","SH","lower",-1.88981493510008,6.50277513221902e-06,-0.376586089411037,0.0678214524334937,0.511220928626255,0.0721566352144503,0.244271581876888
"fixed_design","SH","lower",-1.88276994250506,6.77806995629618e-06,-0.376586089411037,0.0678214524334937,0.511220928626255,0.0721566352144503,0.244271581876888
"fixed_design","SH","lower",-1.87572494991004,7.11706537036851e-06,-0.376586089411037,0.0678214524334937,0.511220928626255,0.0721566352144503,0.244271581876888
"fixed_design","SH","lower",-1.86867995731502,7.21570919582828e-06,-0.376586089411037,0.0678214524334937,0.511220928626255,0.0721566352144503,0.244271581876888
"fixed_design","SH","lower",-1.86163496471999,7.75717496921711e-06,-0.376586089411037,0.0678214524334937,0.511220928626255,0.0721566352144503,0.244271581876888
"fixed_design","SH","lower",-1.85458997212497,7.61929786809267e-06,-0.376586089411037,0.0678214524334937,0.511220928626255,0.0721566352144503,0.244271581876888
"fixed_design","SH","lower",-1.84754497952995,7.72394592773752e-06,-0.376586089411037,0.0678214524334937,0.511220928626255,0.0721566352144503,0.244271581876888
"fixed_design","SH","lower",-1.84049998693493,8.1163674490399e-06,-0.376586089411037,0.0678214524334937,0.511220928626255,0.0721566352144503,0.244271581876888
"fixed_design","SH","lower",-1.83345499433991,7.81575378862871e-06,-0.376586089411037,0.0678214524334937,0.511220928626255,0.0721566352144503,0.244271581876888
"fixed_design","SH","lower",-1.82641000174488,8.26215636399536e-06,-0.376586089411037,0.0678214524334937,0.511220928626255,0.0721566352144503,0.244271581876888
"fixed_design","SH","lower",-1.81936500914986,9.95963759359405e-06,-0.376586089411037,0.0678214524334937,0.511220928626255,0.0721566352144503,0.244271581876888
"fixed_design","SH","lower",-1.81232001655484,1.15473198067035e-05,-0.376586089411037,0.0678214524334937,0.511220928626255,0.0721566352144503,0.244271581876888
"fixed_design","SH","lower",-1.80527502395982,1.18573900431364e-05,-0.376586089411037,0.0678214524334937,0.511220928626255,0.0721566352144503,0.244271581876888
"fixed_design","SH","lower",-1.7982300313648,1.21824823852236e-05,-0.376586089411037,0.0678214524334937,0.511220928626255,0.0721566352144503,0.244271581876888
"fixed_design","SH","lower",-1.79118503876978,1.25407005401265e-05,-0.376586089411037,0.0678214524334937,0.511220928626255,0.0721566352144503,0.244271581876888
"fixed_design","SH","lower",-1.78414004617475,1.28139844685803e-05,-0.376586089411037,0.0678214524334937,0.511220928626255,0.0721566352144503,0.244271581876888
"fixed_design","SH","lower",-1.77709505357973,1.38240797219527e-05,-0.376586089411037,0.0678214524334937,0.511220928626255,0.0721566352144503,0.244271581876888
"fixed_design","SH","lower",-1.77005006098471,1.4754371322887e-05,-0.376586089411037,0.0678214524334937,0.511220928626255,0.0721566352144503,0.244271581876888
"fixed_design","SH","lower",-1.76300506838969,1.51032376343109e-05,-0.376586089411037,0.0678214524334937,0.511220928626255,0.0721566352144503,0.244271581876888
"fixed_design","SH","lower",-1.75596007579467,1.55293959151994e-05,-0.376586089411037,0.0678214524334937,0.511220928626255,0.0721566352144503,0.244271581876888
"fixed_design","SH","lower",-1.74891508319964,1.6325839020908e-05,-0.376586089411037,0.0678214524334937,0.511220928626255,0.0721566352144503,0.244271581876888
"fixed_design","SH","lower",-1.74187009060462,1.72590976057628e-05,-0.376586089411037,0.0678214524334937,0.511220928626255,0.0721566352144503,0.244271581876888
"fixed_design","SH","lower",-1.7348250980096,1.89428844953156e-05,-0.376586089411037,0.0678214524334937,0.511220928626255,0.0721566352144503,0.244271581876888
"fixed_design","SH","lower",-1.72778010541458,2.01395391483211e-05,-0.376586089411037,0.0678214524334937,0.511220928626255,0.0721566352144503,0.244271581876888
"fixed_design","SH","lower",-1.72073511281956,1.98114350655448e-05,-0.376586089411037,0.0678214524334937,0.511220928626255,0.0721566352144503,0.244271581876888
"fixed_design","SH","lower",-1.71369012022454,2.04175156578679e-05,-0.376586089411037,0.0678214524334937,0.511220928626255,0.0721566352144503,0.244271581876888
"fixed_design","SH","lower",-1.70664512762951,2.09519811888703e-05,-0.376586089411037,0.0678214524334937,0.511220928626255,0.0721566352144503,0.244271581876888
"fixed_design","SH","lower",-1.69960013503449,2.10493287364563e-05,-0.376586089411037,0.0678214524334937,0.511220928626255,0.0721566352144503,0.244271581876888
"fixed_design","SH","lower",-1.69255514243947,2.29652537264484e-05,-0.376586089411037,0.0678214524334937,0.511220928626255,0.0721566352144503,0.244271581876888
"fixed_design","SH","lower",-1.68551014984445,2.47584214766216e-05,-0.376586089411037,0.0678214524334937,0.511220928626255,0.0721566352144503,0.244271581876888
"fixed_design","SH","lower",-1.67846515724943,2.62716092234412e-05,-0.376586089411037,0.0678214524334937,0.511220928626255,0.0721566352144503,0.244271581876888
"fixed_design","SH","lower",-1.67142016465441,2.86899307591372e-05,-0.376586089411037,0.0678214524334937,0.511220928626255,0.0721566352144503,0.244271581876888
"fixed_design","SH","lower",-1.66437517205938,3.03831865131975e-05,-0.376586089411037,0.0678214524334937,0.511220928626255,0.0721566352144503,0.244271581876888
"fixed_design","SH","lower",-1.65733017946436,3.24483311295888e-05,-0.376586089411037,0.0678214524334937,0.511220928626255,0.0721566352144503,0.244271581876888
"fixed_design","SH","lower",-1.65028518686934,3.40490244419874e-05,-0.376586089411037,0.0678214524334937,0.511220928626255,0.0721566352144503,0.244271581876888
"fixed_design","SH","lower",-1.64324019427432,3.44623190545618e-05,-0.376586089411037,0.0678214524334937,0.511220928626255,0.0721566352144503,0.244271581876888
"fixed_design","SH","lower",-1.6361952016793,3.68507125364553e-05,-0.376586089411037,0.0678214524334937,0.511220928626255,0.0721566352144503,0.244271581876888
"fixed_design","SH","lower",-1.62915020908427,3.83585815345563e-05,-0.376586089411037,0.0678214524334937,0.511220928626255,0.0721566352144503,0.244271581876888
"fixed_design","SH","lower",-1.62210521648925,3.97706168703475e-05,-0.376586089411037,0.0678214524334937,0.511220928626255,0.0721566352144503,0.244271581876888
"fixed_design","SH","lower",-1.61506022389423,4.01620186968475e-05,-0.376586089411037,0.0678214524334937,0.511220928626255,0.0721566352144503,0.244271581876888
"fixed_design","SH","lower",-1.60801523129921,4.08601032360585e-05,-0.376586089411037,0.0678214524334937,0.511220928626255,0.0721566352144503,0.244271581876888
"fixed_design","SH","lower",-1.60097023870419,4.18540290429599e-05,-0.376586089411037,0.0678214524334937,0.511220928626255,0.0721566352144503,0.244271581876888
"fixed_design","SH","lower",-1.59392524610917,4.42054636015218e-05,-0.376586089411037,0.0678214524334937,0.511220928626255,0.0721566352144503,0.244271581876888
"fixed_design","SH","lower",-1.58688025351414,4.72417821028033e-05,-0.376586089411037,0.0678214524334937,0.511220928626255,0.0721566352144503,0.244271581876888
"fixed_design","SH","lower",-1.57983526091912,5.03248457537462e-05,-0.376586089411037,0.0678214524334937,0.511220928626255,0.0721566352144503,0.244271581876888
"fixed_design","SH","lower",-1.5727902683241,5.27237592333292e-05,-0.376586089411037,0.0678214524334937,0.511220928626255,0.0721566352144503,0.244271581876888
"fixed_design","SH","lower",-1.56574527572908,5.51544497528369e-05,-0.376586089411037,0.0678214524334937,0.511220928626255,0.0721566352144503,0.244271581876888
"fixed_design","SH","lower",-1.55870028313406,5.848594860012e-05,-0.376586089411037,0.0678214524334937,0.511220928626255,0.0721566352144503,0.244271581876888
"fixed_design","SH","lower",-1.55165529053903,6.23072518652901e-05,-0.376586089411037,0.0678214524334937,0.511220928626255,0.0721566352144503,0.244271581876888
"fixed_design","SH","lower",-1.54461029794401,6.48419980197795e-05,-0.376586089411037,0.0678214524334937,0.511220928626255,0.0721566352144503,0.244271581876888
"fixed_design","SH","lower",-1.53756530534899,6.64597158048915e-05,-0.376586089411037,0.0678214524334937,0.511220928626255,0.0721566352144503,0.244271581876888
"fixed_design","SH","lower",-1.53052031275397,6.82094001533418e-05,-0.376586089411037,0.0678214524334937,0.511220928626255,0.0721566352144503,0.244271581876888
"fixed_design","SH","lower",-1.52347532015895,7.19247024482789e-05,-0.376586089411037,0.0678214524334937,0.511220928626255,0.0721566352144503,0.244271581876888
"fixed_design","SH","lower",-1.51643032756393,7.30537649894486e-05,-0.376586089411037,0.0678214524334937,0.511220928626255,0.0721566352144503,0.244271581876888
"fixed_design","SH","lower",-1.5093853349689,7.6255175971334e-05,-0.376586089411037,0.0678214524334937,0.511220928626255,0.0721566352144503,0.244271581876888
"fixed_design","SH","lower",-1.50234034237388,7.98226385895055e-05,-0.376586089411037,0.0678214524334937,0.511220928626255,0.0721566352144503,0.244271581876888
"fixed_design","SH","lower",-1.49529534977886,8.44122075881757e-05,-0.376586089411037,0.0678214524334937,0.511220928626255,0.0721566352144503,0.244271581876888
"fixed_design","SH","lower",-1.48825035718384,9.08739574826916e-05,-0.376586089411037,0.0678214524334937,0.511220928626255,0.0721566352144503,0.244271581876888
"fixed_design","SH","lower",-1.48120536458882,9.50856461593963e-05,-0.376586089411037,0.0678214524334937,0.511220928626255,0.0721566352144503,0.244271581876888
"fixed_design","SH","lower",-1.47416037199379,9.73494636293534e-05,-0.376586089411037,0.0678214524334937,0.511220928626255,0.0721566352144503,0.244271581876888
"fixed_design","SH","lower",-1.46711537939877,9.93966983259688e-05,-0.376586089411037,0.0678214524334937,0.511220928626255,0.0721566352144503,0.244271581876888
"fixed_design","SH","lower",-1.46007038680375,0.000103756266249437,-0.376586089411037,0.0678214524334937,0.511220928626255,0.0721566352144503,0.244271581876888
"fixed_design","SH","lower",-1.45302539420873,0.000107375351871239,-0.376586089411037,0.0678214524334937,0.511220928626255,0.0721566352144503,0.244271581876888
"fixed_design","SH","lower",-1.44598040161371,0.000111346069395567,-0.376586089411037,0.0678214524334937,0.511220928626255,0.0721566352144503,0.244271581876888
"fixed_design","SH","lower",-1.43893540901869,0.000116279761282023,-0.376586089411037,0.0678214524334937,0.511220928626255,0.0721566352144503,0.244271581876888
"fixed_design","SH","lower",-1.43189041642366,0.000119425050017542,-0.376586089411037,0.0678214524334937,0.511220928626255,0.0721566352144503,0.244271581876888
"fixed_design","SH","lower",-1.42484542382864,0.000128682996150383,-0.376586089411037,0.0678214524334937,0.511220928626255,0.0721566352144503,0.244271581876888
"fixed_design","SH","lower",-1.41780043123362,0.000135127850383998,-0.376586089411037,0.0678214524334937,0.511220928626255,0.0721566352144503,0.244271581876888
"fixed_design","SH","lower",-1.4107554386386,0.000143585930498293,-0.376586089411037,0.0678214524334937,0.511220928626255,0.0721566352144503,0.244271581876888
"fixed_design","SH","lower",-1.40371044604358,0.000149669164278452,-0.376586089411037,0.0678214524334937,0.511220928626255,0.0721566352144503,0.244271581876888
"fixed_design","SH","lower",-1.39666545344855,0.000154587840488962,-0.376586089411037,0.0678214524334937,0.511220928626255,0.0721566352144503,0.244271581876888
"fixed_design","SH","lower",-1.38962046085353,0.000159406341490174,-0.376586089411037,0.0678214524334937,0.511220928626255,0.0721566352144503,0.244271581876888
"fixed_design","SH","lower",-1.38257546825851,0.000165145155060874,-0.376586089411037,0.0678214524334937,0.511220928626255,0.0721566352144503,0.244271581876888
"fixed_design","SH","lower",-1.37553047566349,0.000171824021149125,-0.376586089411037,0.0678214524334937,0.511220928626255,0.0721566352144503,0.244271581876888
"fixed_design","SH","lower",-1.36848548306847,0.0001747347803917,-0.376586089411037,0.0678214524334937,0.511220928626255,0.0721566352144503,0.244271581876888
"fixed_design","SH","lower",-1.36144049047345,0.000181809640325697,-0.376586089411037,0.0678214524334937,0.511220928626255,0.0721566352144503,0.244271581876888
"fixed_design","SH","lower",-1.35439549787842,0.000185293426732223,-0.376586089411037,0.0678214524334937,0.511220928626255,0.0721566352144503,0.244271581876888
"fixed_design","SH","lower",-1.3473505052834,0.000191851551774342,-0.376586089411037,0.0678214524334937,0.511220928626255,0.0721566352144503,0.244271581876888
"fixed_design","SH","lower",-1.34030551268838,0.000200428774576616,-0.376586089411037,0.0678214524334937,0.511220928626255,0.0721566352144503,0.244271581876888
"fixed_design","SH","lower",-1.33326052009336,0.00020555032420227,-0.376586089411037,0.0678214524334937,0.511220928626255,0.0721566352144503,0.244271581876888
"fixed_design","SH","lower",-1.32621552749834,0.000213397446503306,-0.376586089411037,0.0678214524334937,0.511220928626255,0.0721566352144503,0.244271581876888
"fixed_design","SH","lower",-1.31917053490331,0.00022024884568383,-0.376586089411037,0.0678214524334937,0.511220928626255,0.0721566352144503,0.244271581876888
"fixed_design","SH","lower",-1.31212554230829,0.000225466617700459,-0.376586089411037,0.0678214524334937,0.511220928626255,0.0721566352144503,0.244271581876888
"fixed_design","SH","lower",-1.30508054971327,0.000230535750455598,-0.376586089411037,0.0678214524334937,0.511220928626255,0.0721566352144503,0.244271581876888
"fixed_design","SH","lower",-1.29803555711825,0.000235385735239534,-0.376586089411037,0.0678214524334937,0.511220928626255,0.0721566352144503,0.244271581876888
"fixed_design","SH","lower",-1.29099056452323,0.000238761166365665,-0.376586089411037,0.0678214524334937,0.511220928626255,0.0721566352144503,0.244271581876888
"fixed_design","SH","lower",-1.28394557192821,0.0002447299627904,-0.376586089411037,0.0678214524334937,0.511220928626255,0.0721566352144503,0.244271581876888
"fixed_design","SH","lower",-1.27690057933318,0.000253164057567982,-0.376586089411037,0.0678214524334937,0.511220928626255,0.0721566352144503,0.244271581876888
"fixed_design","SH","lower",-1.26985558673816,0.000258790700552678,-0.376586089411037,0.0678214524334937,0.511220928626255,0.0721566352144503,0.244271581876888
"fixed_design","SH","lower",-1.26281059414314,0.000267007983823797,-0.376586089411037,0.0678214524334937,0.511220928626255,0.0721566352144503,0.244271581876888
"fixed_design","SH","lower",-1.25576560154812,0.00027774450298175,-0.376586089411037,0.0678214524334937,0.511220928626255,0.0721566352144503,0.244271581876888
"fixed_design","SH","lower",-1.2487206089531,0.000289421987279218,-0.376586089411037,0.0678214524334937,0.511220928626255,0.0721566352144503,0.244271581876888
"fixed_design","SH","lower",-1.24167561635807,0.000298453593499817,-0.376586089411037,0.0678214524334937,0.511220928626255,0.0721566352144503,0.244271581876888
"fixed_design","SH","lower",-1.23463062376305,0.000310271484868368,-0.376586089411037,0.0678214524334937,0.511220928626255,0.0721566352144503,0.244271581876888
"fixed_design","SH","lower",-1.22758563116803,0.000326698754854389,-0.376586089411037,0.0678214524334937,0.511220928626255,0.0721566352144503,0.244271581876888
"fixed_design","SH","lower",-1.22054063857301,0.000341998646570129,-0.376586089411037,0.0678214524334937,0.511220928626255,0.0721566352144503,0.244271581876888
"fixed_design","SH","lower",-1.21349564597799,0.000358548699858069,-0.376586089411037,0.0678214524334937,0.511220928626255,0.0721566352144503,0.244271581876888
"fixed_design","SH","lower",-1.20645065338297,0.000378578731095415,-0.376586089411037,0.0678214524334937,0.511220928626255,0.0721566352144503,0.244271581876888
"fixed_design","SH","lower",-1.19940566078794,0.000396288165204487,-0.376586089411037,0.0678214524334937,0.511220928626255,0.0721566352144503,0.244271581876888
"fixed_design","SH","lower",-1.19236066819292,0.000411330028281363,-0.376586089411037,0.0678214524334937,0.511220928626255,0.0721566352144503,0.244271581876888
"fixed_design","SH","lower",-1.1853156755979,0.000428599979067825,-0.376586089411037,0.0678214524334937,0.511220928626255,0.0721566352144503,0.244271581876888
"fixed_design","SH","lower",-1.17827068300288,0.00044467690499288,-0.376586089411037,0.0678214524334937,0.511220928626255,0.0721566352144503,0.244271581876888
"fixed_design","SH","lower",-1.17122569040786,0.000460712339588866,-0.376586089411037,0.0678214524334937,0.511220928626255,0.0721566352144503,0.244271581876888
"fixed_design","SH","lower",-1.16418069781283,0.000482917182397189,-0.376586089411037,0.0678214524334937,0.511220928626255,0.0721566352144503,0.244271581876888
"fixed_design","SH","lower",-1.15713570521781,0.000508600213185751,-0.376586089411037,0.0678214524334937,0.511220928626255,0.0721566352144503,0.244271581876888
"fixed_design","SH","lower",-1.15009071262279,0.000532775970613476,-0.376586089411037,0.0678214524334937,0.511220928626255,0.0721566352144503,0.244271581876888
"fixed_design","SH","lower",-1.14304572002777,0.000557200377471081,-0.376586089411037,0.0678214524334937,0.511220928626255,0.0721566352144503,0.244271581876888
"fixed_design","SH","lower",-1.13600072743275,0.000585490165661983,-0.376586089411037,0.0678214524334937,0.511220928626255,0.0721566352144503,0.244271581876888
"fixed_design","SH","lower",-1.12895573483773,0.000611513594769594,-0.376586089411037,0.0678214524334937,0.511220928626255,0.0721566352144503,0.244271581876888
"fixed_design","SH","lower",-1.1219107422427,0.000632814420308424,-0.376586089411037,0.0678214524334937,0.511220928626255,0.0721566352144503,0.244271581876888
"fixed_design","SH","lower",-1.11486574964768,0.00064798519859188,-0.376586089411037,0.0678214524334937,0.511220928626255,0.0721566352144503,0.244271581876888
"fixed_design","SH","lower",-1.10782075705266,0.00066615446963938,-0.376586089411037,0.0678214524334937,0.511220928626255,0.0721566352144503,0.244271581876888
"fixed_design","SH","lower",-1.10077576445764,0.000688692387123341,-0.376586089411037,0.0678214524334937,0.511220928626255,0.0721566352144503,0.244271581876888
"fixed_design","SH","lower",-1.09373077186262,0.000710485309103742,-0.376586089411037,0.0678214524334937,0.511220928626255,0.0721566352144503,0.244271581876888
"fixed_design","SH","lower",-1.0866857792676,0.000737730815790263,-0.376586089411037,0.0678214524334937,0.511220928626255,0.0721566352144503,0.244271581876888
"fixed_design","SH","lower",-1.07964078667257,0.0007646494672318,-0.376586089411037,0.0678214524334937,0.511220928626255,0.0721566352144503,0.244271581876888
"fixed_design","SH","lower",-1.07259579407755,0.000792852147737621,-0.376586089411037,0.0678214524334937,0.511220928626255,0.0721566352144503,0.244271581876888
"fixed_design","SH","lower",-1.06555080148253,0.000823376930263051,-0.376586089411037,0.0678214524334937,0.511220928626255,0.0721566352144503,0.244271581876888
"fixed_design","SH","lower",-1.05850580888751,0.000851540318064978,-0.376586089411037,0.0678214524334937,0.511220928626255,0.0721566352144503,0.244271581876888
"fixed_design","SH","lower",-1.05146081629249,0.000877899759899279,-0.376586089411037,0.0678214524334937,0.511220928626255,0.0721566352144503,0.244271581876888
"fixed_design","SH","lower",-1.04441582369746,0.000907999754475733,-0.376586089411037,0.0678214524334937,0.511220928626255,0.0721566352144503,0.244271581876888
"fixed_design","SH","lower",-1.03737083110244,0.000942877171021707,-0.376586089411037,0.0678214524334937,0.511220928626255,0.0721566352144503,0.244271581876888
"fixed_design","SH","lower",-1.03032583850742,0.00097920762593046,-0.376586089411037,0.0678214524334937,0.511220928626255,0.0721566352144503,0.244271581876888
"fixed_design","SH","lower",-1.0232808459124,0.00102007242198336,-0.376586089411037,0.0678214524334937,0.511220928626255,0.0721566352144503,0.244271581876888
"fixed_design","SH","lower",-1.01623585331738,0.00106534992123131,-0.376586089411037,0.0678214524334937,0.511220928626255,0.0721566352144503,0.244271581876888
"fixed_design","SH","lower",-1.00919086072235,0.00110440728370181,-0.376586089411037,0.0678214524334937,0.511220928626255,0.0721566352144503,0.244271581876888
"fixed_design","SH","lower",-1.00214586812733,0.0011450441631044,-0.376586089411037,0.0678214524334937,0.511220928626255,0.0721566352144503,0.244271581876888
"fixed_design","SH","lower",-0.995100875532311,0.00119023479817354,-0.376586089411037,0.0678214524334937,0.511220928626255,0.0721566352144503,0.244271581876888
"fixed_design","SH","lower",-0.98805588293729,0.00123280153486895,-0.376586089411037,0.0678214524334937,0.511220928626255,0.0721566352144503,0.244271581876888
"fixed_design","SH","lower",-0.981010890342268,0.00127138044043454,-0.376586089411037,0.0678214524334937,0.511220928626255,0.0721566352144503,0.244271581876888
"fixed_design","SH","lower",-0.973965897747246,0.00131521734175648,-0.376586089411037,0.0678214524334937,0.511220928626255,0.0721566352144503,0.244271581876888
"fixed_design","SH","lower",-0.966920905152224,0.00136492475575883,-0.376586089411037,0.0678214524334937,0.511220928626255,0.0721566352144503,0.244271581876888
"fixed_design","SH","lower",-0.959875912557202,0.0014113236505354,-0.376586089411037,0.0678214524334937,0.511220928626255,0.0721566352144503,0.244271581876888
"fixed_design","SH","lower",-0.952830919962181,0.00146480304524445,-0.376586089411037,0.0678214524334937,0.511220928626255,0.0721566352144503,0.244271581876888
"fixed_design","SH","lower",-0.945785927367159,0.00152672005576785,-0.376586089411037,0.0678214524334937,0.511220928626255,0.0721566352144503,0.244271581876888
"fixed_design","SH","lower",-0.938740934772137,0.00158270118966927,-0.376586089411037,0.0678214524334937,0.511220928626255,0.0721566352144503,0.244271581876888
"fixed_design","SH","lower",-0.931695942177115,0.0016428565992252,-0.376586089411037,0.0678214524334937,0.511220928626255,0.0721566352144503,0.244271581876888
"fixed_design","SH","lower",-0.924650949582093,0.0017053006839638,-0.376586089411037,0.0678214524334937,0.511220928626255,0.0721566352144503,0.244271581876888
"fixed_design","SH","lower",-0.917605956987072,0.00177044626789096,-0.376586089411037,0.0678214524334937,0.511220928626255,0.0721566352144503,0.244271581876888
"fixed_design","SH","lower",-0.91056096439205,0.00184127232986982,-0.376586089411037,0.0678214524334937,0.511220928626255,0.0721566352144503,0.244271581876888
"fixed_design","SH","lower",-0.903515971797028,0.00191730239033772,-0.376586089411037,0.0678214524334937,0.511220928626255,0.0721566352144503,0.244271581876888
"fixed_design","SH","lower",-0.896470979202006,0.00199702472760546,-0.376586089411037,0.0678214524334937,0.511220928626255,0.0721566352144503,0.244271581876888
"fixed_design","SH","lower",-0.889425986606984,0.00208871811627467,-0.376586089411037,0.0678214524334937,0.511220928626255,0.0721566352144503,0.244271581876888
"fixed_design","SH","lower",-0.882380994011962,0.0022080481427844,-0.376586089411037,0.0678214524334937,0.511220928626255,0.0721566352144503,0.244271581876888
"fixed_design","SH","lower",-0.875336001416941,0.00236084094745923,-0.376586089411037,0.0678214524334937,0.511220928626255,0.0721566352144503,0.244271581876888
"fixed_design","SH","lower",-0.868291008821919,0.00248502452348005,-0.376586089411037,0.0678214524334937,0.511220928626255,0.0721566352144503,0.244271581876888
"fixed_design","SH","lower",-0.861246016226897,0.00256574394453446,-0.376586089411037,0.0678214524334937,0.511220928626255,0.0721566352144503,0.244271581876888
"fixed_design","SH","lower",-0.854201023631875,0.00264437562851013,-0.376586089411037,0.0678214524334937,0.511220928626255,0.0721566352144503,0.244271581876888
"fixed_design","SH","lower",-0.847156031036854,0.00273674980828493,-0.376586089411037,0.0678214524334937,0.511220928626255,0.0721566352144503,0.244271581876888
"fixed_design","SH","lower",-0.840111038441832,0.00284614991557157,-0.376586089411037,0.0678214524334937,0.511220928626255,0.0721566352144503,0.244271581876888
"fixed_design","SH","lower",-0.83306604584681,0.00298767179019784,-0.376586089411037,0.0678214524334937,0.511220928626255,0.0721566352144503,0.244271581876888
"fixed_design","SH","lower",-0.826021053251788,0.00311205387745148,-0.376586089411037,0.0678214524334937,0.511220928626255,0.0721566352144503,0.244271581876888
"fixed_design","SH","lower",-0.818976060656766,0.0032051818984291,-0.376586089411037,0.0678214524334937,0.511220928626255,0.0721566352144503,0.244271581876888
"fixed_design","SH","lower",-0.811931068061744,0.0032892317906386,-0.376586089411037,0.0678214524334937,0.511220928626255,0.0721566352144503,0.244271581876888
"fixed_design","SH","lower",-0.804886075466723,0.00338982504670768,-0.376586089411037,0.0678214524334937,0.511220928626255,0.0721566352144503,0.244271581876888
"fixed_design","SH","lower",-0.797841082871701,0.00352291783611124,-0.376586089411037,0.0678214524334937,0.511220928626255,0.0721566352144503,0.244271581876888
"fixed_design","SH","lower",-0.790796090276679,0.00369139489620211,-0.376586089411037,0.0678214524334937,0.511220928626255,0.0721566352144503,0.244271581876888
"fixed_design","SH","lower",-0.783751097681657,0.00387995399871192,-0.376586089411037,0.0678214524334937,0.511220928626255,0.0721566352144503,0.244271581876888
"fixed_design","SH","lower",-0.776706105086635,0.00409510648048278,-0.376586089411037,0.0678214524334937,0.511220928626255,0.0721566352144503,0.244271581876888
"fixed_design","SH","lower",-0.769661112491614,0.00432770586583497,-0.376586089411037,0.0678214524334937,0.511220928626255,0.0721566352144503,0.244271581876888
"fixed_design","SH","lower",-0.762616119896592,0.00459555854121492,-0.376586089411037,0.0678214524334937,0.511220928626255,0.0721566352144503,0.244271581876888
"fixed_design","SH","lower",-0.75557112730157,0.00490166683621684,-0.376586089411037,0.0678214524334937,0.511220928626255,0.0721566352144503,0.244271581876888
"fixed_design","SH","lower",-0.748526134706548,0.00515018896773044,-0.376586089411037,0.0678214524334937,0.511220928626255,0.0721566352144503,0.244271581876888
"fixed_design","SH","lower",-0.741481142111526,0.00534906695822617,-0.376586089411037,0.0678214524334937,0.511220928626255,0.0721566352144503,0.244271581876888
"fixed_design","SH","lower",-0.734436149516505,0.0055886262465926,-0.376586089411037,0.0678214524334937,0.511220928626255,0.0721566352144503,0.244271581876888
"fixed_design","SH","lower",-0.727391156921483,0.00590445256491293,-0.376586089411037,0.0678214524334937,0.511220928626255,0.0721566352144503,0.244271581876888
"fixed_design","SH","lower",-0.720346164326461,0.0063268910319012,-0.376586089411037,0.0678214524334937,0.511220928626255,0.0721566352144503,0.244271581876888
"fixed_design","SH","lower",-0.713301171731439,0.00684000946829823,-0.376586089411037,0.0678214524334937,0.511220928626255,0.0721566352144503,0.244271581876888
"fixed_design","SH","lower",-0.706256179136417,0.00729817668438943,-0.376586089411037,0.0678214524334937,0.511220928626255,0.0721566352144503,0.244271581876888
"fixed_design","SH","lower",-0.699211186541395,0.00763693096330298,-0.376586089411037,0.0678214524334937,0.511220928626255,0.0721566352144503,0.244271581876888
"fixed_design","SH","lower",-0.692166193946374,0.00802364139506919,-0.376586089411037,0.0678214524334937,0.511220928626255,0.0721566352144503,0.244271581876888
"fixed_design","SH","lower",-0.685121201351352,0.00856711619151936,-0.376586089411037,0.0678214524334937,0.511220928626255,0.0721566352144503,0.244271581876888
"fixed_design","SH","lower",-0.67807620875633,0.00915582840205417,-0.376586089411037,0.0678214524334937,0.511220928626255,0.0721566352144503,0.244271581876888
"fixed_design","SH","lower",-0.671031216161308,0.00967681735595346,-0.376586089411037,0.0678214524334937,0.511220928626255,0.0721566352144503,0.244271581876888
"fixed_design","SH","lower",-0.663986223566287,0.0101438384506475,-0.376586089411037,0.0678214524334937,0.511220928626255,0.0721566352144503,0.244271581876888
"fixed_design","SH","lower",-0.656941230971265,0.0107802975958152,-0.376586089411037,0.0678214524334937,0.511220928626255,0.0721566352144503,0.244271581876888
"fixed_design","SH","lower",-0.649896238376243,0.011758873483074,-0.376586089411037,0.0678214524334937,0.511220928626255,0.0721566352144503,0.244271581876888
"fixed_design","SH","lower",-0.642851245781221,0.0128630253676488,-0.376586089411037,0.0678214524334937,0.511220928626255,0.0721566352144503,0.244271581876888
"fixed_design","SH","lower",-0.635806253186199,0.0138479157243886,-0.376586089411037,0.0678214524334937,0.511220928626255,0.0721566352144503,0.244271581876888
"fixed_design","SH","lower",-0.628761260591177,0.0148405289212721,-0.376586089411037,0.0678214524334937,0.511220928626255,0.0721566352144503,0.244271581876888
"fixed_design","SH","lower",-0.621716267996156,0.0160305301283647,-0.376586089411037,0.0678214524334937,0.511220928626255,0.0721566352144503,0.244271581876888
"fixed_design","SH","lower",-0.614671275401134,0.0174505022017658,-0.376586089411037,0.0678214524334937,0.511220928626255,0.0721566352144503,0.244271581876888
"fixed_design","SH","lower",-0.607626282806112,0.019159512530491,-0.376586089411037,0.0678214524334937,0.511220928626255,0.0721566352144503,0.244271581876888
"fixed_design","SH","lower",-0.60058129021109,0.0210852162271975,-0.376586089411037,0.0678214524334937,0.511220928626255,0.0721566352144503,0.244271581876888
"fixed_design","SH","lower",-0.593536297616068,0.0230609753213671,-0.376586089411037,0.0678214524334937,0.511220928626255,0.0721566352144503,0.244271581876888
"fixed_design","SH","lower",-0.586491305021047,0.0251356725931036,-0.376586089411037,0.0678214524334937,0.511220928626255,0.0721566352144503,0.244271581876888
"fixed_design","SH","lower",-0.579446312426025,0.0275057794858346,-0.376586089411037,0.0678214524334937,0.511220928626255,0.0721566352144503,0.244271581876888
"fixed_design","SH","lower",-0.572401319831003,0.0301505754472108,-0.376586089411037,0.0678214524334937,0.511220928626255,0.0721566352144503,0.244271581876888
"fixed_design","SH","lower",-0.565356327235981,0.0331592503519783,-0.376586089411037,0.0678214524334937,0.511220928626255,0.0721566352144503,0.244271581876888
"fixed_design","SH","lower",-0.558311334640959,0.0364066604883514,-0.376586089411037,0.0678214524334937,0.511220928626255,0.0721566352144503,0.244271581876888
"fixed_design","SH","lower",-0.551266342045938,0.0394704122033602,-0.376586089411037,0.0678214524334937,0.511220928626255,0.0721566352144503,0.244271581876888
"fixed_design","SH","lower",-0.544221349450916,0.0425987467028393,-0.376586089411037,0.0678214524334937,0.511220928626255,0.0721566352144503,0.244271581876888
"fixed_design","SH","lower",-0.537176356855894,0.0462164836273443,-0.376586089411037,0.0678214524334937,0.511220928626255,0.0721566352144503,0.244271581876888
"fixed_design","SH","lower",-0.530131364260872,0.0506234526787454,-0.376586089411037,0.0678214524334937,0.511220928626255,0.0721566352144503,0.244271581876888
"fixed_design","SH","lower",-0.52308637166585,0.0555945439327587,-0.376586089411037,0.0678214524334937,0.511220928626255,0.0721566352144503,0.244271581876888
"fixed_design","SH","lower",-0.516041379070828,0.0609309063269134,-0.376586089411037,0.0678214524334937,0.511220928626255,0.0721566352144503,0.244271581876888
"fixed_design","SH","lower",-0.508996386475807,0.0669410908821895,-0.376586089411037,0.0678214524334937,0.511220928626255,0.0721566352144503,0.244271581876888
"fixed_design","SH","lower",-0.501951393880785,0.0735211402228514,-0.376586089411037,0.0678214524334937,0.511220928626255,0.0721566352144503,0.244271581876888
"fixed_design","SH","lower",-0.494906401285763,0.0798498108594452,-0.376586089411037,0.0678214524334937,0.511220928626255,0.0721566352144503,0.244271581876888
"fixed_design","SH","lower",-0.487861408690741,0.0857201442462585,-0.376586089411037,0.0678214524334937,0.511220928626255,0.0721566352144503,0.244271581876888
"fixed_design","SH","lower",-0.48081641609572,0.0914817390424167,-0.376586089411037,0.0678214524334937,0.511220928626255,0.0721566352144503,0.244271581876888
"fixed_design","SH","lower",-0.473771423500698,0.0974085848769512,-0.376586089411037,0.0678214524334937,0.511220928626255,0.0721566352144503,0.244271581876888
"fixed_design","SH","lower",-0.466726430905676,0.103713483089261,-0.376586089411037,0.0678214524334937,0.511220928626255,0.0721566352144503,0.244271581876888
"fixed_design","SH","lower",-0.459681438310654,0.110929706111393,-0.376586089411037,0.0678214524334937,0.511220928626255,0.0721566352144503,0.244271581876888
"fixed_design","SH","lower",-0.452636445715632,0.120299007431264,-0.376586089411037,0.0678214524334937,0.511220928626255,0.0721566352144503,0.244271581876888
"fixed_design","SH","lower",-0.44559145312061,0.130913354411486,-0.376586089411037,0.0678214524334937,0.511220928626255,0.0721566352144503,0.244271581876888
"fixed_design","SH","lower",-0.438546460525589,0.140695935379293,-0.376586089411037,0.0678214524334937,0.511220928626255,0.0721566352144503,0.244271581876888
"fixed_design","SH","lower",-0.431501467930567,0.151147892563569,-0.376586089411037,0.0678214524334937,0.511220928626255,0.0721566352144503,0.244271581876888
"fixed_design","SH","lower",-0.424456475335545,0.162670411674025,-0.376586089411037,0.0678214524334937,0.511220928626255,0.0721566352144503,0.244271581876888
"fixed_design","SH","lower",-0.417411482740523,0.173995388147996,-0.376586089411037,0.0678214524334937,0.511220928626255,0.0721566352144503,0.244271581876888
"fixed_design","SH","lower",-0.410366490145501,0.185953988122533,-0.376586089411037,0.0678214524334937,0.511220928626255,0.0721566352144503,0.244271581876888
"fixed_design","SH","lower",-0.40332149755048,0.199616170354326,-0.376586089411037,0.0678214524334937,0.511220928626255,0.0721566352144503,0.244271581876888
"fixed_design","SH","lower",-0.396276504955458,0.213616663064594,-0.376586089411037,0.0678214524334937,0.511220928626255,0.0721566352144503,0.244271581876888
"fixed_design","SH","lower",-0.389231512360436,0.227628026348368,-0.376586089411037,0.0678214524334937,0.511220928626255,0.0721566352144503,0.244271581876888
"fixed_design","SH","lower",-0.382186519765414,0.242306731844658,-0.376586089411037,0.0678214524334937,0.511220928626255,0.0721566352144503,0.244271581876888
"fixed_design","SH","lower",-0.375141527170392,0.258272339937671,-0.376586089411037,0.0678214524334937,0.511220928626255,0.0721566352144503,0.244271581876888
"fixed_design","SH","lower",-0.368096534575371,0.274233933965124,-0.376586089411037,0.0678214524334937,0.511220928626255,0.0721566352144503,0.244271581876888
"fixed_design","SH","lower",-0.361051541980349,0.290095041327407,-0.376586089411037,0.0678214524334937,0.511220928626255,0.0721566352144503,0.244271581876888
"fixed_design","SH","lower",-0.354006549385327,0.307845754952751,-0.376586089411037,0.0678214524334937,0.511220928626255,0.0721566352144503,0.244271581876888
"fixed_design","SH","lower",-0.346961556790305,0.32703486801778,-0.376586089411037,0.0678214524334937,0.511220928626255,0.0721566352144503,0.244271581876888
"fixed_design","SH","lower",-0.339916564195283,0.345886022494644,-0.376586089411037,0.0678214524334937,0.511220928626255,0.0721566352144503,0.244271581876888
"fixed_design","SH","lower",-0.332871571600261,0.366664132927787,-0.376586089411037,0.0678214524334937,0.511220928626255,0.0721566352144503,0.244271581876888
"fixed_design","SH","lower",-0.32582657900524,0.390269413025141,-0.376586089411037,0.0678214524334937,0.511220928626255,0.0721566352144503,0.244271581876888
"fixed_design","SH","lower",-0.318781586410218,0.415348934962851,-0.376586089411037,0.0678214524334937,0.511220928626255,0.0721566352144503,0.244271581876888
"fixed_design","SH","lower",-0.311736593815196,0.439671624362994,-0.376586089411037,0.0678214524334937,0.511220928626255,0.0721566352144503,0.244271581876888
"fixed_design","SH","lower",-0.304691601220174,0.463836226633076,-0.376586089411037,0.0678214524334937,0.511220928626255,0.0721566352144503,0.244271581876888
"fixed_design","SH","lower",-0.297646608625152,0.489100106102746,-0.376586089411037,0.0678214524334937,0.511220928626255,0.0721566352144503,0.244271581876888
"fixed_design","SH","lower",-0.290601616030131,0.514065397035863,-0.376586089411037,0.0678214524334937,0.511220928626255,0.0721566352144503,0.244271581876888
"fixed_design","SH","lower",-0.283556623435109,0.540337321427175,-0.376586089411037,0.0678214524334937,0.511220928626255,0.0721566352144503,0.244271581876888
"fixed_design","SH","lower",-0.276511630840087,0.567728987761822,-0.376586089411037,0.0678214524334937,0.511220928626255,0.0721566352144503,0.244271581876888
"fixed_design","SH","lower",-0.269466638245065,0.593568282694907,-0.376586089411037,0.0678214524334937,0.511220928626255,0.0721566352144503,0.244271581876888
"fixed_design","SH","lower",-0.262421645650043,0.618660853009139,-0.376586089411037,0.0678214524334937,0.511220928626255,0.0721566352144503,0.244271581876888
"fixed_design","SH","lower",-0.255376653055022,0.645786563069763,-0.376586089411037,0.0678214524334937,0.511220928626255,0.0721566352144503,0.244271581876888
"fixed_design","SH","lower",-0.24833166046,0.676561089261709,-0.376586089411037,0.0678214524334937,0.511220928626255,0.0721566352144503,0.244271581876888
"fixed_design","SH","lower",-0.241286667864978,0.710731189601206,-0.376586089411037,0.0678214524334937,0.511220928626255,0.0721566352144503,0.244271581876888
"fixed_design","SH","lower",-0.234241675269956,0.744666995132377,-0.376586089411037,0.0678214524334937,0.511220928626255,0.0721566352144503,0.244271581876888
"fixed_design","SH","lower",-0.227196682674934,0.777644257565039,-0.376586089411037,0.0678214524334937,0.511220928626255,0.0721566352144503,0.244271581876888
"fixed_design","SH","lower",-0.220151690079913,0.809451074632527,-0.376586089411037,0.0678214524334937,0.511220928626255,0.0721566352144503,0.244271581876888
"fixed_design","SH","lower",-0.213106697484891,0.84012238985013,-0.376586089411037,0.0678214524334937,0.511220928626255,0.0721566352144503,0.244271581876888
"fixed_design","SH","lower",-0.206061704889869,0.872440719810426,-0.376586089411037,0.0678214524334937,0.511220928626255,0.0721566352144503,0.244271581876888
"fixed_design","SH","lower",-0.199016712294847,0.90741158984611,-0.376586089411037,0.0678214524334937,0.511220928626255,0.0721566352144503,0.244271581876888
"fixed_design","SH","lower",-0.191971719699825,0.942904376282835,-0.376586089411037,0.0678214524334937,0.511220928626255,0.0721566352144503,0.244271581876888
"fixed_design","SH","lower",-0.184926727104803,0.977151172277894,-0.376586089411037,0.0678214524334937,0.511220928626255,0.0721566352144503,0.244271581876888
"fixed_design","SH","lower",-0.177881734509782,1.01288276297894,-0.376586089411037,0.0678214524334937,0.511220928626255,0.0721566352144503,0.244271581876888
"fixed_design","SH","lower",-0.17083674191476,1.05249912155699,-0.376586089411037,0.0678214524334937,0.511220928626255,0.0721566352144503,0.244271581876888
"fixed_design","SH","lower",-0.163791749319738,1.09212201020118,-0.376586089411037,0.0678214524334937,0.511220928626255,0.0721566352144503,0.244271581876888
"fixed_design","SH","lower",-0.156746756724716,1.12839877848948,-0.376586089411037,0.0678214524334937,0.511220928626255,0.0721566352144503,0.244271581876888
"fixed_design","SH","lower",-0.149701764129694,1.1636934039025,-0.376586089411037,0.0678214524334937,0.511220928626255,0.0721566352144503,0.244271581876888
"fixed_design","SH","lower",-0.142656771534673,1.1974623530506,-0.376586089411037,0.0678214524334937,0.511220928626255,0.0721566352144503,0.244271581876888
"fixed_design","SH","lower",-0.135611778939651,1.22763999333797,-0.376586089411037,0.0678214524334937,0.511220928626255,0.0721566352144503,0.244271581876888
"fixed_design","SH","lower",-0.128566786344629,1.25779365630568,-0.376586089411037,0.0678214524334937,0.511220928626255,0.0721566352144503,0.244271581876888
"fixed_design","SH","lower",-0.121521793749607,1.29083889684876,-0.376586089411037,0.0678214524334937,0.511220928626255,0.0721566352144503,0.244271581876888
"fixed_design","SH","lower",-0.114476801154586,1.3257449764449,-0.376586089411037,0.0678214524334937,0.511220928626255,0.0721566352144503,0.244271581876888
"fixed_design","SH","lower",-0.107431808559564,1.35973276324656,-0.376586089411037,0.0678214524334937,0.511220928626255,0.0721566352144503,0.244271581876888
"fixed_design","SH","lower",-0.100386815964542,1.39070048401328,-0.376586089411037,0.0678214524334937,0.511220928626255,0.0721566352144503,0.244271581876888
"fixed_design","SH","lower",-0.0933418233695202,1.42098823637855,-0.376586089411037,0.0678214524334937,0.511220928626255,0.0721566352144503,0.244271581876888
"fixed_design","SH","lower",-0.086296830774498,1.45130113893204,-0.376586089411037,0.0678214524334937,0.511220928626255,0.0721566352144503,0.244271581876888
"fixed_design","SH","lower",-0.0792518381794762,1.47797554645254,-0.376586089411037,0.0678214524334937,0.511220928626255,0.0721566352144503,0.244271581876888
"fixed_design","SH","lower",-0.0722068455844544,1.5006588444216,-0.376586089411037,0.0678214524334937,0.511220928626255,0.0721566352144503,0.244271581876888
"fixed_design","SH","lower",-0.0651618529894327,1.52189611996383,-0.376586089411037,0.0678214524334937,0.511220928626255,0.0721566352144503,0.244271581876888
"fixed_design","SH","lower",-0.0581168603944109,1.54402009215499,-0.376586089411037,0.0678214524334937,0.511220928626255,0.0721566352144503,0.244271581876888
"fixed_design","SH","lower",-0.0510718677993891,1.56718122626524,-0.376586089411037,0.0678214524334937,0.511220928626255,0.0721566352144503,0.244271581876888
"fixed_design","SH","lower",-0.0440268752043673,1.5863165268507,-0.376586089411037,0.0678214524334937,0.511220928626255,0.0721566352144503,0.244271581876888
"fixed_design","SH","lower",-0.0369818826093455,1.59792138125042,-0.376586089411037,0.0678214524334937,0.511220928626255,0.0721566352144503,0.244271581876888
"fixed_design","SH","lower",-0.0299368900143238,1.60584589598639,-0.376586089411037,0.0678214524334937,0.511220928626255,0.0721566352144503,0.244271581876888
"fixed_design","SH","lower",-0.022891897419302,1.61152401048134,-0.376586089411037,0.0678214524334937,0.511220928626255,0.0721566352144503,0.244271581876888
"fixed_design","SH","lower",-0.0158469048242802,1.615862192004,-0.376586089411037,0.0678214524334937,0.511220928626255,0.0721566352144503,0.244271581876888
"fixed_design","SH","lower",-0.00880191222925841,1.62006733644376,-0.376586089411037,0.0678214524334937,0.511220928626255,0.0721566352144503,0.244271581876888
"fixed_design","SH","lower",-0.00175691963423663,1.62323564028079,-0.376586089411037,0.0678214524334937,0.511220928626255,0.0721566352144503,0.244271581876888
"fixed_design","SH","lower",0.00528807296078515,1.62592564163449,-0.376586089411037,0.0678214524334937,0.511220928626255,0.0721566352144503,0.244271581876888
"fixed_design","SH","lower",0.0123330655558069,1.62846753987347,-0.376586089411037,0.0678214524334937,0.511220928626255,0.0721566352144503,0.244271581876888
"fixed_design","SH","lower",0.0193780581508287,1.62893791380411,-0.376586089411037,0.0678214524334937,0.511220928626255,0.0721566352144503,0.244271581876888
"fixed_design","SH","lower",0.0264230507458505,1.62546361223659,-0.376586089411037,0.0678214524334937,0.511220928626255,0.0721566352144503,0.244271581876888
"fixed_design","SH","lower",0.0334680433408727,1.61994520304314,-0.376586089411037,0.0678214524334937,0.511220928626255,0.0721566352144503,0.244271581876888
"fixed_design","SH","lower",0.0405130359358945,1.61497165085537,-0.376586089411037,0.0678214524334937,0.511220928626255,0.0721566352144503,0.244271581876888
"fixed_design","SH","lower",0.0475580285309163,1.60741654067703,-0.376586089411037,0.0678214524334937,0.511220928626255,0.0721566352144503,0.244271581876888
"fixed_design","SH","lower",0.0546030211259381,1.59750698060345,-0.376586089411037,0.0678214524334937,0.511220928626255,0.0721566352144503,0.244271581876888
"fixed_design","SH","lower",0.0616480137209598,1.58915765564015,-0.376586089411037,0.0678214524334937,0.511220928626255,0.0721566352144503,0.244271581876888
"fixed_design","SH","lower",0.0686930063159816,1.58143649218068,-0.376586089411037,0.0678214524334937,0.511220928626255,0.0721566352144503,0.244271581876888
"fixed_design","SH","lower",0.0757379989110034,1.57244097609056,-0.376586089411037,0.0678214524334937,0.511220928626255,0.0721566352144503,0.244271581876888
"fixed_design","SH","lower",0.0827829915060252,1.56084992947236,-0.376586089411037,0.0678214524334937,0.511220928626255,0.0721566352144503,0.244271581876888
"fixed_design","SH","lower",0.089827984101047,1.54597257699477,-0.376586089411037,0.0678214524334937,0.511220928626255,0.0721566352144503,0.244271581876888
"fixed_design","SH","lower",0.0968729766960688,1.53010134453017,-0.376586089411037,0.0678214524334937,0.511220928626255,0.0721566352144503,0.244271581876888
"fixed_design","SH","lower",0.103917969291091,1.51556460279588,-0.376586089411037,0.0678214524334937,0.511220928626255,0.0721566352144503,0.244271581876888
"fixed_design","SH","lower",0.110962961886112,1.50587427669796,-0.376586089411037,0.0678214524334937,0.511220928626255,0.0721566352144503,0.244271581876888
"fixed_design","SH","lower",0.118007954481134,1.49891624223983,-0.376586089411037,0.0678214524334937,0.511220928626255,0.0721566352144503,0.244271581876888
"fixed_design","SH","lower",0.125052947076156,1.49074318464307,-0.376586089411037,0.0678214524334937,0.511220928626255,0.0721566352144503,0.244271581876888
"fixed_design","SH","lower",0.132097939671178,1.48149372090239,-0.376586089411037,0.0678214524334937,0.511220928626255,0.0721566352144503,0.244271581876888
"fixed_design","SH","lower",0.139142932266199,1.47145292578725,-0.376586089411037,0.0678214524334937,0.511220928626255,0.0721566352144503,0.244271581876888
"fixed_design","SH","lower",0.146187924861221,1.45954235772245,-0.376586089411037,0.0678214524334937,0.511220928626255,0.0721566352144503,0.244271581876888
"fixed_design","SH","lower",0.153232917456243,1.44777439535241,-0.376586089411037,0.0678214524334937,0.511220928626255,0.0721566352144503,0.244271581876888
"fixed_design","SH","lower",0.160277910051265,1.43836422617515,-0.376586089411037,0.0678214524334937,0.511220928626255,0.0721566352144503,0.244271581876888
"fixed_design","SH","lower",0.167322902646287,1.42950841997404,-0.376586089411037,0.0678214524334937,0.511220928626255,0.0721566352144503,0.244271581876888
"fixed_design","SH","lower",0.174367895241309,1.41761667205893,-0.376586089411037,0.0678214524334937,0.511220928626255,0.0721566352144503,0.244271581876888
"fixed_design","SH","lower",0.181412887836331,1.40612995710397,-0.376586089411037,0.0678214524334937,0.511220928626255,0.0721566352144503,0.244271581876888
"fixed_design","SH","lower",0.188457880431352,1.39754475889002,-0.376586089411037,0.0678214524334937,0.511220928626255,0.0721566352144503,0.244271581876888
"fixed_design","SH","lower",0.195502873026374,1.39093994711231,-0.376586089411037,0.0678214524334937,0.511220928626255,0.0721566352144503,0.244271581876888
"fixed_design","SH","lower",0.202547865621396,1.38416033087649,-0.376586089411037,0.0678214524334937,0.511220928626255,0.0721566352144503,0.244271581876888
"fixed_design","SH","lower",0.209592858216418,1.37603371610907,-0.376586089411037,0.0678214524334937,0.511220928626255,0.0721566352144503,0.244271581876888
"fixed_design","SH","lower",0.216637850811439,1.36747278817722,-0.376586089411037,0.0678214524334937,0.511220928626255,0.0721566352144503,0.244271581876888
"fixed_design","SH","lower",0.223682843406461,1.35471048213513,-0.376586089411037,0.0678214524334937,0.511220928626255,0.0721566352144503,0.244271581876888
"fixed_design","SH","lower",0.230727836001483,1.33551969042557,-0.376586089411037,0.0678214524334937,0.511220928626255,0.0721566352144503,0.244271581876888
"fixed_design","SH","lower",0.237772828596505,1.31596550467492,-0.376586089411037,0.0678214524334937,0.511220928626255,0.0721566352144503,0.244271581876888
"fixed_design","SH","lower",0.244817821191527,1.29930662028688,-0.376586089411037,0.0678214524334937,0.511220928626255,0.0721566352144503,0.244271581876888
"fixed_design","SH","lower",0.251862813786548,1.28072436033213,-0.376586089411037,0.0678214524334937,0.511220928626255,0.0721566352144503,0.244271581876888
"fixed_design","SH","lower",0.25890780638157,1.25827809232797,-0.376586089411037,0.0678214524334937,0.511220928626255,0.0721566352144503,0.244271581876888
"fixed_design","SH","lower",0.265952798976592,1.23495113415566,-0.376586089411037,0.0678214524334937,0.511220928626255,0.0721566352144503,0.244271581876888
"fixed_design","SH","lower",0.272997791571614,1.21413508232183,-0.376586089411037,0.0678214524334937,0.511220928626255,0.0721566352144503,0.244271581876888
"fixed_design","SH","lower",0.280042784166636,1.19372559880821,-0.376586089411037,0.0678214524334937,0.511220928626255,0.0721566352144503,0.244271581876888
"fixed_design","SH","lower",0.287087776761658,1.17208995328005,-0.376586089411037,0.0678214524334937,0.511220928626255,0.0721566352144503,0.244271581876888
"fixed_design","SH","lower",0.29413276935668,1.14915128207941,-0.376586089411037,0.0678214524334937,0.511220928626255,0.0721566352144503,0.244271581876888
"fixed_design","SH","lower",0.301177761951701,1.1241227221427,-0.376586089411037,0.0678214524334937,0.511220928626255,0.0721566352144503,0.244271581876888
"fixed_design","SH","lower",0.308222754546723,1.0970403937548,-0.376586089411037,0.0678214524334937,0.511220928626255,0.0721566352144503,0.244271581876888
"fixed_design","SH","lower",0.315267747141745,1.07024775984008,-0.376586089411037,0.0678214524334937,0.511220928626255,0.0721566352144503,0.244271581876888
"fixed_design","SH","lower",0.322312739736767,1.04370123844952,-0.376586089411037,0.0678214524334937,0.511220928626255,0.0721566352144503,0.244271581876888
"fixed_design","SH","lower",0.329357732331788,1.01537146757881,-0.376586089411037,0.0678214524334937,0.511220928626255,0.0721566352144503,0.244271581876888
"fixed_design","SH","lower",0.33640272492681,0.98671819134936,-0.376586089411037,0.0678214524334937,0.511220928626255,0.0721566352144503,0.244271581876888
"fixed_design","SH","lower",0.343447717521832,0.958301914979791,-0.376586089411037,0.0678214524334937,0.511220928626255,0.0721566352144503,0.244271581876888
"fixed_design","SH","lower",0.350492710116854,0.929051394536539,-0.376586089411037,0.0678214524334937,0.511220928626255,0.0721566352144503,0.244271581876888
"fixed_design","SH","lower",0.357537702711876,0.899893642277322,-0.376586089411037,0.0678214524334937,0.511220928626255,0.0721566352144503,0.244271581876888
"fixed_design","SH","lower",0.364582695306897,0.87203858215797,-0.376586089411037,0.0678214524334937,0.511220928626255,0.0721566352144503,0.244271581876888
"fixed_design","SH","lower",0.371627687901919,0.844270044315239,-0.376586089411037,0.0678214524334937,0.511220928626255,0.0721566352144503,0.244271581876888
"fixed_design","SH","lower",0.378672680496941,0.815813623747643,-0.376586089411037,0.0678214524334937,0.511220928626255,0.0721566352144503,0.244271581876888
"fixed_design","SH","lower",0.385717673091963,0.787337404658783,-0.376586089411037,0.0678214524334937,0.511220928626255,0.0721566352144503,0.244271581876888
"fixed_design","SH","lower",0.392762665686985,0.759687362908589,-0.376586089411037,0.0678214524334937,0.511220928626255,0.0721566352144503,0.244271581876888
"fixed_design","SH","lower",0.399807658282007,0.732374712184319,-0.376586089411037,0.0678214524334937,0.511220928626255,0.0721566352144503,0.244271581876888
"fixed_design","SH","lower",0.406852650877028,0.704711452593746,-0.376586089411037,0.0678214524334937,0.511220928626255,0.0721566352144503,0.244271581876888
"fixed_design","SH","lower",0.41389764347205,0.677188768053052,-0.376586089411037,0.0678214524334937,0.511220928626255,0.0721566352144503,0.244271581876888
"fixed_design","SH","lower",0.420942636067072,0.649298060155393,-0.376586089411037,0.0678214524334937,0.511220928626255,0.0721566352144503,0.244271581876888
"fixed_design","SH","lower",0.427987628662094,0.621441764863516,-0.376586089411037,0.0678214524334937,0.511220928626255,0.0721566352144503,0.244271581876888
"fixed_design","SH","lower",0.435032621257116,0.595227414571622,-0.376586089411037,0.0678214524334937,0.511220928626255,0.0721566352144503,0.244271581876888
"fixed_design","SH","lower",0.442077613852137,0.57011830818763,-0.376586089411037,0.0678214524334937,0.511220928626255,0.0721566352144503,0.244271581876888
"fixed_design","SH","lower",0.449122606447159,0.544995977346416,-0.376586089411037,0.0678214524334937,0.511220928626255,0.0721566352144503,0.244271581876888
"fixed_design","SH","lower",0.456167599042181,0.519897831254719,-0.376586089411037,0.0678214524334937,0.511220928626255,0.0721566352144503,0.244271581876888
"fixed_design","SH","lower",0.463212591637203,0.495187079671708,-0.376586089411037,0.0678214524334937,0.511220928626255,0.0721566352144503,0.244271581876888
"fixed_design","SH","lower",0.470257584232225,0.471304452426156,-0.376586089411037,0.0678214524334937,0.511220928626255,0.0721566352144503,0.244271581876888
"fixed_design","SH","lower",0.477302576827246,0.448903392801435,-0.376586089411037,0.0678214524334937,0.511220928626255,0.0721566352144503,0.244271581876888
"fixed_design","SH","lower",0.484347569422268,0.428142546228117,-0.376586089411037,0.0678214524334937,0.511220928626255,0.0721566352144503,0.244271581876888
"fixed_design","SH","lower",0.49139256201729,0.407841156093724,-0.376586089411037,0.0678214524334937,0.511220928626255,0.0721566352144503,0.244271581876888
"fixed_design","SH","lower",0.498437554612312,0.386957461411722,-0.376586089411037,0.0678214524334937,0.511220928626255,0.0721566352144503,0.244271581876888
"fixed_design","SH","lower",0.505482547207333,0.365215185654658,-0.376586089411037,0.0678214524334937,0.511220928626255,0.0721566352144503,0.244271581876888
"fixed_design","SH","lower",0.512527539802355,0.34160669336016,-0.376586089411037,0.0678214524334937,0.511220928626255,0.0721566352144503,0.244271581876888
"fixed_design","SH","lower",0.519572532397377,0.317900580716726,-0.376586089411037,0.0678214524334937,0.511220928626255,0.0721566352144503,0.244271581876888
"fixed_design","SH","lower",0.526617524992399,0.295370652967465,-0.376586089411037,0.0678214524334937,0.511220928626255,0.0721566352144503,0.244271581876888
"fixed_design","SH","lower",0.533662517587421,0.272827315343964,-0.376586089411037,0.0678214524334937,0.511220928626255,0.0721566352144503,0.244271581876888
"fixed_design","SH","lower",0.540707510182443,0.250161242308704,-0.376586089411037,0.0678214524334937,0.511220928626255,0.0721566352144503,0.244271581876888
"fixed_design","SH","lower",0.547752502777465,0.228772649466891,-0.376586089411037,0.0678214524334937,0.511220928626255,0.0721566352144503,0.244271581876888
"fixed_design","SH","lower",0.554797495372486,0.209408720281427,-0.376586089411037,0.0678214524334937,0.511220928626255,0.0721566352144503,0.244271581876888
"fixed_design","SH","lower",0.561842487967508,0.190927402638016,-0.376586089411037,0.0678214524334937,0.511220928626255,0.0721566352144503,0.244271581876888
"fixed_design","SH","lower",0.56888748056253,0.172914343988689,-0.376586089411037,0.0678214524334937,0.511220928626255,0.0721566352144503,0.244271581876888
"fixed_design","SH","lower",0.575932473157552,0.156216638328438,-0.376586089411037,0.0678214524334937,0.511220928626255,0.0721566352144503,0.244271581876888
"fixed_design","SH","lower",0.582977465752573,0.141426577312509,-0.376586089411037,0.0678214524334937,0.511220928626255,0.0721566352144503,0.244271581876888
"fixed_design","SH","lower",0.590022458347595,0.128168440313744,-0.376586089411037,0.0678214524334937,0.511220928626255,0.0721566352144503,0.244271581876888
"fixed_design","SH","lower",0.597067450942617,0.115023574598435,-0.376586089411037,0.0678214524334937,0.511220928626255,0.0721566352144503,0.244271581876888
"fixed_design","SH","lower",0.604112443537639,0.101576169344523,-0.376586089411037,0.0678214524334937,0.511220928626255,0.0721566352144503,0.244271581876888
"fixed_design","SH","lower",0.611157436132661,0.0887229307760512,-0.376586089411037,0.0678214524334937,0.511220928626255,0.0721566352144503,0.244271581876888
"fixed_design","SH","lower",0.618202428727682,0.0778795103049453,-0.376586089411037,0.0678214524334937,0.511220928626255,0.0721566352144503,0.244271581876888
"fixed_design","SH","lower",0.625247421322704,0.0687925229451572,-0.376586089411037,0.0678214524334937,0.511220928626255,0.0721566352144503,0.244271581876888
"fixed_design","SH","lower",0.632292413917726,0.0602056522865986,-0.376586089411037,0.0678214524334937,0.511220928626255,0.0721566352144503,0.244271581876888
"fixed_design","SH","lower",0.639337406512748,0.0522722383804408,-0.376586089411037,0.0678214524334937,0.511220928626255,0.0721566352144503,0.244271581876888
"fixed_design","SH","lower",0.64638239910777,0.0450837218811784,-0.376586089411037,0.0678214524334937,0.511220928626255,0.0721566352144503,0.244271581876888
"fixed_design","SH","lower",0.653427391702792,0.0390007557560323,-0.376586089411037,0.0678214524334937,0.511220928626255,0.0721566352144503,0.244271581876888
"fixed_design","SH","lower",0.660472384297814,0.0342734893463598,-0.376586089411037,0.0678214524334937,0.511220928626255,0.0721566352144503,0.244271581876888
"fixed_design","SH","lower",0.667517376892835,0.0300312990764879,-0.376586089411037,0.0678214524334937,0.511220928626255,0.0721566352144503,0.244271581876888
"fixed_design","SH","lower",0.674562369487857,0.0262486806399581,-0.376586089411037,0.0678214524334937,0.511220928626255,0.0721566352144503,0.244271581876888
"fixed_design","SH","lower",0.681607362082879,0.0230505832248011,-0.376586089411037,0.0678214524334937,0.511220928626255,0.0721566352144503,0.244271581876888
"fixed_design","SH","lower",0.688652354677901,0.0202125110913019,-0.376586089411037,0.0678214524334937,0.511220928626255,0.0721566352144503,0.244271581876888
"fixed_design","SH","lower",0.695697347272922,0.0179182494342035,-0.376586089411037,0.0678214524334937,0.511220928626255,0.0721566352144503,0.244271581876888
"fixed_design","SH","lower",0.702742339867944,0.0158187540564307,-0.376586089411037,0.0678214524334937,0.511220928626255,0.0721566352144503,0.244271581876888
"fixed_design","SH","lower",0.709787332462966,0.0138698249159732,-0.376586089411037,0.0678214524334937,0.511220928626255,0.0721566352144503,0.244271581876888
"fixed_design","SH","lower",0.716832325057988,0.0120924116510492,-0.376586089411037,0.0678214524334937,0.511220928626255,0.0721566352144503,0.244271581876888
"fixed_design","SH","lower",0.72387731765301,0.010417158323831,-0.376586089411037,0.0678214524334937,0.511220928626255,0.0721566352144503,0.244271581876888
"fixed_design","SH","lower",0.730922310248031,0.00918423230738302,-0.376586089411037,0.0678214524334937,0.511220928626255,0.0721566352144503,0.244271581876888
"fixed_design","SH","lower",0.737967302843053,0.00841003791730991,-0.376586089411037,0.0678214524334937,0.511220928626255,0.0721566352144503,0.244271581876888
"fixed_design","SH","lower",0.745012295438075,0.00770478965766077,-0.376586089411037,0.0678214524334937,0.511220928626255,0.0721566352144503,0.244271581876888
"fixed_design","SH","lower",0.752057288033097,0.00691868417303304,-0.376586089411037,0.0678214524334937,0.511220928626255,0.0721566352144503,0.244271581876888
"fixed_design","SH","lower",0.759102280628119,0.00617690355192096,-0.376586089411037,0.0678214524334937,0.511220928626255,0.0721566352144503,0.244271581876888
"fixed_design","SH","lower",0.766147273223141,0.00551749281611366,-0.376586089411037,0.0678214524334937,0.511220928626255,0.0721566352144503,0.244271581876888
"fixed_design","SH","lower",0.773192265818162,0.00496763849741346,-0.376586089411037,0.0678214524334937,0.511220928626255,0.0721566352144503,0.244271581876888
"fixed_design","SH","lower",0.780237258413184,0.00451051645265726,-0.376586089411037,0.0678214524334937,0.511220928626255,0.0721566352144503,0.244271581876888
"fixed_design","SH","lower",0.787282251008206,0.00413192253633154,-0.376586089411037,0.0678214524334937,0.511220928626255,0.0721566352144503,0.244271581876888
"fixed_design","SH","lower",0.794327243603228,0.00380884386231036,-0.376586089411037,0.0678214524334937,0.511220928626255,0.0721566352144503,0.244271581876888
"fixed_design","SH","lower",0.80137223619825,0.00350735005547141,-0.376586089411037,0.0678214524334937,0.511220928626255,0.0721566352144503,0.244271581876888
"fixed_design","SH","lower",0.808417228793271,0.00319866903047293,-0.376586089411037,0.0678214524334937,0.511220928626255,0.0721566352144503,0.244271581876888
"fixed_design","SH","lower",0.815462221388293,0.00296829510772404,-0.376586089411037,0.0678214524334937,0.511220928626255,0.0721566352144503,0.244271581876888
"fixed_design","SH","lower",0.822507213983315,0.00280439152373064,-0.376586089411037,0.0678214524334937,0.511220928626255,0.0721566352144503,0.244271581876888
"fixed_design","SH","lower",0.829552206578337,0.00266304300073997,-0.376586089411037,0.0678214524334937,0.511220928626255,0.0721566352144503,0.244271581876888
"fixed_design","SH","lower",0.836597199173359,0.00253489203578313,-0.376586089411037,0.0678214524334937,0.511220928626255,0.0721566352144503,0.244271581876888
"fixed_design","SH","lower",0.84364219176838,0.0023709199421709,-0.376586089411037,0.0678214524334937,0.511220928626255,0.0721566352144503,0.244271581876888
"fixed_design","SH","lower",0.850687184363402,0.00214969447270608,-0.376586089411037,0.0678214524334937,0.511220928626255,0.0721566352144503,0.244271581876888
"fixed_design","SH","lower",0.857732176958424,0.00194492660894527,-0.376586089411037,0.0678214524334937,0.511220928626255,0.0721566352144503,0.244271581876888
"fixed_design","SH","lower",0.864777169553446,0.00180629933504731,-0.376586089411037,0.0678214524334937,0.511220928626255,0.0721566352144503,0.244271581876888
"fixed_design","SH","lower",0.871822162148467,0.00171191863719539,-0.376586089411037,0.0678214524334937,0.511220928626255,0.0721566352144503,0.244271581876888
"fixed_design","SH","lower",0.87886715474349,0.00163617696831609,-0.376586089411037,0.0678214524334937,0.511220928626255,0.0721566352144503,0.244271581876888
"fixed_design","SH","lower",0.885912147338511,0.0015605133700989,-0.376586089411037,0.0678214524334937,0.511220928626255,0.0721566352144503,0.244271581876888
"fixed_design","SH","lower",0.892957139933533,0.00147664514374272,-0.376586089411037,0.0678214524334937,0.511220928626255,0.0721566352144503,0.244271581876888
"fixed_design","SH","lower",0.900002132528555,0.00138781415099922,-0.376586089411037,0.0678214524334937,0.511220928626255,0.0721566352144503,0.244271581876888
"fixed_design","SH","lower",0.907047125123577,0.00129936393844695,-0.376586089411037,0.0678214524334937,0.511220928626255,0.0721566352144503,0.244271581876888
"fixed_design","SH","lower",0.914092117718599,0.0012155471832433,-0.376586089411037,0.0678214524334937,0.511220928626255,0.0721566352144503,0.244271581876888
"fixed_design","SH","lower",0.92113711031362,0.00113675276237631,-0.376586089411037,0.0678214524334937,0.511220928626255,0.0721566352144503,0.244271581876888
"fixed_design","SH","lower",0.928182102908642,0.00106781254650717,-0.376586089411037,0.0678214524334937,0.511220928626255,0.0721566352144503,0.244271581876888
"fixed_design","SH","lower",0.935227095503664,0.00100641018502692,-0.376586089411037,0.0678214524334937,0.511220928626255,0.0721566352144503,0.244271581876888
"fixed_design","SH","lower",0.942272088098686,0.000946455701919188,-0.376586089411037,0.0678214524334937,0.511220928626255,0.0721566352144503,0.244271581876888
"fixed_design","SH","lower",0.949317080693707,0.000884541430660492,-0.376586089411037,0.0678214524334937,0.511220928626255,0.0721566352144503,0.244271581876888
"fixed_design","SH","lower",0.956362073288729,0.00082338140942617,-0.376586089411037,0.0678214524334937,0.511220928626255,0.0721566352144503,0.244271581876888
"fixed_design","SH","lower",0.963407065883751,0.000770939680565527,-0.376586089411037,0.0678214524334937,0.511220928626255,0.0721566352144503,0.244271581876888
"fixed_design","SH","lower",0.970452058478773,0.000722475848741809,-0.376586089411037,0.0678214524334937,0.511220928626255,0.0721566352144503,0.244271581876888
"fixed_design","SH","lower",0.977497051073795,0.000667972631283438,-0.376586089411037,0.0678214524334937,0.511220928626255,0.0721566352144503,0.244271581876888
"fixed_design","SH","lower",0.984542043668816,0.000610008864530466,-0.376586089411037,0.0678214524334937,0.511220928626255,0.0721566352144503,0.244271581876888
"fixed_design","SH","lower",0.991587036263838,0.000553586731106497,-0.376586089411037,0.0678214524334937,0.511220928626255,0.0721566352144503,0.244271581876888
"fixed_design","SH","lower",0.99863202885886,0.000504599892305473,-0.376586089411037,0.0678214524334937,0.511220928626255,0.0721566352144503,0.244271581876888
"fixed_design","SH","lower",1.00567702145388,0.000467991956818155,-0.376586089411037,0.0678214524334937,0.511220928626255,0.0721566352144503,0.244271581876888
"fixed_design","SH","lower",1.0127220140489,0.000436692759923887,-0.376586089411037,0.0678214524334937,0.511220928626255,0.0721566352144503,0.244271581876888
"fixed_design","SH","lower",1.01976700664393,0.00040413516831205,-0.376586089411037,0.0678214524334937,0.511220928626255,0.0721566352144503,0.244271581876888
"fixed_design","SH","lower",1.02681199923895,0.000372977874091127,-0.376586089411037,0.0678214524334937,0.511220928626255,0.0721566352144503,0.244271581876888
"fixed_design","SH","lower",1.03385699183397,0.000346368939707896,-0.376586089411037,0.0678214524334937,0.511220928626255,0.0721566352144503,0.244271581876888
"fixed_design","SH","lower",1.04090198442899,0.000320782585438821,-0.376586089411037,0.0678214524334937,0.511220928626255,0.0721566352144503,0.244271581876888
"fixed_design","SH","lower",1.04794697702401,0.000295374259350784,-0.376586089411037,0.0678214524334937,0.511220928626255,0.0721566352144503,0.244271581876888
"fixed_design","SH","lower",1.05499196961903,0.000274530113435976,-0.376586089411037,0.0678214524334937,0.511220928626255,0.0721566352144503,0.244271581876888
"fixed_design","SH","lower",1.06203696221406,0.000255480981740812,-0.376586089411037,0.0678214524334937,0.511220928626255,0.0721566352144503,0.244271581876888
"fixed_design","SH","lower",1.06908195480908,0.000231037400992891,-0.376586089411037,0.0678214524334937,0.511220928626255,0.0721566352144503,0.244271581876888
"fixed_design","SH","lower",1.0761269474041,0.000202157323868587,-0.376586089411037,0.0678214524334937,0.511220928626255,0.0721566352144503,0.244271581876888
"fixed_design","SH","lower",1.08317193999912,0.000177955463170388,-0.376586089411037,0.0678214524334937,0.511220928626255,0.0721566352144503,0.244271581876888
"fixed_design","SH","lower",1.09021693259414,0.000158259344802818,-0.376586089411037,0.0678214524334937,0.511220928626255,0.0721566352144503,0.244271581876888
"fixed_design","SH","lower",1.09726192518917,0.000142606986240485,-0.376586089411037,0.0678214524334937,0.511220928626255,0.0721566352144503,0.244271581876888
"fixed_design","SH","lower",1.10430691778419,0.000134549608434601,-0.376586089411037,0.0678214524334937,0.511220928626255,0.0721566352144503,0.244271581876888
"fixed_design","SH","lower",1.11135191037921,0.00012305308881162,-0.376586089411037,0.0678214524334937,0.511220928626255,0.0721566352144503,0.244271581876888
"fixed_design","SH","lower",1.11839690297423,0.000109846540292016,-0.376586089411037,0.0678214524334937,0.511220928626255,0.0721566352144503,0.244271581876888
"fixed_design","SH","lower",1.12544189556925,9.51061971624179e-05,-0.376586089411037,0.0678214524334937,0.511220928626255,0.0721566352144503,0.244271581876888
"fixed_design","SH","lower",1.13248688816427,8.42152709932234e-05,-0.376586089411037,0.0678214524334937,0.511220928626255,0.0721566352144503,0.244271581876888
"fixed_design","SH","lower",1.1395318807593,7.56392560209612e-05,-0.376586089411037,0.0678214524334937,0.511220928626255,0.0721566352144503,0.244271581876888
"fixed_design","SH","lower",1.14657687335432,6.86502882336386e-05,-0.376586089411037,0.0678214524334937,0.511220928626255,0.0721566352144503,0.244271581876888
"fixed_design","SH","lower",1.15362186594934,6.17250773557518e-05,-0.376586089411037,0.0678214524334937,0.511220928626255,0.0721566352144503,0.244271581876888
"fixed_design","SH","lower",1.16066685854436,5.58340165586881e-05,-0.376586089411037,0.0678214524334937,0.511220928626255,0.0721566352144503,0.244271581876888
"fixed_design","SH","lower",1.16771185113938,5.13577316570663e-05,-0.376586089411037,0.0678214524334937,0.511220928626255,0.0721566352144503,0.244271581876888
"fixed_design","SH","lower",1.17475684373441,4.70549862102957e-05,-0.376586089411037,0.0678214524334937,0.511220928626255,0.0721566352144503,0.244271581876888
"fixed_design","SH","lower",1.18180183632943,4.35424800310106e-05,-0.376586089411037,0.0678214524334937,0.511220928626255,0.0721566352144503,0.244271581876888
"fixed_design","SH","lower",1.18884682892445,4.04935432207643e-05,-0.376586089411037,0.0678214524334937,0.511220928626255,0.0721566352144503,0.244271581876888
"fixed_design","SH","lower",1.19589182151947,3.74262408567173e-05,-0.376586089411037,0.0678214524334937,0.511220928626255,0.0721566352144503,0.244271581876888
"fixed_design","SH","lower",1.20293681411449,3.56157740649636e-05,-0.376586089411037,0.0678214524334937,0.511220928626255,0.0721566352144503,0.244271581876888
"fixed_design","SH","lower",1.20998180670951,3.2525230129186e-05,-0.376586089411037,0.0678214524334937,0.511220928626255,0.0721566352144503,0.244271581876888
"fixed_design","SH","lower",1.21702679930454,3.10229666793643e-05,-0.376586089411037,0.0678214524334937,0.511220928626255,0.0721566352144503,0.244271581876888
"fixed_design","SH","lower",1.22407179189956,2.93059396800122e-05,-0.376586089411037,0.0678214524334937,0.511220928626255,0.0721566352144503,0.244271581876888
"fixed_design","SH","lower",1.23111678449458,2.85493954125828e-05,-0.376586089411037,0.0678214524334937,0.511220928626255,0.0721566352144503,0.244271581876888
"fixed_design","SH","lower",1.2381617770896,2.90746830687462e-05,-0.376586089411037,0.0678214524334937,0.511220928626255,0.0721566352144503,0.244271581876888
"fixed_design","SH","lower",1.24520676968462,2.90714552151156e-05,-0.376586089411037,0.0678214524334937,0.511220928626255,0.0721566352144503,0.244271581876888
"fixed_design","SH","lower",1.25225176227965,2.55679821304009e-05,-0.376586089411037,0.0678214524334937,0.511220928626255,0.0721566352144503,0.244271581876888
"fixed_design","SH","lower",1.25929675487467,2.12554791426615e-05,-0.376586089411037,0.0678214524334937,0.511220928626255,0.0721566352144503,0.244271581876888
"fixed_design","SH","lower",1.26634174746969,1.73460989732635e-05,-0.376586089411037,0.0678214524334937,0.511220928626255,0.0721566352144503,0.244271581876888
"fixed_design","SH","lower",1.27338674006471,1.52056701330073e-05,-0.376586089411037,0.0678214524334937,0.511220928626255,0.0721566352144503,0.244271581876888
"fixed_design","SH","lower",1.28043173265973,1.48526382159407e-05,-0.376586089411037,0.0678214524334937,0.511220928626255,0.0721566352144503,0.244271581876888
"fixed_design","SH","lower",1.28747672525475,1.40859271185831e-05,-0.376586089411037,0.0678214524334937,0.511220928626255,0.0721566352144503,0.244271581876888
"fixed_design","SH","lower",1.29452171784978,1.48533647629913e-05,-0.376586089411037,0.0678214524334937,0.511220928626255,0.0721566352144503,0.244271581876888
"fixed_design","SH","lower",1.3015667104448,1.3518727936105e-05,-0.376586089411037,0.0678214524334937,0.511220928626255,0.0721566352144503,0.244271581876888
"fixed_design","SH","lower",1.30861170303982,1.27342430214825e-05,-0.376586089411037,0.0678214524334937,0.511220928626255,0.0721566352144503,0.244271581876888
"fixed_design","SH","lower",1.31565669563484,1.13615790808866e-05,-0.376586089411037,0.0678214524334937,0.511220928626255,0.0721566352144503,0.244271581876888
"fixed_design","SH","lower",1.32270168822986,9.97266567128872e-06,-0.376586089411037,0.0678214524334937,0.511220928626255,0.0721566352144503,0.244271581876888
"fixed_design","SH","lower",1.32974668082489,9.07496735515763e-06,-0.376586089411037,0.0678214524334937,0.511220928626255,0.0721566352144503,0.244271581876888
"fixed_design","SH","lower",1.33679167341991,8.29233321948111e-06,-0.376586089411037,0.0678214524334937,0.511220928626255,0.0721566352144503,0.244271581876888
"fixed_design","SH","lower",1.34383666601493,6.28847412307838e-06,-0.376586089411037,0.0678214524334937,0.511220928626255,0.0721566352144503,0.244271581876888
"fixed_design","SH","lower",1.35088165860995,4.83890536479502e-06,-0.376586089411037,0.0678214524334937,0.511220928626255,0.0721566352144503,0.244271581876888
"fixed_design","SH","lower",1.35792665120497,4.25082300968957e-06,-0.376586089411037,0.0678214524334937,0.511220928626255,0.0721566352144503,0.244271581876888
"fixed_design","SH","lower",1.36497164379999,3.35090439673833e-06,-0.376586089411037,0.0678214524334937,0.511220928626255,0.0721566352144503,0.244271581876888
"fixed_design","SH","lower",1.37201663639502,2.79685159132918e-06,-0.376586089411037,0.0678214524334937,0.511220928626255,0.0721566352144503,0.244271581876888
"fixed_design","SH","lower",1.37906162899004,1.97915683451466e-06,-0.376586089411037,0.0678214524334937,0.511220928626255,0.0721566352144503,0.244271581876888
"fixed_design","SH","lower",1.38610662158506,1.40285500631291e-06,-0.376586089411037,0.0678214524334937,0.511220928626255,0.0721566352144503,0.244271581876888
"fixed_design","SH","lower",1.39315161418008,8.73629924574115e-07,-0.376586089411037,0.0678214524334937,0.511220928626255,0.0721566352144503,0.244271581876888
"fixed_design","SH","lower",1.4001966067751,3.31238703805912e-07,-0.376586089411037,0.0678214524334937,0.511220928626255,0.0721566352144503,0.244271581876888
"fixed_design","SH","lower",1.40724159937012,6.31276068229202e-08,-0.376586089411037,0.0678214524334937,0.511220928626255,0.0721566352144503,0.244271581876888
"fixed_design","SH","upper",-0.812337880273107,2.05502027533479e-07,-0.22480068566527,0.0363575271284348,0.488217440606784,0.061738803858287,0.201671428200142
"fixed_design","SH","upper",-0.802260394056173,1.71503962467454e-06,-0.22480068566527,0.0363575271284348,0.488217440606784,0.061738803858287,0.201671428200142
"fixed_design","SH","upper",-0.792182907839239,3.39495697679646e-06,-0.22480068566527,0.0363575271284348,0.488217440606784,0.061738803858287,0.201671428200142
"fixed_design","SH","upper",-0.782105421622305,4.97034804776588e-06,-0.22480068566527,0.0363575271284348,0.488217440606784,0.061738803858287,0.201671428200142
"fixed_design","SH","upper",-0.772027935405372,5.82707012941796e-06,-0.22480068566527,0.0363575271284348,0.488217440606784,0.061738803858287,0.201671428200142
"fixed_design","SH","upper",-0.761950449188438,6.70916417342325e-06,-0.22480068566527,0.0363575271284348,0.488217440606784,0.061738803858287,0.201671428200142
"fixed_design","SH","upper",-0.751872962971504,7.92057780199467e-06,-0.22480068566527,0.0363575271284348,0.488217440606784,0.061738803858287,0.201671428200142
"fixed_design","SH","upper",-0.74179547675457,1.1684329335786e-05,-0.22480068566527,0.0363575271284348,0.488217440606784,0.061738803858287,0.201671428200142
"fixed_design","SH","upper",-0.731717990537636,1.734231753278e-05,-0.22480068566527,0.0363575271284348,0.488217440606784,0.061738803858287,0.201671428200142
"fixed_design","SH","upper",-0.721640504320702,2.19125332337922e-05,-0.22480068566527,0.0363575271284348,0.488217440606784,0.061738803858287,0.201671428200142
"fixed_design","SH","upper",-0.711563018103769,2.49186848830657e-05,-0.22480068566527,0.0363575271284348,0.488217440606784,0.061738803858287,0.201671428200142
"fixed_design","SH","upper",-0.701485531886835,2.97145020970766e-05,-0.22480068566527,0.0363575271284348,0.488217440606784,0.061738803858287,0.201671428200142
"fixed_design","SH","upper",-0.691408045669901,3.92988713191238e-05,-0.22480068566527,0.0363575271284348,0.488217440606784,0.061738803858287,0.201671428200142
"fixed_design","SH","upper",-0.681330559452967,5.07382696905849e-05,-0.22480068566527,0.0363575271284348,0.488217440606784,0.061738803858287,0.201671428200142
"fixed_design","SH","upper",-0.671253073236033,6.22781200800439e-05,-0.22480068566527,0.0363575271284348,0.488217440606784,0.061738803858287,0.201671428200142
"fixed_design","SH","upper",-0.6611755870191,8.01854418583043e-05,-0.22480068566527,0.0363575271284348,0.488217440606784,0.061738803858287,0.201671428200142
"fixed_design","SH","upper",-0.651098100802166,0.000109091584926224,-0.22480068566527,0.0363575271284348,0.488217440606784,0.061738803858287,0.201671428200142
"fixed_design","SH","upper",-0.641020614585232,0.000138454398631435,-0.22480068566527,0.0363575271284348,0.488217440606784,0.061738803858287,0.201671428200142
"fixed_design","SH","upper",-0.630943128368298,0.000173562267614473,-0.22480068566527,0.0363575271284348,0.488217440606784,0.061738803858287,0.201671428200142
"fixed_design","SH","upper",-0.620865642151364,0.00022938434431254,-0.22480068566527,0.0363575271284348,0.488217440606784,0.061738803858287,0.201671428200142
"fixed_design","SH","upper",-0.61078815593443,0.000298255517317906,-0.22480068566527,0.0363575271284348,0.488217440606784,0.061738803858287,0.201671428200142
"fixed_design","SH","upper",-0.600710669717497,0.000372161348250103,-0.22480068566527,0.0363575271284348,0.488217440606784,0.061738803858287,0.201671428200142
"fixed_design","SH","upper",-0.590633183500563,0.000453888349203601,-0.22480068566527,0.0363575271284348,0.488217440606784,0.061738803858287,0.201671428200142
"fixed_design","SH","upper",-0.580555697283629,0.000539689830926682,-0.22480068566527,0.0363575271284348,0.488217440606784,0.061738803858287,0.201671428200142
"fixed_design","SH","upper",-0.570478211066695,0.000628193100244591,-0.22480068566527,0.0363575271284348,0.488217440606784,0.061738803858287,0.201671428200142
"fixed_design","SH","upper",-0.560400724849761,0.000730119508999238,-0.22480068566527,0.0363575271284348,0.488217440606784,0.061738803858287,0.201671428200142
"fixed_design","SH","upper",-0.550323238632828,0.000864050620904738,-0.22480068566527,0.0363575271284348,0.488217440606784,0.061738803858287,0.201671428200142
"fixed_design","SH","upper",-0.540245752415894,0.00101951705558571,-0.22480068566527,0.0363575271284348,0.488217440606784,0.061738803858287,0.201671428200142
"fixed_design","SH","upper",-0.53016826619896,0.0012065160834968,-0.22480068566527,0.0363575271284348,0.488217440606784,0.061738803858287,0.201671428200142
"fixed_design","SH","upper",-0.520090779982026,0.00150028678961917,-0.22480068566527,0.0363575271284348,0.488217440606784,0.061738803858287,0.201671428200142
"fixed_design","SH","upper",-0.510013293765092,0.00187928363454347,-0.22480068566527,0.0363575271284348,0.488217440606784,0.061738803858287,0.201671428200142
"fixed_design","SH","upper",-0.499935807548159,0.00225830538526503,-0.22480068566527,0.0363575271284348,0.488217440606784,0.061738803858287,0.201671428200142
"fixed_design","SH","upper",-0.489858321331225,0.00261803684512443,-0.22480068566527,0.0363575271284348,0.488217440606784,0.061738803858287,0.201671428200142
"fixed_design","SH","upper",-0.479780835114291,0.00306821674947393,-0.22480068566527,0.0363575271284348,0.488217440606784,0.061738803858287,0.201671428200142
"fixed_design","SH","upper",-0.469703348897357,0.00391528366298799,-0.22480068566527,0.0363575271284348,0.488217440606784,0.061738803858287,0.201671428200142
"fixed_design","SH","upper",-0.459625862680423,0.00506350365447137,-0.22480068566527,0.0363575271284348,0.488217440606784,0.061738803858287,0.201671428200142
"fixed_design","SH","upper",-0.449548376463489,0.00608657104119639,-0.22480068566527,0.0363575271284348,0.488217440606784,0.061738803858287,0.201671428200142
"fixed_design","SH","upper",-0.439470890246556,0.00723809709907167,-0.22480068566527,0.0363575271284348,0.488217440606784,0.061738803858287,0.201671428200142
"fixed_design","SH","upper",-0.429393404029622,0.00883092538858845,-0.22480068566527,0.0363575271284348,0.488217440606784,0.061738803858287,0.201671428200142
"fixed_design","SH","upper",-0.419315917812688,0.0104681491557171,-0.22480068566527,0.0363575271284348,0.488217440606784,0.061738803858287,0.201671428200142
"fixed_design","SH","upper",-0.409238431595754,0.0122046406961554,-0.22480068566527,0.0363575271284348,0.488217440606784,0.061738803858287,0.201671428200142
"fixed_design","SH","upper",-0.39916094537882,0.0149091530709913,-0.22480068566527,0.0363575271284348,0.488217440606784,0.061738803858287,0.201671428200142
"fixed_design","SH","upper",-0.389083459161887,0.0183597359309218,-0.22480068566527,0.0363575271284348,0.488217440606784,0.061738803858287,0.201671428200142
"fixed_design","SH","upper",-0.379005972944953,0.0228327421279779,-0.22480068566527,0.0363575271284348,0.488217440606784,0.061738803858287,0.201671428200142
"fixed_design","SH","upper",-0.368928486728019,0.0289356974886913,-0.22480068566527,0.0363575271284348,0.488217440606784,0.061738803858287,0.201671428200142
"fixed_design","SH","upper",-0.358851000511085,0.0351010007757308,-0.22480068566527,0.0363575271284348,0.488217440606784,0.061738803858287,0.201671428200142
"fixed_design","SH","upper",-0.348773514294151,0.0429046829176169,-0.22480068566527,0.0363575271284348,0.488217440606784,0.061738803858287,0.201671428200142
"fixed_design","SH","upper",-0.338696028077217,0.0534992828318294,-0.22480068566527,0.0363575271284348,0.488217440606784,0.061738803858287,0.201671428200142
"fixed_design","SH","upper",-0.328618541860284,0.0669427524593562,-0.22480068566527,0.0363575271284348,0.488217440606784,0.061738803858287,0.201671428200142
"fixed_design","SH","upper",-0.31854105564335,0.0839057186825872,-0.22480068566527,0.0363575271284348,0.488217440606784,0.061738803858287,0.201671428200142
"fixed_design","SH","upper",-0.308463569426416,0.104853539701468,-0.22480068566527,0.0363575271284348,0.488217440606784,0.061738803858287,0.201671428200142
"fixed_design","SH","upper",-0.298386083209482,0.127670737610302,-0.22480068566527,0.0363575271284348,0.488217440606784,0.061738803858287,0.201671428200142
"fixed_design","SH","upper",-0.288308596992548,0.153781772836558,-0.22480068566527,0.0363575271284348,0.488217440606784,0.061738803858287,0.201671428200142
"fixed_design","SH","upper",-0.278231110775615,0.189043258578794,-0.22480068566527,0.0363575271284348,0.488217440606784,0.061738803858287,0.201671428200142
"fixed_design","SH","upper",-0.268153624558681,0.23521717363367,-0.22480068566527,0.0363575271284348,0.488217440606784,0.061738803858287,0.201671428200142
"fixed_design","SH","upper",-0.258076138341747,0.285433720590061,-0.22480068566527,0.0363575271284348,0.488217440606784,0.061738803858287,0.201671428200142
"fixed_design","SH","upper",-0.247998652124813,0.341201617999555,-0.22480068566527,0.0363575271284348,0.488217440606784,0.061738803858287,0.201671428200142
"fixed_design","SH","upper",-0.237921165907879,0.407609989453592,-0.22480068566527,0.0363575271284348,0.488217440606784,0.061738803858287,0.201671428200142
"fixed_design","SH","upper",-0.227843679690945,0.495014985779367,-0.22480068566527,0.0363575271284348,0.488217440606784,0.061738803858287,0.201671428200142
"fixed_design","SH","upper",-0.217766193474012,0.59098210387054,-0.22480068566527,0.0363575271284348,0.488217440606784,0.061738803858287,0.201671428200142
"fixed_design","SH","upper",-0.207688707257078,0.68486546886163,-0.22480068566527,0.0363575271284348,0.488217440606784,0.061738803858287,0.201671428200142
"fixed_design","SH","upper",-0.197611221040144,0.787262321678278,-0.22480068566527,0.0363575271284348,0.488217440606784,0.061738803858287,0.201671428200142
"fixed_design","SH","upper",-0.18753373482321,0.911327753829492,-0.22480068566527,0.0363575271284348,0.488217440606784,0.061738803858287,0.201671428200142
"fixed_design","SH","upper",-0.177456248606276,1.04886850190848,-0.22480068566527,0.0363575271284348,0.488217440606784,0.061738803858287,0.201671428200142
"fixed_design","SH","upper",-0.167378762389343,1.18825637609658,-0.22480068566527,0.0363575271284348,0.488217440606784,0.061738803858287,0.201671428200142
"fixed_design","SH","upper",-0.157301276172409,1.33290199520569,-0.22480068566527,0.0363575271284348,0.488217440606784,0.061738803858287,0.201671428200142
"fixed_design","SH","upper",-0.147223789955475,1.48061413609736,-0.22480068566527,0.0363575271284348,0.488217440606784,0.061738803858287,0.201671428200142
"fixed_design","SH","upper",-0.137146303738541,1.62128119604721,-0.22480068566527,0.0363575271284348,0.488217440606784,0.061738803858287,0.201671428200142
"fixed_design","SH","upper",-0.127068817521607,1.75943778873855,-0.22480068566527,0.0363575271284348,0.488217440606784,0.061738803858287,0.201671428200142
"fixed_design","SH","upper",-0.116991331304674,1.89844934005906,-0.22480068566527,0.0363575271284348,0.488217440606784,0.061738803858287,0.201671428200142
"fixed_design","SH","upper",-0.10691384508774,2.02833178269819,-0.22480068566527,0.0363575271284348,0.488217440606784,0.061738803858287,0.201671428200142
"fixed_design","SH","upper",-0.0968363588708059,2.13649617176352,-0.22480068566527,0.0363575271284348,0.488217440606784,0.061738803858287,0.201671428200142
"fixed_design","SH","upper",-0.0867588726538721,2.25199220088094,-0.22480068566527,0.0363575271284348,0.488217440606784,0.061738803858287,0.201671428200142
"fixed_design","SH","upper",-0.0766813864369382,2.36089557637301,-0.22480068566527,0.0363575271284348,0.488217440606784,0.061738803858287,0.201671428200142
"fixed_design","SH","upper",-0.0666039002200044,2.46201561035041,-0.22480068566527,0.0363575271284348,0.488217440606784,0.061738803858287,0.201671428200142
"fixed_design","SH","upper",-0.0565264140030706,2.56113857160581,-0.22480068566527,0.0363575271284348,0.488217440606784,0.061738803858287,0.201671428200142
"fixed_design","SH","upper",-0.0464489277861367,2.62502419275253,-0.22480068566527,0.0363575271284348,0.488217440606784,0.061738803858287,0.201671428200142
"fixed_design","SH","upper",-0.0363714415692029,2.65683604551144,-0.22480068566527,0.0363575271284348,0.488217440606784,0.061738803858287,0.201671428200142
"fixed_design","SH","upper",-0.0262939553522692,2.68511263805506,-0.22480068566527,0.0363575271284348,0.488217440606784,0.061738803858287,0.201671428200142
"fixed_design","SH","upper",-0.0162164691353354,2.70209729132345,-0.22480068566527,0.0363575271284348,0.488217440606784,0.061738803858287,0.201671428200142
"fixed_design","SH","upper",-0.00613898291840154,2.69534842371355,-0.22480068566527,0.0363575271284348,0.488217440606784,0.061738803858287,0.201671428200142
"fixed_design","SH","upper",0.00393850329853229,2.69057405555673,-0.22480068566527,0.0363575271284348,0.488217440606784,0.061738803858287,0.201671428200142
"fixed_design","SH","upper",0.0140159895154661,2.6639046979853,-0.22480068566527,0.0363575271284348,0.488217440606784,0.061738803858287,0.201671428200142
"fixed_design","SH","upper",0.0240934757323999,2.62782590129416,-0.22480068566527,0.0363575271284348,0.488217440606784,0.061738803858287,0.201671428200142
"fixed_design","SH","upper",0.0341709619493338,2.58184881331647,-0.22480068566527,0.0363575271284348,0.488217440606784,0.061738803858287,0.201671428200142
"fixed_design","SH","upper",0.0442484481662676,2.54154634441013,-0.22480068566527,0.0363575271284348,0.488217440606784,0.061738803858287,0.201671428200142
"fixed_design","SH","upper",0.0543259343832014,2.49605934629996,-0.22480068566527,0.0363575271284348,0.488217440606784,0.061738803858287,0.201671428200142
"fixed_design","SH","upper",0.0644034206001352,2.45325937893958,-0.22480068566527,0.0363575271284348,0.488217440606784,0.061738803858287,0.201671428200142
"fixed_design","SH","upper",0.074480906817069,2.4011810630675,-0.22480068566527,0.0363575271284348,0.488217440606784,0.061738803858287,0.201671428200142
"fixed_design","SH","upper",0.0845583930340028,2.34164144676188,-0.22480068566527,0.0363575271284348,0.488217440606784,0.061738803858287,0.201671428200142
"fixed_design","SH","upper",0.0946358792509366,2.26067275457104,-0.22480068566527,0.0363575271284348,0.488217440606784,0.061738803858287,0.201671428200142
"fixed_design","SH","upper",0.10471336546787,2.18142341065384,-0.22480068566527,0.0363575271284348,0.488217440606784,0.061738803858287,0.201671428200142
"fixed_design","SH","upper",0.114790851684804,2.10420166477806,-0.22480068566527,0.0363575271284348,0.488217440606784,0.061738803858287,0.201671428200142
"fixed_design","SH","upper",0.124868337901738,2.01269113964417,-0.22480068566527,0.0363575271284348,0.488217440606784,0.061738803858287,0.201671428200142
"fixed_design","SH","upper",0.134945824118672,1.92516231470881,-0.22480068566527,0.0363575271284348,0.488217440606784,0.061738803858287,0.201671428200142
"fixed_design","SH","upper",0.145023310335606,1.82864767154526,-0.22480068566527,0.0363575271284348,0.488217440606784,0.061738803858287,0.201671428200142
"fixed_design","SH","upper",0.15510079655254,1.73917757203125,-0.22480068566527,0.0363575271284348,0.488217440606784,0.061738803858287,0.201671428200142
"fixed_design","SH","upper",0.165178282769473,1.65417723403909,-0.22480068566527,0.0363575271284348,0.488217440606784,0.061738803858287,0.201671428200142
"fixed_design","SH","upper",0.175255768986407,1.57546981969714,-0.22480068566527,0.0363575271284348,0.488217440606784,0.061738803858287,0.201671428200142
"fixed_design","SH","upper",0.185333255203341,1.4859075345718,-0.22480068566527,0.0363575271284348,0.488217440606784,0.061738803858287,0.201671428200142
"fixed_design","SH","upper",0.195410741420275,1.40542534700888,-0.22480068566527,0.0363575271284348,0.488217440606784,0.061738803858287,0.201671428200142
"fixed_design","SH","upper",0.205488227637209,1.33142971225509,-0.22480068566527,0.0363575271284348,0.488217440606784,0.061738803858287,0.201671428200142
"fixed_design","SH","upper",0.215565713854142,1.26412066327084,-0.22480068566527,0.0363575271284348,0.488217440606784,0.061738803858287,0.201671428200142
"fixed_design","SH","upper",0.225643200071076,1.18817550969987,-0.22480068566527,0.0363575271284348,0.488217440606784,0.061738803858287,0.201671428200142
"fixed_design","SH","upper",0.23572068628801,1.12379081021659,-0.22480068566527,0.0363575271284348,0.488217440606784,0.061738803858287,0.201671428200142
"fixed_design","SH","upper",0.245798172504944,1.03959453783562,-0.22480068566527,0.0363575271284348,0.488217440606784,0.061738803858287,0.201671428200142
"fixed_design","SH","upper",0.255875658721878,0.969311752478504,-0.22480068566527,0.0363575271284348,0.488217440606784,0.061738803858287,0.201671428200142
"fixed_design","SH","upper",0.265953144938812,0.918933790788622,-0.22480068566527,0.0363575271284348,0.488217440606784,0.061738803858287,0.201671428200142
"fixed_design","SH","upper",0.276030631155745,0.858993338311004,-0.22480068566527,0.0363575271284348,0.488217440606784,0.061738803858287,0.201671428200142
"fixed_design","SH","upper",0.286108117372679,0.800122149082545,-0.22480068566527,0.0363575271284348,0.488217440606784,0.061738803858287,0.201671428200142
"fixed_design","SH","upper",0.296185603589613,0.740947946369214,-0.22480068566527,0.0363575271284348,0.488217440606784,0.061738803858287,0.201671428200142
"fixed_design","SH","upper",0.306263089806547,0.686358429908174,-0.22480068566527,0.0363575271284348,0.488217440606784,0.061738803858287,0.201671428200142
"fixed_design","SH","upper",0.316340576023481,0.637515433659958,-0.22480068566527,0.0363575271284348,0.488217440606784,0.061738803858287,0.201671428200142
"fixed_design","SH","upper",0.326418062240414,0.598778273846798,-0.22480068566527,0.0363575271284348,0.488217440606784,0.061738803858287,0.201671428200142
"fixed_design","SH","upper",0.336495548457348,0.555917540513583,-0.22480068566527,0.0363575271284348,0.488217440606784,0.061738803858287,0.201671428200142
"fixed_design","SH","upper",0.346573034674282,0.513926895998997,-0.22480068566527,0.0363575271284348,0.488217440606784,0.061738803858287,0.201671428200142
"fixed_design","SH","upper",0.356650520891216,0.471073694697511,-0.22480068566527,0.0363575271284348,0.488217440606784,0.061738803858287,0.201671428200142
"fixed_design","SH","upper",0.36672800710815,0.436944795520985,-0.22480068566527,0.0363575271284348,0.488217440606784,0.061738803858287,0.201671428200142
"fixed_design","SH","upper",0.376805493325084,0.403952911100274,-0.22480068566527,0.0363575271284348,0.488217440606784,0.061738803858287,0.201671428200142
"fixed_design","SH","upper",0.386882979542017,0.37273317108727,-0.22480068566527,0.0363575271284348,0.488217440606784,0.061738803858287,0.201671428200142
"fixed_design","SH","upper",0.396960465758951,0.344906053480583,-0.22480068566527,0.0363575271284348,0.488217440606784,0.061738803858287,0.201671428200142
"fixed_design","SH","upper",0.407037951975885,0.317347003988219,-0.22480068566527,0.0363575271284348,0.488217440606784,0.061738803858287,0.201671428200142
"fixed_design","SH","upper",0.417115438192819,0.292407219849413,-0.22480068566527,0.0363575271284348,0.488217440606784,0.061738803858287,0.201671428200142
"fixed_design","SH","upper",0.427192924409753,0.270950014588616,-0.22480068566527,0.0363575271284348,0.488217440606784,0.061738803858287,0.201671428200142
"fixed_design","SH","upper",0.437270410626686,0.246358849252504,-0.22480068566527,0.0363575271284348,0.488217440606784,0.061738803858287,0.201671428200142
"fixed_design","SH","upper",0.44734789684362,0.228457705500859,-0.22480068566527,0.0363575271284348,0.488217440606784,0.061738803858287,0.201671428200142
"fixed_design","SH","upper",0.457425383060554,0.211360374584719,-0.22480068566527,0.0363575271284348,0.488217440606784,0.061738803858287,0.201671428200142
"fixed_design","SH","upper",0.467502869277488,0.195309901024949,-0.22480068566527,0.0363575271284348,0.488217440606784,0.061738803858287,0.201671428200142
"fixed_design","SH","upper",0.477580355494422,0.181722630713408,-0.22480068566527,0.0363575271284348,0.488217440606784,0.061738803858287,0.201671428200142
"fixed_design","SH","upper",0.487657841711355,0.168418880344479,-0.22480068566527,0.0363575271284348,0.488217440606784,0.061738803858287,0.201671428200142
"fixed_design","SH","upper",0.497735327928289,0.154717623023206,-0.22480068566527,0.0363575271284348,0.488217440606784,0.061738803858287,0.201671428200142
"fixed_design","SH","upper",0.507812814145223,0.144508820112011,-0.22480068566527,0.0363575271284348,0.488217440606784,0.061738803858287,0.201671428200142
"fixed_design","SH","upper",0.517890300362157,0.133175173610578,-0.22480068566527,0.0363575271284348,0.488217440606784,0.061738803858287,0.201671428200142
"fixed_design","SH","upper",0.527967786579091,0.123675769940491,-0.22480068566527,0.0363575271284348,0.488217440606784,0.061738803858287,0.201671428200142
"fixed_design","SH","upper",0.538045272796025,0.115681065875184,-0.22480068566527,0.0363575271284348,0.488217440606784,0.061738803858287,0.201671428200142
"fixed_design","SH","upper",0.548122759012958,0.105352347326148,-0.22480068566527,0.0363575271284348,0.488217440606784,0.061738803858287,0.201671428200142
"fixed_design","SH","upper",0.558200245229892,0.0964650644261986,-0.22480068566527,0.0363575271284348,0.488217440606784,0.061738803858287,0.201671428200142
"fixed_design","SH","upper",0.568277731446826,0.0898785182680136,-0.22480068566527,0.0363575271284348,0.488217440606784,0.061738803858287,0.201671428200142
"fixed_design","SH","upper",0.57835521766376,0.0850155442446029,-0.22480068566527,0.0363575271284348,0.488217440606784,0.061738803858287,0.201671428200142
"fixed_design","SH","upper",0.588432703880694,0.0806963962538003,-0.22480068566527,0.0363575271284348,0.488217440606784,0.061738803858287,0.201671428200142
"fixed_design","SH","upper",0.598510190097627,0.0762025390247013,-0.22480068566527,0.0363575271284348,0.488217440606784,0.061738803858287,0.201671428200142
"fixed_design","SH","upper",0.608587676314561,0.0720215122709954,-0.22480068566527,0.0363575271284348,0.488217440606784,0.061738803858287,0.201671428200142
"fixed_design","SH","upper",0.618665162531495,0.0670401791615493,-0.22480068566527,0.0363575271284348,0.488217440606784,0.061738803858287,0.201671428200142
"fixed_design","SH","upper",0.628742648748429,0.0612877933889018,-0.22480068566527,0.0363575271284348,0.488217440606784,0.061738803858287,0.201671428200142
"fixed_design","SH","upper",0.638820134965363,0.0570708188009576,-0.22480068566527,0.0363575271284348,0.488217440606784,0.061738803858287,0.201671428200142
"fixed_design","SH","upper",0.648897621182297,0.0530155072040035,-0.22480068566527,0.0363575271284348,0.488217440606784,0.061738803858287,0.201671428200142
"fixed_design","SH","upper",0.65897510739923,0.0489111220302449,-0.22480068566527,0.0363575271284348,0.488217440606784,0.061738803858287,0.201671428200142
"fixed_design","SH","upper",0.669052593616164,0.0452238544226845,-0.22480068566527,0.0363575271284348,0.488217440606784,0.061738803858287,0.201671428200142
"fixed_design","SH","upper",0.679130079833098,0.0427442174340137,-0.22480068566527,0.0363575271284348,0.488217440606784,0.061738803858287,0.201671428200142
"fixed_design","SH","upper",0.689207566050032,0.0410076790203193,-0.22480068566527,0.0363575271284348,0.488217440606784,0.061738803858287,0.201671428200142
"fixed_design","SH","upper",0.699285052266966,0.0385768505870277,-0.22480068566527,0.0363575271284348,0.488217440606784,0.061738803858287,0.201671428200142
"fixed_design","SH","upper",0.709362538483899,0.0360086823945722,-0.22480068566527,0.0363575271284348,0.488217440606784,0.061738803858287,0.201671428200142
"fixed_design","SH","upper",0.719440024700833,0.0336268849802394,-0.22480068566527,0.0363575271284348,0.488217440606784,0.061738803858287,0.201671428200142
"fixed_design","SH","upper",0.729517510917767,0.0314211110598213,-0.22480068566527,0.0363575271284348,0.488217440606784,0.061738803858287,0.201671428200142
"fixed_design","SH","upper",0.739594997134701,0.0292609664138369,-0.22480068566527,0.0363575271284348,0.488217440606784,0.061738803858287,0.201671428200142
"fixed_design","SH","upper",0.749672483351635,0.0277131210207484,-0.22480068566527,0.0363575271284348,0.488217440606784,0.061738803858287,0.201671428200142
"fixed_design","SH","upper",0.759749969568568,0.0261398605516607,-0.22480068566527,0.0363575271284348,0.488217440606784,0.061738803858287,0.201671428200142
"fixed_design","SH","upper",0.769827455785502,0.0245212645557124,-0.22480068566527,0.0363575271284348,0.488217440606784,0.061738803858287,0.201671428200142
"fixed_design","SH","upper",0.779904942002436,0.0232829286841724,-0.22480068566527,0.0363575271284348,0.488217440606784,0.061738803858287,0.201671428200142
"fixed_design","SH","upper",0.78998242821937,0.0220946357990112,-0.22480068566527,0.0363575271284348,0.488217440606784,0.061738803858287,0.201671428200142
"fixed_design","SH","upper",0.800059914436304,0.0210546359626559,-0.22480068566527,0.0363575271284348,0.488217440606784,0.061738803858287,0.201671428200142
"fixed_design","SH","upper",0.810137400653238,0.02022583629985,-0.22480068566527,0.0363575271284348,0.488217440606784,0.061738803858287,0.201671428200142
"fixed_design","SH","upper",0.820214886870171,0.0197121164555329,-0.22480068566527,0.0363575271284348,0.488217440606784,0.061738803858287,0.201671428200142
"fixed_design","SH","upper",0.830292373087105,0.0188741834930053,-0.22480068566527,0.0363575271284348,0.488217440606784,0.061738803858287,0.201671428200142
"fixed_design","SH","upper",0.840369859304039,0.0176204263359668,-0.22480068566527,0.0363575271284348,0.488217440606784,0.061738803858287,0.201671428200142
"fixed_design","SH","upper",0.850447345520973,0.0166100728514568,-0.22480068566527,0.0363575271284348,0.488217440606784,0.061738803858287,0.201671428200142
"fixed_design","SH","upper",0.860524831737907,0.0161160827711617,-0.22480068566527,0.0363575271284348,0.488217440606784,0.061738803858287,0.201671428200142
"fixed_design","SH","upper",0.87060231795484,0.0155913288391407,-0.22480068566527,0.0363575271284348,0.488217440606784,0.061738803858287,0.201671428200142
"fixed_design","SH","upper",0.880679804171774,0.0149619597264617,-0.22480068566527,0.0363575271284348,0.488217440606784,0.061738803858287,0.201671428200142
"fixed_design","SH","upper",0.890757290388708,0.0142553526099711,-0.22480068566527,0.0363575271284348,0.488217440606784,0.061738803858287,0.201671428200142
"fixed_design","SH","upper",0.900834776605642,0.0136137974120299,-0.22480068566527,0.0363575271284348,0.488217440606784,0.061738803858287,0.201671428200142
"fixed_design","SH","upper",0.910912262822576,0.013087735607767,-0.22480068566527,0.0363575271284348,0.488217440606784,0.061738803858287,0.201671428200142
"fixed_design","SH","upper",0.92098974903951,0.0124617210703592,-0.22480068566527,0.0363575271284348,0.488217440606784,0.061738803858287,0.201671428200142
"fixed_design","SH","upper",0.931067235256443,0.0118993184591708,-0.22480068566527,0.0363575271284348,0.488217440606784,0.061738803858287,0.201671428200142
"fixed_design","SH","upper",0.941144721473377,0.0115080559759163,-0.22480068566527,0.0363575271284348,0.488217440606784,0.061738803858287,0.201671428200142
"fixed_design","SH","upper",0.951222207690311,0.0111347497624837,-0.22480068566527,0.0363575271284348,0.488217440606784,0.061738803858287,0.201671428200142
"fixed_design","SH","upper",0.961299693907245,0.0107167076142803,-0.22480068566527,0.0363575271284348,0.488217440606784,0.061738803858287,0.201671428200142
"fixed_design","SH","upper",0.971377180124179,0.0103678294019144,-0.22480068566527,0.0363575271284348,0.488217440606784,0.061738803858287,0.201671428200142
"fixed_design","SH","upper",0.981454666341112,0.0100179790318876,-0.22480068566527,0.0363575271284348,0.488217440606784,0.061738803858287,0.201671428200142
"fixed_design","SH","upper",0.991532152558046,0.0095489190493413,-0.22480068566527,0.0363575271284348,0.488217440606784,0.061738803858287,0.201671428200142
"fixed_design","SH","upper",1.00160963877498,0.00913092625444898,-0.22480068566527,0.0363575271284348,0.488217440606784,0.061738803858287,0.201671428200142
"fixed_design","SH","upper",1.01168712499191,0.00881525080964704,-0.22480068566527,0.0363575271284348,0.488217440606784,0.061738803858287,0.201671428200142
"fixed_design","SH","upper",1.02176461120885,0.00857652217205382,-0.22480068566527,0.0363575271284348,0.488217440606784,0.061738803858287,0.201671428200142
"fixed_design","SH","upper",1.03184209742578,0.008358855844867,-0.22480068566527,0.0363575271284348,0.488217440606784,0.061738803858287,0.201671428200142
"fixed_design","SH","upper",1.04191958364272,0.00803106007685837,-0.22480068566527,0.0363575271284348,0.488217440606784,0.061738803858287,0.201671428200142
"fixed_design","SH","upper",1.05199706985965,0.00766048118527631,-0.22480068566527,0.0363575271284348,0.488217440606784,0.061738803858287,0.201671428200142
"fixed_design","SH","upper",1.06207455607658,0.00736987066306917,-0.22480068566527,0.0363575271284348,0.488217440606784,0.061738803858287,0.201671428200142
"fixed_design","SH","upper",1.07215204229352,0.00715588184979001,-0.22480068566527,0.0363575271284348,0.488217440606784,0.061738803858287,0.201671428200142
"fixed_design","SH","upper",1.08222952851045,0.00688586991525923,-0.22480068566527,0.0363575271284348,0.488217440606784,0.061738803858287,0.201671428200142
"fixed_design","SH","upper",1.09230701472738,0.00658978970481597,-0.22480068566527,0.0363575271284348,0.488217440606784,0.061738803858287,0.201671428200142
"fixed_design","SH","upper",1.10238450094432,0.00638000707234363,-0.22480068566527,0.0363575271284348,0.488217440606784,0.061738803858287,0.201671428200142
"fixed_design","SH","upper",1.11246198716125,0.00622843097237728,-0.22480068566527,0.0363575271284348,0.488217440606784,0.061738803858287,0.201671428200142
"fixed_design","SH","upper",1.12253947337819,0.00607532501545243,-0.22480068566527,0.0363575271284348,0.488217440606784,0.061738803858287,0.201671428200142
"fixed_design","SH","upper",1.13261695959512,0.00587476247377536,-0.22480068566527,0.0363575271284348,0.488217440606784,0.061738803858287,0.201671428200142
"fixed_design","SH","upper",1.14269444581205,0.00570096488973632,-0.22480068566527,0.0363575271284348,0.488217440606784,0.061738803858287,0.201671428200142
"fixed_design","SH","upper",1.15277193202899,0.005568518862367,-0.22480068566527,0.0363575271284348,0.488217440606784,0.061738803858287,0.201671428200142
"fixed_design","SH","upper",1.16284941824592,0.00538757505781575,-0.22480068566527,0.0363575271284348,0.488217440606784,0.061738803858287,0.201671428200142
"fixed_design","SH","upper",1.17292690446286,0.00515738027796846,-0.22480068566527,0.0363575271284348,0.488217440606784,0.061738803858287,0.201671428200142
"fixed_design","SH","upper",1.18300439067979,0.00501360864401316,-0.22480068566527,0.0363575271284348,0.488217440606784,0.061738803858287,0.201671428200142
"fixed_design","SH","upper",1.19308187689672,0.00488805210281478,-0.22480068566527,0.0363575271284348,0.488217440606784,0.061738803858287,0.201671428200142
"fixed_design","SH","upper",1.20315936311366,0.00468407295689827,-0.22480068566527,0.0363575271284348,0.488217440606784,0.061738803858287,0.201671428200142
"fixed_design","SH","upper",1.21323684933059,0.00450624097387868,-0.22480068566527,0.0363575271284348,0.488217440606784,0.061738803858287,0.201671428200142
"fixed_design","SH","upper",1.22331433554752,0.00439192097597123,-0.22480068566527,0.0363575271284348,0.488217440606784,0.061738803858287,0.201671428200142
"fixed_design","SH","upper",1.23339182176446,0.00430349719682033,-0.22480068566527,0.0363575271284348,0.488217440606784,0.061738803858287,0.201671428200142
"fixed_design","SH","upper",1.24346930798139,0.00419208117174447,-0.22480068566527,0.0363575271284348,0.488217440606784,0.061738803858287,0.201671428200142
"fixed_design","SH","upper",1.25354679419833,0.00403745130325963,-0.22480068566527,0.0363575271284348,0.488217440606784,0.061738803858287,0.201671428200142
"fixed_design","SH","upper",1.26362428041526,0.00391345422123727,-0.22480068566527,0.0363575271284348,0.488217440606784,0.061738803858287,0.201671428200142
"fixed_design","SH","upper",1.27370176663219,0.00379720934413835,-0.22480068566527,0.0363575271284348,0.488217440606784,0.061738803858287,0.201671428200142
"fixed_design","SH","upper",1.28377925284913,0.00369662503357141,-0.22480068566527,0.0363575271284348,0.488217440606784,0.061738803858287,0.201671428200142
"fixed_design","SH","upper",1.29385673906606,0.0035991309171999,-0.22480068566527,0.0363575271284348,0.488217440606784,0.061738803858287,0.201671428200142
"fixed_design","SH","upper",1.30393422528299,0.00349525870806624,-0.22480068566527,0.0363575271284348,0.488217440606784,0.061738803858287,0.201671428200142
"fixed_design","SH","upper",1.31401171149993,0.00339827519863061,-0.22480068566527,0.0363575271284348,0.488217440606784,0.061738803858287,0.201671428200142
"fixed_design","SH","upper",1.32408919771686,0.00329064987699823,-0.22480068566527,0.0363575271284348,0.488217440606784,0.061738803858287,0.201671428200142
"fixed_design","SH","upper",1.3341666839338,0.00319329369920056,-0.22480068566527,0.0363575271284348,0.488217440606784,0.061738803858287,0.201671428200142
"fixed_design","SH","upper",1.34424417015073,0.00310627589288561,-0.22480068566527,0.0363575271284348,0.488217440606784,0.061738803858287,0.201671428200142
"fixed_design","SH","upper",1.35432165636766,0.0030192857134763,-0.22480068566527,0.0363575271284348,0.488217440606784,0.061738803858287,0.201671428200142
"fixed_design","SH","upper",1.3643991425846,0.00291738394634446,-0.22480068566527,0.0363575271284348,0.488217440606784,0.061738803858287,0.201671428200142
"fixed_design","SH","upper",1.37447662880153,0.00285406916912533,-0.22480068566527,0.0363575271284348,0.488217440606784,0.061738803858287,0.201671428200142
"fixed_design","SH","upper",1.38455411501847,0.00277453643155258,-0.22480068566527,0.0363575271284348,0.488217440606784,0.061738803858287,0.201671428200142
"fixed_design","SH","upper",1.3946316012354,0.00269954565915763,-0.22480068566527,0.0363575271284348,0.488217440606784,0.061738803858287,0.201671428200142
"fixed_design","SH","upper",1.40470908745233,0.00261068284313947,-0.22480068566527,0.0363575271284348,0.488217440606784,0.061738803858287,0.201671428200142
"fixed_design","SH","upper",1.41478657366927,0.00254617321811802,-0.22480068566527,0.0363575271284348,0.488217440606784,0.061738803858287,0.201671428200142
"fixed_design","SH","upper",1.4248640598862,0.00248354299848144,-0.22480068566527,0.0363575271284348,0.488217440606784,0.061738803858287,0.201671428200142
"fixed_design","SH","upper",1.43494154610313,0.00239449007600688,-0.22480068566527,0.0363575271284348,0.488217440606784,0.061738803858287,0.201671428200142
"fixed_design","SH","upper",1.44501903232007,0.00233097235427555,-0.22480068566527,0.0363575271284348,0.488217440606784,0.061738803858287,0.201671428200142
"fixed_design","SH","upper",1.455096518537,0.00228560731589002,-0.22480068566527,0.0363575271284348,0.488217440606784,0.061738803858287,0.201671428200142
"fixed_design","SH","upper",1.46517400475394,0.00221079216553642,-0.22480068566527,0.0363575271284348,0.488217440606784,0.061738803858287,0.201671428200142
"fixed_design","SH","upper",1.47525149097087,0.00213755042153012,-0.22480068566527,0.0363575271284348,0.488217440606784,0.061738803858287,0.201671428200142
"fixed_design","SH","upper",1.4853289771878,0.00210967626623138,-0.22480068566527,0.0363575271284348,0.488217440606784,0.061738803858287,0.201671428200142
"fixed_design","SH","upper",1.49540646340474,0.00206135420922622,-0.22480068566527,0.0363575271284348,0.488217440606784,0.061738803858287,0.201671428200142
"fixed_design","SH","upper",1.50548394962167,0.0019956654504667,-0.22480068566527,0.0363575271284348,0.488217440606784,0.061738803858287,0.201671428200142
"fixed_design","SH","upper",1.5155614358386,0.0019476464948195,-0.22480068566527,0.0363575271284348,0.488217440606784,0.061738803858287,0.201671428200142
"fixed_design","SH","upper",1.52563892205554,0.00193714706664551,-0.22480068566527,0.0363575271284348,0.488217440606784,0.061738803858287,0.201671428200142
"fixed_design","SH","upper",1.53571640827247,0.00187523044952736,-0.22480068566527,0.0363575271284348,0.488217440606784,0.061738803858287,0.201671428200142
"fixed_design","SH","upper",1.54579389448941,0.00180284857952181,-0.22480068566527,0.0363575271284348,0.488217440606784,0.061738803858287,0.201671428200142
"fixed_design","SH","upper",1.55587138070634,0.00179458299455344,-0.22480068566527,0.0363575271284348,0.488217440606784,0.061738803858287,0.201671428200142
"fixed_design","SH","upper",1.56594886692327,0.0017416435984051,-0.22480068566527,0.0363575271284348,0.488217440606784,0.061738803858287,0.201671428200142
"fixed_design","SH","upper",1.57602635314021,0.00170559091129935,-0.22480068566527,0.0363575271284348,0.488217440606784,0.061738803858287,0.201671428200142
"fixed_design","SH","upper",1.58610383935714,0.00166826893343225,-0.22480068566527,0.0363575271284348,0.488217440606784,0.061738803858287,0.201671428200142
"fixed_design","SH","upper",1.59618132557408,0.00162678155501752,-0.22480068566527,0.0363575271284348,0.488217440606784,0.061738803858287,0.201671428200142
"fixed_design","SH","upper",1.60625881179101,0.00159546472484288,-0.22480068566527,0.0363575271284348,0.488217440606784,0.061738803858287,0.201671428200142
"fixed_design","SH","upper",1.61633629800794,0.00155973820908206,-0.22480068566527,0.0363575271284348,0.488217440606784,0.061738803858287,0.201671428200142
"fixed_design","SH","upper",1.62641378422488,0.00151424010525228,-0.22480068566527,0.0363575271284348,0.488217440606784,0.061738803858287,0.201671428200142
"fixed_design","SH","upper",1.63649127044181,0.00148343542144313,-0.22480068566527,0.0363575271284348,0.488217440606784,0.061738803858287,0.201671428200142
"fixed_design","SH","upper",1.64656875665874,0.00146544391249331,-0.22480068566527,0.0363575271284348,0.488217440606784,0.061738803858287,0.201671428200142
"fixed_design","SH","upper",1.65664624287568,0.00139531994106798,-0.22480068566527,0.0363575271284348,0.488217440606784,0.061738803858287,0.201671428200142
"fixed_design","SH","upper",1.66672372909261,0.00138321813932759,-0.22480068566527,0.0363575271284348,0.488217440606784,0.061738803858287,0.201671428200142
"fixed_design","SH","upper",1.67680121530955,0.00132893094374407,-0.22480068566527,0.0363575271284348,0.488217440606784,0.061738803858287,0.201671428200142
"fixed_design","SH","upper",1.68687870152648,0.00130893882529176,-0.22480068566527,0.0363575271284348,0.488217440606784,0.061738803858287,0.201671428200142
"fixed_design","SH","upper",1.69695618774341,0.00124895214627129,-0.22480068566527,0.0363575271284348,0.488217440606784,0.061738803858287,0.201671428200142
"fixed_design","SH","upper",1.70703367396035,0.00123394031707617,-0.22480068566527,0.0363575271284348,0.488217440606784,0.061738803858287,0.201671428200142
"fixed_design","SH","upper",1.71711116017728,0.00119551778684247,-0.22480068566527,0.0363575271284348,0.488217440606784,0.061738803858287,0.201671428200142
"fixed_design","SH","upper",1.72718864639421,0.00116202592898965,-0.22480068566527,0.0363575271284348,0.488217440606784,0.061738803858287,0.201671428200142
"fixed_design","SH","upper",1.73726613261115,0.00113046971408919,-0.22480068566527,0.0363575271284348,0.488217440606784,0.061738803858287,0.201671428200142
"fixed_design","SH","upper",1.74734361882808,0.00110161077568904,-0.22480068566527,0.0363575271284348,0.488217440606784,0.061738803858287,0.201671428200142
"fixed_design","SH","upper",1.75742110504502,0.00107356750793724,-0.22480068566527,0.0363575271284348,0.488217440606784,0.061738803858287,0.201671428200142
"fixed_design","SH","upper",1.76749859126195,0.00105136132545594,-0.22480068566527,0.0363575271284348,0.488217440606784,0.061738803858287,0.201671428200142
"fixed_design","SH","upper",1.77757607747888,0.00101497645902863,-0.22480068566527,0.0363575271284348,0.488217440606784,0.061738803858287,0.201671428200142
"fixed_design","SH","upper",1.78765356369582,0.000996071269954926,-0.22480068566527,0.0363575271284348,0.488217440606784,0.061738803858287,0.201671428200142
"fixed_design","SH","upper",1.79773104991275,0.000959528193199861,-0.22480068566527,0.0363575271284348,0.488217440606784,0.061738803858287,0.201671428200142
"fixed_design","SH","upper",1.80780853612969,0.00094827611317077,-0.22480068566527,0.0363575271284348,0.488217440606784,0.061738803858287,0.201671428200142
"fixed_design","SH","upper",1.81788602234662,0.000909441300298787,-0.22480068566527,0.0363575271284348,0.488217440606784,0.061738803858287,0.201671428200142
"fixed_design","SH","upper",1.82796350856355,0.000904333438662142,-0.22480068566527,0.0363575271284348,0.488217440606784,0.061738803858287,0.201671428200142
"fixed_design","SH","upper",1.83804099478049,0.000861571351847205,-0.22480068566527,0.0363575271284348,0.488217440606784,0.061738803858287,0.201671428200142
"fixed_design","SH","upper",1.84811848099742,0.000870641465678555,-0.22480068566527,0.0363575271284348,0.488217440606784,0.061738803858287,0.201671428200142
"fixed_design","SH","upper",1.85819596721435,0.000810232634018645,-0.22480068566527,0.0363575271284348,0.488217440606784,0.061738803858287,0.201671428200142
"fixed_design","SH","upper",1.86827345343129,0.000836635072622974,-0.22480068566527,0.0363575271284348,0.488217440606784,0.061738803858287,0.201671428200142
"fixed_design","SH","upper",1.87835093964822,0.000785703460757274,-0.22480068566527,0.0363575271284348,0.488217440606784,0.061738803858287,0.201671428200142
"fixed_design","SH","upper",1.88842842586516,0.000775134259145431,-0.22480068566527,0.0363575271284348,0.488217440606784,0.061738803858287,0.201671428200142
"fixed_design","SH","upper",1.89850591208209,0.000748054382604865,-0.22480068566527,0.0363575271284348,0.488217440606784,0.061738803858287,0.201671428200142
"fixed_design","SH","upper",1.90858339829902,0.000730905218627759,-0.22480068566527,0.0363575271284348,0.488217440606784,0.061738803858287,0.201671428200142
"fixed_design","SH","upper",1.91866088451596,0.000692734565402413,-0.22480068566527,0.0363575271284348,0.488217440606784,0.061738803858287,0.201671428200142
"fixed_design","SH","upper",1.92873837073289,0.00068352743688047,-0.22480068566527,0.0363575271284348,0.488217440606784,0.061738803858287,0.201671428200142
"fixed_design","SH","upper",1.93881585694983,0.000659200976696928,-0.22480068566527,0.0363575271284348,0.488217440606784,0.061738803858287,0.201671428200142
"fixed_design","SH","upper",1.94889334316676,0.000641480738178828,-0.22480068566527,0.0363575271284348,0.488217440606784,0.061738803858287,0.201671428200142
"fixed_design","SH","upper",1.95897082938369,0.000627887208900271,-0.22480068566527,0.0363575271284348,0.488217440606784,0.061738803858287,0.201671428200142
"fixed_design","SH","upper",1.96904831560063,0.000614750390418309,-0.22480068566527,0.0363575271284348,0.488217440606784,0.061738803858287,0.201671428200142
"fixed_design","SH","upper",1.97912580181756,0.000593762909636435,-0.22480068566527,0.0363575271284348,0.488217440606784,0.061738803858287,0.201671428200142
"fixed_design","SH","upper",1.98920328803449,0.000586511716827329,-0.22480068566527,0.0363575271284348,0.488217440606784,0.061738803858287,0.201671428200142
"fixed_design","SH","upper",1.99928077425143,0.000568644539914135,-0.22480068566527,0.0363575271284348,0.488217440606784,0.061738803858287,0.201671428200142
"fixed_design","SH","upper",2.00935826046836,0.000543622087050741,-0.22480068566527,0.0363575271284348,0.488217440606784,0.061738803858287,0.201671428200142
"fixed_design","SH","upper",2.0194357466853,0.00053539103879886,-0.22480068566527,0.0363575271284348,0.488217440606784,0.061738803858287,0.201671428200142
"fixed_design","SH","upper",2.02951323290223,0.000516195737807232,-0.22480068566527,0.0363575271284348,0.488217440606784,0.061738803858287,0.201671428200142
"fixed_design","SH","upper",2.03959071911916,0.000509620133436414,-0.22480068566527,0.0363575271284348,0.488217440606784,0.061738803858287,0.201671428200142
"fixed_design","SH","upper",2.0496682053361,0.000507053227937509,-0.22480068566527,0.0363575271284348,0.488217440606784,0.061738803858287,0.201671428200142
"fixed_design","SH","upper",2.05974569155303,0.00048605971948863,-0.22480068566527,0.0363575271284348,0.488217440606784,0.061738803858287,0.201671428200142
"fixed_design","SH","upper",2.06982317776996,0.000477780729358471,-0.22480068566527,0.0363575271284348,0.488217440606784,0.061738803858287,0.201671428200142
"fixed_design","SH","upper",2.0799006639869,0.000460687714129078,-0.22480068566527,0.0363575271284348,0.488217440606784,0.061738803858287,0.201671428200142
"fixed_design","SH","upper",2.08997815020383,0.000449896414383088,-0.22480068566527,0.0363575271284348,0.488217440606784,0.061738803858287,0.201671428200142
"fixed_design","SH","upper",2.10005563642077,0.000438312322121906,-0.22480068566527,0.0363575271284348,0.488217440606784,0.061738803858287,0.201671428200142
"fixed_design","SH","upper",2.1101331226377,0.00043094797836709,-0.22480068566527,0.0363575271284348,0.488217440606784,0.061738803858287,0.201671428200142
"fixed_design","SH","upper",2.12021060885463,0.000414232533352298,-0.22480068566527,0.0363575271284348,0.488217440606784,0.061738803858287,0.201671428200142
"fixed_design","SH","upper",2.13028809507157,0.000410363337112178,-0.22480068566527,0.0363575271284348,0.488217440606784,0.061738803858287,0.201671428200142
"fixed_design","SH","upper",2.1403655812885,0.000390601877343566,-0.22480068566527,0.0363575271284348,0.488217440606784,0.061738803858287,0.201671428200142
"fixed_design","SH","upper",2.15044306750544,0.000388185352706334,-0.22480068566527,0.0363575271284348,0.488217440606784,0.061738803858287,0.201671428200142
"fixed_design","SH","upper",2.16052055372237,0.000374467366353832,-0.22480068566527,0.0363575271284348,0.488217440606784,0.061738803858287,0.201671428200142
"fixed_design","SH","upper",2.1705980399393,0.000374345158999229,-0.22480068566527,0.0363575271284348,0.488217440606784,0.061738803858287,0.201671428200142
"fixed_design","SH","upper",2.18067552615624,0.000352453873376341,-0.22480068566527,0.0363575271284348,0.488217440606784,0.061738803858287,0.201671428200142
"fixed_design","SH","upper",2.19075301237317,0.00035262526241361,-0.22480068566527,0.0363575271284348,0.488217440606784,0.061738803858287,0.201671428200142
"fixed_design","SH","upper",2.2008304985901,0.000334739819205029,-0.22480068566527,0.0363575271284348,0.488217440606784,0.061738803858287,0.201671428200142
"fixed_design","SH","upper",2.21090798480704,0.000330346068306663,-0.22480068566527,0.0363575271284348,0.488217440606784,0.061738803858287,0.201671428200142
"fixed_design","SH","upper",2.22098547102397,0.000313982029824455,-0.22480068566527,0.0363575271284348,0.488217440606784,0.061738803858287,0.201671428200142
"fixed_design","SH","upper",2.23106295724091,0.000307240356716176,-0.22480068566527,0.0363575271284348,0.488217440606784,0.061738803858287,0.201671428200142
"fixed_design","SH","upper",2.24114044345784,0.000300293435837368,-0.22480068566527,0.0363575271284348,0.488217440606784,0.061738803858287,0.201671428200142
"fixed_design","SH","upper",2.25121792967477,0.000288065323869222,-0.22480068566527,0.0363575271284348,0.488217440606784,0.061738803858287,0.201671428200142
"fixed_design","SH","upper",2.26129541589171,0.000283264060970538,-0.22480068566527,0.0363575271284348,0.488217440606784,0.061738803858287,0.201671428200142
"fixed_design","SH","upper",2.27137290210864,0.000270054684101629,-0.22480068566527,0.0363575271284348,0.488217440606784,0.061738803858287,0.201671428200142
"fixed_design","SH","upper",2.28145038832557,0.000265660886540637,-0.22480068566527,0.0363575271284348,0.488217440606784,0.061738803858287,0.201671428200142
"fixed_design","SH","upper",2.29152787454251,0.000256742629058727,-0.22480068566527,0.0363575271284348,0.488217440606784,0.061738803858287,0.201671428200142
"fixed_design","SH","upper",2.30160536075944,0.000249906084243888,-0.22480068566527,0.0363575271284348,0.488217440606784,0.061738803858287,0.201671428200142
"fixed_design","SH","upper",2.31168284697638,0.00023882269419373,-0.22480068566527,0.0363575271284348,0.488217440606784,0.061738803858287,0.201671428200142
"fixed_design","SH","upper",2.32176033319331,0.000236228449367251,-0.22480068566527,0.0363575271284348,0.488217440606784,0.061738803858287,0.201671428200142
"fixed_design","SH","upper",2.33183781941024,0.000223370676472199,-0.22480068566527,0.0363575271284348,0.488217440606784,0.061738803858287,0.201671428200142
"fixed_design","SH","upper",2.34191530562718,0.000228229551859538,-0.22480068566527,0.0363575271284348,0.488217440606784,0.061738803858287,0.201671428200142
"fixed_design","SH","upper",2.35199279184411,0.000210702476742592,-0.22480068566527,0.0363575271284348,0.488217440606784,0.061738803858287,0.201671428200142
"fixed_design","SH","upper",2.36207027806105,0.000212250499840788,-0.22480068566527,0.0363575271284348,0.488217440606784,0.061738803858287,0.201671428200142
"fixed_design","SH","upper",2.37214776427798,0.000204218184683381,-0.22480068566527,0.0363575271284348,0.488217440606784,0.061738803858287,0.201671428200142
"fixed_design","SH","upper",2.38222525049491,0.000198430627509052,-0.22480068566527,0.0363575271284348,0.488217440606784,0.061738803858287,0.201671428200142
"fixed_design","SH","upper",2.39230273671185,0.000196676877845723,-0.22480068566527,0.0363575271284348,0.488217440606784,0.061738803858287,0.201671428200142
"fixed_design","SH","upper",2.40238022292878,0.00018991003531923,-0.22480068566527,0.0363575271284348,0.488217440606784,0.061738803858287,0.201671428200142
"fixed_design","SH","upper",2.41245770914571,0.000189024771461611,-0.22480068566527,0.0363575271284348,0.488217440606784,0.061738803858287,0.201671428200142
"fixed_design","SH","upper",2.42253519536265,0.000184228606257536,-0.22480068566527,0.0363575271284348,0.488217440606784,0.061738803858287,0.201671428200142
"fixed_design","SH","upper",2.43261268157958,0.000176891990893399,-0.22480068566527,0.0363575271284348,0.488217440606784,0.061738803858287,0.201671428200142
"fixed_design","SH","upper",2.44269016779652,0.000171474523638083,-0.22480068566527,0.0363575271284348,0.488217440606784,0.061738803858287,0.201671428200142
"fixed_design","SH","upper",2.45276765401345,0.00016085247547625,-0.22480068566527,0.0363575271284348,0.488217440606784,0.061738803858287,0.201671428200142
"fixed_design","SH","upper",2.46284514023038,0.000161464748951325,-0.22480068566527,0.0363575271284348,0.488217440606784,0.061738803858287,0.201671428200142
"fixed_design","SH","upper",2.47292262644732,0.000156774003743895,-0.22480068566527,0.0363575271284348,0.488217440606784,0.061738803858287,0.201671428200142
"fixed_design","SH","upper",2.48300011266425,0.000152033973614284,-0.22480068566527,0.0363575271284348,0.488217440606784,0.061738803858287,0.201671428200142
"fixed_design","SH","upper",2.49307759888119,0.000149081383650147,-0.22480068566527,0.0363575271284348,0.488217440606784,0.061738803858287,0.201671428200142
"fixed_design","SH","upper",2.50315508509812,0.000139559470102399,-0.22480068566527,0.0363575271284348,0.488217440606784,0.061738803858287,0.201671428200142
"fixed_design","SH","upper",2.51323257131505,0.000137650276610656,-0.22480068566527,0.0363575271284348,0.488217440606784,0.061738803858287,0.201671428200142
"fixed_design","SH","upper",2.52331005753199,0.000135688443665759,-0.22480068566527,0.0363575271284348,0.488217440606784,0.061738803858287,0.201671428200142
"fixed_design","SH","upper",2.53338754374892,0.000132464946756296,-0.22480068566527,0.0363575271284348,0.488217440606784,0.061738803858287,0.201671428200142
"fixed_design","SH","upper",2.54346502996585,0.000128522750382392,-0.22480068566527,0.0363575271284348,0.488217440606784,0.061738803858287,0.201671428200142
"fixed_design","SH","upper",2.55354251618279,0.000122869381219528,-0.22480068566527,0.0363575271284348,0.488217440606784,0.061738803858287,0.201671428200142
"fixed_design","SH","upper",2.56362000239972,0.000121976219851708,-0.22480068566527,0.0363575271284348,0.488217440606784,0.061738803858287,0.201671428200142
"fixed_design","SH","upper",2.57369748861666,0.000118144270444533,-0.22480068566527,0.0363575271284348,0.488217440606784,0.061738803858287,0.201671428200142
"fixed_design","SH","upper",2.58377497483359,0.00011629040955679,-0.22480068566527,0.0363575271284348,0.488217440606784,0.061738803858287,0.201671428200142
"fixed_design","SH","upper",2.59385246105052,0.000111937578657875,-0.22480068566527,0.0363575271284348,0.488217440606784,0.061738803858287,0.201671428200142
"fixed_design","SH","upper",2.60392994726746,0.000107709863494044,-0.22480068566527,0.0363575271284348,0.488217440606784,0.061738803858287,0.201671428200142
"fixed_design","SH","upper",2.61400743348439,0.000103205486847115,-0.22480068566527,0.0363575271284348,0.488217440606784,0.061738803858287,0.201671428200142
"fixed_design","SH","upper",2.62408491970132,9.8705387831032e-05,-0.22480068566527,0.0363575271284348,0.488217440606784,0.061738803858287,0.201671428200142
"fixed_design","SH","upper",2.63416240591826,9.78079486477119e-05,-0.22480068566527,0.0363575271284348,0.488217440606784,0.061738803858287,0.201671428200142
"fixed_design","SH","upper",2.64423989213519,8.79231555913573e-05,-0.22480068566527,0.0363575271284348,0.488217440606784,0.061738803858287,0.201671428200142
"fixed_design","SH","upper",2.65431737835213,9.12458687018884e-05,-0.22480068566527,0.0363575271284348,0.488217440606784,0.061738803858287,0.201671428200142
"fixed_design","SH","upper",2.66439486456906,8.59821924149906e-05,-0.22480068566527,0.0363575271284348,0.488217440606784,0.061738803858287,0.201671428200142
"fixed_design","SH","upper",2.67447235078599,8.53346852721617e-05,-0.22480068566527,0.0363575271284348,0.488217440606784,0.061738803858287,0.201671428200142
"fixed_design","SH","upper",2.68454983700293,8.48431919457843e-05,-0.22480068566527,0.0363575271284348,0.488217440606784,0.061738803858287,0.201671428200142
"fixed_design","SH","upper",2.69462732321986,7.73103100840486e-05,-0.22480068566527,0.0363575271284348,0.488217440606784,0.061738803858287,0.201671428200142
"fixed_design","SH","upper",2.7047048094368,8.14945038187486e-05,-0.22480068566527,0.0363575271284348,0.488217440606784,0.061738803858287,0.201671428200142
"fixed_design","SH","upper",2.71478229565373,7.57047694759074e-05,-0.22480068566527,0.0363575271284348,0.488217440606784,0.061738803858287,0.201671428200142
"fixed_design","SH","upper",2.72485978187066,7.15455217600004e-05,-0.22480068566527,0.0363575271284348,0.488217440606784,0.061738803858287,0.201671428200142
"fixed_design","SH","upper",2.7349372680876,7.2078890472151e-05,-0.22480068566527,0.0363575271284348,0.488217440606784,0.061738803858287,0.201671428200142
"fixed_design","SH","upper",2.74501475430453,6.6872325764769e-05,-0.22480068566527,0.0363575271284348,0.488217440606784,0.061738803858287,0.201671428200142
"fixed_design","SH","upper",2.75509224052146,6.56124121167035e-05,-0.22480068566527,0.0363575271284348,0.488217440606784,0.061738803858287,0.201671428200142
"fixed_design","SH","upper",2.7651697267384,6.43307809671596e-05,-0.22480068566527,0.0363575271284348,0.488217440606784,0.061738803858287,0.201671428200142
"fixed_design","SH","upper",2.77524721295533,6.1603484280444e-05,-0.22480068566527,0.0363575271284348,0.488217440606784,0.061738803858287,0.201671428200142
"fixed_design","SH","upper",2.78532469917227,5.95952582350352e-05,-0.22480068566527,0.0363575271284348,0.488217440606784,0.061738803858287,0.201671428200142
"fixed_design","SH","upper",2.7954021853892,5.98775388974986e-05,-0.22480068566527,0.0363575271284348,0.488217440606784,0.061738803858287,0.201671428200142
"fixed_design","SH","upper",2.80547967160613,5.70294009824695e-05,-0.22480068566527,0.0363575271284348,0.488217440606784,0.061738803858287,0.201671428200142
"fixed_design","SH","upper",2.81555715782307,5.50774791477897e-05,-0.22480068566527,0.0363575271284348,0.488217440606784,0.061738803858287,0.201671428200142
"fixed_design","SH","upper",2.82563464404,5.45225228614502e-05,-0.22480068566527,0.0363575271284348,0.488217440606784,0.061738803858287,0.201671428200142
"fixed_design","SH","upper",2.83571213025694,5.06790764218028e-05,-0.22480068566527,0.0363575271284348,0.488217440606784,0.061738803858287,0.201671428200142
"fixed_design","SH","upper",2.84578961647387,4.99297766021053e-05,-0.22480068566527,0.0363575271284348,0.488217440606784,0.061738803858287,0.201671428200142
"fixed_design","SH","upper",2.8558671026908,4.57285064327702e-05,-0.22480068566527,0.0363575271284348,0.488217440606784,0.061738803858287,0.201671428200142
"fixed_design","SH","upper",2.86594458890774,4.9301203974985e-05,-0.22480068566527,0.0363575271284348,0.488217440606784,0.061738803858287,0.201671428200142
"fixed_design","SH","upper",2.87602207512467,4.49874834598759e-05,-0.22480068566527,0.0363575271284348,0.488217440606784,0.061738803858287,0.201671428200142
"fixed_design","SH","upper",2.8860995613416,4.38430402170149e-05,-0.22480068566527,0.0363575271284348,0.488217440606784,0.061738803858287,0.201671428200142
"fixed_design","SH","upper",2.89617704755854,4.3137029082778e-05,-0.22480068566527,0.0363575271284348,0.488217440606784,0.061738803858287,0.201671428200142
"fixed_design","SH","upper",2.90625453377547,4.14124915154304e-05,-0.22480068566527,0.0363575271284348,0.488217440606784,0.061738803858287,0.201671428200142
"fixed_design","SH","upper",2.91633201999241,4.39699455196103e-05,-0.22480068566527,0.0363575271284348,0.488217440606784,0.061738803858287,0.201671428200142
"fixed_design","SH","upper",2.92640950620934,4.11216366544033e-05,-0.22480068566527,0.0363575271284348,0.488217440606784,0.061738803858287,0.201671428200142
"fixed_design","SH","upper",2.93648699242627,3.72513548813374e-05,-0.22480068566527,0.0363575271284348,0.488217440606784,0.061738803858287,0.201671428200142
"fixed_design","SH","upper",2.94656447864321,4.03520703875685e-05,-0.22480068566527,0.0363575271284348,0.488217440606784,0.061738803858287,0.201671428200142
"fixed_design","SH","upper",2.95664196486014,3.81510777199111e-05,-0.22480068566527,0.0363575271284348,0.488217440606784,0.061738803858287,0.201671428200142
"fixed_design","SH","upper",2.96671945107707,3.36686428123178e-05,-0.22480068566527,0.0363575271284348,0.488217440606784,0.061738803858287,0.201671428200142
"fixed_design","SH","upper",2.97679693729401,3.62102425972702e-05,-0.22480068566527,0.0363575271284348,0.488217440606784,0.061738803858287,0.201671428200142
"fixed_design","SH","upper",2.98687442351094,3.5460540883639e-05,-0.22480068566527,0.0363575271284348,0.488217440606784,0.061738803858287,0.201671428200142
"fixed_design","SH","upper",2.99695190972788,2.86061372160627e-05,-0.22480068566527,0.0363575271284348,0.488217440606784,0.061738803858287,0.201671428200142
"fixed_design","SH","upper",3.00702939594481,3.64866209866822e-05,-0.22480068566527,0.0363575271284348,0.488217440606784,0.061738803858287,0.201671428200142
"fixed_design","SH","upper",3.01710688216174,2.66262117212935e-05,-0.22480068566527,0.0363575271284348,0.488217440606784,0.061738803858287,0.201671428200142
"fixed_design","SH","upper",3.02718436837868,2.98450100451863e-05,-0.22480068566527,0.0363575271284348,0.488217440606784,0.061738803858287,0.201671428200142
"fixed_design","SH","upper",3.03726185459561,3.14801406099701e-05,-0.22480068566527,0.0363575271284348,0.488217440606784,0.061738803858287,0.201671428200142
"fixed_design","SH","upper",3.04733934081254,2.73265967607144e-05,-0.22480068566527,0.0363575271284348,0.488217440606784,0.061738803858287,0.201671428200142
"fixed_design","SH","upper",3.05741682702948,2.60490662352242e-05,-0.22480068566527,0.0363575271284348,0.488217440606784,0.061738803858287,0.201671428200142
"fixed_design","SH","upper",3.06749431324641,2.8491335681354e-05,-0.22480068566527,0.0363575271284348,0.488217440606784,0.061738803858287,0.201671428200142
"fixed_design","SH","upper",3.07757179946335,2.43504923452345e-05,-0.22480068566527,0.0363575271284348,0.488217440606784,0.061738803858287,0.201671428200142
"fixed_design","SH","upper",3.08764928568028,2.14922926540896e-05,-0.22480068566527,0.0363575271284348,0.488217440606784,0.061738803858287,0.201671428200142
"fixed_design","SH","upper",3.09772677189721,2.63182746639218e-05,-0.22480068566527,0.0363575271284348,0.488217440606784,0.061738803858287,0.201671428200142
"fixed_design","SH","upper",3.10780425811415,2.23033660309843e-05,-0.22480068566527,0.0363575271284348,0.488217440606784,0.061738803858287,0.201671428200142
"fixed_design","SH","upper",3.11788174433108,2.09384711837336e-05,-0.22480068566527,0.0363575271284348,0.488217440606784,0.061738803858287,0.201671428200142
"fixed_design","SH","upper",3.12795923054802,2.06817247046936e-05,-0.22480068566527,0.0363575271284348,0.488217440606784,0.061738803858287,0.201671428200142
"fixed_design","SH","upper",3.13803671676495,1.91034264316626e-05,-0.22480068566527,0.0363575271284348,0.488217440606784,0.061738803858287,0.201671428200142
"fixed_design","SH","upper",3.14811420298188,1.8463723564906e-05,-0.22480068566527,0.0363575271284348,0.488217440606784,0.061738803858287,0.201671428200142
"fixed_design","SH","upper",3.15819168919882,1.90121415639417e-05,-0.22480068566527,0.0363575271284348,0.488217440606784,0.061738803858287,0.201671428200142
"fixed_design","SH","upper",3.16826917541575,1.75103304216234e-05,-0.22480068566527,0.0363575271284348,0.488217440606784,0.061738803858287,0.201671428200142
"fixed_design","SH","upper",3.17834666163268,1.64270174984751e-05,-0.22480068566527,0.0363575271284348,0.488217440606784,0.061738803858287,0.201671428200142
"fixed_design","SH","upper",3.18842414784962,1.61733155500296e-05,-0.22480068566527,0.0363575271284348,0.488217440606784,0.061738803858287,0.201671428200142
"fixed_design","SH","upper",3.19850163406655,1.52871099859217e-05,-0.22480068566527,0.0363575271284348,0.488217440606784,0.061738803858287,0.201671428200142
"fixed_design","SH","upper",3.20857912028349,1.22652397615608e-05,-0.22480068566527,0.0363575271284348,0.488217440606784,0.061738803858287,0.201671428200142
"fixed_design","SH","upper",3.21865660650042,1.47284238372048e-05,-0.22480068566527,0.0363575271284348,0.488217440606784,0.061738803858287,0.201671428200142
"fixed_design","SH","upper",3.22873409271735,1.37762653884619e-05,-0.22480068566527,0.0363575271284348,0.488217440606784,0.061738803858287,0.201671428200142
"fixed_design","SH","upper",3.23881157893429,1.23342896974021e-05,-0.22480068566527,0.0363575271284348,0.488217440606784,0.061738803858287,0.201671428200142
"fixed_design","SH","upper",3.24888906515122,1.28227802368857e-05,-0.22480068566527,0.0363575271284348,0.488217440606784,0.061738803858287,0.201671428200142
"fixed_design","SH","upper",3.25896655136816,1.12827162485195e-05,-0.22480068566527,0.0363575271284348,0.488217440606784,0.061738803858287,0.201671428200142
"fixed_design","SH","upper",3.26904403758509,1.1729765716381e-05,-0.22480068566527,0.0363575271284348,0.488217440606784,0.061738803858287,0.201671428200142
"fixed_design","SH","upper",3.27912152380202,8.72014783014753e-06,-0.22480068566527,0.0363575271284348,0.488217440606784,0.061738803858287,0.201671428200142
"fixed_design","SH","upper",3.28919901001896,1.15032833758505e-05,-0.22480068566527,0.0363575271284348,0.488217440606784,0.061738803858287,0.201671428200142
"fixed_design","SH","upper",3.29927649623589,1.00702805270257e-05,-0.22480068566527,0.0363575271284348,0.488217440606784,0.061738803858287,0.201671428200142
"fixed_design","SH","upper",3.30935398245282,7.54669460543832e-06,-0.22480068566527,0.0363575271284348,0.488217440606784,0.061738803858287,0.201671428200142
"fixed_design","SH","upper",3.31943146866976,1.07436149695858e-05,-0.22480068566527,0.0363575271284348,0.488217440606784,0.061738803858287,0.201671428200142
"fixed_design","SH","upper",3.32950895488669,8.40991559909238e-06,-0.22480068566527,0.0363575271284348,0.488217440606784,0.061738803858287,0.201671428200142
"fixed_design","SH","upper",3.33958644110363,8.2457558918074e-06,-0.22480068566527,0.0363575271284348,0.488217440606784,0.061738803858287,0.201671428200142
"fixed_design","SH","upper",3.34966392732056,8.10213685244923e-06,-0.22480068566527,0.0363575271284348,0.488217440606784,0.061738803858287,0.201671428200142
"fixed_design","SH","upper",3.35974141353749,6.44541781837886e-06,-0.22480068566527,0.0363575271284348,0.488217440606784,0.061738803858287,0.201671428200142
"fixed_design","SH","upper",3.36981889975443,7.77257983509758e-06,-0.22480068566527,0.0363575271284348,0.488217440606784,0.061738803858287,0.201671428200142
"fixed_design","SH","upper",3.37989638597136,6.07247508138763e-06,-0.22480068566527,0.0363575271284348,0.488217440606784,0.061738803858287,0.201671428200142
"fixed_design","SH","upper",3.38997387218829,6.73740727008911e-06,-0.22480068566527,0.0363575271284348,0.488217440606784,0.061738803858287,0.201671428200142
"fixed_design","SH","upper",3.40005135840523,8.64935727895336e-06,-0.22480068566527,0.0363575271284348,0.488217440606784,0.061738803858287,0.201671428200142
"fixed_design","SH","upper",3.41012884462216,4.69725562337081e-06,-0.22480068566527,0.0363575271284348,0.488217440606784,0.061738803858287,0.201671428200142
"fixed_design","SH","upper",3.4202063308391,7.26956276921747e-06,-0.22480068566527,0.0363575271284348,0.488217440606784,0.061738803858287,0.201671428200142
"fixed_design","SH","upper",3.43028381705603,6.49491643940775e-06,-0.22480068566527,0.0363575271284348,0.488217440606784,0.061738803858287,0.201671428200142
"fixed_design","SH","upper",3.44036130327296,4.47314184170125e-06,-0.22480068566527,0.0363575271284348,0.488217440606784,0.061738803858287,0.201671428200142
"fixed_design","SH","upper",3.4504387894899,7.76740452749578e-06,-0.22480068566527,0.0363575271284348,0.488217440606784,0.061738803858287,0.201671428200142
"fixed_design","SH","upper",3.46051627570683,6.07671770305083e-06,-0.22480068566527,0.0363575271284348,0.488217440606784,0.061738803858287,0.201671428200142
"fixed_design","SH","upper",3.47059376192377,4.4453193053161e-06,-0.22480068566527,0.0363575271284348,0.488217440606784,0.061738803858287,0.201671428200142
"fixed_design","SH","upper",3.4806712481407,8.24347100784981e-06,-0.22480068566527,0.0363575271284348,0.488217440606784,0.061738803858287,0.201671428200142
"fixed_design","SH","upper",3.49074873435763,5.36664885869175e-06,-0.22480068566527,0.0363575271284348,0.488217440606784,0.061738803858287,0.201671428200142
"fixed_design","SH","upper",3.50082622057457,4.8183093987646e-06,-0.22480068566527,0.0363575271284348,0.488217440606784,0.061738803858287,0.201671428200142
"fixed_design","SH","upper",3.5109037067915,8.00747340146293e-06,-0.22480068566527,0.0363575271284348,0.488217440606784,0.061738803858287,0.201671428200142
"fixed_design","SH","upper",3.52098119300843,4.36396762996454e-06,-0.22480068566527,0.0363575271284348,0.488217440606784,0.061738803858287,0.201671428200142
"fixed_design","SH","upper",3.53105867922537,3.61323754170433e-06,-0.22480068566527,0.0363575271284348,0.488217440606784,0.061738803858287,0.201671428200142
"fixed_design","SH","upper",3.5411361654423,5.1643564715386e-06,-0.22480068566527,0.0363575271284348,0.488217440606784,0.061738803858287,0.201671428200142
"fixed_design","SH","upper",3.55121365165924,3.93497892790669e-06,-0.22480068566527,0.0363575271284348,0.488217440606784,0.061738803858287,0.201671428200142
"fixed_design","SH","upper",3.56129113787617,4.03603323779411e-06,-0.22480068566527,0.0363575271284348,0.488217440606784,0.061738803858287,0.201671428200142
"fixed_design","SH","upper",3.5713686240931,3.92735078805952e-06,-0.22480068566527,0.0363575271284348,0.488217440606784,0.061738803858287,0.201671428200142
"fixed_design","SH","upper",3.58144611031004,4.81808611910457e-06,-0.22480068566527,0.0363575271284348,0.488217440606784,0.061738803858287,0.201671428200142
"fixed_design","SH","upper",3.59152359652697,4.0407993068724e-06,-0.22480068566527,0.0363575271284348,0.488217440606784,0.061738803858287,0.201671428200142
"fixed_design","SH","upper",3.60160108274391,2.98362622519154e-06,-0.22480068566527,0.0363575271284348,0.488217440606784,0.061738803858287,0.201671428200142
"fixed_design","SH","upper",3.61167856896084,5.61058601003892e-06,-0.22480068566527,0.0363575271284348,0.488217440606784,0.061738803858287,0.201671428200142
"fixed_design","SH","upper",3.62175605517777,4.1481060496541e-06,-0.22480068566527,0.0363575271284348,0.488217440606784,0.061738803858287,0.201671428200142
"fixed_design","SH","upper",3.63183354139471,2.66400706289291e-06,-0.22480068566527,0.0363575271284348,0.488217440606784,0.061738803858287,0.201671428200142
"fixed_design","SH","upper",3.64191102761164,4.01454545428179e-06,-0.22480068566527,0.0363575271284348,0.488217440606784,0.061738803858287,0.201671428200142
"fixed_design","SH","upper",3.65198851382857,4.36835946647157e-06,-0.22480068566527,0.0363575271284348,0.488217440606784,0.061738803858287,0.201671428200142
"fixed_design","SH","upper",3.66206600004551,2.13567335288625e-06,-0.22480068566527,0.0363575271284348,0.488217440606784,0.061738803858287,0.201671428200142
"fixed_design","SH","upper",3.67214348626244,3.47105624571068e-06,-0.22480068566527,0.0363575271284348,0.488217440606784,0.061738803858287,0.201671428200142
"fixed_design","SH","upper",3.68222097247938,5.11997878140601e-06,-0.22480068566527,0.0363575271284348,0.488217440606784,0.061738803858287,0.201671428200142
"fixed_design","SH","upper",3.69229845869631,1.82855570359279e-06,-0.22480068566527,0.0363575271284348,0.488217440606784,0.061738803858287,0.201671428200142
"fixed_design","SH","upper",3.70237594491324,3.07249467348859e-06,-0.22480068566527,0.0363575271284348,0.488217440606784,0.061738803858287,0.201671428200142
"fixed_design","SH","upper",3.71245343113018,5.65494115619615e-06,-0.22480068566527,0.0363575271284348,0.488217440606784,0.061738803858287,0.201671428200142
"fixed_design","SH","upper",3.72253091734711,2.03865879345817e-06,-0.22480068566527,0.0363575271284348,0.488217440606784,0.061738803858287,0.201671428200142
"fixed_design","SH","upper",3.73260840356404,2.48207268278492e-06,-0.22480068566527,0.0363575271284348,0.488217440606784,0.061738803858287,0.201671428200142
"fixed_design","SH","upper",3.74268588978098,5.50865165419019e-06,-0.22480068566527,0.0363575271284348,0.488217440606784,0.061738803858287,0.201671428200142
"fixed_design","SH","upper",3.75276337599791,2.75177644168175e-06,-0.22480068566527,0.0363575271284348,0.488217440606784,0.061738803858287,0.201671428200142
"fixed_design","SH","upper",3.76284086221485,2.12574834189591e-06,-0.22480068566527,0.0363575271284348,0.488217440606784,0.061738803858287,0.201671428200142
"fixed_design","SH","upper",3.77291834843178,4.77322772633979e-06,-0.22480068566527,0.0363575271284348,0.488217440606784,0.061738803858287,0.201671428200142
"fixed_design","SH","upper",3.78299583464871,3.63992038648747e-06,-0.22480068566527,0.0363575271284348,0.488217440606784,0.061738803858287,0.201671428200142
"fixed_design","SH","upper",3.79307332086565,2.50807590280359e-06,-0.22480068566527,0.0363575271284348,0.488217440606784,0.061738803858287,0.201671428200142
"fixed_design","SH","upper",3.80315080708258,3.45026343269858e-06,-0.22480068566527,0.0363575271284348,0.488217440606784,0.061738803858287,0.201671428200142
"fixed_design","SH","upper",3.81322829329952,4.06501004586317e-06,-0.22480068566527,0.0363575271284348,0.488217440606784,0.061738803858287,0.201671428200142
"fixed_design","SH","upper",3.82330577951645,3.41648127048363e-06,-0.22480068566527,0.0363575271284348,0.488217440606784,0.061738803858287,0.201671428200142
"fixed_design","SH","upper",3.83338326573338,2.266867840982e-06,-0.22480068566527,0.0363575271284348,0.488217440606784,0.061738803858287,0.201671428200142
"fixed_design","SH","upper",3.84346075195032,2.61408139209619e-06,-0.22480068566527,0.0363575271284348,0.488217440606784,0.061738803858287,0.201671428200142
"fixed_design","SH","upper",3.85353823816725,3.93391125684712e-06,-0.22480068566527,0.0363575271284348,0.488217440606784,0.061738803858287,0.201671428200142
"fixed_design","SH","upper",3.86361572438418,2.31412854070939e-06,-0.22480068566527,0.0363575271284348,0.488217440606784,0.061738803858287,0.201671428200142
"fixed_design","SH","upper",3.87369321060112,1.87050801811734e-06,-0.22480068566527,0.0363575271284348,0.488217440606784,0.061738803858287,0.201671428200142
"fixed_design","SH","upper",3.88377069681805,3.31536301807779e-06,-0.22480068566527,0.0363575271284348,0.488217440606784,0.061738803858287,0.201671428200142
"fixed_design","SH","upper",3.89384818303499,2.07546630640724e-06,-0.22480068566527,0.0363575271284348,0.488217440606784,0.061738803858287,0.201671428200142
"fixed_design","SH","upper",3.90392566925192,1.30166333583804e-06,-0.22480068566527,0.0363575271284348,0.488217440606784,0.061738803858287,0.201671428200142
"fixed_design","SH","upper",3.91400315546885,2.90066320555761e-06,-0.22480068566527,0.0363575271284348,0.488217440606784,0.061738803858287,0.201671428200142
"fixed_design","SH","upper",3.92408064168579,2.68130678711554e-06,-0.22480068566527,0.0363575271284348,0.488217440606784,0.061738803858287,0.201671428200142
"fixed_design","SH","upper",3.93415812790272,1.34750211940742e-06,-0.22480068566527,0.0363575271284348,0.488217440606784,0.061738803858287,0.201671428200142
"fixed_design","SH","upper",3.94423561411966,2.19766354671465e-06,-0.22480068566527,0.0363575271284348,0.488217440606784,0.061738803858287,0.201671428200142
"fixed_design","SH","upper",3.95431310033659,3.03333714487272e-06,-0.22480068566527,0.0363575271284348,0.488217440606784,0.061738803858287,0.201671428200142
"fixed_design","SH","upper",3.96439058655352,1.61542387503402e-06,-0.22480068566527,0.0363575271284348,0.488217440606784,0.061738803858287,0.201671428200142
"fixed_design","SH","upper",3.97446807277046,2.01647674068287e-06,-0.22480068566527,0.0363575271284348,0.488217440606784,0.061738803858287,0.201671428200142
"fixed_design","SH","upper",3.98454555898739,2.7664482512316e-06,-0.22480068566527,0.0363575271284348,0.488217440606784,0.061738803858287,0.201671428200142
"fixed_design","SH","upper",3.99462304520432,1.99524281146942e-06,-0.22480068566527,0.0363575271284348,0.488217440606784,0.061738803858287,0.201671428200142
"fixed_design","SH","upper",4.00470053142126,2.13287345684604e-06,-0.22480068566527,0.0363575271284348,0.488217440606784,0.061738803858287,0.201671428200142
"fixed_design","SH","upper",4.01477801763819,2.1155136164029e-06,-0.22480068566527,0.0363575271284348,0.488217440606784,0.061738803858287,0.201671428200142
"fixed_design","SH","upper",4.02485550385512,2.20691369302056e-06,-0.22480068566527,0.0363575271284348,0.488217440606784,0.061738803858287,0.201671428200142
"fixed_design","SH","upper",4.03493299007206,2.41723846388094e-06,-0.22480068566527,0.0363575271284348,0.488217440606784,0.061738803858287,0.201671428200142
"fixed_design","SH","upper",4.04501047628899,1.99524062548069e-06,-0.22480068566527,0.0363575271284348,0.488217440606784,0.061738803858287,0.201671428200142
"fixed_design","SH","upper",4.05508796250593,1.92560623519522e-06,-0.22480068566527,0.0363575271284348,0.488217440606784,0.061738803858287,0.201671428200142
"fixed_design","SH","upper",4.06516544872286,2.45665069074312e-06,-0.22480068566527,0.0363575271284348,0.488217440606784,0.061738803858287,0.201671428200142
"fixed_design","SH","upper",4.07524293493979,1.66081303599428e-06,-0.22480068566527,0.0363575271284348,0.488217440606784,0.061738803858287,0.201671428200142
"fixed_design","SH","upper",4.08532042115673,6.68534962833096e-07,-0.22480068566527,0.0363575271284348,0.488217440606784,0.061738803858287,0.201671428200142
"fixed_design","SH","upper",4.09539790737366,2.13946258880703e-06,-0.22480068566527,0.0363575271284348,0.488217440606784,0.061738803858287,0.201671428200142
"fixed_design","SH","upper",4.10547539359059,2.35471018515985e-06,-0.22480068566527,0.0363575271284348,0.488217440606784,0.061738803858287,0.201671428200142
"fixed_design","SH","upper",4.11555287980753,6.6207641215579e-07,-0.22480068566527,0.0363575271284348,0.488217440606784,0.061738803858287,0.201671428200142
"fixed_design","SH","upper",4.12563036602446,7.14293795571731e-07,-0.22480068566527,0.0363575271284348,0.488217440606784,0.061738803858287,0.201671428200142
"fixed_design","SH","upper",4.1357078522414,1.7281733660272e-06,-0.22480068566527,0.0363575271284348,0.488217440606784,0.061738803858287,0.201671428200142
"fixed_design","SH","upper",4.14578533845833,1.18065986896602e-06,-0.22480068566527,0.0363575271284348,0.488217440606784,0.061738803858287,0.201671428200142
"fixed_design","SH","upper",4.15586282467526,7.89708266579656e-08,-0.22480068566527,0.0363575271284348,0.488217440606784,0.061738803858287,0.201671428200142
"fixed_design","SH","upper",4.1659403108922,4.28236909622751e-07,-0.22480068566527,0.0363575271284348,0.488217440606784,0.061738803858287,0.201671428200142
"fixed_design","SH","upper",4.17601779710913,8.7249294056734e-07,-0.22480068566527,0.0363575271284348,0.488217440606784,0.061738803858287,0.201671428200142
"fixed_design","SH","upper",4.18609528332607,4.97638494232283e-07,-0.22480068566527,0.0363575271284348,0.488217440606784,0.061738803858287,0.201671428200142
"fixed_design","SH","upper",4.196172769543,5.80638705628185e-08,-0.22480068566527,0.0363575271284348,0.488217440606784,0.061738803858287,0.201671428200142
"fixed_design","SH","upper",4.20625025575993,6.80628350748544e-07,-0.22480068566527,0.0363575271284348,0.488217440606784,0.061738803858287,0.201671428200142
"fixed_design","SH","upper",4.21632774197687,9.56513217105868e-07,-0.22480068566527,0.0363575271284348,0.488217440606784,0.061738803858287,0.201671428200142
"fixed_design","SH","upper",4.2264052281938,1.74477330965391e-07,-0.22480068566527,0.0363575271284348,0.488217440606784,0.061738803858287,0.201671428200142
"fixed_design","SH","upper",4.23648271441073,2.06255522099704e-07,-0.22480068566527,0.0363575271284348,0.488217440606784,0.061738803858287,0.201671428200142
"fixed_design","SH","upper",4.24656020062767,7.95911336938105e-07,-0.22480068566527,0.0363575271284348,0.488217440606784,0.061738803858287,0.201671428200142
"fixed_design","SH","upper",4.2566376868446,7.98179361914046e-07,-0.22480068566527,0.0363575271284348,0.488217440606784,0.061738803858287,0.201671428200142
"fixed_design","SH","upper",4.26671517306154,6.01366481723465e-08,-0.22480068566527,0.0363575271284348,0.488217440606784,0.061738803858287,0.201671428200142
"fixed_design","SH","upper",4.27679265927847,4.12315106543993e-07,-0.22480068566527,0.0363575271284348,0.488217440606784,0.061738803858287,0.201671428200142
"fixed_design","SH","upper",4.2868701454954,8.9705623087345e-07,-0.22480068566527,0.0363575271284348,0.488217440606784,0.061738803858287,0.201671428200142
"fixed_design","SH","upper",4.29694763171234,4.90360160073268e-07,-0.22480068566527,0.0363575271284348,0.488217440606784,0.061738803858287,0.201671428200142
"fixed_design","SH","upper",4.30702511792927,5.23760292379459e-08,-0.22480068566527,0.0363575271284348,0.488217440606784,0.061738803858287,0.201671428200142
"fixed_design","SH","upper",4.31710260414621,5.8689712958095e-07,-0.22480068566527,0.0363575271284348,0.488217440606784,0.061738803858287,0.201671428200142
"fixed_design","SH","upper",4.32718009036314,1.04406661588757e-06,-0.22480068566527,0.0363575271284348,0.488217440606784,0.061738803858287,0.201671428200142
"fixed_design","SH","upper",4.33725757658007,1.76939953479122e-07,-0.22480068566527,0.0363575271284348,0.488217440606784,0.061738803858287,0.201671428200142
"dlm","RQR","lower",-1.46550516044484,3.55374175898084e-08,-0.488342333084898,0.159597680578949,0.740233593261348,0.152689253499835,0.351777690736191
"dlm","RQR","lower",-1.45987827492118,1.77162528778086e-07,-0.488342333084898,0.159597680578949,0.740233593261348,0.152689253499835,0.351777690736191
"dlm","RQR","lower",-1.45425138939752,6.81904628749775e-07,-0.488342333084898,0.159597680578949,0.740233593261348,0.152689253499835,0.351777690736191
"dlm","RQR","lower",-1.44862450387387,2.05583637025691e-06,-0.488342333084898,0.159597680578949,0.740233593261348,0.152689253499835,0.351777690736191
"dlm","RQR","lower",-1.44299761835021,4.9343985016521e-06,-0.488342333084898,0.159597680578949,0.740233593261348,0.152689253499835,0.351777690736191
"dlm","RQR","lower",-1.43737073282656,9.61268375048406e-06,-0.488342333084898,0.159597680578949,0.740233593261348,0.152689253499835,0.351777690736191
"dlm","RQR","lower",-1.4317438473029,1.52870421266953e-05,-0.488342333084898,0.159597680578949,0.740233593261348,0.152689253499835,0.351777690736191
"dlm","RQR","lower",-1.42611696177925,2.02312045828549e-05,-0.488342333084898,0.159597680578949,0.740233593261348,0.152689253499835,0.351777690736191
"dlm","RQR","lower",-1.42049007625559,2.28979054828678e-05,-0.488342333084898,0.159597680578949,0.740233593261348,0.152689253499835,0.351777690736191
"dlm","RQR","lower",-1.41486319073193,2.33611137514809e-05,-0.488342333084898,0.159597680578949,0.740233593261348,0.152689253499835,0.351777690736191
"dlm","RQR","lower",-1.40923630520828,2.35953027910925e-05,-0.488342333084898,0.159597680578949,0.740233593261348,0.152689253499835,0.351777690736191
"dlm","RQR","lower",-1.40360941968462,2.58592227053078e-05,-0.488342333084898,0.159597680578949,0.740233593261348,0.152689253499835,0.351777690736191
"dlm","RQR","lower",-1.39798253416097,3.06788434023168e-05,-0.488342333084898,0.159597680578949,0.740233593261348,0.152689253499835,0.351777690736191
"dlm","RQR","lower",-1.39235564863731,3.67299490472101e-05,-0.488342333084898,0.159597680578949,0.740233593261348,0.152689253499835,0.351777690736191
"dlm","RQR","lower",-1.38672876311365,4.2471843179579e-05,-0.488342333084898,0.159597680578949,0.740233593261348,0.152689253499835,0.351777690736191
"dlm","RQR","lower",-1.38110187759,4.74332243133802e-05,-0.488342333084898,0.159597680578949,0.740233593261348,0.152689253499835,0.351777690736191
"dlm","RQR","lower",-1.37547499206634,5.18829565190227e-05,-0.488342333084898,0.159597680578949,0.740233593261348,0.152689253499835,0.351777690736191
"dlm","RQR","lower",-1.36984810654269,5.64201754578274e-05,-0.488342333084898,0.159597680578949,0.740233593261348,0.152689253499835,0.351777690736191
"dlm","RQR","lower",-1.36422122101903,6.27296559484758e-05,-0.488342333084898,0.159597680578949,0.740233593261348,0.152689253499835,0.351777690736191
"dlm","RQR","lower",-1.35859433549537,7.29693019631133e-05,-0.488342333084898,0.159597680578949,0.740233593261348,0.152689253499835,0.351777690736191
"dlm","RQR","lower",-1.35296744997172,8.73722703681926e-05,-0.488342333084898,0.159597680578949,0.740233593261348,0.152689253499835,0.351777690736191
"dlm","RQR","lower",-1.34734056444806,0.000103227056704312,-0.488342333084898,0.159597680578949,0.740233593261348,0.152689253499835,0.351777690736191
"dlm","RQR","lower",-1.34171367892441,0.000116467540720759,-0.488342333084898,0.159597680578949,0.740233593261348,0.152689253499835,0.351777690736191
"dlm","RQR","lower",-1.33608679340075,0.000124855576127999,-0.488342333084898,0.159597680578949,0.740233593261348,0.152689253499835,0.351777690736191
"dlm","RQR","lower",-1.33045990787709,0.000130387692287304,-0.488342333084898,0.159597680578949,0.740233593261348,0.152689253499835,0.351777690736191
"dlm","RQR","lower",-1.32483302235344,0.000137797340364339,-0.488342333084898,0.159597680578949,0.740233593261348,0.152689253499835,0.351777690736191
"dlm","RQR","lower",-1.31920613682978,0.000149366394531024,-0.488342333084898,0.159597680578949,0.740233593261348,0.152689253499835,0.351777690736191
"dlm","RQR","lower",-1.31357925130613,0.000161930998808201,-0.488342333084898,0.159597680578949,0.740233593261348,0.152689253499835,0.351777690736191
"dlm","RQR","lower",-1.30795236578247,0.000170489119094875,-0.488342333084898,0.159597680578949,0.740233593261348,0.152689253499835,0.351777690736191
"dlm","RQR","lower",-1.30232548025881,0.000173797252198065,-0.488342333084898,0.159597680578949,0.740233593261348,0.152689253499835,0.351777690736191
"dlm","RQR","lower",-1.29669859473516,0.000174990094587597,-0.488342333084898,0.159597680578949,0.740233593261348,0.152689253499835,0.351777690736191
"dlm","RQR","lower",-1.2910717092115,0.000178327022217703,-0.488342333084898,0.159597680578949,0.740233593261348,0.152689253499835,0.351777690736191
"dlm","RQR","lower",-1.28544482368785,0.000187289029060574,-0.488342333084898,0.159597680578949,0.740233593261348,0.152689253499835,0.351777690736191
"dlm","RQR","lower",-1.27981793816419,0.000203975729660975,-0.488342333084898,0.159597680578949,0.740233593261348,0.152689253499835,0.351777690736191
"dlm","RQR","lower",-1.27419105264054,0.000226963109358532,-0.488342333084898,0.159597680578949,0.740233593261348,0.152689253499835,0.351777690736191
"dlm","RQR","lower",-1.26856416711688,0.000250055241490638,-0.488342333084898,0.159597680578949,0.740233593261348,0.152689253499835,0.351777690736191
"dlm","RQR","lower",-1.26293728159322,0.000265931934756743,-0.488342333084898,0.159597680578949,0.740233593261348,0.152689253499835,0.351777690736191
"dlm","RQR","lower",-1.25731039606957,0.000272868852022619,-0.488342333084898,0.159597680578949,0.740233593261348,0.152689253499835,0.351777690736191
"dlm","RQR","lower",-1.25168351054591,0.000278158661912609,-0.488342333084898,0.159597680578949,0.740233593261348,0.152689253499835,0.351777690736191
"dlm","RQR","lower",-1.24605662502226,0.000291704813806611,-0.488342333084898,0.159597680578949,0.740233593261348,0.152689253499835,0.351777690736191
"dlm","RQR","lower",-1.2404297394986,0.000315563555074608,-0.488342333084898,0.159597680578949,0.740233593261348,0.152689253499835,0.351777690736191
"dlm","RQR","lower",-1.23480285397494,0.000343310641888929,-0.488342333084898,0.159597680578949,0.740233593261348,0.152689253499835,0.351777690736191
"dlm","RQR","lower",-1.22917596845129,0.000367485371246657,-0.488342333084898,0.159597680578949,0.740233593261348,0.152689253499835,0.351777690736191
"dlm","RQR","lower",-1.22354908292763,0.00038511579342115,-0.488342333084898,0.159597680578949,0.740233593261348,0.152689253499835,0.351777690736191
"dlm","RQR","lower",-1.21792219740398,0.000400643053378366,-0.488342333084898,0.159597680578949,0.740233593261348,0.152689253499835,0.351777690736191
"dlm","RQR","lower",-1.21229531188032,0.000426269672547778,-0.488342333084898,0.159597680578949,0.740233593261348,0.152689253499835,0.351777690736191
"dlm","RQR","lower",-1.20666842635666,0.000474371662641708,-0.488342333084898,0.159597680578949,0.740233593261348,0.152689253499835,0.351777690736191
"dlm","RQR","lower",-1.20104154083301,0.000544217422800414,-0.488342333084898,0.159597680578949,0.740233593261348,0.152689253499835,0.351777690736191
"dlm","RQR","lower",-1.19541465530935,0.000616278452511477,-0.488342333084898,0.159597680578949,0.740233593261348,0.152689253499835,0.351777690736191
"dlm","RQR","lower",-1.1897877697857,0.00067240703577505,-0.488342333084898,0.159597680578949,0.740233593261348,0.152689253499835,0.351777690736191
"dlm","RQR","lower",-1.18416088426204,0.00071297442485424,-0.488342333084898,0.159597680578949,0.740233593261348,0.152689253499835,0.351777690736191
"dlm","RQR","lower",-1.17853399873838,0.00074857229259583,-0.488342333084898,0.159597680578949,0.740233593261348,0.152689253499835,0.351777690736191
"dlm","RQR","lower",-1.17290711321473,0.000782910944259343,-0.488342333084898,0.159597680578949,0.740233593261348,0.152689253499835,0.351777690736191
"dlm","RQR","lower",-1.16728022769107,0.000811499274579022,-0.488342333084898,0.159597680578949,0.740233593261348,0.152689253499835,0.351777690736191
"dlm","RQR","lower",-1.16165334216742,0.000831806100685626,-0.488342333084898,0.159597680578949,0.740233593261348,0.152689253499835,0.351777690736191
"dlm","RQR","lower",-1.15602645664376,0.000852777003332492,-0.488342333084898,0.159597680578949,0.740233593261348,0.152689253499835,0.351777690736191
"dlm","RQR","lower",-1.1503995711201,0.000892805743025623,-0.488342333084898,0.159597680578949,0.740233593261348,0.152689253499835,0.351777690736191
"dlm","RQR","lower",-1.14477268559645,0.000963338608983774,-0.488342333084898,0.159597680578949,0.740233593261348,0.152689253499835,0.351777690736191
"dlm","RQR","lower",-1.13914580007279,0.00105547608245299,-0.488342333084898,0.159597680578949,0.740233593261348,0.152689253499835,0.351777690736191
"dlm","RQR","lower",-1.13351891454914,0.00114691479987043,-0.488342333084898,0.159597680578949,0.740233593261348,0.152689253499835,0.351777690736191
"dlm","RQR","lower",-1.12789202902548,0.00122055852184019,-0.488342333084898,0.159597680578949,0.740233593261348,0.152689253499835,0.351777690736191
"dlm","RQR","lower",-1.12226514350183,0.00127355205883569,-0.488342333084898,0.159597680578949,0.740233593261348,0.152689253499835,0.351777690736191
"dlm","RQR","lower",-1.11663825797817,0.00131455363626731,-0.488342333084898,0.159597680578949,0.740233593261348,0.152689253499835,0.351777690736191
"dlm","RQR","lower",-1.11101137245451,0.00135859875673304,-0.488342333084898,0.159597680578949,0.740233593261348,0.152689253499835,0.351777690736191
"dlm","RQR","lower",-1.10538448693086,0.00141959425046072,-0.488342333084898,0.159597680578949,0.740233593261348,0.152689253499835,0.351777690736191
"dlm","RQR","lower",-1.0997576014072,0.00150129518840732,-0.488342333084898,0.159597680578949,0.740233593261348,0.152689253499835,0.351777690736191
"dlm","RQR","lower",-1.09413071588355,0.00159546890752711,-0.488342333084898,0.159597680578949,0.740233593261348,0.152689253499835,0.351777690736191
"dlm","RQR","lower",-1.08850383035989,0.00169082950404781,-0.488342333084898,0.159597680578949,0.740233593261348,0.152689253499835,0.351777690736191
"dlm","RQR","lower",-1.08287694483623,0.00178458302331856,-0.488342333084898,0.159597680578949,0.740233593261348,0.152689253499835,0.351777690736191
"dlm","RQR","lower",-1.07725005931258,0.00188569461706663,-0.488342333084898,0.159597680578949,0.740233593261348,0.152689253499835,0.351777690736191
"dlm","RQR","lower",-1.07162317378892,0.00200582996823061,-0.488342333084898,0.159597680578949,0.740233593261348,0.152689253499835,0.351777690736191
"dlm","RQR","lower",-1.06599628826527,0.00214586608356721,-0.488342333084898,0.159597680578949,0.740233593261348,0.152689253499835,0.351777690736191
"dlm","RQR","lower",-1.06036940274161,0.00229492682327997,-0.488342333084898,0.159597680578949,0.740233593261348,0.152689253499835,0.351777690736191
"dlm","RQR","lower",-1.05474251721795,0.00244699613637545,-0.488342333084898,0.159597680578949,0.740233593261348,0.152689253499835,0.351777690736191
"dlm","RQR","lower",-1.0491156316943,0.0026123831048424,-0.488342333084898,0.159597680578949,0.740233593261348,0.152689253499835,0.351777690736191
"dlm","RQR","lower",-1.04348874617064,0.00280309134292976,-0.488342333084898,0.159597680578949,0.740233593261348,0.152689253499835,0.351777690736191
"dlm","RQR","lower",-1.03786186064699,0.00301257524297972,-0.488342333084898,0.159597680578949,0.740233593261348,0.152689253499835,0.351777690736191
"dlm","RQR","lower",-1.03223497512333,0.00322082351507051,-0.488342333084898,0.159597680578949,0.740233593261348,0.152689253499835,0.351777690736191
"dlm","RQR","lower",-1.02660808959967,0.00341035912927522,-0.488342333084898,0.159597680578949,0.740233593261348,0.152689253499835,0.351777690736191
"dlm","RQR","lower",-1.02098120407602,0.00357021022527953,-0.488342333084898,0.159597680578949,0.740233593261348,0.152689253499835,0.351777690736191
"dlm","RQR","lower",-1.01535431855236,0.00370325545452652,-0.488342333084898,0.159597680578949,0.740233593261348,0.152689253499835,0.351777690736191
"dlm","RQR","lower",-1.00972743302871,0.00383690575044525,-0.488342333084898,0.159597680578949,0.740233593261348,0.152689253499835,0.351777690736191
"dlm","RQR","lower",-1.00410054750505,0.00400479835268388,-0.488342333084898,0.159597680578949,0.740233593261348,0.152689253499835,0.351777690736191
"dlm","RQR","lower",-0.998473661981395,0.00421122895659071,-0.488342333084898,0.159597680578949,0.740233593261348,0.152689253499835,0.351777690736191
"dlm","RQR","lower",-0.992846776457739,0.00443366585016304,-0.488342333084898,0.159597680578949,0.740233593261348,0.152689253499835,0.351777690736191
"dlm","RQR","lower",-0.987219890934083,0.00465961546091791,-0.488342333084898,0.159597680578949,0.740233593261348,0.152689253499835,0.351777690736191
"dlm","RQR","lower",-0.981593005410427,0.00489985191628325,-0.488342333084898,0.159597680578949,0.740233593261348,0.152689253499835,0.351777690736191
"dlm","RQR","lower",-0.975966119886771,0.00517395261854341,-0.488342333084898,0.159597680578949,0.740233593261348,0.152689253499835,0.351777690736191
"dlm","RQR","lower",-0.970339234363115,0.00548999377586966,-0.488342333084898,0.159597680578949,0.740233593261348,0.152689253499835,0.351777690736191
"dlm","RQR","lower",-0.964712348839459,0.00582092776660036,-0.488342333084898,0.159597680578949,0.740233593261348,0.152689253499835,0.351777690736191
"dlm","RQR","lower",-0.959085463315803,0.00611936163116973,-0.488342333084898,0.159597680578949,0.740233593261348,0.152689253499835,0.351777690736191
"dlm","RQR","lower",-0.953458577792147,0.00636993070801485,-0.488342333084898,0.159597680578949,0.740233593261348,0.152689253499835,0.351777690736191
"dlm","RQR","lower",-0.947831692268492,0.0065978556947651,-0.488342333084898,0.159597680578949,0.740233593261348,0.152689253499835,0.351777690736191
"dlm","RQR","lower",-0.942204806744836,0.00683756752560944,-0.488342333084898,0.159597680578949,0.740233593261348,0.152689253499835,0.351777690736191
"dlm","RQR","lower",-0.93657792122118,0.00711618760346016,-0.488342333084898,0.159597680578949,0.740233593261348,0.152689253499835,0.351777690736191
"dlm","RQR","lower",-0.930951035697524,0.0074438799669625,-0.488342333084898,0.159597680578949,0.740233593261348,0.152689253499835,0.351777690736191
"dlm","RQR","lower",-0.925324150173868,0.007801283422613,-0.488342333084898,0.159597680578949,0.740233593261348,0.152689253499835,0.351777690736191
"dlm","RQR","lower",-0.919697264650212,0.00816640703753044,-0.488342333084898,0.159597680578949,0.740233593261348,0.152689253499835,0.351777690736191
"dlm","RQR","lower",-0.914070379126556,0.00855101934304454,-0.488342333084898,0.159597680578949,0.740233593261348,0.152689253499835,0.351777690736191
"dlm","RQR","lower",-0.9084434936029,0.00898516168761224,-0.488342333084898,0.159597680578949,0.740233593261348,0.152689253499835,0.351777690736191
"dlm","RQR","lower",-0.902816608079244,0.00948662871278605,-0.488342333084898,0.159597680578949,0.740233593261348,0.152689253499835,0.351777690736191
"dlm","RQR","lower",-0.897189722555588,0.0100580266741084,-0.488342333084898,0.159597680578949,0.740233593261348,0.152689253499835,0.351777690736191
"dlm","RQR","lower",-0.891562837031932,0.0106859272771867,-0.488342333084898,0.159597680578949,0.740233593261348,0.152689253499835,0.351777690736191
"dlm","RQR","lower",-0.885935951508276,0.0113392810532699,-0.488342333084898,0.159597680578949,0.740233593261348,0.152689253499835,0.351777690736191
"dlm","RQR","lower",-0.88030906598462,0.0119873353423766,-0.488342333084898,0.159597680578949,0.740233593261348,0.152689253499835,0.351777690736191
"dlm","RQR","lower",-0.874682180460964,0.0126149406632095,-0.488342333084898,0.159597680578949,0.740233593261348,0.152689253499835,0.351777690736191
"dlm","RQR","lower",-0.869055294937309,0.0132178750325602,-0.488342333084898,0.159597680578949,0.740233593261348,0.152689253499835,0.351777690736191
"dlm","RQR","lower",-0.863428409413653,0.0137939802349018,-0.488342333084898,0.159597680578949,0.740233593261348,0.152689253499835,0.351777690736191
"dlm","RQR","lower",-0.857801523889997,0.0143469681011596,-0.488342333084898,0.159597680578949,0.740233593261348,0.152689253499835,0.351777690736191
"dlm","RQR","lower",-0.852174638366341,0.0149082283757601,-0.488342333084898,0.159597680578949,0.740233593261348,0.152689253499835,0.351777690736191
"dlm","RQR","lower",-0.846547752842685,0.0155370826652498,-0.488342333084898,0.159597680578949,0.740233593261348,0.152689253499835,0.351777690736191
"dlm","RQR","lower",-0.840920867319029,0.0162664817448857,-0.488342333084898,0.159597680578949,0.740233593261348,0.152689253499835,0.351777690736191
"dlm","RQR","lower",-0.835293981795373,0.0170692395991625,-0.488342333084898,0.159597680578949,0.740233593261348,0.152689253499835,0.351777690736191
"dlm","RQR","lower",-0.829667096271717,0.0179068594091286,-0.488342333084898,0.159597680578949,0.740233593261348,0.152689253499835,0.351777690736191
"dlm","RQR","lower",-0.824040210748061,0.0187651026935056,-0.488342333084898,0.159597680578949,0.740233593261348,0.152689253499835,0.351777690736191
"dlm","RQR","lower",-0.818413325224405,0.0196095900033026,-0.488342333084898,0.159597680578949,0.740233593261348,0.152689253499835,0.351777690736191
"dlm","RQR","lower",-0.812786439700749,0.0203797383028744,-0.488342333084898,0.159597680578949,0.740233593261348,0.152689253499835,0.351777690736191
"dlm","RQR","lower",-0.807159554177093,0.021079752021698,-0.488342333084898,0.159597680578949,0.740233593261348,0.152689253499835,0.351777690736191
"dlm","RQR","lower",-0.801532668653437,0.0218117192731171,-0.488342333084898,0.159597680578949,0.740233593261348,0.152689253499835,0.351777690736191
"dlm","RQR","lower",-0.795905783129782,0.0226683347901474,-0.488342333084898,0.159597680578949,0.740233593261348,0.152689253499835,0.351777690736191
"dlm","RQR","lower",-0.790278897606126,0.023632067965187,-0.488342333084898,0.159597680578949,0.740233593261348,0.152689253499835,0.351777690736191
"dlm","RQR","lower",-0.78465201208247,0.0246127577676488,-0.488342333084898,0.159597680578949,0.740233593261348,0.152689253499835,0.351777690736191
"dlm","RQR","lower",-0.779025126558814,0.0255632508355774,-0.488342333084898,0.159597680578949,0.740233593261348,0.152689253499835,0.351777690736191
"dlm","RQR","lower",-0.773398241035158,0.0265182137943861,-0.488342333084898,0.159597680578949,0.740233593261348,0.152689253499835,0.351777690736191
"dlm","RQR","lower",-0.767771355511502,0.027527623273964,-0.488342333084898,0.159597680578949,0.740233593261348,0.152689253499835,0.351777690736191
"dlm","RQR","lower",-0.762144469987846,0.0286018541128299,-0.488342333084898,0.159597680578949,0.740233593261348,0.152689253499835,0.351777690736191
"dlm","RQR","lower",-0.75651758446419,0.029710688758172,-0.488342333084898,0.159597680578949,0.740233593261348,0.152689253499835,0.351777690736191
"dlm","RQR","lower",-0.750890698940534,0.0307942833114644,-0.488342333084898,0.159597680578949,0.740233593261348,0.152689253499835,0.351777690736191
"dlm","RQR","lower",-0.745263813416878,0.0317981790290783,-0.488342333084898,0.159597680578949,0.740233593261348,0.152689253499835,0.351777690736191
"dlm","RQR","lower",-0.739636927893222,0.0327352705313123,-0.488342333084898,0.159597680578949,0.740233593261348,0.152689253499835,0.351777690736191
"dlm","RQR","lower",-0.734010042369566,0.0337182877814107,-0.488342333084898,0.159597680578949,0.740233593261348,0.152689253499835,0.351777690736191
"dlm","RQR","lower",-0.72838315684591,0.0349020770619335,-0.488342333084898,0.159597680578949,0.740233593261348,0.152689253499835,0.351777690736191
"dlm","RQR","lower",-0.722756271322255,0.0363350475701311,-0.488342333084898,0.159597680578949,0.740233593261348,0.152689253499835,0.351777690736191
"dlm","RQR","lower",-0.717129385798599,0.0379122325011084,-0.488342333084898,0.159597680578949,0.740233593261348,0.152689253499835,0.351777690736191
"dlm","RQR","lower",-0.711502500274943,0.0394561821931936,-0.488342333084898,0.159597680578949,0.740233593261348,0.152689253499835,0.351777690736191
"dlm","RQR","lower",-0.705875614751287,0.040865795201334,-0.488342333084898,0.159597680578949,0.740233593261348,0.152689253499835,0.351777690736191
"dlm","RQR","lower",-0.700248729227631,0.042174168852424,-0.488342333084898,0.159597680578949,0.740233593261348,0.152689253499835,0.351777690736191
"dlm","RQR","lower",-0.694621843703975,0.0434909571688701,-0.488342333084898,0.159597680578949,0.740233593261348,0.152689253499835,0.351777690736191
"dlm","RQR","lower",-0.688994958180319,0.0449493277768185,-0.488342333084898,0.159597680578949,0.740233593261348,0.152689253499835,0.351777690736191
"dlm","RQR","lower",-0.683368072656663,0.0466488868178175,-0.488342333084898,0.159597680578949,0.740233593261348,0.152689253499835,0.351777690736191
"dlm","RQR","lower",-0.677741187133007,0.0485792764071347,-0.488342333084898,0.159597680578949,0.740233593261348,0.152689253499835,0.351777690736191
"dlm","RQR","lower",-0.672114301609351,0.0506507734865187,-0.488342333084898,0.159597680578949,0.740233593261348,0.152689253499835,0.351777690736191
"dlm","RQR","lower",-0.666487416085695,0.052810076790812,-0.488342333084898,0.159597680578949,0.740233593261348,0.152689253499835,0.351777690736191
"dlm","RQR","lower",-0.660860530562039,0.0550592419964872,-0.488342333084898,0.159597680578949,0.740233593261348,0.152689253499835,0.351777690736191
"dlm","RQR","lower",-0.655233645038383,0.0573834703290465,-0.488342333084898,0.159597680578949,0.740233593261348,0.152689253499835,0.351777690736191
"dlm","RQR","lower",-0.649606759514727,0.0597453613348127,-0.488342333084898,0.159597680578949,0.740233593261348,0.152689253499835,0.351777690736191
"dlm","RQR","lower",-0.643979873991071,0.0621470306278482,-0.488342333084898,0.159597680578949,0.740233593261348,0.152689253499835,0.351777690736191
"dlm","RQR","lower",-0.638352988467416,0.0646254212656964,-0.488342333084898,0.159597680578949,0.740233593261348,0.152689253499835,0.351777690736191
"dlm","RQR","lower",-0.63272610294376,0.06717435429811,-0.488342333084898,0.159597680578949,0.740233593261348,0.152689253499835,0.351777690736191
"dlm","RQR","lower",-0.627099217420104,0.0697319162283663,-0.488342333084898,0.159597680578949,0.740233593261348,0.152689253499835,0.351777690736191
"dlm","RQR","lower",-0.621472331896448,0.0722699348920093,-0.488342333084898,0.159597680578949,0.740233593261348,0.152689253499835,0.351777690736191
"dlm","RQR","lower",-0.615845446372792,0.0748480223534858,-0.488342333084898,0.159597680578949,0.740233593261348,0.152689253499835,0.351777690736191
"dlm","RQR","lower",-0.610218560849136,0.0775518429885261,-0.488342333084898,0.159597680578949,0.740233593261348,0.152689253499835,0.351777690736191
"dlm","RQR","lower",-0.60459167532548,0.0804155062468469,-0.488342333084898,0.159597680578949,0.740233593261348,0.152689253499835,0.351777690736191
"dlm","RQR","lower",-0.598964789801824,0.0834132715210144,-0.488342333084898,0.159597680578949,0.740233593261348,0.152689253499835,0.351777690736191
"dlm","RQR","lower",-0.593337904278168,0.0864808428324311,-0.488342333084898,0.159597680578949,0.740233593261348,0.152689253499835,0.351777690736191
"dlm","RQR","lower",-0.587711018754512,0.0895577677270716,-0.488342333084898,0.159597680578949,0.740233593261348,0.152689253499835,0.351777690736191
"dlm","RQR","lower",-0.582084133230856,0.0926642005907038,-0.488342333084898,0.159597680578949,0.740233593261348,0.152689253499835,0.351777690736191
"dlm","RQR","lower",-0.5764572477072,0.0959049114171941,-0.488342333084898,0.159597680578949,0.740233593261348,0.152689253499835,0.351777690736191
"dlm","RQR","lower",-0.570830362183544,0.0993536026034826,-0.488342333084898,0.159597680578949,0.740233593261348,0.152689253499835,0.351777690736191
"dlm","RQR","lower",-0.565203476659889,0.102970561133608,-0.488342333084898,0.159597680578949,0.740233593261348,0.152689253499835,0.351777690736191
"dlm","RQR","lower",-0.559576591136233,0.106649612205076,-0.488342333084898,0.159597680578949,0.740233593261348,0.152689253499835,0.351777690736191
"dlm","RQR","lower",-0.553949705612577,0.110322336454531,-0.488342333084898,0.159597680578949,0.740233593261348,0.152689253499835,0.351777690736191
"dlm","RQR","lower",-0.548322820088921,0.114028855568414,-0.488342333084898,0.159597680578949,0.740233593261348,0.152689253499835,0.351777690736191
"dlm","RQR","lower",-0.542695934565265,0.11787150883326,-0.488342333084898,0.159597680578949,0.740233593261348,0.152689253499835,0.351777690736191
"dlm","RQR","lower",-0.537069049041609,0.121871392334208,-0.488342333084898,0.159597680578949,0.740233593261348,0.152689253499835,0.351777690736191
"dlm","RQR","lower",-0.531442163517953,0.125948096368601,-0.488342333084898,0.159597680578949,0.740233593261348,0.152689253499835,0.351777690736191
"dlm","RQR","lower",-0.525815277994297,0.130061810776818,-0.488342333084898,0.159597680578949,0.740233593261348,0.152689253499835,0.351777690736191
"dlm","RQR","lower",-0.520188392470641,0.13427292227134,-0.488342333084898,0.159597680578949,0.740233593261348,0.152689253499835,0.351777690736191
"dlm","RQR","lower",-0.514561506946985,0.13868421558683,-0.488342333084898,0.159597680578949,0.740233593261348,0.152689253499835,0.351777690736191
"dlm","RQR","lower",-0.508934621423329,0.143413263646272,-0.488342333084898,0.159597680578949,0.740233593261348,0.152689253499835,0.351777690736191
"dlm","RQR","lower",-0.503307735899673,0.148536463542718,-0.488342333084898,0.159597680578949,0.740233593261348,0.152689253499835,0.351777690736191
"dlm","RQR","lower",-0.497680850376017,0.153959132435752,-0.488342333084898,0.159597680578949,0.740233593261348,0.152689253499835,0.351777690736191
"dlm","RQR","lower",-0.492053964852362,0.159397897877092,-0.488342333084898,0.159597680578949,0.740233593261348,0.152689253499835,0.351777690736191
"dlm","RQR","lower",-0.486427079328706,0.164597514059828,-0.488342333084898,0.159597680578949,0.740233593261348,0.152689253499835,0.351777690736191
"dlm","RQR","lower",-0.48080019380505,0.16956130070782,-0.488342333084898,0.159597680578949,0.740233593261348,0.152689253499835,0.351777690736191
"dlm","RQR","lower",-0.475173308281394,0.174575271095591,-0.488342333084898,0.159597680578949,0.740233593261348,0.152689253499835,0.351777690736191
"dlm","RQR","lower",-0.469546422757738,0.179988513908146,-0.488342333084898,0.159597680578949,0.740233593261348,0.152689253499835,0.351777690736191
"dlm","RQR","lower",-0.463919537234082,0.185930444750918,-0.488342333084898,0.159597680578949,0.740233593261348,0.152689253499835,0.351777690736191
"dlm","RQR","lower",-0.458292651710426,0.192224639724746,-0.488342333084898,0.159597680578949,0.740233593261348,0.152689253499835,0.351777690736191
"dlm","RQR","lower",-0.45266576618677,0.198596653874961,-0.488342333084898,0.159597680578949,0.740233593261348,0.152689253499835,0.351777690736191
"dlm","RQR","lower",-0.447038880663114,0.20493605858029,-0.488342333084898,0.159597680578949,0.740233593261348,0.152689253499835,0.351777690736191
"dlm","RQR","lower",-0.441411995139458,0.211341583052798,-0.488342333084898,0.159597680578949,0.740233593261348,0.152689253499835,0.351777690736191
"dlm","RQR","lower",-0.435785109615802,0.217990714699489,-0.488342333084898,0.159597680578949,0.740233593261348,0.152689253499835,0.351777690736191
"dlm","RQR","lower",-0.430158224092146,0.224996654988208,-0.488342333084898,0.159597680578949,0.740233593261348,0.152689253499835,0.351777690736191
"dlm","RQR","lower",-0.42453133856849,0.232315723338949,-0.488342333084898,0.159597680578949,0.740233593261348,0.152689253499835,0.351777690736191
"dlm","RQR","lower",-0.418904453044834,0.239736160088427,-0.488342333084898,0.159597680578949,0.740233593261348,0.152689253499835,0.351777690736191
"dlm","RQR","lower",-0.413277567521179,0.247033970878006,-0.488342333084898,0.159597680578949,0.740233593261348,0.152689253499835,0.351777690736191
"dlm","RQR","lower",-0.407650681997523,0.254209674983856,-0.488342333084898,0.159597680578949,0.740233593261348,0.152689253499835,0.351777690736191
"dlm","RQR","lower",-0.402023796473867,0.261503156408357,-0.488342333084898,0.159597680578949,0.740233593261348,0.152689253499835,0.351777690736191
"dlm","RQR","lower",-0.396396910950211,0.269141351504825,-0.488342333084898,0.159597680578949,0.740233593261348,0.152689253499835,0.351777690736191
"dlm","RQR","lower",-0.390770025426555,0.277135783304924,-0.488342333084898,0.159597680578949,0.740233593261348,0.152689253499835,0.351777690736191
"dlm","RQR","lower",-0.385143139902899,0.285346124211641,-0.488342333084898,0.159597680578949,0.740233593261348,0.152689253499835,0.351777690736191
"dlm","RQR","lower",-0.379516254379243,0.293702885139065,-0.488342333084898,0.159597680578949,0.740233593261348,0.152689253499835,0.351777690736191
"dlm","RQR","lower",-0.373889368855587,0.302315688493625,-0.488342333084898,0.159597680578949,0.740233593261348,0.152689253499835,0.351777690736191
"dlm","RQR","lower",-0.368262483331931,0.311326364487641,-0.488342333084898,0.159597680578949,0.740233593261348,0.152689253499835,0.351777690736191
"dlm","RQR","lower",-0.362635597808275,0.320742317716768,-0.488342333084898,0.159597680578949,0.740233593261348,0.152689253499835,0.351777690736191
"dlm","RQR","lower",-0.357008712284619,0.330531467130308,-0.488342333084898,0.159597680578949,0.740233593261348,0.152689253499835,0.351777690736191
"dlm","RQR","lower",-0.351381826760963,0.340763959004771,-0.488342333084898,0.159597680578949,0.740233593261348,0.152689253499835,0.351777690736191
"dlm","RQR","lower",-0.345754941237307,0.351470404449097,-0.488342333084898,0.159597680578949,0.740233593261348,0.152689253499835,0.351777690736191
"dlm","RQR","lower",-0.340128055713651,0.362448451766363,-0.488342333084898,0.159597680578949,0.740233593261348,0.152689253499835,0.351777690736191
"dlm","RQR","lower",-0.334501170189996,0.373378314398956,-0.488342333084898,0.159597680578949,0.740233593261348,0.152689253499835,0.351777690736191
"dlm","RQR","lower",-0.32887428466634,0.38408562237364,-0.488342333084898,0.159597680578949,0.740233593261348,0.152689253499835,0.351777690736191
"dlm","RQR","lower",-0.323247399142684,0.394635181220211,-0.488342333084898,0.159597680578949,0.740233593261348,0.152689253499835,0.351777690736191
"dlm","RQR","lower",-0.317620513619028,0.405247536489288,-0.488342333084898,0.159597680578949,0.740233593261348,0.152689253499835,0.351777690736191
"dlm","RQR","lower",-0.311993628095372,0.41615530137215,-0.488342333084898,0.159597680578949,0.740233593261348,0.152689253499835,0.351777690736191
"dlm","RQR","lower",-0.306366742571716,0.4274668869138,-0.488342333084898,0.159597680578949,0.740233593261348,0.152689253499835,0.351777690736191
"dlm","RQR","lower",-0.30073985704806,0.439147612355774,-0.488342333084898,0.159597680578949,0.740233593261348,0.152689253499835,0.351777690736191
"dlm","RQR","lower",-0.295112971524404,0.451141278551783,-0.488342333084898,0.159597680578949,0.740233593261348,0.152689253499835,0.351777690736191
"dlm","RQR","lower",-0.289486086000748,0.463413614527963,-0.488342333084898,0.159597680578949,0.740233593261348,0.152689253499835,0.351777690736191
"dlm","RQR","lower",-0.283859200477092,0.475833662619958,-0.488342333084898,0.159597680578949,0.740233593261348,0.152689253499835,0.351777690736191
"dlm","RQR","lower",-0.278232314953436,0.488214961493226,-0.488342333084898,0.159597680578949,0.740233593261348,0.152689253499835,0.351777690736191
"dlm","RQR","lower",-0.27260542942978,0.500557961189602,-0.488342333084898,0.159597680578949,0.740233593261348,0.152689253499835,0.351777690736191
"dlm","RQR","lower",-0.266978543906125,0.513001164040437,-0.488342333084898,0.159597680578949,0.740233593261348,0.152689253499835,0.351777690736191
"dlm","RQR","lower",-0.261351658382468,0.525527494583157,-0.488342333084898,0.159597680578949,0.740233593261348,0.152689253499835,0.351777690736191
"dlm","RQR","lower",-0.255724772858813,0.538021706676863,-0.488342333084898,0.159597680578949,0.740233593261348,0.152689253499835,0.351777690736191
"dlm","RQR","lower",-0.250097887335157,0.550558070072513,-0.488342333084898,0.159597680578949,0.740233593261348,0.152689253499835,0.351777690736191
"dlm","RQR","lower",-0.244471001811501,0.563341849316018,-0.488342333084898,0.159597680578949,0.740233593261348,0.152689253499835,0.351777690736191
"dlm","RQR","lower",-0.238844116287845,0.576491478908563,-0.488342333084898,0.159597680578949,0.740233593261348,0.152689253499835,0.351777690736191
"dlm","RQR","lower",-0.233217230764189,0.589984927529724,-0.488342333084898,0.159597680578949,0.740233593261348,0.152689253499835,0.351777690736191
"dlm","RQR","lower",-0.227590345240533,0.603730807507739,-0.488342333084898,0.159597680578949,0.740233593261348,0.152689253499835,0.351777690736191
"dlm","RQR","lower",-0.221963459716877,0.617631802731037,-0.488342333084898,0.159597680578949,0.740233593261348,0.152689253499835,0.351777690736191
"dlm","RQR","lower",-0.216336574193221,0.631604309825048,-0.488342333084898,0.159597680578949,0.740233593261348,0.152689253499835,0.351777690736191
"dlm","RQR","lower",-0.210709688669565,0.64557796520216,-0.488342333084898,0.159597680578949,0.740233593261348,0.152689253499835,0.351777690736191
"dlm","RQR","lower",-0.205082803145909,0.659542222255012,-0.488342333084898,0.159597680578949,0.740233593261348,0.152689253499835,0.351777690736191
"dlm","RQR","lower",-0.199455917622253,0.673614733458914,-0.488342333084898,0.159597680578949,0.740233593261348,0.152689253499835,0.351777690736191
"dlm","RQR","lower",-0.193829032098597,0.687959634755832,-0.488342333084898,0.159597680578949,0.740233593261348,0.152689253499835,0.351777690736191
"dlm","RQR","lower",-0.188202146574941,0.702579046208949,-0.488342333084898,0.159597680578949,0.740233593261348,0.152689253499835,0.351777690736191
"dlm","RQR","lower",-0.182575261051286,0.717266887146683,-0.488342333084898,0.159597680578949,0.740233593261348,0.152689253499835,0.351777690736191
"dlm","RQR","lower",-0.17694837552763,0.731795504618926,-0.488342333084898,0.159597680578949,0.740233593261348,0.152689253499835,0.351777690736191
"dlm","RQR","lower",-0.171321490003974,0.746083245603285,-0.488342333084898,0.159597680578949,0.740233593261348,0.152689253499835,0.351777690736191
"dlm","RQR","lower",-0.165694604480318,0.760159214531978,-0.488342333084898,0.159597680578949,0.740233593261348,0.152689253499835,0.351777690736191
"dlm","RQR","lower",-0.160067718956662,0.774021918786959,-0.488342333084898,0.159597680578949,0.740233593261348,0.152689253499835,0.351777690736191
"dlm","RQR","lower",-0.154440833433006,0.787642211086691,-0.488342333084898,0.159597680578949,0.740233593261348,0.152689253499835,0.351777690736191
"dlm","RQR","lower",-0.14881394790935,0.801129469999963,-0.488342333084898,0.159597680578949,0.740233593261348,0.152689253499835,0.351777690736191
"dlm","RQR","lower",-0.143187062385694,0.814750573566093,-0.488342333084898,0.159597680578949,0.740233593261348,0.152689253499835,0.351777690736191
"dlm","RQR","lower",-0.137560176862038,0.828644294778312,-0.488342333084898,0.159597680578949,0.740233593261348,0.152689253499835,0.351777690736191
"dlm","RQR","lower",-0.131933291338382,0.842565352760166,-0.488342333084898,0.159597680578949,0.740233593261348,0.152689253499835,0.351777690736191
"dlm","RQR","lower",-0.126306405814726,0.856060034165813,-0.488342333084898,0.159597680578949,0.740233593261348,0.152689253499835,0.351777690736191
"dlm","RQR","lower",-0.12067952029107,0.86891304443156,-0.488342333084898,0.159597680578949,0.740233593261348,0.152689253499835,0.351777690736191
"dlm","RQR","lower",-0.115052634767414,0.881322020840454,-0.488342333084898,0.159597680578949,0.740233593261348,0.152689253499835,0.351777690736191
"dlm","RQR","lower",-0.109425749243758,0.893632965085123,-0.488342333084898,0.159597680578949,0.740233593261348,0.152689253499835,0.351777690736191
"dlm","RQR","lower",-0.103798863720103,0.905996746192565,-0.488342333084898,0.159597680578949,0.740233593261348,0.152689253499835,0.351777690736191
"dlm","RQR","lower",-0.0981719781964467,0.91832933671092,-0.488342333084898,0.159597680578949,0.740233593261348,0.152689253499835,0.351777690736191
"dlm","RQR","lower",-0.0925450926727907,0.930578787842081,-0.488342333084898,0.159597680578949,0.740233593261348,0.152689253499835,0.351777690736191
"dlm","RQR","lower",-0.0869182071491348,0.94286075500276,-0.488342333084898,0.159597680578949,0.740233593261348,0.152689253499835,0.351777690736191
"dlm","RQR","lower",-0.0812913216254789,0.955198305897815,-0.488342333084898,0.159597680578949,0.740233593261348,0.152689253499835,0.351777690736191
"dlm","RQR","lower",-0.0756644361018228,0.967330846521316,-0.488342333084898,0.159597680578949,0.740233593261348,0.152689253499835,0.351777690736191
"dlm","RQR","lower",-0.070037550578167,0.978961019318314,-0.488342333084898,0.159597680578949,0.740233593261348,0.152689253499835,0.351777690736191
"dlm","RQR","lower",-0.0644106650545111,0.99003286942922,-0.488342333084898,0.159597680578949,0.740233593261348,0.152689253499835,0.351777690736191
"dlm","RQR","lower",-0.0587837795308552,1.00061336173517,-0.488342333084898,0.159597680578949,0.740233593261348,0.152689253499835,0.351777690736191
"dlm","RQR","lower",-0.0531568940071991,1.01063972677324,-0.488342333084898,0.159597680578949,0.740233593261348,0.152689253499835,0.351777690736191
"dlm","RQR","lower",-0.0475300084835433,1.02008827239114,-0.488342333084898,0.159597680578949,0.740233593261348,0.152689253499835,0.351777690736191
"dlm","RQR","lower",-0.0419031229598874,1.02930491438567,-0.488342333084898,0.159597680578949,0.740233593261348,0.152689253499835,0.351777690736191
"dlm","RQR","lower",-0.0362762374362315,1.03866409119842,-0.488342333084898,0.159597680578949,0.740233593261348,0.152689253499835,0.351777690736191
"dlm","RQR","lower",-0.0306493519125755,1.04798771932061,-0.488342333084898,0.159597680578949,0.740233593261348,0.152689253499835,0.351777690736191
"dlm","RQR","lower",-0.0250224663889196,1.05683430459139,-0.488342333084898,0.159597680578949,0.740233593261348,0.152689253499835,0.351777690736191
"dlm","RQR","lower",-0.0193955808652637,1.0651664879059,-0.488342333084898,0.159597680578949,0.740233593261348,0.152689253499835,0.351777690736191
"dlm","RQR","lower",-0.0137686953416076,1.07321179379551,-0.488342333084898,0.159597680578949,0.740233593261348,0.152689253499835,0.351777690736191
"dlm","RQR","lower",-0.00814180981795176,1.08104001950014,-0.488342333084898,0.159597680578949,0.740233593261348,0.152689253499835,0.351777690736191
"dlm","RQR","lower",-0.00251492429429589,1.08852599610171,-0.488342333084898,0.159597680578949,0.740233593261348,0.152689253499835,0.351777690736191
"dlm","RQR","lower",0.00311196122935997,1.0955248932768,-0.488342333084898,0.159597680578949,0.740233593261348,0.152689253499835,0.351777690736191
"dlm","RQR","lower",0.00873884675301606,1.1021380338311,-0.488342333084898,0.159597680578949,0.740233593261348,0.152689253499835,0.351777690736191
"dlm","RQR","lower",0.0143657322766719,1.10867663480724,-0.488342333084898,0.159597680578949,0.740233593261348,0.152689253499835,0.351777690736191
"dlm","RQR","lower",0.0199926178003278,1.11518923399149,-0.488342333084898,0.159597680578949,0.740233593261348,0.152689253499835,0.351777690736191
"dlm","RQR","lower",0.0256195033239837,1.12129219929927,-0.488342333084898,0.159597680578949,0.740233593261348,0.152689253499835,0.351777690736191
"dlm","RQR","lower",0.0312463888476397,1.12679188338949,-0.488342333084898,0.159597680578949,0.740233593261348,0.152689253499835,0.351777690736191
"dlm","RQR","lower",0.0368732743712956,1.13218283541982,-0.488342333084898,0.159597680578949,0.740233593261348,0.152689253499835,0.351777690736191
"dlm","RQR","lower",0.0425001598949515,1.13811310388562,-0.488342333084898,0.159597680578949,0.740233593261348,0.152689253499835,0.351777690736191
"dlm","RQR","lower",0.0481270454186076,1.14459003202527,-0.488342333084898,0.159597680578949,0.740233593261348,0.152689253499835,0.351777690736191
"dlm","RQR","lower",0.0537539309422634,1.15104068760232,-0.488342333084898,0.159597680578949,0.740233593261348,0.152689253499835,0.351777690736191
"dlm","RQR","lower",0.0593808164659193,1.15693218400347,-0.488342333084898,0.159597680578949,0.740233593261348,0.152689253499835,0.351777690736191
"dlm","RQR","lower",0.0650077019895752,1.16209043382794,-0.488342333084898,0.159597680578949,0.740233593261348,0.152689253499835,0.351777690736191
"dlm","RQR","lower",0.0706345875132313,1.16657639328557,-0.488342333084898,0.159597680578949,0.740233593261348,0.152689253499835,0.351777690736191
"dlm","RQR","lower",0.0762614730368871,1.17046265642079,-0.488342333084898,0.159597680578949,0.740233593261348,0.152689253499835,0.351777690736191
"dlm","RQR","lower",0.081888358560543,1.17381572468894,-0.488342333084898,0.159597680578949,0.740233593261348,0.152689253499835,0.351777690736191
"dlm","RQR","lower",0.0875152440841989,1.17692161319393,-0.488342333084898,0.159597680578949,0.740233593261348,0.152689253499835,0.351777690736191
"dlm","RQR","lower",0.093142129607855,1.1803114117685,-0.488342333084898,0.159597680578949,0.740233593261348,0.152689253499835,0.351777690736191
"dlm","RQR","lower",0.0987690151315108,1.18424177865386,-0.488342333084898,0.159597680578949,0.740233593261348,0.152689253499835,0.351777690736191
"dlm","RQR","lower",0.104395900655167,1.18825341965976,-0.488342333084898,0.159597680578949,0.740233593261348,0.152689253499835,0.351777690736191
"dlm","RQR","lower",0.110022786178823,1.19155560215902,-0.488342333084898,0.159597680578949,0.740233593261348,0.152689253499835,0.351777690736191
"dlm","RQR","lower",0.115649671702479,1.19375285643269,-0.488342333084898,0.159597680578949,0.740233593261348,0.152689253499835,0.351777690736191
"dlm","RQR","lower",0.121276557226135,1.19499361904441,-0.488342333084898,0.159597680578949,0.740233593261348,0.152689253499835,0.351777690736191
"dlm","RQR","lower",0.12690344274979,1.19561474174466,-0.488342333084898,0.159597680578949,0.740233593261348,0.152689253499835,0.351777690736191
"dlm","RQR","lower",0.132530328273446,1.19590392696468,-0.488342333084898,0.159597680578949,0.740233593261348,0.152689253499835,0.351777690736191
"dlm","RQR","lower",0.138157213797102,1.19613705309367,-0.488342333084898,0.159597680578949,0.740233593261348,0.152689253499835,0.351777690736191
"dlm","RQR","lower",0.143784099320758,1.19666141378755,-0.488342333084898,0.159597680578949,0.740233593261348,0.152689253499835,0.351777690736191
"dlm","RQR","lower",0.149410984844414,1.19781593209723,-0.488342333084898,0.159597680578949,0.740233593261348,0.152689253499835,0.351777690736191
"dlm","RQR","lower",0.15503787036807,1.19963906667904,-0.488342333084898,0.159597680578949,0.740233593261348,0.152689253499835,0.351777690736191
"dlm","RQR","lower",0.160664755891726,1.20168098799983,-0.488342333084898,0.159597680578949,0.740233593261348,0.152689253499835,0.351777690736191
"dlm","RQR","lower",0.166291641415382,1.20331170021881,-0.488342333084898,0.159597680578949,0.740233593261348,0.152689253499835,0.351777690736191
"dlm","RQR","lower",0.171918526939038,1.204216720139,-0.488342333084898,0.159597680578949,0.740233593261348,0.152689253499835,0.351777690736191
"dlm","RQR","lower",0.177545412462694,1.20438876425763,-0.488342333084898,0.159597680578949,0.740233593261348,0.152689253499835,0.351777690736191
"dlm","RQR","lower",0.18317229798635,1.20378997417232,-0.488342333084898,0.159597680578949,0.740233593261348,0.152689253499835,0.351777690736191
"dlm","RQR","lower",0.188799183510006,1.20248253221038,-0.488342333084898,0.159597680578949,0.740233593261348,0.152689253499835,0.351777690736191
"dlm","RQR","lower",0.194426069033662,1.20097435166068,-0.488342333084898,0.159597680578949,0.740233593261348,0.152689253499835,0.351777690736191
"dlm","RQR","lower",0.200052954557318,1.19991466956173,-0.488342333084898,0.159597680578949,0.740233593261348,0.152689253499835,0.351777690736191
"dlm","RQR","lower",0.205679840080973,1.19938728819835,-0.488342333084898,0.159597680578949,0.740233593261348,0.152689253499835,0.351777690736191
"dlm","RQR","lower",0.211306725604629,1.19871262034609,-0.488342333084898,0.159597680578949,0.740233593261348,0.152689253499835,0.351777690736191
"dlm","RQR","lower",0.216933611128285,1.19707701866781,-0.488342333084898,0.159597680578949,0.740233593261348,0.152689253499835,0.351777690736191
"dlm","RQR","lower",0.222560496651941,1.19429591538672,-0.488342333084898,0.159597680578949,0.740233593261348,0.152689253499835,0.351777690736191
"dlm","RQR","lower",0.228187382175597,1.19077224239829,-0.488342333084898,0.159597680578949,0.740233593261348,0.152689253499835,0.351777690736191
"dlm","RQR","lower",0.233814267699253,1.18698161827334,-0.488342333084898,0.159597680578949,0.740233593261348,0.152689253499835,0.351777690736191
"dlm","RQR","lower",0.239441153222909,1.18321350775206,-0.488342333084898,0.159597680578949,0.740233593261348,0.152689253499835,0.351777690736191
"dlm","RQR","lower",0.245068038746565,1.17966932808311,-0.488342333084898,0.159597680578949,0.740233593261348,0.152689253499835,0.351777690736191
"dlm","RQR","lower",0.250694924270221,1.17637587315043,-0.488342333084898,0.159597680578949,0.740233593261348,0.152689253499835,0.351777690736191
"dlm","RQR","lower",0.256321809793877,1.17306914712739,-0.488342333084898,0.159597680578949,0.740233593261348,0.152689253499835,0.351777690736191
"dlm","RQR","lower",0.261948695317533,1.16947391144026,-0.488342333084898,0.159597680578949,0.740233593261348,0.152689253499835,0.351777690736191
"dlm","RQR","lower",0.267575580841189,1.1655218318301,-0.488342333084898,0.159597680578949,0.740233593261348,0.152689253499835,0.351777690736191
"dlm","RQR","lower",0.273202466364844,1.16121559668259,-0.488342333084898,0.159597680578949,0.740233593261348,0.152689253499835,0.351777690736191
"dlm","RQR","lower",0.278829351888501,1.15660112142885,-0.488342333084898,0.159597680578949,0.740233593261348,0.152689253499835,0.351777690736191
"dlm","RQR","lower",0.284456237412156,1.15182017916207,-0.488342333084898,0.159597680578949,0.740233593261348,0.152689253499835,0.351777690736191
"dlm","RQR","lower",0.290083122935812,1.14697190317405,-0.488342333084898,0.159597680578949,0.740233593261348,0.152689253499835,0.351777690736191
"dlm","RQR","lower",0.295710008459468,1.14201810660419,-0.488342333084898,0.159597680578949,0.740233593261348,0.152689253499835,0.351777690736191
"dlm","RQR","lower",0.301336893983124,1.13676429795981,-0.488342333084898,0.159597680578949,0.740233593261348,0.152689253499835,0.351777690736191
"dlm","RQR","lower",0.30696377950678,1.13083462222395,-0.488342333084898,0.159597680578949,0.740233593261348,0.152689253499835,0.351777690736191
"dlm","RQR","lower",0.312590665030436,1.12393887161296,-0.488342333084898,0.159597680578949,0.740233593261348,0.152689253499835,0.351777690736191
"dlm","RQR","lower",0.318217550554092,1.11627169574815,-0.488342333084898,0.159597680578949,0.740233593261348,0.152689253499835,0.351777690736191
"dlm","RQR","lower",0.323844436077748,1.10839135411957,-0.488342333084898,0.159597680578949,0.740233593261348,0.152689253499835,0.351777690736191
"dlm","RQR","lower",0.329471321601404,1.10068224415428,-0.488342333084898,0.159597680578949,0.740233593261348,0.152689253499835,0.351777690736191
"dlm","RQR","lower",0.33509820712506,1.09311503151205,-0.488342333084898,0.159597680578949,0.740233593261348,0.152689253499835,0.351777690736191
"dlm","RQR","lower",0.340725092648716,1.08543741974565,-0.488342333084898,0.159597680578949,0.740233593261348,0.152689253499835,0.351777690736191
"dlm","RQR","lower",0.346351978172372,1.07739191335784,-0.488342333084898,0.159597680578949,0.740233593261348,0.152689253499835,0.351777690736191
"dlm","RQR","lower",0.351978863696027,1.06879410933485,-0.488342333084898,0.159597680578949,0.740233593261348,0.152689253499835,0.351777690736191
"dlm","RQR","lower",0.357605749219683,1.05958116303399,-0.488342333084898,0.159597680578949,0.740233593261348,0.152689253499835,0.351777690736191
"dlm","RQR","lower",0.363232634743339,1.04986289824803,-0.488342333084898,0.159597680578949,0.740233593261348,0.152689253499835,0.351777690736191
"dlm","RQR","lower",0.368859520266995,1.03989257378619,-0.488342333084898,0.159597680578949,0.740233593261348,0.152689253499835,0.351777690736191
"dlm","RQR","lower",0.374486405790651,1.02990740288425,-0.488342333084898,0.159597680578949,0.740233593261348,0.152689253499835,0.351777690736191
"dlm","RQR","lower",0.380113291314307,1.01990757679064,-0.488342333084898,0.159597680578949,0.740233593261348,0.152689253499835,0.351777690736191
"dlm","RQR","lower",0.385740176837963,1.00956462323267,-0.488342333084898,0.159597680578949,0.740233593261348,0.152689253499835,0.351777690736191
"dlm","RQR","lower",0.391367062361619,0.998496580996219,-0.488342333084898,0.159597680578949,0.740233593261348,0.152689253499835,0.351777690736191
"dlm","RQR","lower",0.396993947885275,0.986778125135096,-0.488342333084898,0.159597680578949,0.740233593261348,0.152689253499835,0.351777690736191
"dlm","RQR","lower",0.402620833408931,0.974992664650533,-0.488342333084898,0.159597680578949,0.740233593261348,0.152689253499835,0.351777690736191
"dlm","RQR","lower",0.408247718932587,0.963617655998686,-0.488342333084898,0.159597680578949,0.740233593261348,0.152689253499835,0.351777690736191
"dlm","RQR","lower",0.413874604456243,0.95258739184444,-0.488342333084898,0.159597680578949,0.740233593261348,0.152689253499835,0.351777690736191
"dlm","RQR","lower",0.419501489979899,0.941539889622001,-0.488342333084898,0.159597680578949,0.740233593261348,0.152689253499835,0.351777690736191
"dlm","RQR","lower",0.425128375503555,0.930133205599612,-0.488342333084898,0.159597680578949,0.740233593261348,0.152689253499835,0.351777690736191
"dlm","RQR","lower",0.430755261027211,0.918140691852477,-0.488342333084898,0.159597680578949,0.740233593261348,0.152689253499835,0.351777690736191
"dlm","RQR","lower",0.436382146550866,0.905684749317026,-0.488342333084898,0.159597680578949,0.740233593261348,0.152689253499835,0.351777690736191
"dlm","RQR","lower",0.442009032074522,0.893224074222457,-0.488342333084898,0.159597680578949,0.740233593261348,0.152689253499835,0.351777690736191
"dlm","RQR","lower",0.447635917598178,0.881066635720041,-0.488342333084898,0.159597680578949,0.740233593261348,0.152689253499835,0.351777690736191
"dlm","RQR","lower",0.453262803121834,0.869083996350972,-0.488342333084898,0.159597680578949,0.740233593261348,0.152689253499835,0.351777690736191
"dlm","RQR","lower",0.45888968864549,0.856914623019717,-0.488342333084898,0.159597680578949,0.740233593261348,0.152689253499835,0.351777690736191
"dlm","RQR","lower",0.464516574169146,0.844233067111482,-0.488342333084898,0.159597680578949,0.740233593261348,0.152689253499835,0.351777690736191
"dlm","RQR","lower",0.470143459692802,0.830896367630153,-0.488342333084898,0.159597680578949,0.740233593261348,0.152689253499835,0.351777690736191
"dlm","RQR","lower",0.475770345216458,0.816968564433272,-0.488342333084898,0.159597680578949,0.740233593261348,0.152689253499835,0.351777690736191
"dlm","RQR","lower",0.481397230740114,0.80270467639783,-0.488342333084898,0.159597680578949,0.740233593261348,0.152689253499835,0.351777690736191
"dlm","RQR","lower",0.48702411626377,0.788455991027109,-0.488342333084898,0.159597680578949,0.740233593261348,0.152689253499835,0.351777690736191
"dlm","RQR","lower",0.492651001787426,0.774497731805945,-0.488342333084898,0.159597680578949,0.740233593261348,0.152689253499835,0.351777690736191
"dlm","RQR","lower",0.498277887311082,0.76085605205967,-0.488342333084898,0.159597680578949,0.740233593261348,0.152689253499835,0.351777690736191
"dlm","RQR","lower",0.503904772834737,0.747318140551197,-0.488342333084898,0.159597680578949,0.740233593261348,0.152689253499835,0.351777690736191
"dlm","RQR","lower",0.509531658358394,0.733739224199875,-0.488342333084898,0.159597680578949,0.740233593261348,0.152689253499835,0.351777690736191
"dlm","RQR","lower",0.515158543882049,0.720248851177297,-0.488342333084898,0.159597680578949,0.740233593261348,0.152689253499835,0.351777690736191
"dlm","RQR","lower",0.520785429405705,0.707016508438088,-0.488342333084898,0.159597680578949,0.740233593261348,0.152689253499835,0.351777690736191
"dlm","RQR","lower",0.526412314929361,0.693939155226771,-0.488342333084898,0.159597680578949,0.740233593261348,0.152689253499835,0.351777690736191
"dlm","RQR","lower",0.532039200453017,0.680756110881735,-0.488342333084898,0.159597680578949,0.740233593261348,0.152689253499835,0.351777690736191
"dlm","RQR","lower",0.537666085976673,0.667445025200141,-0.488342333084898,0.159597680578949,0.740233593261348,0.152689253499835,0.351777690736191
"dlm","RQR","lower",0.543292971500329,0.654253331427317,-0.488342333084898,0.159597680578949,0.740233593261348,0.152689253499835,0.351777690736191
"dlm","RQR","lower",0.548919857023985,0.641256415633299,-0.488342333084898,0.159597680578949,0.740233593261348,0.152689253499835,0.351777690736191
"dlm","RQR","lower",0.554546742547641,0.628093225470765,-0.488342333084898,0.159597680578949,0.740233593261348,0.152689253499835,0.351777690736191
"dlm","RQR","lower",0.560173628071297,0.614283189724386,-0.488342333084898,0.159597680578949,0.740233593261348,0.152689253499835,0.351777690736191
"dlm","RQR","lower",0.565800513594953,0.599726977685895,-0.488342333084898,0.159597680578949,0.740233593261348,0.152689253499835,0.351777690736191
"dlm","RQR","lower",0.571427399118609,0.584772038587782,-0.488342333084898,0.159597680578949,0.740233593261348,0.152689253499835,0.351777690736191
"dlm","RQR","lower",0.577054284642264,0.569828862231515,-0.488342333084898,0.159597680578949,0.740233593261348,0.152689253499835,0.351777690736191
"dlm","RQR","lower",0.58268117016592,0.555113548897531,-0.488342333084898,0.159597680578949,0.740233593261348,0.152689253499835,0.351777690736191
"dlm","RQR","lower",0.588308055689577,0.540789962587938,-0.488342333084898,0.159597680578949,0.740233593261348,0.152689253499835,0.351777690736191
"dlm","RQR","lower",0.593934941213232,0.527105669255319,-0.488342333084898,0.159597680578949,0.740233593261348,0.152689253499835,0.351777690736191
"dlm","RQR","lower",0.599561826736888,0.514199611850207,-0.488342333084898,0.159597680578949,0.740233593261348,0.152689253499835,0.351777690736191
"dlm","RQR","lower",0.605188712260544,0.501863932582234,-0.488342333084898,0.159597680578949,0.740233593261348,0.152689253499835,0.351777690736191
"dlm","RQR","lower",0.6108155977842,0.489633921735706,-0.488342333084898,0.159597680578949,0.740233593261348,0.152689253499835,0.351777690736191
"dlm","RQR","lower",0.616442483307856,0.477140328323512,-0.488342333084898,0.159597680578949,0.740233593261348,0.152689253499835,0.351777690736191
"dlm","RQR","lower",0.622069368831512,0.464357463903712,-0.488342333084898,0.159597680578949,0.740233593261348,0.152689253499835,0.351777690736191
"dlm","RQR","lower",0.627696254355168,0.451498069005909,-0.488342333084898,0.159597680578949,0.740233593261348,0.152689253499835,0.351777690736191
"dlm","RQR","lower",0.633323139878824,0.438744888282084,-0.488342333084898,0.159597680578949,0.740233593261348,0.152689253499835,0.351777690736191
"dlm","RQR","lower",0.63895002540248,0.426167960925494,-0.488342333084898,0.159597680578949,0.740233593261348,0.152689253499835,0.351777690736191
"dlm","RQR","lower",0.644576910926136,0.413812228981763,-0.488342333084898,0.159597680578949,0.740233593261348,0.152689253499835,0.351777690736191
"dlm","RQR","lower",0.650203796449792,0.401754615114133,-0.488342333084898,0.159597680578949,0.740233593261348,0.152689253499835,0.351777690736191
"dlm","RQR","lower",0.655830681973447,0.390003885305688,-0.488342333084898,0.159597680578949,0.740233593261348,0.152689253499835,0.351777690736191
"dlm","RQR","lower",0.661457567497103,0.378329069389064,-0.488342333084898,0.159597680578949,0.740233593261348,0.152689253499835,0.351777690736191
"dlm","RQR","lower",0.66708445302076,0.366417020348133,-0.488342333084898,0.159597680578949,0.740233593261348,0.152689253499835,0.351777690736191
"dlm","RQR","lower",0.672711338544415,0.354353350748784,-0.488342333084898,0.159597680578949,0.740233593261348,0.152689253499835,0.351777690736191
"dlm","RQR","lower",0.678338224068071,0.342659778920195,-0.488342333084898,0.159597680578949,0.740233593261348,0.152689253499835,0.351777690736191
"dlm","RQR","lower",0.683965109591727,0.331689740952872,-0.488342333084898,0.159597680578949,0.740233593261348,0.152689253499835,0.351777690736191
"dlm","RQR","lower",0.689591995115383,0.321160373014164,-0.488342333084898,0.159597680578949,0.740233593261348,0.152689253499835,0.351777690736191
"dlm","RQR","lower",0.695218880639039,0.310569569274115,-0.488342333084898,0.159597680578949,0.740233593261348,0.152689253499835,0.351777690736191
"dlm","RQR","lower",0.700845766162695,0.299789149804712,-0.488342333084898,0.159597680578949,0.740233593261348,0.152689253499835,0.351777690736191
"dlm","RQR","lower",0.706472651686351,0.289096534464802,-0.488342333084898,0.159597680578949,0.740233593261348,0.152689253499835,0.351777690736191
"dlm","RQR","lower",0.712099537210007,0.278700477896352,-0.488342333084898,0.159597680578949,0.740233593261348,0.152689253499835,0.351777690736191
"dlm","RQR","lower",0.717726422733663,0.268536862174337,-0.488342333084898,0.159597680578949,0.740233593261348,0.152689253499835,0.351777690736191
"dlm","RQR","lower",0.723353308257319,0.258521417820327,-0.488342333084898,0.159597680578949,0.740233593261348,0.152689253499835,0.351777690736191
"dlm","RQR","lower",0.728980193780975,0.24875527063648,-0.488342333084898,0.159597680578949,0.740233593261348,0.152689253499835,0.351777690736191
"dlm","RQR","lower",0.73460707930463,0.239422031591346,-0.488342333084898,0.159597680578949,0.740233593261348,0.152689253499835,0.351777690736191
"dlm","RQR","lower",0.740233964828287,0.230550014347568,-0.488342333084898,0.159597680578949,0.740233593261348,0.152689253499835,0.351777690736191
"dlm","RQR","lower",0.745860850351942,0.221967721723864,-0.488342333084898,0.159597680578949,0.740233593261348,0.152689253499835,0.351777690736191
"dlm","RQR","lower",0.751487735875598,0.213465353195893,-0.488342333084898,0.159597680578949,0.740233593261348,0.152689253499835,0.351777690736191
"dlm","RQR","lower",0.757114621399254,0.20492020279752,-0.488342333084898,0.159597680578949,0.740233593261348,0.152689253499835,0.351777690736191
"dlm","RQR","lower",0.76274150692291,0.196323703344577,-0.488342333084898,0.159597680578949,0.740233593261348,0.152689253499835,0.351777690736191
"dlm","RQR","lower",0.768368392446566,0.187766036187103,-0.488342333084898,0.159597680578949,0.740233593261348,0.152689253499835,0.351777690736191
"dlm","RQR","lower",0.773995277970222,0.179420852382389,-0.488342333084898,0.159597680578949,0.740233593261348,0.152689253499835,0.351777690736191
"dlm","RQR","lower",0.779622163493878,0.171498574622124,-0.488342333084898,0.159597680578949,0.740233593261348,0.152689253499835,0.351777690736191
"dlm","RQR","lower",0.785249049017534,0.164107206608987,-0.488342333084898,0.159597680578949,0.740233593261348,0.152689253499835,0.351777690736191
"dlm","RQR","lower",0.79087593454119,0.157137342976439,-0.488342333084898,0.159597680578949,0.740233593261348,0.152689253499835,0.351777690736191
"dlm","RQR","lower",0.796502820064846,0.150345617904233,-0.488342333084898,0.159597680578949,0.740233593261348,0.152689253499835,0.351777690736191
"dlm","RQR","lower",0.802129705588502,0.143555145480484,-0.488342333084898,0.159597680578949,0.740233593261348,0.152689253499835,0.351777690736191
"dlm","RQR","lower",0.807756591112157,0.136729659975865,-0.488342333084898,0.159597680578949,0.740233593261348,0.152689253499835,0.351777690736191
"dlm","RQR","lower",0.813383476635813,0.129898731697999,-0.488342333084898,0.159597680578949,0.740233593261348,0.152689253499835,0.351777690736191
"dlm","RQR","lower",0.81901036215947,0.12313042724609,-0.488342333084898,0.159597680578949,0.740233593261348,0.152689253499835,0.351777690736191
"dlm","RQR","lower",0.824637247683125,0.116572354632325,-0.488342333084898,0.159597680578949,0.740233593261348,0.152689253499835,0.351777690736191
"dlm","RQR","lower",0.830264133206781,0.110396123506565,-0.488342333084898,0.159597680578949,0.740233593261348,0.152689253499835,0.351777690736191
"dlm","RQR","lower",0.835891018730437,0.104667601902872,-0.488342333084898,0.159597680578949,0.740233593261348,0.152689253499835,0.351777690736191
"dlm","RQR","lower",0.841517904254093,0.0993096169154677,-0.488342333084898,0.159597680578949,0.740233593261348,0.152689253499835,0.351777690736191
"dlm","RQR","lower",0.847144789777749,0.0941735424234597,-0.488342333084898,0.159597680578949,0.740233593261348,0.152689253499835,0.351777690736191
"dlm","RQR","lower",0.852771675301405,0.0891452467148806,-0.488342333084898,0.159597680578949,0.740233593261348,0.152689253499835,0.351777690736191
"dlm","RQR","lower",0.858398560825061,0.0842431192570558,-0.488342333084898,0.159597680578949,0.740233593261348,0.152689253499835,0.351777690736191
"dlm","RQR","lower",0.864025446348717,0.0796173286796126,-0.488342333084898,0.159597680578949,0.740233593261348,0.152689253499835,0.351777690736191
"dlm","RQR","lower",0.869652331872373,0.0753902221133669,-0.488342333084898,0.159597680578949,0.740233593261348,0.152689253499835,0.351777690736191
"dlm","RQR","lower",0.875279217396029,0.0715214674146795,-0.488342333084898,0.159597680578949,0.740233593261348,0.152689253499835,0.351777690736191
"dlm","RQR","lower",0.880906102919685,0.0678810560597178,-0.488342333084898,0.159597680578949,0.740233593261348,0.152689253499835,0.351777690736191
"dlm","RQR","lower",0.88653298844334,0.0643744136418962,-0.488342333084898,0.159597680578949,0.740233593261348,0.152689253499835,0.351777690736191
"dlm","RQR","lower",0.892159873966996,0.0609332622560867,-0.488342333084898,0.159597680578949,0.740233593261348,0.152689253499835,0.351777690736191
"dlm","RQR","lower",0.897786759490653,0.0574973763617543,-0.488342333084898,0.159597680578949,0.740233593261348,0.152689253499835,0.351777690736191
"dlm","RQR","lower",0.903413645014308,0.0540802818715395,-0.488342333084898,0.159597680578949,0.740233593261348,0.152689253499835,0.351777690736191
"dlm","RQR","lower",0.909040530537964,0.050751325611355,-0.488342333084898,0.159597680578949,0.740233593261348,0.152689253499835,0.351777690736191
"dlm","RQR","lower",0.91466741606162,0.0475464146576998,-0.488342333084898,0.159597680578949,0.740233593261348,0.152689253499835,0.351777690736191
"dlm","RQR","lower",0.920294301585276,0.0444898653243585,-0.488342333084898,0.159597680578949,0.740233593261348,0.152689253499835,0.351777690736191
"dlm","RQR","lower",0.925921187108932,0.0416372845653018,-0.488342333084898,0.159597680578949,0.740233593261348,0.152689253499835,0.351777690736191
"dlm","RQR","lower",0.931548072632588,0.0390391810622229,-0.488342333084898,0.159597680578949,0.740233593261348,0.152689253499835,0.351777690736191
"dlm","RQR","lower",0.937174958156244,0.0366718356596155,-0.488342333084898,0.159597680578949,0.740233593261348,0.152689253499835,0.351777690736191
"dlm","RQR","lower",0.9428018436799,0.0344572771958621,-0.488342333084898,0.159597680578949,0.740233593261348,0.152689253499835,0.351777690736191
"dlm","RQR","lower",0.948428729203556,0.032343592631088,-0.488342333084898,0.159597680578949,0.740233593261348,0.152689253499835,0.351777690736191
"dlm","RQR","lower",0.954055614727212,0.0303326096107794,-0.488342333084898,0.159597680578949,0.740233593261348,0.152689253499835,0.351777690736191
"dlm","RQR","lower",0.959682500250868,0.0284487966289693,-0.488342333084898,0.159597680578949,0.740233593261348,0.152689253499835,0.351777690736191
"dlm","RQR","lower",0.965309385774523,0.0267094987280652,-0.488342333084898,0.159597680578949,0.740233593261348,0.152689253499835,0.351777690736191
"dlm","RQR","lower",0.970936271298179,0.0250982655384252,-0.488342333084898,0.159597680578949,0.740233593261348,0.152689253499835,0.351777690736191
"dlm","RQR","lower",0.976563156821835,0.0235529638533847,-0.488342333084898,0.159597680578949,0.740233593261348,0.152689253499835,0.351777690736191
"dlm","RQR","lower",0.982190042345491,0.0220035447995592,-0.488342333084898,0.159597680578949,0.740233593261348,0.152689253499835,0.351777690736191
"dlm","RQR","lower",0.987816927869147,0.0204268314985704,-0.488342333084898,0.159597680578949,0.740233593261348,0.152689253499835,0.351777690736191
"dlm","RQR","lower",0.993443813392803,0.0188533745711535,-0.488342333084898,0.159597680578949,0.740233593261348,0.152689253499835,0.351777690736191
"dlm","RQR","lower",0.999070698916459,0.0173333130354312,-0.488342333084898,0.159597680578949,0.740233593261348,0.152689253499835,0.351777690736191
"dlm","RQR","lower",1.00469758444012,0.0159124230141514,-0.488342333084898,0.159597680578949,0.740233593261348,0.152689253499835,0.351777690736191
"dlm","RQR","lower",1.01032446996377,0.0146240108963062,-0.488342333084898,0.159597680578949,0.740233593261348,0.152689253499835,0.351777690736191
"dlm","RQR","lower",1.01595135548743,0.013476701344212,-0.488342333084898,0.159597680578949,0.740233593261348,0.152689253499835,0.351777690736191
"dlm","RQR","lower",1.02157824101108,0.012445884624177,-0.488342333084898,0.159597680578949,0.740233593261348,0.152689253499835,0.351777690736191
"dlm","RQR","lower",1.02720512653474,0.011492100699127,-0.488342333084898,0.159597680578949,0.740233593261348,0.152689253499835,0.351777690736191
"dlm","RQR","lower",1.03283201205839,0.0105919250781994,-0.488342333084898,0.159597680578949,0.740233593261348,0.152689253499835,0.351777690736191
"dlm","RQR","lower",1.03845889758205,0.00973558717294972,-0.488342333084898,0.159597680578949,0.740233593261348,0.152689253499835,0.351777690736191
"dlm","RQR","lower",1.04408578310571,0.00890567338219551,-0.488342333084898,0.159597680578949,0.740233593261348,0.152689253499835,0.351777690736191
"dlm","RQR","lower",1.04971266862936,0.00809571696772479,-0.488342333084898,0.159597680578949,0.740233593261348,0.152689253499835,0.351777690736191
"dlm","RQR","lower",1.05533955415302,0.00734398057059106,-0.488342333084898,0.159597680578949,0.740233593261348,0.152689253499835,0.351777690736191
"dlm","RQR","lower",1.06096643967667,0.00670798330950271,-0.488342333084898,0.159597680578949,0.740233593261348,0.152689253499835,0.351777690736191
"dlm","RQR","lower",1.06659332520033,0.00620068562949156,-0.488342333084898,0.159597680578949,0.740233593261348,0.152689253499835,0.351777690736191
"dlm","RQR","lower",1.07222021072399,0.00577285607764537,-0.488342333084898,0.159597680578949,0.740233593261348,0.152689253499835,0.351777690736191
"dlm","RQR","lower",1.07784709624764,0.00535918235918233,-0.488342333084898,0.159597680578949,0.740233593261348,0.152689253499835,0.351777690736191
"dlm","RQR","lower",1.0834739817713,0.00493148824952461,-0.488342333084898,0.159597680578949,0.740233593261348,0.152689253499835,0.351777690736191
"dlm","RQR","lower",1.08910086729495,0.004506668645644,-0.488342333084898,0.159597680578949,0.740233593261348,0.152689253499835,0.351777690736191
"dlm","RQR","lower",1.09472775281861,0.00411451767866754,-0.488342333084898,0.159597680578949,0.740233593261348,0.152689253499835,0.351777690736191
"dlm","RQR","lower",1.10035463834227,0.00376909162474361,-0.488342333084898,0.159597680578949,0.740233593261348,0.152689253499835,0.351777690736191
"dlm","RQR","lower",1.10598152386592,0.00346390166621186,-0.488342333084898,0.159597680578949,0.740233593261348,0.152689253499835,0.351777690736191
"dlm","RQR","lower",1.11160840938958,0.00318401727206536,-0.488342333084898,0.159597680578949,0.740233593261348,0.152689253499835,0.351777690736191
"dlm","RQR","lower",1.11723529491323,0.00292043881198805,-0.488342333084898,0.159597680578949,0.740233593261348,0.152689253499835,0.351777690736191
"dlm","RQR","lower",1.12286218043689,0.00266858022031622,-0.488342333084898,0.159597680578949,0.740233593261348,0.152689253499835,0.351777690736191
"dlm","RQR","lower",1.12848906596055,0.00242328994592772,-0.488342333084898,0.159597680578949,0.740233593261348,0.152689253499835,0.351777690736191
"dlm","RQR","lower",1.1341159514842,0.00218699035061201,-0.488342333084898,0.159597680578949,0.740233593261348,0.152689253499835,0.351777690736191
"dlm","RQR","lower",1.13974283700786,0.0019672967537553,-0.488342333084898,0.159597680578949,0.740233593261348,0.152689253499835,0.351777690736191
"dlm","RQR","lower",1.14536972253151,0.00176176983095286,-0.488342333084898,0.159597680578949,0.740233593261348,0.152689253499835,0.351777690736191
"dlm","RQR","lower",1.15099660805517,0.00156100350193663,-0.488342333084898,0.159597680578949,0.740233593261348,0.152689253499835,0.351777690736191
"dlm","RQR","lower",1.15662349357883,0.00136696765514572,-0.488342333084898,0.159597680578949,0.740233593261348,0.152689253499835,0.351777690736191
"dlm","RQR","lower",1.16225037910248,0.00119451257500697,-0.488342333084898,0.159597680578949,0.740233593261348,0.152689253499835,0.351777690736191
"dlm","RQR","lower",1.16787726462614,0.00105349333127342,-0.488342333084898,0.159597680578949,0.740233593261348,0.152689253499835,0.351777690736191
"dlm","RQR","lower",1.17350415014979,0.000940539237104256,-0.488342333084898,0.159597680578949,0.740233593261348,0.152689253499835,0.351777690736191
"dlm","RQR","lower",1.17913103567345,0.000847597324403265,-0.488342333084898,0.159597680578949,0.740233593261348,0.152689253499835,0.351777690736191
"dlm","RQR","lower",1.1847579211971,0.00076773822592728,-0.488342333084898,0.159597680578949,0.740233593261348,0.152689253499835,0.351777690736191
"dlm","RQR","lower",1.19038480672076,0.000695617985451754,-0.488342333084898,0.159597680578949,0.740233593261348,0.152689253499835,0.351777690736191
"dlm","RQR","lower",1.19601169224442,0.000630847065811955,-0.488342333084898,0.159597680578949,0.740233593261348,0.152689253499835,0.351777690736191
"dlm","RQR","lower",1.20163857776807,0.000577218779648179,-0.488342333084898,0.159597680578949,0.740233593261348,0.152689253499835,0.351777690736191
"dlm","RQR","lower",1.20726546329173,0.000534864810122061,-0.488342333084898,0.159597680578949,0.740233593261348,0.152689253499835,0.351777690736191
"dlm","RQR","lower",1.21289234881538,0.000498526765130454,-0.488342333084898,0.159597680578949,0.740233593261348,0.152689253499835,0.351777690736191
"dlm","RQR","lower",1.21851923433904,0.000465963138333503,-0.488342333084898,0.159597680578949,0.740233593261348,0.152689253499835,0.351777690736191
"dlm","RQR","lower",1.2241461198627,0.000440965671026018,-0.488342333084898,0.159597680578949,0.740233593261348,0.152689253499835,0.351777690736191
"dlm","RQR","lower",1.22977300538635,0.000424953128506825,-0.488342333084898,0.159597680578949,0.740233593261348,0.152689253499835,0.351777690736191
"dlm","RQR","lower",1.23539989091001,0.000412272293854635,-0.488342333084898,0.159597680578949,0.740233593261348,0.152689253499835,0.351777690736191
"dlm","RQR","lower",1.24102677643366,0.00039632508952941,-0.488342333084898,0.159597680578949,0.740233593261348,0.152689253499835,0.351777690736191
"dlm","RQR","lower",1.24665366195732,0.000374511557306227,-0.488342333084898,0.159597680578949,0.740233593261348,0.152689253499835,0.351777690736191
"dlm","RQR","lower",1.25228054748098,0.000346090704826547,-0.488342333084898,0.159597680578949,0.740233593261348,0.152689253499835,0.351777690736191
"dlm","RQR","lower",1.25790743300463,0.000311429120044193,-0.488342333084898,0.159597680578949,0.740233593261348,0.152689253499835,0.351777690736191
"dlm","RQR","lower",1.26353431852829,0.000274413430619761,-0.488342333084898,0.159597680578949,0.740233593261348,0.152689253499835,0.351777690736191
"dlm","RQR","lower",1.26916120405194,0.000240595372480711,-0.488342333084898,0.159597680578949,0.740233593261348,0.152689253499835,0.351777690736191
"dlm","RQR","lower",1.2747880895756,0.000212117276603987,-0.488342333084898,0.159597680578949,0.740233593261348,0.152689253499835,0.351777690736191
"dlm","RQR","lower",1.28041497509926,0.000186943565872462,-0.488342333084898,0.159597680578949,0.740233593261348,0.152689253499835,0.351777690736191
"dlm","RQR","lower",1.28604186062291,0.000162061123856669,-0.488342333084898,0.159597680578949,0.740233593261348,0.152689253499835,0.351777690736191
"dlm","RQR","lower",1.29166874614657,0.000135906525800019,-0.488342333084898,0.159597680578949,0.740233593261348,0.152689253499835,0.351777690736191
"dlm","RQR","lower",1.29729563167022,0.000109596212896673,-0.488342333084898,0.159597680578949,0.740233593261348,0.152689253499835,0.351777690736191
"dlm","RQR","lower",1.30292251719388,8.67817715560089e-05,-0.488342333084898,0.159597680578949,0.740233593261348,0.152689253499835,0.351777690736191
"dlm","RQR","lower",1.30854940271754,7.05539385677437e-05,-0.488342333084898,0.159597680578949,0.740233593261348,0.152689253499835,0.351777690736191
"dlm","RQR","lower",1.31417628824119,6.03321908117398e-05,-0.488342333084898,0.159597680578949,0.740233593261348,0.152689253499835,0.351777690736191
"dlm","RQR","lower",1.31980317376485,5.29571137736792e-05,-0.488342333084898,0.159597680578949,0.740233593261348,0.152689253499835,0.351777690736191
"dlm","RQR","lower",1.3254300592885,4.60112042991371e-05,-0.488342333084898,0.159597680578949,0.740233593261348,0.152689253499835,0.351777690736191
"dlm","RQR","lower",1.33105694481216,3.91340160520674e-05,-0.488342333084898,0.159597680578949,0.740233593261348,0.152689253499835,0.351777690736191
"dlm","RQR","lower",1.33668383033581,3.29127810677768e-05,-0.488342333084898,0.159597680578949,0.740233593261348,0.152689253499835,0.351777690736191
"dlm","RQR","lower",1.34231071585947,2.74186509109871e-05,-0.488342333084898,0.159597680578949,0.740233593261348,0.152689253499835,0.351777690736191
"dlm","RQR","lower",1.34793760138313,2.22360572940941e-05,-0.488342333084898,0.159597680578949,0.740233593261348,0.152689253499835,0.351777690736191
"dlm","RQR","lower",1.35356448690678,1.7428348233688e-05,-0.488342333084898,0.159597680578949,0.740233593261348,0.152689253499835,0.351777690736191
"dlm","RQR","lower",1.35919137243044,1.33433240981334e-05,-0.488342333084898,0.159597680578949,0.740233593261348,0.152689253499835,0.351777690736191
"dlm","RQR","lower",1.36481825795409,9.87499376782742e-06,-0.488342333084898,0.159597680578949,0.740233593261348,0.152689253499835,0.351777690736191
"dlm","RQR","lower",1.37044514347775,6.81203788370453e-06,-0.488342333084898,0.159597680578949,0.740233593261348,0.152689253499835,0.351777690736191
"dlm","RQR","lower",1.37607202900141,4.34383946987394e-06,-0.488342333084898,0.159597680578949,0.740233593261348,0.152689253499835,0.351777690736191
"dlm","RQR","lower",1.38169891452506,2.66470722959758e-06,-0.488342333084898,0.159597680578949,0.740233593261348,0.152689253499835,0.351777690736191
"dlm","RQR","lower",1.38732580004872,1.57776865238038e-06,-0.488342333084898,0.159597680578949,0.740233593261348,0.152689253499835,0.351777690736191
"dlm","RQR","lower",1.39295268557237,8.2290196349424e-07,-0.488342333084898,0.159597680578949,0.740233593261348,0.152689253499835,0.351777690736191
"dlm","RQR","lower",1.39857957109603,3.40009334884393e-07,-0.488342333084898,0.159597680578949,0.740233593261348,0.152689253499835,0.351777690736191
"dlm","RQR","lower",1.40420645661969,1.05760622923443e-07,-0.488342333084898,0.159597680578949,0.740233593261348,0.152689253499835,0.351777690736191
"dlm","RQR","lower",1.40983334214334,2.43576918328658e-08,-0.488342333084898,0.159597680578949,0.740233593261348,0.152689253499835,0.351777690736191
"dlm","RQR","upper",-0.379036374998144,1.19724022929232e-07,-0.1449906293567,0.0249443770618697,0.248229665116235,0.0317752921337576,0.104788407917561
"dlm","RQR","upper",-0.37684657902676,8.62188580152014e-07,-0.1449906293567,0.0249443770618697,0.248229665116235,0.0317752921337576,0.104788407917561
"dlm","RQR","upper",-0.374656783055376,3.79415405053922e-06,-0.1449906293567,0.0249443770618697,0.248229665116235,0.0317752921337576,0.104788407917561
"dlm","RQR","upper",-0.372466987083992,1.11006272557688e-05,-0.1449906293567,0.0249443770618697,0.248229665116235,0.0317752921337576,0.104788407917561
"dlm","RQR","upper",-0.370277191112609,2.39796434312458e-05,-0.1449906293567,0.0249443770618697,0.248229665116235,0.0317752921337576,0.104788407917561
"dlm","RQR","upper",-0.368087395141225,4.18545909837335e-05,-0.1449906293567,0.0249443770618697,0.248229665116235,0.0317752921337576,0.104788407917561
"dlm","RQR","upper",-0.365897599169841,6.08059663946811e-05,-0.1449906293567,0.0249443770618697,0.248229665116235,0.0317752921337576,0.104788407917561
"dlm","RQR","upper",-0.363707803198457,7.44253313887994e-05,-0.1449906293567,0.0249443770618697,0.248229665116235,0.0317752921337576,0.104788407917561
"dlm","RQR","upper",-0.361518007227073,8.03361962230641e-05,-0.1449906293567,0.0249443770618697,0.248229665116235,0.0317752921337576,0.104788407917561
"dlm","RQR","upper",-0.359328211255689,8.07187034598782e-05,-0.1449906293567,0.0249443770618697,0.248229665116235,0.0317752921337576,0.104788407917561
"dlm","RQR","upper",-0.357138415284305,7.75683888105717e-05,-0.1449906293567,0.0249443770618697,0.248229665116235,0.0317752921337576,0.104788407917561
"dlm","RQR","upper",-0.354948619312921,7.36491651929144e-05,-0.1449906293567,0.0249443770618697,0.248229665116235,0.0317752921337576,0.104788407917561
"dlm","RQR","upper",-0.352758823341537,7.41013363844532e-05,-0.1449906293567,0.0249443770618697,0.248229665116235,0.0317752921337576,0.104788407917561
"dlm","RQR","upper",-0.350569027370153,8.21786315617774e-05,-0.1449906293567,0.0249443770618697,0.248229665116235,0.0317752921337576,0.104788407917561
"dlm","RQR","upper",-0.348379231398769,9.92094288998834e-05,-0.1449906293567,0.0249443770618697,0.248229665116235,0.0317752921337576,0.104788407917561
"dlm","RQR","upper",-0.346189435427385,0.000125042582455351,-0.1449906293567,0.0249443770618697,0.248229665116235,0.0317752921337576,0.104788407917561
"dlm","RQR","upper",-0.343999639456001,0.000154628320887912,-0.1449906293567,0.0249443770618697,0.248229665116235,0.0317752921337576,0.104788407917561
"dlm","RQR","upper",-0.341809843484617,0.000183194177721332,-0.1449906293567,0.0249443770618697,0.248229665116235,0.0317752921337576,0.104788407917561
"dlm","RQR","upper",-0.339620047513233,0.000212215740117712,-0.1449906293567,0.0249443770618697,0.248229665116235,0.0317752921337576,0.104788407917561
"dlm","RQR","upper",-0.337430251541849,0.000247560541664922,-0.1449906293567,0.0249443770618697,0.248229665116235,0.0317752921337576,0.104788407917561
"dlm","RQR","upper",-0.335240455570465,0.000291766146570865,-0.1449906293567,0.0249443770618697,0.248229665116235,0.0317752921337576,0.104788407917561
"dlm","RQR","upper",-0.333050659599081,0.000333490225826932,-0.1449906293567,0.0249443770618697,0.248229665116235,0.0317752921337576,0.104788407917561
"dlm","RQR","upper",-0.330860863627698,0.000360053456705212,-0.1449906293567,0.0249443770618697,0.248229665116235,0.0317752921337576,0.104788407917561
"dlm","RQR","upper",-0.328671067656314,0.000384734281286241,-0.1449906293567,0.0249443770618697,0.248229665116235,0.0317752921337576,0.104788407917561
"dlm","RQR","upper",-0.32648127168493,0.000437347492774725,-0.1449906293567,0.0249443770618697,0.248229665116235,0.0317752921337576,0.104788407917561
"dlm","RQR","upper",-0.324291475713546,0.000525226208622583,-0.1449906293567,0.0249443770618697,0.248229665116235,0.0317752921337576,0.104788407917561
"dlm","RQR","upper",-0.322101679742162,0.000616343139212571,-0.1449906293567,0.0249443770618697,0.248229665116235,0.0317752921337576,0.104788407917561
"dlm","RQR","upper",-0.319911883770778,0.000672548815084973,-0.1449906293567,0.0249443770618697,0.248229665116235,0.0317752921337576,0.104788407917561
"dlm","RQR","upper",-0.317722087799394,0.000701923929537478,-0.1449906293567,0.0249443770618697,0.248229665116235,0.0317752921337576,0.104788407917561
"dlm","RQR","upper",-0.31553229182801,0.000754797290665996,-0.1449906293567,0.0249443770618697,0.248229665116235,0.0317752921337576,0.104788407917561
"dlm","RQR","upper",-0.313342495856626,0.000859200735422658,-0.1449906293567,0.0249443770618697,0.248229665116235,0.0317752921337576,0.104788407917561
"dlm","RQR","upper",-0.311152699885242,0.000981663556206895,-0.1449906293567,0.0249443770618697,0.248229665116235,0.0317752921337576,0.104788407917561
"dlm","RQR","upper",-0.308962903913858,0.00107649828100492,-0.1449906293567,0.0249443770618697,0.248229665116235,0.0317752921337576,0.104788407917561
"dlm","RQR","upper",-0.306773107942474,0.00115918099375976,-0.1449906293567,0.0249443770618697,0.248229665116235,0.0317752921337576,0.104788407917561
"dlm","RQR","upper",-0.30458331197109,0.00129052487624372,-0.1449906293567,0.0249443770618697,0.248229665116235,0.0317752921337576,0.104788407917561
"dlm","RQR","upper",-0.302393515999706,0.00149385370564895,-0.1449906293567,0.0249443770618697,0.248229665116235,0.0317752921337576,0.104788407917561
"dlm","RQR","upper",-0.300203720028322,0.00172632064139171,-0.1449906293567,0.0249443770618697,0.248229665116235,0.0317752921337576,0.104788407917561
"dlm","RQR","upper",-0.298013924056938,0.00194175366953334,-0.1449906293567,0.0249443770618697,0.248229665116235,0.0317752921337576,0.104788407917561
"dlm","RQR","upper",-0.295824128085554,0.00215558662397087,-0.1449906293567,0.0249443770618697,0.248229665116235,0.0317752921337576,0.104788407917561
"dlm","RQR","upper",-0.29363433211417,0.00242623170746243,-0.1449906293567,0.0249443770618697,0.248229665116235,0.0317752921337576,0.104788407917561
"dlm","RQR","upper",-0.291444536142786,0.00277233086185504,-0.1449906293567,0.0249443770618697,0.248229665116235,0.0317752921337576,0.104788407917561
"dlm","RQR","upper",-0.289254740171403,0.00316081400043106,-0.1449906293567,0.0249443770618697,0.248229665116235,0.0317752921337576,0.104788407917561
"dlm","RQR","upper",-0.287064944200019,0.00360349743828264,-0.1449906293567,0.0249443770618697,0.248229665116235,0.0317752921337576,0.104788407917561
"dlm","RQR","upper",-0.284875148228635,0.00412010614769773,-0.1449906293567,0.0249443770618697,0.248229665116235,0.0317752921337576,0.104788407917561
"dlm","RQR","upper",-0.282685352257251,0.00464957558197254,-0.1449906293567,0.0249443770618697,0.248229665116235,0.0317752921337576,0.104788407917561
"dlm","RQR","upper",-0.280495556285867,0.0051511026205818,-0.1449906293567,0.0249443770618697,0.248229665116235,0.0317752921337576,0.104788407917561
"dlm","RQR","upper",-0.278305760314483,0.00563698821810493,-0.1449906293567,0.0249443770618697,0.248229665116235,0.0317752921337576,0.104788407917561
"dlm","RQR","upper",-0.276115964343099,0.0061409271445516,-0.1449906293567,0.0249443770618697,0.248229665116235,0.0317752921337576,0.104788407917561
"dlm","RQR","upper",-0.273926168371715,0.00676064916086539,-0.1449906293567,0.0249443770618697,0.248229665116235,0.0317752921337576,0.104788407917561
"dlm","RQR","upper",-0.271736372400331,0.00755231998910637,-0.1449906293567,0.0249443770618697,0.248229665116235,0.0317752921337576,0.104788407917561
"dlm","RQR","upper",-0.269546576428947,0.00846180849681261,-0.1449906293567,0.0249443770618697,0.248229665116235,0.0317752921337576,0.104788407917561
"dlm","RQR","upper",-0.267356780457563,0.00943511917174976,-0.1449906293567,0.0249443770618697,0.248229665116235,0.0317752921337576,0.104788407917561
"dlm","RQR","upper",-0.265166984486179,0.0104706001425132,-0.1449906293567,0.0249443770618697,0.248229665116235,0.0317752921337576,0.104788407917561
"dlm","RQR","upper",-0.262977188514795,0.0116277315344712,-0.1449906293567,0.0249443770618697,0.248229665116235,0.0317752921337576,0.104788407917561
"dlm","RQR","upper",-0.260787392543411,0.0129484719296716,-0.1449906293567,0.0249443770618697,0.248229665116235,0.0317752921337576,0.104788407917561
"dlm","RQR","upper",-0.258597596572027,0.0144023012626797,-0.1449906293567,0.0249443770618697,0.248229665116235,0.0317752921337576,0.104788407917561
"dlm","RQR","upper",-0.256407800600643,0.0159209698128577,-0.1449906293567,0.0249443770618697,0.248229665116235,0.0317752921337576,0.104788407917561
"dlm","RQR","upper",-0.254218004629259,0.0175056296898916,-0.1449906293567,0.0249443770618697,0.248229665116235,0.0317752921337576,0.104788407917561
"dlm","RQR","upper",-0.252028208657875,0.0192536882727324,-0.1449906293567,0.0249443770618697,0.248229665116235,0.0317752921337576,0.104788407917561
"dlm","RQR","upper",-0.249838412686491,0.0212542891791822,-0.1449906293567,0.0249443770618697,0.248229665116235,0.0317752921337576,0.104788407917561
"dlm","RQR","upper",-0.247648616715108,0.0235363417109625,-0.1449906293567,0.0249443770618697,0.248229665116235,0.0317752921337576,0.104788407917561
"dlm","RQR","upper",-0.245458820743724,0.0260668975477974,-0.1449906293567,0.0249443770618697,0.248229665116235,0.0317752921337576,0.104788407917561
"dlm","RQR","upper",-0.24326902477234,0.0287692127724274,-0.1449906293567,0.0249443770618697,0.248229665116235,0.0317752921337576,0.104788407917561
"dlm","RQR","upper",-0.241079228800956,0.0316057379308772,-0.1449906293567,0.0249443770618697,0.248229665116235,0.0317752921337576,0.104788407917561
"dlm","RQR","upper",-0.238889432829572,0.0346070535040325,-0.1449906293567,0.0249443770618697,0.248229665116235,0.0317752921337576,0.104788407917561
"dlm","RQR","upper",-0.236699636858188,0.0378131637992206,-0.1449906293567,0.0249443770618697,0.248229665116235,0.0317752921337576,0.104788407917561
"dlm","RQR","upper",-0.234509840886804,0.0412665346887475,-0.1449906293567,0.0249443770618697,0.248229665116235,0.0317752921337576,0.104788407917561
"dlm","RQR","upper",-0.23232004491542,0.0450604507477619,-0.1449906293567,0.0249443770618697,0.248229665116235,0.0317752921337576,0.104788407917561
"dlm","RQR","upper",-0.230130248944036,0.0492840900558276,-0.1449906293567,0.0249443770618697,0.248229665116235,0.0317752921337576,0.104788407917561
"dlm","RQR","upper",-0.227940452972652,0.0538974407849809,-0.1449906293567,0.0249443770618697,0.248229665116235,0.0317752921337576,0.104788407917561
"dlm","RQR","upper",-0.225750657001268,0.0587488449409973,-0.1449906293567,0.0249443770618697,0.248229665116235,0.0317752921337576,0.104788407917561
"dlm","RQR","upper",-0.223560861029884,0.0638443614845854,-0.1449906293567,0.0249443770618697,0.248229665116235,0.0317752921337576,0.104788407917561
"dlm","RQR","upper",-0.2213710650585,0.0694335544797722,-0.1449906293567,0.0249443770618697,0.248229665116235,0.0317752921337576,0.104788407917561
"dlm","RQR","upper",-0.219181269087116,0.0756249013247859,-0.1449906293567,0.0249443770618697,0.248229665116235,0.0317752921337576,0.104788407917561
"dlm","RQR","upper",-0.216991473115732,0.082217492435189,-0.1449906293567,0.0249443770618697,0.248229665116235,0.0317752921337576,0.104788407917561
"dlm","RQR","upper",-0.214801677144348,0.0890959544853544,-0.1449906293567,0.0249443770618697,0.248229665116235,0.0317752921337576,0.104788407917561
"dlm","RQR","upper",-0.212611881172964,0.0965176656771946,-0.1449906293567,0.0249443770618697,0.248229665116235,0.0317752921337576,0.104788407917561
"dlm","RQR","upper",-0.21042208520158,0.104805993359409,-0.1449906293567,0.0249443770618697,0.248229665116235,0.0317752921337576,0.104788407917561
"dlm","RQR","upper",-0.208232289230197,0.113823377505885,-0.1449906293567,0.0249443770618697,0.248229665116235,0.0317752921337576,0.104788407917561
"dlm","RQR","upper",-0.206042493258813,0.123077945831872,-0.1449906293567,0.0249443770618697,0.248229665116235,0.0317752921337576,0.104788407917561
"dlm","RQR","upper",-0.203852697287429,0.132388443784233,-0.1449906293567,0.0249443770618697,0.248229665116235,0.0317752921337576,0.104788407917561
"dlm","RQR","upper",-0.201662901316045,0.142036142409643,-0.1449906293567,0.0249443770618697,0.248229665116235,0.0317752921337576,0.104788407917561
"dlm","RQR","upper",-0.199473105344661,0.152322189887235,-0.1449906293567,0.0249443770618697,0.248229665116235,0.0317752921337576,0.104788407917561
"dlm","RQR","upper",-0.197283309373277,0.163399291286425,-0.1449906293567,0.0249443770618697,0.248229665116235,0.0317752921337576,0.104788407917561
"dlm","RQR","upper",-0.195093513401893,0.175397821183729,-0.1449906293567,0.0249443770618697,0.248229665116235,0.0317752921337576,0.104788407917561
"dlm","RQR","upper",-0.192903717430509,0.18850300503642,-0.1449906293567,0.0249443770618697,0.248229665116235,0.0317752921337576,0.104788407917561
"dlm","RQR","upper",-0.190713921459125,0.202860510243398,-0.1449906293567,0.0249443770618697,0.248229665116235,0.0317752921337576,0.104788407917561
"dlm","RQR","upper",-0.188524125487741,0.218384158292657,-0.1449906293567,0.0249443770618697,0.248229665116235,0.0317752921337576,0.104788407917561
"dlm","RQR","upper",-0.186334329516357,0.234920573982559,-0.1449906293567,0.0249443770618697,0.248229665116235,0.0317752921337576,0.104788407917561
"dlm","RQR","upper",-0.184144533544973,0.252380707862164,-0.1449906293567,0.0249443770618697,0.248229665116235,0.0317752921337576,0.104788407917561
"dlm","RQR","upper",-0.181954737573589,0.270768615387191,-0.1449906293567,0.0249443770618697,0.248229665116235,0.0317752921337576,0.104788407917561
"dlm","RQR","upper",-0.179764941602205,0.290107692725002,-0.1449906293567,0.0249443770618697,0.248229665116235,0.0317752921337576,0.104788407917561
"dlm","RQR","upper",-0.177575145630821,0.310044958742132,-0.1449906293567,0.0249443770618697,0.248229665116235,0.0317752921337576,0.104788407917561
"dlm","RQR","upper",-0.175385349659437,0.330153510455804,-0.1449906293567,0.0249443770618697,0.248229665116235,0.0317752921337576,0.104788407917561
"dlm","RQR","upper",-0.173195553688053,0.350760410960367,-0.1449906293567,0.0249443770618697,0.248229665116235,0.0317752921337576,0.104788407917561
"dlm","RQR","upper",-0.171005757716669,0.372615621364654,-0.1449906293567,0.0249443770618697,0.248229665116235,0.0317752921337576,0.104788407917561
"dlm","RQR","upper",-0.168815961745285,0.39627971272552,-0.1449906293567,0.0249443770618697,0.248229665116235,0.0317752921337576,0.104788407917561
"dlm","RQR","upper",-0.166626165773902,0.421937151690994,-0.1449906293567,0.0249443770618697,0.248229665116235,0.0317752921337576,0.104788407917561
"dlm","RQR","upper",-0.164436369802518,0.448807788920019,-0.1449906293567,0.0249443770618697,0.248229665116235,0.0317752921337576,0.104788407917561
"dlm","RQR","upper",-0.162246573831134,0.475971748926646,-0.1449906293567,0.0249443770618697,0.248229665116235,0.0317752921337576,0.104788407917561
"dlm","RQR","upper",-0.16005677785975,0.503826466527731,-0.1449906293567,0.0249443770618697,0.248229665116235,0.0317752921337576,0.104788407917561
"dlm","RQR","upper",-0.157866981888366,0.533029420791667,-0.1449906293567,0.0249443770618697,0.248229665116235,0.0317752921337576,0.104788407917561
"dlm","RQR","upper",-0.155677185916982,0.563203185883028,-0.1449906293567,0.0249443770618697,0.248229665116235,0.0317752921337576,0.104788407917561
"dlm","RQR","upper",-0.153487389945598,0.59434583937962,-0.1449906293567,0.0249443770618697,0.248229665116235,0.0317752921337576,0.104788407917561
"dlm","RQR","upper",-0.151297593974214,0.627250753733764,-0.1449906293567,0.0249443770618697,0.248229665116235,0.0317752921337576,0.104788407917561
"dlm","RQR","upper",-0.14910779800283,0.662259488706916,-0.1449906293567,0.0249443770618697,0.248229665116235,0.0317752921337576,0.104788407917561
"dlm","RQR","upper",-0.146918002031446,0.699287520385442,-0.1449906293567,0.0249443770618697,0.248229665116235,0.0317752921337576,0.104788407917561
"dlm","RQR","upper",-0.144728206060062,0.737931214836874,-0.1449906293567,0.0249443770618697,0.248229665116235,0.0317752921337576,0.104788407917561
"dlm","RQR","upper",-0.142538410088678,0.777593099375614,-0.1449906293567,0.0249443770618697,0.248229665116235,0.0317752921337576,0.104788407917561
"dlm","RQR","upper",-0.140348614117294,0.817817576132357,-0.1449906293567,0.0249443770618697,0.248229665116235,0.0317752921337576,0.104788407917561
"dlm","RQR","upper",-0.13815881814591,0.858574186020847,-0.1449906293567,0.0249443770618697,0.248229665116235,0.0317752921337576,0.104788407917561
"dlm","RQR","upper",-0.135969022174526,0.900436465088373,-0.1449906293567,0.0249443770618697,0.248229665116235,0.0317752921337576,0.104788407917561
"dlm","RQR","upper",-0.133779226203142,0.943943520009637,-0.1449906293567,0.0249443770618697,0.248229665116235,0.0317752921337576,0.104788407917561
"dlm","RQR","upper",-0.131589430231758,0.989146025991399,-0.1449906293567,0.0249443770618697,0.248229665116235,0.0317752921337576,0.104788407917561
"dlm","RQR","upper",-0.129399634260374,1.0366147916395,-0.1449906293567,0.0249443770618697,0.248229665116235,0.0317752921337576,0.104788407917561
"dlm","RQR","upper",-0.127209838288991,1.08714108463971,-0.1449906293567,0.0249443770618697,0.248229665116235,0.0317752921337576,0.104788407917561
"dlm","RQR","upper",-0.125020042317607,1.13990987602357,-0.1449906293567,0.0249443770618697,0.248229665116235,0.0317752921337576,0.104788407917561
"dlm","RQR","upper",-0.122830246346223,1.19321012826798,-0.1449906293567,0.0249443770618697,0.248229665116235,0.0317752921337576,0.104788407917561
"dlm","RQR","upper",-0.120640450374839,1.24657943117033,-0.1449906293567,0.0249443770618697,0.248229665116235,0.0317752921337576,0.104788407917561
"dlm","RQR","upper",-0.118450654403455,1.30065533311396,-0.1449906293567,0.0249443770618697,0.248229665116235,0.0317752921337576,0.104788407917561
"dlm","RQR","upper",-0.116260858432071,1.3555311925549,-0.1449906293567,0.0249443770618697,0.248229665116235,0.0317752921337576,0.104788407917561
"dlm","RQR","upper",-0.114071062460687,1.41102083724108,-0.1449906293567,0.0249443770618697,0.248229665116235,0.0317752921337576,0.104788407917561
"dlm","RQR","upper",-0.111881266489303,1.46784342205828,-0.1449906293567,0.0249443770618697,0.248229665116235,0.0317752921337576,0.104788407917561
"dlm","RQR","upper",-0.109691470517919,1.52652644746387,-0.1449906293567,0.0249443770618697,0.248229665116235,0.0317752921337576,0.104788407917561
"dlm","RQR","upper",-0.107501674546535,1.58624422606485,-0.1449906293567,0.0249443770618697,0.248229665116235,0.0317752921337576,0.104788407917561
"dlm","RQR","upper",-0.105311878575151,1.64620288330238,-0.1449906293567,0.0249443770618697,0.248229665116235,0.0317752921337576,0.104788407917561
"dlm","RQR","upper",-0.103122082603767,1.70661535668329,-0.1449906293567,0.0249443770618697,0.248229665116235,0.0317752921337576,0.104788407917561
"dlm","RQR","upper",-0.100932286632383,1.76770681461564,-0.1449906293567,0.0249443770618697,0.248229665116235,0.0317752921337576,0.104788407917561
"dlm","RQR","upper",-0.0987424906609992,1.82960878293617,-0.1449906293567,0.0249443770618697,0.248229665116235,0.0317752921337576,0.104788407917561
"dlm","RQR","upper",-0.0965526946896152,1.89298336589157,-0.1449906293567,0.0249443770618697,0.248229665116235,0.0317752921337576,0.104788407917561
"dlm","RQR","upper",-0.0943628987182313,1.9577344531463,-0.1449906293567,0.0249443770618697,0.248229665116235,0.0317752921337576,0.104788407917561
"dlm","RQR","upper",-0.0921731027468474,2.02221803270178,-0.1449906293567,0.0249443770618697,0.248229665116235,0.0317752921337576,0.104788407917561
"dlm","RQR","upper",-0.0899833067754635,2.08576708601736,-0.1449906293567,0.0249443770618697,0.248229665116235,0.0317752921337576,0.104788407917561
"dlm","RQR","upper",-0.0877935108040795,2.14998469998684,-0.1449906293567,0.0249443770618697,0.248229665116235,0.0317752921337576,0.104788407917561
"dlm","RQR","upper",-0.0856037148326955,2.2158493205341,-0.1449906293567,0.0249443770618697,0.248229665116235,0.0317752921337576,0.104788407917561
"dlm","RQR","upper",-0.0834139188613116,2.28242046210198,-0.1449906293567,0.0249443770618697,0.248229665116235,0.0317752921337576,0.104788407917561
"dlm","RQR","upper",-0.0812241228899276,2.34873771401212,-0.1449906293567,0.0249443770618697,0.248229665116235,0.0317752921337576,0.104788407917561
"dlm","RQR","upper",-0.0790343269185437,2.41465327861581,-0.1449906293567,0.0249443770618697,0.248229665116235,0.0317752921337576,0.104788407917561
"dlm","RQR","upper",-0.0768445309471598,2.48022028507123,-0.1449906293567,0.0249443770618697,0.248229665116235,0.0317752921337576,0.104788407917561
"dlm","RQR","upper",-0.0746547349757758,2.54567051393422,-0.1449906293567,0.0249443770618697,0.248229665116235,0.0317752921337576,0.104788407917561
"dlm","RQR","upper",-0.0724649390043919,2.61177959488819,-0.1449906293567,0.0249443770618697,0.248229665116235,0.0317752921337576,0.104788407917561
"dlm","RQR","upper",-0.0702751430330079,2.67859408768393,-0.1449906293567,0.0249443770618697,0.248229665116235,0.0317752921337576,0.104788407917561
"dlm","RQR","upper",-0.0680853470616239,2.74425874644995,-0.1449906293567,0.0249443770618697,0.248229665116235,0.0317752921337576,0.104788407917561
"dlm","RQR","upper",-0.06589555109024,2.80709308872325,-0.1449906293567,0.0249443770618697,0.248229665116235,0.0317752921337576,0.104788407917561
"dlm","RQR","upper",-0.0637057551188561,2.86813557005501,-0.1449906293567,0.0249443770618697,0.248229665116235,0.0317752921337576,0.104788407917561
"dlm","RQR","upper",-0.0615159591474722,2.92980382057992,-0.1449906293567,0.0249443770618697,0.248229665116235,0.0317752921337576,0.104788407917561
"dlm","RQR","upper",-0.0593261631760882,2.99285124848634,-0.1449906293567,0.0249443770618697,0.248229665116235,0.0317752921337576,0.104788407917561
"dlm","RQR","upper",-0.0571363672047042,3.05660257158853,-0.1449906293567,0.0249443770618697,0.248229665116235,0.0317752921337576,0.104788407917561
"dlm","RQR","upper",-0.0549465712333203,3.12096379668981,-0.1449906293567,0.0249443770618697,0.248229665116235,0.0317752921337576,0.104788407917561
"dlm","RQR","upper",-0.0527567752619363,3.18507312160355,-0.1449906293567,0.0249443770618697,0.248229665116235,0.0317752921337576,0.104788407917561
"dlm","RQR","upper",-0.0505669792905524,3.24641007442042,-0.1449906293567,0.0249443770618697,0.248229665116235,0.0317752921337576,0.104788407917561
"dlm","RQR","upper",-0.0483771833191685,3.30514347816708,-0.1449906293567,0.0249443770618697,0.248229665116235,0.0317752921337576,0.104788407917561
"dlm","RQR","upper",-0.0461873873477845,3.36338711013847,-0.1449906293567,0.0249443770618697,0.248229665116235,0.0317752921337576,0.104788407917561
"dlm","RQR","upper",-0.0439975913764006,3.41989954946023,-0.1449906293567,0.0249443770618697,0.248229665116235,0.0317752921337576,0.104788407917561
"dlm","RQR","upper",-0.0418077954050166,3.47261779257018,-0.1449906293567,0.0249443770618697,0.248229665116235,0.0317752921337576,0.104788407917561
"dlm","RQR","upper",-0.0396179994336327,3.52277717232206,-0.1449906293567,0.0249443770618697,0.248229665116235,0.0317752921337576,0.104788407917561
"dlm","RQR","upper",-0.0374282034622487,3.57265760210801,-0.1449906293567,0.0249443770618697,0.248229665116235,0.0317752921337576,0.104788407917561
"dlm","RQR","upper",-0.0352384074908648,3.62207877429768,-0.1449906293567,0.0249443770618697,0.248229665116235,0.0317752921337576,0.104788407917561
"dlm","RQR","upper",-0.0330486115194809,3.66920043374128,-0.1449906293567,0.0249443770618697,0.248229665116235,0.0317752921337576,0.104788407917561
"dlm","RQR","upper",-0.0308588155480969,3.71349950992922,-0.1449906293567,0.0249443770618697,0.248229665116235,0.0317752921337576,0.104788407917561
"dlm","RQR","upper",-0.0286690195767129,3.75605978563343,-0.1449906293567,0.0249443770618697,0.248229665116235,0.0317752921337576,0.104788407917561
"dlm","RQR","upper",-0.026479223605329,3.79781916778433,-0.1449906293567,0.0249443770618697,0.248229665116235,0.0317752921337576,0.104788407917561
"dlm","RQR","upper",-0.024289427633945,3.83916530178069,-0.1449906293567,0.0249443770618697,0.248229665116235,0.0317752921337576,0.104788407917561
"dlm","RQR","upper",-0.0220996316625611,3.87972184093167,-0.1449906293567,0.0249443770618697,0.248229665116235,0.0317752921337576,0.104788407917561
"dlm","RQR","upper",-0.0199098356911772,3.91798381244653,-0.1449906293567,0.0249443770618697,0.248229665116235,0.0317752921337576,0.104788407917561
"dlm","RQR","upper",-0.0177200397197932,3.95235326583194,-0.1449906293567,0.0249443770618697,0.248229665116235,0.0317752921337576,0.104788407917561
"dlm","RQR","upper",-0.0155302437484093,3.98321361941308,-0.1449906293567,0.0249443770618697,0.248229665116235,0.0317752921337576,0.104788407917561
"dlm","RQR","upper",-0.0133404477770253,4.01246626654982,-0.1449906293567,0.0249443770618697,0.248229665116235,0.0317752921337576,0.104788407917561
"dlm","RQR","upper",-0.0111506518056414,4.04097851918074,-0.1449906293567,0.0249443770618697,0.248229665116235,0.0317752921337576,0.104788407917561
"dlm","RQR","upper",-0.00896085583425743,4.06766376622867,-0.1449906293567,0.0249443770618697,0.248229665116235,0.0317752921337576,0.104788407917561
"dlm","RQR","upper",-0.00677105986287346,4.09090881977316,-0.1449906293567,0.0249443770618697,0.248229665116235,0.0317752921337576,0.104788407917561
"dlm","RQR","upper",-0.00458126389148955,4.1100793782872,-0.1449906293567,0.0249443770618697,0.248229665116235,0.0317752921337576,0.104788407917561
"dlm","RQR","upper",-0.00239146792010558,4.12520860913967,-0.1449906293567,0.0249443770618697,0.248229665116235,0.0317752921337576,0.104788407917561
"dlm","RQR","upper",-0.000201671948721671,4.13733986110115,-0.1449906293567,0.0249443770618697,0.248229665116235,0.0317752921337576,0.104788407917561
"dlm","RQR","upper",0.0019881240226623,4.14855232819569,-0.1449906293567,0.0249443770618697,0.248229665116235,0.0317752921337576,0.104788407917561
"dlm","RQR","upper",0.00417791999404626,4.15951071065092,-0.1449906293567,0.0249443770618697,0.248229665116235,0.0317752921337576,0.104788407917561
"dlm","RQR","upper",0.00636771596543018,4.16907155820493,-0.1449906293567,0.0249443770618697,0.248229665116235,0.0317752921337576,0.104788407917561
"dlm","RQR","upper",0.00855751193681414,4.1764447587415,-0.1449906293567,0.0249443770618697,0.248229665116235,0.0317752921337576,0.104788407917561
"dlm","RQR","upper",0.0107473079081981,4.18142217147865,-0.1449906293567,0.0249443770618697,0.248229665116235,0.0317752921337576,0.104788407917561
"dlm","RQR","upper",0.012937103879582,4.18345859258138,-0.1449906293567,0.0249443770618697,0.248229665116235,0.0317752921337576,0.104788407917561
"dlm","RQR","upper",0.015126899850966,4.18229561925291,-0.1449906293567,0.0249443770618697,0.248229665116235,0.0317752921337576,0.104788407917561
"dlm","RQR","upper",0.0173166958223499,4.17904604125766,-0.1449906293567,0.0249443770618697,0.248229665116235,0.0317752921337576,0.104788407917561
"dlm","RQR","upper",0.0195064917937339,4.17453409163703,-0.1449906293567,0.0249443770618697,0.248229665116235,0.0317752921337576,0.104788407917561
"dlm","RQR","upper",0.0216962877651178,4.16734283222904,-0.1449906293567,0.0249443770618697,0.248229665116235,0.0317752921337576,0.104788407917561
"dlm","RQR","upper",0.0238860837365018,4.15667134545651,-0.1449906293567,0.0249443770618697,0.248229665116235,0.0317752921337576,0.104788407917561
"dlm","RQR","upper",0.0260758797078857,4.14390239408196,-0.1449906293567,0.0249443770618697,0.248229665116235,0.0317752921337576,0.104788407917561
"dlm","RQR","upper",0.0282656756792696,4.12910096251137,-0.1449906293567,0.0249443770618697,0.248229665116235,0.0317752921337576,0.104788407917561
"dlm","RQR","upper",0.0304554716506536,4.11064630190996,-0.1449906293567,0.0249443770618697,0.248229665116235,0.0317752921337576,0.104788407917561
"dlm","RQR","upper",0.0326452676220376,4.08826640662201,-0.1449906293567,0.0249443770618697,0.248229665116235,0.0317752921337576,0.104788407917561
"dlm","RQR","upper",0.0348350635934215,4.06316780089296,-0.1449906293567,0.0249443770618697,0.248229665116235,0.0317752921337576,0.104788407917561
"dlm","RQR","upper",0.0370248595648054,4.03725377323136,-0.1449906293567,0.0249443770618697,0.248229665116235,0.0317752921337576,0.104788407917561
"dlm","RQR","upper",0.0392146555361894,4.01253652200293,-0.1449906293567,0.0249443770618697,0.248229665116235,0.0317752921337576,0.104788407917561
"dlm","RQR","upper",0.0414044515075733,3.98824121699888,-0.1449906293567,0.0249443770618697,0.248229665116235,0.0317752921337576,0.104788407917561
"dlm","RQR","upper",0.0435942474789573,3.96046515613593,-0.1449906293567,0.0249443770618697,0.248229665116235,0.0317752921337576,0.104788407917561
"dlm","RQR","upper",0.0457840434503412,3.92750940667312,-0.1449906293567,0.0249443770618697,0.248229665116235,0.0317752921337576,0.104788407917561
"dlm","RQR","upper",0.0479738394217252,3.8928547324068,-0.1449906293567,0.0249443770618697,0.248229665116235,0.0317752921337576,0.104788407917561
"dlm","RQR","upper",0.0501636353931091,3.86019022205529,-0.1449906293567,0.0249443770618697,0.248229665116235,0.0317752921337576,0.104788407917561
"dlm","RQR","upper",0.0523534313644931,3.82827004218007,-0.1449906293567,0.0249443770618697,0.248229665116235,0.0317752921337576,0.104788407917561
"dlm","RQR","upper",0.054543227335877,3.79401387482935,-0.1449906293567,0.0249443770618697,0.248229665116235,0.0317752921337576,0.104788407917561
"dlm","RQR","upper",0.0567330233072609,3.75684257055526,-0.1449906293567,0.0249443770618697,0.248229665116235,0.0317752921337576,0.104788407917561
"dlm","RQR","upper",0.0589228192786449,3.71703489703946,-0.1449906293567,0.0249443770618697,0.248229665116235,0.0317752921337576,0.104788407917561
"dlm","RQR","upper",0.0611126152500288,3.67543496840701,-0.1449906293567,0.0249443770618697,0.248229665116235,0.0317752921337576,0.104788407917561
"dlm","RQR","upper",0.0633024112214128,3.63351180921399,-0.1449906293567,0.0249443770618697,0.248229665116235,0.0317752921337576,0.104788407917561
"dlm","RQR","upper",0.0654922071927967,3.59069994108553,-0.1449906293567,0.0249443770618697,0.248229665116235,0.0317752921337576,0.104788407917561
"dlm","RQR","upper",0.0676820031641807,3.54531159019347,-0.1449906293567,0.0249443770618697,0.248229665116235,0.0317752921337576,0.104788407917561
"dlm","RQR","upper",0.0698717991355646,3.49783395225739,-0.1449906293567,0.0249443770618697,0.248229665116235,0.0317752921337576,0.104788407917561
"dlm","RQR","upper",0.0720615951069486,3.45060735671297,-0.1449906293567,0.0249443770618697,0.248229665116235,0.0317752921337576,0.104788407917561
"dlm","RQR","upper",0.0742513910783325,3.40452588442767,-0.1449906293567,0.0249443770618697,0.248229665116235,0.0317752921337576,0.104788407917561
"dlm","RQR","upper",0.0764411870497165,3.35833254958029,-0.1449906293567,0.0249443770618697,0.248229665116235,0.0317752921337576,0.104788407917561
"dlm","RQR","upper",0.0786309830211004,3.31153647500593,-0.1449906293567,0.0249443770618697,0.248229665116235,0.0317752921337576,0.104788407917561
"dlm","RQR","upper",0.0808207789924844,3.26379297910673,-0.1449906293567,0.0249443770618697,0.248229665116235,0.0317752921337576,0.104788407917561
"dlm","RQR","upper",0.0830105749638683,3.21343593123928,-0.1449906293567,0.0249443770618697,0.248229665116235,0.0317752921337576,0.104788407917561
"dlm","RQR","upper",0.0852003709352522,3.16108119183231,-0.1449906293567,0.0249443770618697,0.248229665116235,0.0317752921337576,0.104788407917561
"dlm","RQR","upper",0.0873901669066362,3.10989138509288,-0.1449906293567,0.0249443770618697,0.248229665116235,0.0317752921337576,0.104788407917561
"dlm","RQR","upper",0.0895799628780201,3.06075452118597,-0.1449906293567,0.0249443770618697,0.248229665116235,0.0317752921337576,0.104788407917561
"dlm","RQR","upper",0.0917697588494041,3.01128017060605,-0.1449906293567,0.0249443770618697,0.248229665116235,0.0317752921337576,0.104788407917561
"dlm","RQR","upper",0.093959554820788,2.95967281177987,-0.1449906293567,0.0249443770618697,0.248229665116235,0.0317752921337576,0.104788407917561
"dlm","RQR","upper",0.096149350792172,2.90680992625429,-0.1449906293567,0.0249443770618697,0.248229665116235,0.0317752921337576,0.104788407917561
"dlm","RQR","upper",0.0983391467635559,2.85439557932937,-0.1449906293567,0.0249443770618697,0.248229665116235,0.0317752921337576,0.104788407917561
"dlm","RQR","upper",0.10052894273494,2.8029579916532,-0.1449906293567,0.0249443770618697,0.248229665116235,0.0317752921337576,0.104788407917561
"dlm","RQR","upper",0.102718738706324,2.75203606057289,-0.1449906293567,0.0249443770618697,0.248229665116235,0.0317752921337576,0.104788407917561
"dlm","RQR","upper",0.104908534677708,2.70083847656134,-0.1449906293567,0.0249443770618697,0.248229665116235,0.0317752921337576,0.104788407917561
"dlm","RQR","upper",0.107098330649092,2.64842589396833,-0.1449906293567,0.0249443770618697,0.248229665116235,0.0317752921337576,0.104788407917561
"dlm","RQR","upper",0.109288126620476,2.59519848977964,-0.1449906293567,0.0249443770618697,0.248229665116235,0.0317752921337576,0.104788407917561
"dlm","RQR","upper",0.11147792259186,2.5425745049597,-0.1449906293567,0.0249443770618697,0.248229665116235,0.0317752921337576,0.104788407917561
"dlm","RQR","upper",0.113667718563244,2.49085705651683,-0.1449906293567,0.0249443770618697,0.248229665116235,0.0317752921337576,0.104788407917561
"dlm","RQR","upper",0.115857514534628,2.43917145830661,-0.1449906293567,0.0249443770618697,0.248229665116235,0.0317752921337576,0.104788407917561
"dlm","RQR","upper",0.118047310506011,2.38661020738478,-0.1449906293567,0.0249443770618697,0.248229665116235,0.0317752921337576,0.104788407917561
"dlm","RQR","upper",0.120237106477395,2.33327779842445,-0.1449906293567,0.0249443770618697,0.248229665116235,0.0317752921337576,0.104788407917561
"dlm","RQR","upper",0.122426902448779,2.28062359956606,-0.1449906293567,0.0249443770618697,0.248229665116235,0.0317752921337576,0.104788407917561
"dlm","RQR","upper",0.124616698420163,2.22993276574963,-0.1449906293567,0.0249443770618697,0.248229665116235,0.0317752921337576,0.104788407917561
"dlm","RQR","upper",0.126806494391547,2.18094687720521,-0.1449906293567,0.0249443770618697,0.248229665116235,0.0317752921337576,0.104788407917561
"dlm","RQR","upper",0.128996290362931,2.13286423463984,-0.1449906293567,0.0249443770618697,0.248229665116235,0.0317752921337576,0.104788407917561
"dlm","RQR","upper",0.131186086334315,2.0855518209539,-0.1449906293567,0.0249443770618697,0.248229665116235,0.0317752921337576,0.104788407917561
"dlm","RQR","upper",0.133375882305699,2.03881654974596,-0.1449906293567,0.0249443770618697,0.248229665116235,0.0317752921337576,0.104788407917561
"dlm","RQR","upper",0.135565678277083,1.99200944456042,-0.1449906293567,0.0249443770618697,0.248229665116235,0.0317752921337576,0.104788407917561
"dlm","RQR","upper",0.137755474248467,1.94492346440198,-0.1449906293567,0.0249443770618697,0.248229665116235,0.0317752921337576,0.104788407917561
"dlm","RQR","upper",0.139945270219851,1.89811018023086,-0.1449906293567,0.0249443770618697,0.248229665116235,0.0317752921337576,0.104788407917561
"dlm","RQR","upper",0.142135066191235,1.85261229426049,-0.1449906293567,0.0249443770618697,0.248229665116235,0.0317752921337576,0.104788407917561
"dlm","RQR","upper",0.144324862162619,1.80872351985046,-0.1449906293567,0.0249443770618697,0.248229665116235,0.0317752921337576,0.104788407917561
"dlm","RQR","upper",0.146514658134003,1.76561487191993,-0.1449906293567,0.0249443770618697,0.248229665116235,0.0317752921337576,0.104788407917561
"dlm","RQR","upper",0.148704454105387,1.72287227855454,-0.1449906293567,0.0249443770618697,0.248229665116235,0.0317752921337576,0.104788407917561
"dlm","RQR","upper",0.150894250076771,1.68052098377985,-0.1449906293567,0.0249443770618697,0.248229665116235,0.0317752921337576,0.104788407917561
"dlm","RQR","upper",0.153084046048155,1.63833057235729,-0.1449906293567,0.0249443770618697,0.248229665116235,0.0317752921337576,0.104788407917561
"dlm","RQR","upper",0.155273842019538,1.59629676612699,-0.1449906293567,0.0249443770618697,0.248229665116235,0.0317752921337576,0.104788407917561
"dlm","RQR","upper",0.157463637990923,1.55442357194163,-0.1449906293567,0.0249443770618697,0.248229665116235,0.0317752921337576,0.104788407917561
"dlm","RQR","upper",0.159653433962306,1.51244106958966,-0.1449906293567,0.0249443770618697,0.248229665116235,0.0317752921337576,0.104788407917561
"dlm","RQR","upper",0.16184322993369,1.47112792273245,-0.1449906293567,0.0249443770618697,0.248229665116235,0.0317752921337576,0.104788407917561
"dlm","RQR","upper",0.164033025905074,1.43158098185882,-0.1449906293567,0.0249443770618697,0.248229665116235,0.0317752921337576,0.104788407917561
"dlm","RQR","upper",0.166222821876458,1.3936462308061,-0.1449906293567,0.0249443770618697,0.248229665116235,0.0317752921337576,0.104788407917561
"dlm","RQR","upper",0.168412617847842,1.35672005164694,-0.1449906293567,0.0249443770618697,0.248229665116235,0.0317752921337576,0.104788407917561
"dlm","RQR","upper",0.170602413819226,1.31983914160078,-0.1449906293567,0.0249443770618697,0.248229665116235,0.0317752921337576,0.104788407917561
"dlm","RQR","upper",0.17279220979061,1.28251502173211,-0.1449906293567,0.0249443770618697,0.248229665116235,0.0317752921337576,0.104788407917561
"dlm","RQR","upper",0.174982005761994,1.24618559984877,-0.1449906293567,0.0249443770618697,0.248229665116235,0.0317752921337576,0.104788407917561
"dlm","RQR","upper",0.177171801733378,1.21200047907375,-0.1449906293567,0.0249443770618697,0.248229665116235,0.0317752921337576,0.104788407917561
"dlm","RQR","upper",0.179361597704762,1.17869790276376,-0.1449906293567,0.0249443770618697,0.248229665116235,0.0317752921337576,0.104788407917561
"dlm","RQR","upper",0.181551393676146,1.14557115228181,-0.1449906293567,0.0249443770618697,0.248229665116235,0.0317752921337576,0.104788407917561
"dlm","RQR","upper",0.18374118964753,1.11333997306237,-0.1449906293567,0.0249443770618697,0.248229665116235,0.0317752921337576,0.104788407917561
"dlm","RQR","upper",0.185930985618914,1.08175287765235,-0.1449906293567,0.0249443770618697,0.248229665116235,0.0317752921337576,0.104788407917561
"dlm","RQR","upper",0.188120781590298,1.05024433631168,-0.1449906293567,0.0249443770618697,0.248229665116235,0.0317752921337576,0.104788407917561
"dlm","RQR","upper",0.190310577561682,1.01856868641435,-0.1449906293567,0.0249443770618697,0.248229665116235,0.0317752921337576,0.104788407917561
"dlm","RQR","upper",0.192500373533066,0.986951707610678,-0.1449906293567,0.0249443770618697,0.248229665116235,0.0317752921337576,0.104788407917561
"dlm","RQR","upper",0.19469016950445,0.956285557777148,-0.1449906293567,0.0249443770618697,0.248229665116235,0.0317752921337576,0.104788407917561
"dlm","RQR","upper",0.196879965475833,0.927059541340492,-0.1449906293567,0.0249443770618697,0.248229665116235,0.0317752921337576,0.104788407917561
"dlm","RQR","upper",0.199069761447217,0.899256363589294,-0.1449906293567,0.0249443770618697,0.248229665116235,0.0317752921337576,0.104788407917561
"dlm","RQR","upper",0.201259557418601,0.872076600635661,-0.1449906293567,0.0249443770618697,0.248229665116235,0.0317752921337576,0.104788407917561
"dlm","RQR","upper",0.203449353389985,0.844190548783702,-0.1449906293567,0.0249443770618697,0.248229665116235,0.0317752921337576,0.104788407917561
"dlm","RQR","upper",0.205639149361369,0.815814803538847,-0.1449906293567,0.0249443770618697,0.248229665116235,0.0317752921337576,0.104788407917561
"dlm","RQR","upper",0.207828945332753,0.788127778035437,-0.1449906293567,0.0249443770618697,0.248229665116235,0.0317752921337576,0.104788407917561
"dlm","RQR","upper",0.210018741304137,0.761804005151155,-0.1449906293567,0.0249443770618697,0.248229665116235,0.0317752921337576,0.104788407917561
"dlm","RQR","upper",0.212208537275521,0.737160755588247,-0.1449906293567,0.0249443770618697,0.248229665116235,0.0317752921337576,0.104788407917561
"dlm","RQR","upper",0.214398333246905,0.714018491183176,-0.1449906293567,0.0249443770618697,0.248229665116235,0.0317752921337576,0.104788407917561
"dlm","RQR","upper",0.216588129218289,0.691561727566172,-0.1449906293567,0.0249443770618697,0.248229665116235,0.0317752921337576,0.104788407917561
"dlm","RQR","upper",0.218777925189673,0.669028530916423,-0.1449906293567,0.0249443770618697,0.248229665116235,0.0317752921337576,0.104788407917561
"dlm","RQR","upper",0.220967721161057,0.646867780745129,-0.1449906293567,0.0249443770618697,0.248229665116235,0.0317752921337576,0.104788407917561
"dlm","RQR","upper",0.223157517132441,0.626202497336121,-0.1449906293567,0.0249443770618697,0.248229665116235,0.0317752921337576,0.104788407917561
"dlm","RQR","upper",0.225347313103825,0.607005579119276,-0.1449906293567,0.0249443770618697,0.248229665116235,0.0317752921337576,0.104788407917561
"dlm","RQR","upper",0.227537109075209,0.588382617538176,-0.1449906293567,0.0249443770618697,0.248229665116235,0.0317752921337576,0.104788407917561
"dlm","RQR","upper",0.229726905046593,0.570026991640662,-0.1449906293567,0.0249443770618697,0.248229665116235,0.0317752921337576,0.104788407917561
"dlm","RQR","upper",0.231916701017977,0.552064524762574,-0.1449906293567,0.0249443770618697,0.248229665116235,0.0317752921337576,0.104788407917561
"dlm","RQR","upper",0.234106496989361,0.534627888800353,-0.1449906293567,0.0249443770618697,0.248229665116235,0.0317752921337576,0.104788407917561
"dlm","RQR","upper",0.236296292960745,0.517751892779903,-0.1449906293567,0.0249443770618697,0.248229665116235,0.0317752921337576,0.104788407917561
"dlm","RQR","upper",0.238486088932128,0.500903700400125,-0.1449906293567,0.0249443770618697,0.248229665116235,0.0317752921337576,0.104788407917561
"dlm","RQR","upper",0.240675884903512,0.48339471117943,-0.1449906293567,0.0249443770618697,0.248229665116235,0.0317752921337576,0.104788407917561
"dlm","RQR","upper",0.242865680874896,0.465435048616757,-0.1449906293567,0.0249443770618697,0.248229665116235,0.0317752921337576,0.104788407917561
"dlm","RQR","upper",0.24505547684628,0.448003301769906,-0.1449906293567,0.0249443770618697,0.248229665116235,0.0317752921337576,0.104788407917561
"dlm","RQR","upper",0.247245272817664,0.431826212453574,-0.1449906293567,0.0249443770618697,0.248229665116235,0.0317752921337576,0.104788407917561
"dlm","RQR","upper",0.249435068789048,0.417060203930108,-0.1449906293567,0.0249443770618697,0.248229665116235,0.0317752921337576,0.104788407917561
"dlm","RQR","upper",0.251624864760432,0.403605050334566,-0.1449906293567,0.0249443770618697,0.248229665116235,0.0317752921337576,0.104788407917561
"dlm","RQR","upper",0.253814660731816,0.3910109701956,-0.1449906293567,0.0249443770618697,0.248229665116235,0.0317752921337576,0.104788407917561
"dlm","RQR","upper",0.2560044567032,0.378532986001707,-0.1449906293567,0.0249443770618697,0.248229665116235,0.0317752921337576,0.104788407917561
"dlm","RQR","upper",0.258194252674584,0.36575051541604,-0.1449906293567,0.0249443770618697,0.248229665116235,0.0317752921337576,0.104788407917561
"dlm","RQR","upper",0.260384048645968,0.352763559451438,-0.1449906293567,0.0249443770618697,0.248229665116235,0.0317752921337576,0.104788407917561
"dlm","RQR","upper",0.262573844617352,0.339797625172581,-0.1449906293567,0.0249443770618697,0.248229665116235,0.0317752921337576,0.104788407917561
"dlm","RQR","upper",0.264763640588736,0.327061740636236,-0.1449906293567,0.0249443770618697,0.248229665116235,0.0317752921337576,0.104788407917561
"dlm","RQR","upper",0.26695343656012,0.314822449366742,-0.1449906293567,0.0249443770618697,0.248229665116235,0.0317752921337576,0.104788407917561
"dlm","RQR","upper",0.269143232531504,0.303400897700263,-0.1449906293567,0.0249443770618697,0.248229665116235,0.0317752921337576,0.104788407917561
"dlm","RQR","upper",0.271333028502888,0.292887890227742,-0.1449906293567,0.0249443770618697,0.248229665116235,0.0317752921337576,0.104788407917561
"dlm","RQR","upper",0.273522824474272,0.282979920848045,-0.1449906293567,0.0249443770618697,0.248229665116235,0.0317752921337576,0.104788407917561
"dlm","RQR","upper",0.275712620445656,0.273308828690004,-0.1449906293567,0.0249443770618697,0.248229665116235,0.0317752921337576,0.104788407917561
"dlm","RQR","upper",0.277902416417039,0.263567153387818,-0.1449906293567,0.0249443770618697,0.248229665116235,0.0317752921337576,0.104788407917561
"dlm","RQR","upper",0.280092212388423,0.253864814174068,-0.1449906293567,0.0249443770618697,0.248229665116235,0.0317752921337576,0.104788407917561
"dlm","RQR","upper",0.282282008359807,0.244835543764867,-0.1449906293567,0.0249443770618697,0.248229665116235,0.0317752921337576,0.104788407917561
"dlm","RQR","upper",0.284471804331191,0.236674380584667,-0.1449906293567,0.0249443770618697,0.248229665116235,0.0317752921337576,0.104788407917561
"dlm","RQR","upper",0.286661600302575,0.229015757947645,-0.1449906293567,0.0249443770618697,0.248229665116235,0.0317752921337576,0.104788407917561
"dlm","RQR","upper",0.288851396273959,0.221519025172413,-0.1449906293567,0.0249443770618697,0.248229665116235,0.0317752921337576,0.104788407917561
"dlm","RQR","upper",0.291041192245343,0.214116308901987,-0.1449906293567,0.0249443770618697,0.248229665116235,0.0317752921337576,0.104788407917561
"dlm","RQR","upper",0.293230988216727,0.206991730598206,-0.1449906293567,0.0249443770618697,0.248229665116235,0.0317752921337576,0.104788407917561
"dlm","RQR","upper",0.295420784188111,0.199891166324029,-0.1449906293567,0.0249443770618697,0.248229665116235,0.0317752921337576,0.104788407917561
"dlm","RQR","upper",0.297610580159495,0.192624483162782,-0.1449906293567,0.0249443770618697,0.248229665116235,0.0317752921337576,0.104788407917561
"dlm","RQR","upper",0.299800376130879,0.18545566121349,-0.1449906293567,0.0249443770618697,0.248229665116235,0.0317752921337576,0.104788407917561
"dlm","RQR","upper",0.301990172102263,0.178534418223568,-0.1449906293567,0.0249443770618697,0.248229665116235,0.0317752921337576,0.104788407917561
"dlm","RQR","upper",0.304179968073647,0.171924822711707,-0.1449906293567,0.0249443770618697,0.248229665116235,0.0317752921337576,0.104788407917561
"dlm","RQR","upper",0.306369764045031,0.165560416139892,-0.1449906293567,0.0249443770618697,0.248229665116235,0.0317752921337576,0.104788407917561
"dlm","RQR","upper",0.308559560016415,0.159303613915437,-0.1449906293567,0.0249443770618697,0.248229665116235,0.0317752921337576,0.104788407917561
"dlm","RQR","upper",0.310749355987799,0.1533444693856,-0.1449906293567,0.0249443770618697,0.248229665116235,0.0317752921337576,0.104788407917561
"dlm","RQR","upper",0.312939151959183,0.147636268032676,-0.1449906293567,0.0249443770618697,0.248229665116235,0.0317752921337576,0.104788407917561
"dlm","RQR","upper",0.315128947930567,0.141714266792037,-0.1449906293567,0.0249443770618697,0.248229665116235,0.0317752921337576,0.104788407917561
"dlm","RQR","upper",0.317318743901951,0.135601347929771,-0.1449906293567,0.0249443770618697,0.248229665116235,0.0317752921337576,0.104788407917561
"dlm","RQR","upper",0.319508539873334,0.129842941068683,-0.1449906293567,0.0249443770618697,0.248229665116235,0.0317752921337576,0.104788407917561
"dlm","RQR","upper",0.321698335844718,0.124806997479287,-0.1449906293567,0.0249443770618697,0.248229665116235,0.0317752921337576,0.104788407917561
"dlm","RQR","upper",0.323888131816102,0.120408720124202,-0.1449906293567,0.0249443770618697,0.248229665116235,0.0317752921337576,0.104788407917561
"dlm","RQR","upper",0.326077927787486,0.11637269671144,-0.1449906293567,0.0249443770618697,0.248229665116235,0.0317752921337576,0.104788407917561
"dlm","RQR","upper",0.32826772375887,0.112438270601111,-0.1449906293567,0.0249443770618697,0.248229665116235,0.0317752921337576,0.104788407917561
"dlm","RQR","upper",0.330457519730254,0.108331653431372,-0.1449906293567,0.0249443770618697,0.248229665116235,0.0317752921337576,0.104788407917561
"dlm","RQR","upper",0.332647315701638,0.104011516375917,-0.1449906293567,0.0249443770618697,0.248229665116235,0.0317752921337576,0.104788407917561
"dlm","RQR","upper",0.334837111673022,0.0998658284816003,-0.1449906293567,0.0249443770618697,0.248229665116235,0.0317752921337576,0.104788407917561
"dlm","RQR","upper",0.337026907644406,0.096266374660048,-0.1449906293567,0.0249443770618697,0.248229665116235,0.0317752921337576,0.104788407917561
"dlm","RQR","upper",0.33921670361579,0.0930976646697959,-0.1449906293567,0.0249443770618697,0.248229665116235,0.0317752921337576,0.104788407917561
"dlm","RQR","upper",0.341406499587174,0.0899623986740991,-0.1449906293567,0.0249443770618697,0.248229665116235,0.0317752921337576,0.104788407917561
"dlm","RQR","upper",0.343596295558558,0.0866311996114232,-0.1449906293567,0.0249443770618697,0.248229665116235,0.0317752921337576,0.104788407917561
"dlm","RQR","upper",0.345786091529942,0.0831833595053654,-0.1449906293567,0.0249443770618697,0.248229665116235,0.0317752921337576,0.104788407917561
"dlm","RQR","upper",0.347975887501326,0.0798159412474875,-0.1449906293567,0.0249443770618697,0.248229665116235,0.0317752921337576,0.104788407917561
"dlm","RQR","upper",0.35016568347271,0.0766877070929187,-0.1449906293567,0.0249443770618697,0.248229665116235,0.0317752921337576,0.104788407917561
"dlm","RQR","upper",0.352355479444094,0.0738526231582635,-0.1449906293567,0.0249443770618697,0.248229665116235,0.0317752921337576,0.104788407917561
"dlm","RQR","upper",0.354545275415478,0.0712485707022247,-0.1449906293567,0.0249443770618697,0.248229665116235,0.0317752921337576,0.104788407917561
"dlm","RQR","upper",0.356735071386862,0.0688146435539903,-0.1449906293567,0.0249443770618697,0.248229665116235,0.0317752921337576,0.104788407917561
"dlm","RQR","upper",0.358924867358246,0.0664142456943309,-0.1449906293567,0.0249443770618697,0.248229665116235,0.0317752921337576,0.104788407917561
"dlm","RQR","upper",0.361114663329629,0.0637698784638927,-0.1449906293567,0.0249443770618697,0.248229665116235,0.0317752921337576,0.104788407917561
"dlm","RQR","upper",0.363304459301013,0.0608399143671995,-0.1449906293567,0.0249443770618697,0.248229665116235,0.0317752921337576,0.104788407917561
"dlm","RQR","upper",0.365494255272397,0.0579263636870054,-0.1449906293567,0.0249443770618697,0.248229665116235,0.0317752921337576,0.104788407917561
"dlm","RQR","upper",0.367684051243781,0.0552427471746079,-0.1449906293567,0.0249443770618697,0.248229665116235,0.0317752921337576,0.104788407917561
"dlm","RQR","upper",0.369873847215165,0.0527860284694428,-0.1449906293567,0.0249443770618697,0.248229665116235,0.0317752921337576,0.104788407917561
"dlm","RQR","upper",0.372063643186549,0.0505325782040061,-0.1449906293567,0.0249443770618697,0.248229665116235,0.0317752921337576,0.104788407917561
"dlm","RQR","upper",0.374253439157933,0.048466622356791,-0.1449906293567,0.0249443770618697,0.248229665116235,0.0317752921337576,0.104788407917561
"dlm","RQR","upper",0.376443235129317,0.046551648799241,-0.1449906293567,0.0249443770618697,0.248229665116235,0.0317752921337576,0.104788407917561
"dlm","RQR","upper",0.378633031100701,0.044736674606513,-0.1449906293567,0.0249443770618697,0.248229665116235,0.0317752921337576,0.104788407917561
"dlm","RQR","upper",0.380822827072085,0.0430353900270047,-0.1449906293567,0.0249443770618697,0.248229665116235,0.0317752921337576,0.104788407917561
"dlm","RQR","upper",0.383012623043469,0.0414479351634639,-0.1449906293567,0.0249443770618697,0.248229665116235,0.0317752921337576,0.104788407917561
"dlm","RQR","upper",0.385202419014853,0.0397664363138873,-0.1449906293567,0.0249443770618697,0.248229665116235,0.0317752921337576,0.104788407917561
"dlm","RQR","upper",0.387392214986237,0.0378613225628252,-0.1449906293567,0.0249443770618697,0.248229665116235,0.0317752921337576,0.104788407917561
"dlm","RQR","upper",0.389582010957621,0.0359819798699097,-0.1449906293567,0.0249443770618697,0.248229665116235,0.0317752921337576,0.104788407917561
"dlm","RQR","upper",0.391771806929005,0.0344560794825503,-0.1449906293567,0.0249443770618697,0.248229665116235,0.0317752921337576,0.104788407917561
"dlm","RQR","upper",0.393961602900389,0.0332621282382207,-0.1449906293567,0.0249443770618697,0.248229665116235,0.0317752921337576,0.104788407917561
"dlm","RQR","upper",0.396151398871773,0.0321037382402137,-0.1449906293567,0.0249443770618697,0.248229665116235,0.0317752921337576,0.104788407917561
"dlm","RQR","upper",0.398341194843156,0.030790703148919,-0.1449906293567,0.0249443770618697,0.248229665116235,0.0317752921337576,0.104788407917561
"dlm","RQR","upper",0.40053099081454,0.0294008997215071,-0.1449906293567,0.0249443770618697,0.248229665116235,0.0317752921337576,0.104788407917561
"dlm","RQR","upper",0.402720786785924,0.0281001578746787,-0.1449906293567,0.0249443770618697,0.248229665116235,0.0317752921337576,0.104788407917561
"dlm","RQR","upper",0.404910582757308,0.0268908973192117,-0.1449906293567,0.0249443770618697,0.248229665116235,0.0317752921337576,0.104788407917561
"dlm","RQR","upper",0.407100378728692,0.0256929629573258,-0.1449906293567,0.0249443770618697,0.248229665116235,0.0317752921337576,0.104788407917561
"dlm","RQR","upper",0.409290174700076,0.0245513423658898,-0.1449906293567,0.0249443770618697,0.248229665116235,0.0317752921337576,0.104788407917561
"dlm","RQR","upper",0.41147997067146,0.0234917269987829,-0.1449906293567,0.0249443770618697,0.248229665116235,0.0317752921337576,0.104788407917561
"dlm","RQR","upper",0.413669766642844,0.0224404787214225,-0.1449906293567,0.0249443770618697,0.248229665116235,0.0317752921337576,0.104788407917561
"dlm","RQR","upper",0.415859562614228,0.0213613968524694,-0.1449906293567,0.0249443770618697,0.248229665116235,0.0317752921337576,0.104788407917561
"dlm","RQR","upper",0.418049358585612,0.0203424082629515,-0.1449906293567,0.0249443770618697,0.248229665116235,0.0317752921337576,0.104788407917561
"dlm","RQR","upper",0.420239154556996,0.0194620344263574,-0.1449906293567,0.0249443770618697,0.248229665116235,0.0317752921337576,0.104788407917561
"dlm","RQR","upper",0.42242895052838,0.0186408255630064,-0.1449906293567,0.0249443770618697,0.248229665116235,0.0317752921337576,0.104788407917561
"dlm","RQR","upper",0.424618746499764,0.01776218878101,-0.1449906293567,0.0249443770618697,0.248229665116235,0.0317752921337576,0.104788407917561
"dlm","RQR","upper",0.426808542471148,0.0169561162182039,-0.1449906293567,0.0249443770618697,0.248229665116235,0.0317752921337576,0.104788407917561
"dlm","RQR","upper",0.428998338442532,0.0163639832439515,-0.1449906293567,0.0249443770618697,0.248229665116235,0.0317752921337576,0.104788407917561
"dlm","RQR","upper",0.431188134413916,0.0158479771930949,-0.1449906293567,0.0249443770618697,0.248229665116235,0.0317752921337576,0.104788407917561
"dlm","RQR","upper",0.4333779303853,0.0152832272570884,-0.1449906293567,0.0249443770618697,0.248229665116235,0.0317752921337576,0.104788407917561
"dlm","RQR","upper",0.435567726356684,0.0146670021529363,-0.1449906293567,0.0249443770618697,0.248229665116235,0.0317752921337576,0.104788407917561
"dlm","RQR","upper",0.437757522328068,0.0139846637653425,-0.1449906293567,0.0249443770618697,0.248229665116235,0.0317752921337576,0.104788407917561
"dlm","RQR","upper",0.439947318299451,0.0132609371869262,-0.1449906293567,0.0249443770618697,0.248229665116235,0.0317752921337576,0.104788407917561
"dlm","RQR","upper",0.442137114270835,0.012568862639315,-0.1449906293567,0.0249443770618697,0.248229665116235,0.0317752921337576,0.104788407917561
"dlm","RQR","upper",0.444326910242219,0.0119158169854861,-0.1449906293567,0.0249443770618697,0.248229665116235,0.0317752921337576,0.104788407917561
"dlm","RQR","upper",0.446516706213603,0.0112791840815352,-0.1449906293567,0.0249443770618697,0.248229665116235,0.0317752921337576,0.104788407917561
"dlm","RQR","upper",0.448706502184987,0.0106361064393926,-0.1449906293567,0.0249443770618697,0.248229665116235,0.0317752921337576,0.104788407917561
"dlm","RQR","upper",0.450896298156371,0.00999533699395347,-0.1449906293567,0.0249443770618697,0.248229665116235,0.0317752921337576,0.104788407917561
"dlm","RQR","upper",0.453086094127755,0.00945432347026681,-0.1449906293567,0.0249443770618697,0.248229665116235,0.0317752921337576,0.104788407917561
"dlm","RQR","upper",0.455275890099139,0.00910757667628974,-0.1449906293567,0.0249443770618697,0.248229665116235,0.0317752921337576,0.104788407917561
"dlm","RQR","upper",0.457465686070523,0.00890400513415318,-0.1449906293567,0.0249443770618697,0.248229665116235,0.0317752921337576,0.104788407917561
"dlm","RQR","upper",0.459655482041907,0.00866713256085858,-0.1449906293567,0.0249443770618697,0.248229665116235,0.0317752921337576,0.104788407917561
"dlm","RQR","upper",0.461845278013291,0.00826691542542436,-0.1449906293567,0.0249443770618697,0.248229665116235,0.0317752921337576,0.104788407917561
"dlm","RQR","upper",0.464035073984675,0.00774822034412953,-0.1449906293567,0.0249443770618697,0.248229665116235,0.0317752921337576,0.104788407917561
"dlm","RQR","upper",0.466224869956059,0.00725390811845161,-0.1449906293567,0.0249443770618697,0.248229665116235,0.0317752921337576,0.104788407917561
"dlm","RQR","upper",0.468414665927443,0.00686316240234065,-0.1449906293567,0.0249443770618697,0.248229665116235,0.0317752921337576,0.104788407917561
"dlm","RQR","upper",0.470604461898827,0.00655470658126784,-0.1449906293567,0.0249443770618697,0.248229665116235,0.0317752921337576,0.104788407917561
"dlm","RQR","upper",0.472794257870211,0.00627968803813584,-0.1449906293567,0.0249443770618697,0.248229665116235,0.0317752921337576,0.104788407917561
"dlm","RQR","upper",0.474984053841595,0.00601807825593605,-0.1449906293567,0.0249443770618697,0.248229665116235,0.0317752921337576,0.104788407917561
"dlm","RQR","upper",0.477173849812979,0.00576404902762539,-0.1449906293567,0.0249443770618697,0.248229665116235,0.0317752921337576,0.104788407917561
"dlm","RQR","upper",0.479363645784362,0.0054948179475945,-0.1449906293567,0.0249443770618697,0.248229665116235,0.0317752921337576,0.104788407917561
"dlm","RQR","upper",0.481553441755746,0.00521000823381564,-0.1449906293567,0.0249443770618697,0.248229665116235,0.0317752921337576,0.104788407917561
"dlm","RQR","upper",0.48374323772713,0.00496949007474999,-0.1449906293567,0.0249443770618697,0.248229665116235,0.0317752921337576,0.104788407917561
"dlm","RQR","upper",0.485933033698514,0.0048036396917221,-0.1449906293567,0.0249443770618697,0.248229665116235,0.0317752921337576,0.104788407917561
"dlm","RQR","upper",0.488122829669898,0.00464364740290601,-0.1449906293567,0.0249443770618697,0.248229665116235,0.0317752921337576,0.104788407917561
"dlm","RQR","upper",0.490312625641282,0.00442799079109476,-0.1449906293567,0.0249443770618697,0.248229665116235,0.0317752921337576,0.104788407917561
"dlm","RQR","upper",0.492502421612666,0.00417562635162416,-0.1449906293567,0.0249443770618697,0.248229665116235,0.0317752921337576,0.104788407917561
"dlm","RQR","upper",0.49469221758405,0.00394380574875621,-0.1449906293567,0.0249443770618697,0.248229665116235,0.0317752921337576,0.104788407917561
"dlm","RQR","upper",0.496882013555434,0.00379713655544917,-0.1449906293567,0.0249443770618697,0.248229665116235,0.0317752921337576,0.104788407917561
"dlm","RQR","upper",0.499071809526818,0.00373669223542829,-0.1449906293567,0.0249443770618697,0.248229665116235,0.0317752921337576,0.104788407917561
"dlm","RQR","upper",0.501261605498202,0.00368124326250265,-0.1449906293567,0.0249443770618697,0.248229665116235,0.0317752921337576,0.104788407917561
"dlm","RQR","upper",0.503451401469586,0.00355172263487837,-0.1449906293567,0.0249443770618697,0.248229665116235,0.0317752921337576,0.104788407917561
"dlm","RQR","upper",0.50564119744097,0.00334298867628301,-0.1449906293567,0.0249443770618697,0.248229665116235,0.0317752921337576,0.104788407917561
"dlm","RQR","upper",0.507830993412354,0.00313128712133217,-0.1449906293567,0.0249443770618697,0.248229665116235,0.0317752921337576,0.104788407917561
"dlm","RQR","upper",0.510020789383738,0.00296900153860681,-0.1449906293567,0.0249443770618697,0.248229665116235,0.0317752921337576,0.104788407917561
"dlm","RQR","upper",0.512210585355122,0.00282454961729351,-0.1449906293567,0.0249443770618697,0.248229665116235,0.0317752921337576,0.104788407917561
"dlm","RQR","upper",0.514400381326506,0.00266769945489832,-0.1449906293567,0.0249443770618697,0.248229665116235,0.0317752921337576,0.104788407917561
"dlm","RQR","upper",0.51659017729789,0.00252910564242458,-0.1449906293567,0.0249443770618697,0.248229665116235,0.0317752921337576,0.104788407917561
"dlm","RQR","upper",0.518779973269273,0.00243132057218328,-0.1449906293567,0.0249443770618697,0.248229665116235,0.0317752921337576,0.104788407917561
"dlm","RQR","upper",0.520969769240657,0.00233572256540163,-0.1449906293567,0.0249443770618697,0.248229665116235,0.0317752921337576,0.104788407917561
"dlm","RQR","upper",0.523159565212042,0.0022153638331575,-0.1449906293567,0.0249443770618697,0.248229665116235,0.0317752921337576,0.104788407917561
"dlm","RQR","upper",0.525349361183425,0.00210109688664614,-0.1449906293567,0.0249443770618697,0.248229665116235,0.0317752921337576,0.104788407917561
"dlm","RQR","upper",0.527539157154809,0.00201152318799987,-0.1449906293567,0.0249443770618697,0.248229665116235,0.0317752921337576,0.104788407917561
"dlm","RQR","upper",0.529728953126193,0.00191791833172756,-0.1449906293567,0.0249443770618697,0.248229665116235,0.0317752921337576,0.104788407917561
"dlm","RQR","upper",0.531918749097577,0.00181295079508525,-0.1449906293567,0.0249443770618697,0.248229665116235,0.0317752921337576,0.104788407917561
"dlm","RQR","upper",0.534108545068961,0.00173709177325996,-0.1449906293567,0.0249443770618697,0.248229665116235,0.0317752921337576,0.104788407917561
"dlm","RQR","upper",0.536298341040345,0.0016830877214582,-0.1449906293567,0.0249443770618697,0.248229665116235,0.0317752921337576,0.104788407917561
"dlm","RQR","upper",0.538488137011729,0.0016043236516344,-0.1449906293567,0.0249443770618697,0.248229665116235,0.0317752921337576,0.104788407917561
"dlm","RQR","upper",0.540677932983113,0.00149700671384812,-0.1449906293567,0.0249443770618697,0.248229665116235,0.0317752921337576,0.104788407917561
"dlm","RQR","upper",0.542867728954497,0.00138954630369244,-0.1449906293567,0.0249443770618697,0.248229665116235,0.0317752921337576,0.104788407917561
"dlm","RQR","upper",0.545057524925881,0.00131151799253116,-0.1449906293567,0.0249443770618697,0.248229665116235,0.0317752921337576,0.104788407917561
"dlm","RQR","upper",0.547247320897265,0.00126343975226436,-0.1449906293567,0.0249443770618697,0.248229665116235,0.0317752921337576,0.104788407917561
"dlm","RQR","upper",0.549437116868649,0.00121444987517072,-0.1449906293567,0.0249443770618697,0.248229665116235,0.0317752921337576,0.104788407917561
"dlm","RQR","upper",0.551626912840033,0.00115642813212099,-0.1449906293567,0.0249443770618697,0.248229665116235,0.0317752921337576,0.104788407917561
"dlm","RQR","upper",0.553816708811417,0.00111603555495718,-0.1449906293567,0.0249443770618697,0.248229665116235,0.0317752921337576,0.104788407917561
"dlm","RQR","upper",0.556006504782801,0.00109195431099436,-0.1449906293567,0.0249443770618697,0.248229665116235,0.0317752921337576,0.104788407917561
"dlm","RQR","upper",0.558196300754185,0.00106577936507816,-0.1449906293567,0.0249443770618697,0.248229665116235,0.0317752921337576,0.104788407917561
"dlm","RQR","upper",0.560386096725568,0.00104814908945417,-0.1449906293567,0.0249443770618697,0.248229665116235,0.0317752921337576,0.104788407917561
"dlm","RQR","upper",0.562575892696952,0.00104576849434814,-0.1449906293567,0.0249443770618697,0.248229665116235,0.0317752921337576,0.104788407917561
"dlm","RQR","upper",0.564765688668336,0.00102301791072944,-0.1449906293567,0.0249443770618697,0.248229665116235,0.0317752921337576,0.104788407917561
"dlm","RQR","upper",0.56695548463972,0.000946140159368039,-0.1449906293567,0.0249443770618697,0.248229665116235,0.0317752921337576,0.104788407917561
"dlm","RQR","upper",0.569145280611104,0.000840444912577304,-0.1449906293567,0.0249443770618697,0.248229665116235,0.0317752921337576,0.104788407917561
"dlm","RQR","upper",0.571335076582488,0.000757247356703137,-0.1449906293567,0.0249443770618697,0.248229665116235,0.0317752921337576,0.104788407917561
"dlm","RQR","upper",0.573524872553872,0.000721135757120835,-0.1449906293567,0.0249443770618697,0.248229665116235,0.0317752921337576,0.104788407917561
"dlm","RQR","upper",0.575714668525256,0.000721691287074755,-0.1449906293567,0.0249443770618697,0.248229665116235,0.0317752921337576,0.104788407917561
"dlm","RQR","upper",0.57790446449664,0.00072601378322737,-0.1449906293567,0.0249443770618697,0.248229665116235,0.0317752921337576,0.104788407917561
"dlm","RQR","upper",0.580094260468024,0.000704637414911859,-0.1449906293567,0.0249443770618697,0.248229665116235,0.0317752921337576,0.104788407917561
"dlm","RQR","upper",0.582284056439408,0.000655509854976758,-0.1449906293567,0.0249443770618697,0.248229665116235,0.0317752921337576,0.104788407917561
"dlm","RQR","upper",0.584473852410792,0.000597154897651653,-0.1449906293567,0.0249443770618697,0.248229665116235,0.0317752921337576,0.104788407917561
"dlm","RQR","upper",0.586663648382176,0.000541327860421295,-0.1449906293567,0.0249443770618697,0.248229665116235,0.0317752921337576,0.104788407917561
"dlm","RQR","upper",0.58885344435356,0.000489961061733499,-0.1449906293567,0.0249443770618697,0.248229665116235,0.0317752921337576,0.104788407917561
"dlm","RQR","upper",0.591043240324944,0.000453722469218068,-0.1449906293567,0.0249443770618697,0.248229665116235,0.0317752921337576,0.104788407917561
"dlm","RQR","upper",0.593233036296328,0.000444645665842057,-0.1449906293567,0.0249443770618697,0.248229665116235,0.0317752921337576,0.104788407917561
"dlm","RQR","upper",0.595422832267712,0.000450748657078214,-0.1449906293567,0.0249443770618697,0.248229665116235,0.0317752921337576,0.104788407917561
"dlm","RQR","upper",0.597612628239096,0.000445709634831884,-0.1449906293567,0.0249443770618697,0.248229665116235,0.0317752921337576,0.104788407917561
"dlm","RQR","upper",0.59980242421048,0.000425354343487963,-0.1449906293567,0.0249443770618697,0.248229665116235,0.0317752921337576,0.104788407917561
"dlm","RQR","upper",0.601992220181863,0.000403802057153377,-0.1449906293567,0.0249443770618697,0.248229665116235,0.0317752921337576,0.104788407917561
"dlm","RQR","upper",0.604182016153247,0.000379762205168148,-0.1449906293567,0.0249443770618697,0.248229665116235,0.0317752921337576,0.104788407917561
"dlm","RQR","upper",0.606371812124631,0.000345903244712042,-0.1449906293567,0.0249443770618697,0.248229665116235,0.0317752921337576,0.104788407917561
"dlm","RQR","upper",0.608561608096015,0.000311145975660235,-0.1449906293567,0.0249443770618697,0.248229665116235,0.0317752921337576,0.104788407917561
"dlm","RQR","upper",0.610751404067399,0.000292092963340229,-0.1449906293567,0.0249443770618697,0.248229665116235,0.0317752921337576,0.104788407917561
"dlm","RQR","upper",0.612941200038783,0.000296703473463178,-0.1449906293567,0.0249443770618697,0.248229665116235,0.0317752921337576,0.104788407917561
"dlm","RQR","upper",0.615130996010167,0.000312085636975011,-0.1449906293567,0.0249443770618697,0.248229665116235,0.0317752921337576,0.104788407917561
"dlm","RQR","upper",0.617320791981551,0.000313962170149224,-0.1449906293567,0.0249443770618697,0.248229665116235,0.0317752921337576,0.104788407917561
"dlm","RQR","upper",0.619510587952935,0.000292003798485329,-0.1449906293567,0.0249443770618697,0.248229665116235,0.0317752921337576,0.104788407917561
"dlm","RQR","upper",0.621700383924319,0.000257351072637367,-0.1449906293567,0.0249443770618697,0.248229665116235,0.0317752921337576,0.104788407917561
"dlm","RQR","upper",0.623890179895703,0.000229467159710841,-0.1449906293567,0.0249443770618697,0.248229665116235,0.0317752921337576,0.104788407917561
"dlm","RQR","upper",0.626079975867087,0.000220960976948561,-0.1449906293567,0.0249443770618697,0.248229665116235,0.0317752921337576,0.104788407917561
"dlm","RQR","upper",0.628269771838471,0.000227425196158531,-0.1449906293567,0.0249443770618697,0.248229665116235,0.0317752921337576,0.104788407917561
"dlm","RQR","upper",0.630459567809855,0.000229905808787421,-0.1449906293567,0.0249443770618697,0.248229665116235,0.0317752921337576,0.104788407917561
"dlm","RQR","upper",0.632649363781239,0.000213887803244796,-0.1449906293567,0.0249443770618697,0.248229665116235,0.0317752921337576,0.104788407917561
"dlm","RQR","upper",0.634839159752623,0.000185889573153053,-0.1449906293567,0.0249443770618697,0.248229665116235,0.0317752921337576,0.104788407917561
"dlm","RQR","upper",0.637028955724007,0.000167237790686486,-0.1449906293567,0.0249443770618697,0.248229665116235,0.0317752921337576,0.104788407917561
"dlm","RQR","upper",0.639218751695391,0.000163622128139756,-0.1449906293567,0.0249443770618697,0.248229665116235,0.0317752921337576,0.104788407917561
"dlm","RQR","upper",0.641408547666775,0.000158300399964528,-0.1449906293567,0.0249443770618697,0.248229665116235,0.0317752921337576,0.104788407917561
"dlm","RQR","upper",0.643598343638158,0.000138213949446525,-0.1449906293567,0.0249443770618697,0.248229665116235,0.0317752921337576,0.104788407917561
"dlm","RQR","upper",0.645788139609542,0.00011729502876351,-0.1449906293567,0.0249443770618697,0.248229665116235,0.0317752921337576,0.104788407917561
"dlm","RQR","upper",0.647977935580926,0.000111108799790307,-0.1449906293567,0.0249443770618697,0.248229665116235,0.0317752921337576,0.104788407917561
"dlm","RQR","upper",0.65016773155231,0.000115046031042033,-0.1449906293567,0.0249443770618697,0.248229665116235,0.0317752921337576,0.104788407917561
"dlm","RQR","upper",0.652357527523694,0.000118115795766832,-0.1449906293567,0.0249443770618697,0.248229665116235,0.0317752921337576,0.104788407917561
"dlm","RQR","upper",0.654547323495078,0.000113474771006561,-0.1449906293567,0.0249443770618697,0.248229665116235,0.0317752921337576,0.104788407917561
"dlm","RQR","upper",0.656737119466462,9.94360833336195e-05,-0.1449906293567,0.0249443770618697,0.248229665116235,0.0317752921337576,0.104788407917561
"dlm","RQR","upper",0.658926915437846,7.98383242555829e-05,-0.1449906293567,0.0249443770618697,0.248229665116235,0.0317752921337576,0.104788407917561
"dlm","RQR","upper",0.66111671140923,6.10849049555234e-05,-0.1449906293567,0.0249443770618697,0.248229665116235,0.0317752921337576,0.104788407917561
"dlm","RQR","upper",0.663306507380614,4.70426869585825e-05,-0.1449906293567,0.0249443770618697,0.248229665116235,0.0317752921337576,0.104788407917561
"dlm","RQR","upper",0.665496303351998,3.72143820202355e-05,-0.1449906293567,0.0249443770618697,0.248229665116235,0.0317752921337576,0.104788407917561
"dlm","RQR","upper",0.667686099323382,3.04173879720942e-05,-0.1449906293567,0.0249443770618697,0.248229665116235,0.0317752921337576,0.104788407917561
"dlm","RQR","upper",0.669875895294766,2.5529929141798e-05,-0.1449906293567,0.0249443770618697,0.248229665116235,0.0317752921337576,0.104788407917561
"dlm","RQR","upper",0.67206569126615,2.19705668066735e-05,-0.1449906293567,0.0249443770618697,0.248229665116235,0.0317752921337576,0.104788407917561
"dlm","RQR","upper",0.674255487237534,2.25912541816657e-05,-0.1449906293567,0.0249443770618697,0.248229665116235,0.0317752921337576,0.104788407917561
"dlm","RQR","upper",0.676445283208918,2.85509309785575e-05,-0.1449906293567,0.0249443770618697,0.248229665116235,0.0317752921337576,0.104788407917561
"dlm","RQR","upper",0.678635079180302,3.45604164382823e-05,-0.1449906293567,0.0249443770618697,0.248229665116235,0.0317752921337576,0.104788407917561
"dlm","RQR","upper",0.680824875151686,3.57882315019929e-05,-0.1449906293567,0.0249443770618697,0.248229665116235,0.0317752921337576,0.104788407917561
"dlm","RQR","upper",0.68301467112307,3.21367660408531e-05,-0.1449906293567,0.0249443770618697,0.248229665116235,0.0317752921337576,0.104788407917561
"dlm","RQR","upper",0.685204467094453,2.60085428484306e-05,-0.1449906293567,0.0249443770618697,0.248229665116235,0.0317752921337576,0.104788407917561
"dlm","RQR","upper",0.687394263065837,2.05365497282582e-05,-0.1449906293567,0.0249443770618697,0.248229665116235,0.0317752921337576,0.104788407917561
"dlm","RQR","upper",0.689584059037221,1.84901735079722e-05,-0.1449906293567,0.0249443770618697,0.248229665116235,0.0317752921337576,0.104788407917561
"dlm","RQR","upper",0.691773855008605,2.1317749045973e-05,-0.1449906293567,0.0249443770618697,0.248229665116235,0.0317752921337576,0.104788407917561
"dlm","RQR","upper",0.693963650979989,2.71183901267444e-05,-0.1449906293567,0.0249443770618697,0.248229665116235,0.0317752921337576,0.104788407917561
"dlm","RQR","upper",0.696153446951373,3.0311171890427e-05,-0.1449906293567,0.0249443770618697,0.248229665116235,0.0317752921337576,0.104788407917561
"dlm","RQR","upper",0.698343242922757,2.63401182219149e-05,-0.1449906293567,0.0249443770618697,0.248229665116235,0.0317752921337576,0.104788407917561
"dlm","RQR","upper",0.700533038894141,1.69421638708612e-05,-0.1449906293567,0.0249443770618697,0.248229665116235,0.0317752921337576,0.104788407917561
"dlm","RQR","upper",0.702722834865525,8.36611737407348e-06,-0.1449906293567,0.0249443770618697,0.248229665116235,0.0317752921337576,0.104788407917561
"dlm","RQR","upper",0.704912630836909,4.57878284991981e-06,-0.1449906293567,0.0249443770618697,0.248229665116235,0.0317752921337576,0.104788407917561
"dlm","RQR","upper",0.707102426808293,4.54421145943658e-06,-0.1449906293567,0.0249443770618697,0.248229665116235,0.0317752921337576,0.104788407917561
"dlm","RQR","upper",0.709292222779677,5.76670206262055e-06,-0.1449906293567,0.0249443770618697,0.248229665116235,0.0317752921337576,0.104788407917561
"dlm","RQR","upper",0.711482018751061,7.64221844920029e-06,-0.1449906293567,0.0249443770618697,0.248229665116235,0.0317752921337576,0.104788407917561
"dlm","RQR","upper",0.713671814722445,9.96355975733434e-06,-0.1449906293567,0.0249443770618697,0.248229665116235,0.0317752921337576,0.104788407917561
"dlm","RQR","upper",0.715861610693829,1.12396395603792e-05,-0.1449906293567,0.0249443770618697,0.248229665116235,0.0317752921337576,0.104788407917561
"dlm","RQR","upper",0.718051406665213,1.09519521898275e-05,-0.1449906293567,0.0249443770618697,0.248229665116235,0.0317752921337576,0.104788407917561
"dlm","RQR","upper",0.720241202636597,9.92211418671267e-06,-0.1449906293567,0.0249443770618697,0.248229665116235,0.0317752921337576,0.104788407917561
"dlm","RQR","upper",0.722430998607981,8.29990844738343e-06,-0.1449906293567,0.0249443770618697,0.248229665116235,0.0317752921337576,0.104788407917561
"dlm","RQR","upper",0.724620794579365,7.41308028370266e-06,-0.1449906293567,0.0249443770618697,0.248229665116235,0.0317752921337576,0.104788407917561
"dlm","RQR","upper",0.726810590550748,1.04151321859979e-05,-0.1449906293567,0.0249443770618697,0.248229665116235,0.0317752921337576,0.104788407917561
"dlm","RQR","upper",0.729000386522132,1.60097987571529e-05,-0.1449906293567,0.0249443770618697,0.248229665116235,0.0317752921337576,0.104788407917561
"dlm","RQR","upper",0.731190182493516,1.7231173088909e-05,-0.1449906293567,0.0249443770618697,0.248229665116235,0.0317752921337576,0.104788407917561
"dlm","RQR","upper",0.7333799784649,1.14694054358929e-05,-0.1449906293567,0.0249443770618697,0.248229665116235,0.0317752921337576,0.104788407917561
"dlm","RQR","upper",0.735569774436284,4.5594691538827e-06,-0.1449906293567,0.0249443770618697,0.248229665116235,0.0317752921337576,0.104788407917561
"dlm","RQR","upper",0.737759570407668,1.06859658055387e-06,-0.1449906293567,0.0249443770618697,0.248229665116235,0.0317752921337576,0.104788407917561
"dlm","RQR","upper",0.739949366379052,1.45735720989836e-07,-0.1449906293567,0.0249443770618697,0.248229665116235,0.0317752921337576,0.104788407917561
"dlm","ET","lower",-0.9804767944137,5.44299568233561e-08,-0.337405521268028,0.13710446031108,0.601513215707375,0.135618792241819,0.277294225503019
"dlm","ET","lower",-0.975987006079333,3.02501767254059e-07,-0.337405521268028,0.13710446031108,0.601513215707375,0.135618792241819,0.277294225503019
"dlm","ET","lower",-0.971497217744966,1.1305330332996e-06,-0.337405521268028,0.13710446031108,0.601513215707375,0.135618792241819,0.277294225503019
"dlm","ET","lower",-0.967007429410599,2.99017904656823e-06,-0.337405521268028,0.13710446031108,0.601513215707375,0.135618792241819,0.277294225503019
"dlm","ET","lower",-0.962517641076232,6.01579034233416e-06,-0.337405521268028,0.13710446031108,0.601513215707375,0.135618792241819,0.277294225503019
"dlm","ET","lower",-0.958027852741865,9.93942652625772e-06,-0.337405521268028,0.13710446031108,0.601513215707375,0.135618792241819,0.277294225503019
"dlm","ET","lower",-0.953538064407498,1.42034898007819e-05,-0.337405521268028,0.13710446031108,0.601513215707375,0.135618792241819,0.277294225503019
"dlm","ET","lower",-0.949048276073131,1.79370276315955e-05,-0.337405521268028,0.13710446031108,0.601513215707375,0.135618792241819,0.277294225503019
"dlm","ET","lower",-0.944558487738764,2.05597839495377e-05,-0.337405521268028,0.13710446031108,0.601513215707375,0.135618792241819,0.277294225503019
"dlm","ET","lower",-0.940068699404397,2.29243968053517e-05,-0.337405521268028,0.13710446031108,0.601513215707375,0.135618792241819,0.277294225503019
"dlm","ET","lower",-0.93557891107003,2.70207520082811e-05,-0.337405521268028,0.13710446031108,0.601513215707375,0.135618792241819,0.277294225503019
"dlm","ET","lower",-0.931089122735663,3.37595408984983e-05,-0.337405521268028,0.13710446031108,0.601513215707375,0.135618792241819,0.277294225503019
"dlm","ET","lower",-0.926599334401296,4.16436737921878e-05,-0.337405521268028,0.13710446031108,0.601513215707375,0.135618792241819,0.277294225503019
"dlm","ET","lower",-0.922109546066929,4.84798371994257e-05,-0.337405521268028,0.13710446031108,0.601513215707375,0.135618792241819,0.277294225503019
"dlm","ET","lower",-0.917619757732562,5.36360656167614e-05,-0.337405521268028,0.13710446031108,0.601513215707375,0.135618792241819,0.277294225503019
"dlm","ET","lower",-0.913129969398195,5.77852187476186e-05,-0.337405521268028,0.13710446031108,0.601513215707375,0.135618792241819,0.277294225503019
"dlm","ET","lower",-0.908640181063828,6.20380964374484e-05,-0.337405521268028,0.13710446031108,0.601513215707375,0.135618792241819,0.277294225503019
"dlm","ET","lower",-0.904150392729461,6.84406646886567e-05,-0.337405521268028,0.13710446031108,0.601513215707375,0.135618792241819,0.277294225503019
"dlm","ET","lower",-0.899660604395094,7.93489855582983e-05,-0.337405521268028,0.13710446031108,0.601513215707375,0.135618792241819,0.277294225503019
"dlm","ET","lower",-0.895170816060727,9.47843147403911e-05,-0.337405521268028,0.13710446031108,0.601513215707375,0.135618792241819,0.277294225503019
"dlm","ET","lower",-0.89068102772636,0.000112198267241206,-0.337405521268028,0.13710446031108,0.601513215707375,0.135618792241819,0.277294225503019
"dlm","ET","lower",-0.886191239391993,0.000130479941612735,-0.337405521268028,0.13710446031108,0.601513215707375,0.135618792241819,0.277294225503019
"dlm","ET","lower",-0.881701451057626,0.000151843814175462,-0.337405521268028,0.13710446031108,0.601513215707375,0.135618792241819,0.277294225503019
"dlm","ET","lower",-0.877211662723259,0.000177182223544711,-0.337405521268028,0.13710446031108,0.601513215707375,0.135618792241819,0.277294225503019
"dlm","ET","lower",-0.872721874388892,0.000201871126226997,-0.337405521268028,0.13710446031108,0.601513215707375,0.135618792241819,0.277294225503019
"dlm","ET","lower",-0.868232086054525,0.000219616229865336,-0.337405521268028,0.13710446031108,0.601513215707375,0.135618792241819,0.277294225503019
"dlm","ET","lower",-0.863742297720158,0.000229008431820835,-0.337405521268028,0.13710446031108,0.601513215707375,0.135618792241819,0.277294225503019
"dlm","ET","lower",-0.859252509385791,0.000232770484027824,-0.337405521268028,0.13710446031108,0.601513215707375,0.135618792241819,0.277294225503019
"dlm","ET","lower",-0.854762721051424,0.000233979890012925,-0.337405521268028,0.13710446031108,0.601513215707375,0.135618792241819,0.277294225503019
"dlm","ET","lower",-0.850272932717057,0.00023713640298087,-0.337405521268028,0.13710446031108,0.601513215707375,0.135618792241819,0.277294225503019
"dlm","ET","lower",-0.84578314438269,0.000246010878694332,-0.337405521268028,0.13710446031108,0.601513215707375,0.135618792241819,0.277294225503019
"dlm","ET","lower",-0.841293356048323,0.000258625704765596,-0.337405521268028,0.13710446031108,0.601513215707375,0.135618792241819,0.277294225503019
"dlm","ET","lower",-0.836803567713956,0.000271859062749686,-0.337405521268028,0.13710446031108,0.601513215707375,0.135618792241819,0.277294225503019
"dlm","ET","lower",-0.832313779379589,0.000287821018268546,-0.337405521268028,0.13710446031108,0.601513215707375,0.135618792241819,0.277294225503019
"dlm","ET","lower",-0.827823991045222,0.00030959335766651,-0.337405521268028,0.13710446031108,0.601513215707375,0.135618792241819,0.277294225503019
"dlm","ET","lower",-0.823334202710855,0.000336011353830953,-0.337405521268028,0.13710446031108,0.601513215707375,0.135618792241819,0.277294225503019
"dlm","ET","lower",-0.818844414376488,0.000364653373251669,-0.337405521268028,0.13710446031108,0.601513215707375,0.135618792241819,0.277294225503019
"dlm","ET","lower",-0.814354626042121,0.00039757644038675,-0.337405521268028,0.13710446031108,0.601513215707375,0.135618792241819,0.277294225503019
"dlm","ET","lower",-0.809864837707754,0.000441225996676083,-0.337405521268028,0.13710446031108,0.601513215707375,0.135618792241819,0.277294225503019
"dlm","ET","lower",-0.805375049373387,0.000496796504164722,-0.337405521268028,0.13710446031108,0.601513215707375,0.135618792241819,0.277294225503019
"dlm","ET","lower",-0.80088526103902,0.000555783592963829,-0.337405521268028,0.13710446031108,0.601513215707375,0.135618792241819,0.277294225503019
"dlm","ET","lower",-0.796395472704653,0.000607939482755277,-0.337405521268028,0.13710446031108,0.601513215707375,0.135618792241819,0.277294225503019
"dlm","ET","lower",-0.791905684370286,0.000649232495669797,-0.337405521268028,0.13710446031108,0.601513215707375,0.135618792241819,0.277294225503019
"dlm","ET","lower",-0.787415896035919,0.000679216899114528,-0.337405521268028,0.13710446031108,0.601513215707375,0.135618792241819,0.277294225503019
"dlm","ET","lower",-0.782926107701552,0.000700531725500095,-0.337405521268028,0.13710446031108,0.601513215707375,0.135618792241819,0.277294225503019
"dlm","ET","lower",-0.778436319367185,0.000722473911381913,-0.337405521268028,0.13710446031108,0.601513215707375,0.135618792241819,0.277294225503019
"dlm","ET","lower",-0.773946531032818,0.00075589176045512,-0.337405521268028,0.13710446031108,0.601513215707375,0.135618792241819,0.277294225503019
"dlm","ET","lower",-0.769456742698451,0.000803287081704964,-0.337405521268028,0.13710446031108,0.601513215707375,0.135618792241819,0.277294225503019
"dlm","ET","lower",-0.764966954364084,0.000858793774798625,-0.337405521268028,0.13710446031108,0.601513215707375,0.135618792241819,0.277294225503019
"dlm","ET","lower",-0.760477166029716,0.000916036860190688,-0.337405521268028,0.13710446031108,0.601513215707375,0.135618792241819,0.277294225503019
"dlm","ET","lower",-0.75598737769535,0.00097232388842268,-0.337405521268028,0.13710446031108,0.601513215707375,0.135618792241819,0.277294225503019
"dlm","ET","lower",-0.751497589360983,0.00103186591355107,-0.337405521268028,0.13710446031108,0.601513215707375,0.135618792241819,0.277294225503019
"dlm","ET","lower",-0.747007801026615,0.00111133064342026,-0.337405521268028,0.13710446031108,0.601513215707375,0.135618792241819,0.277294225503019
"dlm","ET","lower",-0.742518012692248,0.00123051374892247,-0.337405521268028,0.13710446031108,0.601513215707375,0.135618792241819,0.277294225503019
"dlm","ET","lower",-0.738028224357882,0.00138695928590929,-0.337405521268028,0.13710446031108,0.601513215707375,0.135618792241819,0.277294225503019
"dlm","ET","lower",-0.733538436023514,0.0015491171643516,-0.337405521268028,0.13710446031108,0.601513215707375,0.135618792241819,0.277294225503019
"dlm","ET","lower",-0.729048647689147,0.0016834312850503,-0.337405521268028,0.13710446031108,0.601513215707375,0.135618792241819,0.277294225503019
"dlm","ET","lower",-0.72455885935478,0.00178464731230146,-0.337405521268028,0.13710446031108,0.601513215707375,0.135618792241819,0.277294225503019
"dlm","ET","lower",-0.720069071020413,0.00187979130111437,-0.337405521268028,0.13710446031108,0.601513215707375,0.135618792241819,0.277294225503019
"dlm","ET","lower",-0.715579282686046,0.00200553309488155,-0.337405521268028,0.13710446031108,0.601513215707375,0.135618792241819,0.277294225503019
"dlm","ET","lower",-0.711089494351679,0.00217526050022939,-0.337405521268028,0.13710446031108,0.601513215707375,0.135618792241819,0.277294225503019
"dlm","ET","lower",-0.706599706017312,0.00236528320120501,-0.337405521268028,0.13710446031108,0.601513215707375,0.135618792241819,0.277294225503019
"dlm","ET","lower",-0.702109917682945,0.00253737933521957,-0.337405521268028,0.13710446031108,0.601513215707375,0.135618792241819,0.277294225503019
"dlm","ET","lower",-0.697620129348578,0.0026745927864358,-0.337405521268028,0.13710446031108,0.601513215707375,0.135618792241819,0.277294225503019
"dlm","ET","lower",-0.693130341014211,0.0027972581354517,-0.337405521268028,0.13710446031108,0.601513215707375,0.135618792241819,0.277294225503019
"dlm","ET","lower",-0.688640552679844,0.00294795714617468,-0.337405521268028,0.13710446031108,0.601513215707375,0.135618792241819,0.277294225503019
"dlm","ET","lower",-0.684150764345477,0.00315829422718709,-0.337405521268028,0.13710446031108,0.601513215707375,0.135618792241819,0.277294225503019
"dlm","ET","lower",-0.67966097601111,0.00343362546958243,-0.337405521268028,0.13710446031108,0.601513215707375,0.135618792241819,0.277294225503019
"dlm","ET","lower",-0.675171187676743,0.00376900520800801,-0.337405521268028,0.13710446031108,0.601513215707375,0.135618792241819,0.277294225503019
"dlm","ET","lower",-0.670681399342376,0.00415970967390445,-0.337405521268028,0.13710446031108,0.601513215707375,0.135618792241819,0.277294225503019
"dlm","ET","lower",-0.666191611008009,0.00458961071602665,-0.337405521268028,0.13710446031108,0.601513215707375,0.135618792241819,0.277294225503019
"dlm","ET","lower",-0.661701822673642,0.00502934721156414,-0.337405521268028,0.13710446031108,0.601513215707375,0.135618792241819,0.277294225503019
"dlm","ET","lower",-0.657212034339275,0.00545666930162215,-0.337405521268028,0.13710446031108,0.601513215707375,0.135618792241819,0.277294225503019
"dlm","ET","lower",-0.652722246004908,0.0058723574459426,-0.337405521268028,0.13710446031108,0.601513215707375,0.135618792241819,0.277294225503019
"dlm","ET","lower",-0.648232457670541,0.00629659291195115,-0.337405521268028,0.13710446031108,0.601513215707375,0.135618792241819,0.277294225503019
"dlm","ET","lower",-0.643742669336174,0.00675692960347149,-0.337405521268028,0.13710446031108,0.601513215707375,0.135618792241819,0.277294225503019
"dlm","ET","lower",-0.639252881001807,0.0072767517094552,-0.337405521268028,0.13710446031108,0.601513215707375,0.135618792241819,0.277294225503019
"dlm","ET","lower",-0.63476309266744,0.0078534029414086,-0.337405521268028,0.13710446031108,0.601513215707375,0.135618792241819,0.277294225503019
"dlm","ET","lower",-0.630273304333073,0.00845822959829128,-0.337405521268028,0.13710446031108,0.601513215707375,0.135618792241819,0.277294225503019
"dlm","ET","lower",-0.625783515998706,0.00908539727527618,-0.337405521268028,0.13710446031108,0.601513215707375,0.135618792241819,0.277294225503019
"dlm","ET","lower",-0.621293727664339,0.00976043256263218,-0.337405521268028,0.13710446031108,0.601513215707375,0.135618792241819,0.277294225503019
"dlm","ET","lower",-0.616803939329972,0.0104733943166967,-0.337405521268028,0.13710446031108,0.601513215707375,0.135618792241819,0.277294225503019
"dlm","ET","lower",-0.612314150995605,0.0111743724511745,-0.337405521268028,0.13710446031108,0.601513215707375,0.135618792241819,0.277294225503019
"dlm","ET","lower",-0.607824362661238,0.0118635197543792,-0.337405521268028,0.13710446031108,0.601513215707375,0.135618792241819,0.277294225503019
"dlm","ET","lower",-0.603334574326871,0.0125820110684198,-0.337405521268028,0.13710446031108,0.601513215707375,0.135618792241819,0.277294225503019
"dlm","ET","lower",-0.598844785992504,0.0133294468221228,-0.337405521268028,0.13710446031108,0.601513215707375,0.135618792241819,0.277294225503019
"dlm","ET","lower",-0.594354997658137,0.0140764768300302,-0.337405521268028,0.13710446031108,0.601513215707375,0.135618792241819,0.277294225503019
"dlm","ET","lower",-0.58986520932377,0.0148194082591301,-0.337405521268028,0.13710446031108,0.601513215707375,0.135618792241819,0.277294225503019
"dlm","ET","lower",-0.585375420989403,0.015585072204901,-0.337405521268028,0.13710446031108,0.601513215707375,0.135618792241819,0.277294225503019
"dlm","ET","lower",-0.580885632655036,0.0164357981183906,-0.337405521268028,0.13710446031108,0.601513215707375,0.135618792241819,0.277294225503019
"dlm","ET","lower",-0.576395844320669,0.0174486409382461,-0.337405521268028,0.13710446031108,0.601513215707375,0.135618792241819,0.277294225503019
"dlm","ET","lower",-0.571906055986302,0.0186493056153313,-0.337405521268028,0.13710446031108,0.601513215707375,0.135618792241819,0.277294225503019
"dlm","ET","lower",-0.567416267651935,0.0199995097321807,-0.337405521268028,0.13710446031108,0.601513215707375,0.135618792241819,0.277294225503019
"dlm","ET","lower",-0.562926479317568,0.0214513079740457,-0.337405521268028,0.13710446031108,0.601513215707375,0.135618792241819,0.277294225503019
"dlm","ET","lower",-0.558436690983201,0.0229845474738334,-0.337405521268028,0.13710446031108,0.601513215707375,0.135618792241819,0.277294225503019
"dlm","ET","lower",-0.553946902648834,0.0246112721720803,-0.337405521268028,0.13710446031108,0.601513215707375,0.135618792241819,0.277294225503019
"dlm","ET","lower",-0.549457114314467,0.0263650131939361,-0.337405521268028,0.13710446031108,0.601513215707375,0.135618792241819,0.277294225503019
"dlm","ET","lower",-0.5449673259801,0.028259669124746,-0.337405521268028,0.13710446031108,0.601513215707375,0.135618792241819,0.277294225503019
"dlm","ET","lower",-0.540477537645733,0.0302419004714186,-0.337405521268028,0.13710446031108,0.601513215707375,0.135618792241819,0.277294225503019
"dlm","ET","lower",-0.535987749311366,0.0322020526528881,-0.337405521268028,0.13710446031108,0.601513215707375,0.135618792241819,0.277294225503019
"dlm","ET","lower",-0.531497960976999,0.0340589249126996,-0.337405521268028,0.13710446031108,0.601513215707375,0.135618792241819,0.277294225503019
"dlm","ET","lower",-0.527008172642632,0.0358474925332394,-0.337405521268028,0.13710446031108,0.601513215707375,0.135618792241819,0.277294225503019
"dlm","ET","lower",-0.522518384308265,0.037714891121716,-0.337405521268028,0.13710446031108,0.601513215707375,0.135618792241819,0.277294225503019
"dlm","ET","lower",-0.518028595973898,0.0398116963439862,-0.337405521268028,0.13710446031108,0.601513215707375,0.135618792241819,0.277294225503019
"dlm","ET","lower",-0.513538807639531,0.0421823290979033,-0.337405521268028,0.13710446031108,0.601513215707375,0.135618792241819,0.277294225503019
"dlm","ET","lower",-0.509049019305164,0.0447563491008972,-0.337405521268028,0.13710446031108,0.601513215707375,0.135618792241819,0.277294225503019
"dlm","ET","lower",-0.504559230970797,0.047423054107866,-0.337405521268028,0.13710446031108,0.601513215707375,0.135618792241819,0.277294225503019
"dlm","ET","lower",-0.50006944263643,0.0501069283251666,-0.337405521268028,0.13710446031108,0.601513215707375,0.135618792241819,0.277294225503019
"dlm","ET","lower",-0.495579654302063,0.052790421036741,-0.337405521268028,0.13710446031108,0.601513215707375,0.135618792241819,0.277294225503019
"dlm","ET","lower",-0.491089865967696,0.0554851023206948,-0.337405521268028,0.13710446031108,0.601513215707375,0.135618792241819,0.277294225503019
"dlm","ET","lower",-0.486600077633329,0.0582094280009648,-0.337405521268028,0.13710446031108,0.601513215707375,0.135618792241819,0.277294225503019
"dlm","ET","lower",-0.482110289298962,0.0610127900003732,-0.337405521268028,0.13710446031108,0.601513215707375,0.135618792241819,0.277294225503019
"dlm","ET","lower",-0.477620500964595,0.0640015639225978,-0.337405521268028,0.13710446031108,0.601513215707375,0.135618792241819,0.277294225503019
"dlm","ET","lower",-0.473130712630228,0.0673173048240786,-0.337405521268028,0.13710446031108,0.601513215707375,0.135618792241819,0.277294225503019
"dlm","ET","lower",-0.468640924295861,0.0710493147211534,-0.337405521268028,0.13710446031108,0.601513215707375,0.135618792241819,0.277294225503019
"dlm","ET","lower",-0.464151135961494,0.0751240918169109,-0.337405521268028,0.13710446031108,0.601513215707375,0.135618792241819,0.277294225503019
"dlm","ET","lower",-0.459661347627127,0.0793301112299688,-0.337405521268028,0.13710446031108,0.601513215707375,0.135618792241819,0.277294225503019
"dlm","ET","lower",-0.45517155929276,0.0835218274420731,-0.337405521268028,0.13710446031108,0.601513215707375,0.135618792241819,0.277294225503019
"dlm","ET","lower",-0.450681770958393,0.087734567217999,-0.337405521268028,0.13710446031108,0.601513215707375,0.135618792241819,0.277294225503019
"dlm","ET","lower",-0.446191982624026,0.0920204985590649,-0.337405521268028,0.13710446031108,0.601513215707375,0.135618792241819,0.277294225503019
"dlm","ET","lower",-0.441702194289659,0.0963447799465621,-0.337405521268028,0.13710446031108,0.601513215707375,0.135618792241819,0.277294225503019
"dlm","ET","lower",-0.437212405955292,0.100744350032525,-0.337405521268028,0.13710446031108,0.601513215707375,0.135618792241819,0.277294225503019
"dlm","ET","lower",-0.432722617620925,0.105351990034416,-0.337405521268028,0.13710446031108,0.601513215707375,0.135618792241819,0.277294225503019
"dlm","ET","lower",-0.428232829286558,0.110200055847993,-0.337405521268028,0.13710446031108,0.601513215707375,0.135618792241819,0.277294225503019
"dlm","ET","lower",-0.423743040952191,0.115226797380179,-0.337405521268028,0.13710446031108,0.601513215707375,0.135618792241819,0.277294225503019
"dlm","ET","lower",-0.419253252617824,0.120490498731689,-0.337405521268028,0.13710446031108,0.601513215707375,0.135618792241819,0.277294225503019
"dlm","ET","lower",-0.414763464283457,0.1261147010764,-0.337405521268028,0.13710446031108,0.601513215707375,0.135618792241819,0.277294225503019
"dlm","ET","lower",-0.41027367594909,0.132073154502859,-0.337405521268028,0.13710446031108,0.601513215707375,0.135618792241819,0.277294225503019
"dlm","ET","lower",-0.405783887614723,0.138218598576941,-0.337405521268028,0.13710446031108,0.601513215707375,0.135618792241819,0.277294225503019
"dlm","ET","lower",-0.401294099280356,0.144453060634857,-0.337405521268028,0.13710446031108,0.601513215707375,0.135618792241819,0.277294225503019
"dlm","ET","lower",-0.396804310945989,0.150833317234226,-0.337405521268028,0.13710446031108,0.601513215707375,0.135618792241819,0.277294225503019
"dlm","ET","lower",-0.392314522611622,0.157519084381057,-0.337405521268028,0.13710446031108,0.601513215707375,0.135618792241819,0.277294225503019
"dlm","ET","lower",-0.387824734277255,0.16456372947011,-0.337405521268028,0.13710446031108,0.601513215707375,0.135618792241819,0.277294225503019
"dlm","ET","lower",-0.383334945942888,0.171762317845156,-0.337405521268028,0.13710446031108,0.601513215707375,0.135618792241819,0.277294225503019
"dlm","ET","lower",-0.378845157608521,0.178822735842839,-0.337405521268028,0.13710446031108,0.601513215707375,0.135618792241819,0.277294225503019
"dlm","ET","lower",-0.374355369274154,0.185751419259582,-0.337405521268028,0.13710446031108,0.601513215707375,0.135618792241819,0.277294225503019
"dlm","ET","lower",-0.369865580939786,0.192870350424474,-0.337405521268028,0.13710446031108,0.601513215707375,0.135618792241819,0.277294225503019
"dlm","ET","lower",-0.36537579260542,0.200399225873688,-0.337405521268028,0.13710446031108,0.601513215707375,0.135618792241819,0.277294225503019
"dlm","ET","lower",-0.360886004271053,0.208305273681973,-0.337405521268028,0.13710446031108,0.601513215707375,0.135618792241819,0.277294225503019
"dlm","ET","lower",-0.356396215936685,0.216547917533799,-0.337405521268028,0.13710446031108,0.601513215707375,0.135618792241819,0.277294225503019
"dlm","ET","lower",-0.351906427602318,0.225179110627071,-0.337405521268028,0.13710446031108,0.601513215707375,0.135618792241819,0.277294225503019
"dlm","ET","lower",-0.347416639267952,0.234201972772176,-0.337405521268028,0.13710446031108,0.601513215707375,0.135618792241819,0.277294225503019
"dlm","ET","lower",-0.342926850933584,0.243483580388993,-0.337405521268028,0.13710446031108,0.601513215707375,0.135618792241819,0.277294225503019
"dlm","ET","lower",-0.338437062599217,0.25284341437473,-0.337405521268028,0.13710446031108,0.601513215707375,0.135618792241819,0.277294225503019
"dlm","ET","lower",-0.33394727426485,0.262244498186833,-0.337405521268028,0.13710446031108,0.601513215707375,0.135618792241819,0.277294225503019
"dlm","ET","lower",-0.329457485930483,0.271820380278365,-0.337405521268028,0.13710446031108,0.601513215707375,0.135618792241819,0.277294225503019
"dlm","ET","lower",-0.324967697596116,0.281602489018408,-0.337405521268028,0.13710446031108,0.601513215707375,0.135618792241819,0.277294225503019
"dlm","ET","lower",-0.320477909261749,0.291389315464248,-0.337405521268028,0.13710446031108,0.601513215707375,0.135618792241819,0.277294225503019
"dlm","ET","lower",-0.315988120927382,0.301087951584914,-0.337405521268028,0.13710446031108,0.601513215707375,0.135618792241819,0.277294225503019
"dlm","ET","lower",-0.311498332593015,0.310995552280387,-0.337405521268028,0.13710446031108,0.601513215707375,0.135618792241819,0.277294225503019
"dlm","ET","lower",-0.307008544258648,0.32148565392995,-0.337405521268028,0.13710446031108,0.601513215707375,0.135618792241819,0.277294225503019
"dlm","ET","lower",-0.302518755924281,0.332562891881703,-0.337405521268028,0.13710446031108,0.601513215707375,0.135618792241819,0.277294225503019
"dlm","ET","lower",-0.298028967589914,0.343981170091963,-0.337405521268028,0.13710446031108,0.601513215707375,0.135618792241819,0.277294225503019
"dlm","ET","lower",-0.293539179255547,0.355645189139822,-0.337405521268028,0.13710446031108,0.601513215707375,0.135618792241819,0.277294225503019
"dlm","ET","lower",-0.28904939092118,0.367601530964888,-0.337405521268028,0.13710446031108,0.601513215707375,0.135618792241819,0.277294225503019
"dlm","ET","lower",-0.284559602586813,0.379804222450302,-0.337405521268028,0.13710446031108,0.601513215707375,0.135618792241819,0.277294225503019
"dlm","ET","lower",-0.280069814252446,0.392202730126232,-0.337405521268028,0.13710446031108,0.601513215707375,0.135618792241819,0.277294225503019
"dlm","ET","lower",-0.275580025918079,0.404885463316242,-0.337405521268028,0.13710446031108,0.601513215707375,0.135618792241819,0.277294225503019
"dlm","ET","lower",-0.271090237583712,0.417863829595938,-0.337405521268028,0.13710446031108,0.601513215707375,0.135618792241819,0.277294225503019
"dlm","ET","lower",-0.266600449249345,0.430887867360453,-0.337405521268028,0.13710446031108,0.601513215707375,0.135618792241819,0.277294225503019
"dlm","ET","lower",-0.262110660914978,0.443773084382372,-0.337405521268028,0.13710446031108,0.601513215707375,0.135618792241819,0.277294225503019
"dlm","ET","lower",-0.257620872580611,0.456779784516952,-0.337405521268028,0.13710446031108,0.601513215707375,0.135618792241819,0.277294225503019
"dlm","ET","lower",-0.253131084246244,0.470276726486324,-0.337405521268028,0.13710446031108,0.601513215707375,0.135618792241819,0.277294225503019
"dlm","ET","lower",-0.248641295911877,0.48415469373617,-0.337405521268028,0.13710446031108,0.601513215707375,0.135618792241819,0.277294225503019
"dlm","ET","lower",-0.24415150757751,0.498043663659019,-0.337405521268028,0.13710446031108,0.601513215707375,0.135618792241819,0.277294225503019
"dlm","ET","lower",-0.239661719243143,0.511936421817904,-0.337405521268028,0.13710446031108,0.601513215707375,0.135618792241819,0.277294225503019
"dlm","ET","lower",-0.235171930908776,0.526125403926754,-0.337405521268028,0.13710446031108,0.601513215707375,0.135618792241819,0.277294225503019
"dlm","ET","lower",-0.230682142574409,0.540785369701954,-0.337405521268028,0.13710446031108,0.601513215707375,0.135618792241819,0.277294225503019
"dlm","ET","lower",-0.226192354240042,0.556014183144882,-0.337405521268028,0.13710446031108,0.601513215707375,0.135618792241819,0.277294225503019
"dlm","ET","lower",-0.221702565905675,0.571802944955077,-0.337405521268028,0.13710446031108,0.601513215707375,0.135618792241819,0.277294225503019
"dlm","ET","lower",-0.217212777571308,0.587747379913591,-0.337405521268028,0.13710446031108,0.601513215707375,0.135618792241819,0.277294225503019
"dlm","ET","lower",-0.212722989236941,0.603422713407822,-0.337405521268028,0.13710446031108,0.601513215707375,0.135618792241819,0.277294225503019
"dlm","ET","lower",-0.208233200902574,0.61888380429323,-0.337405521268028,0.13710446031108,0.601513215707375,0.135618792241819,0.277294225503019
"dlm","ET","lower",-0.203743412568207,0.634635413160921,-0.337405521268028,0.13710446031108,0.601513215707375,0.135618792241819,0.277294225503019
"dlm","ET","lower",-0.19925362423384,0.651131307077875,-0.337405521268028,0.13710446031108,0.601513215707375,0.135618792241819,0.277294225503019
"dlm","ET","lower",-0.194763835899473,0.668468370389129,-0.337405521268028,0.13710446031108,0.601513215707375,0.135618792241819,0.277294225503019
"dlm","ET","lower",-0.190274047565106,0.686438511022802,-0.337405521268028,0.13710446031108,0.601513215707375,0.135618792241819,0.277294225503019
"dlm","ET","lower",-0.185784259230739,0.704592247307034,-0.337405521268028,0.13710446031108,0.601513215707375,0.135618792241819,0.277294225503019
"dlm","ET","lower",-0.181294470896372,0.722468422821067,-0.337405521268028,0.13710446031108,0.601513215707375,0.135618792241819,0.277294225503019
"dlm","ET","lower",-0.176804682562005,0.739964640399756,-0.337405521268028,0.13710446031108,0.601513215707375,0.135618792241819,0.277294225503019
"dlm","ET","lower",-0.172314894227638,0.757335240381129,-0.337405521268028,0.13710446031108,0.601513215707375,0.135618792241819,0.277294225503019
"dlm","ET","lower",-0.167825105893271,0.774891432050402,-0.337405521268028,0.13710446031108,0.601513215707375,0.135618792241819,0.277294225503019
"dlm","ET","lower",-0.163335317558904,0.792769065408541,-0.337405521268028,0.13710446031108,0.601513215707375,0.135618792241819,0.277294225503019
"dlm","ET","lower",-0.158845529224537,0.810874083283928,-0.337405521268028,0.13710446031108,0.601513215707375,0.135618792241819,0.277294225503019
"dlm","ET","lower",-0.15435574089017,0.829029273334277,-0.337405521268028,0.13710446031108,0.601513215707375,0.135618792241819,0.277294225503019
"dlm","ET","lower",-0.149865952555803,0.847150135600987,-0.337405521268028,0.13710446031108,0.601513215707375,0.135618792241819,0.277294225503019
"dlm","ET","lower",-0.145376164221436,0.865288215413438,-0.337405521268028,0.13710446031108,0.601513215707375,0.135618792241819,0.277294225503019
"dlm","ET","lower",-0.140886375887069,0.883568747477766,-0.337405521268028,0.13710446031108,0.601513215707375,0.135618792241819,0.277294225503019
"dlm","ET","lower",-0.136396587552702,0.902081395022969,-0.337405521268028,0.13710446031108,0.601513215707375,0.135618792241819,0.277294225503019
"dlm","ET","lower",-0.131906799218335,0.920820196652357,-0.337405521268028,0.13710446031108,0.601513215707375,0.135618792241819,0.277294225503019
"dlm","ET","lower",-0.127417010883968,0.939632972843538,-0.337405521268028,0.13710446031108,0.601513215707375,0.135618792241819,0.277294225503019
"dlm","ET","lower",-0.122927222549601,0.958164430968006,-0.337405521268028,0.13710446031108,0.601513215707375,0.135618792241819,0.277294225503019
"dlm","ET","lower",-0.118437434215234,0.976052739555612,-0.337405521268028,0.13710446031108,0.601513215707375,0.135618792241819,0.277294225503019
"dlm","ET","lower",-0.113947645880867,0.993325556006141,-0.337405521268028,0.13710446031108,0.601513215707375,0.135618792241819,0.277294225503019
"dlm","ET","lower",-0.1094578575465,1.01046824815342,-0.337405521268028,0.13710446031108,0.601513215707375,0.135618792241819,0.277294225503019
"dlm","ET","lower",-0.104968069212133,1.0279989328362,-0.337405521268028,0.13710446031108,0.601513215707375,0.135618792241819,0.277294225503019
"dlm","ET","lower",-0.100478280877766,1.04602482037929,-0.337405521268028,0.13710446031108,0.601513215707375,0.135618792241819,0.277294225503019
"dlm","ET","lower",-0.0959884925433988,1.06422620694097,-0.337405521268028,0.13710446031108,0.601513215707375,0.135618792241819,0.277294225503019
"dlm","ET","lower",-0.0914987042090318,1.08215604738556,-0.337405521268028,0.13710446031108,0.601513215707375,0.135618792241819,0.277294225503019
"dlm","ET","lower",-0.0870089158746649,1.09953285256225,-0.337405521268028,0.13710446031108,0.601513215707375,0.135618792241819,0.277294225503019
"dlm","ET","lower",-0.0825191275402978,1.1164009575194,-0.337405521268028,0.13710446031108,0.601513215707375,0.135618792241819,0.277294225503019
"dlm","ET","lower",-0.0780293392059308,1.13302671954022,-0.337405521268028,0.13710446031108,0.601513215707375,0.135618792241819,0.277294225503019
"dlm","ET","lower",-0.0735395508715638,1.14960283639556,-0.337405521268028,0.13710446031108,0.601513215707375,0.135618792241819,0.277294225503019
"dlm","ET","lower",-0.0690497625371967,1.16614610167621,-0.337405521268028,0.13710446031108,0.601513215707375,0.135618792241819,0.277294225503019
"dlm","ET","lower",-0.0645599742028298,1.18269677524451,-0.337405521268028,0.13710446031108,0.601513215707375,0.135618792241819,0.277294225503019
"dlm","ET","lower",-0.0600701858684628,1.19935692780551,-0.337405521268028,0.13710446031108,0.601513215707375,0.135618792241819,0.277294225503019
"dlm","ET","lower",-0.0555803975340957,1.21592070570557,-0.337405521268028,0.13710446031108,0.601513215707375,0.135618792241819,0.277294225503019
"dlm","ET","lower",-0.0510906091997287,1.23184243477045,-0.337405521268028,0.13710446031108,0.601513215707375,0.135618792241819,0.277294225503019
"dlm","ET","lower",-0.0466008208653617,1.24688145044275,-0.337405521268028,0.13710446031108,0.601513215707375,0.135618792241819,0.277294225503019
"dlm","ET","lower",-0.0421110325309947,1.26136892196413,-0.337405521268028,0.13710446031108,0.601513215707375,0.135618792241819,0.277294225503019
"dlm","ET","lower",-0.0376212441966277,1.27578037000214,-0.337405521268028,0.13710446031108,0.601513215707375,0.135618792241819,0.277294225503019
"dlm","ET","lower",-0.0331314558622606,1.2903208962231,-0.337405521268028,0.13710446031108,0.601513215707375,0.135618792241819,0.277294225503019
"dlm","ET","lower",-0.0286416675278937,1.30476188764285,-0.337405521268028,0.13710446031108,0.601513215707375,0.135618792241819,0.277294225503019
"dlm","ET","lower",-0.0241518791935267,1.31873839633366,-0.337405521268028,0.13710446031108,0.601513215707375,0.135618792241819,0.277294225503019
"dlm","ET","lower",-0.0196620908591596,1.33230164031144,-0.337405521268028,0.13710446031108,0.601513215707375,0.135618792241819,0.277294225503019
"dlm","ET","lower",-0.0151723025247926,1.34571151372201,-0.337405521268028,0.13710446031108,0.601513215707375,0.135618792241819,0.277294225503019
"dlm","ET","lower",-0.0106825141904257,1.35903291634989,-0.337405521268028,0.13710446031108,0.601513215707375,0.135618792241819,0.277294225503019
"dlm","ET","lower",-0.00619272585605857,1.37218048791459,-0.337405521268028,0.13710446031108,0.601513215707375,0.135618792241819,0.277294225503019
"dlm","ET","lower",-0.00170293752169159,1.38496893255581,-0.337405521268028,0.13710446031108,0.601513215707375,0.135618792241819,0.277294225503019
"dlm","ET","lower",0.00278685081267538,1.39705243766438,-0.337405521268028,0.13710446031108,0.601513215707375,0.135618792241819,0.277294225503019
"dlm","ET","lower",0.00727663914704246,1.40821629981282,-0.337405521268028,0.13710446031108,0.601513215707375,0.135618792241819,0.277294225503019
"dlm","ET","lower",0.0117664274814094,1.4187022488316,-0.337405521268028,0.13710446031108,0.601513215707375,0.135618792241819,0.277294225503019
"dlm","ET","lower",0.0162562158157764,1.42891331216752,-0.337405521268028,0.13710446031108,0.601513215707375,0.135618792241819,0.277294225503019
"dlm","ET","lower",0.0207460041501435,1.43910431958135,-0.337405521268028,0.13710446031108,0.601513215707375,0.135618792241819,0.277294225503019
"dlm","ET","lower",0.0252357924845104,1.44935269659122,-0.337405521268028,0.13710446031108,0.601513215707375,0.135618792241819,0.277294225503019
"dlm","ET","lower",0.0297255808188774,1.45945356911016,-0.337405521268028,0.13710446031108,0.601513215707375,0.135618792241819,0.277294225503019
"dlm","ET","lower",0.0342153691532445,1.4690234579203,-0.337405521268028,0.13710446031108,0.601513215707375,0.135618792241819,0.277294225503019
"dlm","ET","lower",0.0387051574876116,1.47777572144041,-0.337405521268028,0.13710446031108,0.601513215707375,0.135618792241819,0.277294225503019
"dlm","ET","lower",0.0431949458219785,1.48571081030737,-0.337405521268028,0.13710446031108,0.601513215707375,0.135618792241819,0.277294225503019
"dlm","ET","lower",0.0476847341563456,1.49302638537811,-0.337405521268028,0.13710446031108,0.601513215707375,0.135618792241819,0.277294225503019
"dlm","ET","lower",0.0521745224907126,1.49979061884006,-0.337405521268028,0.13710446031108,0.601513215707375,0.135618792241819,0.277294225503019
"dlm","ET","lower",0.0566643108250795,1.50601514788752,-0.337405521268028,0.13710446031108,0.601513215707375,0.135618792241819,0.277294225503019
"dlm","ET","lower",0.0611540991594466,1.51200977486795,-0.337405521268028,0.13710446031108,0.601513215707375,0.135618792241819,0.277294225503019
"dlm","ET","lower",0.0656438874938137,1.51829629674549,-0.337405521268028,0.13710446031108,0.601513215707375,0.135618792241819,0.277294225503019
"dlm","ET","lower",0.0701336758281805,1.52516997119972,-0.337405521268028,0.13710446031108,0.601513215707375,0.135618792241819,0.277294225503019
"dlm","ET","lower",0.0746234641625476,1.53244720852068,-0.337405521268028,0.13710446031108,0.601513215707375,0.135618792241819,0.277294225503019
"dlm","ET","lower",0.0791132524969147,1.53965437734995,-0.337405521268028,0.13710446031108,0.601513215707375,0.135618792241819,0.277294225503019
"dlm","ET","lower",0.0836030408312816,1.54648073362895,-0.337405521268028,0.13710446031108,0.601513215707375,0.135618792241819,0.277294225503019
"dlm","ET","lower",0.0880928291656486,1.55294625018243,-0.337405521268028,0.13710446031108,0.601513215707375,0.135618792241819,0.277294225503019
"dlm","ET","lower",0.0925826175000157,1.5591090303483,-0.337405521268028,0.13710446031108,0.601513215707375,0.135618792241819,0.277294225503019
"dlm","ET","lower",0.0970724058343826,1.56481041162682,-0.337405521268028,0.13710446031108,0.601513215707375,0.135618792241819,0.277294225503019
"dlm","ET","lower",0.10156219416875,1.56977343518787,-0.337405521268028,0.13710446031108,0.601513215707375,0.135618792241819,0.277294225503019
"dlm","ET","lower",0.106051982503117,1.57389057264571,-0.337405521268028,0.13710446031108,0.601513215707375,0.135618792241819,0.277294225503019
"dlm","ET","lower",0.110541770837484,1.57743272898945,-0.337405521268028,0.13710446031108,0.601513215707375,0.135618792241819,0.277294225503019
"dlm","ET","lower",0.115031559171851,1.58086054037123,-0.337405521268028,0.13710446031108,0.601513215707375,0.135618792241819,0.277294225503019
"dlm","ET","lower",0.119521347506218,1.58434229589544,-0.337405521268028,0.13710446031108,0.601513215707375,0.135618792241819,0.277294225503019
"dlm","ET","lower",0.124011135840585,1.5875731670172,-0.337405521268028,0.13710446031108,0.601513215707375,0.135618792241819,0.277294225503019
"dlm","ET","lower",0.128500924174952,1.59006743809171,-0.337405521268028,0.13710446031108,0.601513215707375,0.135618792241819,0.277294225503019
"dlm","ET","lower",0.132990712509319,1.59159143909063,-0.337405521268028,0.13710446031108,0.601513215707375,0.135618792241819,0.277294225503019
"dlm","ET","lower",0.137480500843686,1.59234880120448,-0.337405521268028,0.13710446031108,0.601513215707375,0.135618792241819,0.277294225503019
"dlm","ET","lower",0.141970289178053,1.59283530121646,-0.337405521268028,0.13710446031108,0.601513215707375,0.135618792241819,0.277294225503019
"dlm","ET","lower",0.14646007751242,1.59343096111625,-0.337405521268028,0.13710446031108,0.601513215707375,0.135618792241819,0.277294225503019
"dlm","ET","lower",0.150949865846787,1.59394684513267,-0.337405521268028,0.13710446031108,0.601513215707375,0.135618792241819,0.277294225503019
"dlm","ET","lower",0.155439654181154,1.59372611308823,-0.337405521268028,0.13710446031108,0.601513215707375,0.135618792241819,0.277294225503019
"dlm","ET","lower",0.159929442515521,1.59215829433463,-0.337405521268028,0.13710446031108,0.601513215707375,0.135618792241819,0.277294225503019
"dlm","ET","lower",0.164419230849888,1.589129769552,-0.337405521268028,0.13710446031108,0.601513215707375,0.135618792241819,0.277294225503019
"dlm","ET","lower",0.168909019184255,1.58511711338632,-0.337405521268028,0.13710446031108,0.601513215707375,0.135618792241819,0.277294225503019
"dlm","ET","lower",0.173398807518622,1.58055561268861,-0.337405521268028,0.13710446031108,0.601513215707375,0.135618792241819,0.277294225503019
"dlm","ET","lower",0.177888595852989,1.5754205185362,-0.337405521268028,0.13710446031108,0.601513215707375,0.135618792241819,0.277294225503019
"dlm","ET","lower",0.182378384187356,1.56993122253784,-0.337405521268028,0.13710446031108,0.601513215707375,0.135618792241819,0.277294225503019
"dlm","ET","lower",0.186868172521723,1.56476098450602,-0.337405521268028,0.13710446031108,0.601513215707375,0.135618792241819,0.277294225503019
"dlm","ET","lower",0.19135796085609,1.56015356085568,-0.337405521268028,0.13710446031108,0.601513215707375,0.135618792241819,0.277294225503019
"dlm","ET","lower",0.195847749190457,1.55555239576306,-0.337405521268028,0.13710446031108,0.601513215707375,0.135618792241819,0.277294225503019
"dlm","ET","lower",0.200337537524824,1.55026462884451,-0.337405521268028,0.13710446031108,0.601513215707375,0.135618792241819,0.277294225503019
"dlm","ET","lower",0.204827325859191,1.54419564890772,-0.337405521268028,0.13710446031108,0.601513215707375,0.135618792241819,0.277294225503019
"dlm","ET","lower",0.209317114193558,1.53786294772668,-0.337405521268028,0.13710446031108,0.601513215707375,0.135618792241819,0.277294225503019
"dlm","ET","lower",0.213806902527925,1.53166923419086,-0.337405521268028,0.13710446031108,0.601513215707375,0.135618792241819,0.277294225503019
"dlm","ET","lower",0.218296690862292,1.52538513902298,-0.337405521268028,0.13710446031108,0.601513215707375,0.135618792241819,0.277294225503019
"dlm","ET","lower",0.222786479196659,1.5184191406826,-0.337405521268028,0.13710446031108,0.601513215707375,0.135618792241819,0.277294225503019
"dlm","ET","lower",0.227276267531026,1.51045607070401,-0.337405521268028,0.13710446031108,0.601513215707375,0.135618792241819,0.277294225503019
"dlm","ET","lower",0.231766055865393,1.5018641017036,-0.337405521268028,0.13710446031108,0.601513215707375,0.135618792241819,0.277294225503019
"dlm","ET","lower",0.23625584419976,1.49329166579955,-0.337405521268028,0.13710446031108,0.601513215707375,0.135618792241819,0.277294225503019
"dlm","ET","lower",0.240745632534127,1.48479495486014,-0.337405521268028,0.13710446031108,0.601513215707375,0.135618792241819,0.277294225503019
"dlm","ET","lower",0.245235420868494,1.4757278056348,-0.337405521268028,0.13710446031108,0.601513215707375,0.135618792241819,0.277294225503019
"dlm","ET","lower",0.249725209202861,1.46546125131585,-0.337405521268028,0.13710446031108,0.601513215707375,0.135618792241819,0.277294225503019
"dlm","ET","lower",0.254214997537228,1.45389921173649,-0.337405521268028,0.13710446031108,0.601513215707375,0.135618792241819,0.277294225503019
"dlm","ET","lower",0.258704785871595,1.44146022384134,-0.337405521268028,0.13710446031108,0.601513215707375,0.135618792241819,0.277294225503019
"dlm","ET","lower",0.263194574205962,1.42874491309112,-0.337405521268028,0.13710446031108,0.601513215707375,0.135618792241819,0.277294225503019
"dlm","ET","lower",0.267684362540329,1.41612196682577,-0.337405521268028,0.13710446031108,0.601513215707375,0.135618792241819,0.277294225503019
"dlm","ET","lower",0.272174150874696,1.40366459677892,-0.337405521268028,0.13710446031108,0.601513215707375,0.135618792241819,0.277294225503019
"dlm","ET","lower",0.276663939209063,1.39141272507284,-0.337405521268028,0.13710446031108,0.601513215707375,0.135618792241819,0.277294225503019
"dlm","ET","lower",0.28115372754343,1.37943043237491,-0.337405521268028,0.13710446031108,0.601513215707375,0.135618792241819,0.277294225503019
"dlm","ET","lower",0.285643515877797,1.36762218309346,-0.337405521268028,0.13710446031108,0.601513215707375,0.135618792241819,0.277294225503019
"dlm","ET","lower",0.290133304212164,1.35571929300429,-0.337405521268028,0.13710446031108,0.601513215707375,0.135618792241819,0.277294225503019
"dlm","ET","lower",0.294623092546531,1.3435320042196,-0.337405521268028,0.13710446031108,0.601513215707375,0.135618792241819,0.277294225503019
"dlm","ET","lower",0.299112880880898,1.33103381362548,-0.337405521268028,0.13710446031108,0.601513215707375,0.135618792241819,0.277294225503019
"dlm","ET","lower",0.303602669215265,1.31804033605456,-0.337405521268028,0.13710446031108,0.601513215707375,0.135618792241819,0.277294225503019
"dlm","ET","lower",0.308092457549632,1.30417907188993,-0.337405521268028,0.13710446031108,0.601513215707375,0.135618792241819,0.277294225503019
"dlm","ET","lower",0.312582245883999,1.2894112681065,-0.337405521268028,0.13710446031108,0.601513215707375,0.135618792241819,0.277294225503019
"dlm","ET","lower",0.317072034218366,1.27410704280157,-0.337405521268028,0.13710446031108,0.601513215707375,0.135618792241819,0.277294225503019
"dlm","ET","lower",0.321561822552733,1.25851067413882,-0.337405521268028,0.13710446031108,0.601513215707375,0.135618792241819,0.277294225503019
"dlm","ET","lower",0.3260516108871,1.24258719342109,-0.337405521268028,0.13710446031108,0.601513215707375,0.135618792241819,0.277294225503019
"dlm","ET","lower",0.330541399221467,1.22640084445713,-0.337405521268028,0.13710446031108,0.601513215707375,0.135618792241819,0.277294225503019
"dlm","ET","lower",0.335031187555834,1.21023805849143,-0.337405521268028,0.13710446031108,0.601513215707375,0.135618792241819,0.277294225503019
"dlm","ET","lower",0.339520975890201,1.19419695677729,-0.337405521268028,0.13710446031108,0.601513215707375,0.135618792241819,0.277294225503019
"dlm","ET","lower",0.344010764224568,1.17789319211489,-0.337405521268028,0.13710446031108,0.601513215707375,0.135618792241819,0.277294225503019
"dlm","ET","lower",0.348500552558935,1.16077392938696,-0.337405521268028,0.13710446031108,0.601513215707375,0.135618792241819,0.277294225503019
"dlm","ET","lower",0.352990340893302,1.14281234035458,-0.337405521268028,0.13710446031108,0.601513215707375,0.135618792241819,0.277294225503019
"dlm","ET","lower",0.357480129227669,1.12471581219364,-0.337405521268028,0.13710446031108,0.601513215707375,0.135618792241819,0.277294225503019
"dlm","ET","lower",0.361969917562036,1.10717319669575,-0.337405521268028,0.13710446031108,0.601513215707375,0.135618792241819,0.277294225503019
"dlm","ET","lower",0.366459705896403,1.09016894146097,-0.337405521268028,0.13710446031108,0.601513215707375,0.135618792241819,0.277294225503019
"dlm","ET","lower",0.37094949423077,1.07324199041775,-0.337405521268028,0.13710446031108,0.601513215707375,0.135618792241819,0.277294225503019
"dlm","ET","lower",0.375439282565137,1.05603559906881,-0.337405521268028,0.13710446031108,0.601513215707375,0.135618792241819,0.277294225503019
"dlm","ET","lower",0.379929070899504,1.03836453885398,-0.337405521268028,0.13710446031108,0.601513215707375,0.135618792241819,0.277294225503019
"dlm","ET","lower",0.384418859233871,1.02018805744472,-0.337405521268028,0.13710446031108,0.601513215707375,0.135618792241819,0.277294225503019
"dlm","ET","lower",0.388908647568238,1.00158194960043,-0.337405521268028,0.13710446031108,0.601513215707375,0.135618792241819,0.277294225503019
"dlm","ET","lower",0.393398435902605,0.982637197137047,-0.337405521268028,0.13710446031108,0.601513215707375,0.135618792241819,0.277294225503019
"dlm","ET","lower",0.397888224236972,0.963454983708177,-0.337405521268028,0.13710446031108,0.601513215707375,0.135618792241819,0.277294225503019
"dlm","ET","lower",0.402378012571339,0.944346284529155,-0.337405521268028,0.13710446031108,0.601513215707375,0.135618792241819,0.277294225503019
"dlm","ET","lower",0.406867800905707,0.92567040170552,-0.337405521268028,0.13710446031108,0.601513215707375,0.135618792241819,0.277294225503019
"dlm","ET","lower",0.411357589240073,0.907313161362063,-0.337405521268028,0.13710446031108,0.601513215707375,0.135618792241819,0.277294225503019
"dlm","ET","lower",0.41584737757444,0.888823612377075,-0.337405521268028,0.13710446031108,0.601513215707375,0.135618792241819,0.277294225503019
"dlm","ET","lower",0.420337165908808,0.870072484890803,-0.337405521268028,0.13710446031108,0.601513215707375,0.135618792241819,0.277294225503019
"dlm","ET","lower",0.424826954243174,0.851371645168184,-0.337405521268028,0.13710446031108,0.601513215707375,0.135618792241819,0.277294225503019
"dlm","ET","lower",0.429316742577541,0.83304155104425,-0.337405521268028,0.13710446031108,0.601513215707375,0.135618792241819,0.277294225503019
"dlm","ET","lower",0.433806530911909,0.814978693826969,-0.337405521268028,0.13710446031108,0.601513215707375,0.135618792241819,0.277294225503019
"dlm","ET","lower",0.438296319246275,0.796620136907569,-0.337405521268028,0.13710446031108,0.601513215707375,0.135618792241819,0.277294225503019
"dlm","ET","lower",0.442786107580643,0.777533939346734,-0.337405521268028,0.13710446031108,0.601513215707375,0.135618792241819,0.277294225503019
"dlm","ET","lower",0.44727589591501,0.75799877010611,-0.337405521268028,0.13710446031108,0.601513215707375,0.135618792241819,0.277294225503019
"dlm","ET","lower",0.451765684249376,0.738724344253352,-0.337405521268028,0.13710446031108,0.601513215707375,0.135618792241819,0.277294225503019
"dlm","ET","lower",0.456255472583744,0.720116256440852,-0.337405521268028,0.13710446031108,0.601513215707375,0.135618792241819,0.277294225503019
"dlm","ET","lower",0.460745260918111,0.702073578184071,-0.337405521268028,0.13710446031108,0.601513215707375,0.135618792241819,0.277294225503019
"dlm","ET","lower",0.465235049252477,0.684328091521089,-0.337405521268028,0.13710446031108,0.601513215707375,0.135618792241819,0.277294225503019
"dlm","ET","lower",0.469724837586845,0.666662575037462,-0.337405521268028,0.13710446031108,0.601513215707375,0.135618792241819,0.277294225503019
"dlm","ET","lower",0.474214625921212,0.648964236932818,-0.337405521268028,0.13710446031108,0.601513215707375,0.135618792241819,0.277294225503019
"dlm","ET","lower",0.478704414255579,0.631407877858477,-0.337405521268028,0.13710446031108,0.601513215707375,0.135618792241819,0.277294225503019
"dlm","ET","lower",0.483194202589946,0.614451062021909,-0.337405521268028,0.13710446031108,0.601513215707375,0.135618792241819,0.277294225503019
"dlm","ET","lower",0.487683990924313,0.5983673180452,-0.337405521268028,0.13710446031108,0.601513215707375,0.135618792241819,0.277294225503019
"dlm","ET","lower",0.49217377925868,0.582904279368657,-0.337405521268028,0.13710446031108,0.601513215707375,0.135618792241819,0.277294225503019
"dlm","ET","lower",0.496663567593047,0.567548766674218,-0.337405521268028,0.13710446031108,0.601513215707375,0.135618792241819,0.277294225503019
"dlm","ET","lower",0.501153355927414,0.551971319550904,-0.337405521268028,0.13710446031108,0.601513215707375,0.135618792241819,0.277294225503019
"dlm","ET","lower",0.505643144261781,0.536164126260495,-0.337405521268028,0.13710446031108,0.601513215707375,0.135618792241819,0.277294225503019
"dlm","ET","lower",0.510132932596148,0.520329670477211,-0.337405521268028,0.13710446031108,0.601513215707375,0.135618792241819,0.277294225503019
"dlm","ET","lower",0.514622720930515,0.504694064112926,-0.337405521268028,0.13710446031108,0.601513215707375,0.135618792241819,0.277294225503019
"dlm","ET","lower",0.519112509264882,0.489338670189097,-0.337405521268028,0.13710446031108,0.601513215707375,0.135618792241819,0.277294225503019
"dlm","ET","lower",0.523602297599249,0.474147750131092,-0.337405521268028,0.13710446031108,0.601513215707375,0.135618792241819,0.277294225503019
"dlm","ET","lower",0.528092085933616,0.458958223196727,-0.337405521268028,0.13710446031108,0.601513215707375,0.135618792241819,0.277294225503019
"dlm","ET","lower",0.532581874267983,0.443796524424841,-0.337405521268028,0.13710446031108,0.601513215707375,0.135618792241819,0.277294225503019
"dlm","ET","lower",0.53707166260235,0.428897126819353,-0.337405521268028,0.13710446031108,0.601513215707375,0.135618792241819,0.277294225503019
"dlm","ET","lower",0.541561450936717,0.414546559706269,-0.337405521268028,0.13710446031108,0.601513215707375,0.135618792241819,0.277294225503019
"dlm","ET","lower",0.546051239271084,0.400936697694841,-0.337405521268028,0.13710446031108,0.601513215707375,0.135618792241819,0.277294225503019
"dlm","ET","lower",0.550541027605451,0.388028485412464,-0.337405521268028,0.13710446031108,0.601513215707375,0.135618792241819,0.277294225503019
"dlm","ET","lower",0.555030815939818,0.375577243861828,-0.337405521268028,0.13710446031108,0.601513215707375,0.135618792241819,0.277294225503019
"dlm","ET","lower",0.559520604274185,0.363386970640755,-0.337405521268028,0.13710446031108,0.601513215707375,0.135618792241819,0.277294225503019
"dlm","ET","lower",0.564010392608552,0.351411990409915,-0.337405521268028,0.13710446031108,0.601513215707375,0.135618792241819,0.277294225503019
"dlm","ET","lower",0.568500180942919,0.339613211944431,-0.337405521268028,0.13710446031108,0.601513215707375,0.135618792241819,0.277294225503019
"dlm","ET","lower",0.572989969277286,0.328036444301778,-0.337405521268028,0.13710446031108,0.601513215707375,0.135618792241819,0.277294225503019
"dlm","ET","lower",0.577479757611653,0.316873933691929,-0.337405521268028,0.13710446031108,0.601513215707375,0.135618792241819,0.277294225503019
"dlm","ET","lower",0.58196954594602,0.306201103006423,-0.337405521268028,0.13710446031108,0.601513215707375,0.135618792241819,0.277294225503019
"dlm","ET","lower",0.586459334280387,0.29579042079627,-0.337405521268028,0.13710446031108,0.601513215707375,0.135618792241819,0.277294225503019
"dlm","ET","lower",0.590949122614754,0.285447209861991,-0.337405521268028,0.13710446031108,0.601513215707375,0.135618792241819,0.277294225503019
"dlm","ET","lower",0.595438910949121,0.275273078870894,-0.337405521268028,0.13710446031108,0.601513215707375,0.135618792241819,0.277294225503019
"dlm","ET","lower",0.599928699283488,0.265347709851198,-0.337405521268028,0.13710446031108,0.601513215707375,0.135618792241819,0.277294225503019
"dlm","ET","lower",0.604418487617855,0.255517361464415,-0.337405521268028,0.13710446031108,0.601513215707375,0.135618792241819,0.277294225503019
"dlm","ET","lower",0.608908275952222,0.245672046958391,-0.337405521268028,0.13710446031108,0.601513215707375,0.135618792241819,0.277294225503019
"dlm","ET","lower",0.613398064286589,0.235976217258357,-0.337405521268028,0.13710446031108,0.601513215707375,0.135618792241819,0.277294225503019
"dlm","ET","lower",0.617887852620956,0.226686820874488,-0.337405521268028,0.13710446031108,0.601513215707375,0.135618792241819,0.277294225503019
"dlm","ET","lower",0.622377640955323,0.217872104804045,-0.337405521268028,0.13710446031108,0.601513215707375,0.135618792241819,0.277294225503019
"dlm","ET","lower",0.62686742928969,0.209478527986815,-0.337405521268028,0.13710446031108,0.601513215707375,0.135618792241819,0.277294225503019
"dlm","ET","lower",0.631357217624057,0.201461547746444,-0.337405521268028,0.13710446031108,0.601513215707375,0.135618792241819,0.277294225503019
"dlm","ET","lower",0.635847005958424,0.193663864926269,-0.337405521268028,0.13710446031108,0.601513215707375,0.135618792241819,0.277294225503019
"dlm","ET","lower",0.640336794292791,0.18583100437397,-0.337405521268028,0.13710446031108,0.601513215707375,0.135618792241819,0.277294225503019
"dlm","ET","lower",0.644826582627158,0.177881174313998,-0.337405521268028,0.13710446031108,0.601513215707375,0.135618792241819,0.277294225503019
"dlm","ET","lower",0.649316370961525,0.16999769293573,-0.337405521268028,0.13710446031108,0.601513215707375,0.135618792241819,0.277294225503019
"dlm","ET","lower",0.653806159295892,0.162427516417097,-0.337405521268028,0.13710446031108,0.601513215707375,0.135618792241819,0.277294225503019
"dlm","ET","lower",0.658295947630259,0.155288872386165,-0.337405521268028,0.13710446031108,0.601513215707375,0.135618792241819,0.277294225503019
"dlm","ET","lower",0.662785735964626,0.148582243874295,-0.337405521268028,0.13710446031108,0.601513215707375,0.135618792241819,0.277294225503019
"dlm","ET","lower",0.667275524298993,0.142265189385941,-0.337405521268028,0.13710446031108,0.601513215707375,0.135618792241819,0.277294225503019
"dlm","ET","lower",0.67176531263336,0.136210641532629,-0.337405521268028,0.13710446031108,0.601513215707375,0.135618792241819,0.277294225503019
"dlm","ET","lower",0.676255100967727,0.130211851480264,-0.337405521268028,0.13710446031108,0.601513215707375,0.135618792241819,0.277294225503019
"dlm","ET","lower",0.680744889302094,0.124212222751731,-0.337405521268028,0.13710446031108,0.601513215707375,0.135618792241819,0.277294225503019
"dlm","ET","lower",0.685234677636461,0.118442599436165,-0.337405521268028,0.13710446031108,0.601513215707375,0.135618792241819,0.277294225503019
"dlm","ET","lower",0.689724465970828,0.113165715086726,-0.337405521268028,0.13710446031108,0.601513215707375,0.135618792241819,0.277294225503019
"dlm","ET","lower",0.694214254305195,0.108360245572493,-0.337405521268028,0.13710446031108,0.601513215707375,0.135618792241819,0.277294225503019
"dlm","ET","lower",0.698704042639562,0.103757860054826,-0.337405521268028,0.13710446031108,0.601513215707375,0.135618792241819,0.277294225503019
"dlm","ET","lower",0.703193830973929,0.0991050893677652,-0.337405521268028,0.13710446031108,0.601513215707375,0.135618792241819,0.277294225503019
"dlm","ET","lower",0.707683619308296,0.0943257073680386,-0.337405521268028,0.13710446031108,0.601513215707375,0.135618792241819,0.277294225503019
"dlm","ET","lower",0.712173407642663,0.089527632922217,-0.337405521268028,0.13710446031108,0.601513215707375,0.135618792241819,0.277294225503019
"dlm","ET","lower",0.71666319597703,0.0849257435479865,-0.337405521268028,0.13710446031108,0.601513215707375,0.135618792241819,0.277294225503019
"dlm","ET","lower",0.721152984311397,0.0807011406127279,-0.337405521268028,0.13710446031108,0.601513215707375,0.135618792241819,0.277294225503019
"dlm","ET","lower",0.725642772645764,0.0768738920245808,-0.337405521268028,0.13710446031108,0.601513215707375,0.135618792241819,0.277294225503019
"dlm","ET","lower",0.730132560980131,0.0733075291859459,-0.337405521268028,0.13710446031108,0.601513215707375,0.135618792241819,0.277294225503019
"dlm","ET","lower",0.734622349314498,0.0698327459419711,-0.337405521268028,0.13710446031108,0.601513215707375,0.135618792241819,0.277294225503019
"dlm","ET","lower",0.739112137648865,0.0663477413262368,-0.337405521268028,0.13710446031108,0.601513215707375,0.135618792241819,0.277294225503019
"dlm","ET","lower",0.743601925983232,0.0628407475104477,-0.337405521268028,0.13710446031108,0.601513215707375,0.135618792241819,0.277294225503019
"dlm","ET","lower",0.748091714317599,0.059372976795843,-0.337405521268028,0.13710446031108,0.601513215707375,0.135618792241819,0.277294225503019
"dlm","ET","lower",0.752581502651966,0.0560212771515629,-0.337405521268028,0.13710446031108,0.601513215707375,0.135618792241819,0.277294225503019
"dlm","ET","lower",0.757071290986333,0.0528443711918491,-0.337405521268028,0.13710446031108,0.601513215707375,0.135618792241819,0.277294225503019
"dlm","ET","lower",0.7615610793207,0.0498727340235843,-0.337405521268028,0.13710446031108,0.601513215707375,0.135618792241819,0.277294225503019
"dlm","ET","lower",0.766050867655067,0.0470722098892918,-0.337405521268028,0.13710446031108,0.601513215707375,0.135618792241819,0.277294225503019
"dlm","ET","lower",0.770540655989434,0.0443844102135362,-0.337405521268028,0.13710446031108,0.601513215707375,0.135618792241819,0.277294225503019
"dlm","ET","lower",0.775030444323801,0.0417931696130568,-0.337405521268028,0.13710446031108,0.601513215707375,0.135618792241819,0.277294225503019
"dlm","ET","lower",0.779520232658168,0.0393486626232662,-0.337405521268028,0.13710446031108,0.601513215707375,0.135618792241819,0.277294225503019
"dlm","ET","lower",0.784010020992535,0.0371223069705307,-0.337405521268028,0.13710446031108,0.601513215707375,0.135618792241819,0.277294225503019
"dlm","ET","lower",0.788499809326902,0.0351324310976778,-0.337405521268028,0.13710446031108,0.601513215707375,0.135618792241819,0.277294225503019
"dlm","ET","lower",0.792989597661269,0.0333222008847693,-0.337405521268028,0.13710446031108,0.601513215707375,0.135618792241819,0.277294225503019
"dlm","ET","lower",0.797479385995636,0.0315886325901562,-0.337405521268028,0.13710446031108,0.601513215707375,0.135618792241819,0.277294225503019
"dlm","ET","lower",0.801969174330003,0.0298295610822728,-0.337405521268028,0.13710446031108,0.601513215707375,0.135618792241819,0.277294225503019
"dlm","ET","lower",0.80645896266437,0.0280367377595944,-0.337405521268028,0.13710446031108,0.601513215707375,0.135618792241819,0.277294225503019
"dlm","ET","lower",0.810948750998737,0.0263188743296183,-0.337405521268028,0.13710446031108,0.601513215707375,0.135618792241819,0.277294225503019
"dlm","ET","lower",0.815438539333105,0.0247542885716555,-0.337405521268028,0.13710446031108,0.601513215707375,0.135618792241819,0.277294225503019
"dlm","ET","lower",0.819928327667471,0.0232925422250216,-0.337405521268028,0.13710446031108,0.601513215707375,0.135618792241819,0.277294225503019
"dlm","ET","lower",0.824418116001838,0.0218516951211776,-0.337405521268028,0.13710446031108,0.601513215707375,0.135618792241819,0.277294225503019
"dlm","ET","lower",0.828907904336206,0.0204209656905683,-0.337405521268028,0.13710446031108,0.601513215707375,0.135618792241819,0.277294225503019
"dlm","ET","lower",0.833397692670572,0.0190301371932758,-0.337405521268028,0.13710446031108,0.601513215707375,0.135618792241819,0.277294225503019
"dlm","ET","lower",0.837887481004939,0.0176950505619118,-0.337405521268028,0.13710446031108,0.601513215707375,0.135618792241819,0.277294225503019
"dlm","ET","lower",0.842377269339307,0.016435304673733,-0.337405521268028,0.13710446031108,0.601513215707375,0.135618792241819,0.277294225503019
"dlm","ET","lower",0.846867057673673,0.0153004451793916,-0.337405521268028,0.13710446031108,0.601513215707375,0.135618792241819,0.277294225503019
"dlm","ET","lower",0.851356846008041,0.0143302615834198,-0.337405521268028,0.13710446031108,0.601513215707375,0.135618792241819,0.277294225503019
"dlm","ET","lower",0.855846634342408,0.0134974845312931,-0.337405521268028,0.13710446031108,0.601513215707375,0.135618792241819,0.277294225503019
"dlm","ET","lower",0.860336422676774,0.0127241352824966,-0.337405521268028,0.13710446031108,0.601513215707375,0.135618792241819,0.277294225503019
"dlm","ET","lower",0.864826211011142,0.0119601837282867,-0.337405521268028,0.13710446031108,0.601513215707375,0.135618792241819,0.277294225503019
"dlm","ET","lower",0.869315999345509,0.0112221131056986,-0.337405521268028,0.13710446031108,0.601513215707375,0.135618792241819,0.277294225503019
"dlm","ET","lower",0.873805787679875,0.010544631695973,-0.337405521268028,0.13710446031108,0.601513215707375,0.135618792241819,0.277294225503019
"dlm","ET","lower",0.878295576014243,0.00992206614307416,-0.337405521268028,0.13710446031108,0.601513215707375,0.135618792241819,0.277294225503019
"dlm","ET","lower",0.88278536434861,0.00932194293776071,-0.337405521268028,0.13710446031108,0.601513215707375,0.135618792241819,0.277294225503019
"dlm","ET","lower",0.887275152682977,0.00873280174363444,-0.337405521268028,0.13710446031108,0.601513215707375,0.135618792241819,0.277294225503019
"dlm","ET","lower",0.891764941017344,0.00816420143458383,-0.337405521268028,0.13710446031108,0.601513215707375,0.135618792241819,0.277294225503019
"dlm","ET","lower",0.896254729351711,0.0076126705437216,-0.337405521268028,0.13710446031108,0.601513215707375,0.135618792241819,0.277294225503019
"dlm","ET","lower",0.900744517686078,0.00706140760374352,-0.337405521268028,0.13710446031108,0.601513215707375,0.135618792241819,0.277294225503019
"dlm","ET","lower",0.905234306020445,0.00651529401511936,-0.337405521268028,0.13710446031108,0.601513215707375,0.135618792241819,0.277294225503019
"dlm","ET","lower",0.909724094354812,0.00600540592226272,-0.337405521268028,0.13710446031108,0.601513215707375,0.135618792241819,0.277294225503019
"dlm","ET","lower",0.914213882689179,0.00554639859854522,-0.337405521268028,0.13710446031108,0.601513215707375,0.135618792241819,0.277294225503019
"dlm","ET","lower",0.918703671023546,0.00512525090201379,-0.337405521268028,0.13710446031108,0.601513215707375,0.135618792241819,0.277294225503019
"dlm","ET","lower",0.923193459357913,0.00474153992033862,-0.337405521268028,0.13710446031108,0.601513215707375,0.135618792241819,0.277294225503019
"dlm","ET","lower",0.92768324769228,0.00440748624385013,-0.337405521268028,0.13710446031108,0.601513215707375,0.135618792241819,0.277294225503019
"dlm","ET","lower",0.932173036026647,0.00410582802813613,-0.337405521268028,0.13710446031108,0.601513215707375,0.135618792241819,0.277294225503019
"dlm","ET","lower",0.936662824361014,0.00380406797669288,-0.337405521268028,0.13710446031108,0.601513215707375,0.135618792241819,0.277294225503019
"dlm","ET","lower",0.941152612695381,0.00349629620462239,-0.337405521268028,0.13710446031108,0.601513215707375,0.135618792241819,0.277294225503019
"dlm","ET","lower",0.945642401029748,0.00319192229992456,-0.337405521268028,0.13710446031108,0.601513215707375,0.135618792241819,0.277294225503019
"dlm","ET","lower",0.950132189364115,0.00289571000645138,-0.337405521268028,0.13710446031108,0.601513215707375,0.135618792241819,0.277294225503019
"dlm","ET","lower",0.954621977698482,0.00261271879027422,-0.337405521268028,0.13710446031108,0.601513215707375,0.135618792241819,0.277294225503019
"dlm","ET","lower",0.959111766032849,0.00235512354107963,-0.337405521268028,0.13710446031108,0.601513215707375,0.135618792241819,0.277294225503019
"dlm","ET","lower",0.963601554367216,0.00214531988379564,-0.337405521268028,0.13710446031108,0.601513215707375,0.135618792241819,0.277294225503019
"dlm","ET","lower",0.968091342701583,0.00199851461014276,-0.337405521268028,0.13710446031108,0.601513215707375,0.135618792241819,0.277294225503019
"dlm","ET","lower",0.97258113103595,0.00189798556082801,-0.337405521268028,0.13710446031108,0.601513215707375,0.135618792241819,0.277294225503019
"dlm","ET","lower",0.977070919370317,0.00180969651450512,-0.337405521268028,0.13710446031108,0.601513215707375,0.135618792241819,0.277294225503019
"dlm","ET","lower",0.981560707704684,0.00171540026109,-0.337405521268028,0.13710446031108,0.601513215707375,0.135618792241819,0.277294225503019
"dlm","ET","lower",0.986050496039051,0.00161641173759247,-0.337405521268028,0.13710446031108,0.601513215707375,0.135618792241819,0.277294225503019
"dlm","ET","lower",0.990540284373418,0.00151828933574103,-0.337405521268028,0.13710446031108,0.601513215707375,0.135618792241819,0.277294225503019
"dlm","ET","lower",0.995030072707785,0.00142169991733546,-0.337405521268028,0.13710446031108,0.601513215707375,0.135618792241819,0.277294225503019
"dlm","ET","lower",0.999519861042152,0.00132536434799149,-0.337405521268028,0.13710446031108,0.601513215707375,0.135618792241819,0.277294225503019
"dlm","ET","lower",1.00400964937652,0.00123150929013875,-0.337405521268028,0.13710446031108,0.601513215707375,0.135618792241819,0.277294225503019
"dlm","ET","lower",1.00849943771089,0.00114107241009898,-0.337405521268028,0.13710446031108,0.601513215707375,0.135618792241819,0.277294225503019
"dlm","ET","lower",1.01298922604525,0.00105005441807591,-0.337405521268028,0.13710446031108,0.601513215707375,0.135618792241819,0.277294225503019
"dlm","ET","lower",1.01747901437962,0.000956088701471137,-0.337405521268028,0.13710446031108,0.601513215707375,0.135618792241819,0.277294225503019
"dlm","ET","lower",1.02196880271399,0.000861798787019522,-0.337405521268028,0.13710446031108,0.601513215707375,0.135618792241819,0.277294225503019
"dlm","ET","lower",1.02645859104835,0.000773112020037677,-0.337405521268028,0.13710446031108,0.601513215707375,0.135618792241819,0.277294225503019
"dlm","ET","lower",1.03094837938272,0.000699046119795223,-0.337405521268028,0.13710446031108,0.601513215707375,0.135618792241819,0.277294225503019
"dlm","ET","lower",1.03543816771709,0.000646897163639839,-0.337405521268028,0.13710446031108,0.601513215707375,0.135618792241819,0.277294225503019
"dlm","ET","lower",1.03992795605145,0.000613991516032491,-0.337405521268028,0.13710446031108,0.601513215707375,0.135618792241819,0.277294225503019
"dlm","ET","lower",1.04441774438582,0.000588054942612753,-0.337405521268028,0.13710446031108,0.601513215707375,0.135618792241819,0.277294225503019
"dlm","ET","lower",1.04890753272019,0.000556876372232585,-0.337405521268028,0.13710446031108,0.601513215707375,0.135618792241819,0.277294225503019
"dlm","ET","lower",1.05339732105456,0.000515799024265981,-0.337405521268028,0.13710446031108,0.601513215707375,0.135618792241819,0.277294225503019
"dlm","ET","lower",1.05788710938892,0.000467071878604629,-0.337405521268028,0.13710446031108,0.601513215707375,0.135618792241819,0.277294225503019
"dlm","ET","lower",1.06237689772329,0.000416391319613477,-0.337405521268028,0.13710446031108,0.601513215707375,0.135618792241819,0.277294225503019
"dlm","ET","lower",1.06686668605766,0.000371576821130815,-0.337405521268028,0.13710446031108,0.601513215707375,0.135618792241819,0.277294225503019
"dlm","ET","lower",1.07135647439202,0.00033996522505691,-0.337405521268028,0.13710446031108,0.601513215707375,0.135618792241819,0.277294225503019
"dlm","ET","lower",1.07584626272639,0.000321747612035073,-0.337405521268028,0.13710446031108,0.601513215707375,0.135618792241819,0.277294225503019
"dlm","ET","lower",1.08033605106076,0.000307197493076382,-0.337405521268028,0.13710446031108,0.601513215707375,0.135618792241819,0.277294225503019
"dlm","ET","lower",1.08482583939513,0.000286499646003378,-0.337405521268028,0.13710446031108,0.601513215707375,0.135618792241819,0.277294225503019
"dlm","ET","lower",1.08931562772949,0.000261340536722356,-0.337405521268028,0.13710446031108,0.601513215707375,0.135618792241819,0.277294225503019
"dlm","ET","lower",1.09380541606386,0.000239448303366551,-0.337405521268028,0.13710446031108,0.601513215707375,0.135618792241819,0.277294225503019
"dlm","ET","lower",1.09829520439823,0.000221548339700327,-0.337405521268028,0.13710446031108,0.601513215707375,0.135618792241819,0.277294225503019
"dlm","ET","lower",1.10278499273259,0.000203751389376527,-0.337405521268028,0.13710446031108,0.601513215707375,0.135618792241819,0.277294225503019
"dlm","ET","lower",1.10727478106696,0.000187847171596213,-0.337405521268028,0.13710446031108,0.601513215707375,0.135618792241819,0.277294225503019
"dlm","ET","lower",1.11176456940133,0.000178937962433756,-0.337405521268028,0.13710446031108,0.601513215707375,0.135618792241819,0.277294225503019
"dlm","ET","lower",1.11625435773569,0.000175878437582174,-0.337405521268028,0.13710446031108,0.601513215707375,0.135618792241819,0.277294225503019
"dlm","ET","lower",1.12074414607006,0.000170651661282099,-0.337405521268028,0.13710446031108,0.601513215707375,0.135618792241819,0.277294225503019
"dlm","ET","lower",1.12523393440443,0.000156622840151729,-0.337405521268028,0.13710446031108,0.601513215707375,0.135618792241819,0.277294225503019
"dlm","ET","lower",1.1297237227388,0.000134991671260925,-0.337405521268028,0.13710446031108,0.601513215707375,0.135618792241819,0.277294225503019
"dlm","ET","lower",1.13421351107316,0.000113043483547916,-0.337405521268028,0.13710446031108,0.601513215707375,0.135618792241819,0.277294225503019
"dlm","ET","lower",1.13870329940753,9.78259274306157e-05,-0.337405521268028,0.13710446031108,0.601513215707375,0.135618792241819,0.277294225503019
"dlm","ET","lower",1.1431930877419,9.03421407508578e-05,-0.337405521268028,0.13710446031108,0.601513215707375,0.135618792241819,0.277294225503019
"dlm","ET","lower",1.14768287607626,8.52062579339393e-05,-0.337405521268028,0.13710446031108,0.601513215707375,0.135618792241819,0.277294225503019
"dlm","ET","lower",1.15217266441063,7.75496528461575e-05,-0.337405521268028,0.13710446031108,0.601513215707375,0.135618792241819,0.277294225503019
"dlm","ET","lower",1.156662452745,6.7655107995902e-05,-0.337405521268028,0.13710446031108,0.601513215707375,0.135618792241819,0.277294225503019
"dlm","ET","lower",1.16115224107936,5.71312362544717e-05,-0.337405521268028,0.13710446031108,0.601513215707375,0.135618792241819,0.277294225503019
"dlm","ET","lower",1.16564202941373,4.6502076925651e-05,-0.337405521268028,0.13710446031108,0.601513215707375,0.135618792241819,0.277294225503019
"dlm","ET","lower",1.1701318177481,3.68880081489592e-05,-0.337405521268028,0.13710446031108,0.601513215707375,0.135618792241819,0.277294225503019
"dlm","ET","lower",1.17462160608247,3.02645937072993e-05,-0.337405521268028,0.13710446031108,0.601513215707375,0.135618792241819,0.277294225503019
"dlm","ET","lower",1.17911139441683,2.82032158681228e-05,-0.337405521268028,0.13710446031108,0.601513215707375,0.135618792241819,0.277294225503019
"dlm","ET","lower",1.1836011827512,3.0440134514512e-05,-0.337405521268028,0.13710446031108,0.601513215707375,0.135618792241819,0.277294225503019
"dlm","ET","lower",1.18809097108557,3.40587043066104e-05,-0.337405521268028,0.13710446031108,0.601513215707375,0.135618792241819,0.277294225503019
"dlm","ET","lower",1.19258075941993,3.55338475802843e-05,-0.337405521268028,0.13710446031108,0.601513215707375,0.135618792241819,0.277294225503019
"dlm","ET","lower",1.1970705477543,3.48477212037405e-05,-0.337405521268028,0.13710446031108,0.601513215707375,0.135618792241819,0.277294225503019
"dlm","ET","lower",1.20156033608867,3.57150672298895e-05,-0.337405521268028,0.13710446031108,0.601513215707375,0.135618792241819,0.277294225503019
"dlm","ET","lower",1.20605012442303,4.00599041715247e-05,-0.337405521268028,0.13710446031108,0.601513215707375,0.135618792241819,0.277294225503019
"dlm","ET","lower",1.2105399127574,4.53627536378214e-05,-0.337405521268028,0.13710446031108,0.601513215707375,0.135618792241819,0.277294225503019
"dlm","ET","lower",1.21502970109177,4.90350248111068e-05,-0.337405521268028,0.13710446031108,0.601513215707375,0.135618792241819,0.277294225503019
"dlm","ET","lower",1.21951948942614,5.10081130865408e-05,-0.337405521268028,0.13710446031108,0.601513215707375,0.135618792241819,0.277294225503019
"dlm","ET","lower",1.2240092777605,5.09084222955056e-05,-0.337405521268028,0.13710446031108,0.601513215707375,0.135618792241819,0.277294225503019
"dlm","ET","lower",1.22849906609487,4.6814860945423e-05,-0.337405521268028,0.13710446031108,0.601513215707375,0.135618792241819,0.277294225503019
"dlm","ET","lower",1.23298885442924,3.82570532586792e-05,-0.337405521268028,0.13710446031108,0.601513215707375,0.135618792241819,0.277294225503019
"dlm","ET","lower",1.2374786427636,2.82787153576479e-05,-0.337405521268028,0.13710446031108,0.601513215707375,0.135618792241819,0.277294225503019
"dlm","ET","lower",1.24196843109797,2.0974875681383e-05,-0.337405521268028,0.13710446031108,0.601513215707375,0.135618792241819,0.277294225503019
"dlm","ET","lower",1.24645821943234,1.78259519004865e-05,-0.337405521268028,0.13710446031108,0.601513215707375,0.135618792241819,0.277294225503019
"dlm","ET","lower",1.2509480077667,1.76695545770417e-05,-0.337405521268028,0.13710446031108,0.601513215707375,0.135618792241819,0.277294225503019
"dlm","ET","lower",1.25543779610107,1.92278250111631e-05,-0.337405521268028,0.13710446031108,0.601513215707375,0.135618792241819,0.277294225503019
"dlm","ET","lower",1.25992758443544,2.21535650799153e-05,-0.337405521268028,0.13710446031108,0.601513215707375,0.135618792241819,0.277294225503019
"dlm","ET","lower",1.26441737276981,2.64109082328355e-05,-0.337405521268028,0.13710446031108,0.601513215707375,0.135618792241819,0.277294225503019
"dlm","ET","lower",1.26890716110417,3.17736198028476e-05,-0.337405521268028,0.13710446031108,0.601513215707375,0.135618792241819,0.277294225503019
"dlm","ET","lower",1.27339694943854,3.72480027159597e-05,-0.337405521268028,0.13710446031108,0.601513215707375,0.135618792241819,0.277294225503019
"dlm","ET","lower",1.27788673777291,4.03159500107991e-05,-0.337405521268028,0.13710446031108,0.601513215707375,0.135618792241819,0.277294225503019
"dlm","ET","lower",1.28237652610727,3.78767176711327e-05,-0.337405521268028,0.13710446031108,0.601513215707375,0.135618792241819,0.277294225503019
"dlm","ET","lower",1.28686631444164,2.94393811970161e-05,-0.337405521268028,0.13710446031108,0.601513215707375,0.135618792241819,0.277294225503019
"dlm","ET","lower",1.29135610277601,1.85460854113774e-05,-0.337405521268028,0.13710446031108,0.601513215707375,0.135618792241819,0.277294225503019
"dlm","ET","lower",1.29584589111037,9.50835148078736e-06,-0.337405521268028,0.13710446031108,0.601513215707375,0.135618792241819,0.277294225503019
"dlm","ET","lower",1.30033567944474,3.97728195024229e-06,-0.337405521268028,0.13710446031108,0.601513215707375,0.135618792241819,0.277294225503019
"dlm","ET","lower",1.30482546777911,1.31584489803332e-06,-0.337405521268028,0.13710446031108,0.601513215707375,0.135618792241819,0.277294225503019
"dlm","ET","lower",1.30931525611348,3.23406383684537e-07,-0.337405521268028,0.13710446031108,0.601513215707375,0.135618792241819,0.277294225503019
"dlm","ET","lower",1.31380504444784,5.54079369376417e-08,-0.337405521268028,0.13710446031108,0.601513215707375,0.135618792241819,0.277294225503019
"dlm","ET","upper",-0.479193635552239,8.50134267873894e-08,-0.171431210196519,0.0401505277037968,0.326520505380513,0.0497642243761411,0.136293921607881
"dlm","ET","upper",-0.476513915789929,5.25781169037403e-07,-0.171431210196519,0.0401505277037968,0.326520505380513,0.0497642243761411,0.136293921607881
"dlm","ET","upper",-0.473834196027619,2.23729119894917e-06,-0.171431210196519,0.0401505277037968,0.326520505380513,0.0497642243761411,0.136293921607881
"dlm","ET","upper",-0.471154476265309,6.41169767045404e-06,-0.171431210196519,0.0401505277037968,0.326520505380513,0.0497642243761411,0.136293921607881
"dlm","ET","upper",-0.468474756502999,1.20978355605594e-05,-0.171431210196519,0.0401505277037968,0.326520505380513,0.0497642243761411,0.136293921607881
"dlm","ET","upper",-0.465795036740689,1.50836179967118e-05,-0.171431210196519,0.0401505277037968,0.326520505380513,0.0497642243761411,0.136293921607881
"dlm","ET","upper",-0.463115316978379,1.40105834860698e-05,-0.171431210196519,0.0401505277037968,0.326520505380513,0.0497642243761411,0.136293921607881
"dlm","ET","upper",-0.460435597216069,1.36572221761038e-05,-0.171431210196519,0.0401505277037968,0.326520505380513,0.0497642243761411,0.136293921607881
"dlm","ET","upper",-0.457755877453759,1.82006045150632e-05,-0.171431210196519,0.0401505277037968,0.326520505380513,0.0497642243761411,0.136293921607881
"dlm","ET","upper",-0.455076157691449,2.48551038673475e-05,-0.171431210196519,0.0401505277037968,0.326520505380513,0.0497642243761411,0.136293921607881
"dlm","ET","upper",-0.452396437929139,2.77920013043686e-05,-0.171431210196519,0.0401505277037968,0.326520505380513,0.0497642243761411,0.136293921607881
"dlm","ET","upper",-0.449716718166829,2.61487196552202e-05,-0.171431210196519,0.0401505277037968,0.326520505380513,0.0497642243761411,0.136293921607881
"dlm","ET","upper",-0.447036998404519,2.17894669819327e-05,-0.171431210196519,0.0401505277037968,0.326520505380513,0.0497642243761411,0.136293921607881
"dlm","ET","upper",-0.444357278642209,1.56706711606553e-05,-0.171431210196519,0.0401505277037968,0.326520505380513,0.0497642243761411,0.136293921607881
"dlm","ET","upper",-0.441677558879899,9.66979674422044e-06,-0.171431210196519,0.0401505277037968,0.326520505380513,0.0497642243761411,0.136293921607881
"dlm","ET","upper",-0.438997839117589,5.41421382190877e-06,-0.171431210196519,0.0401505277037968,0.326520505380513,0.0497642243761411,0.136293921607881
"dlm","ET","upper",-0.436318119355279,2.76073400722952e-06,-0.171431210196519,0.0401505277037968,0.326520505380513,0.0497642243761411,0.136293921607881
"dlm","ET","upper",-0.433638399592969,1.50907420504643e-06,-0.171431210196519,0.0401505277037968,0.326520505380513,0.0497642243761411,0.136293921607881
"dlm","ET","upper",-0.430958679830659,2.30741481567077e-06,-0.171431210196519,0.0401505277037968,0.326520505380513,0.0497642243761411,0.136293921607881
"dlm","ET","upper",-0.428278960068349,5.45481222961454e-06,-0.171431210196519,0.0401505277037968,0.326520505380513,0.0497642243761411,0.136293921607881
"dlm","ET","upper",-0.425599240306039,9.20008213415347e-06,-0.171431210196519,0.0401505277037968,0.326520505380513,0.0497642243761411,0.136293921607881
"dlm","ET","upper",-0.422919520543729,1.22759518722881e-05,-0.171431210196519,0.0401505277037968,0.326520505380513,0.0497642243761411,0.136293921607881
"dlm","ET","upper",-0.420239800781419,1.81233438448147e-05,-0.171431210196519,0.0401505277037968,0.326520505380513,0.0497642243761411,0.136293921607881
"dlm","ET","upper",-0.417560081019109,3.04900831074598e-05,-0.171431210196519,0.0401505277037968,0.326520505380513,0.0497642243761411,0.136293921607881
"dlm","ET","upper",-0.414880361256799,4.7035353538168e-05,-0.171431210196519,0.0401505277037968,0.326520505380513,0.0497642243761411,0.136293921607881
"dlm","ET","upper",-0.412200641494489,6.24883584126303e-05,-0.171431210196519,0.0401505277037968,0.326520505380513,0.0497642243761411,0.136293921607881
"dlm","ET","upper",-0.409520921732179,7.58778826353317e-05,-0.171431210196519,0.0401505277037968,0.326520505380513,0.0497642243761411,0.136293921607881
"dlm","ET","upper",-0.406841201969869,9.21951914381849e-05,-0.171431210196519,0.0401505277037968,0.326520505380513,0.0497642243761411,0.136293921607881
"dlm","ET","upper",-0.404161482207559,0.000116315393600227,-0.171431210196519,0.0401505277037968,0.326520505380513,0.0497642243761411,0.136293921607881
"dlm","ET","upper",-0.401481762445249,0.000146439807879983,-0.171431210196519,0.0401505277037968,0.326520505380513,0.0497642243761411,0.136293921607881
"dlm","ET","upper",-0.398802042682939,0.000177296045164034,-0.171431210196519,0.0401505277037968,0.326520505380513,0.0497642243761411,0.136293921607881
"dlm","ET","upper",-0.396122322920629,0.000207739133522099,-0.171431210196519,0.0401505277037968,0.326520505380513,0.0497642243761411,0.136293921607881
"dlm","ET","upper",-0.393442603158319,0.000238681820379338,-0.171431210196519,0.0401505277037968,0.326520505380513,0.0497642243761411,0.136293921607881
"dlm","ET","upper",-0.390762883396009,0.000269113854484318,-0.171431210196519,0.0401505277037968,0.326520505380513,0.0497642243761411,0.136293921607881
"dlm","ET","upper",-0.388083163633699,0.000301945451689959,-0.171431210196519,0.0401505277037968,0.326520505380513,0.0497642243761411,0.136293921607881
"dlm","ET","upper",-0.385403443871389,0.000342411697661955,-0.171431210196519,0.0401505277037968,0.326520505380513,0.0497642243761411,0.136293921607881
"dlm","ET","upper",-0.382723724109079,0.0003863179529692,-0.171431210196519,0.0401505277037968,0.326520505380513,0.0497642243761411,0.136293921607881
"dlm","ET","upper",-0.380044004346769,0.000428737736545142,-0.171431210196519,0.0401505277037968,0.326520505380513,0.0497642243761411,0.136293921607881
"dlm","ET","upper",-0.377364284584459,0.000482339632289196,-0.171431210196519,0.0401505277037968,0.326520505380513,0.0497642243761411,0.136293921607881
"dlm","ET","upper",-0.374684564822149,0.000564390141472954,-0.171431210196519,0.0401505277037968,0.326520505380513,0.0497642243761411,0.136293921607881
"dlm","ET","upper",-0.372004845059839,0.000671600019988186,-0.171431210196519,0.0401505277037968,0.326520505380513,0.0497642243761411,0.136293921607881
"dlm","ET","upper",-0.369325125297529,0.000786340047924551,-0.171431210196519,0.0401505277037968,0.326520505380513,0.0497642243761411,0.136293921607881
"dlm","ET","upper",-0.366645405535219,0.000901420186214819,-0.171431210196519,0.0401505277037968,0.326520505380513,0.0497642243761411,0.136293921607881
"dlm","ET","upper",-0.363965685772909,0.00102837827227668,-0.171431210196519,0.0401505277037968,0.326520505380513,0.0497642243761411,0.136293921607881
"dlm","ET","upper",-0.361285966010599,0.00117581354746755,-0.171431210196519,0.0401505277037968,0.326520505380513,0.0497642243761411,0.136293921607881
"dlm","ET","upper",-0.358606246248289,0.00132749579745479,-0.171431210196519,0.0401505277037968,0.326520505380513,0.0497642243761411,0.136293921607881
"dlm","ET","upper",-0.355926526485979,0.00146689953004274,-0.171431210196519,0.0401505277037968,0.326520505380513,0.0497642243761411,0.136293921607881
"dlm","ET","upper",-0.353246806723669,0.00160552205006466,-0.171431210196519,0.0401505277037968,0.326520505380513,0.0497642243761411,0.136293921607881
"dlm","ET","upper",-0.350567086961359,0.00176206605550457,-0.171431210196519,0.0401505277037968,0.326520505380513,0.0497642243761411,0.136293921607881
"dlm","ET","upper",-0.347887367199049,0.00195684182134091,-0.171431210196519,0.0401505277037968,0.326520505380513,0.0497642243761411,0.136293921607881
"dlm","ET","upper",-0.345207647436739,0.0022194760908871,-0.171431210196519,0.0401505277037968,0.326520505380513,0.0497642243761411,0.136293921607881
"dlm","ET","upper",-0.342527927674429,0.00256431431738521,-0.171431210196519,0.0401505277037968,0.326520505380513,0.0497642243761411,0.136293921607881
"dlm","ET","upper",-0.339848207912119,0.00298658351566872,-0.171431210196519,0.0401505277037968,0.326520505380513,0.0497642243761411,0.136293921607881
"dlm","ET","upper",-0.337168488149809,0.00348145094540233,-0.171431210196519,0.0401505277037968,0.326520505380513,0.0497642243761411,0.136293921607881
"dlm","ET","upper",-0.334488768387499,0.00403628313452294,-0.171431210196519,0.0401505277037968,0.326520505380513,0.0497642243761411,0.136293921607881
"dlm","ET","upper",-0.331809048625189,0.00462795615390142,-0.171431210196519,0.0401505277037968,0.326520505380513,0.0497642243761411,0.136293921607881
"dlm","ET","upper",-0.329129328862879,0.00524174378786751,-0.171431210196519,0.0401505277037968,0.326520505380513,0.0497642243761411,0.136293921607881
"dlm","ET","upper",-0.326449609100569,0.00585705680480417,-0.171431210196519,0.0401505277037968,0.326520505380513,0.0497642243761411,0.136293921607881
"dlm","ET","upper",-0.323769889338259,0.00644891537809536,-0.171431210196519,0.0401505277037968,0.326520505380513,0.0497642243761411,0.136293921607881
"dlm","ET","upper",-0.321090169575949,0.00704288593547002,-0.171431210196519,0.0401505277037968,0.326520505380513,0.0497642243761411,0.136293921607881
"dlm","ET","upper",-0.318410449813639,0.00771810674180302,-0.171431210196519,0.0401505277037968,0.326520505380513,0.0497642243761411,0.136293921607881
"dlm","ET","upper",-0.315730730051329,0.00855329599186865,-0.171431210196519,0.0401505277037968,0.326520505380513,0.0497642243761411,0.136293921607881
"dlm","ET","upper",-0.313051010289019,0.00954893487734319,-0.171431210196519,0.0401505277037968,0.326520505380513,0.0497642243761411,0.136293921607881
"dlm","ET","upper",-0.310371290526709,0.0106164452056776,-0.171431210196519,0.0401505277037968,0.326520505380513,0.0497642243761411,0.136293921607881
"dlm","ET","upper",-0.307691570764399,0.0117015040665503,-0.171431210196519,0.0401505277037968,0.326520505380513,0.0497642243761411,0.136293921607881
"dlm","ET","upper",-0.305011851002089,0.0128729257603926,-0.171431210196519,0.0401505277037968,0.326520505380513,0.0497642243761411,0.136293921607881
"dlm","ET","upper",-0.302332131239779,0.0142184348732276,-0.171431210196519,0.0401505277037968,0.326520505380513,0.0497642243761411,0.136293921607881
"dlm","ET","upper",-0.299652411477469,0.0157391851814474,-0.171431210196519,0.0401505277037968,0.326520505380513,0.0497642243761411,0.136293921607881
"dlm","ET","upper",-0.296972691715159,0.0174122401882554,-0.171431210196519,0.0401505277037968,0.326520505380513,0.0497642243761411,0.136293921607881
"dlm","ET","upper",-0.294292971952849,0.0192609688537948,-0.171431210196519,0.0401505277037968,0.326520505380513,0.0497642243761411,0.136293921607881
"dlm","ET","upper",-0.291613252190539,0.0213648614233785,-0.171431210196519,0.0401505277037968,0.326520505380513,0.0497642243761411,0.136293921607881
"dlm","ET","upper",-0.288933532428229,0.0237770416997855,-0.171431210196519,0.0401505277037968,0.326520505380513,0.0497642243761411,0.136293921607881
"dlm","ET","upper",-0.286253812665919,0.0264122803373187,-0.171431210196519,0.0401505277037968,0.326520505380513,0.0497642243761411,0.136293921607881
"dlm","ET","upper",-0.283574092903609,0.0291215627644421,-0.171431210196519,0.0401505277037968,0.326520505380513,0.0497642243761411,0.136293921607881
"dlm","ET","upper",-0.280894373141299,0.0318748932423699,-0.171431210196519,0.0401505277037968,0.326520505380513,0.0497642243761411,0.136293921607881
"dlm","ET","upper",-0.278214653378989,0.03482296903855,-0.171431210196519,0.0401505277037968,0.326520505380513,0.0497642243761411,0.136293921607881
"dlm","ET","upper",-0.275534933616679,0.0381757554541949,-0.171431210196519,0.0401505277037968,0.326520505380513,0.0497642243761411,0.136293921607881
"dlm","ET","upper",-0.272855213854369,0.0420156981706415,-0.171431210196519,0.0401505277037968,0.326520505380513,0.0497642243761411,0.136293921607881
"dlm","ET","upper",-0.270175494092059,0.0462601519897207,-0.171431210196519,0.0401505277037968,0.326520505380513,0.0497642243761411,0.136293921607881
"dlm","ET","upper",-0.267495774329749,0.0508163278406277,-0.171431210196519,0.0401505277037968,0.326520505380513,0.0497642243761411,0.136293921607881
"dlm","ET","upper",-0.264816054567439,0.0556470974234948,-0.171431210196519,0.0401505277037968,0.326520505380513,0.0497642243761411,0.136293921607881
"dlm","ET","upper",-0.262136334805129,0.0607320576555574,-0.171431210196519,0.0401505277037968,0.326520505380513,0.0497642243761411,0.136293921607881
"dlm","ET","upper",-0.259456615042819,0.0661310127406663,-0.171431210196519,0.0401505277037968,0.326520505380513,0.0497642243761411,0.136293921607881
"dlm","ET","upper",-0.256776895280509,0.0719739617992324,-0.171431210196519,0.0401505277037968,0.326520505380513,0.0497642243761411,0.136293921607881
"dlm","ET","upper",-0.254097175518199,0.0783247261661042,-0.171431210196519,0.0401505277037968,0.326520505380513,0.0497642243761411,0.136293921607881
"dlm","ET","upper",-0.251417455755889,0.0851501231890086,-0.171431210196519,0.0401505277037968,0.326520505380513,0.0497642243761411,0.136293921607881
"dlm","ET","upper",-0.248737735993579,0.0923212144762197,-0.171431210196519,0.0401505277037968,0.326520505380513,0.0497642243761411,0.136293921607881
"dlm","ET","upper",-0.246058016231269,0.0996626312372424,-0.171431210196519,0.0401505277037968,0.326520505380513,0.0497642243761411,0.136293921607881
"dlm","ET","upper",-0.243378296468959,0.107221624880048,-0.171431210196519,0.0401505277037968,0.326520505380513,0.0497642243761411,0.136293921607881
"dlm","ET","upper",-0.240698576706649,0.115364153915137,-0.171431210196519,0.0401505277037968,0.326520505380513,0.0497642243761411,0.136293921607881
"dlm","ET","upper",-0.238018856944339,0.124284713001736,-0.171431210196519,0.0401505277037968,0.326520505380513,0.0497642243761411,0.136293921607881
"dlm","ET","upper",-0.235339137182029,0.133713444465747,-0.171431210196519,0.0401505277037968,0.326520505380513,0.0497642243761411,0.136293921607881
"dlm","ET","upper",-0.232659417419719,0.143564169972107,-0.171431210196519,0.0401505277037968,0.326520505380513,0.0497642243761411,0.136293921607881
"dlm","ET","upper",-0.229979697657409,0.154308759230407,-0.171431210196519,0.0401505277037968,0.326520505380513,0.0497642243761411,0.136293921607881
"dlm","ET","upper",-0.227299977895099,0.166290824430641,-0.171431210196519,0.0401505277037968,0.326520505380513,0.0497642243761411,0.136293921607881
"dlm","ET","upper",-0.224620258132789,0.179259543708861,-0.171431210196519,0.0401505277037968,0.326520505380513,0.0497642243761411,0.136293921607881
"dlm","ET","upper",-0.221940538370479,0.192611158655908,-0.171431210196519,0.0401505277037968,0.326520505380513,0.0497642243761411,0.136293921607881
"dlm","ET","upper",-0.219260818608169,0.206131062188682,-0.171431210196519,0.0401505277037968,0.326520505380513,0.0497642243761411,0.136293921607881
"dlm","ET","upper",-0.216581098845859,0.220409451593992,-0.171431210196519,0.0401505277037968,0.326520505380513,0.0497642243761411,0.136293921607881
"dlm","ET","upper",-0.213901379083549,0.235958413827817,-0.171431210196519,0.0401505277037968,0.326520505380513,0.0497642243761411,0.136293921607881
"dlm","ET","upper",-0.211221659321239,0.252561640300147,-0.171431210196519,0.0401505277037968,0.326520505380513,0.0497642243761411,0.136293921607881
"dlm","ET","upper",-0.208541939558929,0.269935890476068,-0.171431210196519,0.0401505277037968,0.326520505380513,0.0497642243761411,0.136293921607881
"dlm","ET","upper",-0.205862219796619,0.288146226074501,-0.171431210196519,0.0401505277037968,0.326520505380513,0.0497642243761411,0.136293921607881
"dlm","ET","upper",-0.203182500034309,0.307025288173177,-0.171431210196519,0.0401505277037968,0.326520505380513,0.0497642243761411,0.136293921607881
"dlm","ET","upper",-0.200502780271999,0.326227585248728,-0.171431210196519,0.0401505277037968,0.326520505380513,0.0497642243761411,0.136293921607881
"dlm","ET","upper",-0.197823060509689,0.346122519113879,-0.171431210196519,0.0401505277037968,0.326520505380513,0.0497642243761411,0.136293921607881
"dlm","ET","upper",-0.195143340747379,0.367717205105649,-0.171431210196519,0.0401505277037968,0.326520505380513,0.0497642243761411,0.136293921607881
"dlm","ET","upper",-0.192463620985069,0.391320679825481,-0.171431210196519,0.0401505277037968,0.326520505380513,0.0497642243761411,0.136293921607881
"dlm","ET","upper",-0.189783901222759,0.416257813949069,-0.171431210196519,0.0401505277037968,0.326520505380513,0.0497642243761411,0.136293921607881
"dlm","ET","upper",-0.187104181460449,0.44192672687008,-0.171431210196519,0.0401505277037968,0.326520505380513,0.0497642243761411,0.136293921607881
"dlm","ET","upper",-0.184424461698139,0.468097553305883,-0.171431210196519,0.0401505277037968,0.326520505380513,0.0497642243761411,0.136293921607881
"dlm","ET","upper",-0.181744741935829,0.494870486054617,-0.171431210196519,0.0401505277037968,0.326520505380513,0.0497642243761411,0.136293921607881
"dlm","ET","upper",-0.179065022173519,0.522675632502361,-0.171431210196519,0.0401505277037968,0.326520505380513,0.0497642243761411,0.136293921607881
"dlm","ET","upper",-0.176385302411209,0.551967370750528,-0.171431210196519,0.0401505277037968,0.326520505380513,0.0497642243761411,0.136293921607881
"dlm","ET","upper",-0.173705582648899,0.582852997704006,-0.171431210196519,0.0401505277037968,0.326520505380513,0.0497642243761411,0.136293921607881
"dlm","ET","upper",-0.171025862886589,0.614745489346275,-0.171431210196519,0.0401505277037968,0.326520505380513,0.0497642243761411,0.136293921607881
"dlm","ET","upper",-0.168346143124279,0.647066514346288,-0.171431210196519,0.0401505277037968,0.326520505380513,0.0497642243761411,0.136293921607881
"dlm","ET","upper",-0.165666423361969,0.680177156397904,-0.171431210196519,0.0401505277037968,0.326520505380513,0.0497642243761411,0.136293921607881
"dlm","ET","upper",-0.162986703599659,0.71464161071837,-0.171431210196519,0.0401505277037968,0.326520505380513,0.0497642243761411,0.136293921607881
"dlm","ET","upper",-0.160306983837349,0.750286085909886,-0.171431210196519,0.0401505277037968,0.326520505380513,0.0497642243761411,0.136293921607881
"dlm","ET","upper",-0.157627264075039,0.78670520036401,-0.171431210196519,0.0401505277037968,0.326520505380513,0.0497642243761411,0.136293921607881
"dlm","ET","upper",-0.154947544312729,0.823999302471629,-0.171431210196519,0.0401505277037968,0.326520505380513,0.0497642243761411,0.136293921607881
"dlm","ET","upper",-0.152267824550419,0.862664824208211,-0.171431210196519,0.0401505277037968,0.326520505380513,0.0497642243761411,0.136293921607881
"dlm","ET","upper",-0.149588104788109,0.902858850413941,-0.171431210196519,0.0401505277037968,0.326520505380513,0.0497642243761411,0.136293921607881
"dlm","ET","upper",-0.146908385025799,0.944107656832872,-0.171431210196519,0.0401505277037968,0.326520505380513,0.0497642243761411,0.136293921607881
"dlm","ET","upper",-0.144228665263489,0.986183330105738,-0.171431210196519,0.0401505277037968,0.326520505380513,0.0497642243761411,0.136293921607881
"dlm","ET","upper",-0.141548945501179,1.0296574295539,-0.171431210196519,0.0401505277037968,0.326520505380513,0.0497642243761411,0.136293921607881
"dlm","ET","upper",-0.138869225738869,1.07482323936685,-0.171431210196519,0.0401505277037968,0.326520505380513,0.0497642243761411,0.136293921607881
"dlm","ET","upper",-0.136189505976559,1.12078687635541,-0.171431210196519,0.0401505277037968,0.326520505380513,0.0497642243761411,0.136293921607881
"dlm","ET","upper",-0.133509786214249,1.16670036762256,-0.171431210196519,0.0401505277037968,0.326520505380513,0.0497642243761411,0.136293921607881
"dlm","ET","upper",-0.130830066451939,1.21325506683906,-0.171431210196519,0.0401505277037968,0.326520505380513,0.0497642243761411,0.136293921607881
"dlm","ET","upper",-0.128150346689629,1.2616101906127,-0.171431210196519,0.0401505277037968,0.326520505380513,0.0497642243761411,0.136293921607881
"dlm","ET","upper",-0.125470626927319,1.31138611742047,-0.171431210196519,0.0401505277037968,0.326520505380513,0.0497642243761411,0.136293921607881
"dlm","ET","upper",-0.122790907165009,1.36102191474949,-0.171431210196519,0.0401505277037968,0.326520505380513,0.0497642243761411,0.136293921607881
"dlm","ET","upper",-0.120111187402699,1.40974995403935,-0.171431210196519,0.0401505277037968,0.326520505380513,0.0497642243761411,0.136293921607881
"dlm","ET","upper",-0.117431467640389,1.458243988471,-0.171431210196519,0.0401505277037968,0.326520505380513,0.0497642243761411,0.136293921607881
"dlm","ET","upper",-0.114751747878079,1.50753147405887,-0.171431210196519,0.0401505277037968,0.326520505380513,0.0497642243761411,0.136293921607881
"dlm","ET","upper",-0.112072028115769,1.55804328119442,-0.171431210196519,0.0401505277037968,0.326520505380513,0.0497642243761411,0.136293921607881
"dlm","ET","upper",-0.109392308353459,1.60971840229669,-0.171431210196519,0.0401505277037968,0.326520505380513,0.0497642243761411,0.136293921607881
"dlm","ET","upper",-0.106712588591149,1.66224864196189,-0.171431210196519,0.0401505277037968,0.326520505380513,0.0497642243761411,0.136293921607881
"dlm","ET","upper",-0.104032868828839,1.71487078831585,-0.171431210196519,0.0401505277037968,0.326520505380513,0.0497642243761411,0.136293921607881
"dlm","ET","upper",-0.101353149066529,1.76684670179872,-0.171431210196519,0.0401505277037968,0.326520505380513,0.0497642243761411,0.136293921607881
"dlm","ET","upper",-0.0986734293042187,1.8185191048627,-0.171431210196519,0.0401505277037968,0.326520505380513,0.0497642243761411,0.136293921607881
"dlm","ET","upper",-0.0959937095419087,1.87048969641455,-0.171431210196519,0.0401505277037968,0.326520505380513,0.0497642243761411,0.136293921607881
"dlm","ET","upper",-0.0933139897795987,1.92217042460405,-0.171431210196519,0.0401505277037968,0.326520505380513,0.0497642243761411,0.136293921607881
"dlm","ET","upper",-0.0906342700172887,1.97292716853752,-0.171431210196519,0.0401505277037968,0.326520505380513,0.0497642243761411,0.136293921607881
"dlm","ET","upper",-0.0879545502549787,2.02335723741697,-0.171431210196519,0.0401505277037968,0.326520505380513,0.0497642243761411,0.136293921607881
"dlm","ET","upper",-0.0852748304926687,2.07409400525553,-0.171431210196519,0.0401505277037968,0.326520505380513,0.0497642243761411,0.136293921607881
"dlm","ET","upper",-0.0825951107303587,2.12513066285575,-0.171431210196519,0.0401505277037968,0.326520505380513,0.0497642243761411,0.136293921607881
"dlm","ET","upper",-0.0799153909680487,2.17614394701151,-0.171431210196519,0.0401505277037968,0.326520505380513,0.0497642243761411,0.136293921607881
"dlm","ET","upper",-0.0772356712057387,2.22683699866603,-0.171431210196519,0.0401505277037968,0.326520505380513,0.0497642243761411,0.136293921607881
"dlm","ET","upper",-0.0745559514434287,2.27728845756473,-0.171431210196519,0.0401505277037968,0.326520505380513,0.0497642243761411,0.136293921607881
"dlm","ET","upper",-0.0718762316811187,2.32725382119689,-0.171431210196519,0.0401505277037968,0.326520505380513,0.0497642243761411,0.136293921607881
"dlm","ET","upper",-0.0691965119188087,2.37584496059722,-0.171431210196519,0.0401505277037968,0.326520505380513,0.0497642243761411,0.136293921607881
"dlm","ET","upper",-0.0665167921564987,2.4221976402812,-0.171431210196519,0.0401505277037968,0.326520505380513,0.0497642243761411,0.136293921607881
"dlm","ET","upper",-0.0638370723941887,2.46650268869543,-0.171431210196519,0.0401505277037968,0.326520505380513,0.0497642243761411,0.136293921607881
"dlm","ET","upper",-0.0611573526318787,2.51033872082544,-0.171431210196519,0.0401505277037968,0.326520505380513,0.0497642243761411,0.136293921607881
"dlm","ET","upper",-0.0584776328695687,2.55455794706346,-0.171431210196519,0.0401505277037968,0.326520505380513,0.0497642243761411,0.136293921607881
"dlm","ET","upper",-0.0557979131072587,2.59835932871069,-0.171431210196519,0.0401505277037968,0.326520505380513,0.0497642243761411,0.136293921607881
"dlm","ET","upper",-0.0531181933449487,2.64075988720695,-0.171431210196519,0.0401505277037968,0.326520505380513,0.0497642243761411,0.136293921607881
"dlm","ET","upper",-0.0504384735826387,2.68156463309881,-0.171431210196519,0.0401505277037968,0.326520505380513,0.0497642243761411,0.136293921607881
"dlm","ET","upper",-0.0477587538203287,2.72065853244812,-0.171431210196519,0.0401505277037968,0.326520505380513,0.0497642243761411,0.136293921607881
"dlm","ET","upper",-0.0450790340580187,2.75781664554814,-0.171431210196519,0.0401505277037968,0.326520505380513,0.0497642243761411,0.136293921607881
"dlm","ET","upper",-0.0423993142957087,2.79409279267871,-0.171431210196519,0.0401505277037968,0.326520505380513,0.0497642243761411,0.136293921607881
"dlm","ET","upper",-0.0397195945333987,2.83082185285089,-0.171431210196519,0.0401505277037968,0.326520505380513,0.0497642243761411,0.136293921607881
"dlm","ET","upper",-0.0370398747710887,2.86773037752657,-0.171431210196519,0.0401505277037968,0.326520505380513,0.0497642243761411,0.136293921607881
"dlm","ET","upper",-0.0343601550087787,2.90355281641134,-0.171431210196519,0.0401505277037968,0.326520505380513,0.0497642243761411,0.136293921607881
"dlm","ET","upper",-0.0316804352464687,2.9366888092458,-0.171431210196519,0.0401505277037968,0.326520505380513,0.0497642243761411,0.136293921607881
"dlm","ET","upper",-0.0290007154841587,2.96548732369226,-0.171431210196519,0.0401505277037968,0.326520505380513,0.0497642243761411,0.136293921607881
"dlm","ET","upper",-0.0263209957218487,2.99105939226224,-0.171431210196519,0.0401505277037968,0.326520505380513,0.0497642243761411,0.136293921607881
"dlm","ET","upper",-0.0236412759595387,3.01695103429025,-0.171431210196519,0.0401505277037968,0.326520505380513,0.0497642243761411,0.136293921607881
"dlm","ET","upper",-0.0209615561972287,3.0442930843598,-0.171431210196519,0.0401505277037968,0.326520505380513,0.0497642243761411,0.136293921607881
"dlm","ET","upper",-0.0182818364349187,3.07124605043064,-0.171431210196519,0.0401505277037968,0.326520505380513,0.0497642243761411,0.136293921607881
"dlm","ET","upper",-0.0156021166726087,3.09640687207558,-0.171431210196519,0.0401505277037968,0.326520505380513,0.0497642243761411,0.136293921607881
"dlm","ET","upper",-0.0129223969102987,3.11991607571975,-0.171431210196519,0.0401505277037968,0.326520505380513,0.0497642243761411,0.136293921607881
"dlm","ET","upper",-0.0102426771479887,3.14212144382098,-0.171431210196519,0.0401505277037968,0.326520505380513,0.0497642243761411,0.136293921607881
"dlm","ET","upper",-0.00756295738567869,3.16240722502444,-0.171431210196519,0.0401505277037968,0.326520505380513,0.0497642243761411,0.136293921607881
"dlm","ET","upper",-0.00488323762336867,3.17988864951441,-0.171431210196519,0.0401505277037968,0.326520505380513,0.0497642243761411,0.136293921607881
"dlm","ET","upper",-0.00220351786105871,3.19458504720362,-0.171431210196519,0.0401505277037968,0.326520505380513,0.0497642243761411,0.136293921607881
"dlm","ET","upper",0.000476201901251305,3.20699645009502,-0.171431210196519,0.0401505277037968,0.326520505380513,0.0497642243761411,0.136293921607881
"dlm","ET","upper",0.00315592166356132,3.21756897341393,-0.171431210196519,0.0401505277037968,0.326520505380513,0.0497642243761411,0.136293921607881
"dlm","ET","upper",0.00583564142587129,3.22720229095107,-0.171431210196519,0.0401505277037968,0.326520505380513,0.0497642243761411,0.136293921607881
"dlm","ET","upper",0.0085153611881813,3.2368819488546,-0.171431210196519,0.0401505277037968,0.326520505380513,0.0497642243761411,0.136293921607881
"dlm","ET","upper",0.0111950809504913,3.24622181242256,-0.171431210196519,0.0401505277037968,0.326520505380513,0.0497642243761411,0.136293921607881
"dlm","ET","upper",0.0138748007128013,3.25375256219953,-0.171431210196519,0.0401505277037968,0.326520505380513,0.0497642243761411,0.136293921607881
"dlm","ET","upper",0.0165545204751113,3.25889539734694,-0.171431210196519,0.0401505277037968,0.326520505380513,0.0497642243761411,0.136293921607881
"dlm","ET","upper",0.0192342402374213,3.26201331557328,-0.171431210196519,0.0401505277037968,0.326520505380513,0.0497642243761411,0.136293921607881
"dlm","ET","upper",0.0219139599997313,3.26274123144733,-0.171431210196519,0.0401505277037968,0.326520505380513,0.0497642243761411,0.136293921607881
"dlm","ET","upper",0.0245936797620414,3.26026155921902,-0.171431210196519,0.0401505277037968,0.326520505380513,0.0497642243761411,0.136293921607881
"dlm","ET","upper",0.0272733995243513,3.25500989017191,-0.171431210196519,0.0401505277037968,0.326520505380513,0.0497642243761411,0.136293921607881
"dlm","ET","upper",0.0299531192866613,3.2484477540426,-0.171431210196519,0.0401505277037968,0.326520505380513,0.0497642243761411,0.136293921607881
"dlm","ET","upper",0.0326328390489714,3.24164080601196,-0.171431210196519,0.0401505277037968,0.326520505380513,0.0497642243761411,0.136293921607881
"dlm","ET","upper",0.0353125588112813,3.23495227590315,-0.171431210196519,0.0401505277037968,0.326520505380513,0.0497642243761411,0.136293921607881
"dlm","ET","upper",0.0379922785735913,3.2276719048548,-0.171431210196519,0.0401505277037968,0.326520505380513,0.0497642243761411,0.136293921607881
"dlm","ET","upper",0.0406719983359013,3.21811465552295,-0.171431210196519,0.0401505277037968,0.326520505380513,0.0497642243761411,0.136293921607881
"dlm","ET","upper",0.0433517180982113,3.20568483061511,-0.171431210196519,0.0401505277037968,0.326520505380513,0.0497642243761411,0.136293921607881
"dlm","ET","upper",0.0460314378605213,3.19190119111989,-0.171431210196519,0.0401505277037968,0.326520505380513,0.0497642243761411,0.136293921607881
"dlm","ET","upper",0.0487111576228313,3.17807080614501,-0.171431210196519,0.0401505277037968,0.326520505380513,0.0497642243761411,0.136293921607881
"dlm","ET","upper",0.0513908773851413,3.16316116247493,-0.171431210196519,0.0401505277037968,0.326520505380513,0.0497642243761411,0.136293921607881
"dlm","ET","upper",0.0540705971474513,3.14582255457701,-0.171431210196519,0.0401505277037968,0.326520505380513,0.0497642243761411,0.136293921607881
"dlm","ET","upper",0.0567503169097613,3.12681240628169,-0.171431210196519,0.0401505277037968,0.326520505380513,0.0497642243761411,0.136293921607881
"dlm","ET","upper",0.0594300366720713,3.10729660648246,-0.171431210196519,0.0401505277037968,0.326520505380513,0.0497642243761411,0.136293921607881
"dlm","ET","upper",0.0621097564343813,3.08707133400994,-0.171431210196519,0.0401505277037968,0.326520505380513,0.0497642243761411,0.136293921607881
"dlm","ET","upper",0.0647894761966913,3.06593454920292,-0.171431210196519,0.0401505277037968,0.326520505380513,0.0497642243761411,0.136293921607881
"dlm","ET","upper",0.0674691959590013,3.04451849036766,-0.171431210196519,0.0401505277037968,0.326520505380513,0.0497642243761411,0.136293921607881
"dlm","ET","upper",0.0701489157213113,3.02344177833341,-0.171431210196519,0.0401505277037968,0.326520505380513,0.0497642243761411,0.136293921607881
"dlm","ET","upper",0.0728286354836213,3.00231024671292,-0.171431210196519,0.0401505277037968,0.326520505380513,0.0497642243761411,0.136293921607881
"dlm","ET","upper",0.0755083552459313,2.97899289667679,-0.171431210196519,0.0401505277037968,0.326520505380513,0.0497642243761411,0.136293921607881
"dlm","ET","upper",0.0781880750082414,2.95161139061151,-0.171431210196519,0.0401505277037968,0.326520505380513,0.0497642243761411,0.136293921607881
"dlm","ET","upper",0.0808677947705513,2.92127681432264,-0.171431210196519,0.0401505277037968,0.326520505380513,0.0497642243761411,0.136293921607881
"dlm","ET","upper",0.0835475145328613,2.89072205271419,-0.171431210196519,0.0401505277037968,0.326520505380513,0.0497642243761411,0.136293921607881
"dlm","ET","upper",0.0862272342951714,2.86121702361971,-0.171431210196519,0.0401505277037968,0.326520505380513,0.0497642243761411,0.136293921607881
"dlm","ET","upper",0.0889069540574813,2.83189456536153,-0.171431210196519,0.0401505277037968,0.326520505380513,0.0497642243761411,0.136293921607881
"dlm","ET","upper",0.0915866738197913,2.80136619696727,-0.171431210196519,0.0401505277037968,0.326520505380513,0.0497642243761411,0.136293921607881
"dlm","ET","upper",0.0942663935821014,2.76891225329173,-0.171431210196519,0.0401505277037968,0.326520505380513,0.0497642243761411,0.136293921607881
"dlm","ET","upper",0.0969461133444113,2.73443762035029,-0.171431210196519,0.0401505277037968,0.326520505380513,0.0497642243761411,0.136293921607881
"dlm","ET","upper",0.0996258331067213,2.69872259365059,-0.171431210196519,0.0401505277037968,0.326520505380513,0.0497642243761411,0.136293921607881
"dlm","ET","upper",0.102305552869031,2.66268907975036,-0.171431210196519,0.0401505277037968,0.326520505380513,0.0497642243761411,0.136293921607881
"dlm","ET","upper",0.104985272631341,2.62644280692346,-0.171431210196519,0.0401505277037968,0.326520505380513,0.0497642243761411,0.136293921607881
"dlm","ET","upper",0.107664992393651,2.59020196551321,-0.171431210196519,0.0401505277037968,0.326520505380513,0.0497642243761411,0.136293921607881
"dlm","ET","upper",0.110344712155961,2.55408755923699,-0.171431210196519,0.0401505277037968,0.326520505380513,0.0497642243761411,0.136293921607881
"dlm","ET","upper",0.113024431918271,2.51758355185522,-0.171431210196519,0.0401505277037968,0.326520505380513,0.0497642243761411,0.136293921607881
"dlm","ET","upper",0.115704151680581,2.48026866886366,-0.171431210196519,0.0401505277037968,0.326520505380513,0.0497642243761411,0.136293921607881
"dlm","ET","upper",0.118383871442891,2.442156527431,-0.171431210196519,0.0401505277037968,0.326520505380513,0.0497642243761411,0.136293921607881
"dlm","ET","upper",0.121063591205201,2.40378382256082,-0.171431210196519,0.0401505277037968,0.326520505380513,0.0497642243761411,0.136293921607881
"dlm","ET","upper",0.123743310967511,2.36604014488246,-0.171431210196519,0.0401505277037968,0.326520505380513,0.0497642243761411,0.136293921607881
"dlm","ET","upper",0.126423030729821,2.32910204332502,-0.171431210196519,0.0401505277037968,0.326520505380513,0.0497642243761411,0.136293921607881
"dlm","ET","upper",0.129102750492131,2.29231703754781,-0.171431210196519,0.0401505277037968,0.326520505380513,0.0497642243761411,0.136293921607881
"dlm","ET","upper",0.131782470254441,2.25508580994025,-0.171431210196519,0.0401505277037968,0.326520505380513,0.0497642243761411,0.136293921607881
"dlm","ET","upper",0.134462190016751,2.21709703864582,-0.171431210196519,0.0401505277037968,0.326520505380513,0.0497642243761411,0.136293921607881
"dlm","ET","upper",0.137141909779061,2.17838073555376,-0.171431210196519,0.0401505277037968,0.326520505380513,0.0497642243761411,0.136293921607881
"dlm","ET","upper",0.139821629541371,2.13912746531253,-0.171431210196519,0.0401505277037968,0.326520505380513,0.0497642243761411,0.136293921607881
"dlm","ET","upper",0.142501349303681,2.09933626715406,-0.171431210196519,0.0401505277037968,0.326520505380513,0.0497642243761411,0.136293921607881
"dlm","ET","upper",0.145181069065991,2.05944400816407,-0.171431210196519,0.0401505277037968,0.326520505380513,0.0497642243761411,0.136293921607881
"dlm","ET","upper",0.147860788828301,2.020514323475,-0.171431210196519,0.0401505277037968,0.326520505380513,0.0497642243761411,0.136293921607881
"dlm","ET","upper",0.150540508590611,1.98285283670259,-0.171431210196519,0.0401505277037968,0.326520505380513,0.0497642243761411,0.136293921607881
"dlm","ET","upper",0.153220228352921,1.94571274679621,-0.171431210196519,0.0401505277037968,0.326520505380513,0.0497642243761411,0.136293921607881
"dlm","ET","upper",0.155899948115231,1.90863791831867,-0.171431210196519,0.0401505277037968,0.326520505380513,0.0497642243761411,0.136293921607881
"dlm","ET","upper",0.158579667877541,1.87196972572423,-0.171431210196519,0.0401505277037968,0.326520505380513,0.0497642243761411,0.136293921607881
"dlm","ET","upper",0.161259387639851,1.83627909003967,-0.171431210196519,0.0401505277037968,0.326520505380513,0.0497642243761411,0.136293921607881
"dlm","ET","upper",0.163939107402161,1.80123243554444,-0.171431210196519,0.0401505277037968,0.326520505380513,0.0497642243761411,0.136293921607881
"dlm","ET","upper",0.166618827164471,1.76548310436014,-0.171431210196519,0.0401505277037968,0.326520505380513,0.0497642243761411,0.136293921607881
"dlm","ET","upper",0.169298546926781,1.72871330711453,-0.171431210196519,0.0401505277037968,0.326520505380513,0.0497642243761411,0.136293921607881
"dlm","ET","upper",0.171978266689091,1.69194929888596,-0.171431210196519,0.0401505277037968,0.326520505380513,0.0497642243761411,0.136293921607881
"dlm","ET","upper",0.174657986451401,1.65563029280101,-0.171431210196519,0.0401505277037968,0.326520505380513,0.0497642243761411,0.136293921607881
"dlm","ET","upper",0.177337706213711,1.61982567137696,-0.171431210196519,0.0401505277037968,0.326520505380513,0.0497642243761411,0.136293921607881
"dlm","ET","upper",0.180017425976021,1.58499582462189,-0.171431210196519,0.0401505277037968,0.326520505380513,0.0497642243761411,0.136293921607881
"dlm","ET","upper",0.182697145738331,1.55095948332934,-0.171431210196519,0.0401505277037968,0.326520505380513,0.0497642243761411,0.136293921607881
"dlm","ET","upper",0.185376865500641,1.51644642482763,-0.171431210196519,0.0401505277037968,0.326520505380513,0.0497642243761411,0.136293921607881
"dlm","ET","upper",0.188056585262951,1.48075331228675,-0.171431210196519,0.0401505277037968,0.326520505380513,0.0497642243761411,0.136293921607881
"dlm","ET","upper",0.190736305025261,1.44465841224005,-0.171431210196519,0.0401505277037968,0.326520505380513,0.0497642243761411,0.136293921607881
"dlm","ET","upper",0.193416024787571,1.40929543226036,-0.171431210196519,0.0401505277037968,0.326520505380513,0.0497642243761411,0.136293921607881
"dlm","ET","upper",0.196095744549881,1.37545693098293,-0.171431210196519,0.0401505277037968,0.326520505380513,0.0497642243761411,0.136293921607881
"dlm","ET","upper",0.198775464312191,1.34311947438933,-0.171431210196519,0.0401505277037968,0.326520505380513,0.0497642243761411,0.136293921607881
"dlm","ET","upper",0.201455184074501,1.31133345490605,-0.171431210196519,0.0401505277037968,0.326520505380513,0.0497642243761411,0.136293921607881
"dlm","ET","upper",0.204134903836811,1.27992579815571,-0.171431210196519,0.0401505277037968,0.326520505380513,0.0497642243761411,0.136293921607881
"dlm","ET","upper",0.206814623599121,1.24979141632167,-0.171431210196519,0.0401505277037968,0.326520505380513,0.0497642243761411,0.136293921607881
"dlm","ET","upper",0.209494343361431,1.22061632229957,-0.171431210196519,0.0401505277037968,0.326520505380513,0.0497642243761411,0.136293921607881
"dlm","ET","upper",0.212174063123741,1.19080923245114,-0.171431210196519,0.0401505277037968,0.326520505380513,0.0497642243761411,0.136293921607881
"dlm","ET","upper",0.214853782886051,1.16044373286282,-0.171431210196519,0.0401505277037968,0.326520505380513,0.0497642243761411,0.136293921607881
"dlm","ET","upper",0.217533502648361,1.13078706269226,-0.171431210196519,0.0401505277037968,0.326520505380513,0.0497642243761411,0.136293921607881
"dlm","ET","upper",0.220213222410671,1.10196847952816,-0.171431210196519,0.0401505277037968,0.326520505380513,0.0497642243761411,0.136293921607881
"dlm","ET","upper",0.222892942172981,1.0737535092522,-0.171431210196519,0.0401505277037968,0.326520505380513,0.0497642243761411,0.136293921607881
"dlm","ET","upper",0.225572661935291,1.04645784646201,-0.171431210196519,0.0401505277037968,0.326520505380513,0.0497642243761411,0.136293921607881
"dlm","ET","upper",0.228252381697601,1.02010026061862,-0.171431210196519,0.0401505277037968,0.326520505380513,0.0497642243761411,0.136293921607881
"dlm","ET","upper",0.230932101459911,0.994370977694827,-0.171431210196519,0.0401505277037968,0.326520505380513,0.0497642243761411,0.136293921607881
"dlm","ET","upper",0.233611821222221,0.969180754634261,-0.171431210196519,0.0401505277037968,0.326520505380513,0.0497642243761411,0.136293921607881
"dlm","ET","upper",0.236291540984531,0.944491847819391,-0.171431210196519,0.0401505277037968,0.326520505380513,0.0497642243761411,0.136293921607881
"dlm","ET","upper",0.238971260746841,0.920171510338026,-0.171431210196519,0.0401505277037968,0.326520505380513,0.0497642243761411,0.136293921607881
"dlm","ET","upper",0.241650980509151,0.895896550100034,-0.171431210196519,0.0401505277037968,0.326520505380513,0.0497642243761411,0.136293921607881
"dlm","ET","upper",0.244330700271461,0.871224168260986,-0.171431210196519,0.0401505277037968,0.326520505380513,0.0497642243761411,0.136293921607881
"dlm","ET","upper",0.247010420033771,0.845993817025447,-0.171431210196519,0.0401505277037968,0.326520505380513,0.0497642243761411,0.136293921607881
"dlm","ET","upper",0.249690139796081,0.820696000864327,-0.171431210196519,0.0401505277037968,0.326520505380513,0.0497642243761411,0.136293921607881
"dlm","ET","upper",0.252369859558391,0.796133808727525,-0.171431210196519,0.0401505277037968,0.326520505380513,0.0497642243761411,0.136293921607881
"dlm","ET","upper",0.255049579320701,0.772686555833667,-0.171431210196519,0.0401505277037968,0.326520505380513,0.0497642243761411,0.136293921607881
"dlm","ET","upper",0.257729299083011,0.750287971787495,-0.171431210196519,0.0401505277037968,0.326520505380513,0.0497642243761411,0.136293921607881
"dlm","ET","upper",0.260409018845321,0.728782118620633,-0.171431210196519,0.0401505277037968,0.326520505380513,0.0497642243761411,0.136293921607881
"dlm","ET","upper",0.263088738607631,0.70804174309408,-0.171431210196519,0.0401505277037968,0.326520505380513,0.0497642243761411,0.136293921607881
"dlm","ET","upper",0.265768458369941,0.688020078072014,-0.171431210196519,0.0401505277037968,0.326520505380513,0.0497642243761411,0.136293921607881
"dlm","ET","upper",0.268448178132251,0.668620871321308,-0.171431210196519,0.0401505277037968,0.326520505380513,0.0497642243761411,0.136293921607881
"dlm","ET","upper",0.271127897894561,0.649611223152284,-0.171431210196519,0.0401505277037968,0.326520505380513,0.0497642243761411,0.136293921607881
"dlm","ET","upper",0.273807617656871,0.630773914284211,-0.171431210196519,0.0401505277037968,0.326520505380513,0.0497642243761411,0.136293921607881
"dlm","ET","upper",0.276487337419181,0.611985951964282,-0.171431210196519,0.0401505277037968,0.326520505380513,0.0497642243761411,0.136293921607881
"dlm","ET","upper",0.279167057181491,0.593401498660951,-0.171431210196519,0.0401505277037968,0.326520505380513,0.0497642243761411,0.136293921607881
"dlm","ET","upper",0.281846776943801,0.575694930111754,-0.171431210196519,0.0401505277037968,0.326520505380513,0.0497642243761411,0.136293921607881
"dlm","ET","upper",0.284526496706111,0.559435500627368,-0.171431210196519,0.0401505277037968,0.326520505380513,0.0497642243761411,0.136293921607881
"dlm","ET","upper",0.287206216468421,0.544177640921699,-0.171431210196519,0.0401505277037968,0.326520505380513,0.0497642243761411,0.136293921607881
"dlm","ET","upper",0.289885936230731,0.529030546064011,-0.171431210196519,0.0401505277037968,0.326520505380513,0.0497642243761411,0.136293921607881
"dlm","ET","upper",0.292565655993041,0.513753643351127,-0.171431210196519,0.0401505277037968,0.326520505380513,0.0497642243761411,0.136293921607881
"dlm","ET","upper",0.295245375755351,0.498530821187742,-0.171431210196519,0.0401505277037968,0.326520505380513,0.0497642243761411,0.136293921607881
"dlm","ET","upper",0.297925095517661,0.483513898343881,-0.171431210196519,0.0401505277037968,0.326520505380513,0.0497642243761411,0.136293921607881
"dlm","ET","upper",0.300604815279971,0.468929007301877,-0.171431210196519,0.0401505277037968,0.326520505380513,0.0497642243761411,0.136293921607881
"dlm","ET","upper",0.303284535042281,0.454785738858222,-0.171431210196519,0.0401505277037968,0.326520505380513,0.0497642243761411,0.136293921607881
"dlm","ET","upper",0.305964254804591,0.440715161020484,-0.171431210196519,0.0401505277037968,0.326520505380513,0.0497642243761411,0.136293921607881
"dlm","ET","upper",0.308643974566901,0.426539675554448,-0.171431210196519,0.0401505277037968,0.326520505380513,0.0497642243761411,0.136293921607881
"dlm","ET","upper",0.311323694329211,0.412639581414532,-0.171431210196519,0.0401505277037968,0.326520505380513,0.0497642243761411,0.136293921607881
"dlm","ET","upper",0.314003414091521,0.399561884342243,-0.171431210196519,0.0401505277037968,0.326520505380513,0.0497642243761411,0.136293921607881
"dlm","ET","upper",0.316683133853831,0.387501433537156,-0.171431210196519,0.0401505277037968,0.326520505380513,0.0497642243761411,0.136293921607881
"dlm","ET","upper",0.319362853616141,0.376131807119421,-0.171431210196519,0.0401505277037968,0.326520505380513,0.0497642243761411,0.136293921607881
"dlm","ET","upper",0.322042573378451,0.36476837210552,-0.171431210196519,0.0401505277037968,0.326520505380513,0.0497642243761411,0.136293921607881
"dlm","ET","upper",0.324722293140761,0.35291635924608,-0.171431210196519,0.0401505277037968,0.326520505380513,0.0497642243761411,0.136293921607881
"dlm","ET","upper",0.327402012903071,0.340634915219273,-0.171431210196519,0.0401505277037968,0.326520505380513,0.0497642243761411,0.136293921607881
"dlm","ET","upper",0.330081732665381,0.328380282670995,-0.171431210196519,0.0401505277037968,0.326520505380513,0.0497642243761411,0.136293921607881
"dlm","ET","upper",0.332761452427691,0.316389503913399,-0.171431210196519,0.0401505277037968,0.326520505380513,0.0497642243761411,0.136293921607881
"dlm","ET","upper",0.335441172190001,0.304822845421606,-0.171431210196519,0.0401505277037968,0.326520505380513,0.0497642243761411,0.136293921607881
"dlm","ET","upper",0.338120891952311,0.294264735823631,-0.171431210196519,0.0401505277037968,0.326520505380513,0.0497642243761411,0.136293921607881
"dlm","ET","upper",0.340800611714621,0.284983246832714,-0.171431210196519,0.0401505277037968,0.326520505380513,0.0497642243761411,0.136293921607881
"dlm","ET","upper",0.343480331476931,0.27636965075655,-0.171431210196519,0.0401505277037968,0.326520505380513,0.0497642243761411,0.136293921607881
"dlm","ET","upper",0.346160051239241,0.267731684404185,-0.171431210196519,0.0401505277037968,0.326520505380513,0.0497642243761411,0.136293921607881
"dlm","ET","upper",0.348839771001551,0.258990857278923,-0.171431210196519,0.0401505277037968,0.326520505380513,0.0497642243761411,0.136293921607881
"dlm","ET","upper",0.351519490763861,0.25054371989654,-0.171431210196519,0.0401505277037968,0.326520505380513,0.0497642243761411,0.136293921607881
"dlm","ET","upper",0.354199210526171,0.242743647155227,-0.171431210196519,0.0401505277037968,0.326520505380513,0.0497642243761411,0.136293921607881
"dlm","ET","upper",0.356878930288481,0.235423666585048,-0.171431210196519,0.0401505277037968,0.326520505380513,0.0497642243761411,0.136293921607881
"dlm","ET","upper",0.359558650050791,0.228105628966931,-0.171431210196519,0.0401505277037968,0.326520505380513,0.0497642243761411,0.136293921607881
"dlm","ET","upper",0.362238369813101,0.220520606422215,-0.171431210196519,0.0401505277037968,0.326520505380513,0.0497642243761411,0.136293921607881
"dlm","ET","upper",0.364918089575411,0.212760448153221,-0.171431210196519,0.0401505277037968,0.326520505380513,0.0497642243761411,0.136293921607881
"dlm","ET","upper",0.367597809337721,0.205082268738261,-0.171431210196519,0.0401505277037968,0.326520505380513,0.0497642243761411,0.136293921607881
"dlm","ET","upper",0.370277529100031,0.197759293041809,-0.171431210196519,0.0401505277037968,0.326520505380513,0.0497642243761411,0.136293921607881
"dlm","ET","upper",0.372957248862341,0.190921869645503,-0.171431210196519,0.0401505277037968,0.326520505380513,0.0497642243761411,0.136293921607881
"dlm","ET","upper",0.375636968624651,0.18442023388576,-0.171431210196519,0.0401505277037968,0.326520505380513,0.0497642243761411,0.136293921607881
"dlm","ET","upper",0.378316688386961,0.178102213645921,-0.171431210196519,0.0401505277037968,0.326520505380513,0.0497642243761411,0.136293921607881
"dlm","ET","upper",0.380996408149271,0.172011908181738,-0.171431210196519,0.0401505277037968,0.326520505380513,0.0497642243761411,0.136293921607881
"dlm","ET","upper",0.383676127911581,0.166137324063304,-0.171431210196519,0.0401505277037968,0.326520505380513,0.0497642243761411,0.136293921607881
"dlm","ET","upper",0.386355847673891,0.160318730327293,-0.171431210196519,0.0401505277037968,0.326520505380513,0.0497642243761411,0.136293921607881
"dlm","ET","upper",0.389035567436201,0.154424145982262,-0.171431210196519,0.0401505277037968,0.326520505380513,0.0497642243761411,0.136293921607881
"dlm","ET","upper",0.391715287198511,0.148494208139798,-0.171431210196519,0.0401505277037968,0.326520505380513,0.0497642243761411,0.136293921607881
"dlm","ET","upper",0.394395006960821,0.142642037427549,-0.171431210196519,0.0401505277037968,0.326520505380513,0.0497642243761411,0.136293921607881
"dlm","ET","upper",0.397074726723131,0.136919108861018,-0.171431210196519,0.0401505277037968,0.326520505380513,0.0497642243761411,0.136293921607881
"dlm","ET","upper",0.399754446485441,0.13147459866286,-0.171431210196519,0.0401505277037968,0.326520505380513,0.0497642243761411,0.136293921607881
"dlm","ET","upper",0.402434166247751,0.126522272639342,-0.171431210196519,0.0401505277037968,0.326520505380513,0.0497642243761411,0.136293921607881
"dlm","ET","upper",0.405113886010061,0.121930189224327,-0.171431210196519,0.0401505277037968,0.326520505380513,0.0497642243761411,0.136293921607881
"dlm","ET","upper",0.407793605772371,0.117358285793223,-0.171431210196519,0.0401505277037968,0.326520505380513,0.0497642243761411,0.136293921607881
"dlm","ET","upper",0.410473325534681,0.112818075150452,-0.171431210196519,0.0401505277037968,0.326520505380513,0.0497642243761411,0.136293921607881
"dlm","ET","upper",0.413153045296991,0.108567452326688,-0.171431210196519,0.0401505277037968,0.326520505380513,0.0497642243761411,0.136293921607881
"dlm","ET","upper",0.415832765059301,0.10461736069732,-0.171431210196519,0.0401505277037968,0.326520505380513,0.0497642243761411,0.136293921607881
"dlm","ET","upper",0.418512484821611,0.100750232686362,-0.171431210196519,0.0401505277037968,0.326520505380513,0.0497642243761411,0.136293921607881
"dlm","ET","upper",0.421192204583921,0.0968431113159463,-0.171431210196519,0.0401505277037968,0.326520505380513,0.0497642243761411,0.136293921607881
"dlm","ET","upper",0.423871924346231,0.0929055622257862,-0.171431210196519,0.0401505277037968,0.326520505380513,0.0497642243761411,0.136293921607881
"dlm","ET","upper",0.426551644108541,0.0889435839772384,-0.171431210196519,0.0401505277037968,0.326520505380513,0.0497642243761411,0.136293921607881
"dlm","ET","upper",0.429231363870851,0.0850319115480032,-0.171431210196519,0.0401505277037968,0.326520505380513,0.0497642243761411,0.136293921607881
"dlm","ET","upper",0.431911083633161,0.0814041271966869,-0.171431210196519,0.0401505277037968,0.326520505380513,0.0497642243761411,0.136293921607881
"dlm","ET","upper",0.434590803395471,0.0781842055165023,-0.171431210196519,0.0401505277037968,0.326520505380513,0.0497642243761411,0.136293921607881
"dlm","ET","upper",0.437270523157781,0.0751530958312012,-0.171431210196519,0.0401505277037968,0.326520505380513,0.0497642243761411,0.136293921607881
"dlm","ET","upper",0.439950242920091,0.0720763394964379,-0.171431210196519,0.0401505277037968,0.326520505380513,0.0497642243761411,0.136293921607881
"dlm","ET","upper",0.442629962682401,0.0690952149147217,-0.171431210196519,0.0401505277037968,0.326520505380513,0.0497642243761411,0.136293921607881
"dlm","ET","upper",0.445309682444711,0.0664887167640334,-0.171431210196519,0.0401505277037968,0.326520505380513,0.0497642243761411,0.136293921607881
"dlm","ET","upper",0.447989402207021,0.0642271863595588,-0.171431210196519,0.0401505277037968,0.326520505380513,0.0497642243761411,0.136293921607881
"dlm","ET","upper",0.450669121969331,0.0620665804000281,-0.171431210196519,0.0401505277037968,0.326520505380513,0.0497642243761411,0.136293921607881
"dlm","ET","upper",0.453348841731641,0.0599432402954865,-0.171431210196519,0.0401505277037968,0.326520505380513,0.0497642243761411,0.136293921607881
"dlm","ET","upper",0.456028561493951,0.0579626186386491,-0.171431210196519,0.0401505277037968,0.326520505380513,0.0497642243761411,0.136293921607881
"dlm","ET","upper",0.458708281256261,0.0560908081791722,-0.171431210196519,0.0401505277037968,0.326520505380513,0.0497642243761411,0.136293921607881
"dlm","ET","upper",0.461388001018571,0.0542661248442554,-0.171431210196519,0.0401505277037968,0.326520505380513,0.0497642243761411,0.136293921607881
"dlm","ET","upper",0.464067720780881,0.0525396728381528,-0.171431210196519,0.0401505277037968,0.326520505380513,0.0497642243761411,0.136293921607881
"dlm","ET","upper",0.466747440543191,0.0508192426894563,-0.171431210196519,0.0401505277037968,0.326520505380513,0.0497642243761411,0.136293921607881
"dlm","ET","upper",0.469427160305501,0.0489365921638125,-0.171431210196519,0.0401505277037968,0.326520505380513,0.0497642243761411,0.136293921607881
"dlm","ET","upper",0.472106880067811,0.0469434021677327,-0.171431210196519,0.0401505277037968,0.326520505380513,0.0497642243761411,0.136293921607881
"dlm","ET","upper",0.474786599830121,0.04500714312864,-0.171431210196519,0.0401505277037968,0.326520505380513,0.0497642243761411,0.136293921607881
"dlm","ET","upper",0.477466319592431,0.0431554373804428,-0.171431210196519,0.0401505277037968,0.326520505380513,0.0497642243761411,0.136293921607881
"dlm","ET","upper",0.480146039354741,0.0413136542761822,-0.171431210196519,0.0401505277037968,0.326520505380513,0.0497642243761411,0.136293921607881
"dlm","ET","upper",0.482825759117051,0.0394470014802613,-0.171431210196519,0.0401505277037968,0.326520505380513,0.0497642243761411,0.136293921607881
"dlm","ET","upper",0.485505478879361,0.0376111418686774,-0.171431210196519,0.0401505277037968,0.326520505380513,0.0497642243761411,0.136293921607881
"dlm","ET","upper",0.488185198641671,0.0358670306451247,-0.171431210196519,0.0401505277037968,0.326520505380513,0.0497642243761411,0.136293921607881
"dlm","ET","upper",0.490864918403981,0.0342186202582641,-0.171431210196519,0.0401505277037968,0.326520505380513,0.0497642243761411,0.136293921607881
"dlm","ET","upper",0.493544638166291,0.0326654063008734,-0.171431210196519,0.0401505277037968,0.326520505380513,0.0497642243761411,0.136293921607881
"dlm","ET","upper",0.496224357928601,0.0312020360208567,-0.171431210196519,0.0401505277037968,0.326520505380513,0.0497642243761411,0.136293921607881
"dlm","ET","upper",0.498904077690911,0.0298308957133805,-0.171431210196519,0.0401505277037968,0.326520505380513,0.0497642243761411,0.136293921607881
"dlm","ET","upper",0.501583797453221,0.0285519296994839,-0.171431210196519,0.0401505277037968,0.326520505380513,0.0497642243761411,0.136293921607881
"dlm","ET","upper",0.504263517215531,0.0272872283933484,-0.171431210196519,0.0401505277037968,0.326520505380513,0.0497642243761411,0.136293921607881
"dlm","ET","upper",0.506943236977841,0.0260039699519339,-0.171431210196519,0.0401505277037968,0.326520505380513,0.0497642243761411,0.136293921607881
"dlm","ET","upper",0.509622956740151,0.0248366813669502,-0.171431210196519,0.0401505277037968,0.326520505380513,0.0497642243761411,0.136293921607881
"dlm","ET","upper",0.512302676502461,0.0238617542567199,-0.171431210196519,0.0401505277037968,0.326520505380513,0.0497642243761411,0.136293921607881
"dlm","ET","upper",0.514982396264771,0.022966012398106,-0.171431210196519,0.0401505277037968,0.326520505380513,0.0497642243761411,0.136293921607881
"dlm","ET","upper",0.517662116027081,0.0220643687842733,-0.171431210196519,0.0401505277037968,0.326520505380513,0.0497642243761411,0.136293921607881
"dlm","ET","upper",0.520341835789391,0.0211719222411383,-0.171431210196519,0.0401505277037968,0.326520505380513,0.0497642243761411,0.136293921607881
"dlm","ET","upper",0.523021555551701,0.0203079137166653,-0.171431210196519,0.0401505277037968,0.326520505380513,0.0497642243761411,0.136293921607881
"dlm","ET","upper",0.525701275314011,0.0194631134938539,-0.171431210196519,0.0401505277037968,0.326520505380513,0.0497642243761411,0.136293921607881
"dlm","ET","upper",0.528380995076321,0.0186254469016474,-0.171431210196519,0.0401505277037968,0.326520505380513,0.0497642243761411,0.136293921607881
"dlm","ET","upper",0.531060714838631,0.0178235953601903,-0.171431210196519,0.0401505277037968,0.326520505380513,0.0497642243761411,0.136293921607881
"dlm","ET","upper",0.533740434600941,0.017108707599561,-0.171431210196519,0.0401505277037968,0.326520505380513,0.0497642243761411,0.136293921607881
"dlm","ET","upper",0.536420154363251,0.0164831210185659,-0.171431210196519,0.0401505277037968,0.326520505380513,0.0497642243761411,0.136293921607881
"dlm","ET","upper",0.539099874125561,0.0158973864499791,-0.171431210196519,0.0401505277037968,0.326520505380513,0.0497642243761411,0.136293921607881
"dlm","ET","upper",0.541779593887871,0.0153140664177485,-0.171431210196519,0.0401505277037968,0.326520505380513,0.0497642243761411,0.136293921607881
"dlm","ET","upper",0.544459313650181,0.0147301222162322,-0.171431210196519,0.0401505277037968,0.326520505380513,0.0497642243761411,0.136293921607881
"dlm","ET","upper",0.547139033412491,0.014139083092442,-0.171431210196519,0.0401505277037968,0.326520505380513,0.0497642243761411,0.136293921607881
"dlm","ET","upper",0.549818753174801,0.0135372422019821,-0.171431210196519,0.0401505277037968,0.326520505380513,0.0497642243761411,0.136293921607881
"dlm","ET","upper",0.552498472937111,0.0129542064519986,-0.171431210196519,0.0401505277037968,0.326520505380513,0.0497642243761411,0.136293921607881
"dlm","ET","upper",0.555178192699421,0.0124051289036046,-0.171431210196519,0.0401505277037968,0.326520505380513,0.0497642243761411,0.136293921607881
"dlm","ET","upper",0.557857912461731,0.0118658251676653,-0.171431210196519,0.0401505277037968,0.326520505380513,0.0497642243761411,0.136293921607881
"dlm","ET","upper",0.560537632224041,0.0113341139743611,-0.171431210196519,0.0401505277037968,0.326520505380513,0.0497642243761411,0.136293921607881
"dlm","ET","upper",0.563217351986351,0.010829395912205,-0.171431210196519,0.0401505277037968,0.326520505380513,0.0497642243761411,0.136293921607881
"dlm","ET","upper",0.565897071748661,0.0103306601896942,-0.171431210196519,0.0401505277037968,0.326520505380513,0.0497642243761411,0.136293921607881
"dlm","ET","upper",0.568576791510971,0.00979305886285414,-0.171431210196519,0.0401505277037968,0.326520505380513,0.0497642243761411,0.136293921607881
"dlm","ET","upper",0.571256511273281,0.00921947930271792,-0.171431210196519,0.0401505277037968,0.326520505380513,0.0497642243761411,0.136293921607881
"dlm","ET","upper",0.573936231035591,0.00865902245186569,-0.171431210196519,0.0401505277037968,0.326520505380513,0.0497642243761411,0.136293921607881
"dlm","ET","upper",0.576615950797901,0.0081472722968528,-0.171431210196519,0.0401505277037968,0.326520505380513,0.0497642243761411,0.136293921607881
"dlm","ET","upper",0.579295670560211,0.00771588512457105,-0.171431210196519,0.0401505277037968,0.326520505380513,0.0497642243761411,0.136293921607881
"dlm","ET","upper",0.581975390322521,0.00739584784880254,-0.171431210196519,0.0401505277037968,0.326520505380513,0.0497642243761411,0.136293921607881
"dlm","ET","upper",0.584655110084831,0.00717012222418355,-0.171431210196519,0.0401505277037968,0.326520505380513,0.0497642243761411,0.136293921607881
"dlm","ET","upper",0.587334829847141,0.00698115715257223,-0.171431210196519,0.0401505277037968,0.326520505380513,0.0497642243761411,0.136293921607881
"dlm","ET","upper",0.590014549609451,0.00678725646003361,-0.171431210196519,0.0401505277037968,0.326520505380513,0.0497642243761411,0.136293921607881
"dlm","ET","upper",0.592694269371761,0.00656790461895893,-0.171431210196519,0.0401505277037968,0.326520505380513,0.0497642243761411,0.136293921607881
"dlm","ET","upper",0.595373989134071,0.00629987395761692,-0.171431210196519,0.0401505277037968,0.326520505380513,0.0497642243761411,0.136293921607881
"dlm","ET","upper",0.598053708896381,0.00601516905063957,-0.171431210196519,0.0401505277037968,0.326520505380513,0.0497642243761411,0.136293921607881
"dlm","ET","upper",0.600733428658691,0.00576967434059267,-0.171431210196519,0.0401505277037968,0.326520505380513,0.0497642243761411,0.136293921607881
"dlm","ET","upper",0.603413148421001,0.00553979400688837,-0.171431210196519,0.0401505277037968,0.326520505380513,0.0497642243761411,0.136293921607881
"dlm","ET","upper",0.606092868183311,0.00527241572190339,-0.171431210196519,0.0401505277037968,0.326520505380513,0.0497642243761411,0.136293921607881
"dlm","ET","upper",0.608772587945621,0.00500078294189779,-0.171431210196519,0.0401505277037968,0.326520505380513,0.0497642243761411,0.136293921607881
"dlm","ET","upper",0.611452307707931,0.00478627281598831,-0.171431210196519,0.0401505277037968,0.326520505380513,0.0497642243761411,0.136293921607881
"dlm","ET","upper",0.614132027470241,0.00457374414025764,-0.171431210196519,0.0401505277037968,0.326520505380513,0.0497642243761411,0.136293921607881
"dlm","ET","upper",0.616811747232551,0.00428679913875266,-0.171431210196519,0.0401505277037968,0.326520505380513,0.0497642243761411,0.136293921607881
"dlm","ET","upper",0.619491466994861,0.00395654609384203,-0.171431210196519,0.0401505277037968,0.326520505380513,0.0497642243761411,0.136293921607881
"dlm","ET","upper",0.622171186757171,0.00364518750608416,-0.171431210196519,0.0401505277037968,0.326520505380513,0.0497642243761411,0.136293921607881
"dlm","ET","upper",0.624850906519481,0.00337841025834446,-0.171431210196519,0.0401505277037968,0.326520505380513,0.0497642243761411,0.136293921607881
"dlm","ET","upper",0.627530626281791,0.00316102486332781,-0.171431210196519,0.0401505277037968,0.326520505380513,0.0497642243761411,0.136293921607881
"dlm","ET","upper",0.630210346044101,0.00299059497936224,-0.171431210196519,0.0401505277037968,0.326520505380513,0.0497642243761411,0.136293921607881
"dlm","ET","upper",0.632890065806411,0.00285465639881033,-0.171431210196519,0.0401505277037968,0.326520505380513,0.0497642243761411,0.136293921607881
"dlm","ET","upper",0.635569785568721,0.00272767063574324,-0.171431210196519,0.0401505277037968,0.326520505380513,0.0497642243761411,0.136293921607881
"dlm","ET","upper",0.638249505331031,0.00258464617347473,-0.171431210196519,0.0401505277037968,0.326520505380513,0.0497642243761411,0.136293921607881
"dlm","ET","upper",0.640929225093341,0.00241969989297494,-0.171431210196519,0.0401505277037968,0.326520505380513,0.0497642243761411,0.136293921607881
"dlm","ET","upper",0.643608944855651,0.00224732282143503,-0.171431210196519,0.0401505277037968,0.326520505380513,0.0497642243761411,0.136293921607881
"dlm","ET","upper",0.646288664617961,0.00209822294595874,-0.171431210196519,0.0401505277037968,0.326520505380513,0.0497642243761411,0.136293921607881
"dlm","ET","upper",0.648968384380271,0.0019973271751244,-0.171431210196519,0.0401505277037968,0.326520505380513,0.0497642243761411,0.136293921607881
"dlm","ET","upper",0.651648104142581,0.00193447591072304,-0.171431210196519,0.0401505277037968,0.326520505380513,0.0497642243761411,0.136293921607881
"dlm","ET","upper",0.654327823904891,0.00187372537021207,-0.171431210196519,0.0401505277037968,0.326520505380513,0.0497642243761411,0.136293921607881
"dlm","ET","upper",0.657007543667201,0.00179328592396269,-0.171431210196519,0.0401505277037968,0.326520505380513,0.0497642243761411,0.136293921607881
"dlm","ET","upper",0.659687263429511,0.00170758203848017,-0.171431210196519,0.0401505277037968,0.326520505380513,0.0497642243761411,0.136293921607881
"dlm","ET","upper",0.662366983191821,0.00163876257465985,-0.171431210196519,0.0401505277037968,0.326520505380513,0.0497642243761411,0.136293921607881
"dlm","ET","upper",0.665046702954131,0.00158212687411372,-0.171431210196519,0.0401505277037968,0.326520505380513,0.0497642243761411,0.136293921607881
"dlm","ET","upper",0.667726422716441,0.00152871299000363,-0.171431210196519,0.0401505277037968,0.326520505380513,0.0497642243761411,0.136293921607881
"dlm","ET","upper",0.670406142478751,0.00148441920651041,-0.171431210196519,0.0401505277037968,0.326520505380513,0.0497642243761411,0.136293921607881
"dlm","ET","upper",0.673085862241061,0.00143722402080489,-0.171431210196519,0.0401505277037968,0.326520505380513,0.0497642243761411,0.136293921607881
"dlm","ET","upper",0.675765582003371,0.00136011490351359,-0.171431210196519,0.0401505277037968,0.326520505380513,0.0497642243761411,0.136293921607881
"dlm","ET","upper",0.678445301765681,0.00125729575790974,-0.171431210196519,0.0401505277037968,0.326520505380513,0.0497642243761411,0.136293921607881
"dlm","ET","upper",0.681125021527991,0.00116070297175972,-0.171431210196519,0.0401505277037968,0.326520505380513,0.0497642243761411,0.136293921607881
"dlm","ET","upper",0.683804741290301,0.00108346590041359,-0.171431210196519,0.0401505277037968,0.326520505380513,0.0497642243761411,0.136293921607881
"dlm","ET","upper",0.686484461052611,0.0010137626211291,-0.171431210196519,0.0401505277037968,0.326520505380513,0.0497642243761411,0.136293921607881
"dlm","ET","upper",0.689164180814921,0.000948566555121171,-0.171431210196519,0.0401505277037968,0.326520505380513,0.0497642243761411,0.136293921607881
"dlm","ET","upper",0.691843900577231,0.000891812951857412,-0.171431210196519,0.0401505277037968,0.326520505380513,0.0497642243761411,0.136293921607881
"dlm","ET","upper",0.694523620339541,0.000829829886128088,-0.171431210196519,0.0401505277037968,0.326520505380513,0.0497642243761411,0.136293921607881
"dlm","ET","upper",0.697203340101851,0.000755592599867075,-0.171431210196519,0.0401505277037968,0.326520505380513,0.0497642243761411,0.136293921607881
"dlm","ET","upper",0.699883059864161,0.000692329832980427,-0.171431210196519,0.0401505277037968,0.326520505380513,0.0497642243761411,0.136293921607881
"dlm","ET","upper",0.702562779626471,0.000657387655583486,-0.171431210196519,0.0401505277037968,0.326520505380513,0.0497642243761411,0.136293921607881
"dlm","ET","upper",0.705242499388781,0.00064337208626393,-0.171431210196519,0.0401505277037968,0.326520505380513,0.0497642243761411,0.136293921607881
"dlm","ET","upper",0.707922219151091,0.000645885420972062,-0.171431210196519,0.0401505277037968,0.326520505380513,0.0497642243761411,0.136293921607881
"dlm","ET","upper",0.710601938913401,0.000655209144809524,-0.171431210196519,0.0401505277037968,0.326520505380513,0.0497642243761411,0.136293921607881
"dlm","ET","upper",0.713281658675711,0.000641487390432845,-0.171431210196519,0.0401505277037968,0.326520505380513,0.0497642243761411,0.136293921607881
"dlm","ET","upper",0.715961378438021,0.000595864717821123,-0.171431210196519,0.0401505277037968,0.326520505380513,0.0497642243761411,0.136293921607881
"dlm","ET","upper",0.718641098200331,0.000540198568734204,-0.171431210196519,0.0401505277037968,0.326520505380513,0.0497642243761411,0.136293921607881
"dlm","ET","upper",0.721320817962641,0.000494318124447199,-0.171431210196519,0.0401505277037968,0.326520505380513,0.0497642243761411,0.136293921607881
"dlm","ET","upper",0.724000537724951,0.000460012677962858,-0.171431210196519,0.0401505277037968,0.326520505380513,0.0497642243761411,0.136293921607881
"dlm","ET","upper",0.726680257487261,0.000423135195403353,-0.171431210196519,0.0401505277037968,0.326520505380513,0.0497642243761411,0.136293921607881
"dlm","ET","upper",0.729359977249571,0.000379086633538915,-0.171431210196519,0.0401505277037968,0.326520505380513,0.0497642243761411,0.136293921607881
"dlm","ET","upper",0.732039697011881,0.000336053577825993,-0.171431210196519,0.0401505277037968,0.326520505380513,0.0497642243761411,0.136293921607881
"dlm","ET","upper",0.734719416774191,0.00029473572230993,-0.171431210196519,0.0401505277037968,0.326520505380513,0.0497642243761411,0.136293921607881
"dlm","ET","upper",0.737399136536501,0.000255592505439813,-0.171431210196519,0.0401505277037968,0.326520505380513,0.0497642243761411,0.136293921607881
"dlm","ET","upper",0.740078856298811,0.000226585827502085,-0.171431210196519,0.0401505277037968,0.326520505380513,0.0497642243761411,0.136293921607881
"dlm","ET","upper",0.742758576061121,0.000212245295833839,-0.171431210196519,0.0401505277037968,0.326520505380513,0.0497642243761411,0.136293921607881
"dlm","ET","upper",0.745438295823431,0.000208596688408671,-0.171431210196519,0.0401505277037968,0.326520505380513,0.0497642243761411,0.136293921607881
"dlm","ET","upper",0.748118015585741,0.000210870739790603,-0.171431210196519,0.0401505277037968,0.326520505380513,0.0497642243761411,0.136293921607881
"dlm","ET","upper",0.750797735348051,0.000216915565288554,-0.171431210196519,0.0401505277037968,0.326520505380513,0.0497642243761411,0.136293921607881
"dlm","ET","upper",0.753477455110361,0.000227845918455597,-0.171431210196519,0.0401505277037968,0.326520505380513,0.0497642243761411,0.136293921607881
"dlm","ET","upper",0.756157174872671,0.000241601623968237,-0.171431210196519,0.0401505277037968,0.326520505380513,0.0497642243761411,0.136293921607881
"dlm","ET","upper",0.758836894634981,0.000247827807118759,-0.171431210196519,0.0401505277037968,0.326520505380513,0.0497642243761411,0.136293921607881
"dlm","ET","upper",0.761516614397291,0.00023850169113152,-0.171431210196519,0.0401505277037968,0.326520505380513,0.0497642243761411,0.136293921607881
"dlm","ET","upper",0.764196334159601,0.000216760237776264,-0.171431210196519,0.0401505277037968,0.326520505380513,0.0497642243761411,0.136293921607881
"dlm","ET","upper",0.766876053921911,0.000195484367955329,-0.171431210196519,0.0401505277037968,0.326520505380513,0.0497642243761411,0.136293921607881
"dlm","ET","upper",0.769555773684221,0.00018211803762922,-0.171431210196519,0.0401505277037968,0.326520505380513,0.0497642243761411,0.136293921607881
"dlm","ET","upper",0.772235493446531,0.000168812215019863,-0.171431210196519,0.0401505277037968,0.326520505380513,0.0497642243761411,0.136293921607881
"dlm","ET","upper",0.774915213208841,0.000150450612577353,-0.171431210196519,0.0401505277037968,0.326520505380513,0.0497642243761411,0.136293921607881
"dlm","ET","upper",0.777594932971151,0.000133303257087835,-0.171431210196519,0.0401505277037968,0.326520505380513,0.0497642243761411,0.136293921607881
"dlm","ET","upper",0.780274652733461,0.000120971583898742,-0.171431210196519,0.0401505277037968,0.326520505380513,0.0497642243761411,0.136293921607881
"dlm","ET","upper",0.782954372495771,0.000110311256519246,-0.171431210196519,0.0401505277037968,0.326520505380513,0.0497642243761411,0.136293921607881
"dlm","ET","upper",0.785634092258081,9.88072385159498e-05,-0.171431210196519,0.0401505277037968,0.326520505380513,0.0497642243761411,0.136293921607881
"dlm","ET","upper",0.788313812020391,8.61871155074516e-05,-0.171431210196519,0.0401505277037968,0.326520505380513,0.0497642243761411,0.136293921607881
"dlm","ET","upper",0.790993531782701,7.46120698578097e-05,-0.171431210196519,0.0401505277037968,0.326520505380513,0.0497642243761411,0.136293921607881
"dlm","ET","upper",0.793673251545011,6.81810281041124e-05,-0.171431210196519,0.0401505277037968,0.326520505380513,0.0497642243761411,0.136293921607881
"dlm","ET","upper",0.796352971307321,6.54240908892012e-05,-0.171431210196519,0.0401505277037968,0.326520505380513,0.0497642243761411,0.136293921607881
"dlm","ET","upper",0.799032691069631,6.00555528038586e-05,-0.171431210196519,0.0401505277037968,0.326520505380513,0.0497642243761411,0.136293921607881
"dlm","ET","upper",0.801712410831941,5.20869503700992e-05,-0.171431210196519,0.0401505277037968,0.326520505380513,0.0497642243761411,0.136293921607881
"dlm","ET","upper",0.804392130594251,4.79111040813096e-05,-0.171431210196519,0.0401505277037968,0.326520505380513,0.0497642243761411,0.136293921607881
"dlm","ET","upper",0.807071850356561,5.14559224343322e-05,-0.171431210196519,0.0401505277037968,0.326520505380513,0.0497642243761411,0.136293921607881
"dlm","ET","upper",0.809751570118871,6.02111623558505e-05,-0.171431210196519,0.0401505277037968,0.326520505380513,0.0497642243761411,0.136293921607881
"dlm","ET","upper",0.812431289881181,6.74397517502216e-05,-0.171431210196519,0.0401505277037968,0.326520505380513,0.0497642243761411,0.136293921607881
"dlm","ET","upper",0.815111009643491,6.83086470019852e-05,-0.171431210196519,0.0401505277037968,0.326520505380513,0.0497642243761411,0.136293921607881
"dlm","ET","upper",0.817790729405801,6.42261129265454e-05,-0.171431210196519,0.0401505277037968,0.326520505380513,0.0497642243761411,0.136293921607881
"dlm","ET","upper",0.820470449168111,5.89665534618801e-05,-0.171431210196519,0.0401505277037968,0.326520505380513,0.0497642243761411,0.136293921607881
"dlm","ET","upper",0.823150168930421,5.26225767175459e-05,-0.171431210196519,0.0401505277037968,0.326520505380513,0.0497642243761411,0.136293921607881
"dlm","ET","upper",0.825829888692731,4.42624732159826e-05,-0.171431210196519,0.0401505277037968,0.326520505380513,0.0497642243761411,0.136293921607881
"dlm","ET","upper",0.828509608455041,3.76630240201623e-05,-0.171431210196519,0.0401505277037968,0.326520505380513,0.0497642243761411,0.136293921607881
"dlm","ET","upper",0.831189328217351,3.66511456698776e-05,-0.171431210196519,0.0401505277037968,0.326520505380513,0.0497642243761411,0.136293921607881
"dlm","ET","upper",0.833869047979661,3.7541238088123e-05,-0.171431210196519,0.0401505277037968,0.326520505380513,0.0497642243761411,0.136293921607881
"dlm","ET","upper",0.836548767741971,3.46145618503609e-05,-0.171431210196519,0.0401505277037968,0.326520505380513,0.0497642243761411,0.136293921607881
"dlm","ET","upper",0.839228487504281,2.94398167909517e-05,-0.171431210196519,0.0401505277037968,0.326520505380513,0.0497642243761411,0.136293921607881
"dlm","ET","upper",0.841908207266591,2.6849485477141e-05,-0.171431210196519,0.0401505277037968,0.326520505380513,0.0497642243761411,0.136293921607881
"dlm","ET","upper",0.844587927028901,2.68028453867406e-05,-0.171431210196519,0.0401505277037968,0.326520505380513,0.0497642243761411,0.136293921607881
"dlm","ET","upper",0.847267646791211,2.6722339760261e-05,-0.171431210196519,0.0401505277037968,0.326520505380513,0.0497642243761411,0.136293921607881
"dlm","ET","upper",0.849947366553521,2.64959992661946e-05,-0.171431210196519,0.0401505277037968,0.326520505380513,0.0497642243761411,0.136293921607881
"dlm","ET","upper",0.852627086315831,2.55398902757592e-05,-0.171431210196519,0.0401505277037968,0.326520505380513,0.0497642243761411,0.136293921607881
"dlm","ET","upper",0.855306806078141,2.09030583549961e-05,-0.171431210196519,0.0401505277037968,0.326520505380513,0.0497642243761411,0.136293921607881
"dlm","ET","upper",0.857986525840451,1.36837265478071e-05,-0.171431210196519,0.0401505277037968,0.326520505380513,0.0497642243761411,0.136293921607881
"dlm","ET","upper",0.860666245602761,8.75696279958782e-06,-0.171431210196519,0.0401505277037968,0.326520505380513,0.0497642243761411,0.136293921607881
"dlm","ET","upper",0.863345965365071,7.28356863278915e-06,-0.171431210196519,0.0401505277037968,0.326520505380513,0.0497642243761411,0.136293921607881
"dlm","ET","upper",0.866025685127381,7.15536328708671e-06,-0.171431210196519,0.0401505277037968,0.326520505380513,0.0497642243761411,0.136293921607881
"dlm","ET","upper",0.868705404889691,7.46695277206078e-06,-0.171431210196519,0.0401505277037968,0.326520505380513,0.0497642243761411,0.136293921607881
"dlm","ET","upper",0.871385124652001,9.06696521455597e-06,-0.171431210196519,0.0401505277037968,0.326520505380513,0.0497642243761411,0.136293921607881
"dlm","ET","upper",0.874064844414311,1.06989606981373e-05,-0.171431210196519,0.0401505277037968,0.326520505380513,0.0497642243761411,0.136293921607881
"dlm","ET","upper",0.876744564176621,9.6058922592044e-06,-0.171431210196519,0.0401505277037968,0.326520505380513,0.0497642243761411,0.136293921607881
"dlm","ET","upper",0.879424283938931,6.47692590475317e-06,-0.171431210196519,0.0401505277037968,0.326520505380513,0.0497642243761411,0.136293921607881
"dlm","ET","upper",0.882104003701241,3.3972459859744e-06,-0.171431210196519,0.0401505277037968,0.326520505380513,0.0497642243761411,0.136293921607881
"dlm","ET","upper",0.884783723463551,1.31182691821524e-06,-0.171431210196519,0.0401505277037968,0.326520505380513,0.0497642243761411,0.136293921607881
"dlm","ET","upper",0.887463443225861,3.48433524399593e-07,-0.171431210196519,0.0401505277037968,0.326520505380513,0.0497642243761411,0.136293921607881
"dlm","ET","upper",0.890143162988171,6.27096352849345e-08,-0.171431210196519,0.0401505277037968,0.326520505380513,0.0497642243761411,0.136293921607881
"dlm","SH","lower",-0.941405698447924,6.61254872455933e-08,-0.319207689627099,0.0887196679353764,0.502681080451302,0.0907577272268488,0.233877472755938
"dlm","SH","lower",-0.937468952478596,3.82882668093687e-07,-0.319207689627099,0.0887196679353764,0.502681080451302,0.0907577272268488,0.233877472755938
"dlm","SH","lower",-0.933532206509267,1.43086283654347e-06,-0.319207689627099,0.0887196679353764,0.502681080451302,0.0907577272268488,0.233877472755938
"dlm","SH","lower",-0.929595460539939,3.48758431617677e-06,-0.319207689627099,0.0887196679353764,0.502681080451302,0.0907577272268488,0.233877472755938
"dlm","SH","lower",-0.925658714570611,5.7005390452899e-06,-0.319207689627099,0.0887196679353764,0.502681080451302,0.0907577272268488,0.233877472755938
"dlm","SH","lower",-0.921721968601283,7.04423017105156e-06,-0.319207689627099,0.0887196679353764,0.502681080451302,0.0907577272268488,0.233877472755938
"dlm","SH","lower",-0.917785222631955,8.53573521221991e-06,-0.319207689627099,0.0887196679353764,0.502681080451302,0.0907577272268488,0.233877472755938
"dlm","SH","lower",-0.913848476662626,1.13829142716524e-05,-0.319207689627099,0.0887196679353764,0.502681080451302,0.0907577272268488,0.233877472755938
"dlm","SH","lower",-0.909911730693298,1.40343921007175e-05,-0.319207689627099,0.0887196679353764,0.502681080451302,0.0907577272268488,0.233877472755938
"dlm","SH","lower",-0.90597498472397,1.52761321234058e-05,-0.319207689627099,0.0887196679353764,0.502681080451302,0.0907577272268488,0.233877472755938
"dlm","SH","lower",-0.902038238754642,1.68226659128319e-05,-0.319207689627099,0.0887196679353764,0.502681080451302,0.0907577272268488,0.233877472755938
"dlm","SH","lower",-0.898101492785314,1.9099359308463e-05,-0.319207689627099,0.0887196679353764,0.502681080451302,0.0907577272268488,0.233877472755938
"dlm","SH","lower",-0.894164746815985,2.01625110310784e-05,-0.319207689627099,0.0887196679353764,0.502681080451302,0.0907577272268488,0.233877472755938
"dlm","SH","lower",-0.890228000846657,1.91069359290472e-05,-0.319207689627099,0.0887196679353764,0.502681080451302,0.0907577272268488,0.233877472755938
"dlm","SH","lower",-0.886291254877329,1.71574834951419e-05,-0.319207689627099,0.0887196679353764,0.502681080451302,0.0907577272268488,0.233877472755938
"dlm","SH","lower",-0.882354508908001,1.5744697735521e-05,-0.319207689627099,0.0887196679353764,0.502681080451302,0.0907577272268488,0.233877472755938
"dlm","SH","lower",-0.878417762938673,1.48544937970072e-05,-0.319207689627099,0.0887196679353764,0.502681080451302,0.0907577272268488,0.233877472755938
"dlm","SH","lower",-0.874481016969345,1.53361445578017e-05,-0.319207689627099,0.0887196679353764,0.502681080451302,0.0907577272268488,0.233877472755938
"dlm","SH","lower",-0.870544271000016,1.93705102547827e-05,-0.319207689627099,0.0887196679353764,0.502681080451302,0.0907577272268488,0.233877472755938
"dlm","SH","lower",-0.866607525030688,2.66175463800724e-05,-0.319207689627099,0.0887196679353764,0.502681080451302,0.0907577272268488,0.233877472755938
"dlm","SH","lower",-0.86267077906136,3.32678271767254e-05,-0.319207689627099,0.0887196679353764,0.502681080451302,0.0907577272268488,0.233877472755938
"dlm","SH","lower",-0.858734033092032,3.65916369697362e-05,-0.319207689627099,0.0887196679353764,0.502681080451302,0.0907577272268488,0.233877472755938
"dlm","SH","lower",-0.854797287122704,3.82819365046963e-05,-0.319207689627099,0.0887196679353764,0.502681080451302,0.0907577272268488,0.233877472755938
"dlm","SH","lower",-0.850860541153375,4.08606817185616e-05,-0.319207689627099,0.0887196679353764,0.502681080451302,0.0907577272268488,0.233877472755938
"dlm","SH","lower",-0.846923795184047,4.44197782478615e-05,-0.319207689627099,0.0887196679353764,0.502681080451302,0.0907577272268488,0.233877472755938
"dlm","SH","lower",-0.842987049214719,4.88684265180745e-05,-0.319207689627099,0.0887196679353764,0.502681080451302,0.0907577272268488,0.233877472755938
"dlm","SH","lower",-0.839050303245391,5.5137141776622e-05,-0.319207689627099,0.0887196679353764,0.502681080451302,0.0907577272268488,0.233877472755938
"dlm","SH","lower",-0.835113557276063,6.26397269778676e-05,-0.319207689627099,0.0887196679353764,0.502681080451302,0.0907577272268488,0.233877472755938
"dlm","SH","lower",-0.831176811306734,6.79422779673932e-05,-0.319207689627099,0.0887196679353764,0.502681080451302,0.0907577272268488,0.233877472755938
"dlm","SH","lower",-0.827240065337406,6.90581946862093e-05,-0.319207689627099,0.0887196679353764,0.502681080451302,0.0907577272268488,0.233877472755938
"dlm","SH","lower",-0.823303319368078,6.89530289446779e-05,-0.319207689627099,0.0887196679353764,0.502681080451302,0.0907577272268488,0.233877472755938
"dlm","SH","lower",-0.81936657339875,7.1105850214569e-05,-0.319207689627099,0.0887196679353764,0.502681080451302,0.0907577272268488,0.233877472755938
"dlm","SH","lower",-0.815429827429422,7.50363715866306e-05,-0.319207689627099,0.0887196679353764,0.502681080451302,0.0907577272268488,0.233877472755938
"dlm","SH","lower",-0.811493081460094,7.92512858468858e-05,-0.319207689627099,0.0887196679353764,0.502681080451302,0.0907577272268488,0.233877472755938
"dlm","SH","lower",-0.807556335490765,8.48847449846198e-05,-0.319207689627099,0.0887196679353764,0.502681080451302,0.0907577272268488,0.233877472755938
"dlm","SH","lower",-0.803619589521437,9.41405945507513e-05,-0.319207689627099,0.0887196679353764,0.502681080451302,0.0907577272268488,0.233877472755938
"dlm","SH","lower",-0.799682843552109,0.0001077660512163,-0.319207689627099,0.0887196679353764,0.502681080451302,0.0907577272268488,0.233877472755938
"dlm","SH","lower",-0.795746097582781,0.000125697068692158,-0.319207689627099,0.0887196679353764,0.502681080451302,0.0907577272268488,0.233877472755938
"dlm","SH","lower",-0.791809351613453,0.000146989819696866,-0.319207689627099,0.0887196679353764,0.502681080451302,0.0907577272268488,0.233877472755938
"dlm","SH","lower",-0.787872605644124,0.000166482551493108,-0.319207689627099,0.0887196679353764,0.502681080451302,0.0907577272268488,0.233877472755938
"dlm","SH","lower",-0.783935859674796,0.000177436025597179,-0.319207689627099,0.0887196679353764,0.502681080451302,0.0907577272268488,0.233877472755938
"dlm","SH","lower",-0.779999113705468,0.000182349440011875,-0.319207689627099,0.0887196679353764,0.502681080451302,0.0907577272268488,0.233877472755938
"dlm","SH","lower",-0.77606236773614,0.000193694410978244,-0.319207689627099,0.0887196679353764,0.502681080451302,0.0907577272268488,0.233877472755938
"dlm","SH","lower",-0.772125621766812,0.000218614057709728,-0.319207689627099,0.0887196679353764,0.502681080451302,0.0907577272268488,0.233877472755938
"dlm","SH","lower",-0.768188875797484,0.000248826619964097,-0.319207689627099,0.0887196679353764,0.502681080451302,0.0907577272268488,0.233877472755938
"dlm","SH","lower",-0.764252129828155,0.000271053678102608,-0.319207689627099,0.0887196679353764,0.502681080451302,0.0907577272268488,0.233877472755938
"dlm","SH","lower",-0.760315383858827,0.000283898484854149,-0.319207689627099,0.0887196679353764,0.502681080451302,0.0907577272268488,0.233877472755938
"dlm","SH","lower",-0.756378637889499,0.000297884030800469,-0.319207689627099,0.0887196679353764,0.502681080451302,0.0907577272268488,0.233877472755938
"dlm","SH","lower",-0.752441891920171,0.000320939609099256,-0.319207689627099,0.0887196679353764,0.502681080451302,0.0907577272268488,0.233877472755938
"dlm","SH","lower",-0.748505145950842,0.000348860658095581,-0.319207689627099,0.0887196679353764,0.502681080451302,0.0907577272268488,0.233877472755938
"dlm","SH","lower",-0.744568399981514,0.000373164965169651,-0.319207689627099,0.0887196679353764,0.502681080451302,0.0907577272268488,0.233877472755938
"dlm","SH","lower",-0.740631654012186,0.00039366495144182,-0.319207689627099,0.0887196679353764,0.502681080451302,0.0907577272268488,0.233877472755938
"dlm","SH","lower",-0.736694908042858,0.000421264651382046,-0.319207689627099,0.0887196679353764,0.502681080451302,0.0907577272268488,0.233877472755938
"dlm","SH","lower",-0.73275816207353,0.000467554992623671,-0.319207689627099,0.0887196679353764,0.502681080451302,0.0907577272268488,0.233877472755938
"dlm","SH","lower",-0.728821416104202,0.000528796641694824,-0.319207689627099,0.0887196679353764,0.502681080451302,0.0907577272268488,0.233877472755938
"dlm","SH","lower",-0.724884670134873,0.000591428569336453,-0.319207689627099,0.0887196679353764,0.502681080451302,0.0907577272268488,0.233877472755938
"dlm","SH","lower",-0.720947924165545,0.000649433278052117,-0.319207689627099,0.0887196679353764,0.502681080451302,0.0907577272268488,0.233877472755938
"dlm","SH","lower",-0.717011178196217,0.000707462060052522,-0.319207689627099,0.0887196679353764,0.502681080451302,0.0907577272268488,0.233877472755938
"dlm","SH","lower",-0.713074432226889,0.000772243283352927,-0.319207689627099,0.0887196679353764,0.502681080451302,0.0907577272268488,0.233877472755938
"dlm","SH","lower",-0.709137686257561,0.000846403425766693,-0.319207689627099,0.0887196679353764,0.502681080451302,0.0907577272268488,0.233877472755938
"dlm","SH","lower",-0.705200940288232,0.000928929287165943,-0.319207689627099,0.0887196679353764,0.502681080451302,0.0907577272268488,0.233877472755938
"dlm","SH","lower",-0.701264194318904,0.0010173953746039,-0.319207689627099,0.0887196679353764,0.502681080451302,0.0907577272268488,0.233877472755938
"dlm","SH","lower",-0.697327448349576,0.00110592430442078,-0.319207689627099,0.0887196679353764,0.502681080451302,0.0907577272268488,0.233877472755938
"dlm","SH","lower",-0.693390702380248,0.00118800560194526,-0.319207689627099,0.0887196679353764,0.502681080451302,0.0907577272268488,0.233877472755938
"dlm","SH","lower",-0.68945395641092,0.00126848993571804,-0.319207689627099,0.0887196679353764,0.502681080451302,0.0907577272268488,0.233877472755938
"dlm","SH","lower",-0.685517210441592,0.00136297027723691,-0.319207689627099,0.0887196679353764,0.502681080451302,0.0907577272268488,0.233877472755938
"dlm","SH","lower",-0.681580464472263,0.00147271205031562,-0.319207689627099,0.0887196679353764,0.502681080451302,0.0907577272268488,0.233877472755938
"dlm","SH","lower",-0.677643718502935,0.00157785429671276,-0.319207689627099,0.0887196679353764,0.502681080451302,0.0907577272268488,0.233877472755938
"dlm","SH","lower",-0.673706972533607,0.00167742069956726,-0.319207689627099,0.0887196679353764,0.502681080451302,0.0907577272268488,0.233877472755938
"dlm","SH","lower",-0.669770226564279,0.001795680637268,-0.319207689627099,0.0887196679353764,0.502681080451302,0.0907577272268488,0.233877472755938
"dlm","SH","lower",-0.665833480594951,0.00193785292753885,-0.319207689627099,0.0887196679353764,0.502681080451302,0.0907577272268488,0.233877472755938
"dlm","SH","lower",-0.661896734625622,0.0020884481285571,-0.319207689627099,0.0887196679353764,0.502681080451302,0.0907577272268488,0.233877472755938
"dlm","SH","lower",-0.657959988656294,0.00223530519640859,-0.319207689627099,0.0887196679353764,0.502681080451302,0.0907577272268488,0.233877472755938
"dlm","SH","lower",-0.654023242686966,0.0023780721261936,-0.319207689627099,0.0887196679353764,0.502681080451302,0.0907577272268488,0.233877472755938
"dlm","SH","lower",-0.650086496717638,0.00253796113638137,-0.319207689627099,0.0887196679353764,0.502681080451302,0.0907577272268488,0.233877472755938
"dlm","SH","lower",-0.64614975074831,0.00273425113007115,-0.319207689627099,0.0887196679353764,0.502681080451302,0.0907577272268488,0.233877472755938
"dlm","SH","lower",-0.642213004778981,0.00294301182766499,-0.319207689627099,0.0887196679353764,0.502681080451302,0.0907577272268488,0.233877472755938
"dlm","SH","lower",-0.638276258809653,0.00313305924095925,-0.319207689627099,0.0887196679353764,0.502681080451302,0.0907577272268488,0.233877472755938
"dlm","SH","lower",-0.634339512840325,0.00332747845555337,-0.319207689627099,0.0887196679353764,0.502681080451302,0.0907577272268488,0.233877472755938
"dlm","SH","lower",-0.630402766870997,0.00356781778027403,-0.319207689627099,0.0887196679353764,0.502681080451302,0.0907577272268488,0.233877472755938
"dlm","SH","lower",-0.626466020901669,0.0038476972569436,-0.319207689627099,0.0887196679353764,0.502681080451302,0.0907577272268488,0.233877472755938
"dlm","SH","lower",-0.622529274932341,0.00414019572879476,-0.319207689627099,0.0887196679353764,0.502681080451302,0.0907577272268488,0.233877472755938
"dlm","SH","lower",-0.618592528963012,0.00445700409439722,-0.319207689627099,0.0887196679353764,0.502681080451302,0.0907577272268488,0.233877472755938
"dlm","SH","lower",-0.614655782993684,0.00482668038596062,-0.319207689627099,0.0887196679353764,0.502681080451302,0.0907577272268488,0.233877472755938
"dlm","SH","lower",-0.610719037024356,0.00524341925901466,-0.319207689627099,0.0887196679353764,0.502681080451302,0.0907577272268488,0.233877472755938
"dlm","SH","lower",-0.606782291055028,0.00567484912574729,-0.319207689627099,0.0887196679353764,0.502681080451302,0.0907577272268488,0.233877472755938
"dlm","SH","lower",-0.6028455450857,0.00610437637135377,-0.319207689627099,0.0887196679353764,0.502681080451302,0.0907577272268488,0.233877472755938
"dlm","SH","lower",-0.598908799116371,0.00654550603761865,-0.319207689627099,0.0887196679353764,0.502681080451302,0.0907577272268488,0.233877472755938
"dlm","SH","lower",-0.594972053147043,0.00701353485760828,-0.319207689627099,0.0887196679353764,0.502681080451302,0.0907577272268488,0.233877472755938
"dlm","SH","lower",-0.591035307177715,0.00750348006079688,-0.319207689627099,0.0887196679353764,0.502681080451302,0.0907577272268488,0.233877472755938
"dlm","SH","lower",-0.587098561208387,0.00801721600053962,-0.319207689627099,0.0887196679353764,0.502681080451302,0.0907577272268488,0.233877472755938
"dlm","SH","lower",-0.583161815239059,0.00857669437937137,-0.319207689627099,0.0887196679353764,0.502681080451302,0.0907577272268488,0.233877472755938
"dlm","SH","lower",-0.57922506926973,0.00917920818695337,-0.319207689627099,0.0887196679353764,0.502681080451302,0.0907577272268488,0.233877472755938
"dlm","SH","lower",-0.575288323300402,0.00979779960473493,-0.319207689627099,0.0887196679353764,0.502681080451302,0.0907577272268488,0.233877472755938
"dlm","SH","lower",-0.571351577331074,0.0104382898650943,-0.319207689627099,0.0887196679353764,0.502681080451302,0.0907577272268488,0.233877472755938
"dlm","SH","lower",-0.567414831361746,0.0111314727618684,-0.319207689627099,0.0887196679353764,0.502681080451302,0.0907577272268488,0.233877472755938
"dlm","SH","lower",-0.563478085392418,0.0118885281931846,-0.319207689627099,0.0887196679353764,0.502681080451302,0.0907577272268488,0.233877472755938
"dlm","SH","lower",-0.559541339423089,0.0126870501979712,-0.319207689627099,0.0887196679353764,0.502681080451302,0.0907577272268488,0.233877472755938
"dlm","SH","lower",-0.555604593453761,0.0135064697183395,-0.319207689627099,0.0887196679353764,0.502681080451302,0.0907577272268488,0.233877472755938
"dlm","SH","lower",-0.551667847484433,0.0143721611454095,-0.319207689627099,0.0887196679353764,0.502681080451302,0.0907577272268488,0.233877472755938
"dlm","SH","lower",-0.547731101515105,0.0153166473440039,-0.319207689627099,0.0887196679353764,0.502681080451302,0.0907577272268488,0.233877472755938
"dlm","SH","lower",-0.543794355545777,0.0163253595009058,-0.319207689627099,0.0887196679353764,0.502681080451302,0.0907577272268488,0.233877472755938
"dlm","SH","lower",-0.539857609576449,0.0173517277281376,-0.319207689627099,0.0887196679353764,0.502681080451302,0.0907577272268488,0.233877472755938
"dlm","SH","lower",-0.53592086360712,0.0183796127607187,-0.319207689627099,0.0887196679353764,0.502681080451302,0.0907577272268488,0.233877472755938
"dlm","SH","lower",-0.531984117637792,0.0194645113544764,-0.319207689627099,0.0887196679353764,0.502681080451302,0.0907577272268488,0.233877472755938
"dlm","SH","lower",-0.528047371668464,0.0206723505011122,-0.319207689627099,0.0887196679353764,0.502681080451302,0.0907577272268488,0.233877472755938
"dlm","SH","lower",-0.524110625699136,0.0220058241005127,-0.319207689627099,0.0887196679353764,0.502681080451302,0.0907577272268488,0.233877472755938
"dlm","SH","lower",-0.520173879729808,0.0234168604283945,-0.319207689627099,0.0887196679353764,0.502681080451302,0.0907577272268488,0.233877472755938
"dlm","SH","lower",-0.516237133760479,0.0248625557330141,-0.319207689627099,0.0887196679353764,0.502681080451302,0.0907577272268488,0.233877472755938
"dlm","SH","lower",-0.512300387791151,0.0263650816646985,-0.319207689627099,0.0887196679353764,0.502681080451302,0.0907577272268488,0.233877472755938
"dlm","SH","lower",-0.508363641821823,0.0279633763152974,-0.319207689627099,0.0887196679353764,0.502681080451302,0.0907577272268488,0.233877472755938
"dlm","SH","lower",-0.504426895852495,0.0296406388314765,-0.319207689627099,0.0887196679353764,0.502681080451302,0.0907577272268488,0.233877472755938
"dlm","SH","lower",-0.500490149883167,0.0313892579379301,-0.319207689627099,0.0887196679353764,0.502681080451302,0.0907577272268488,0.233877472755938
"dlm","SH","lower",-0.496553403913839,0.0332552923232553,-0.319207689627099,0.0887196679353764,0.502681080451302,0.0907577272268488,0.233877472755938
"dlm","SH","lower",-0.49261665794451,0.0352568406777643,-0.319207689627099,0.0887196679353764,0.502681080451302,0.0907577272268488,0.233877472755938
"dlm","SH","lower",-0.488679911975182,0.0373624343650343,-0.319207689627099,0.0887196679353764,0.502681080451302,0.0907577272268488,0.233877472755938
"dlm","SH","lower",-0.484743166005854,0.0395533109848873,-0.319207689627099,0.0887196679353764,0.502681080451302,0.0907577272268488,0.233877472755938
"dlm","SH","lower",-0.480806420036526,0.0418435862150353,-0.319207689627099,0.0887196679353764,0.502681080451302,0.0907577272268488,0.233877472755938
"dlm","SH","lower",-0.476869674067198,0.0442415653023268,-0.319207689627099,0.0887196679353764,0.502681080451302,0.0907577272268488,0.233877472755938
"dlm","SH","lower",-0.472932928097869,0.0467328635714328,-0.319207689627099,0.0887196679353764,0.502681080451302,0.0907577272268488,0.233877472755938
"dlm","SH","lower",-0.468996182128541,0.0492951334309393,-0.319207689627099,0.0887196679353764,0.502681080451302,0.0907577272268488,0.233877472755938
"dlm","SH","lower",-0.465059436159213,0.0519170442316935,-0.319207689627099,0.0887196679353764,0.502681080451302,0.0907577272268488,0.233877472755938
"dlm","SH","lower",-0.461122690189885,0.0546311700320964,-0.319207689627099,0.0887196679353764,0.502681080451302,0.0907577272268488,0.233877472755938
"dlm","SH","lower",-0.457185944220557,0.057473086467802,-0.319207689627099,0.0887196679353764,0.502681080451302,0.0907577272268488,0.233877472755938
"dlm","SH","lower",-0.453249198251228,0.0604591275030667,-0.319207689627099,0.0887196679353764,0.502681080451302,0.0907577272268488,0.233877472755938
"dlm","SH","lower",-0.4493124522819,0.0636453744677765,-0.319207689627099,0.0887196679353764,0.502681080451302,0.0907577272268488,0.233877472755938
"dlm","SH","lower",-0.445375706312572,0.0670979060805666,-0.319207689627099,0.0887196679353764,0.502681080451302,0.0907577272268488,0.233877472755938
"dlm","SH","lower",-0.441438960343244,0.0707975926719233,-0.319207689627099,0.0887196679353764,0.502681080451302,0.0907577272268488,0.233877472755938
"dlm","SH","lower",-0.437502214373916,0.0746757144254356,-0.319207689627099,0.0887196679353764,0.502681080451302,0.0907577272268488,0.233877472755938
"dlm","SH","lower",-0.433565468404588,0.0787203067826599,-0.319207689627099,0.0887196679353764,0.502681080451302,0.0907577272268488,0.233877472755938
"dlm","SH","lower",-0.429628722435259,0.082966421942625,-0.319207689627099,0.0887196679353764,0.502681080451302,0.0907577272268488,0.233877472755938
"dlm","SH","lower",-0.425691976465931,0.0874504245218347,-0.319207689627099,0.0887196679353764,0.502681080451302,0.0907577272268488,0.233877472755938
"dlm","SH","lower",-0.421755230496603,0.0922232217078468,-0.319207689627099,0.0887196679353764,0.502681080451302,0.0907577272268488,0.233877472755938
"dlm","SH","lower",-0.417818484527275,0.0973097239405609,-0.319207689627099,0.0887196679353764,0.502681080451302,0.0907577272268488,0.233877472755938
"dlm","SH","lower",-0.413881738557947,0.102640342711421,-0.319207689627099,0.0887196679353764,0.502681080451302,0.0907577272268488,0.233877472755938
"dlm","SH","lower",-0.409944992588618,0.10811999230698,-0.319207689627099,0.0887196679353764,0.502681080451302,0.0907577272268488,0.233877472755938
"dlm","SH","lower",-0.40600824661929,0.113733854201214,-0.319207689627099,0.0887196679353764,0.502681080451302,0.0907577272268488,0.233877472755938
"dlm","SH","lower",-0.402071500649962,0.119489666302907,-0.319207689627099,0.0887196679353764,0.502681080451302,0.0907577272268488,0.233877472755938
"dlm","SH","lower",-0.398134754680634,0.125339017657612,-0.319207689627099,0.0887196679353764,0.502681080451302,0.0907577272268488,0.233877472755938
"dlm","SH","lower",-0.394198008711306,0.131272625488354,-0.319207689627099,0.0887196679353764,0.502681080451302,0.0907577272268488,0.233877472755938
"dlm","SH","lower",-0.390261262741977,0.137417936051175,-0.319207689627099,0.0887196679353764,0.502681080451302,0.0907577272268488,0.233877472755938
"dlm","SH","lower",-0.386324516772649,0.143950426911298,-0.319207689627099,0.0887196679353764,0.502681080451302,0.0907577272268488,0.233877472755938
"dlm","SH","lower",-0.382387770803321,0.150941761589383,-0.319207689627099,0.0887196679353764,0.502681080451302,0.0907577272268488,0.233877472755938
"dlm","SH","lower",-0.378451024833993,0.158342086732542,-0.319207689627099,0.0887196679353764,0.502681080451302,0.0907577272268488,0.233877472755938
"dlm","SH","lower",-0.374514278864665,0.16607837864413,-0.319207689627099,0.0887196679353764,0.502681080451302,0.0907577272268488,0.233877472755938
"dlm","SH","lower",-0.370577532895336,0.174114209805916,-0.319207689627099,0.0887196679353764,0.502681080451302,0.0907577272268488,0.233877472755938
"dlm","SH","lower",-0.366640786926008,0.182390645163466,-0.319207689627099,0.0887196679353764,0.502681080451302,0.0907577272268488,0.233877472755938
"dlm","SH","lower",-0.36270404095668,0.190739637598783,-0.319207689627099,0.0887196679353764,0.502681080451302,0.0907577272268488,0.233877472755938
"dlm","SH","lower",-0.358767294987352,0.199098180642817,-0.319207689627099,0.0887196679353764,0.502681080451302,0.0907577272268488,0.233877472755938
"dlm","SH","lower",-0.354830549018024,0.207683543548576,-0.319207689627099,0.0887196679353764,0.502681080451302,0.0907577272268488,0.233877472755938
"dlm","SH","lower",-0.350893803048696,0.216658158644265,-0.319207689627099,0.0887196679353764,0.502681080451302,0.0907577272268488,0.233877472755938
"dlm","SH","lower",-0.346957057079367,0.225936973577377,-0.319207689627099,0.0887196679353764,0.502681080451302,0.0907577272268488,0.233877472755938
"dlm","SH","lower",-0.343020311110039,0.235467230099702,-0.319207689627099,0.0887196679353764,0.502681080451302,0.0907577272268488,0.233877472755938
"dlm","SH","lower",-0.339083565140711,0.24532476023793,-0.319207689627099,0.0887196679353764,0.502681080451302,0.0907577272268488,0.233877472755938
"dlm","SH","lower",-0.335146819171383,0.255579042344382,-0.319207689627099,0.0887196679353764,0.502681080451302,0.0907577272268488,0.233877472755938
"dlm","SH","lower",-0.331210073202055,0.266314521125841,-0.319207689627099,0.0887196679353764,0.502681080451302,0.0907577272268488,0.233877472755938
"dlm","SH","lower",-0.327273327232726,0.277581961942346,-0.319207689627099,0.0887196679353764,0.502681080451302,0.0907577272268488,0.233877472755938
"dlm","SH","lower",-0.323336581263398,0.289281207003221,-0.319207689627099,0.0887196679353764,0.502681080451302,0.0907577272268488,0.233877472755938
"dlm","SH","lower",-0.31939983529407,0.301348533782965,-0.319207689627099,0.0887196679353764,0.502681080451302,0.0907577272268488,0.233877472755938
"dlm","SH","lower",-0.315463089324742,0.313773122666893,-0.319207689627099,0.0887196679353764,0.502681080451302,0.0907577272268488,0.233877472755938
"dlm","SH","lower",-0.311526343355414,0.326509039577485,-0.319207689627099,0.0887196679353764,0.502681080451302,0.0907577272268488,0.233877472755938
"dlm","SH","lower",-0.307589597386085,0.339613472102123,-0.319207689627099,0.0887196679353764,0.502681080451302,0.0907577272268488,0.233877472755938
"dlm","SH","lower",-0.303652851416757,0.353191162985994,-0.319207689627099,0.0887196679353764,0.502681080451302,0.0907577272268488,0.233877472755938
"dlm","SH","lower",-0.299716105447429,0.367092370915165,-0.319207689627099,0.0887196679353764,0.502681080451302,0.0907577272268488,0.233877472755938
"dlm","SH","lower",-0.295779359478101,0.381107728052293,-0.319207689627099,0.0887196679353764,0.502681080451302,0.0907577272268488,0.233877472755938
"dlm","SH","lower",-0.291842613508773,0.395447432827742,-0.319207689627099,0.0887196679353764,0.502681080451302,0.0907577272268488,0.233877472755938
"dlm","SH","lower",-0.287905867539444,0.410459381477508,-0.319207689627099,0.0887196679353764,0.502681080451302,0.0907577272268488,0.233877472755938
"dlm","SH","lower",-0.283969121570116,0.426118771928692,-0.319207689627099,0.0887196679353764,0.502681080451302,0.0907577272268488,0.233877472755938
"dlm","SH","lower",-0.280032375600788,0.442097719563556,-0.319207689627099,0.0887196679353764,0.502681080451302,0.0907577272268488,0.233877472755938
"dlm","SH","lower",-0.27609562963146,0.458066100294556,-0.319207689627099,0.0887196679353764,0.502681080451302,0.0907577272268488,0.233877472755938
"dlm","SH","lower",-0.272158883662132,0.473876492279525,-0.319207689627099,0.0887196679353764,0.502681080451302,0.0907577272268488,0.233877472755938
"dlm","SH","lower",-0.268222137692804,0.489712372993086,-0.319207689627099,0.0887196679353764,0.502681080451302,0.0907577272268488,0.233877472755938
"dlm","SH","lower",-0.264285391723475,0.506131329724324,-0.319207689627099,0.0887196679353764,0.502681080451302,0.0907577272268488,0.233877472755938
"dlm","SH","lower",-0.260348645754147,0.523609092922122,-0.319207689627099,0.0887196679353764,0.502681080451302,0.0907577272268488,0.233877472755938
"dlm","SH","lower",-0.256411899784819,0.542010123733985,-0.319207689627099,0.0887196679353764,0.502681080451302,0.0907577272268488,0.233877472755938
"dlm","SH","lower",-0.252475153815491,0.560665997633392,-0.319207689627099,0.0887196679353764,0.502681080451302,0.0907577272268488,0.233877472755938
"dlm","SH","lower",-0.248538407846163,0.578862894396482,-0.319207689627099,0.0887196679353764,0.502681080451302,0.0907577272268488,0.233877472755938
"dlm","SH","lower",-0.244601661876834,0.596470411964996,-0.319207689627099,0.0887196679353764,0.502681080451302,0.0907577272268488,0.233877472755938
"dlm","SH","lower",-0.240664915907506,0.614151848454774,-0.319207689627099,0.0887196679353764,0.502681080451302,0.0907577272268488,0.233877472755938
"dlm","SH","lower",-0.236728169938178,0.63269529416009,-0.319207689627099,0.0887196679353764,0.502681080451302,0.0907577272268488,0.233877472755938
"dlm","SH","lower",-0.23279142396885,0.652214967450015,-0.319207689627099,0.0887196679353764,0.502681080451302,0.0907577272268488,0.233877472755938
"dlm","SH","lower",-0.228854677999522,0.672178819942101,-0.319207689627099,0.0887196679353764,0.502681080451302,0.0907577272268488,0.233877472755938
"dlm","SH","lower",-0.224917932030194,0.692122233980624,-0.319207689627099,0.0887196679353764,0.502681080451302,0.0907577272268488,0.233877472755938
"dlm","SH","lower",-0.220981186060865,0.712098966399871,-0.319207689627099,0.0887196679353764,0.502681080451302,0.0907577272268488,0.233877472755938
"dlm","SH","lower",-0.217044440091537,0.73233405999523,-0.319207689627099,0.0887196679353764,0.502681080451302,0.0907577272268488,0.233877472755938
"dlm","SH","lower",-0.213107694122209,0.752781482882137,-0.319207689627099,0.0887196679353764,0.502681080451302,0.0907577272268488,0.233877472755938
"dlm","SH","lower",-0.209170948152881,0.773310539447884,-0.319207689627099,0.0887196679353764,0.502681080451302,0.0907577272268488,0.233877472755938
"dlm","SH","lower",-0.205234202183553,0.793923017025992,-0.319207689627099,0.0887196679353764,0.502681080451302,0.0907577272268488,0.233877472755938
"dlm","SH","lower",-0.201297456214224,0.814552760517231,-0.319207689627099,0.0887196679353764,0.502681080451302,0.0907577272268488,0.233877472755938
"dlm","SH","lower",-0.197360710244896,0.835130305162514,-0.319207689627099,0.0887196679353764,0.502681080451302,0.0907577272268488,0.233877472755938
"dlm","SH","lower",-0.193423964275568,0.855815039220496,-0.319207689627099,0.0887196679353764,0.502681080451302,0.0907577272268488,0.233877472755938
"dlm","SH","lower",-0.18948721830624,0.876654426914666,-0.319207689627099,0.0887196679353764,0.502681080451302,0.0907577272268488,0.233877472755938
"dlm","SH","lower",-0.185550472336912,0.897395184728268,-0.319207689627099,0.0887196679353764,0.502681080451302,0.0907577272268488,0.233877472755938
"dlm","SH","lower",-0.181613726367583,0.918003971469392,-0.319207689627099,0.0887196679353764,0.502681080451302,0.0907577272268488,0.233877472755938
"dlm","SH","lower",-0.177676980398255,0.938852516110514,-0.319207689627099,0.0887196679353764,0.502681080451302,0.0907577272268488,0.233877472755938
"dlm","SH","lower",-0.173740234428927,0.960136133796735,-0.319207689627099,0.0887196679353764,0.502681080451302,0.0907577272268488,0.233877472755938
"dlm","SH","lower",-0.169803488459599,0.981515962842462,-0.319207689627099,0.0887196679353764,0.502681080451302,0.0907577272268488,0.233877472755938
"dlm","SH","lower",-0.165866742490271,1.00256042055031,-0.319207689627099,0.0887196679353764,0.502681080451302,0.0907577272268488,0.233877472755938
"dlm","SH","lower",-0.161929996520943,1.02325165748718,-0.319207689627099,0.0887196679353764,0.502681080451302,0.0907577272268488,0.233877472755938
"dlm","SH","lower",-0.157993250551614,1.0439393132043,-0.319207689627099,0.0887196679353764,0.502681080451302,0.0907577272268488,0.233877472755938
"dlm","SH","lower",-0.154056504582286,1.06480183285513,-0.319207689627099,0.0887196679353764,0.502681080451302,0.0907577272268488,0.233877472755938
"dlm","SH","lower",-0.150119758612958,1.08545002676183,-0.319207689627099,0.0887196679353764,0.502681080451302,0.0907577272268488,0.233877472755938
"dlm","SH","lower",-0.14618301264363,1.10552594575438,-0.319207689627099,0.0887196679353764,0.502681080451302,0.0907577272268488,0.233877472755938
"dlm","SH","lower",-0.142246266674302,1.12524485655534,-0.319207689627099,0.0887196679353764,0.502681080451302,0.0907577272268488,0.233877472755938
"dlm","SH","lower",-0.138309520704973,1.14505513189743,-0.319207689627099,0.0887196679353764,0.502681080451302,0.0907577272268488,0.233877472755938
"dlm","SH","lower",-0.134372774735645,1.16522256960534,-0.319207689627099,0.0887196679353764,0.502681080451302,0.0907577272268488,0.233877472755938
"dlm","SH","lower",-0.130436028766317,1.18565730968651,-0.319207689627099,0.0887196679353764,0.502681080451302,0.0907577272268488,0.233877472755938
"dlm","SH","lower",-0.126499282796989,1.2060020889506,-0.319207689627099,0.0887196679353764,0.502681080451302,0.0907577272268488,0.233877472755938
"dlm","SH","lower",-0.122562536827661,1.22595126771687,-0.319207689627099,0.0887196679353764,0.502681080451302,0.0907577272268488,0.233877472755938
"dlm","SH","lower",-0.118625790858332,1.24539809487765,-0.319207689627099,0.0887196679353764,0.502681080451302,0.0907577272268488,0.233877472755938
"dlm","SH","lower",-0.114689044889004,1.26415178183982,-0.319207689627099,0.0887196679353764,0.502681080451302,0.0907577272268488,0.233877472755938
"dlm","SH","lower",-0.110752298919676,1.28202713863642,-0.319207689627099,0.0887196679353764,0.502681080451302,0.0907577272268488,0.233877472755938
"dlm","SH","lower",-0.106815552950348,1.29931121145095,-0.319207689627099,0.0887196679353764,0.502681080451302,0.0907577272268488,0.233877472755938
"dlm","SH","lower",-0.10287880698102,1.31671770572437,-0.319207689627099,0.0887196679353764,0.502681080451302,0.0907577272268488,0.233877472755938
"dlm","SH","lower",-0.0989420610116915,1.33484462605084,-0.319207689627099,0.0887196679353764,0.502681080451302,0.0907577272268488,0.233877472755938
"dlm","SH","lower",-0.0950053150423633,1.35351831784041,-0.319207689627099,0.0887196679353764,0.502681080451302,0.0907577272268488,0.233877472755938
"dlm","SH","lower",-0.0910685690730351,1.3718554305255,-0.319207689627099,0.0887196679353764,0.502681080451302,0.0907577272268488,0.233877472755938
"dlm","SH","lower",-0.0871318231037069,1.38938201179311,-0.319207689627099,0.0887196679353764,0.502681080451302,0.0907577272268488,0.233877472755938
"dlm","SH","lower",-0.0831950771343788,1.40650092343379,-0.319207689627099,0.0887196679353764,0.502681080451302,0.0907577272268488,0.233877472755938
"dlm","SH","lower",-0.0792583311650505,1.42353818103458,-0.319207689627099,0.0887196679353764,0.502681080451302,0.0907577272268488,0.233877472755938
"dlm","SH","lower",-0.0753215851957224,1.43994837227964,-0.319207689627099,0.0887196679353764,0.502681080451302,0.0907577272268488,0.233877472755938
"dlm","SH","lower",-0.0713848392263942,1.45489116490485,-0.319207689627099,0.0887196679353764,0.502681080451302,0.0907577272268488,0.233877472755938
"dlm","SH","lower",-0.067448093257066,1.4685375606692,-0.319207689627099,0.0887196679353764,0.502681080451302,0.0907577272268488,0.233877472755938
"dlm","SH","lower",-0.0635113472877378,1.48215238030167,-0.319207689627099,0.0887196679353764,0.502681080451302,0.0907577272268488,0.233877472755938
"dlm","SH","lower",-0.0595746013184096,1.4966395555534,-0.319207689627099,0.0887196679353764,0.502681080451302,0.0907577272268488,0.233877472755938
"dlm","SH","lower",-0.0556378553490814,1.51165591689968,-0.319207689627099,0.0887196679353764,0.502681080451302,0.0907577272268488,0.233877472755938
"dlm","SH","lower",-0.0517011093797533,1.52610414408401,-0.319207689627099,0.0887196679353764,0.502681080451302,0.0907577272268488,0.233877472755938
"dlm","SH","lower",-0.047764363410425,1.53914619263457,-0.319207689627099,0.0887196679353764,0.502681080451302,0.0907577272268488,0.233877472755938
"dlm","SH","lower",-0.0438276174410969,1.55098582410532,-0.319207689627099,0.0887196679353764,0.502681080451302,0.0907577272268488,0.233877472755938
"dlm","SH","lower",-0.0398908714717686,1.56256284450439,-0.319207689627099,0.0887196679353764,0.502681080451302,0.0907577272268488,0.233877472755938
"dlm","SH","lower",-0.0359541255024405,1.57446686215383,-0.319207689627099,0.0887196679353764,0.502681080451302,0.0907577272268488,0.233877472755938
"dlm","SH","lower",-0.0320173795331123,1.58646776142286,-0.319207689627099,0.0887196679353764,0.502681080451302,0.0907577272268488,0.233877472755938
"dlm","SH","lower",-0.0280806335637841,1.59784032349064,-0.319207689627099,0.0887196679353764,0.502681080451302,0.0907577272268488,0.233877472755938
"dlm","SH","lower",-0.024143887594456,1.60801785301755,-0.319207689627099,0.0887196679353764,0.502681080451302,0.0907577272268488,0.233877472755938
"dlm","SH","lower",-0.0202071416251277,1.61711402528631,-0.319207689627099,0.0887196679353764,0.502681080451302,0.0907577272268488,0.233877472755938
"dlm","SH","lower",-0.0162703956557996,1.62556828793882,-0.319207689627099,0.0887196679353764,0.502681080451302,0.0907577272268488,0.233877472755938
"dlm","SH","lower",-0.0123336496864713,1.63345940987022,-0.319207689627099,0.0887196679353764,0.502681080451302,0.0907577272268488,0.233877472755938
"dlm","SH","lower",-0.00839690371714319,1.6406972798548,-0.319207689627099,0.0887196679353764,0.502681080451302,0.0907577272268488,0.233877472755938
"dlm","SH","lower",-0.00446015774781494,1.64755310970179,-0.319207689627099,0.0887196679353764,0.502681080451302,0.0907577272268488,0.233877472755938
"dlm","SH","lower",-0.000523411778486804,1.65451387541667,-0.319207689627099,0.0887196679353764,0.502681080451302,0.0907577272268488,0.233877472755938
"dlm","SH","lower",0.00341333419084144,1.66182914988846,-0.319207689627099,0.0887196679353764,0.502681080451302,0.0907577272268488,0.233877472755938
"dlm","SH","lower",0.00735008016016958,1.66931243275645,-0.319207689627099,0.0887196679353764,0.502681080451302,0.0907577272268488,0.233877472755938
"dlm","SH","lower",0.0112868261294978,1.67638382404529,-0.319207689627099,0.0887196679353764,0.502681080451302,0.0907577272268488,0.233877472755938
"dlm","SH","lower",0.015223572098826,1.68260896961639,-0.319207689627099,0.0887196679353764,0.502681080451302,0.0907577272268488,0.233877472755938
"dlm","SH","lower",0.0191603180681541,1.68814297027476,-0.319207689627099,0.0887196679353764,0.502681080451302,0.0907577272268488,0.233877472755938
"dlm","SH","lower",0.0230970640374824,1.6932660788873,-0.319207689627099,0.0887196679353764,0.502681080451302,0.0907577272268488,0.233877472755938
"dlm","SH","lower",0.0270338100068105,1.69797752154282,-0.319207689627099,0.0887196679353764,0.502681080451302,0.0907577272268488,0.233877472755938
"dlm","SH","lower",0.0309705559761387,1.70205317663306,-0.319207689627099,0.0887196679353764,0.502681080451302,0.0907577272268488,0.233877472755938
"dlm","SH","lower",0.0349073019454669,1.7050124977041,-0.319207689627099,0.0887196679353764,0.502681080451302,0.0907577272268488,0.233877472755938
"dlm","SH","lower",0.0388440479147951,1.70654842592838,-0.319207689627099,0.0887196679353764,0.502681080451302,0.0907577272268488,0.233877472755938
"dlm","SH","lower",0.0427807938841233,1.70696425774273,-0.319207689627099,0.0887196679353764,0.502681080451302,0.0907577272268488,0.233877472755938
"dlm","SH","lower",0.0467175398534515,1.70683457854383,-0.319207689627099,0.0887196679353764,0.502681080451302,0.0907577272268488,0.233877472755938
"dlm","SH","lower",0.0506542858227796,1.70661805104538,-0.319207689627099,0.0887196679353764,0.502681080451302,0.0907577272268488,0.233877472755938
"dlm","SH","lower",0.0545910317921079,1.70649732077499,-0.319207689627099,0.0887196679353764,0.502681080451302,0.0907577272268488,0.233877472755938
"dlm","SH","lower",0.058527777761436,1.70635911516578,-0.319207689627099,0.0887196679353764,0.502681080451302,0.0907577272268488,0.233877472755938
"dlm","SH","lower",0.0624645237307642,1.7060147317029,-0.319207689627099,0.0887196679353764,0.502681080451302,0.0907577272268488,0.233877472755938
"dlm","SH","lower",0.0664012697000924,1.70541858491667,-0.319207689627099,0.0887196679353764,0.502681080451302,0.0907577272268488,0.233877472755938
"dlm","SH","lower",0.0703380156694207,1.7046135569315,-0.319207689627099,0.0887196679353764,0.502681080451302,0.0907577272268488,0.233877472755938
"dlm","SH","lower",0.0742747616387487,1.70365486576592,-0.319207689627099,0.0887196679353764,0.502681080451302,0.0907577272268488,0.233877472755938
"dlm","SH","lower",0.0782115076080769,1.70286217370814,-0.319207689627099,0.0887196679353764,0.502681080451302,0.0907577272268488,0.233877472755938
"dlm","SH","lower",0.0821482535774052,1.70248389484463,-0.319207689627099,0.0887196679353764,0.502681080451302,0.0907577272268488,0.233877472755938
"dlm","SH","lower",0.0860849995467334,1.70217333888945,-0.319207689627099,0.0887196679353764,0.502681080451302,0.0907577272268488,0.233877472755938
"dlm","SH","lower",0.0900217455160615,1.70158127730681,-0.319207689627099,0.0887196679353764,0.502681080451302,0.0907577272268488,0.233877472755938
"dlm","SH","lower",0.0939584914853897,1.70052941237378,-0.319207689627099,0.0887196679353764,0.502681080451302,0.0907577272268488,0.233877472755938
"dlm","SH","lower",0.097895237454718,1.69853075200299,-0.319207689627099,0.0887196679353764,0.502681080451302,0.0907577272268488,0.233877472755938
"dlm","SH","lower",0.101831983424046,1.69534995569637,-0.319207689627099,0.0887196679353764,0.502681080451302,0.0907577272268488,0.233877472755938
"dlm","SH","lower",0.105768729393374,1.69160037259505,-0.319207689627099,0.0887196679353764,0.502681080451302,0.0907577272268488,0.233877472755938
"dlm","SH","lower",0.109705475362702,1.68793982698187,-0.319207689627099,0.0887196679353764,0.502681080451302,0.0907577272268488,0.233877472755938
"dlm","SH","lower",0.113642221332031,1.68432287587819,-0.319207689627099,0.0887196679353764,0.502681080451302,0.0907577272268488,0.233877472755938
"dlm","SH","lower",0.117578967301359,1.68066933434968,-0.319207689627099,0.0887196679353764,0.502681080451302,0.0907577272268488,0.233877472755938
"dlm","SH","lower",0.121515713270687,1.67734359520202,-0.319207689627099,0.0887196679353764,0.502681080451302,0.0907577272268488,0.233877472755938
"dlm","SH","lower",0.125452459240015,1.67440723992913,-0.319207689627099,0.0887196679353764,0.502681080451302,0.0907577272268488,0.233877472755938
"dlm","SH","lower",0.129389205209343,1.67105404609955,-0.319207689627099,0.0887196679353764,0.502681080451302,0.0907577272268488,0.233877472755938
"dlm","SH","lower",0.133325951178672,1.66653549309256,-0.319207689627099,0.0887196679353764,0.502681080451302,0.0907577272268488,0.233877472755938
"dlm","SH","lower",0.137262697148,1.66129829529,-0.319207689627099,0.0887196679353764,0.502681080451302,0.0907577272268488,0.233877472755938
"dlm","SH","lower",0.141199443117328,1.65615922278826,-0.319207689627099,0.0887196679353764,0.502681080451302,0.0907577272268488,0.233877472755938
"dlm","SH","lower",0.145136189086656,1.65101638668892,-0.319207689627099,0.0887196679353764,0.502681080451302,0.0907577272268488,0.233877472755938
"dlm","SH","lower",0.149072935055984,1.64549487003032,-0.319207689627099,0.0887196679353764,0.502681080451302,0.0907577272268488,0.233877472755938
"dlm","SH","lower",0.153009681025313,1.63985814252176,-0.319207689627099,0.0887196679353764,0.502681080451302,0.0907577272268488,0.233877472755938
"dlm","SH","lower",0.156946426994641,1.63418103992175,-0.319207689627099,0.0887196679353764,0.502681080451302,0.0907577272268488,0.233877472755938
"dlm","SH","lower",0.160883172963969,1.62781791709758,-0.319207689627099,0.0887196679353764,0.502681080451302,0.0907577272268488,0.233877472755938
"dlm","SH","lower",0.164819918933297,1.62061702283735,-0.319207689627099,0.0887196679353764,0.502681080451302,0.0907577272268488,0.233877472755938
"dlm","SH","lower",0.168756664902625,1.61335363078979,-0.319207689627099,0.0887196679353764,0.502681080451302,0.0907577272268488,0.233877472755938
"dlm","SH","lower",0.172693410871954,1.60648926230516,-0.319207689627099,0.0887196679353764,0.502681080451302,0.0907577272268488,0.233877472755938
"dlm","SH","lower",0.176630156841282,1.59965713325227,-0.319207689627099,0.0887196679353764,0.502681080451302,0.0907577272268488,0.233877472755938
"dlm","SH","lower",0.18056690281061,1.59241531710954,-0.319207689627099,0.0887196679353764,0.502681080451302,0.0907577272268488,0.233877472755938
"dlm","SH","lower",0.184503648779938,1.58482114292057,-0.319207689627099,0.0887196679353764,0.502681080451302,0.0907577272268488,0.233877472755938
"dlm","SH","lower",0.188440394749266,1.57715337540116,-0.319207689627099,0.0887196679353764,0.502681080451302,0.0907577272268488,0.233877472755938
"dlm","SH","lower",0.192377140718594,1.56920206932011,-0.319207689627099,0.0887196679353764,0.502681080451302,0.0907577272268488,0.233877472755938
"dlm","SH","lower",0.196313886687923,1.56040870503466,-0.319207689627099,0.0887196679353764,0.502681080451302,0.0907577272268488,0.233877472755938
"dlm","SH","lower",0.200250632657251,1.55087904974228,-0.319207689627099,0.0887196679353764,0.502681080451302,0.0907577272268488,0.233877472755938
"dlm","SH","lower",0.204187378626579,1.54152012334939,-0.319207689627099,0.0887196679353764,0.502681080451302,0.0907577272268488,0.233877472755938
"dlm","SH","lower",0.208124124595907,1.5328851700997,-0.319207689627099,0.0887196679353764,0.502681080451302,0.0907577272268488,0.233877472755938
"dlm","SH","lower",0.212060870565235,1.52444551727548,-0.319207689627099,0.0887196679353764,0.502681080451302,0.0907577272268488,0.233877472755938
"dlm","SH","lower",0.215997616534564,1.51517454960783,-0.319207689627099,0.0887196679353764,0.502681080451302,0.0907577272268488,0.233877472755938
"dlm","SH","lower",0.219934362503892,1.50457511977072,-0.319207689627099,0.0887196679353764,0.502681080451302,0.0907577272268488,0.233877472755938
"dlm","SH","lower",0.22387110847322,1.49293035198043,-0.319207689627099,0.0887196679353764,0.502681080451302,0.0907577272268488,0.233877472755938
"dlm","SH","lower",0.227807854442548,1.48086823380359,-0.319207689627099,0.0887196679353764,0.502681080451302,0.0907577272268488,0.233877472755938
"dlm","SH","lower",0.231744600411876,1.46899448462242,-0.319207689627099,0.0887196679353764,0.502681080451302,0.0907577272268488,0.233877472755938
"dlm","SH","lower",0.235681346381204,1.45726085923955,-0.319207689627099,0.0887196679353764,0.502681080451302,0.0907577272268488,0.233877472755938
"dlm","SH","lower",0.239618092350533,1.44512781374121,-0.319207689627099,0.0887196679353764,0.502681080451302,0.0907577272268488,0.233877472755938
"dlm","SH","lower",0.243554838319861,1.43263072885188,-0.319207689627099,0.0887196679353764,0.502681080451302,0.0907577272268488,0.233877472755938
"dlm","SH","lower",0.247491584289189,1.41997063043033,-0.319207689627099,0.0887196679353764,0.502681080451302,0.0907577272268488,0.233877472755938
"dlm","SH","lower",0.251428330258517,1.40673301628461,-0.319207689627099,0.0887196679353764,0.502681080451302,0.0907577272268488,0.233877472755938
"dlm","SH","lower",0.255365076227845,1.39243618468168,-0.319207689627099,0.0887196679353764,0.502681080451302,0.0907577272268488,0.233877472755938
"dlm","SH","lower",0.259301822197174,1.37732702868582,-0.319207689627099,0.0887196679353764,0.502681080451302,0.0907577272268488,0.233877472755938
"dlm","SH","lower",0.263238568166502,1.36226768077848,-0.319207689627099,0.0887196679353764,0.502681080451302,0.0907577272268488,0.233877472755938
"dlm","SH","lower",0.26717531413583,1.34768424385181,-0.319207689627099,0.0887196679353764,0.502681080451302,0.0907577272268488,0.233877472755938
"dlm","SH","lower",0.271112060105158,1.33325591134327,-0.319207689627099,0.0887196679353764,0.502681080451302,0.0907577272268488,0.233877472755938
"dlm","SH","lower",0.275048806074486,1.31855942826789,-0.319207689627099,0.0887196679353764,0.502681080451302,0.0907577272268488,0.233877472755938
"dlm","SH","lower",0.278985552043814,1.3035313606328,-0.319207689627099,0.0887196679353764,0.502681080451302,0.0907577272268488,0.233877472755938
"dlm","SH","lower",0.282922298013143,1.2881682414639,-0.319207689627099,0.0887196679353764,0.502681080451302,0.0907577272268488,0.233877472755938
"dlm","SH","lower",0.286859043982471,1.27217035194382,-0.319207689627099,0.0887196679353764,0.502681080451302,0.0907577272268488,0.233877472755938
"dlm","SH","lower",0.290795789951799,1.25533112549546,-0.319207689627099,0.0887196679353764,0.502681080451302,0.0907577272268488,0.233877472755938
"dlm","SH","lower",0.294732535921127,1.23803558920444,-0.319207689627099,0.0887196679353764,0.502681080451302,0.0907577272268488,0.233877472755938
"dlm","SH","lower",0.298669281890455,1.22116444703684,-0.319207689627099,0.0887196679353764,0.502681080451302,0.0907577272268488,0.233877472755938
"dlm","SH","lower",0.302606027859784,1.2051060359261,-0.319207689627099,0.0887196679353764,0.502681080451302,0.0907577272268488,0.233877472755938
"dlm","SH","lower",0.306542773829112,1.18915229814821,-0.319207689627099,0.0887196679353764,0.502681080451302,0.0907577272268488,0.233877472755938
"dlm","SH","lower",0.31047951979844,1.17239883014458,-0.319207689627099,0.0887196679353764,0.502681080451302,0.0907577272268488,0.233877472755938
"dlm","SH","lower",0.314416265767768,1.15478134046517,-0.319207689627099,0.0887196679353764,0.502681080451302,0.0907577272268488,0.233877472755938
"dlm","SH","lower",0.318353011737097,1.13696317664086,-0.319207689627099,0.0887196679353764,0.502681080451302,0.0907577272268488,0.233877472755938
"dlm","SH","lower",0.322289757706425,1.11944708692037,-0.319207689627099,0.0887196679353764,0.502681080451302,0.0907577272268488,0.233877472755938
"dlm","SH","lower",0.326226503675753,1.10213482693318,-0.319207689627099,0.0887196679353764,0.502681080451302,0.0907577272268488,0.233877472755938
"dlm","SH","lower",0.330163249645081,1.08472088118658,-0.319207689627099,0.0887196679353764,0.502681080451302,0.0907577272268488,0.233877472755938
"dlm","SH","lower",0.334099995614409,1.06709502356388,-0.319207689627099,0.0887196679353764,0.502681080451302,0.0907577272268488,0.233877472755938
"dlm","SH","lower",0.338036741583737,1.04925953180911,-0.319207689627099,0.0887196679353764,0.502681080451302,0.0907577272268488,0.233877472755938
"dlm","SH","lower",0.341973487553066,1.03111008727406,-0.319207689627099,0.0887196679353764,0.502681080451302,0.0907577272268488,0.233877472755938
"dlm","SH","lower",0.345910233522394,1.01249485743265,-0.319207689627099,0.0887196679353764,0.502681080451302,0.0907577272268488,0.233877472755938
"dlm","SH","lower",0.349846979491722,0.993564314918397,-0.319207689627099,0.0887196679353764,0.502681080451302,0.0907577272268488,0.233877472755938
"dlm","SH","lower",0.35378372546105,0.974727576584684,-0.319207689627099,0.0887196679353764,0.502681080451302,0.0907577272268488,0.233877472755938
"dlm","SH","lower",0.357720471430378,0.956041778232544,-0.319207689627099,0.0887196679353764,0.502681080451302,0.0907577272268488,0.233877472755938
"dlm","SH","lower",0.361657217399707,0.937109815019433,-0.319207689627099,0.0887196679353764,0.502681080451302,0.0907577272268488,0.233877472755938
"dlm","SH","lower",0.365593963369035,0.917728893478538,-0.319207689627099,0.0887196679353764,0.502681080451302,0.0907577272268488,0.233877472755938
"dlm","SH","lower",0.369530709338363,0.898140624699967,-0.319207689627099,0.0887196679353764,0.502681080451302,0.0907577272268488,0.233877472755938
"dlm","SH","lower",0.373467455307691,0.87865357781738,-0.319207689627099,0.0887196679353764,0.502681080451302,0.0907577272268488,0.233877472755938
"dlm","SH","lower",0.377404201277019,0.859381514867507,-0.319207689627099,0.0887196679353764,0.502681080451302,0.0907577272268488,0.233877472755938
"dlm","SH","lower",0.381340947246347,0.840275726329834,-0.319207689627099,0.0887196679353764,0.502681080451302,0.0907577272268488,0.233877472755938
"dlm","SH","lower",0.385277693215676,0.821260966886852,-0.319207689627099,0.0887196679353764,0.502681080451302,0.0907577272268488,0.233877472755938
"dlm","SH","lower",0.389214439185004,0.802264929628069,-0.319207689627099,0.0887196679353764,0.502681080451302,0.0907577272268488,0.233877472755938
"dlm","SH","lower",0.393151185154332,0.783153248802817,-0.319207689627099,0.0887196679353764,0.502681080451302,0.0907577272268488,0.233877472755938
"dlm","SH","lower",0.39708793112366,0.763861795596722,-0.319207689627099,0.0887196679353764,0.502681080451302,0.0907577272268488,0.233877472755938
"dlm","SH","lower",0.401024677092988,0.744469397136499,-0.319207689627099,0.0887196679353764,0.502681080451302,0.0907577272268488,0.233877472755938
"dlm","SH","lower",0.404961423062317,0.724890374497027,-0.319207689627099,0.0887196679353764,0.502681080451302,0.0907577272268488,0.233877472755938
"dlm","SH","lower",0.408898169031645,0.704949319177035,-0.319207689627099,0.0887196679353764,0.502681080451302,0.0907577272268488,0.233877472755938
"dlm","SH","lower",0.412834915000973,0.684862504720128,-0.319207689627099,0.0887196679353764,0.502681080451302,0.0907577272268488,0.233877472755938
"dlm","SH","lower",0.416771660970301,0.665072671726204,-0.319207689627099,0.0887196679353764,0.502681080451302,0.0907577272268488,0.233877472755938
"dlm","SH","lower",0.420708406939629,0.64573614875776,-0.319207689627099,0.0887196679353764,0.502681080451302,0.0907577272268488,0.233877472755938
"dlm","SH","lower",0.424645152908957,0.626749097020143,-0.319207689627099,0.0887196679353764,0.502681080451302,0.0907577272268488,0.233877472755938
"dlm","SH","lower",0.428581898878286,0.608073777914412,-0.319207689627099,0.0887196679353764,0.502681080451302,0.0907577272268488,0.233877472755938
"dlm","SH","lower",0.432518644847614,0.589885046139804,-0.319207689627099,0.0887196679353764,0.502681080451302,0.0907577272268488,0.233877472755938
"dlm","SH","lower",0.436455390816942,0.572262457078615,-0.319207689627099,0.0887196679353764,0.502681080451302,0.0907577272268488,0.233877472755938
"dlm","SH","lower",0.44039213678627,0.554980152899693,-0.319207689627099,0.0887196679353764,0.502681080451302,0.0907577272268488,0.233877472755938
"dlm","SH","lower",0.444328882755598,0.537839272365962,-0.319207689627099,0.0887196679353764,0.502681080451302,0.0907577272268488,0.233877472755938
"dlm","SH","lower",0.448265628724927,0.520945700483311,-0.319207689627099,0.0887196679353764,0.502681080451302,0.0907577272268488,0.233877472755938
"dlm","SH","lower",0.452202374694255,0.504351507707745,-0.319207689627099,0.0887196679353764,0.502681080451302,0.0907577272268488,0.233877472755938
"dlm","SH","lower",0.456139120663583,0.48778066799,-0.319207689627099,0.0887196679353764,0.502681080451302,0.0907577272268488,0.233877472755938
"dlm","SH","lower",0.460075866632911,0.471178069113026,-0.319207689627099,0.0887196679353764,0.502681080451302,0.0907577272268488,0.233877472755938
"dlm","SH","lower",0.464012612602239,0.454896489879236,-0.319207689627099,0.0887196679353764,0.502681080451302,0.0907577272268488,0.233877472755938
"dlm","SH","lower",0.467949358571568,0.439095767986155,-0.319207689627099,0.0887196679353764,0.502681080451302,0.0907577272268488,0.233877472755938
"dlm","SH","lower",0.471886104540896,0.423700987856154,-0.319207689627099,0.0887196679353764,0.502681080451302,0.0907577272268488,0.233877472755938
"dlm","SH","lower",0.475822850510224,0.408741511214985,-0.319207689627099,0.0887196679353764,0.502681080451302,0.0907577272268488,0.233877472755938
"dlm","SH","lower",0.479759596479552,0.394197917107361,-0.319207689627099,0.0887196679353764,0.502681080451302,0.0907577272268488,0.233877472755938
"dlm","SH","lower",0.48369634244888,0.379864263823608,-0.319207689627099,0.0887196679353764,0.502681080451302,0.0907577272268488,0.233877472755938
"dlm","SH","lower",0.487633088418209,0.365762162064741,-0.319207689627099,0.0887196679353764,0.502681080451302,0.0907577272268488,0.233877472755938
"dlm","SH","lower",0.491569834387537,0.352159857882837,-0.319207689627099,0.0887196679353764,0.502681080451302,0.0907577272268488,0.233877472755938
"dlm","SH","lower",0.495506580356865,0.33908301486052,-0.319207689627099,0.0887196679353764,0.502681080451302,0.0907577272268488,0.233877472755938
"dlm","SH","lower",0.499443326326193,0.326347390395763,-0.319207689627099,0.0887196679353764,0.502681080451302,0.0907577272268488,0.233877472755938
"dlm","SH","lower",0.503380072295521,0.313802332857039,-0.319207689627099,0.0887196679353764,0.502681080451302,0.0907577272268488,0.233877472755938
"dlm","SH","lower",0.50731681826485,0.301339143086129,-0.319207689627099,0.0887196679353764,0.502681080451302,0.0907577272268488,0.233877472755938
"dlm","SH","lower",0.511253564234178,0.288947715660276,-0.319207689627099,0.0887196679353764,0.502681080451302,0.0907577272268488,0.233877472755938
"dlm","SH","lower",0.515190310203506,0.276752614295494,-0.319207689627099,0.0887196679353764,0.502681080451302,0.0907577272268488,0.233877472755938
"dlm","SH","lower",0.519127056172834,0.264879621778676,-0.319207689627099,0.0887196679353764,0.502681080451302,0.0907577272268488,0.233877472755938
"dlm","SH","lower",0.523063802142162,0.253454498898042,-0.319207689627099,0.0887196679353764,0.502681080451302,0.0907577272268488,0.233877472755938
"dlm","SH","lower",0.52700054811149,0.242549534084618,-0.319207689627099,0.0887196679353764,0.502681080451302,0.0907577272268488,0.233877472755938
"dlm","SH","lower",0.530937294080819,0.231988422325734,-0.319207689627099,0.0887196679353764,0.502681080451302,0.0907577272268488,0.233877472755938
"dlm","SH","lower",0.534874040050147,0.221535292861908,-0.319207689627099,0.0887196679353764,0.502681080451302,0.0907577272268488,0.233877472755938
"dlm","SH","lower",0.538810786019475,0.211306845334717,-0.319207689627099,0.0887196679353764,0.502681080451302,0.0907577272268488,0.233877472755938
"dlm","SH","lower",0.542747531988803,0.201642307041369,-0.319207689627099,0.0887196679353764,0.502681080451302,0.0907577272268488,0.233877472755938
"dlm","SH","lower",0.546684277958131,0.192629265865559,-0.319207689627099,0.0887196679353764,0.502681080451302,0.0907577272268488,0.233877472755938
"dlm","SH","lower",0.55062102392746,0.184047645860149,-0.319207689627099,0.0887196679353764,0.502681080451302,0.0907577272268488,0.233877472755938
"dlm","SH","lower",0.554557769896788,0.175701206047319,-0.319207689627099,0.0887196679353764,0.502681080451302,0.0907577272268488,0.233877472755938
"dlm","SH","lower",0.558494515866116,0.167620006273001,-0.319207689627099,0.0887196679353764,0.502681080451302,0.0907577272268488,0.233877472755938
"dlm","SH","lower",0.562431261835444,0.159917742202804,-0.319207689627099,0.0887196679353764,0.502681080451302,0.0907577272268488,0.233877472755938
"dlm","SH","lower",0.566368007804772,0.152599506779344,-0.319207689627099,0.0887196679353764,0.502681080451302,0.0907577272268488,0.233877472755938
"dlm","SH","lower",0.5703047537741,0.145597102878022,-0.319207689627099,0.0887196679353764,0.502681080451302,0.0907577272268488,0.233877472755938
"dlm","SH","lower",0.574241499743429,0.138801154292476,-0.319207689627099,0.0887196679353764,0.502681080451302,0.0907577272268488,0.233877472755938
"dlm","SH","lower",0.578178245712757,0.1320731500894,-0.319207689627099,0.0887196679353764,0.502681080451302,0.0907577272268488,0.233877472755938
"dlm","SH","lower",0.582114991682085,0.125414926469664,-0.319207689627099,0.0887196679353764,0.502681080451302,0.0907577272268488,0.233877472755938
"dlm","SH","lower",0.586051737651413,0.118983528830986,-0.319207689627099,0.0887196679353764,0.502681080451302,0.0907577272268488,0.233877472755938
"dlm","SH","lower",0.589988483620741,0.112922941232298,-0.319207689627099,0.0887196679353764,0.502681080451302,0.0907577272268488,0.233877472755938
"dlm","SH","lower",0.59392522959007,0.107266767812579,-0.319207689627099,0.0887196679353764,0.502681080451302,0.0907577272268488,0.233877472755938
"dlm","SH","lower",0.597861975559398,0.101910699195095,-0.319207689627099,0.0887196679353764,0.502681080451302,0.0907577272268488,0.233877472755938
"dlm","SH","lower",0.601798721528726,0.0967476176133161,-0.319207689627099,0.0887196679353764,0.502681080451302,0.0907577272268488,0.233877472755938
"dlm","SH","lower",0.605735467498054,0.0918176135018945,-0.319207689627099,0.0887196679353764,0.502681080451302,0.0907577272268488,0.233877472755938
"dlm","SH","lower",0.609672213467382,0.0871466531754085,-0.319207689627099,0.0887196679353764,0.502681080451302,0.0907577272268488,0.233877472755938
"dlm","SH","lower",0.613608959436711,0.0826064219435203,-0.319207689627099,0.0887196679353764,0.502681080451302,0.0907577272268488,0.233877472755938
"dlm","SH","lower",0.617545705406039,0.0781485555197037,-0.319207689627099,0.0887196679353764,0.502681080451302,0.0907577272268488,0.233877472755938
"dlm","SH","lower",0.621482451375367,0.0738863202240363,-0.319207689627099,0.0887196679353764,0.502681080451302,0.0907577272268488,0.233877472755938
"dlm","SH","lower",0.625419197344695,0.069867417639771,-0.319207689627099,0.0887196679353764,0.502681080451302,0.0907577272268488,0.233877472755938
"dlm","SH","lower",0.629355943314023,0.0660940186551365,-0.319207689627099,0.0887196679353764,0.502681080451302,0.0907577272268488,0.233877472755938
"dlm","SH","lower",0.633292689283351,0.0625419171413263,-0.319207689627099,0.0887196679353764,0.502681080451302,0.0907577272268488,0.233877472755938
"dlm","SH","lower",0.63722943525268,0.0590748729610338,-0.319207689627099,0.0887196679353764,0.502681080451302,0.0907577272268488,0.233877472755938
"dlm","SH","lower",0.641166181222008,0.0556202958281162,-0.319207689627099,0.0887196679353764,0.502681080451302,0.0907577272268488,0.233877472755938
"dlm","SH","lower",0.645102927191336,0.05229974943847,-0.319207689627099,0.0887196679353764,0.502681080451302,0.0907577272268488,0.233877472755938
"dlm","SH","lower",0.649039673160664,0.0493045260507319,-0.319207689627099,0.0887196679353764,0.502681080451302,0.0907577272268488,0.233877472755938
"dlm","SH","lower",0.652976419129992,0.0467196323232707,-0.319207689627099,0.0887196679353764,0.502681080451302,0.0907577272268488,0.233877472755938
"dlm","SH","lower",0.656913165099321,0.044424627645084,-0.319207689627099,0.0887196679353764,0.502681080451302,0.0907577272268488,0.233877472755938
"dlm","SH","lower",0.660849911068649,0.0421895108204228,-0.319207689627099,0.0887196679353764,0.502681080451302,0.0907577272268488,0.233877472755938
"dlm","SH","lower",0.664786657037977,0.0398728019368768,-0.319207689627099,0.0887196679353764,0.502681080451302,0.0907577272268488,0.233877472755938
"dlm","SH","lower",0.668723403007305,0.0375112196128242,-0.319207689627099,0.0887196679353764,0.502681080451302,0.0907577272268488,0.233877472755938
"dlm","SH","lower",0.672660148976633,0.0352087057709253,-0.319207689627099,0.0887196679353764,0.502681080451302,0.0907577272268488,0.233877472755938
"dlm","SH","lower",0.676596894945962,0.0330013081296456,-0.319207689627099,0.0887196679353764,0.502681080451302,0.0907577272268488,0.233877472755938
"dlm","SH","lower",0.68053364091529,0.0308746531493178,-0.319207689627099,0.0887196679353764,0.502681080451302,0.0907577272268488,0.233877472755938
"dlm","SH","lower",0.684470386884618,0.0288420938205703,-0.319207689627099,0.0887196679353764,0.502681080451302,0.0907577272268488,0.233877472755938
"dlm","SH","lower",0.688407132853946,0.0269345997285871,-0.319207689627099,0.0887196679353764,0.502681080451302,0.0907577272268488,0.233877472755938
"dlm","SH","lower",0.692343878823274,0.0251778011759397,-0.319207689627099,0.0887196679353764,0.502681080451302,0.0907577272268488,0.233877472755938
"dlm","SH","lower",0.696280624792603,0.023560880521388,-0.319207689627099,0.0887196679353764,0.502681080451302,0.0907577272268488,0.233877472755938
"dlm","SH","lower",0.700217370761931,0.0220114291442125,-0.319207689627099,0.0887196679353764,0.502681080451302,0.0907577272268488,0.233877472755938
"dlm","SH","lower",0.704154116731259,0.0204775126690952,-0.319207689627099,0.0887196679353764,0.502681080451302,0.0907577272268488,0.233877472755938
"dlm","SH","lower",0.708090862700587,0.0190033662812674,-0.319207689627099,0.0887196679353764,0.502681080451302,0.0907577272268488,0.233877472755938
"dlm","SH","lower",0.712027608669915,0.0176696159165354,-0.319207689627099,0.0887196679353764,0.502681080451302,0.0907577272268488,0.233877472755938
"dlm","SH","lower",0.715964354639244,0.0164780339340708,-0.319207689627099,0.0887196679353764,0.502681080451302,0.0907577272268488,0.233877472755938
"dlm","SH","lower",0.719901100608572,0.0153576896572962,-0.319207689627099,0.0887196679353764,0.502681080451302,0.0907577272268488,0.233877472755938
"dlm","SH","lower",0.7238378465779,0.0142733017930775,-0.319207689627099,0.0887196679353764,0.502681080451302,0.0907577272268488,0.233877472755938
"dlm","SH","lower",0.727774592547228,0.0132451820676236,-0.319207689627099,0.0887196679353764,0.502681080451302,0.0907577272268488,0.233877472755938
"dlm","SH","lower",0.731711338516556,0.0122936876485627,-0.319207689627099,0.0887196679353764,0.502681080451302,0.0907577272268488,0.233877472755938
"dlm","SH","lower",0.735648084485884,0.0114277550813101,-0.319207689627099,0.0887196679353764,0.502681080451302,0.0907577272268488,0.233877472755938
"dlm","SH","lower",0.739584830455213,0.0106408633393446,-0.319207689627099,0.0887196679353764,0.502681080451302,0.0907577272268488,0.233877472755938
"dlm","SH","lower",0.743521576424541,0.0099118402709199,-0.319207689627099,0.0887196679353764,0.502681080451302,0.0907577272268488,0.233877472755938
"dlm","SH","lower",0.747458322393869,0.0092333652289648,-0.319207689627099,0.0887196679353764,0.502681080451302,0.0907577272268488,0.233877472755938
"dlm","SH","lower",0.751395068363197,0.00860237901977768,-0.319207689627099,0.0887196679353764,0.502681080451302,0.0907577272268488,0.233877472755938
"dlm","SH","lower",0.755331814332525,0.00799492486709082,-0.319207689627099,0.0887196679353764,0.502681080451302,0.0907577272268488,0.233877472755938
"dlm","SH","lower",0.759268560301854,0.00740257546163901,-0.319207689627099,0.0887196679353764,0.502681080451302,0.0907577272268488,0.233877472755938
"dlm","SH","lower",0.763205306271182,0.00686163995467865,-0.319207689627099,0.0887196679353764,0.502681080451302,0.0907577272268488,0.233877472755938
"dlm","SH","lower",0.76714205224051,0.00640071825633082,-0.319207689627099,0.0887196679353764,0.502681080451302,0.0907577272268488,0.233877472755938
"dlm","SH","lower",0.771078798209838,0.00599143846675334,-0.319207689627099,0.0887196679353764,0.502681080451302,0.0907577272268488,0.233877472755938
"dlm","SH","lower",0.775015544179166,0.00558108384757002,-0.319207689627099,0.0887196679353764,0.502681080451302,0.0907577272268488,0.233877472755938
"dlm","SH","lower",0.778952290148494,0.00515233811190417,-0.319207689627099,0.0887196679353764,0.502681080451302,0.0907577272268488,0.233877472755938
"dlm","SH","lower",0.782889036117823,0.00473255184962247,-0.319207689627099,0.0887196679353764,0.502681080451302,0.0907577272268488,0.233877472755938
"dlm","SH","lower",0.786825782087151,0.00434940950785162,-0.319207689627099,0.0887196679353764,0.502681080451302,0.0907577272268488,0.233877472755938
"dlm","SH","lower",0.790762528056479,0.00400271051882409,-0.319207689627099,0.0887196679353764,0.502681080451302,0.0907577272268488,0.233877472755938
"dlm","SH","lower",0.794699274025807,0.00368543749756051,-0.319207689627099,0.0887196679353764,0.502681080451302,0.0907577272268488,0.233877472755938
"dlm","SH","lower",0.798636019995135,0.00339292713456432,-0.319207689627099,0.0887196679353764,0.502681080451302,0.0907577272268488,0.233877472755938
"dlm","SH","lower",0.802572765964464,0.00311922550193771,-0.319207689627099,0.0887196679353764,0.502681080451302,0.0907577272268488,0.233877472755938
"dlm","SH","lower",0.806509511933792,0.00286790685321422,-0.319207689627099,0.0887196679353764,0.502681080451302,0.0907577272268488,0.233877472755938
"dlm","SH","lower",0.81044625790312,0.00264747701857503,-0.319207689627099,0.0887196679353764,0.502681080451302,0.0907577272268488,0.233877472755938
"dlm","SH","lower",0.814383003872448,0.00245335056519757,-0.319207689627099,0.0887196679353764,0.502681080451302,0.0907577272268488,0.233877472755938
"dlm","SH","lower",0.818319749841776,0.00227824736863955,-0.319207689627099,0.0887196679353764,0.502681080451302,0.0907577272268488,0.233877472755938
"dlm","SH","lower",0.822256495811104,0.00212426485349821,-0.319207689627099,0.0887196679353764,0.502681080451302,0.0907577272268488,0.233877472755938
"dlm","SH","lower",0.826193241780433,0.00198179291537393,-0.319207689627099,0.0887196679353764,0.502681080451302,0.0907577272268488,0.233877472755938
"dlm","SH","lower",0.830129987749761,0.0018330006630213,-0.319207689627099,0.0887196679353764,0.502681080451302,0.0907577272268488,0.233877472755938
"dlm","SH","lower",0.834066733719089,0.00167456036820442,-0.319207689627099,0.0887196679353764,0.502681080451302,0.0907577272268488,0.233877472755938
"dlm","SH","lower",0.838003479688417,0.00151698529395612,-0.319207689627099,0.0887196679353764,0.502681080451302,0.0907577272268488,0.233877472755938
"dlm","SH","lower",0.841940225657746,0.00136967151068855,-0.319207689627099,0.0887196679353764,0.502681080451302,0.0907577272268488,0.233877472755938
"dlm","SH","lower",0.845876971627074,0.00122709104601122,-0.319207689627099,0.0887196679353764,0.502681080451302,0.0907577272268488,0.233877472755938
"dlm","SH","lower",0.849813717596402,0.00108551745774763,-0.319207689627099,0.0887196679353764,0.502681080451302,0.0907577272268488,0.233877472755938
"dlm","SH","lower",0.85375046356573,0.0009571805101516,-0.319207689627099,0.0887196679353764,0.502681080451302,0.0907577272268488,0.233877472755938
"dlm","SH","lower",0.857687209535058,0.000851579791980366,-0.319207689627099,0.0887196679353764,0.502681080451302,0.0907577272268488,0.233877472755938
"dlm","SH","lower",0.861623955504387,0.000772792665549715,-0.319207689627099,0.0887196679353764,0.502681080451302,0.0907577272268488,0.233877472755938
"dlm","SH","lower",0.865560701473715,0.000719776720834161,-0.319207689627099,0.0887196679353764,0.502681080451302,0.0907577272268488,0.233877472755938
"dlm","SH","lower",0.869497447443043,0.000675722464088439,-0.319207689627099,0.0887196679353764,0.502681080451302,0.0907577272268488,0.233877472755938
"dlm","SH","lower",0.873434193412371,0.000622261198753108,-0.319207689627099,0.0887196679353764,0.502681080451302,0.0907577272268488,0.233877472755938
"dlm","SH","lower",0.877370939381699,0.00055551146207742,-0.319207689627099,0.0887196679353764,0.502681080451302,0.0907577272268488,0.233877472755938
"dlm","SH","lower",0.881307685351027,0.000485268914901392,-0.319207689627099,0.0887196679353764,0.502681080451302,0.0907577272268488,0.233877472755938
"dlm","SH","lower",0.885244431320356,0.000426898485791746,-0.319207689627099,0.0887196679353764,0.502681080451302,0.0907577272268488,0.233877472755938
"dlm","SH","lower",0.889181177289684,0.000385392478967111,-0.319207689627099,0.0887196679353764,0.502681080451302,0.0907577272268488,0.233877472755938
"dlm","SH","lower",0.893117923259012,0.000350094482156021,-0.319207689627099,0.0887196679353764,0.502681080451302,0.0907577272268488,0.233877472755938
"dlm","SH","lower",0.89705466922834,0.000311656965127437,-0.319207689627099,0.0887196679353764,0.502681080451302,0.0907577272268488,0.233877472755938
"dlm","SH","lower",0.900991415197668,0.000274281481707661,-0.319207689627099,0.0887196679353764,0.502681080451302,0.0907577272268488,0.233877472755938
"dlm","SH","lower",0.904928161166997,0.000246441002621415,-0.319207689627099,0.0887196679353764,0.502681080451302,0.0907577272268488,0.233877472755938
"dlm","SH","lower",0.908864907136325,0.000230030456985356,-0.319207689627099,0.0887196679353764,0.502681080451302,0.0907577272268488,0.233877472755938
"dlm","SH","lower",0.912801653105653,0.000220121222300002,-0.319207689627099,0.0887196679353764,0.502681080451302,0.0907577272268488,0.233877472755938
"dlm","SH","lower",0.916738399074981,0.000208304428476441,-0.319207689627099,0.0887196679353764,0.502681080451302,0.0907577272268488,0.233877472755938
"dlm","SH","lower",0.920675145044309,0.000188667983629169,-0.319207689627099,0.0887196679353764,0.502681080451302,0.0907577272268488,0.233877472755938
"dlm","SH","lower",0.924611891013637,0.000162883293182891,-0.319207689627099,0.0887196679353764,0.502681080451302,0.0907577272268488,0.233877472755938
"dlm","SH","lower",0.928548636982966,0.00013837707175919,-0.319207689627099,0.0887196679353764,0.502681080451302,0.0907577272268488,0.233877472755938
"dlm","SH","lower",0.932485382952294,0.00012176106430882,-0.319207689627099,0.0887196679353764,0.502681080451302,0.0907577272268488,0.233877472755938
"dlm","SH","lower",0.936422128921622,0.00011302026468326,-0.319207689627099,0.0887196679353764,0.502681080451302,0.0907577272268488,0.233877472755938
"dlm","SH","lower",0.94035887489095,0.000106225951989953,-0.319207689627099,0.0887196679353764,0.502681080451302,0.0907577272268488,0.233877472755938
"dlm","SH","lower",0.944295620860278,9.69440851484587e-05,-0.319207689627099,0.0887196679353764,0.502681080451302,0.0907577272268488,0.233877472755938
"dlm","SH","lower",0.948232366829607,8.60783046654444e-05,-0.319207689627099,0.0887196679353764,0.502681080451302,0.0907577272268488,0.233877472755938
"dlm","SH","lower",0.952169112798935,7.5837203442958e-05,-0.319207689627099,0.0887196679353764,0.502681080451302,0.0907577272268488,0.233877472755938
"dlm","SH","lower",0.956105858768263,6.66683689897005e-05,-0.319207689627099,0.0887196679353764,0.502681080451302,0.0907577272268488,0.233877472755938
"dlm","SH","lower",0.960042604737591,5.89288559678782e-05,-0.319207689627099,0.0887196679353764,0.502681080451302,0.0907577272268488,0.233877472755938
"dlm","SH","lower",0.963979350706919,5.37896824420857e-05,-0.319207689627099,0.0887196679353764,0.502681080451302,0.0907577272268488,0.233877472755938
"dlm","SH","lower",0.967916096676247,5.13282097948172e-05,-0.319207689627099,0.0887196679353764,0.502681080451302,0.0907577272268488,0.233877472755938
"dlm","SH","lower",0.971852842645576,4.92924525526492e-05,-0.319207689627099,0.0887196679353764,0.502681080451302,0.0907577272268488,0.233877472755938
"dlm","SH","lower",0.975789588614904,4.55313879578531e-05,-0.319207689627099,0.0887196679353764,0.502681080451302,0.0907577272268488,0.233877472755938
"dlm","SH","lower",0.979726334584232,4.07607762198432e-05,-0.319207689627099,0.0887196679353764,0.502681080451302,0.0907577272268488,0.233877472755938
"dlm","SH","lower",0.98366308055356,3.64794577531058e-05,-0.319207689627099,0.0887196679353764,0.502681080451302,0.0907577272268488,0.233877472755938
"dlm","SH","lower",0.987599826522888,3.21442888388395e-05,-0.319207689627099,0.0887196679353764,0.502681080451302,0.0907577272268488,0.233877472755938
"dlm","SH","lower",0.991536572492217,2.71087212455044e-05,-0.319207689627099,0.0887196679353764,0.502681080451302,0.0907577272268488,0.233877472755938
"dlm","SH","lower",0.995473318461545,2.25462772969239e-05,-0.319207689627099,0.0887196679353764,0.502681080451302,0.0907577272268488,0.233877472755938
"dlm","SH","lower",0.999410064430873,2.01335305471167e-05,-0.319207689627099,0.0887196679353764,0.502681080451302,0.0907577272268488,0.233877472755938
"dlm","SH","lower",1.0033468104002,2.02071969808297e-05,-0.319207689627099,0.0887196679353764,0.502681080451302,0.0907577272268488,0.233877472755938
"dlm","SH","lower",1.00728355636953,2.09100145422668e-05,-0.319207689627099,0.0887196679353764,0.502681080451302,0.0907577272268488,0.233877472755938
"dlm","SH","lower",1.01122030233886,1.99100661664497e-05,-0.319207689627099,0.0887196679353764,0.502681080451302,0.0907577272268488,0.233877472755938
"dlm","SH","lower",1.01515704830819,1.749374363242e-05,-0.319207689627099,0.0887196679353764,0.502681080451302,0.0907577272268488,0.233877472755938
"dlm","SH","lower",1.01909379427751,1.52943699196158e-05,-0.319207689627099,0.0887196679353764,0.502681080451302,0.0907577272268488,0.233877472755938
"dlm","SH","lower",1.02303054024684,1.28834728206356e-05,-0.319207689627099,0.0887196679353764,0.502681080451302,0.0907577272268488,0.233877472755938
"dlm","SH","lower",1.02696728621617,9.3935727260261e-06,-0.319207689627099,0.0887196679353764,0.502681080451302,0.0907577272268488,0.233877472755938
"dlm","SH","lower",1.0309040321855,6.32724421175508e-06,-0.319207689627099,0.0887196679353764,0.502681080451302,0.0907577272268488,0.233877472755938
"dlm","SH","lower",1.03484077815483,4.87783982138757e-06,-0.319207689627099,0.0887196679353764,0.502681080451302,0.0907577272268488,0.233877472755938
"dlm","SH","lower",1.03877752412415,4.39148975157187e-06,-0.319207689627099,0.0887196679353764,0.502681080451302,0.0907577272268488,0.233877472755938
"dlm","SH","lower",1.04271427009348,4.26081786336674e-06,-0.319207689627099,0.0887196679353764,0.502681080451302,0.0907577272268488,0.233877472755938
"dlm","SH","lower",1.04665101606281,4.17887795435313e-06,-0.319207689627099,0.0887196679353764,0.502681080451302,0.0907577272268488,0.233877472755938
"dlm","SH","lower",1.05058776203214,3.71983617936207e-06,-0.319207689627099,0.0887196679353764,0.502681080451302,0.0907577272268488,0.233877472755938
"dlm","SH","lower",1.05452450800147,2.68752549302117e-06,-0.319207689627099,0.0887196679353764,0.502681080451302,0.0907577272268488,0.233877472755938
"dlm","SH","lower",1.0584612539708,1.43630740595728e-06,-0.319207689627099,0.0887196679353764,0.502681080451302,0.0907577272268488,0.233877472755938
"dlm","SH","lower",1.06239799994012,5.34437814849614e-07,-0.319207689627099,0.0887196679353764,0.502681080451302,0.0907577272268488,0.233877472755938
"dlm","SH","lower",1.06633474590945,1.34228778867154e-07,-0.319207689627099,0.0887196679353764,0.502681080451302,0.0907577272268488,0.233877472755938
"dlm","SH","lower",1.07027149187878,2.22524514009481e-08,-0.319207689627099,0.0887196679353764,0.502681080451302,0.0907577272268488,0.233877472755938
"dlm","SH","upper",-0.669909501386771,6.49916334408036e-08,-0.223275198608521,0.093400629798619,0.560749265058391,0.113010746634368,0.230455423561515
"dlm","SH","upper",-0.664064083200301,3.53352425268047e-07,-0.223275198608521,0.093400629798619,0.560749265058391,0.113010746634368,0.230455423561515
"dlm","SH","upper",-0.658218665013832,8.32801765127816e-07,-0.223275198608521,0.093400629798619,0.560749265058391,0.113010746634368,0.230455423561515
"dlm","SH","upper",-0.652373246827362,8.94925551410284e-07,-0.223275198608521,0.093400629798619,0.560749265058391,0.113010746634368,0.230455423561515
"dlm","SH","upper",-0.646527828640893,7.53601397252689e-07,-0.223275198608521,0.093400629798619,0.560749265058391,0.113010746634368,0.230455423561515
"dlm","SH","upper",-0.640682410454423,1.2715260279941e-06,-0.223275198608521,0.093400629798619,0.560749265058391,0.113010746634368,0.230455423561515
"dlm","SH","upper",-0.634836992267954,2.0378071381444e-06,-0.223275198608521,0.093400629798619,0.560749265058391,0.113010746634368,0.230455423561515
"dlm","SH","upper",-0.628991574081484,2.40222267771408e-06,-0.223275198608521,0.093400629798619,0.560749265058391,0.113010746634368,0.230455423561515
"dlm","SH","upper",-0.623146155895015,1.57707244654224e-06,-0.223275198608521,0.093400629798619,0.560749265058391,0.113010746634368,0.230455423561515
"dlm","SH","upper",-0.617300737708545,1.91307367966878e-06,-0.223275198608521,0.093400629798619,0.560749265058391,0.113010746634368,0.230455423561515
"dlm","SH","upper",-0.611455319522076,2.78794455948349e-06,-0.223275198608521,0.093400629798619,0.560749265058391,0.113010746634368,0.230455423561515
"dlm","SH","upper",-0.605609901335606,4.9479090649037e-06,-0.223275198608521,0.093400629798619,0.560749265058391,0.113010746634368,0.230455423561515
"dlm","SH","upper",-0.599764483149137,8.37413888009268e-06,-0.223275198608521,0.093400629798619,0.560749265058391,0.113010746634368,0.230455423561515
"dlm","SH","upper",-0.593919064962667,1.06581867847238e-05,-0.223275198608521,0.093400629798619,0.560749265058391,0.113010746634368,0.230455423561515
"dlm","SH","upper",-0.588073646776198,1.37450728112725e-05,-0.223275198608521,0.093400629798619,0.560749265058391,0.113010746634368,0.230455423561515
"dlm","SH","upper",-0.582228228589728,1.50523534268351e-05,-0.223275198608521,0.093400629798619,0.560749265058391,0.113010746634368,0.230455423561515
"dlm","SH","upper",-0.576382810403259,2.05219673121621e-05,-0.223275198608521,0.093400629798619,0.560749265058391,0.113010746634368,0.230455423561515
"dlm","SH","upper",-0.570537392216789,2.52008480897416e-05,-0.223275198608521,0.093400629798619,0.560749265058391,0.113010746634368,0.230455423561515
"dlm","SH","upper",-0.56469197403032,2.6476997800706e-05,-0.223275198608521,0.093400629798619,0.560749265058391,0.113010746634368,0.230455423561515
"dlm","SH","upper",-0.55884655584385,3.22746322187438e-05,-0.223275198608521,0.093400629798619,0.560749265058391,0.113010746634368,0.230455423561515
"dlm","SH","upper",-0.553001137657381,4.65117939306352e-05,-0.223275198608521,0.093400629798619,0.560749265058391,0.113010746634368,0.230455423561515
"dlm","SH","upper",-0.547155719470911,5.92419572284036e-05,-0.223275198608521,0.093400629798619,0.560749265058391,0.113010746634368,0.230455423561515
"dlm","SH","upper",-0.541310301284442,7.09688347770702e-05,-0.223275198608521,0.093400629798619,0.560749265058391,0.113010746634368,0.230455423561515
"dlm","SH","upper",-0.535464883097972,9.88509443605327e-05,-0.223275198608521,0.093400629798619,0.560749265058391,0.113010746634368,0.230455423561515
"dlm","SH","upper",-0.529619464911503,0.000144678314166,-0.223275198608521,0.093400629798619,0.560749265058391,0.113010746634368,0.230455423561515
"dlm","SH","upper",-0.523774046725033,0.000212322091823781,-0.223275198608521,0.093400629798619,0.560749265058391,0.113010746634368,0.230455423561515
"dlm","SH","upper",-0.517928628538564,0.000293237524169682,-0.223275198608521,0.093400629798619,0.560749265058391,0.113010746634368,0.230455423561515
"dlm","SH","upper",-0.512083210352094,0.000376244223151999,-0.223275198608521,0.093400629798619,0.560749265058391,0.113010746634368,0.230455423561515
"dlm","SH","upper",-0.506237792165624,0.000483413967736672,-0.223275198608521,0.093400629798619,0.560749265058391,0.113010746634368,0.230455423561515
"dlm","SH","upper",-0.500392373979155,0.000617311981576416,-0.223275198608521,0.093400629798619,0.560749265058391,0.113010746634368,0.230455423561515
"dlm","SH","upper",-0.494546955792685,0.000784103510134356,-0.223275198608521,0.093400629798619,0.560749265058391,0.113010746634368,0.230455423561515
"dlm","SH","upper",-0.488701537606216,0.000951129139848165,-0.223275198608521,0.093400629798619,0.560749265058391,0.113010746634368,0.230455423561515
"dlm","SH","upper",-0.482856119419746,0.00111204022504203,-0.223275198608521,0.093400629798619,0.560749265058391,0.113010746634368,0.230455423561515
"dlm","SH","upper",-0.477010701233277,0.00130867623495579,-0.223275198608521,0.093400629798619,0.560749265058391,0.113010746634368,0.230455423561515
"dlm","SH","upper",-0.471165283046807,0.00156149437537463,-0.223275198608521,0.093400629798619,0.560749265058391,0.113010746634368,0.230455423561515
"dlm","SH","upper",-0.465319864860338,0.00185234048190588,-0.223275198608521,0.093400629798619,0.560749265058391,0.113010746634368,0.230455423561515
"dlm","SH","upper",-0.459474446673868,0.00220764144209545,-0.223275198608521,0.093400629798619,0.560749265058391,0.113010746634368,0.230455423561515
"dlm","SH","upper",-0.453629028487399,0.00266572655862441,-0.223275198608521,0.093400629798619,0.560749265058391,0.113010746634368,0.230455423561515
"dlm","SH","upper",-0.447783610300929,0.00321641401345699,-0.223275198608521,0.093400629798619,0.560749265058391,0.113010746634368,0.230455423561515
"dlm","SH","upper",-0.44193819211446,0.00389457795384594,-0.223275198608521,0.093400629798619,0.560749265058391,0.113010746634368,0.230455423561515
"dlm","SH","upper",-0.43609277392799,0.00477117504981519,-0.223275198608521,0.093400629798619,0.560749265058391,0.113010746634368,0.230455423561515
"dlm","SH","upper",-0.430247355741521,0.00571807995044869,-0.223275198608521,0.093400629798619,0.560749265058391,0.113010746634368,0.230455423561515
"dlm","SH","upper",-0.424401937555051,0.0066311240895396,-0.223275198608521,0.093400629798619,0.560749265058391,0.113010746634368,0.230455423561515
"dlm","SH","upper",-0.418556519368582,0.00761545563451617,-0.223275198608521,0.093400629798619,0.560749265058391,0.113010746634368,0.230455423561515
"dlm","SH","upper",-0.412711101182112,0.00880467949289195,-0.223275198608521,0.093400629798619,0.560749265058391,0.113010746634368,0.230455423561515
"dlm","SH","upper",-0.406865682995643,0.0102265884307082,-0.223275198608521,0.093400629798619,0.560749265058391,0.113010746634368,0.230455423561515
"dlm","SH","upper",-0.401020264809173,0.0118466004946806,-0.223275198608521,0.093400629798619,0.560749265058391,0.113010746634368,0.230455423561515
"dlm","SH","upper",-0.395174846622704,0.0138066467643478,-0.223275198608521,0.093400629798619,0.560749265058391,0.113010746634368,0.230455423561515
"dlm","SH","upper",-0.389329428436234,0.016155830582572,-0.223275198608521,0.093400629798619,0.560749265058391,0.113010746634368,0.230455423561515
"dlm","SH","upper",-0.383484010249765,0.0188530862011405,-0.223275198608521,0.093400629798619,0.560749265058391,0.113010746634368,0.230455423561515
"dlm","SH","upper",-0.377638592063295,0.0219728606753687,-0.223275198608521,0.093400629798619,0.560749265058391,0.113010746634368,0.230455423561515
"dlm","SH","upper",-0.371793173876826,0.0256101208387756,-0.223275198608521,0.093400629798619,0.560749265058391,0.113010746634368,0.230455423561515
"dlm","SH","upper",-0.365947755690356,0.0298300714390356,-0.223275198608521,0.093400629798619,0.560749265058391,0.113010746634368,0.230455423561515
"dlm","SH","upper",-0.360102337503887,0.0346073118671952,-0.223275198608521,0.093400629798619,0.560749265058391,0.113010746634368,0.230455423561515
"dlm","SH","upper",-0.354256919317417,0.0398300318843214,-0.223275198608521,0.093400629798619,0.560749265058391,0.113010746634368,0.230455423561515
"dlm","SH","upper",-0.348411501130948,0.0454791636786547,-0.223275198608521,0.093400629798619,0.560749265058391,0.113010746634368,0.230455423561515
"dlm","SH","upper",-0.342566082944478,0.0517213964177663,-0.223275198608521,0.093400629798619,0.560749265058391,0.113010746634368,0.230455423561515
"dlm","SH","upper",-0.336720664758009,0.058849541738897,-0.223275198608521,0.093400629798619,0.560749265058391,0.113010746634368,0.230455423561515
"dlm","SH","upper",-0.330875246571539,0.0669346549021477,-0.223275198608521,0.093400629798619,0.560749265058391,0.113010746634368,0.230455423561515
"dlm","SH","upper",-0.32502982838507,0.0758783450906667,-0.223275198608521,0.093400629798619,0.560749265058391,0.113010746634368,0.230455423561515
"dlm","SH","upper",-0.3191844101986,0.085705976628783,-0.223275198608521,0.093400629798619,0.560749265058391,0.113010746634368,0.230455423561515
"dlm","SH","upper",-0.313338992012131,0.0964100298405307,-0.223275198608521,0.093400629798619,0.560749265058391,0.113010746634368,0.230455423561515
"dlm","SH","upper",-0.307493573825661,0.108053143053472,-0.223275198608521,0.093400629798619,0.560749265058391,0.113010746634368,0.230455423561515
"dlm","SH","upper",-0.301648155639192,0.120786724379625,-0.223275198608521,0.093400629798619,0.560749265058391,0.113010746634368,0.230455423561515
"dlm","SH","upper",-0.295802737452722,0.134772879551861,-0.223275198608521,0.093400629798619,0.560749265058391,0.113010746634368,0.230455423561515
"dlm","SH","upper",-0.289957319266253,0.150140467409301,-0.223275198608521,0.093400629798619,0.560749265058391,0.113010746634368,0.230455423561515
"dlm","SH","upper",-0.284111901079783,0.166811835459639,-0.223275198608521,0.093400629798619,0.560749265058391,0.113010746634368,0.230455423561515
"dlm","SH","upper",-0.278266482893314,0.184874973105527,-0.223275198608521,0.093400629798619,0.560749265058391,0.113010746634368,0.230455423561515
"dlm","SH","upper",-0.272421064706844,0.204365722764161,-0.223275198608521,0.093400629798619,0.560749265058391,0.113010746634368,0.230455423561515
"dlm","SH","upper",-0.266575646520375,0.224891461724008,-0.223275198608521,0.093400629798619,0.560749265058391,0.113010746634368,0.230455423561515
"dlm","SH","upper",-0.260730228333905,0.246657378305108,-0.223275198608521,0.093400629798619,0.560749265058391,0.113010746634368,0.230455423561515
"dlm","SH","upper",-0.254884810147435,0.270166307975137,-0.223275198608521,0.093400629798619,0.560749265058391,0.113010746634368,0.230455423561515
"dlm","SH","upper",-0.249039391960966,0.295423148855996,-0.223275198608521,0.093400629798619,0.560749265058391,0.113010746634368,0.230455423561515
"dlm","SH","upper",-0.243193973774496,0.32226332190713,-0.223275198608521,0.093400629798619,0.560749265058391,0.113010746634368,0.230455423561515
"dlm","SH","upper",-0.237348555588027,0.350417726529085,-0.223275198608521,0.093400629798619,0.560749265058391,0.113010746634368,0.230455423561515
"dlm","SH","upper",-0.231503137401557,0.380399113946954,-0.223275198608521,0.093400629798619,0.560749265058391,0.113010746634368,0.230455423561515
"dlm","SH","upper",-0.225657719215088,0.412667798993455,-0.223275198608521,0.093400629798619,0.560749265058391,0.113010746634368,0.230455423561515
"dlm","SH","upper",-0.219812301028618,0.446046327192153,-0.223275198608521,0.093400629798619,0.560749265058391,0.113010746634368,0.230455423561515
"dlm","SH","upper",-0.213966882842149,0.480406753248507,-0.223275198608521,0.093400629798619,0.560749265058391,0.113010746634368,0.230455423561515
"dlm","SH","upper",-0.208121464655679,0.516449556294014,-0.223275198608521,0.093400629798619,0.560749265058391,0.113010746634368,0.230455423561515
"dlm","SH","upper",-0.20227604646921,0.553841765969776,-0.223275198608521,0.093400629798619,0.560749265058391,0.113010746634368,0.230455423561515
"dlm","SH","upper",-0.19643062828274,0.592941236043065,-0.223275198608521,0.093400629798619,0.560749265058391,0.113010746634368,0.230455423561515
"dlm","SH","upper",-0.190585210096271,0.633475499861218,-0.223275198608521,0.093400629798619,0.560749265058391,0.113010746634368,0.230455423561515
"dlm","SH","upper",-0.184739791909801,0.675301613262229,-0.223275198608521,0.093400629798619,0.560749265058391,0.113010746634368,0.230455423561515
"dlm","SH","upper",-0.178894373723332,0.71836258599155,-0.223275198608521,0.093400629798619,0.560749265058391,0.113010746634368,0.230455423561515
"dlm","SH","upper",-0.173048955536862,0.761728986962306,-0.223275198608521,0.093400629798619,0.560749265058391,0.113010746634368,0.230455423561515
"dlm","SH","upper",-0.167203537350393,0.805580576067413,-0.223275198608521,0.093400629798619,0.560749265058391,0.113010746634368,0.230455423561515
"dlm","SH","upper",-0.161358119163923,0.850831529528577,-0.223275198608521,0.093400629798619,0.560749265058391,0.113010746634368,0.230455423561515
"dlm","SH","upper",-0.155512700977454,0.89759359099614,-0.223275198608521,0.093400629798619,0.560749265058391,0.113010746634368,0.230455423561515
"dlm","SH","upper",-0.149667282790984,0.946220669248597,-0.223275198608521,0.093400629798619,0.560749265058391,0.113010746634368,0.230455423561515
"dlm","SH","upper",-0.143821864604515,0.995885399626565,-0.223275198608521,0.093400629798619,0.560749265058391,0.113010746634368,0.230455423561515
"dlm","SH","upper",-0.137976446418045,1.04628901131776,-0.223275198608521,0.093400629798619,0.560749265058391,0.113010746634368,0.230455423561515
"dlm","SH","upper",-0.132131028231576,1.09737455329165,-0.223275198608521,0.093400629798619,0.560749265058391,0.113010746634368,0.230455423561515
"dlm","SH","upper",-0.126285610045106,1.14829221751096,-0.223275198608521,0.093400629798619,0.560749265058391,0.113010746634368,0.230455423561515
"dlm","SH","upper",-0.120440191858637,1.1984526808275,-0.223275198608521,0.093400629798619,0.560749265058391,0.113010746634368,0.230455423561515
"dlm","SH","upper",-0.114594773672167,1.24818631312334,-0.223275198608521,0.093400629798619,0.560749265058391,0.113010746634368,0.230455423561515
"dlm","SH","upper",-0.108749355485698,1.29830197138359,-0.223275198608521,0.093400629798619,0.560749265058391,0.113010746634368,0.230455423561515
"dlm","SH","upper",-0.102903937299228,1.34890935491798,-0.223275198608521,0.093400629798619,0.560749265058391,0.113010746634368,0.230455423561515
"dlm","SH","upper",-0.0970585191127586,1.39949078109449,-0.223275198608521,0.093400629798619,0.560749265058391,0.113010746634368,0.230455423561515
"dlm","SH","upper",-0.0912131009262891,1.44725217694386,-0.223275198608521,0.093400629798619,0.560749265058391,0.113010746634368,0.230455423561515
"dlm","SH","upper",-0.0853676827398197,1.4923835460221,-0.223275198608521,0.093400629798619,0.560749265058391,0.113010746634368,0.230455423561515
"dlm","SH","upper",-0.0795222645533501,1.53874368192794,-0.223275198608521,0.093400629798619,0.560749265058391,0.113010746634368,0.230455423561515
"dlm","SH","upper",-0.0736768463668805,1.58641585774388,-0.223275198608521,0.093400629798619,0.560749265058391,0.113010746634368,0.230455423561515
"dlm","SH","upper",-0.0678314281804111,1.63247786145755,-0.223275198608521,0.093400629798619,0.560749265058391,0.113010746634368,0.230455423561515
"dlm","SH","upper",-0.0619860099939415,1.6745706621252,-0.223275198608521,0.093400629798619,0.560749265058391,0.113010746634368,0.230455423561515
"dlm","SH","upper",-0.0561405918074721,1.71431895136067,-0.223275198608521,0.093400629798619,0.560749265058391,0.113010746634368,0.230455423561515
"dlm","SH","upper",-0.0502951736210026,1.75210702600941,-0.223275198608521,0.093400629798619,0.560749265058391,0.113010746634368,0.230455423561515
"dlm","SH","upper",-0.044449755434533,1.78928453435186,-0.223275198608521,0.093400629798619,0.560749265058391,0.113010746634368,0.230455423561515
"dlm","SH","upper",-0.0386043372480636,1.82536223537051,-0.223275198608521,0.093400629798619,0.560749265058391,0.113010746634368,0.230455423561515
"dlm","SH","upper",-0.032758919061594,1.85868033868464,-0.223275198608521,0.093400629798619,0.560749265058391,0.113010746634368,0.230455423561515
"dlm","SH","upper",-0.0269135008751245,1.88843230386042,-0.223275198608521,0.093400629798619,0.560749265058391,0.113010746634368,0.230455423561515
"dlm","SH","upper",-0.021068082688655,1.91695471057105,-0.223275198608521,0.093400629798619,0.560749265058391,0.113010746634368,0.230455423561515
"dlm","SH","upper",-0.0152226645021855,1.94525141483568,-0.223275198608521,0.093400629798619,0.560749265058391,0.113010746634368,0.230455423561515
"dlm","SH","upper",-0.0093772463157159,1.97243276705889,-0.223275198608521,0.093400629798619,0.560749265058391,0.113010746634368,0.230455423561515
"dlm","SH","upper",-0.00353182812924646,1.99639572267702,-0.223275198608521,0.093400629798619,0.560749265058391,0.113010746634368,0.230455423561515
"dlm","SH","upper",0.00231359005722309,2.01751968810219,-0.223275198608521,0.093400629798619,0.560749265058391,0.113010746634368,0.230455423561515
"dlm","SH","upper",0.00815900824369253,2.03618314050558,-0.223275198608521,0.093400629798619,0.560749265058391,0.113010746634368,0.230455423561515
"dlm","SH","upper",0.0140044264301621,2.05247954587944,-0.223275198608521,0.093400629798619,0.560749265058391,0.113010746634368,0.230455423561515
"dlm","SH","upper",0.0198498446166316,2.06674339652427,-0.223275198608521,0.093400629798619,0.560749265058391,0.113010746634368,0.230455423561515
"dlm","SH","upper",0.0256952628031011,2.07925171185539,-0.223275198608521,0.093400629798619,0.560749265058391,0.113010746634368,0.230455423561515
"dlm","SH","upper",0.0315406809895706,2.08954943081236,-0.223275198608521,0.093400629798619,0.560749265058391,0.113010746634368,0.230455423561515
"dlm","SH","upper",0.0373860991760402,2.09834028502746,-0.223275198608521,0.093400629798619,0.560749265058391,0.113010746634368,0.230455423561515
"dlm","SH","upper",0.0432315173625096,2.10539914228538,-0.223275198608521,0.093400629798619,0.560749265058391,0.113010746634368,0.230455423561515
"dlm","SH","upper",0.0490769355489792,2.10964451286012,-0.223275198608521,0.093400629798619,0.560749265058391,0.113010746634368,0.230455423561515
"dlm","SH","upper",0.0549223537354486,2.11079201957338,-0.223275198608521,0.093400629798619,0.560749265058391,0.113010746634368,0.230455423561515
"dlm","SH","upper",0.0607677719219182,2.11008444004284,-0.223275198608521,0.093400629798619,0.560749265058391,0.113010746634368,0.230455423561515
"dlm","SH","upper",0.0666131901083877,2.10696689202802,-0.223275198608521,0.093400629798619,0.560749265058391,0.113010746634368,0.230455423561515
"dlm","SH","upper",0.0724586082948572,2.10149951095097,-0.223275198608521,0.093400629798619,0.560749265058391,0.113010746634368,0.230455423561515
"dlm","SH","upper",0.0783040264813267,2.09442899203895,-0.223275198608521,0.093400629798619,0.560749265058391,0.113010746634368,0.230455423561515
"dlm","SH","upper",0.0841494446677963,2.08555433010965,-0.223275198608521,0.093400629798619,0.560749265058391,0.113010746634368,0.230455423561515
"dlm","SH","upper",0.0899948628542657,2.07508940143841,-0.223275198608521,0.093400629798619,0.560749265058391,0.113010746634368,0.230455423561515
"dlm","SH","upper",0.0958402810407353,2.06404139311133,-0.223275198608521,0.093400629798619,0.560749265058391,0.113010746634368,0.230455423561515
"dlm","SH","upper",0.101685699227205,2.05017366221364,-0.223275198608521,0.093400629798619,0.560749265058391,0.113010746634368,0.230455423561515
"dlm","SH","upper",0.107531117413674,2.03262401325363,-0.223275198608521,0.093400629798619,0.560749265058391,0.113010746634368,0.230455423561515
"dlm","SH","upper",0.113376535600144,2.01362729751011,-0.223275198608521,0.093400629798619,0.560749265058391,0.113010746634368,0.230455423561515
"dlm","SH","upper",0.119221953786613,1.99356391334829,-0.223275198608521,0.093400629798619,0.560749265058391,0.113010746634368,0.230455423561515
"dlm","SH","upper",0.125067371973083,1.97299595098408,-0.223275198608521,0.093400629798619,0.560749265058391,0.113010746634368,0.230455423561515
"dlm","SH","upper",0.130912790159552,1.95267585301476,-0.223275198608521,0.093400629798619,0.560749265058391,0.113010746634368,0.230455423561515
"dlm","SH","upper",0.136758208346022,1.93112777465027,-0.223275198608521,0.093400629798619,0.560749265058391,0.113010746634368,0.230455423561515
"dlm","SH","upper",0.142603626532491,1.9073459433668,-0.223275198608521,0.093400629798619,0.560749265058391,0.113010746634368,0.230455423561515
"dlm","SH","upper",0.148449044718961,1.88201939292458,-0.223275198608521,0.093400629798619,0.560749265058391,0.113010746634368,0.230455423561515
"dlm","SH","upper",0.15429446290543,1.85565759696785,-0.223275198608521,0.093400629798619,0.560749265058391,0.113010746634368,0.230455423561515
"dlm","SH","upper",0.1601398810919,1.8277087415833,-0.223275198608521,0.093400629798619,0.560749265058391,0.113010746634368,0.230455423561515
"dlm","SH","upper",0.165985299278369,1.79810052062061,-0.223275198608521,0.093400629798619,0.560749265058391,0.113010746634368,0.230455423561515
"dlm","SH","upper",0.171830717464839,1.7681497721101,-0.223275198608521,0.093400629798619,0.560749265058391,0.113010746634368,0.230455423561515
"dlm","SH","upper",0.177676135651308,1.73840100823239,-0.223275198608521,0.093400629798619,0.560749265058391,0.113010746634368,0.230455423561515
"dlm","SH","upper",0.183521553837778,1.70853888525711,-0.223275198608521,0.093400629798619,0.560749265058391,0.113010746634368,0.230455423561515
"dlm","SH","upper",0.189366972024247,1.67792717972885,-0.223275198608521,0.093400629798619,0.560749265058391,0.113010746634368,0.230455423561515
"dlm","SH","upper",0.195212390210717,1.64642600170251,-0.223275198608521,0.093400629798619,0.560749265058391,0.113010746634368,0.230455423561515
"dlm","SH","upper",0.201057808397186,1.61435952511115,-0.223275198608521,0.093400629798619,0.560749265058391,0.113010746634368,0.230455423561515
"dlm","SH","upper",0.206903226583656,1.58198805799937,-0.223275198608521,0.093400629798619,0.560749265058391,0.113010746634368,0.230455423561515
"dlm","SH","upper",0.212748644770126,1.55076454033435,-0.223275198608521,0.093400629798619,0.560749265058391,0.113010746634368,0.230455423561515
"dlm","SH","upper",0.218594062956595,1.52028789172113,-0.223275198608521,0.093400629798619,0.560749265058391,0.113010746634368,0.230455423561515
"dlm","SH","upper",0.224439481143065,1.48889055325087,-0.223275198608521,0.093400629798619,0.560749265058391,0.113010746634368,0.230455423561515
"dlm","SH","upper",0.230284899329534,1.45656875991203,-0.223275198608521,0.093400629798619,0.560749265058391,0.113010746634368,0.230455423561515
"dlm","SH","upper",0.236130317516004,1.42383455397133,-0.223275198608521,0.093400629798619,0.560749265058391,0.113010746634368,0.230455423561515
"dlm","SH","upper",0.241975735702473,1.39033911517319,-0.223275198608521,0.093400629798619,0.560749265058391,0.113010746634368,0.230455423561515
"dlm","SH","upper",0.247821153888943,1.3565617309974,-0.223275198608521,0.093400629798619,0.560749265058391,0.113010746634368,0.230455423561515
"dlm","SH","upper",0.253666572075412,1.32320866407878,-0.223275198608521,0.093400629798619,0.560749265058391,0.113010746634368,0.230455423561515
"dlm","SH","upper",0.259511990261882,1.29097506765857,-0.223275198608521,0.093400629798619,0.560749265058391,0.113010746634368,0.230455423561515
"dlm","SH","upper",0.265357408448351,1.25823102272347,-0.223275198608521,0.093400629798619,0.560749265058391,0.113010746634368,0.230455423561515
"dlm","SH","upper",0.271202826634821,1.22488136396836,-0.223275198608521,0.093400629798619,0.560749265058391,0.113010746634368,0.230455423561515
"dlm","SH","upper",0.27704824482129,1.19194395461892,-0.223275198608521,0.093400629798619,0.560749265058391,0.113010746634368,0.230455423561515
"dlm","SH","upper",0.28289366300776,1.15964992604327,-0.223275198608521,0.093400629798619,0.560749265058391,0.113010746634368,0.230455423561515
"dlm","SH","upper",0.288739081194229,1.12785922410662,-0.223275198608521,0.093400629798619,0.560749265058391,0.113010746634368,0.230455423561515
"dlm","SH","upper",0.294584499380699,1.09485270212634,-0.223275198608521,0.093400629798619,0.560749265058391,0.113010746634368,0.230455423561515
"dlm","SH","upper",0.300429917567168,1.06181875156164,-0.223275198608521,0.093400629798619,0.560749265058391,0.113010746634368,0.230455423561515
"dlm","SH","upper",0.306275335753638,1.03030645516243,-0.223275198608521,0.093400629798619,0.560749265058391,0.113010746634368,0.230455423561515
"dlm","SH","upper",0.312120753940107,1.00014140795972,-0.223275198608521,0.093400629798619,0.560749265058391,0.113010746634368,0.230455423561515
"dlm","SH","upper",0.317966172126577,0.970540581054282,-0.223275198608521,0.093400629798619,0.560749265058391,0.113010746634368,0.230455423561515
"dlm","SH","upper",0.323811590313046,0.940723652331204,-0.223275198608521,0.093400629798619,0.560749265058391,0.113010746634368,0.230455423561515
"dlm","SH","upper",0.329657008499516,0.910248042140952,-0.223275198608521,0.093400629798619,0.560749265058391,0.113010746634368,0.230455423561515
"dlm","SH","upper",0.335502426685985,0.879997743421832,-0.223275198608521,0.093400629798619,0.560749265058391,0.113010746634368,0.230455423561515
"dlm","SH","upper",0.341347844872455,0.851555688307349,-0.223275198608521,0.093400629798619,0.560749265058391,0.113010746634368,0.230455423561515
"dlm","SH","upper",0.347193263058924,0.824545963417853,-0.223275198608521,0.093400629798619,0.560749265058391,0.113010746634368,0.230455423561515
"dlm","SH","upper",0.353038681245394,0.798337800836098,-0.223275198608521,0.093400629798619,0.560749265058391,0.113010746634368,0.230455423561515
"dlm","SH","upper",0.358884099431863,0.772011058748716,-0.223275198608521,0.093400629798619,0.560749265058391,0.113010746634368,0.230455423561515
"dlm","SH","upper",0.364729517618333,0.745407626657392,-0.223275198608521,0.093400629798619,0.560749265058391,0.113010746634368,0.230455423561515
"dlm","SH","upper",0.370574935804802,0.71946130857897,-0.223275198608521,0.093400629798619,0.560749265058391,0.113010746634368,0.230455423561515
"dlm","SH","upper",0.376420353991272,0.693783998431375,-0.223275198608521,0.093400629798619,0.560749265058391,0.113010746634368,0.230455423561515
"dlm","SH","upper",0.382265772177741,0.669182918203431,-0.223275198608521,0.093400629798619,0.560749265058391,0.113010746634368,0.230455423561515
"dlm","SH","upper",0.388111190364211,0.6449010022794,-0.223275198608521,0.093400629798619,0.560749265058391,0.113010746634368,0.230455423561515
"dlm","SH","upper",0.39395660855068,0.621101878456116,-0.223275198608521,0.093400629798619,0.560749265058391,0.113010746634368,0.230455423561515
"dlm","SH","upper",0.39980202673715,0.598870218075128,-0.223275198608521,0.093400629798619,0.560749265058391,0.113010746634368,0.230455423561515
"dlm","SH","upper",0.405647444923619,0.578903776089109,-0.223275198608521,0.093400629798619,0.560749265058391,0.113010746634368,0.230455423561515
"dlm","SH","upper",0.411492863110089,0.559463771934118,-0.223275198608521,0.093400629798619,0.560749265058391,0.113010746634368,0.230455423561515
"dlm","SH","upper",0.417338281296558,0.538557377943874,-0.223275198608521,0.093400629798619,0.560749265058391,0.113010746634368,0.230455423561515
"dlm","SH","upper",0.423183699483028,0.517428642043012,-0.223275198608521,0.093400629798619,0.560749265058391,0.113010746634368,0.230455423561515
"dlm","SH","upper",0.429029117669497,0.49677928357779,-0.223275198608521,0.093400629798619,0.560749265058391,0.113010746634368,0.230455423561515
"dlm","SH","upper",0.434874535855967,0.477045231285125,-0.223275198608521,0.093400629798619,0.560749265058391,0.113010746634368,0.230455423561515
"dlm","SH","upper",0.440719954042436,0.458579502416351,-0.223275198608521,0.093400629798619,0.560749265058391,0.113010746634368,0.230455423561515
"dlm","SH","upper",0.446565372228906,0.44109872032206,-0.223275198608521,0.093400629798619,0.560749265058391,0.113010746634368,0.230455423561515
"dlm","SH","upper",0.452410790415376,0.424618141210991,-0.223275198608521,0.093400629798619,0.560749265058391,0.113010746634368,0.230455423561515
"dlm","SH","upper",0.458256208601845,0.408570216816542,-0.223275198608521,0.093400629798619,0.560749265058391,0.113010746634368,0.230455423561515
"dlm","SH","upper",0.464101626788314,0.39283895997546,-0.223275198608521,0.093400629798619,0.560749265058391,0.113010746634368,0.230455423561515
"dlm","SH","upper",0.469947044974784,0.377967502401184,-0.223275198608521,0.093400629798619,0.560749265058391,0.113010746634368,0.230455423561515
"dlm","SH","upper",0.475792463161254,0.363393085453083,-0.223275198608521,0.093400629798619,0.560749265058391,0.113010746634368,0.230455423561515
"dlm","SH","upper",0.481637881347723,0.348676594665918,-0.223275198608521,0.093400629798619,0.560749265058391,0.113010746634368,0.230455423561515
"dlm","SH","upper",0.487483299534193,0.333862300883089,-0.223275198608521,0.093400629798619,0.560749265058391,0.113010746634368,0.230455423561515
"dlm","SH","upper",0.493328717720662,0.320176331937891,-0.223275198608521,0.093400629798619,0.560749265058391,0.113010746634368,0.230455423561515
"dlm","SH","upper",0.499174135907132,0.307801421575502,-0.223275198608521,0.093400629798619,0.560749265058391,0.113010746634368,0.230455423561515
"dlm","SH","upper",0.505019554093601,0.29603513787999,-0.223275198608521,0.093400629798619,0.560749265058391,0.113010746634368,0.230455423561515
"dlm","SH","upper",0.510864972280071,0.284329815272154,-0.223275198608521,0.093400629798619,0.560749265058391,0.113010746634368,0.230455423561515
"dlm","SH","upper",0.51671039046654,0.272730707594461,-0.223275198608521,0.093400629798619,0.560749265058391,0.113010746634368,0.230455423561515
"dlm","SH","upper",0.52255580865301,0.261365680054532,-0.223275198608521,0.093400629798619,0.560749265058391,0.113010746634368,0.230455423561515
"dlm","SH","upper",0.528401226839479,0.250546901713708,-0.223275198608521,0.093400629798619,0.560749265058391,0.113010746634368,0.230455423561515
"dlm","SH","upper",0.534246645025949,0.240359362289523,-0.223275198608521,0.093400629798619,0.560749265058391,0.113010746634368,0.230455423561515
"dlm","SH","upper",0.540092063212418,0.230519063853258,-0.223275198608521,0.093400629798619,0.560749265058391,0.113010746634368,0.230455423561515
"dlm","SH","upper",0.545937481398888,0.220862479899048,-0.223275198608521,0.093400629798619,0.560749265058391,0.113010746634368,0.230455423561515
"dlm","SH","upper",0.551782899585357,0.211088275991272,-0.223275198608521,0.093400629798619,0.560749265058391,0.113010746634368,0.230455423561515
"dlm","SH","upper",0.557628317771827,0.201338231850487,-0.223275198608521,0.093400629798619,0.560749265058391,0.113010746634368,0.230455423561515
"dlm","SH","upper",0.563473735958296,0.192216486666364,-0.223275198608521,0.093400629798619,0.560749265058391,0.113010746634368,0.230455423561515
"dlm","SH","upper",0.569319154144766,0.183747878714285,-0.223275198608521,0.093400629798619,0.560749265058391,0.113010746634368,0.230455423561515
"dlm","SH","upper",0.575164572331235,0.175718718002447,-0.223275198608521,0.093400629798619,0.560749265058391,0.113010746634368,0.230455423561515
"dlm","SH","upper",0.581009990517705,0.167986429759908,-0.223275198608521,0.093400629798619,0.560749265058391,0.113010746634368,0.230455423561515
"dlm","SH","upper",0.586855408704174,0.160504924414806,-0.223275198608521,0.093400629798619,0.560749265058391,0.113010746634368,0.230455423561515
"dlm","SH","upper",0.592700826890644,0.153441690471691,-0.223275198608521,0.093400629798619,0.560749265058391,0.113010746634368,0.230455423561515
"dlm","SH","upper",0.598546245077113,0.146842002799441,-0.223275198608521,0.093400629798619,0.560749265058391,0.113010746634368,0.230455423561515
"dlm","SH","upper",0.604391663263583,0.140478349223936,-0.223275198608521,0.093400629798619,0.560749265058391,0.113010746634368,0.230455423561515
"dlm","SH","upper",0.610237081450052,0.134269554697539,-0.223275198608521,0.093400629798619,0.560749265058391,0.113010746634368,0.230455423561515
"dlm","SH","upper",0.616082499636522,0.128414479274685,-0.223275198608521,0.093400629798619,0.560749265058391,0.113010746634368,0.230455423561515
"dlm","SH","upper",0.621927917822991,0.122893837156072,-0.223275198608521,0.093400629798619,0.560749265058391,0.113010746634368,0.230455423561515
"dlm","SH","upper",0.627773336009461,0.117405087113175,-0.223275198608521,0.093400629798619,0.560749265058391,0.113010746634368,0.230455423561515
"dlm","SH","upper",0.63361875419593,0.111891073541579,-0.223275198608521,0.093400629798619,0.560749265058391,0.113010746634368,0.230455423561515
"dlm","SH","upper",0.6394641723824,0.106749560736086,-0.223275198608521,0.093400629798619,0.560749265058391,0.113010746634368,0.230455423561515
"dlm","SH","upper",0.645309590568869,0.102278505833774,-0.223275198608521,0.093400629798619,0.560749265058391,0.113010746634368,0.230455423561515
"dlm","SH","upper",0.651155008755339,0.0983428574224963,-0.223275198608521,0.093400629798619,0.560749265058391,0.113010746634368,0.230455423561515
"dlm","SH","upper",0.657000426941808,0.094527145869703,-0.223275198608521,0.093400629798619,0.560749265058391,0.113010746634368,0.230455423561515
"dlm","SH","upper",0.662845845128278,0.0905254386958291,-0.223275198608521,0.093400629798619,0.560749265058391,0.113010746634368,0.230455423561515
"dlm","SH","upper",0.668691263314747,0.0862961881322875,-0.223275198608521,0.093400629798619,0.560749265058391,0.113010746634368,0.230455423561515
"dlm","SH","upper",0.674536681501217,0.0821442354427763,-0.223275198608521,0.093400629798619,0.560749265058391,0.113010746634368,0.230455423561515
"dlm","SH","upper",0.680382099687687,0.0783072076244955,-0.223275198608521,0.093400629798619,0.560749265058391,0.113010746634368,0.230455423561515
"dlm","SH","upper",0.686227517874156,0.0746772071027216,-0.223275198608521,0.093400629798619,0.560749265058391,0.113010746634368,0.230455423561515
"dlm","SH","upper",0.692072936060625,0.0711672256927167,-0.223275198608521,0.093400629798619,0.560749265058391,0.113010746634368,0.230455423561515
"dlm","SH","upper",0.697918354247095,0.0678089417345149,-0.223275198608521,0.093400629798619,0.560749265058391,0.113010746634368,0.230455423561515
"dlm","SH","upper",0.703763772433565,0.0647470605462169,-0.223275198608521,0.093400629798619,0.560749265058391,0.113010746634368,0.230455423561515
"dlm","SH","upper",0.709609190620034,0.0617947397303922,-0.223275198608521,0.093400629798619,0.560749265058391,0.113010746634368,0.230455423561515
"dlm","SH","upper",0.715454608806503,0.0589468841265681,-0.223275198608521,0.093400629798619,0.560749265058391,0.113010746634368,0.230455423561515
"dlm","SH","upper",0.721300026992973,0.0564365930899517,-0.223275198608521,0.093400629798619,0.560749265058391,0.113010746634368,0.230455423561515
"dlm","SH","upper",0.727145445179443,0.0541025791113154,-0.223275198608521,0.093400629798619,0.560749265058391,0.113010746634368,0.230455423561515
"dlm","SH","upper",0.732990863365912,0.0517709200201159,-0.223275198608521,0.093400629798619,0.560749265058391,0.113010746634368,0.230455423561515
"dlm","SH","upper",0.738836281552382,0.049512025667239,-0.223275198608521,0.093400629798619,0.560749265058391,0.113010746634368,0.230455423561515
"dlm","SH","upper",0.744681699738851,0.0472063653968523,-0.223275198608521,0.093400629798619,0.560749265058391,0.113010746634368,0.230455423561515
"dlm","SH","upper",0.750527117925321,0.0448365566289159,-0.223275198608521,0.093400629798619,0.560749265058391,0.113010746634368,0.230455423561515
"dlm","SH","upper",0.75637253611179,0.0427728285102033,-0.223275198608521,0.093400629798619,0.560749265058391,0.113010746634368,0.230455423561515
"dlm","SH","upper",0.76221795429826,0.0408182066554172,-0.223275198608521,0.093400629798619,0.560749265058391,0.113010746634368,0.230455423561515
"dlm","SH","upper",0.768063372484729,0.0389146507047781,-0.223275198608521,0.093400629798619,0.560749265058391,0.113010746634368,0.230455423561515
"dlm","SH","upper",0.773908790671199,0.0370018903068381,-0.223275198608521,0.093400629798619,0.560749265058391,0.113010746634368,0.230455423561515
"dlm","SH","upper",0.779754208857668,0.0350624838600477,-0.223275198608521,0.093400629798619,0.560749265058391,0.113010746634368,0.230455423561515
"dlm","SH","upper",0.785599627044138,0.0333105709789386,-0.223275198608521,0.093400629798619,0.560749265058391,0.113010746634368,0.230455423561515
"dlm","SH","upper",0.791445045230607,0.0317786123165268,-0.223275198608521,0.093400629798619,0.560749265058391,0.113010746634368,0.230455423561515
"dlm","SH","upper",0.797290463417077,0.0303625076441249,-0.223275198608521,0.093400629798619,0.560749265058391,0.113010746634368,0.230455423561515
"dlm","SH","upper",0.803135881603546,0.0289646905438191,-0.223275198608521,0.093400629798619,0.560749265058391,0.113010746634368,0.230455423561515
"dlm","SH","upper",0.808981299790016,0.0276373318622507,-0.223275198608521,0.093400629798619,0.560749265058391,0.113010746634368,0.230455423561515
"dlm","SH","upper",0.814826717976485,0.0263788555593182,-0.223275198608521,0.093400629798619,0.560749265058391,0.113010746634368,0.230455423561515
"dlm","SH","upper",0.820672136162955,0.0252547092194254,-0.223275198608521,0.093400629798619,0.560749265058391,0.113010746634368,0.230455423561515
"dlm","SH","upper",0.826517554349424,0.0241336244131609,-0.223275198608521,0.093400629798619,0.560749265058391,0.113010746634368,0.230455423561515
"dlm","SH","upper",0.832362972535894,0.0228140401084871,-0.223275198608521,0.093400629798619,0.560749265058391,0.113010746634368,0.230455423561515
"dlm","SH","upper",0.838208390722363,0.0215582984795547,-0.223275198608521,0.093400629798619,0.560749265058391,0.113010746634368,0.230455423561515
"dlm","SH","upper",0.844053808908833,0.0204735937953499,-0.223275198608521,0.093400629798619,0.560749265058391,0.113010746634368,0.230455423561515
"dlm","SH","upper",0.849899227095302,0.0193402482296907,-0.223275198608521,0.093400629798619,0.560749265058391,0.113010746634368,0.230455423561515
"dlm","SH","upper",0.855744645281772,0.0182962988271404,-0.223275198608521,0.093400629798619,0.560749265058391,0.113010746634368,0.230455423561515
"dlm","SH","upper",0.861590063468241,0.0175303047986887,-0.223275198608521,0.093400629798619,0.560749265058391,0.113010746634368,0.230455423561515
"dlm","SH","upper",0.867435481654711,0.0167891416988261,-0.223275198608521,0.093400629798619,0.560749265058391,0.113010746634368,0.230455423561515
"dlm","SH","upper",0.873280899841181,0.0159369686644819,-0.223275198608521,0.093400629798619,0.560749265058391,0.113010746634368,0.230455423561515
"dlm","SH","upper",0.87912631802765,0.0151591077775686,-0.223275198608521,0.093400629798619,0.560749265058391,0.113010746634368,0.230455423561515
"dlm","SH","upper",0.884971736214119,0.0144219751280383,-0.223275198608521,0.093400629798619,0.560749265058391,0.113010746634368,0.230455423561515
"dlm","SH","upper",0.890817154400589,0.0136870941613125,-0.223275198608521,0.093400629798619,0.560749265058391,0.113010746634368,0.230455423561515
"dlm","SH","upper",0.896662572587059,0.0130162304343047,-0.223275198608521,0.093400629798619,0.560749265058391,0.113010746634368,0.230455423561515
"dlm","SH","upper",0.902507990773528,0.0124740190764448,-0.223275198608521,0.093400629798619,0.560749265058391,0.113010746634368,0.230455423561515
"dlm","SH","upper",0.908353408959997,0.0120251838150072,-0.223275198608521,0.093400629798619,0.560749265058391,0.113010746634368,0.230455423561515
"dlm","SH","upper",0.914198827146467,0.0115078543389886,-0.223275198608521,0.093400629798619,0.560749265058391,0.113010746634368,0.230455423561515
"dlm","SH","upper",0.920044245332936,0.010929497760533,-0.223275198608521,0.093400629798619,0.560749265058391,0.113010746634368,0.230455423561515
"dlm","SH","upper",0.925889663519406,0.0103879581890228,-0.223275198608521,0.093400629798619,0.560749265058391,0.113010746634368,0.230455423561515
"dlm","SH","upper",0.931735081705876,0.00988304740894003,-0.223275198608521,0.093400629798619,0.560749265058391,0.113010746634368,0.230455423561515
"dlm","SH","upper",0.937580499892345,0.00937980488056375,-0.223275198608521,0.093400629798619,0.560749265058391,0.113010746634368,0.230455423561515
"dlm","SH","upper",0.943425918078814,0.00894970946079746,-0.223275198608521,0.093400629798619,0.560749265058391,0.113010746634368,0.230455423561515
"dlm","SH","upper",0.949271336265284,0.00850872508658401,-0.223275198608521,0.093400629798619,0.560749265058391,0.113010746634368,0.230455423561515
"dlm","SH","upper",0.955116754451754,0.00807252421288366,-0.223275198608521,0.093400629798619,0.560749265058391,0.113010746634368,0.230455423561515
"dlm","SH","upper",0.960962172638223,0.00774271454128979,-0.223275198608521,0.093400629798619,0.560749265058391,0.113010746634368,0.230455423561515
"dlm","SH","upper",0.966807590824693,0.00746366302088322,-0.223275198608521,0.093400629798619,0.560749265058391,0.113010746634368,0.230455423561515
"dlm","SH","upper",0.972653009011162,0.00717347402064442,-0.223275198608521,0.093400629798619,0.560749265058391,0.113010746634368,0.230455423561515
"dlm","SH","upper",0.978498427197632,0.0069288489797255,-0.223275198608521,0.093400629798619,0.560749265058391,0.113010746634368,0.230455423561515
"dlm","SH","upper",0.984343845384101,0.00672209453006678,-0.223275198608521,0.093400629798619,0.560749265058391,0.113010746634368,0.230455423561515
"dlm","SH","upper",0.990189263570571,0.00644092354573134,-0.223275198608521,0.093400629798619,0.560749265058391,0.113010746634368,0.230455423561515
"dlm","SH","upper",0.99603468175704,0.00606055347089348,-0.223275198608521,0.093400629798619,0.560749265058391,0.113010746634368,0.230455423561515
"dlm","SH","upper",1.00188009994351,0.00564210361377771,-0.223275198608521,0.093400629798619,0.560749265058391,0.113010746634368,0.230455423561515
"dlm","SH","upper",1.00772551812998,0.00527574670779531,-0.223275198608521,0.093400629798619,0.560749265058391,0.113010746634368,0.230455423561515
"dlm","SH","upper",1.01357093631645,0.00499895643553974,-0.223275198608521,0.093400629798619,0.560749265058391,0.113010746634368,0.230455423561515
"dlm","SH","upper",1.01941635450292,0.00477035639420851,-0.223275198608521,0.093400629798619,0.560749265058391,0.113010746634368,0.230455423561515
"dlm","SH","upper",1.02526177268939,0.0045310173467789,-0.223275198608521,0.093400629798619,0.560749265058391,0.113010746634368,0.230455423561515
"dlm","SH","upper",1.03110719087586,0.00424863248963318,-0.223275198608521,0.093400629798619,0.560749265058391,0.113010746634368,0.230455423561515
"dlm","SH","upper",1.03695260906233,0.00401242095817758,-0.223275198608521,0.093400629798619,0.560749265058391,0.113010746634368,0.230455423561515
"dlm","SH","upper",1.0427980272488,0.00385621535583625,-0.223275198608521,0.093400629798619,0.560749265058391,0.113010746634368,0.230455423561515
"dlm","SH","upper",1.04864344543527,0.00370015644301061,-0.223275198608521,0.093400629798619,0.560749265058391,0.113010746634368,0.230455423561515
"dlm","SH","upper",1.05448886362174,0.0035537621668846,-0.223275198608521,0.093400629798619,0.560749265058391,0.113010746634368,0.230455423561515
"dlm","SH","upper",1.0603342818082,0.00345024814448854,-0.223275198608521,0.093400629798619,0.560749265058391,0.113010746634368,0.230455423561515
"dlm","SH","upper",1.06617969999467,0.0033226351791831,-0.223275198608521,0.093400629798619,0.560749265058391,0.113010746634368,0.230455423561515
"dlm","SH","upper",1.07202511818114,0.00313475112351844,-0.223275198608521,0.093400629798619,0.560749265058391,0.113010746634368,0.230455423561515
"dlm","SH","upper",1.07787053636761,0.00297410367094079,-0.223275198608521,0.093400629798619,0.560749265058391,0.113010746634368,0.230455423561515
"dlm","SH","upper",1.08371595455408,0.0028837536412883,-0.223275198608521,0.093400629798619,0.560749265058391,0.113010746634368,0.230455423561515
"dlm","SH","upper",1.08956137274055,0.00279462957667072,-0.223275198608521,0.093400629798619,0.560749265058391,0.113010746634368,0.230455423561515
"dlm","SH","upper",1.09540679092702,0.00267610234360279,-0.223275198608521,0.093400629798619,0.560749265058391,0.113010746634368,0.230455423561515
"dlm","SH","upper",1.10125220911349,0.00257519114808769,-0.223275198608521,0.093400629798619,0.560749265058391,0.113010746634368,0.230455423561515
"dlm","SH","upper",1.10709762729996,0.00253341614709671,-0.223275198608521,0.093400629798619,0.560749265058391,0.113010746634368,0.230455423561515
"dlm","SH","upper",1.11294304548643,0.00249949667644169,-0.223275198608521,0.093400629798619,0.560749265058391,0.113010746634368,0.230455423561515
"dlm","SH","upper",1.1187884636729,0.00241818407899325,-0.223275198608521,0.093400629798619,0.560749265058391,0.113010746634368,0.230455423561515
"dlm","SH","upper",1.12463388185937,0.00229882791472313,-0.223275198608521,0.093400629798619,0.560749265058391,0.113010746634368,0.230455423561515
"dlm","SH","upper",1.13047930004584,0.00213503996127289,-0.223275198608521,0.093400629798619,0.560749265058391,0.113010746634368,0.230455423561515
"dlm","SH","upper",1.13632471823231,0.00197051418227189,-0.223275198608521,0.093400629798619,0.560749265058391,0.113010746634368,0.230455423561515
"dlm","SH","upper",1.14217013641878,0.00184922828675155,-0.223275198608521,0.093400629798619,0.560749265058391,0.113010746634368,0.230455423561515
"dlm","SH","upper",1.14801555460525,0.00178195745603394,-0.223275198608521,0.093400629798619,0.560749265058391,0.113010746634368,0.230455423561515
"dlm","SH","upper",1.15386097279172,0.00172487180485417,-0.223275198608521,0.093400629798619,0.560749265058391,0.113010746634368,0.230455423561515
"dlm","SH","upper",1.15970639097819,0.00166449041162577,-0.223275198608521,0.093400629798619,0.560749265058391,0.113010746634368,0.230455423561515
"dlm","SH","upper",1.16555180916466,0.00159420847895541,-0.223275198608521,0.093400629798619,0.560749265058391,0.113010746634368,0.230455423561515
"dlm","SH","upper",1.17139722735113,0.00152201692142157,-0.223275198608521,0.093400629798619,0.560749265058391,0.113010746634368,0.230455423561515
"dlm","SH","upper",1.1772426455376,0.00145619514466385,-0.223275198608521,0.093400629798619,0.560749265058391,0.113010746634368,0.230455423561515
"dlm","SH","upper",1.18308806372406,0.00138365191038648,-0.223275198608521,0.093400629798619,0.560749265058391,0.113010746634368,0.230455423561515
"dlm","SH","upper",1.18893348191053,0.00130957766387087,-0.223275198608521,0.093400629798619,0.560749265058391,0.113010746634368,0.230455423561515
"dlm","SH","upper",1.194778900097,0.00126132066466913,-0.223275198608521,0.093400629798619,0.560749265058391,0.113010746634368,0.230455423561515
"dlm","SH","upper",1.20062431828347,0.00120834546355696,-0.223275198608521,0.093400629798619,0.560749265058391,0.113010746634368,0.230455423561515
"dlm","SH","upper",1.20646973646994,0.0011335880499943,-0.223275198608521,0.093400629798619,0.560749265058391,0.113010746634368,0.230455423561515
"dlm","SH","upper",1.21231515465641,0.00105533966625466,-0.223275198608521,0.093400629798619,0.560749265058391,0.113010746634368,0.230455423561515
"dlm","SH","upper",1.21816057284288,0.000996141131817193,-0.223275198608521,0.093400629798619,0.560749265058391,0.113010746634368,0.230455423561515
"dlm","SH","upper",1.22400599102935,0.000924170288442749,-0.223275198608521,0.093400629798619,0.560749265058391,0.113010746634368,0.230455423561515
"dlm","SH","upper",1.22985140921582,0.000843451330796477,-0.223275198608521,0.093400629798619,0.560749265058391,0.113010746634368,0.230455423561515
"dlm","SH","upper",1.23569682740229,0.000776445597391719,-0.223275198608521,0.093400629798619,0.560749265058391,0.113010746634368,0.230455423561515
"dlm","SH","upper",1.24154224558876,0.000743322548021541,-0.223275198608521,0.093400629798619,0.560749265058391,0.113010746634368,0.230455423561515
"dlm","SH","upper",1.24738766377523,0.000714395986578515,-0.223275198608521,0.093400629798619,0.560749265058391,0.113010746634368,0.230455423561515
"dlm","SH","upper",1.2532330819617,0.000681425853022803,-0.223275198608521,0.093400629798619,0.560749265058391,0.113010746634368,0.230455423561515
"dlm","SH","upper",1.25907850014817,0.000659277562132262,-0.223275198608521,0.093400629798619,0.560749265058391,0.113010746634368,0.230455423561515
"dlm","SH","upper",1.26492391833464,0.000625211203029201,-0.223275198608521,0.093400629798619,0.560749265058391,0.113010746634368,0.230455423561515
"dlm","SH","upper",1.27076933652111,0.000590381819583491,-0.223275198608521,0.093400629798619,0.560749265058391,0.113010746634368,0.230455423561515
"dlm","SH","upper",1.27661475470758,0.000584625960033685,-0.223275198608521,0.093400629798619,0.560749265058391,0.113010746634368,0.230455423561515
"dlm","SH","upper",1.28246017289405,0.000568706533729799,-0.223275198608521,0.093400629798619,0.560749265058391,0.113010746634368,0.230455423561515
"dlm","SH","upper",1.28830559108052,0.000538737957793237,-0.223275198608521,0.093400629798619,0.560749265058391,0.113010746634368,0.230455423561515
"dlm","SH","upper",1.29415100926699,0.000509367267103584,-0.223275198608521,0.093400629798619,0.560749265058391,0.113010746634368,0.230455423561515
"dlm","SH","upper",1.29999642745345,0.000470753680160531,-0.223275198608521,0.093400629798619,0.560749265058391,0.113010746634368,0.230455423561515
"dlm","SH","upper",1.30584184563992,0.000437716087673255,-0.223275198608521,0.093400629798619,0.560749265058391,0.113010746634368,0.230455423561515
"dlm","SH","upper",1.31168726382639,0.000435737055353229,-0.223275198608521,0.093400629798619,0.560749265058391,0.113010746634368,0.230455423561515
"dlm","SH","upper",1.31753268201286,0.000467784576529146,-0.223275198608521,0.093400629798619,0.560749265058391,0.113010746634368,0.230455423561515
"dlm","SH","upper",1.32337810019933,0.000480898403403672,-0.223275198608521,0.093400629798619,0.560749265058391,0.113010746634368,0.230455423561515
"dlm","SH","upper",1.3292235183858,0.000465337768109246,-0.223275198608521,0.093400629798619,0.560749265058391,0.113010746634368,0.230455423561515
"dlm","SH","upper",1.33506893657227,0.00045477359007551,-0.223275198608521,0.093400629798619,0.560749265058391,0.113010746634368,0.230455423561515
"dlm","SH","upper",1.34091435475874,0.000448174566779673,-0.223275198608521,0.093400629798619,0.560749265058391,0.113010746634368,0.230455423561515
"dlm","SH","upper",1.34675977294521,0.000412927037445459,-0.223275198608521,0.093400629798619,0.560749265058391,0.113010746634368,0.230455423561515
"dlm","SH","upper",1.35260519113168,0.00036551374831268,-0.223275198608521,0.093400629798619,0.560749265058391,0.113010746634368,0.230455423561515
"dlm","SH","upper",1.35845060931815,0.000330647382964616,-0.223275198608521,0.093400629798619,0.560749265058391,0.113010746634368,0.230455423561515
"dlm","SH","upper",1.36429602750462,0.000302843941617239,-0.223275198608521,0.093400629798619,0.560749265058391,0.113010746634368,0.230455423561515
"dlm","SH","upper",1.37014144569109,0.000297578871581606,-0.223275198608521,0.093400629798619,0.560749265058391,0.113010746634368,0.230455423561515
"dlm","SH","upper",1.37598686387756,0.000317369185279701,-0.223275198608521,0.093400629798619,0.560749265058391,0.113010746634368,0.230455423561515
"dlm","SH","upper",1.38183228206403,0.000351951957809598,-0.223275198608521,0.093400629798619,0.560749265058391,0.113010746634368,0.230455423561515
"dlm","SH","upper",1.3876777002505,0.000357404768475958,-0.223275198608521,0.093400629798619,0.560749265058391,0.113010746634368,0.230455423561515
"dlm","SH","upper",1.39352311843697,0.000341972215535719,-0.223275198608521,0.093400629798619,0.560749265058391,0.113010746634368,0.230455423561515
"dlm","SH","upper",1.39936853662344,0.000336212913693218,-0.223275198608521,0.093400629798619,0.560749265058391,0.113010746634368,0.230455423561515
"dlm","SH","upper",1.40521395480991,0.000336099818300338,-0.223275198608521,0.093400629798619,0.560749265058391,0.113010746634368,0.230455423561515
"dlm","SH","upper",1.41105937299638,0.000334748740514076,-0.223275198608521,0.093400629798619,0.560749265058391,0.113010746634368,0.230455423561515
"dlm","SH","upper",1.41690479118285,0.000328135270027156,-0.223275198608521,0.093400629798619,0.560749265058391,0.113010746634368,0.230455423561515
"dlm","SH","upper",1.42275020936931,0.000316861471778883,-0.223275198608521,0.093400629798619,0.560749265058391,0.113010746634368,0.230455423561515
"dlm","SH","upper",1.42859562755578,0.000305803745511953,-0.223275198608521,0.093400629798619,0.560749265058391,0.113010746634368,0.230455423561515
"dlm","SH","upper",1.43444104574225,0.000285386428403617,-0.223275198608521,0.093400629798619,0.560749265058391,0.113010746634368,0.230455423561515
"dlm","SH","upper",1.44028646392872,0.000254797424706394,-0.223275198608521,0.093400629798619,0.560749265058391,0.113010746634368,0.230455423561515
"dlm","SH","upper",1.44613188211519,0.000226817837532407,-0.223275198608521,0.093400629798619,0.560749265058391,0.113010746634368,0.230455423561515
"dlm","SH","upper",1.45197730030166,0.000210273950832803,-0.223275198608521,0.093400629798619,0.560749265058391,0.113010746634368,0.230455423561515
"dlm","SH","upper",1.45782271848813,0.000200919203342302,-0.223275198608521,0.093400629798619,0.560749265058391,0.113010746634368,0.230455423561515
"dlm","SH","upper",1.4636681366746,0.000197679927216302,-0.223275198608521,0.093400629798619,0.560749265058391,0.113010746634368,0.230455423561515
"dlm","SH","upper",1.46951355486107,0.000195781967032883,-0.223275198608521,0.093400629798619,0.560749265058391,0.113010746634368,0.230455423561515
"dlm","SH","upper",1.47535897304754,0.000187866180122325,-0.223275198608521,0.093400629798619,0.560749265058391,0.113010746634368,0.230455423561515
"dlm","SH","upper",1.48120439123401,0.000176744118494105,-0.223275198608521,0.093400629798619,0.560749265058391,0.113010746634368,0.230455423561515
"dlm","SH","upper",1.48704980942048,0.000165428341644642,-0.223275198608521,0.093400629798619,0.560749265058391,0.113010746634368,0.230455423561515
"dlm","SH","upper",1.49289522760695,0.000160949959724738,-0.223275198608521,0.093400629798619,0.560749265058391,0.113010746634368,0.230455423561515
"dlm","SH","upper",1.49874064579342,0.000155970489789052,-0.223275198608521,0.093400629798619,0.560749265058391,0.113010746634368,0.230455423561515
"dlm","SH","upper",1.50458606397989,0.000142076239415093,-0.223275198608521,0.093400629798619,0.560749265058391,0.113010746634368,0.230455423561515
"dlm","SH","upper",1.51043148216636,0.000132708199845127,-0.223275198608521,0.093400629798619,0.560749265058391,0.113010746634368,0.230455423561515
"dlm","SH","upper",1.51627690035283,0.000127915334557114,-0.223275198608521,0.093400629798619,0.560749265058391,0.113010746634368,0.230455423561515
"dlm","SH","upper",1.5221223185393,0.000118250384379548,-0.223275198608521,0.093400629798619,0.560749265058391,0.113010746634368,0.230455423561515
"dlm","SH","upper",1.52796773672577,0.000111031381919618,-0.223275198608521,0.093400629798619,0.560749265058391,0.113010746634368,0.230455423561515
"dlm","SH","upper",1.53381315491224,0.00011023411660018,-0.223275198608521,0.093400629798619,0.560749265058391,0.113010746634368,0.230455423561515
"dlm","SH","upper",1.5396585730987,0.000112098713425144,-0.223275198608521,0.093400629798619,0.560749265058391,0.113010746634368,0.230455423561515
"dlm","SH","upper",1.54550399128517,0.000111438576235802,-0.223275198608521,0.093400629798619,0.560749265058391,0.113010746634368,0.230455423561515
"dlm","SH","upper",1.55134940947164,0.000110115353859292,-0.223275198608521,0.093400629798619,0.560749265058391,0.113010746634368,0.230455423561515
"dlm","SH","upper",1.55719482765811,0.000115757931624187,-0.223275198608521,0.093400629798619,0.560749265058391,0.113010746634368,0.230455423561515
"dlm","SH","upper",1.56304024584458,0.000120812067572263,-0.223275198608521,0.093400629798619,0.560749265058391,0.113010746634368,0.230455423561515
"dlm","SH","upper",1.56888566403105,0.00012057127766797,-0.223275198608521,0.093400629798619,0.560749265058391,0.113010746634368,0.230455423561515
"dlm","SH","upper",1.57473108221752,0.000122472383642647,-0.223275198608521,0.093400629798619,0.560749265058391,0.113010746634368,0.230455423561515
"dlm","SH","upper",1.58057650040399,0.000126376449571778,-0.223275198608521,0.093400629798619,0.560749265058391,0.113010746634368,0.230455423561515
"dlm","SH","upper",1.58642191859046,0.00012514188780198,-0.223275198608521,0.093400629798619,0.560749265058391,0.113010746634368,0.230455423561515
"dlm","SH","upper",1.59226733677693,0.000119601508701386,-0.223275198608521,0.093400629798619,0.560749265058391,0.113010746634368,0.230455423561515
"dlm","SH","upper",1.5981127549634,0.000119769829687026,-0.223275198608521,0.093400629798619,0.560749265058391,0.113010746634368,0.230455423561515
"dlm","SH","upper",1.60395817314987,0.000124176959231557,-0.223275198608521,0.093400629798619,0.560749265058391,0.113010746634368,0.230455423561515
"dlm","SH","upper",1.60980359133634,0.00012458832408364,-0.223275198608521,0.093400629798619,0.560749265058391,0.113010746634368,0.230455423561515
"dlm","SH","upper",1.61564900952281,0.000123173118806069,-0.223275198608521,0.093400629798619,0.560749265058391,0.113010746634368,0.230455423561515
"dlm","SH","upper",1.62149442770928,0.000123228563545024,-0.223275198608521,0.093400629798619,0.560749265058391,0.113010746634368,0.230455423561515
"dlm","SH","upper",1.62733984589575,0.000126957716248808,-0.223275198608521,0.093400629798619,0.560749265058391,0.113010746634368,0.230455423561515
"dlm","SH","upper",1.63318526408222,0.000130214657060079,-0.223275198608521,0.093400629798619,0.560749265058391,0.113010746634368,0.230455423561515
"dlm","SH","upper",1.63903068226869,0.000120102918583428,-0.223275198608521,0.093400629798619,0.560749265058391,0.113010746634368,0.230455423561515
"dlm","SH","upper",1.64487610045516,9.98071655955825e-05,-0.223275198608521,0.093400629798619,0.560749265058391,0.113010746634368,0.230455423561515
"dlm","SH","upper",1.65072151864163,8.48225542528155e-05,-0.223275198608521,0.093400629798619,0.560749265058391,0.113010746634368,0.230455423561515
"dlm","SH","upper",1.65656693682809,7.99225117855656e-05,-0.223275198608521,0.093400629798619,0.560749265058391,0.113010746634368,0.230455423561515
"dlm","SH","upper",1.66241235501456,7.99591162071077e-05,-0.223275198608521,0.093400629798619,0.560749265058391,0.113010746634368,0.230455423561515
"dlm","SH","upper",1.66825777320103,8.10981094034996e-05,-0.223275198608521,0.093400629798619,0.560749265058391,0.113010746634368,0.230455423561515
"dlm","SH","upper",1.6741031913875,8.29940467395386e-05,-0.223275198608521,0.093400629798619,0.560749265058391,0.113010746634368,0.230455423561515
"dlm","SH","upper",1.67994860957397,7.82197932253035e-05,-0.223275198608521,0.093400629798619,0.560749265058391,0.113010746634368,0.230455423561515
"dlm","SH","upper",1.68579402776044,6.34786510881911e-05,-0.223275198608521,0.093400629798619,0.560749265058391,0.113010746634368,0.230455423561515
"dlm","SH","upper",1.69163944594691,5.22370407588768e-05,-0.223275198608521,0.093400629798619,0.560749265058391,0.113010746634368,0.230455423561515
"dlm","SH","upper",1.69748486413338,4.47848848525473e-05,-0.223275198608521,0.093400629798619,0.560749265058391,0.113010746634368,0.230455423561515
"dlm","SH","upper",1.70333028231985,4.0023820835923e-05,-0.223275198608521,0.093400629798619,0.560749265058391,0.113010746634368,0.230455423561515
"dlm","SH","upper",1.70917570050632,3.58246059396917e-05,-0.223275198608521,0.093400629798619,0.560749265058391,0.113010746634368,0.230455423561515
"dlm","SH","upper",1.71502111869279,3.35992377878131e-05,-0.223275198608521,0.093400629798619,0.560749265058391,0.113010746634368,0.230455423561515
"dlm","SH","upper",1.72086653687926,3.72720786287644e-05,-0.223275198608521,0.093400629798619,0.560749265058391,0.113010746634368,0.230455423561515
"dlm","SH","upper",1.72671195506573,4.19898708664789e-05,-0.223275198608521,0.093400629798619,0.560749265058391,0.113010746634368,0.230455423561515
"dlm","SH","upper",1.7325573732522,4.81722482158083e-05,-0.223275198608521,0.093400629798619,0.560749265058391,0.113010746634368,0.230455423561515
"dlm","SH","upper",1.73840279143867,4.79664802548618e-05,-0.223275198608521,0.093400629798619,0.560749265058391,0.113010746634368,0.230455423561515
"dlm","SH","upper",1.74424820962514,4.33789251575628e-05,-0.223275198608521,0.093400629798619,0.560749265058391,0.113010746634368,0.230455423561515
"dlm","SH","upper",1.75009362781161,3.52870528997301e-05,-0.223275198608521,0.093400629798619,0.560749265058391,0.113010746634368,0.230455423561515
"dlm","SH","upper",1.75593904599808,3.26458474819586e-05,-0.223275198608521,0.093400629798619,0.560749265058391,0.113010746634368,0.230455423561515
"dlm","SH","upper",1.76178446418455,3.580446045137e-05,-0.223275198608521,0.093400629798619,0.560749265058391,0.113010746634368,0.230455423561515
"dlm","SH","upper",1.76762988237102,3.04684976699046e-05,-0.223275198608521,0.093400629798619,0.560749265058391,0.113010746634368,0.230455423561515
"dlm","SH","upper",1.77347530055749,2.29919967327539e-05,-0.223275198608521,0.093400629798619,0.560749265058391,0.113010746634368,0.230455423561515
"dlm","SH","upper",1.77932071874395,2.20284959702607e-05,-0.223275198608521,0.093400629798619,0.560749265058391,0.113010746634368,0.230455423561515
"dlm","SH","upper",1.78516613693042,2.50078425028097e-05,-0.223275198608521,0.093400629798619,0.560749265058391,0.113010746634368,0.230455423561515
"dlm","SH","upper",1.79101155511689,2.93526059037691e-05,-0.223275198608521,0.093400629798619,0.560749265058391,0.113010746634368,0.230455423561515
"dlm","SH","upper",1.79685697330336,3.1247239968173e-05,-0.223275198608521,0.093400629798619,0.560749265058391,0.113010746634368,0.230455423561515
"dlm","SH","upper",1.80270239148983,3.67862268282332e-05,-0.223275198608521,0.093400629798619,0.560749265058391,0.113010746634368,0.230455423561515
"dlm","SH","upper",1.8085478096763,4.53165511424809e-05,-0.223275198608521,0.093400629798619,0.560749265058391,0.113010746634368,0.230455423561515
"dlm","SH","upper",1.81439322786277,4.57313898236481e-05,-0.223275198608521,0.093400629798619,0.560749265058391,0.113010746634368,0.230455423561515
"dlm","SH","upper",1.82023864604924,3.79938656408562e-05,-0.223275198608521,0.093400629798619,0.560749265058391,0.113010746634368,0.230455423561515
"dlm","SH","upper",1.82608406423571,2.91548576953901e-05,-0.223275198608521,0.093400629798619,0.560749265058391,0.113010746634368,0.230455423561515
"dlm","SH","upper",1.83192948242218,2.54761794830282e-05,-0.223275198608521,0.093400629798619,0.560749265058391,0.113010746634368,0.230455423561515
"dlm","SH","upper",1.83777490060865,2.44208039270951e-05,-0.223275198608521,0.093400629798619,0.560749265058391,0.113010746634368,0.230455423561515
"dlm","SH","upper",1.84362031879512,2.29467919715872e-05,-0.223275198608521,0.093400629798619,0.560749265058391,0.113010746634368,0.230455423561515
"dlm","SH","upper",1.84946573698159,2.18754040731468e-05,-0.223275198608521,0.093400629798619,0.560749265058391,0.113010746634368,0.230455423561515
"dlm","SH","upper",1.85531115516806,2.20581898005812e-05,-0.223275198608521,0.093400629798619,0.560749265058391,0.113010746634368,0.230455423561515
"dlm","SH","upper",1.86115657335453,2.20247322368794e-05,-0.223275198608521,0.093400629798619,0.560749265058391,0.113010746634368,0.230455423561515
"dlm","SH","upper",1.867001991541,2.11211463406696e-05,-0.223275198608521,0.093400629798619,0.560749265058391,0.113010746634368,0.230455423561515
"dlm","SH","upper",1.87284740972747,2.09575273433086e-05,-0.223275198608521,0.093400629798619,0.560749265058391,0.113010746634368,0.230455423561515
"dlm","SH","upper",1.87869282791394,2.12279500285895e-05,-0.223275198608521,0.093400629798619,0.560749265058391,0.113010746634368,0.230455423561515
"dlm","SH","upper",1.88453824610041,2.1192695868986e-05,-0.223275198608521,0.093400629798619,0.560749265058391,0.113010746634368,0.230455423561515
"dlm","SH","upper",1.89038366428688,2.15845510189982e-05,-0.223275198608521,0.093400629798619,0.560749265058391,0.113010746634368,0.230455423561515
"dlm","SH","upper",1.89622908247334,2.18466973725085e-05,-0.223275198608521,0.093400629798619,0.560749265058391,0.113010746634368,0.230455423561515
"dlm","SH","upper",1.90207450065981,2.10784156273864e-05,-0.223275198608521,0.093400629798619,0.560749265058391,0.113010746634368,0.230455423561515
"dlm","SH","upper",1.90791991884628,2.04824965002914e-05,-0.223275198608521,0.093400629798619,0.560749265058391,0.113010746634368,0.230455423561515
"dlm","SH","upper",1.91376533703275,2.4448889686051e-05,-0.223275198608521,0.093400629798619,0.560749265058391,0.113010746634368,0.230455423561515
"dlm","SH","upper",1.91961075521922,2.85044707463058e-05,-0.223275198608521,0.093400629798619,0.560749265058391,0.113010746634368,0.230455423561515
"dlm","SH","upper",1.92545617340569,2.67888895477881e-05,-0.223275198608521,0.093400629798619,0.560749265058391,0.113010746634368,0.230455423561515
"dlm","SH","upper",1.93130159159216,2.42405254442034e-05,-0.223275198608521,0.093400629798619,0.560749265058391,0.113010746634368,0.230455423561515
"dlm","SH","upper",1.93714700977863,2.49538310350269e-05,-0.223275198608521,0.093400629798619,0.560749265058391,0.113010746634368,0.230455423561515
"dlm","SH","upper",1.9429924279651,2.60582515977274e-05,-0.223275198608521,0.093400629798619,0.560749265058391,0.113010746634368,0.230455423561515
"dlm","SH","upper",1.94883784615157,2.58127094474842e-05,-0.223275198608521,0.093400629798619,0.560749265058391,0.113010746634368,0.230455423561515
"dlm","SH","upper",1.95468326433804,2.47196478732515e-05,-0.223275198608521,0.093400629798619,0.560749265058391,0.113010746634368,0.230455423561515
"dlm","SH","upper",1.96052868252451,2.38440474628298e-05,-0.223275198608521,0.093400629798619,0.560749265058391,0.113010746634368,0.230455423561515
"dlm","SH","upper",1.96637410071098,2.36982697936785e-05,-0.223275198608521,0.093400629798619,0.560749265058391,0.113010746634368,0.230455423561515
"dlm","SH","upper",1.97221951889745,2.40982658736033e-05,-0.223275198608521,0.093400629798619,0.560749265058391,0.113010746634368,0.230455423561515
"dlm","SH","upper",1.97806493708392,2.67962030348518e-05,-0.223275198608521,0.093400629798619,0.560749265058391,0.113010746634368,0.230455423561515
"dlm","SH","upper",1.98391035527039,2.87680140082211e-05,-0.223275198608521,0.093400629798619,0.560749265058391,0.113010746634368,0.230455423561515
"dlm","SH","upper",1.98975577345686,2.42400460235617e-05,-0.223275198608521,0.093400629798619,0.560749265058391,0.113010746634368,0.230455423561515
"dlm","SH","upper",1.99560119164333,1.52951025597562e-05,-0.223275198608521,0.093400629798619,0.560749265058391,0.113010746634368,0.230455423561515
"dlm","SH","upper",2.0014466098298,1.01391551029874e-05,-0.223275198608521,0.093400629798619,0.560749265058391,0.113010746634368,0.230455423561515
"dlm","SH","upper",2.00729202801627,1.14030907888663e-05,-0.223275198608521,0.093400629798619,0.560749265058391,0.113010746634368,0.230455423561515
"dlm","SH","upper",2.01313744620274,1.33863804696848e-05,-0.223275198608521,0.093400629798619,0.560749265058391,0.113010746634368,0.230455423561515
"dlm","SH","upper",2.0189828643892,1.30907047770634e-05,-0.223275198608521,0.093400629798619,0.560749265058391,0.113010746634368,0.230455423561515
"dlm","SH","upper",2.02482828257567,1.19539066377047e-05,-0.223275198608521,0.093400629798619,0.560749265058391,0.113010746634368,0.230455423561515
"dlm","SH","upper",2.03067370076214,1.07261048760491e-05,-0.223275198608521,0.093400629798619,0.560749265058391,0.113010746634368,0.230455423561515
"dlm","SH","upper",2.03651911894861,9.75837908664583e-06,-0.223275198608521,0.093400629798619,0.560749265058391,0.113010746634368,0.230455423561515
"dlm","SH","upper",2.04236453713508,8.47137970689497e-06,-0.223275198608521,0.093400629798619,0.560749265058391,0.113010746634368,0.230455423561515
"dlm","SH","upper",2.04820995532155,7.61679323614092e-06,-0.223275198608521,0.093400629798619,0.560749265058391,0.113010746634368,0.230455423561515
"dlm","SH","upper",2.05405537350802,9.46657075213881e-06,-0.223275198608521,0.093400629798619,0.560749265058391,0.113010746634368,0.230455423561515
"dlm","SH","upper",2.05990079169449,1.38229735655132e-05,-0.223275198608521,0.093400629798619,0.560749265058391,0.113010746634368,0.230455423561515
"dlm","SH","upper",2.06574620988096,1.82487707365706e-05,-0.223275198608521,0.093400629798619,0.560749265058391,0.113010746634368,0.230455423561515
"dlm","SH","upper",2.07159162806743,2.04374846425491e-05,-0.223275198608521,0.093400629798619,0.560749265058391,0.113010746634368,0.230455423561515
"dlm","SH","upper",2.0774370462539,1.79072352904089e-05,-0.223275198608521,0.093400629798619,0.560749265058391,0.113010746634368,0.230455423561515
"dlm","SH","upper",2.08328246444037,1.32578681852092e-05,-0.223275198608521,0.093400629798619,0.560749265058391,0.113010746634368,0.230455423561515
"dlm","SH","upper",2.08912788262684,1.40146210291772e-05,-0.223275198608521,0.093400629798619,0.560749265058391,0.113010746634368,0.230455423561515
"dlm","SH","upper",2.09497330081331,2.15432157768197e-05,-0.223275198608521,0.093400629798619,0.560749265058391,0.113010746634368,0.230455423561515
"dlm","SH","upper",2.10081871899978,2.91998641975942e-05,-0.223275198608521,0.093400629798619,0.560749265058391,0.113010746634368,0.230455423561515
"dlm","SH","upper",2.10666413718625,3.36697992932425e-05,-0.223275198608521,0.093400629798619,0.560749265058391,0.113010746634368,0.230455423561515
"dlm","SH","upper",2.11250955537272,3.43421117040908e-05,-0.223275198608521,0.093400629798619,0.560749265058391,0.113010746634368,0.230455423561515
"dlm","SH","upper",2.11835497355919,3.03658658800429e-05,-0.223275198608521,0.093400629798619,0.560749265058391,0.113010746634368,0.230455423561515
"dlm","SH","upper",2.12420039174566,2.18169236847592e-05,-0.223275198608521,0.093400629798619,0.560749265058391,0.113010746634368,0.230455423561515
"dlm","SH","upper",2.13004580993213,1.34244832310106e-05,-0.223275198608521,0.093400629798619,0.560749265058391,0.113010746634368,0.230455423561515
"dlm","SH","upper",2.1358912281186,6.89126831958814e-06,-0.223275198608521,0.093400629798619,0.560749265058391,0.113010746634368,0.230455423561515
"dlm","SH","upper",2.14173664630506,3.9233842522225e-06,-0.223275198608521,0.093400629798619,0.560749265058391,0.113010746634368,0.230455423561515
"dlm","SH","upper",2.14758206449153,2.84149860237677e-06,-0.223275198608521,0.093400629798619,0.560749265058391,0.113010746634368,0.230455423561515
"dlm","SH","upper",2.153427482678,2.4585619254696e-06,-0.223275198608521,0.093400629798619,0.560749265058391,0.113010746634368,0.230455423561515
"dlm","SH","upper",2.15927290086447,1.48535659046182e-06,-0.223275198608521,0.093400629798619,0.560749265058391,0.113010746634368,0.230455423561515
"dlm","SH","upper",2.16511831905094,1.19871266782027e-06,-0.223275198608521,0.093400629798619,0.560749265058391,0.113010746634368,0.230455423561515
"dlm","SH","upper",2.17096373723741,1.91494173974425e-06,-0.223275198608521,0.093400629798619,0.560749265058391,0.113010746634368,0.230455423561515
"dlm","SH","upper",2.17680915542388,3.57724212060792e-06,-0.223275198608521,0.093400629798619,0.560749265058391,0.113010746634368,0.230455423561515
"dlm","SH","upper",2.18265457361035,4.99298156011707e-06,-0.223275198608521,0.093400629798619,0.560749265058391,0.113010746634368,0.230455423561515
"dlm","SH","upper",2.18849999179682,3.68264129190094e-06,-0.223275198608521,0.093400629798619,0.560749265058391,0.113010746634368,0.230455423561515
"dlm","SH","upper",2.19434540998329,1.58922721495145e-06,-0.223275198608521,0.093400629798619,0.560749265058391,0.113010746634368,0.230455423561515
"dlm","SH","upper",2.20019082816976,1.3758103003819e-06,-0.223275198608521,0.093400629798619,0.560749265058391,0.113010746634368,0.230455423561515
"dlm","SH","upper",2.20603624635623,2.11391611473005e-06,-0.223275198608521,0.093400629798619,0.560749265058391,0.113010746634368,0.230455423561515
"dlm","SH","upper",2.2118816645427,4.15123191295653e-06,-0.223275198608521,0.093400629798619,0.560749265058391,0.113010746634368,0.230455423561515
"dlm","SH","upper",2.21772708272917,5.12215845464994e-06,-0.223275198608521,0.093400629798619,0.560749265058391,0.113010746634368,0.230455423561515
"dlm","SH","upper",2.22357250091564,3.93794465329826e-06,-0.223275198608521,0.093400629798619,0.560749265058391,0.113010746634368,0.230455423561515
"dlm","SH","upper",2.22941791910211,3.13853667983687e-06,-0.223275198608521,0.093400629798619,0.560749265058391,0.113010746634368,0.230455423561515
"dlm","SH","upper",2.23526333728858,2.58125678578095e-06,-0.223275198608521,0.093400629798619,0.560749265058391,0.113010746634368,0.230455423561515
"dlm","SH","upper",2.24110875547505,5.32722662597177e-06,-0.223275198608521,0.093400629798619,0.560749265058391,0.113010746634368,0.230455423561515
"dlm","SH","upper",2.24695417366152,8.02117285026033e-06,-0.223275198608521,0.093400629798619,0.560749265058391,0.113010746634368,0.230455423561515
"dlm","SH","upper",2.25279959184799,5.80612350569515e-06,-0.223275198608521,0.093400629798619,0.560749265058391,0.113010746634368,0.230455423561515
"dlm","SH","upper",2.25864501003446,2.5354458810266e-06,-0.223275198608521,0.093400629798619,0.560749265058391,0.113010746634368,0.230455423561515
"dlm","SH","upper",2.26449042822092,1.88002925866879e-06,-0.223275198608521,0.093400629798619,0.560749265058391,0.113010746634368,0.230455423561515
"dlm","SH","upper",2.27033584640739,4.06036175819481e-06,-0.223275198608521,0.093400629798619,0.560749265058391,0.113010746634368,0.230455423561515
"dlm","SH","upper",2.27618126459386,5.90116074986212e-06,-0.223275198608521,0.093400629798619,0.560749265058391,0.113010746634368,0.230455423561515
"dlm","SH","upper",2.28202668278033,6.59162047149898e-06,-0.223275198608521,0.093400629798619,0.560749265058391,0.113010746634368,0.230455423561515
"dlm","SH","upper",2.2878721009668,6.67888570312389e-06,-0.223275198608521,0.093400629798619,0.560749265058391,0.113010746634368,0.230455423561515
"dlm","SH","upper",2.29371751915327,8.24575084783196e-06,-0.223275198608521,0.093400629798619,0.560749265058391,0.113010746634368,0.230455423561515
"dlm","SH","upper",2.29956293733974,6.44415333107859e-06,-0.223275198608521,0.093400629798619,0.560749265058391,0.113010746634368,0.230455423561515
"dlm","SH","upper",2.30540835552621,2.75800990204821e-06,-0.223275198608521,0.093400629798619,0.560749265058391,0.113010746634368,0.230455423561515
"dlm","SH","upper",2.31125377371268,6.62738034445311e-07,-0.223275198608521,0.093400629798619,0.560749265058391,0.113010746634368,0.230455423561515
"dlm","SH","upper",2.31709919189915,8.53596519684542e-08,-0.223275198608521,0.093400629798619,0.560749265058391,0.113010746634368,0.230455423561515
