"candidate_id","method","DGP","replication","case_role","diagnostic_role","chain","estimand","lag","autocorrelation"
"joint_ess1_x1","M10","S05",129,"guard","four_chain_sentinel",1,"log_q_1",1,0.708513145546132
"joint_ess1_x1","M10","S05",129,"guard","four_chain_sentinel",1,"log_q_1",5,0.291398371465134
"joint_ess1_x1","M10","S05",129,"guard","four_chain_sentinel",1,"log_q_1",10,0.0802765001170854
"joint_ess1_x1","M10","S05",129,"guard","four_chain_sentinel",1,"log_q_1",25,0.0404409971215158
"joint_ess1_x1","M10","S05",129,"guard","four_chain_sentinel",1,"log_q_1",50,-0.00330082611290185
"joint_ess1_x1","M10","S05",129,"guard","four_chain_sentinel",1,"mean_width",1,0.626396174678982
"joint_ess1_x1","M10","S05",129,"guard","four_chain_sentinel",1,"mean_width",5,0.191086309651133
"joint_ess1_x1","M10","S05",129,"guard","four_chain_sentinel",1,"mean_width",10,0.0977006914900552
"joint_ess1_x1","M10","S05",129,"guard","four_chain_sentinel",1,"mean_width",25,0.0062747113998016
"joint_ess1_x1","M10","S05",129,"guard","four_chain_sentinel",1,"mean_width",50,-0.0192518749621038
"joint_ess1_x1","M10","S05",129,"guard","four_chain_sentinel",1,"mean_midpoint",1,0.465019486370941
"joint_ess1_x1","M10","S05",129,"guard","four_chain_sentinel",1,"mean_midpoint",5,0.116710415102575
"joint_ess1_x1","M10","S05",129,"guard","four_chain_sentinel",1,"mean_midpoint",10,0.063835440196337
"joint_ess1_x1","M10","S05",129,"guard","four_chain_sentinel",1,"mean_midpoint",25,0.0280831707476021
"joint_ess1_x1","M10","S05",129,"guard","four_chain_sentinel",1,"mean_midpoint",50,-0.0249601006421567
"joint_ess1_x1","M10","S05",129,"guard","four_chain_sentinel",1,"mean_upper",1,0.577343636664336
"joint_ess1_x1","M10","S05",129,"guard","four_chain_sentinel",1,"mean_upper",5,0.172614262456157
"joint_ess1_x1","M10","S05",129,"guard","four_chain_sentinel",1,"mean_upper",10,0.0927963316781565
"joint_ess1_x1","M10","S05",129,"guard","four_chain_sentinel",1,"mean_upper",25,0.0197421328945422
"joint_ess1_x1","M10","S05",129,"guard","four_chain_sentinel",1,"mean_upper",50,-0.0271586853874057
"joint_ess1_x1","M10","S05",129,"guard","four_chain_sentinel",1,"observed_loss",1,0.440292429873985
"joint_ess1_x1","M10","S05",129,"guard","four_chain_sentinel",1,"observed_loss",5,0.15303426572709
"joint_ess1_x1","M10","S05",129,"guard","four_chain_sentinel",1,"observed_loss",10,0.0124481545725795
"joint_ess1_x1","M10","S05",129,"guard","four_chain_sentinel",1,"observed_loss",25,0.0137405877104801
"joint_ess1_x1","M10","S05",129,"guard","four_chain_sentinel",1,"observed_loss",50,-0.00820501822797963
"joint_ess1_x1","M10","S05",129,"guard","four_chain_sentinel",2,"log_q_1",1,0.71960069594435
"joint_ess1_x1","M10","S05",129,"guard","four_chain_sentinel",2,"log_q_1",5,0.345750952880462
"joint_ess1_x1","M10","S05",129,"guard","four_chain_sentinel",2,"log_q_1",10,0.167307793834745
"joint_ess1_x1","M10","S05",129,"guard","four_chain_sentinel",2,"log_q_1",25,0.00133488940534831
"joint_ess1_x1","M10","S05",129,"guard","four_chain_sentinel",2,"log_q_1",50,0.0477469514727269
"joint_ess1_x1","M10","S05",129,"guard","four_chain_sentinel",2,"mean_width",1,0.630293745264743
"joint_ess1_x1","M10","S05",129,"guard","four_chain_sentinel",2,"mean_width",5,0.215213240988637
"joint_ess1_x1","M10","S05",129,"guard","four_chain_sentinel",2,"mean_width",10,0.108703085467521
"joint_ess1_x1","M10","S05",129,"guard","four_chain_sentinel",2,"mean_width",25,0.0443770896616251
"joint_ess1_x1","M10","S05",129,"guard","four_chain_sentinel",2,"mean_width",50,-0.00653730828569056
"joint_ess1_x1","M10","S05",129,"guard","four_chain_sentinel",2,"mean_midpoint",1,0.467213244664664
"joint_ess1_x1","M10","S05",129,"guard","four_chain_sentinel",2,"mean_midpoint",5,0.136602533142453
"joint_ess1_x1","M10","S05",129,"guard","four_chain_sentinel",2,"mean_midpoint",10,0.0527495003025073
"joint_ess1_x1","M10","S05",129,"guard","four_chain_sentinel",2,"mean_midpoint",25,0.0289654828828192
"joint_ess1_x1","M10","S05",129,"guard","four_chain_sentinel",2,"mean_midpoint",50,-0.00815845113322881
"joint_ess1_x1","M10","S05",129,"guard","four_chain_sentinel",2,"mean_upper",1,0.578851440594928
"joint_ess1_x1","M10","S05",129,"guard","four_chain_sentinel",2,"mean_upper",5,0.197305542213305
"joint_ess1_x1","M10","S05",129,"guard","four_chain_sentinel",2,"mean_upper",10,0.0897722424981814
"joint_ess1_x1","M10","S05",129,"guard","four_chain_sentinel",2,"mean_upper",25,0.0409742342718272
"joint_ess1_x1","M10","S05",129,"guard","four_chain_sentinel",2,"mean_upper",50,-0.0108753489306427
"joint_ess1_x1","M10","S05",129,"guard","four_chain_sentinel",2,"observed_loss",1,0.453042542890085
"joint_ess1_x1","M10","S05",129,"guard","four_chain_sentinel",2,"observed_loss",5,0.142289016910431
"joint_ess1_x1","M10","S05",129,"guard","four_chain_sentinel",2,"observed_loss",10,0.0734357136308348
"joint_ess1_x1","M10","S05",129,"guard","four_chain_sentinel",2,"observed_loss",25,0.00214791535035423
"joint_ess1_x1","M10","S05",129,"guard","four_chain_sentinel",2,"observed_loss",50,0.0117377050061222
"joint_ess1_x1","M10","S05",129,"guard","four_chain_sentinel",3,"log_q_1",1,0.73990955490019
"joint_ess1_x1","M10","S05",129,"guard","four_chain_sentinel",3,"log_q_1",5,0.332021830035828
"joint_ess1_x1","M10","S05",129,"guard","four_chain_sentinel",3,"log_q_1",10,0.120624910801315
"joint_ess1_x1","M10","S05",129,"guard","four_chain_sentinel",3,"log_q_1",25,0.0591352100191328
"joint_ess1_x1","M10","S05",129,"guard","four_chain_sentinel",3,"log_q_1",50,0.0209915208175942
"joint_ess1_x1","M10","S05",129,"guard","four_chain_sentinel",3,"mean_width",1,0.628292863399225
"joint_ess1_x1","M10","S05",129,"guard","four_chain_sentinel",3,"mean_width",5,0.222961047400795
"joint_ess1_x1","M10","S05",129,"guard","four_chain_sentinel",3,"mean_width",10,0.0765180199282652
"joint_ess1_x1","M10","S05",129,"guard","four_chain_sentinel",3,"mean_width",25,0.0631659300577258
"joint_ess1_x1","M10","S05",129,"guard","four_chain_sentinel",3,"mean_width",50,-0.000417314469283794
"joint_ess1_x1","M10","S05",129,"guard","four_chain_sentinel",3,"mean_midpoint",1,0.471825272098517
"joint_ess1_x1","M10","S05",129,"guard","four_chain_sentinel",3,"mean_midpoint",5,0.122175752340723
"joint_ess1_x1","M10","S05",129,"guard","four_chain_sentinel",3,"mean_midpoint",10,0.0272508956929553
"joint_ess1_x1","M10","S05",129,"guard","four_chain_sentinel",3,"mean_midpoint",25,0.0171551778080085
"joint_ess1_x1","M10","S05",129,"guard","four_chain_sentinel",3,"mean_midpoint",50,0.0218564287489307
"joint_ess1_x1","M10","S05",129,"guard","four_chain_sentinel",3,"mean_upper",1,0.584011325434682
"joint_ess1_x1","M10","S05",129,"guard","four_chain_sentinel",3,"mean_upper",5,0.190243145924575
"joint_ess1_x1","M10","S05",129,"guard","four_chain_sentinel",3,"mean_upper",10,0.0544454707750426
"joint_ess1_x1","M10","S05",129,"guard","four_chain_sentinel",3,"mean_upper",25,0.0457092389990561
"joint_ess1_x1","M10","S05",129,"guard","four_chain_sentinel",3,"mean_upper",50,0.01564513383866
"joint_ess1_x1","M10","S05",129,"guard","four_chain_sentinel",3,"observed_loss",1,0.44910917198459
"joint_ess1_x1","M10","S05",129,"guard","four_chain_sentinel",3,"observed_loss",5,0.159266683491183
"joint_ess1_x1","M10","S05",129,"guard","four_chain_sentinel",3,"observed_loss",10,0.0352629717304834
"joint_ess1_x1","M10","S05",129,"guard","four_chain_sentinel",3,"observed_loss",25,0.0105964134243545
"joint_ess1_x1","M10","S05",129,"guard","four_chain_sentinel",3,"observed_loss",50,0.00931192413883997
"joint_ess1_x1","M10","S05",129,"guard","four_chain_sentinel",4,"log_q_1",1,0.722782655785306
"joint_ess1_x1","M10","S05",129,"guard","four_chain_sentinel",4,"log_q_1",5,0.326471184435817
"joint_ess1_x1","M10","S05",129,"guard","four_chain_sentinel",4,"log_q_1",10,0.128942214404826
"joint_ess1_x1","M10","S05",129,"guard","four_chain_sentinel",4,"log_q_1",25,0.0466168539511026
"joint_ess1_x1","M10","S05",129,"guard","four_chain_sentinel",4,"log_q_1",50,0.073062548907296
"joint_ess1_x1","M10","S05",129,"guard","four_chain_sentinel",4,"mean_width",1,0.627395301599724
"joint_ess1_x1","M10","S05",129,"guard","four_chain_sentinel",4,"mean_width",5,0.202080467458586
"joint_ess1_x1","M10","S05",129,"guard","four_chain_sentinel",4,"mean_width",10,0.0945211698617935
"joint_ess1_x1","M10","S05",129,"guard","four_chain_sentinel",4,"mean_width",25,0.0284527851596624
"joint_ess1_x1","M10","S05",129,"guard","four_chain_sentinel",4,"mean_width",50,0.0423634802926677
"joint_ess1_x1","M10","S05",129,"guard","four_chain_sentinel",4,"mean_midpoint",1,0.465609787796248
"joint_ess1_x1","M10","S05",129,"guard","four_chain_sentinel",4,"mean_midpoint",5,0.110270088087517
"joint_ess1_x1","M10","S05",129,"guard","four_chain_sentinel",4,"mean_midpoint",10,0.0402846635605368
"joint_ess1_x1","M10","S05",129,"guard","four_chain_sentinel",4,"mean_midpoint",25,0.0229569897578617
"joint_ess1_x1","M10","S05",129,"guard","four_chain_sentinel",4,"mean_midpoint",50,0.029396586276783
"joint_ess1_x1","M10","S05",129,"guard","four_chain_sentinel",4,"mean_upper",1,0.580295837838353
"joint_ess1_x1","M10","S05",129,"guard","four_chain_sentinel",4,"mean_upper",5,0.179321454860549
"joint_ess1_x1","M10","S05",129,"guard","four_chain_sentinel",4,"mean_upper",10,0.076252025215508
"joint_ess1_x1","M10","S05",129,"guard","four_chain_sentinel",4,"mean_upper",25,0.0274703547865857
"joint_ess1_x1","M10","S05",129,"guard","four_chain_sentinel",4,"mean_upper",50,0.0427576245513104
"joint_ess1_x1","M10","S05",129,"guard","four_chain_sentinel",4,"observed_loss",1,0.442488593216614
"joint_ess1_x1","M10","S05",129,"guard","four_chain_sentinel",4,"observed_loss",5,0.132735230349539
"joint_ess1_x1","M10","S05",129,"guard","four_chain_sentinel",4,"observed_loss",10,0.0104013844900007
"joint_ess1_x1","M10","S05",129,"guard","four_chain_sentinel",4,"observed_loss",25,0.001169496570462
"joint_ess1_x1","M10","S05",129,"guard","four_chain_sentinel",4,"observed_loss",50,0.00379631126659339
"joint_ess1_x1","M10","S05",104,"hard","one_chain_standard",1,"log_q_1",1,0.64062416787772
"joint_ess1_x1","M10","S05",104,"hard","one_chain_standard",1,"log_q_1",5,0.247099430041784
"joint_ess1_x1","M10","S05",104,"hard","one_chain_standard",1,"log_q_1",10,0.0836232272355447
"joint_ess1_x1","M10","S05",104,"hard","one_chain_standard",1,"log_q_1",25,0.0560576154973107
"joint_ess1_x1","M10","S05",104,"hard","one_chain_standard",1,"log_q_1",50,0.0265875249199341
"joint_ess1_x1","M10","S05",104,"hard","one_chain_standard",1,"mean_width",1,0.607423614956788
"joint_ess1_x1","M10","S05",104,"hard","one_chain_standard",1,"mean_width",5,0.215346817109387
"joint_ess1_x1","M10","S05",104,"hard","one_chain_standard",1,"mean_width",10,0.0990553180697439
"joint_ess1_x1","M10","S05",104,"hard","one_chain_standard",1,"mean_width",25,0.0709271249812291
"joint_ess1_x1","M10","S05",104,"hard","one_chain_standard",1,"mean_width",50,0.0479454275782432
"joint_ess1_x1","M10","S05",104,"hard","one_chain_standard",1,"mean_midpoint",1,0.422908971263347
"joint_ess1_x1","M10","S05",104,"hard","one_chain_standard",1,"mean_midpoint",5,0.090871535580467
"joint_ess1_x1","M10","S05",104,"hard","one_chain_standard",1,"mean_midpoint",10,0.0452600159161756
"joint_ess1_x1","M10","S05",104,"hard","one_chain_standard",1,"mean_midpoint",25,0.0152283069158976
"joint_ess1_x1","M10","S05",104,"hard","one_chain_standard",1,"mean_midpoint",50,-0.00487141071490698
"joint_ess1_x1","M10","S05",104,"hard","one_chain_standard",1,"mean_upper",1,0.559311251495419
"joint_ess1_x1","M10","S05",104,"hard","one_chain_standard",1,"mean_upper",5,0.177927764024418
"joint_ess1_x1","M10","S05",104,"hard","one_chain_standard",1,"mean_upper",10,0.0797188197779329
"joint_ess1_x1","M10","S05",104,"hard","one_chain_standard",1,"mean_upper",25,0.0438247566975674
"joint_ess1_x1","M10","S05",104,"hard","one_chain_standard",1,"mean_upper",50,0.022131137425271
"joint_ess1_x1","M10","S05",104,"hard","one_chain_standard",1,"observed_loss",1,0.386820325847396
"joint_ess1_x1","M10","S05",104,"hard","one_chain_standard",1,"observed_loss",5,0.0782527954480838
"joint_ess1_x1","M10","S05",104,"hard","one_chain_standard",1,"observed_loss",10,0.0355590849500404
"joint_ess1_x1","M10","S05",104,"hard","one_chain_standard",1,"observed_loss",25,0.0202761241734595
"joint_ess1_x1","M10","S05",104,"hard","one_chain_standard",1,"observed_loss",50,0.0436690376398015
"joint_ess1_x2","M10","S05",129,"guard","four_chain_sentinel",1,"log_q_1",1,0.58448815903115
"joint_ess1_x2","M10","S05",129,"guard","four_chain_sentinel",1,"log_q_1",5,0.147289996843793
"joint_ess1_x2","M10","S05",129,"guard","four_chain_sentinel",1,"log_q_1",10,0.0560722710833967
"joint_ess1_x2","M10","S05",129,"guard","four_chain_sentinel",1,"log_q_1",25,-0.000557449383240407
"joint_ess1_x2","M10","S05",129,"guard","four_chain_sentinel",1,"log_q_1",50,0.00919349706724772
"joint_ess1_x2","M10","S05",129,"guard","four_chain_sentinel",1,"mean_width",1,0.470068377510771
"joint_ess1_x2","M10","S05",129,"guard","four_chain_sentinel",1,"mean_width",5,0.128521349842101
"joint_ess1_x2","M10","S05",129,"guard","four_chain_sentinel",1,"mean_width",10,0.0654506695766405
"joint_ess1_x2","M10","S05",129,"guard","four_chain_sentinel",1,"mean_width",25,-0.0107239387171025
"joint_ess1_x2","M10","S05",129,"guard","four_chain_sentinel",1,"mean_width",50,-0.022786855666873
"joint_ess1_x2","M10","S05",129,"guard","four_chain_sentinel",1,"mean_midpoint",1,0.313993139536562
"joint_ess1_x2","M10","S05",129,"guard","four_chain_sentinel",1,"mean_midpoint",5,0.0640937867355011
"joint_ess1_x2","M10","S05",129,"guard","four_chain_sentinel",1,"mean_midpoint",10,0.0343982723582414
"joint_ess1_x2","M10","S05",129,"guard","four_chain_sentinel",1,"mean_midpoint",25,-0.0209179322583627
"joint_ess1_x2","M10","S05",129,"guard","four_chain_sentinel",1,"mean_midpoint",50,-0.0181307433704538
"joint_ess1_x2","M10","S05",129,"guard","four_chain_sentinel",1,"mean_upper",1,0.429469395462817
"joint_ess1_x2","M10","S05",129,"guard","four_chain_sentinel",1,"mean_upper",5,0.10922505606502
"joint_ess1_x2","M10","S05",129,"guard","four_chain_sentinel",1,"mean_upper",10,0.0549590459670154
"joint_ess1_x2","M10","S05",129,"guard","four_chain_sentinel",1,"mean_upper",25,-0.01916930230111
"joint_ess1_x2","M10","S05",129,"guard","four_chain_sentinel",1,"mean_upper",50,-0.0237250609689023
"joint_ess1_x2","M10","S05",129,"guard","four_chain_sentinel",1,"observed_loss",1,0.300139376169486
"joint_ess1_x2","M10","S05",129,"guard","four_chain_sentinel",1,"observed_loss",5,0.0528072213507083
"joint_ess1_x2","M10","S05",129,"guard","four_chain_sentinel",1,"observed_loss",10,0.0113851791760315
"joint_ess1_x2","M10","S05",129,"guard","four_chain_sentinel",1,"observed_loss",25,-0.020563850655772
"joint_ess1_x2","M10","S05",129,"guard","four_chain_sentinel",1,"observed_loss",50,0.0260183397443393
"joint_ess1_x2","M10","S05",129,"guard","four_chain_sentinel",2,"log_q_1",1,0.640101500425681
"joint_ess1_x2","M10","S05",129,"guard","four_chain_sentinel",2,"log_q_1",5,0.290115800915991
"joint_ess1_x2","M10","S05",129,"guard","four_chain_sentinel",2,"log_q_1",10,0.186885618808859
"joint_ess1_x2","M10","S05",129,"guard","four_chain_sentinel",2,"log_q_1",25,0.142696831198531
"joint_ess1_x2","M10","S05",129,"guard","four_chain_sentinel",2,"log_q_1",50,0.124532676385028
"joint_ess1_x2","M10","S05",129,"guard","four_chain_sentinel",2,"mean_width",1,0.520757969721752
"joint_ess1_x2","M10","S05",129,"guard","four_chain_sentinel",2,"mean_width",5,0.236431083105672
"joint_ess1_x2","M10","S05",129,"guard","four_chain_sentinel",2,"mean_width",10,0.174442715923914
"joint_ess1_x2","M10","S05",129,"guard","four_chain_sentinel",2,"mean_width",25,0.137267415211945
"joint_ess1_x2","M10","S05",129,"guard","four_chain_sentinel",2,"mean_width",50,0.104882083949241
"joint_ess1_x2","M10","S05",129,"guard","four_chain_sentinel",2,"mean_midpoint",1,0.351955642379642
"joint_ess1_x2","M10","S05",129,"guard","four_chain_sentinel",2,"mean_midpoint",5,0.113664069506025
"joint_ess1_x2","M10","S05",129,"guard","four_chain_sentinel",2,"mean_midpoint",10,0.0892478720027638
"joint_ess1_x2","M10","S05",129,"guard","four_chain_sentinel",2,"mean_midpoint",25,0.0770271378529976
"joint_ess1_x2","M10","S05",129,"guard","four_chain_sentinel",2,"mean_midpoint",50,0.0505381656349748
"joint_ess1_x2","M10","S05",129,"guard","four_chain_sentinel",2,"mean_upper",1,0.479040647085191
"joint_ess1_x2","M10","S05",129,"guard","four_chain_sentinel",2,"mean_upper",5,0.197705847806756
"joint_ess1_x2","M10","S05",129,"guard","four_chain_sentinel",2,"mean_upper",10,0.147139604562427
"joint_ess1_x2","M10","S05",129,"guard","four_chain_sentinel",2,"mean_upper",25,0.118642677759051
"joint_ess1_x2","M10","S05",129,"guard","four_chain_sentinel",2,"mean_upper",50,0.0888113642494342
"joint_ess1_x2","M10","S05",129,"guard","four_chain_sentinel",2,"observed_loss",1,0.334951949620721
"joint_ess1_x2","M10","S05",129,"guard","four_chain_sentinel",2,"observed_loss",5,0.11613571264588
"joint_ess1_x2","M10","S05",129,"guard","four_chain_sentinel",2,"observed_loss",10,0.0764775079532309
"joint_ess1_x2","M10","S05",129,"guard","four_chain_sentinel",2,"observed_loss",25,0.0547877385586744
"joint_ess1_x2","M10","S05",129,"guard","four_chain_sentinel",2,"observed_loss",50,0.0376861264369233
"joint_ess1_x2","M10","S05",129,"guard","four_chain_sentinel",3,"log_q_1",1,0.59350075816145
"joint_ess1_x2","M10","S05",129,"guard","four_chain_sentinel",3,"log_q_1",5,0.171667844036206
"joint_ess1_x2","M10","S05",129,"guard","four_chain_sentinel",3,"log_q_1",10,0.126608419787569
"joint_ess1_x2","M10","S05",129,"guard","four_chain_sentinel",3,"log_q_1",25,0.0519288132319549
"joint_ess1_x2","M10","S05",129,"guard","four_chain_sentinel",3,"log_q_1",50,0.0797025039257413
"joint_ess1_x2","M10","S05",129,"guard","four_chain_sentinel",3,"mean_width",1,0.479637315848144
"joint_ess1_x2","M10","S05",129,"guard","four_chain_sentinel",3,"mean_width",5,0.142102505321145
"joint_ess1_x2","M10","S05",129,"guard","four_chain_sentinel",3,"mean_width",10,0.12470374446146
"joint_ess1_x2","M10","S05",129,"guard","four_chain_sentinel",3,"mean_width",25,0.0601167716115379
"joint_ess1_x2","M10","S05",129,"guard","four_chain_sentinel",3,"mean_width",50,0.0458798082693078
"joint_ess1_x2","M10","S05",129,"guard","four_chain_sentinel",3,"mean_midpoint",1,0.325230660496714
"joint_ess1_x2","M10","S05",129,"guard","four_chain_sentinel",3,"mean_midpoint",5,0.0688976907275694
"joint_ess1_x2","M10","S05",129,"guard","four_chain_sentinel",3,"mean_midpoint",10,0.0591202652400558
"joint_ess1_x2","M10","S05",129,"guard","four_chain_sentinel",3,"mean_midpoint",25,0.0350071318080048
"joint_ess1_x2","M10","S05",129,"guard","four_chain_sentinel",3,"mean_midpoint",50,0.0148144136518609
"joint_ess1_x2","M10","S05",129,"guard","four_chain_sentinel",3,"mean_upper",1,0.440967246529864
"joint_ess1_x2","M10","S05",129,"guard","four_chain_sentinel",3,"mean_upper",5,0.115346637055184
"joint_ess1_x2","M10","S05",129,"guard","four_chain_sentinel",3,"mean_upper",10,0.101890993423253
"joint_ess1_x2","M10","S05",129,"guard","four_chain_sentinel",3,"mean_upper",25,0.0554558892154786
"joint_ess1_x2","M10","S05",129,"guard","four_chain_sentinel",3,"mean_upper",50,0.0354877643108535
"joint_ess1_x2","M10","S05",129,"guard","four_chain_sentinel",3,"observed_loss",1,0.316415787209784
"joint_ess1_x2","M10","S05",129,"guard","four_chain_sentinel",3,"observed_loss",5,0.0714693002634423
"joint_ess1_x2","M10","S05",129,"guard","four_chain_sentinel",3,"observed_loss",10,0.0477199474447634
"joint_ess1_x2","M10","S05",129,"guard","four_chain_sentinel",3,"observed_loss",25,0.0160883188567839
"joint_ess1_x2","M10","S05",129,"guard","four_chain_sentinel",3,"observed_loss",50,0.00269436621459854
"joint_ess1_x2","M10","S05",129,"guard","four_chain_sentinel",4,"log_q_1",1,0.587368273089988
"joint_ess1_x2","M10","S05",129,"guard","four_chain_sentinel",4,"log_q_1",5,0.132595347428528
"joint_ess1_x2","M10","S05",129,"guard","four_chain_sentinel",4,"log_q_1",10,0.0333679405646955
"joint_ess1_x2","M10","S05",129,"guard","four_chain_sentinel",4,"log_q_1",25,0.0392111078801088
"joint_ess1_x2","M10","S05",129,"guard","four_chain_sentinel",4,"log_q_1",50,-0.00565756825364955
"joint_ess1_x2","M10","S05",129,"guard","four_chain_sentinel",4,"mean_width",1,0.463822804664774
"joint_ess1_x2","M10","S05",129,"guard","four_chain_sentinel",4,"mean_width",5,0.0996286304260834
"joint_ess1_x2","M10","S05",129,"guard","four_chain_sentinel",4,"mean_width",10,0.0158462635094582
"joint_ess1_x2","M10","S05",129,"guard","four_chain_sentinel",4,"mean_width",25,-0.0034532623119366
"joint_ess1_x2","M10","S05",129,"guard","four_chain_sentinel",4,"mean_width",50,-0.020984517983194
"joint_ess1_x2","M10","S05",129,"guard","four_chain_sentinel",4,"mean_midpoint",1,0.313035523491312
"joint_ess1_x2","M10","S05",129,"guard","four_chain_sentinel",4,"mean_midpoint",5,0.0481293203151657
"joint_ess1_x2","M10","S05",129,"guard","four_chain_sentinel",4,"mean_midpoint",10,0.014614311675333
"joint_ess1_x2","M10","S05",129,"guard","four_chain_sentinel",4,"mean_midpoint",25,-0.00107287368657791
"joint_ess1_x2","M10","S05",129,"guard","four_chain_sentinel",4,"mean_midpoint",50,0.0074305856638517
"joint_ess1_x2","M10","S05",129,"guard","four_chain_sentinel",4,"mean_upper",1,0.424691596079542
"joint_ess1_x2","M10","S05",129,"guard","four_chain_sentinel",4,"mean_upper",5,0.0802770409891933
"joint_ess1_x2","M10","S05",129,"guard","four_chain_sentinel",4,"mean_upper",10,0.017159475271499
"joint_ess1_x2","M10","S05",129,"guard","four_chain_sentinel",4,"mean_upper",25,-0.00402714028825182
"joint_ess1_x2","M10","S05",129,"guard","four_chain_sentinel",4,"mean_upper",50,-0.00750399953810771
"joint_ess1_x2","M10","S05",129,"guard","four_chain_sentinel",4,"observed_loss",1,0.298556918271002
"joint_ess1_x2","M10","S05",129,"guard","four_chain_sentinel",4,"observed_loss",5,0.0252623472104002
"joint_ess1_x2","M10","S05",129,"guard","four_chain_sentinel",4,"observed_loss",10,-0.0173450644569624
"joint_ess1_x2","M10","S05",129,"guard","four_chain_sentinel",4,"observed_loss",25,0.00860316958323421
"joint_ess1_x2","M10","S05",129,"guard","four_chain_sentinel",4,"observed_loss",50,0.00306602472968311
"joint_ess1_x2","M10","S05",104,"hard","one_chain_standard",1,"log_q_1",1,0.55372835054394
"joint_ess1_x2","M10","S05",104,"hard","one_chain_standard",1,"log_q_1",5,0.239578403950047
"joint_ess1_x2","M10","S05",104,"hard","one_chain_standard",1,"log_q_1",10,0.175615523635766
"joint_ess1_x2","M10","S05",104,"hard","one_chain_standard",1,"log_q_1",25,0.179742004502206
"joint_ess1_x2","M10","S05",104,"hard","one_chain_standard",1,"log_q_1",50,0.178441084235045
"joint_ess1_x2","M10","S05",104,"hard","one_chain_standard",1,"mean_width",1,0.50342859045456
"joint_ess1_x2","M10","S05",104,"hard","one_chain_standard",1,"mean_width",5,0.247630509763407
"joint_ess1_x2","M10","S05",104,"hard","one_chain_standard",1,"mean_width",10,0.19576130770317
"joint_ess1_x2","M10","S05",104,"hard","one_chain_standard",1,"mean_width",25,0.194514968105734
"joint_ess1_x2","M10","S05",104,"hard","one_chain_standard",1,"mean_width",50,0.168791029010114
"joint_ess1_x2","M10","S05",104,"hard","one_chain_standard",1,"mean_midpoint",1,0.304449448228951
"joint_ess1_x2","M10","S05",104,"hard","one_chain_standard",1,"mean_midpoint",5,0.120222760629193
"joint_ess1_x2","M10","S05",104,"hard","one_chain_standard",1,"mean_midpoint",10,0.0602313805802922
"joint_ess1_x2","M10","S05",104,"hard","one_chain_standard",1,"mean_midpoint",25,0.0609976679264462
"joint_ess1_x2","M10","S05",104,"hard","one_chain_standard",1,"mean_midpoint",50,0.0738708538015106
"joint_ess1_x2","M10","S05",104,"hard","one_chain_standard",1,"mean_upper",1,0.457098681401192
"joint_ess1_x2","M10","S05",104,"hard","one_chain_standard",1,"mean_upper",5,0.211359877859582
"joint_ess1_x2","M10","S05",104,"hard","one_chain_standard",1,"mean_upper",10,0.147006202269908
"joint_ess1_x2","M10","S05",104,"hard","one_chain_standard",1,"mean_upper",25,0.142366378144034
"joint_ess1_x2","M10","S05",104,"hard","one_chain_standard",1,"mean_upper",50,0.132631708751382
"joint_ess1_x2","M10","S05",104,"hard","one_chain_standard",1,"observed_loss",1,0.226595208896292
"joint_ess1_x2","M10","S05",104,"hard","one_chain_standard",1,"observed_loss",5,0.0734864778044641
"joint_ess1_x2","M10","S05",104,"hard","one_chain_standard",1,"observed_loss",10,0.0212955947472851
"joint_ess1_x2","M10","S05",104,"hard","one_chain_standard",1,"observed_loss",25,0.0554071003726645
"joint_ess1_x2","M10","S05",104,"hard","one_chain_standard",1,"observed_loss",50,0.0313102713037203
"joint_ess2_x2","M10","S05",129,"guard","four_chain_sentinel",1,"log_q_1",1,0.583825158081995
"joint_ess2_x2","M10","S05",129,"guard","four_chain_sentinel",1,"log_q_1",5,0.189187966269402
"joint_ess2_x2","M10","S05",129,"guard","four_chain_sentinel",1,"log_q_1",10,0.0867483026772216
"joint_ess2_x2","M10","S05",129,"guard","four_chain_sentinel",1,"log_q_1",25,0.0650481464350935
"joint_ess2_x2","M10","S05",129,"guard","four_chain_sentinel",1,"log_q_1",50,0.0444445480482203
"joint_ess2_x2","M10","S05",129,"guard","four_chain_sentinel",1,"mean_width",1,0.459801892160233
"joint_ess2_x2","M10","S05",129,"guard","four_chain_sentinel",1,"mean_width",5,0.172378393515596
"joint_ess2_x2","M10","S05",129,"guard","four_chain_sentinel",1,"mean_width",10,0.114536444191962
"joint_ess2_x2","M10","S05",129,"guard","four_chain_sentinel",1,"mean_width",25,0.0679565231387439
"joint_ess2_x2","M10","S05",129,"guard","four_chain_sentinel",1,"mean_width",50,0.0320834364906746
"joint_ess2_x2","M10","S05",129,"guard","four_chain_sentinel",1,"mean_midpoint",1,0.312645844881963
"joint_ess2_x2","M10","S05",129,"guard","four_chain_sentinel",1,"mean_midpoint",5,0.0984530930687175
"joint_ess2_x2","M10","S05",129,"guard","four_chain_sentinel",1,"mean_midpoint",10,0.0730361541995595
"joint_ess2_x2","M10","S05",129,"guard","four_chain_sentinel",1,"mean_midpoint",25,0.0463459663724516
"joint_ess2_x2","M10","S05",129,"guard","four_chain_sentinel",1,"mean_midpoint",50,0.0270582323013506
"joint_ess2_x2","M10","S05",129,"guard","four_chain_sentinel",1,"mean_upper",1,0.427544075334499
"joint_ess2_x2","M10","S05",129,"guard","four_chain_sentinel",1,"mean_upper",5,0.15399147093422
"joint_ess2_x2","M10","S05",129,"guard","four_chain_sentinel",1,"mean_upper",10,0.106987543859544
"joint_ess2_x2","M10","S05",129,"guard","four_chain_sentinel",1,"mean_upper",25,0.0661764108981025
"joint_ess2_x2","M10","S05",129,"guard","four_chain_sentinel",1,"mean_upper",50,0.0354193392774386
"joint_ess2_x2","M10","S05",129,"guard","four_chain_sentinel",1,"observed_loss",1,0.297421407402615
"joint_ess2_x2","M10","S05",129,"guard","four_chain_sentinel",1,"observed_loss",5,0.0513594926904295
"joint_ess2_x2","M10","S05",129,"guard","four_chain_sentinel",1,"observed_loss",10,0.026158472450967
"joint_ess2_x2","M10","S05",129,"guard","four_chain_sentinel",1,"observed_loss",25,0.00322013360261012
"joint_ess2_x2","M10","S05",129,"guard","four_chain_sentinel",1,"observed_loss",50,-0.0119277105822082
"joint_ess2_x2","M10","S05",129,"guard","four_chain_sentinel",2,"log_q_1",1,0.580449146444849
"joint_ess2_x2","M10","S05",129,"guard","four_chain_sentinel",2,"log_q_1",5,0.161805957272455
"joint_ess2_x2","M10","S05",129,"guard","four_chain_sentinel",2,"log_q_1",10,0.0809121966621652
"joint_ess2_x2","M10","S05",129,"guard","four_chain_sentinel",2,"log_q_1",25,0.00319168565768067
"joint_ess2_x2","M10","S05",129,"guard","four_chain_sentinel",2,"log_q_1",50,-0.0176549031055639
"joint_ess2_x2","M10","S05",129,"guard","four_chain_sentinel",2,"mean_width",1,0.447012914553804
"joint_ess2_x2","M10","S05",129,"guard","four_chain_sentinel",2,"mean_width",5,0.125412322138131
"joint_ess2_x2","M10","S05",129,"guard","four_chain_sentinel",2,"mean_width",10,0.032537181636496
"joint_ess2_x2","M10","S05",129,"guard","four_chain_sentinel",2,"mean_width",25,-0.0117127154606457
"joint_ess2_x2","M10","S05",129,"guard","four_chain_sentinel",2,"mean_width",50,-0.0200788871009134
"joint_ess2_x2","M10","S05",129,"guard","four_chain_sentinel",2,"mean_midpoint",1,0.296080132071056
"joint_ess2_x2","M10","S05",129,"guard","four_chain_sentinel",2,"mean_midpoint",5,0.0519080372910244
"joint_ess2_x2","M10","S05",129,"guard","four_chain_sentinel",2,"mean_midpoint",10,0.0179042413811735
"joint_ess2_x2","M10","S05",129,"guard","four_chain_sentinel",2,"mean_midpoint",25,-0.0356363042795609
"joint_ess2_x2","M10","S05",129,"guard","four_chain_sentinel",2,"mean_midpoint",50,0.0180160114551773
"joint_ess2_x2","M10","S05",129,"guard","four_chain_sentinel",2,"mean_upper",1,0.404553997624366
"joint_ess2_x2","M10","S05",129,"guard","four_chain_sentinel",2,"mean_upper",5,0.101022329224582
"joint_ess2_x2","M10","S05",129,"guard","four_chain_sentinel",2,"mean_upper",10,0.0284288508913316
"joint_ess2_x2","M10","S05",129,"guard","four_chain_sentinel",2,"mean_upper",25,-0.0265683864861842
"joint_ess2_x2","M10","S05",129,"guard","four_chain_sentinel",2,"mean_upper",50,-0.00411362711863796
"joint_ess2_x2","M10","S05",129,"guard","four_chain_sentinel",2,"observed_loss",1,0.303177729604109
"joint_ess2_x2","M10","S05",129,"guard","four_chain_sentinel",2,"observed_loss",5,0.0483225644690887
"joint_ess2_x2","M10","S05",129,"guard","four_chain_sentinel",2,"observed_loss",10,-0.00545489092701721
"joint_ess2_x2","M10","S05",129,"guard","four_chain_sentinel",2,"observed_loss",25,-0.0127678194531021
"joint_ess2_x2","M10","S05",129,"guard","four_chain_sentinel",2,"observed_loss",50,-0.00419485484805975
"joint_ess2_x2","M10","S05",129,"guard","four_chain_sentinel",3,"log_q_1",1,0.591467577554889
"joint_ess2_x2","M10","S05",129,"guard","four_chain_sentinel",3,"log_q_1",5,0.161203650755828
"joint_ess2_x2","M10","S05",129,"guard","four_chain_sentinel",3,"log_q_1",10,0.0310631926920981
"joint_ess2_x2","M10","S05",129,"guard","four_chain_sentinel",3,"log_q_1",25,0.00380369921892269
"joint_ess2_x2","M10","S05",129,"guard","four_chain_sentinel",3,"log_q_1",50,0.00864846174202064
"joint_ess2_x2","M10","S05",129,"guard","four_chain_sentinel",3,"mean_width",1,0.463508764919613
"joint_ess2_x2","M10","S05",129,"guard","four_chain_sentinel",3,"mean_width",5,0.131597570701199
"joint_ess2_x2","M10","S05",129,"guard","four_chain_sentinel",3,"mean_width",10,0.0653977380093869
"joint_ess2_x2","M10","S05",129,"guard","four_chain_sentinel",3,"mean_width",25,0.0125305854718694
"joint_ess2_x2","M10","S05",129,"guard","four_chain_sentinel",3,"mean_width",50,-0.00623403832177379
"joint_ess2_x2","M10","S05",129,"guard","four_chain_sentinel",3,"mean_midpoint",1,0.327368228961384
"joint_ess2_x2","M10","S05",129,"guard","four_chain_sentinel",3,"mean_midpoint",5,0.0680893229580656
"joint_ess2_x2","M10","S05",129,"guard","four_chain_sentinel",3,"mean_midpoint",10,0.0398287692684615
"joint_ess2_x2","M10","S05",129,"guard","four_chain_sentinel",3,"mean_midpoint",25,-0.00218760286273777
"joint_ess2_x2","M10","S05",129,"guard","four_chain_sentinel",3,"mean_midpoint",50,0.00040584306828044
"joint_ess2_x2","M10","S05",129,"guard","four_chain_sentinel",3,"mean_upper",1,0.430881977844007
"joint_ess2_x2","M10","S05",129,"guard","four_chain_sentinel",3,"mean_upper",5,0.113679891254981
"joint_ess2_x2","M10","S05",129,"guard","four_chain_sentinel",3,"mean_upper",10,0.0536110101651863
"joint_ess2_x2","M10","S05",129,"guard","four_chain_sentinel",3,"mean_upper",25,0.00409703365807245
"joint_ess2_x2","M10","S05",129,"guard","four_chain_sentinel",3,"mean_upper",50,-0.00373640814534703
"joint_ess2_x2","M10","S05",129,"guard","four_chain_sentinel",3,"observed_loss",1,0.297193507588365
"joint_ess2_x2","M10","S05",129,"guard","four_chain_sentinel",3,"observed_loss",5,0.0656759486571158
"joint_ess2_x2","M10","S05",129,"guard","four_chain_sentinel",3,"observed_loss",10,0.0263041831695935
"joint_ess2_x2","M10","S05",129,"guard","four_chain_sentinel",3,"observed_loss",25,-0.0157836905819389
"joint_ess2_x2","M10","S05",129,"guard","four_chain_sentinel",3,"observed_loss",50,0.0339285985858653
"joint_ess2_x2","M10","S05",129,"guard","four_chain_sentinel",4,"log_q_1",1,0.606570309184759
"joint_ess2_x2","M10","S05",129,"guard","four_chain_sentinel",4,"log_q_1",5,0.251771459519235
"joint_ess2_x2","M10","S05",129,"guard","four_chain_sentinel",4,"log_q_1",10,0.142953497114465
"joint_ess2_x2","M10","S05",129,"guard","four_chain_sentinel",4,"log_q_1",25,0.124382961296008
"joint_ess2_x2","M10","S05",129,"guard","four_chain_sentinel",4,"log_q_1",50,0.136938136770504
"joint_ess2_x2","M10","S05",129,"guard","four_chain_sentinel",4,"mean_width",1,0.500003150628637
"joint_ess2_x2","M10","S05",129,"guard","four_chain_sentinel",4,"mean_width",5,0.190248191819645
"joint_ess2_x2","M10","S05",129,"guard","four_chain_sentinel",4,"mean_width",10,0.142243267790499
"joint_ess2_x2","M10","S05",129,"guard","four_chain_sentinel",4,"mean_width",25,0.107045911389628
"joint_ess2_x2","M10","S05",129,"guard","four_chain_sentinel",4,"mean_width",50,0.092229969637835
"joint_ess2_x2","M10","S05",129,"guard","four_chain_sentinel",4,"mean_midpoint",1,0.318895001556425
"joint_ess2_x2","M10","S05",129,"guard","four_chain_sentinel",4,"mean_midpoint",5,0.0911702547470769
"joint_ess2_x2","M10","S05",129,"guard","four_chain_sentinel",4,"mean_midpoint",10,0.100138278135716
"joint_ess2_x2","M10","S05",129,"guard","four_chain_sentinel",4,"mean_midpoint",25,0.0396089829077942
"joint_ess2_x2","M10","S05",129,"guard","four_chain_sentinel",4,"mean_midpoint",50,0.0450580208685408
"joint_ess2_x2","M10","S05",129,"guard","four_chain_sentinel",4,"mean_upper",1,0.451836726569892
"joint_ess2_x2","M10","S05",129,"guard","four_chain_sentinel",4,"mean_upper",5,0.160088956828881
"joint_ess2_x2","M10","S05",129,"guard","four_chain_sentinel",4,"mean_upper",10,0.137032999534374
"joint_ess2_x2","M10","S05",129,"guard","four_chain_sentinel",4,"mean_upper",25,0.0836372770408342
"joint_ess2_x2","M10","S05",129,"guard","four_chain_sentinel",4,"mean_upper",50,0.0775229890830995
"joint_ess2_x2","M10","S05",129,"guard","four_chain_sentinel",4,"observed_loss",1,0.309381997867219
"joint_ess2_x2","M10","S05",129,"guard","four_chain_sentinel",4,"observed_loss",5,0.0825437164738597
"joint_ess2_x2","M10","S05",129,"guard","four_chain_sentinel",4,"observed_loss",10,0.040608007078371
"joint_ess2_x2","M10","S05",129,"guard","four_chain_sentinel",4,"observed_loss",25,0.0334030449263916
"joint_ess2_x2","M10","S05",129,"guard","four_chain_sentinel",4,"observed_loss",50,0.0334938838905124
"joint_ess2_x2","M10","S05",104,"hard","one_chain_standard",1,"log_q_1",1,0.457446571817697
"joint_ess2_x2","M10","S05",104,"hard","one_chain_standard",1,"log_q_1",5,0.0964933410181257
"joint_ess2_x2","M10","S05",104,"hard","one_chain_standard",1,"log_q_1",10,0.0370489117629394
"joint_ess2_x2","M10","S05",104,"hard","one_chain_standard",1,"log_q_1",25,0.0179581817777047
"joint_ess2_x2","M10","S05",104,"hard","one_chain_standard",1,"log_q_1",50,0.0280594931216618
"joint_ess2_x2","M10","S05",104,"hard","one_chain_standard",1,"mean_width",1,0.395278662228548
"joint_ess2_x2","M10","S05",104,"hard","one_chain_standard",1,"mean_width",5,0.0915621059772745
"joint_ess2_x2","M10","S05",104,"hard","one_chain_standard",1,"mean_width",10,0.0699584177665671
"joint_ess2_x2","M10","S05",104,"hard","one_chain_standard",1,"mean_width",25,0.00477333015410387
"joint_ess2_x2","M10","S05",104,"hard","one_chain_standard",1,"mean_width",50,0.0278959039205594
"joint_ess2_x2","M10","S05",104,"hard","one_chain_standard",1,"mean_midpoint",1,0.258620367946407
"joint_ess2_x2","M10","S05",104,"hard","one_chain_standard",1,"mean_midpoint",5,0.0440241622529722
"joint_ess2_x2","M10","S05",104,"hard","one_chain_standard",1,"mean_midpoint",10,0.0352269872054406
"joint_ess2_x2","M10","S05",104,"hard","one_chain_standard",1,"mean_midpoint",25,-0.0292761545116904
"joint_ess2_x2","M10","S05",104,"hard","one_chain_standard",1,"mean_midpoint",50,-0.00409379406262133
"joint_ess2_x2","M10","S05",104,"hard","one_chain_standard",1,"mean_upper",1,0.36780790519378
"joint_ess2_x2","M10","S05",104,"hard","one_chain_standard",1,"mean_upper",5,0.0785059178780348
"joint_ess2_x2","M10","S05",104,"hard","one_chain_standard",1,"mean_upper",10,0.0590257668013356
"joint_ess2_x2","M10","S05",104,"hard","one_chain_standard",1,"mean_upper",25,-0.0149226303049038
"joint_ess2_x2","M10","S05",104,"hard","one_chain_standard",1,"mean_upper",50,0.0145716161310555
"joint_ess2_x2","M10","S05",104,"hard","one_chain_standard",1,"observed_loss",1,0.232774537655692
"joint_ess2_x2","M10","S05",104,"hard","one_chain_standard",1,"observed_loss",5,-0.0123892170848443
"joint_ess2_x2","M10","S05",104,"hard","one_chain_standard",1,"observed_loss",10,0.00261899103426879
"joint_ess2_x2","M10","S05",104,"hard","one_chain_standard",1,"observed_loss",25,0.0164418733076858
"joint_ess2_x2","M10","S05",104,"hard","one_chain_standard",1,"observed_loss",50,0.00164699528987926
"joint_ess1_reverse_x2","M10","S05",129,"guard","four_chain_sentinel",1,"log_q_1",1,0.592688049397264
"joint_ess1_reverse_x2","M10","S05",129,"guard","four_chain_sentinel",1,"log_q_1",5,0.219175317735162
"joint_ess1_reverse_x2","M10","S05",129,"guard","four_chain_sentinel",1,"log_q_1",10,0.0917483424771759
"joint_ess1_reverse_x2","M10","S05",129,"guard","four_chain_sentinel",1,"log_q_1",25,-0.00826683696214938
"joint_ess1_reverse_x2","M10","S05",129,"guard","four_chain_sentinel",1,"log_q_1",50,0.0420063889163044
"joint_ess1_reverse_x2","M10","S05",129,"guard","four_chain_sentinel",1,"mean_width",1,0.469622245962156
"joint_ess1_reverse_x2","M10","S05",129,"guard","four_chain_sentinel",1,"mean_width",5,0.137486689182966
"joint_ess1_reverse_x2","M10","S05",129,"guard","four_chain_sentinel",1,"mean_width",10,0.0487746824524209
"joint_ess1_reverse_x2","M10","S05",129,"guard","four_chain_sentinel",1,"mean_width",25,0.0116782845551757
"joint_ess1_reverse_x2","M10","S05",129,"guard","four_chain_sentinel",1,"mean_width",50,0.00348692875620077
"joint_ess1_reverse_x2","M10","S05",129,"guard","four_chain_sentinel",1,"mean_midpoint",1,0.312961463094178
"joint_ess1_reverse_x2","M10","S05",129,"guard","four_chain_sentinel",1,"mean_midpoint",5,0.0947933974647189
"joint_ess1_reverse_x2","M10","S05",129,"guard","four_chain_sentinel",1,"mean_midpoint",10,0.0197546264108578
"joint_ess1_reverse_x2","M10","S05",129,"guard","four_chain_sentinel",1,"mean_midpoint",25,0.00174685899690028
"joint_ess1_reverse_x2","M10","S05",129,"guard","four_chain_sentinel",1,"mean_midpoint",50,0.0284246125356384
"joint_ess1_reverse_x2","M10","S05",129,"guard","four_chain_sentinel",1,"mean_upper",1,0.427115846806622
"joint_ess1_reverse_x2","M10","S05",129,"guard","four_chain_sentinel",1,"mean_upper",5,0.129232058540659
"joint_ess1_reverse_x2","M10","S05",129,"guard","four_chain_sentinel",1,"mean_upper",10,0.0373864274354659
"joint_ess1_reverse_x2","M10","S05",129,"guard","four_chain_sentinel",1,"mean_upper",25,0.00716167795368847
"joint_ess1_reverse_x2","M10","S05",129,"guard","four_chain_sentinel",1,"mean_upper",50,0.0180402170932848
"joint_ess1_reverse_x2","M10","S05",129,"guard","four_chain_sentinel",1,"observed_loss",1,0.274543031881657
"joint_ess1_reverse_x2","M10","S05",129,"guard","four_chain_sentinel",1,"observed_loss",5,0.0707545445637506
"joint_ess1_reverse_x2","M10","S05",129,"guard","four_chain_sentinel",1,"observed_loss",10,0.0308938948990884
"joint_ess1_reverse_x2","M10","S05",129,"guard","four_chain_sentinel",1,"observed_loss",25,-0.00728663135752573
"joint_ess1_reverse_x2","M10","S05",129,"guard","four_chain_sentinel",1,"observed_loss",50,0.00237293830614241
"joint_ess1_reverse_x2","M10","S05",129,"guard","four_chain_sentinel",2,"log_q_1",1,0.591493374530935
"joint_ess1_reverse_x2","M10","S05",129,"guard","four_chain_sentinel",2,"log_q_1",5,0.238396411822695
"joint_ess1_reverse_x2","M10","S05",129,"guard","four_chain_sentinel",2,"log_q_1",10,0.162569246828858
"joint_ess1_reverse_x2","M10","S05",129,"guard","four_chain_sentinel",2,"log_q_1",25,0.107606157608077
"joint_ess1_reverse_x2","M10","S05",129,"guard","four_chain_sentinel",2,"log_q_1",50,0.0990546887800469
"joint_ess1_reverse_x2","M10","S05",129,"guard","four_chain_sentinel",2,"mean_width",1,0.502572345367615
"joint_ess1_reverse_x2","M10","S05",129,"guard","four_chain_sentinel",2,"mean_width",5,0.209740125838034
"joint_ess1_reverse_x2","M10","S05",129,"guard","four_chain_sentinel",2,"mean_width",10,0.178304136455242
"joint_ess1_reverse_x2","M10","S05",129,"guard","four_chain_sentinel",2,"mean_width",25,0.0911074431488911
"joint_ess1_reverse_x2","M10","S05",129,"guard","four_chain_sentinel",2,"mean_width",50,0.0776778022682277
"joint_ess1_reverse_x2","M10","S05",129,"guard","four_chain_sentinel",2,"mean_midpoint",1,0.343738133377424
"joint_ess1_reverse_x2","M10","S05",129,"guard","four_chain_sentinel",2,"mean_midpoint",5,0.112048178376908
"joint_ess1_reverse_x2","M10","S05",129,"guard","four_chain_sentinel",2,"mean_midpoint",10,0.08121928241971
"joint_ess1_reverse_x2","M10","S05",129,"guard","four_chain_sentinel",2,"mean_midpoint",25,0.043603771506776
"joint_ess1_reverse_x2","M10","S05",129,"guard","four_chain_sentinel",2,"mean_midpoint",50,0.0452306096248762
"joint_ess1_reverse_x2","M10","S05",129,"guard","four_chain_sentinel",2,"mean_upper",1,0.464463931768589
"joint_ess1_reverse_x2","M10","S05",129,"guard","four_chain_sentinel",2,"mean_upper",5,0.181912734560008
"joint_ess1_reverse_x2","M10","S05",129,"guard","four_chain_sentinel",2,"mean_upper",10,0.146999700855621
"joint_ess1_reverse_x2","M10","S05",129,"guard","four_chain_sentinel",2,"mean_upper",25,0.0757115591662174
"joint_ess1_reverse_x2","M10","S05",129,"guard","four_chain_sentinel",2,"mean_upper",50,0.0682427419615393
"joint_ess1_reverse_x2","M10","S05",129,"guard","four_chain_sentinel",2,"observed_loss",1,0.301256402315431
"joint_ess1_reverse_x2","M10","S05",129,"guard","four_chain_sentinel",2,"observed_loss",5,0.0762298056247932
"joint_ess1_reverse_x2","M10","S05",129,"guard","four_chain_sentinel",2,"observed_loss",10,0.0394440265492932
"joint_ess1_reverse_x2","M10","S05",129,"guard","four_chain_sentinel",2,"observed_loss",25,0.0246093614398657
"joint_ess1_reverse_x2","M10","S05",129,"guard","four_chain_sentinel",2,"observed_loss",50,0.00575259909162718
"joint_ess1_reverse_x2","M10","S05",129,"guard","four_chain_sentinel",3,"log_q_1",1,0.59642098719328
"joint_ess1_reverse_x2","M10","S05",129,"guard","four_chain_sentinel",3,"log_q_1",5,0.245723777098563
"joint_ess1_reverse_x2","M10","S05",129,"guard","four_chain_sentinel",3,"log_q_1",10,0.147402645208014
"joint_ess1_reverse_x2","M10","S05",129,"guard","four_chain_sentinel",3,"log_q_1",25,0.145046388628506
"joint_ess1_reverse_x2","M10","S05",129,"guard","four_chain_sentinel",3,"log_q_1",50,0.120375657611422
"joint_ess1_reverse_x2","M10","S05",129,"guard","four_chain_sentinel",3,"mean_width",1,0.50032606663076
"joint_ess1_reverse_x2","M10","S05",129,"guard","four_chain_sentinel",3,"mean_width",5,0.208377118244054
"joint_ess1_reverse_x2","M10","S05",129,"guard","four_chain_sentinel",3,"mean_width",10,0.143499541480965
"joint_ess1_reverse_x2","M10","S05",129,"guard","four_chain_sentinel",3,"mean_width",25,0.114971457993435
"joint_ess1_reverse_x2","M10","S05",129,"guard","four_chain_sentinel",3,"mean_width",50,0.132221470885953
"joint_ess1_reverse_x2","M10","S05",129,"guard","four_chain_sentinel",3,"mean_midpoint",1,0.323079937439515
"joint_ess1_reverse_x2","M10","S05",129,"guard","four_chain_sentinel",3,"mean_midpoint",5,0.0971685653433121
"joint_ess1_reverse_x2","M10","S05",129,"guard","four_chain_sentinel",3,"mean_midpoint",10,0.0853339600289534
"joint_ess1_reverse_x2","M10","S05",129,"guard","four_chain_sentinel",3,"mean_midpoint",25,0.0811433850577809
"joint_ess1_reverse_x2","M10","S05",129,"guard","four_chain_sentinel",3,"mean_midpoint",50,0.0684292860949292
"joint_ess1_reverse_x2","M10","S05",129,"guard","four_chain_sentinel",3,"mean_upper",1,0.452257811641497
"joint_ess1_reverse_x2","M10","S05",129,"guard","four_chain_sentinel",3,"mean_upper",5,0.174492671944471
"joint_ess1_reverse_x2","M10","S05",129,"guard","four_chain_sentinel",3,"mean_upper",10,0.126884081691685
"joint_ess1_reverse_x2","M10","S05",129,"guard","four_chain_sentinel",3,"mean_upper",25,0.110302863579963
"joint_ess1_reverse_x2","M10","S05",129,"guard","four_chain_sentinel",3,"mean_upper",50,0.111124734035154
"joint_ess1_reverse_x2","M10","S05",129,"guard","four_chain_sentinel",3,"observed_loss",1,0.301605259533986
"joint_ess1_reverse_x2","M10","S05",129,"guard","four_chain_sentinel",3,"observed_loss",5,0.0773591852530311
"joint_ess1_reverse_x2","M10","S05",129,"guard","four_chain_sentinel",3,"observed_loss",10,0.0494677687010113
"joint_ess1_reverse_x2","M10","S05",129,"guard","four_chain_sentinel",3,"observed_loss",25,0.0130023338072494
"joint_ess1_reverse_x2","M10","S05",129,"guard","four_chain_sentinel",3,"observed_loss",50,0.0329334290806743
"joint_ess1_reverse_x2","M10","S05",129,"guard","four_chain_sentinel",4,"log_q_1",1,0.580865645159579
"joint_ess1_reverse_x2","M10","S05",129,"guard","four_chain_sentinel",4,"log_q_1",5,0.170665416494939
"joint_ess1_reverse_x2","M10","S05",129,"guard","four_chain_sentinel",4,"log_q_1",10,0.0628602589399116
"joint_ess1_reverse_x2","M10","S05",129,"guard","four_chain_sentinel",4,"log_q_1",25,-0.0149255223788272
"joint_ess1_reverse_x2","M10","S05",129,"guard","four_chain_sentinel",4,"log_q_1",50,-0.0272380400933746
"joint_ess1_reverse_x2","M10","S05",129,"guard","four_chain_sentinel",4,"mean_width",1,0.459579978944623
"joint_ess1_reverse_x2","M10","S05",129,"guard","four_chain_sentinel",4,"mean_width",5,0.111123465573461
"joint_ess1_reverse_x2","M10","S05",129,"guard","four_chain_sentinel",4,"mean_width",10,0.0479563790250779
"joint_ess1_reverse_x2","M10","S05",129,"guard","four_chain_sentinel",4,"mean_width",25,0.0178423852871862
"joint_ess1_reverse_x2","M10","S05",129,"guard","four_chain_sentinel",4,"mean_width",50,0.00683649215671284
"joint_ess1_reverse_x2","M10","S05",129,"guard","four_chain_sentinel",4,"mean_midpoint",1,0.298646951408585
"joint_ess1_reverse_x2","M10","S05",129,"guard","four_chain_sentinel",4,"mean_midpoint",5,0.0525715582684105
"joint_ess1_reverse_x2","M10","S05",129,"guard","four_chain_sentinel",4,"mean_midpoint",10,0.00590312844334119
"joint_ess1_reverse_x2","M10","S05",129,"guard","four_chain_sentinel",4,"mean_midpoint",25,0.00124176635351947
"joint_ess1_reverse_x2","M10","S05",129,"guard","four_chain_sentinel",4,"mean_midpoint",50,-0.000802439971761282
"joint_ess1_reverse_x2","M10","S05",129,"guard","four_chain_sentinel",4,"mean_upper",1,0.413159930456868
"joint_ess1_reverse_x2","M10","S05",129,"guard","four_chain_sentinel",4,"mean_upper",5,0.0948922950589651
"joint_ess1_reverse_x2","M10","S05",129,"guard","four_chain_sentinel",4,"mean_upper",10,0.0255551431815453
"joint_ess1_reverse_x2","M10","S05",129,"guard","four_chain_sentinel",4,"mean_upper",25,0.0136166136127884
"joint_ess1_reverse_x2","M10","S05",129,"guard","four_chain_sentinel",4,"mean_upper",50,0.00441186767786966
"joint_ess1_reverse_x2","M10","S05",129,"guard","four_chain_sentinel",4,"observed_loss",1,0.307280415726396
"joint_ess1_reverse_x2","M10","S05",129,"guard","four_chain_sentinel",4,"observed_loss",5,0.0877854878956928
"joint_ess1_reverse_x2","M10","S05",129,"guard","four_chain_sentinel",4,"observed_loss",10,0.0323685319630538
"joint_ess1_reverse_x2","M10","S05",129,"guard","four_chain_sentinel",4,"observed_loss",25,-0.0193422082786502
"joint_ess1_reverse_x2","M10","S05",129,"guard","four_chain_sentinel",4,"observed_loss",50,0.0012665933178879
"joint_ess1_reverse_x2","M10","S05",104,"hard","one_chain_standard",1,"log_q_1",1,0.507245269047635
"joint_ess1_reverse_x2","M10","S05",104,"hard","one_chain_standard",1,"log_q_1",5,0.169022475113677
"joint_ess1_reverse_x2","M10","S05",104,"hard","one_chain_standard",1,"log_q_1",10,0.137431983637368
"joint_ess1_reverse_x2","M10","S05",104,"hard","one_chain_standard",1,"log_q_1",25,0.104214700374488
"joint_ess1_reverse_x2","M10","S05",104,"hard","one_chain_standard",1,"log_q_1",50,0.0846462806596976
"joint_ess1_reverse_x2","M10","S05",104,"hard","one_chain_standard",1,"mean_width",1,0.453412684451234
"joint_ess1_reverse_x2","M10","S05",104,"hard","one_chain_standard",1,"mean_width",5,0.154574034318423
"joint_ess1_reverse_x2","M10","S05",104,"hard","one_chain_standard",1,"mean_width",10,0.161658896079851
"joint_ess1_reverse_x2","M10","S05",104,"hard","one_chain_standard",1,"mean_width",25,0.101424699409632
"joint_ess1_reverse_x2","M10","S05",104,"hard","one_chain_standard",1,"mean_width",50,0.0984383339929394
"joint_ess1_reverse_x2","M10","S05",104,"hard","one_chain_standard",1,"mean_midpoint",1,0.284015337747696
"joint_ess1_reverse_x2","M10","S05",104,"hard","one_chain_standard",1,"mean_midpoint",5,0.0850073698986497
"joint_ess1_reverse_x2","M10","S05",104,"hard","one_chain_standard",1,"mean_midpoint",10,0.0713497748620615
"joint_ess1_reverse_x2","M10","S05",104,"hard","one_chain_standard",1,"mean_midpoint",25,0.0391734549127396
"joint_ess1_reverse_x2","M10","S05",104,"hard","one_chain_standard",1,"mean_midpoint",50,0.0409466305034752
"joint_ess1_reverse_x2","M10","S05",104,"hard","one_chain_standard",1,"mean_upper",1,0.415144230331854
"joint_ess1_reverse_x2","M10","S05",104,"hard","one_chain_standard",1,"mean_upper",5,0.136940199380219
"joint_ess1_reverse_x2","M10","S05",104,"hard","one_chain_standard",1,"mean_upper",10,0.131323827001417
"joint_ess1_reverse_x2","M10","S05",104,"hard","one_chain_standard",1,"mean_upper",25,0.0860959851483313
"joint_ess1_reverse_x2","M10","S05",104,"hard","one_chain_standard",1,"mean_upper",50,0.0824371833750342
"joint_ess1_reverse_x2","M10","S05",104,"hard","one_chain_standard",1,"observed_loss",1,0.222717740114932
"joint_ess1_reverse_x2","M10","S05",104,"hard","one_chain_standard",1,"observed_loss",5,0.012802830586544
"joint_ess1_reverse_x2","M10","S05",104,"hard","one_chain_standard",1,"observed_loss",10,0.0165926415462449
"joint_ess1_reverse_x2","M10","S05",104,"hard","one_chain_standard",1,"observed_loss",25,0.0164323226161672
"joint_ess1_reverse_x2","M10","S05",104,"hard","one_chain_standard",1,"observed_loss",50,0.00911690556277325
"joint_ess1_x1","M11","S05",190,"guard","one_chain_standard",1,"log_q_1",1,0.69164959384316
"joint_ess1_x1","M11","S05",190,"guard","one_chain_standard",1,"log_q_1",5,0.486294623682415
"joint_ess1_x1","M11","S05",190,"guard","one_chain_standard",1,"log_q_1",10,0.381755617194376
"joint_ess1_x1","M11","S05",190,"guard","one_chain_standard",1,"log_q_1",25,0.283895664679335
"joint_ess1_x1","M11","S05",190,"guard","one_chain_standard",1,"log_q_1",50,0.227166839565332
"joint_ess1_x1","M11","S05",190,"guard","one_chain_standard",1,"log_lambda",1,0.598979931130015
"joint_ess1_x1","M11","S05",190,"guard","one_chain_standard",1,"log_lambda",5,0.274242208781854
"joint_ess1_x1","M11","S05",190,"guard","one_chain_standard",1,"log_lambda",10,0.184092130501984
"joint_ess1_x1","M11","S05",190,"guard","one_chain_standard",1,"log_lambda",25,0.0972361611844155
"joint_ess1_x1","M11","S05",190,"guard","one_chain_standard",1,"log_lambda",50,0.082037784140907
"joint_ess1_x1","M11","S05",190,"guard","one_chain_standard",1,"mean_width",1,0.744235839199383
"joint_ess1_x1","M11","S05",190,"guard","one_chain_standard",1,"mean_width",5,0.49829508549664
"joint_ess1_x1","M11","S05",190,"guard","one_chain_standard",1,"mean_width",10,0.380895371183666
"joint_ess1_x1","M11","S05",190,"guard","one_chain_standard",1,"mean_width",25,0.270366014042682
"joint_ess1_x1","M11","S05",190,"guard","one_chain_standard",1,"mean_width",50,0.207789339807669
"joint_ess1_x1","M11","S05",190,"guard","one_chain_standard",1,"mean_midpoint",1,0.589263738349358
"joint_ess1_x1","M11","S05",190,"guard","one_chain_standard",1,"mean_midpoint",5,0.355300271323818
"joint_ess1_x1","M11","S05",190,"guard","one_chain_standard",1,"mean_midpoint",10,0.26947421080651
"joint_ess1_x1","M11","S05",190,"guard","one_chain_standard",1,"mean_midpoint",25,0.202241858323695
"joint_ess1_x1","M11","S05",190,"guard","one_chain_standard",1,"mean_midpoint",50,0.169261874685072
"joint_ess1_x1","M11","S05",190,"guard","one_chain_standard",1,"mean_upper",1,0.725776906975058
"joint_ess1_x1","M11","S05",190,"guard","one_chain_standard",1,"mean_upper",5,0.482729255887896
"joint_ess1_x1","M11","S05",190,"guard","one_chain_standard",1,"mean_upper",10,0.368261719869153
"joint_ess1_x1","M11","S05",190,"guard","one_chain_standard",1,"mean_upper",25,0.271138588682726
"joint_ess1_x1","M11","S05",190,"guard","one_chain_standard",1,"mean_upper",50,0.213804412819448
"joint_ess1_x1","M11","S05",190,"guard","one_chain_standard",1,"observed_loss",1,0.764423050201357
"joint_ess1_x1","M11","S05",190,"guard","one_chain_standard",1,"observed_loss",5,0.408090200267445
"joint_ess1_x1","M11","S05",190,"guard","one_chain_standard",1,"observed_loss",10,0.276152153043843
"joint_ess1_x1","M11","S05",190,"guard","one_chain_standard",1,"observed_loss",25,0.145260033392339
"joint_ess1_x1","M11","S05",190,"guard","one_chain_standard",1,"observed_loss",50,0.129624446074379
"joint_ess1_x1","M11","S05",74,"hard","four_chain_sentinel",1,"log_q_1",1,0.624594006109283
"joint_ess1_x1","M11","S05",74,"hard","four_chain_sentinel",1,"log_q_1",5,0.300464610771979
"joint_ess1_x1","M11","S05",74,"hard","four_chain_sentinel",1,"log_q_1",10,0.157114115788585
"joint_ess1_x1","M11","S05",74,"hard","four_chain_sentinel",1,"log_q_1",25,0.0267948893435462
"joint_ess1_x1","M11","S05",74,"hard","four_chain_sentinel",1,"log_q_1",50,-0.0375197460873461
"joint_ess1_x1","M11","S05",74,"hard","four_chain_sentinel",1,"log_lambda",1,0.542209273933377
"joint_ess1_x1","M11","S05",74,"hard","four_chain_sentinel",1,"log_lambda",5,0.220889540789931
"joint_ess1_x1","M11","S05",74,"hard","four_chain_sentinel",1,"log_lambda",10,0.107754843766078
"joint_ess1_x1","M11","S05",74,"hard","four_chain_sentinel",1,"log_lambda",25,-0.00156674546236626
"joint_ess1_x1","M11","S05",74,"hard","four_chain_sentinel",1,"log_lambda",50,-0.0256280584911334
"joint_ess1_x1","M11","S05",74,"hard","four_chain_sentinel",1,"mean_width",1,0.739980350722509
"joint_ess1_x1","M11","S05",74,"hard","four_chain_sentinel",1,"mean_width",5,0.376152175119631
"joint_ess1_x1","M11","S05",74,"hard","four_chain_sentinel",1,"mean_width",10,0.188180914198374
"joint_ess1_x1","M11","S05",74,"hard","four_chain_sentinel",1,"mean_width",25,0.0103073927558769
"joint_ess1_x1","M11","S05",74,"hard","four_chain_sentinel",1,"mean_width",50,-0.0350053663943363
"joint_ess1_x1","M11","S05",74,"hard","four_chain_sentinel",1,"mean_midpoint",1,0.607528495067361
"joint_ess1_x1","M11","S05",74,"hard","four_chain_sentinel",1,"mean_midpoint",5,0.257669712298728
"joint_ess1_x1","M11","S05",74,"hard","four_chain_sentinel",1,"mean_midpoint",10,0.120033662244908
"joint_ess1_x1","M11","S05",74,"hard","four_chain_sentinel",1,"mean_midpoint",25,0.0104516967727567
"joint_ess1_x1","M11","S05",74,"hard","four_chain_sentinel",1,"mean_midpoint",50,-0.0248063855832276
"joint_ess1_x1","M11","S05",74,"hard","four_chain_sentinel",1,"mean_upper",1,0.710034704296389
"joint_ess1_x1","M11","S05",74,"hard","four_chain_sentinel",1,"mean_upper",5,0.350203595449292
"joint_ess1_x1","M11","S05",74,"hard","four_chain_sentinel",1,"mean_upper",10,0.171739726805576
"joint_ess1_x1","M11","S05",74,"hard","four_chain_sentinel",1,"mean_upper",25,0.0124414636506737
"joint_ess1_x1","M11","S05",74,"hard","four_chain_sentinel",1,"mean_upper",50,-0.0320929742723419
"joint_ess1_x1","M11","S05",74,"hard","four_chain_sentinel",1,"observed_loss",1,0.730636838413883
"joint_ess1_x1","M11","S05",74,"hard","four_chain_sentinel",1,"observed_loss",5,0.328837839151175
"joint_ess1_x1","M11","S05",74,"hard","four_chain_sentinel",1,"observed_loss",10,0.154541024432879
"joint_ess1_x1","M11","S05",74,"hard","four_chain_sentinel",1,"observed_loss",25,-0.00290785940891243
"joint_ess1_x1","M11","S05",74,"hard","four_chain_sentinel",1,"observed_loss",50,-0.0341997582516583
"joint_ess1_x1","M11","S05",74,"hard","four_chain_sentinel",2,"log_q_1",1,0.601489765068142
"joint_ess1_x1","M11","S05",74,"hard","four_chain_sentinel",2,"log_q_1",5,0.273767038762294
"joint_ess1_x1","M11","S05",74,"hard","four_chain_sentinel",2,"log_q_1",10,0.12631445496871
"joint_ess1_x1","M11","S05",74,"hard","four_chain_sentinel",2,"log_q_1",25,-0.00441766450205738
"joint_ess1_x1","M11","S05",74,"hard","four_chain_sentinel",2,"log_q_1",50,0.0198430313596193
"joint_ess1_x1","M11","S05",74,"hard","four_chain_sentinel",2,"log_lambda",1,0.543135692436677
"joint_ess1_x1","M11","S05",74,"hard","four_chain_sentinel",2,"log_lambda",5,0.189682367341452
"joint_ess1_x1","M11","S05",74,"hard","four_chain_sentinel",2,"log_lambda",10,0.0693736684430778
"joint_ess1_x1","M11","S05",74,"hard","four_chain_sentinel",2,"log_lambda",25,0.0204850168826361
"joint_ess1_x1","M11","S05",74,"hard","four_chain_sentinel",2,"log_lambda",50,0.00776017360388166
"joint_ess1_x1","M11","S05",74,"hard","four_chain_sentinel",2,"mean_width",1,0.726899324085209
"joint_ess1_x1","M11","S05",74,"hard","four_chain_sentinel",2,"mean_width",5,0.357851095782759
"joint_ess1_x1","M11","S05",74,"hard","four_chain_sentinel",2,"mean_width",10,0.145082399309228
"joint_ess1_x1","M11","S05",74,"hard","four_chain_sentinel",2,"mean_width",25,0.0195864787715852
"joint_ess1_x1","M11","S05",74,"hard","four_chain_sentinel",2,"mean_width",50,0.012895878468469
"joint_ess1_x1","M11","S05",74,"hard","four_chain_sentinel",2,"mean_midpoint",1,0.589310258617808
"joint_ess1_x1","M11","S05",74,"hard","four_chain_sentinel",2,"mean_midpoint",5,0.234304297518843
"joint_ess1_x1","M11","S05",74,"hard","four_chain_sentinel",2,"mean_midpoint",10,0.0923386192871519
"joint_ess1_x1","M11","S05",74,"hard","four_chain_sentinel",2,"mean_midpoint",25,0.00968776680160073
"joint_ess1_x1","M11","S05",74,"hard","four_chain_sentinel",2,"mean_midpoint",50,-0.000533530118281942
"joint_ess1_x1","M11","S05",74,"hard","four_chain_sentinel",2,"mean_upper",1,0.693388138793925
"joint_ess1_x1","M11","S05",74,"hard","four_chain_sentinel",2,"mean_upper",5,0.32760432924654
"joint_ess1_x1","M11","S05",74,"hard","four_chain_sentinel",2,"mean_upper",10,0.131784503307746
"joint_ess1_x1","M11","S05",74,"hard","four_chain_sentinel",2,"mean_upper",25,0.0159083492569275
"joint_ess1_x1","M11","S05",74,"hard","four_chain_sentinel",2,"mean_upper",50,0.00862383065567293
"joint_ess1_x1","M11","S05",74,"hard","four_chain_sentinel",2,"observed_loss",1,0.720270072277129
"joint_ess1_x1","M11","S05",74,"hard","four_chain_sentinel",2,"observed_loss",5,0.282902784475166
"joint_ess1_x1","M11","S05",74,"hard","four_chain_sentinel",2,"observed_loss",10,0.114968163020205
"joint_ess1_x1","M11","S05",74,"hard","four_chain_sentinel",2,"observed_loss",25,0.0230062754940256
"joint_ess1_x1","M11","S05",74,"hard","four_chain_sentinel",2,"observed_loss",50,-0.00653689784296084
"joint_ess1_x1","M11","S05",74,"hard","four_chain_sentinel",3,"log_q_1",1,0.61718740741947
"joint_ess1_x1","M11","S05",74,"hard","four_chain_sentinel",3,"log_q_1",5,0.285544787413574
"joint_ess1_x1","M11","S05",74,"hard","four_chain_sentinel",3,"log_q_1",10,0.145181400682388
"joint_ess1_x1","M11","S05",74,"hard","four_chain_sentinel",3,"log_q_1",25,0.0355819230363786
"joint_ess1_x1","M11","S05",74,"hard","four_chain_sentinel",3,"log_q_1",50,0.00328369936578807
"joint_ess1_x1","M11","S05",74,"hard","four_chain_sentinel",3,"log_lambda",1,0.580035113505621
"joint_ess1_x1","M11","S05",74,"hard","four_chain_sentinel",3,"log_lambda",5,0.238359688429188
"joint_ess1_x1","M11","S05",74,"hard","four_chain_sentinel",3,"log_lambda",10,0.0990389777177338
"joint_ess1_x1","M11","S05",74,"hard","four_chain_sentinel",3,"log_lambda",25,0.0158642116042051
"joint_ess1_x1","M11","S05",74,"hard","four_chain_sentinel",3,"log_lambda",50,0.0211628149516489
"joint_ess1_x1","M11","S05",74,"hard","four_chain_sentinel",3,"mean_width",1,0.740018770614886
"joint_ess1_x1","M11","S05",74,"hard","four_chain_sentinel",3,"mean_width",5,0.387931152958309
"joint_ess1_x1","M11","S05",74,"hard","four_chain_sentinel",3,"mean_width",10,0.16905455659649
"joint_ess1_x1","M11","S05",74,"hard","four_chain_sentinel",3,"mean_width",25,0.0505900671057146
"joint_ess1_x1","M11","S05",74,"hard","four_chain_sentinel",3,"mean_width",50,0.0183065695427513
"joint_ess1_x1","M11","S05",74,"hard","four_chain_sentinel",3,"mean_midpoint",1,0.603334629266377
"joint_ess1_x1","M11","S05",74,"hard","four_chain_sentinel",3,"mean_midpoint",5,0.258389758938446
"joint_ess1_x1","M11","S05",74,"hard","four_chain_sentinel",3,"mean_midpoint",10,0.0899680529341572
"joint_ess1_x1","M11","S05",74,"hard","four_chain_sentinel",3,"mean_midpoint",25,0.0232275084770043
"joint_ess1_x1","M11","S05",74,"hard","four_chain_sentinel",3,"mean_midpoint",50,0.00160939747919517
"joint_ess1_x1","M11","S05",74,"hard","four_chain_sentinel",3,"mean_upper",1,0.706223810226919
"joint_ess1_x1","M11","S05",74,"hard","four_chain_sentinel",3,"mean_upper",5,0.351698542226012
"joint_ess1_x1","M11","S05",74,"hard","four_chain_sentinel",3,"mean_upper",10,0.141535045389283
"joint_ess1_x1","M11","S05",74,"hard","four_chain_sentinel",3,"mean_upper",25,0.0420307299806199
"joint_ess1_x1","M11","S05",74,"hard","four_chain_sentinel",3,"mean_upper",50,0.0123220515826046
"joint_ess1_x1","M11","S05",74,"hard","four_chain_sentinel",3,"observed_loss",1,0.740477253014216
"joint_ess1_x1","M11","S05",74,"hard","four_chain_sentinel",3,"observed_loss",5,0.340965537941724
"joint_ess1_x1","M11","S05",74,"hard","four_chain_sentinel",3,"observed_loss",10,0.157157102629435
"joint_ess1_x1","M11","S05",74,"hard","four_chain_sentinel",3,"observed_loss",25,0.0320843398613623
"joint_ess1_x1","M11","S05",74,"hard","four_chain_sentinel",3,"observed_loss",50,0.0162793534346013
"joint_ess1_x1","M11","S05",74,"hard","four_chain_sentinel",4,"log_q_1",1,0.617174757135161
"joint_ess1_x1","M11","S05",74,"hard","four_chain_sentinel",4,"log_q_1",5,0.30066615606844
"joint_ess1_x1","M11","S05",74,"hard","four_chain_sentinel",4,"log_q_1",10,0.117761761901851
"joint_ess1_x1","M11","S05",74,"hard","four_chain_sentinel",4,"log_q_1",25,0.00752268640464458
"joint_ess1_x1","M11","S05",74,"hard","four_chain_sentinel",4,"log_q_1",50,0.0217220614857927
"joint_ess1_x1","M11","S05",74,"hard","four_chain_sentinel",4,"log_lambda",1,0.554832013302375
"joint_ess1_x1","M11","S05",74,"hard","four_chain_sentinel",4,"log_lambda",5,0.210363324247211
"joint_ess1_x1","M11","S05",74,"hard","four_chain_sentinel",4,"log_lambda",10,0.0695449978268156
"joint_ess1_x1","M11","S05",74,"hard","four_chain_sentinel",4,"log_lambda",25,-0.00214756128720582
"joint_ess1_x1","M11","S05",74,"hard","four_chain_sentinel",4,"log_lambda",50,0.0248076644019146
"joint_ess1_x1","M11","S05",74,"hard","four_chain_sentinel",4,"mean_width",1,0.739510251835551
"joint_ess1_x1","M11","S05",74,"hard","four_chain_sentinel",4,"mean_width",5,0.382208367602593
"joint_ess1_x1","M11","S05",74,"hard","four_chain_sentinel",4,"mean_width",10,0.148758614906533
"joint_ess1_x1","M11","S05",74,"hard","four_chain_sentinel",4,"mean_width",25,0.00357117351002397
"joint_ess1_x1","M11","S05",74,"hard","four_chain_sentinel",4,"mean_width",50,0.0309960377400282
"joint_ess1_x1","M11","S05",74,"hard","four_chain_sentinel",4,"mean_midpoint",1,0.589671892914164
"joint_ess1_x1","M11","S05",74,"hard","four_chain_sentinel",4,"mean_midpoint",5,0.247124149670648
"joint_ess1_x1","M11","S05",74,"hard","four_chain_sentinel",4,"mean_midpoint",10,0.0952344939053501
"joint_ess1_x1","M11","S05",74,"hard","four_chain_sentinel",4,"mean_midpoint",25,0.00422478376276047
"joint_ess1_x1","M11","S05",74,"hard","four_chain_sentinel",4,"mean_midpoint",50,0.0225813541830652
"joint_ess1_x1","M11","S05",74,"hard","four_chain_sentinel",4,"mean_upper",1,0.701719845620331
"joint_ess1_x1","M11","S05",74,"hard","four_chain_sentinel",4,"mean_upper",5,0.345836638641404
"joint_ess1_x1","M11","S05",74,"hard","four_chain_sentinel",4,"mean_upper",10,0.13409242820208
"joint_ess1_x1","M11","S05",74,"hard","four_chain_sentinel",4,"mean_upper",25,0.0042951815569673
"joint_ess1_x1","M11","S05",74,"hard","four_chain_sentinel",4,"mean_upper",50,0.032724821861692
"joint_ess1_x1","M11","S05",74,"hard","four_chain_sentinel",4,"observed_loss",1,0.734435827135506
"joint_ess1_x1","M11","S05",74,"hard","four_chain_sentinel",4,"observed_loss",5,0.327929850079667
"joint_ess1_x1","M11","S05",74,"hard","four_chain_sentinel",4,"observed_loss",10,0.130932695368069
"joint_ess1_x1","M11","S05",74,"hard","four_chain_sentinel",4,"observed_loss",25,0.000484642983887498
"joint_ess1_x1","M11","S05",74,"hard","four_chain_sentinel",4,"observed_loss",50,0.0354806640294313
"joint_ess1_x1","M11","S05",172,"hard","one_chain_standard",1,"log_q_1",1,0.732475067425022
"joint_ess1_x1","M11","S05",172,"hard","one_chain_standard",1,"log_q_1",5,0.538453859240154
"joint_ess1_x1","M11","S05",172,"hard","one_chain_standard",1,"log_q_1",10,0.413295662691995
"joint_ess1_x1","M11","S05",172,"hard","one_chain_standard",1,"log_q_1",25,0.23332760387782
"joint_ess1_x1","M11","S05",172,"hard","one_chain_standard",1,"log_q_1",50,0.135911984596258
"joint_ess1_x1","M11","S05",172,"hard","one_chain_standard",1,"log_lambda",1,0.672564810047152
"joint_ess1_x1","M11","S05",172,"hard","one_chain_standard",1,"log_lambda",5,0.351866239806173
"joint_ess1_x1","M11","S05",172,"hard","one_chain_standard",1,"log_lambda",10,0.20681238393378
"joint_ess1_x1","M11","S05",172,"hard","one_chain_standard",1,"log_lambda",25,0.089968801583785
"joint_ess1_x1","M11","S05",172,"hard","one_chain_standard",1,"log_lambda",50,0.0516502485470045
"joint_ess1_x1","M11","S05",172,"hard","one_chain_standard",1,"mean_width",1,0.799407531773547
"joint_ess1_x1","M11","S05",172,"hard","one_chain_standard",1,"mean_width",5,0.591806336587181
"joint_ess1_x1","M11","S05",172,"hard","one_chain_standard",1,"mean_width",10,0.448478445983579
"joint_ess1_x1","M11","S05",172,"hard","one_chain_standard",1,"mean_width",25,0.243776745350043
"joint_ess1_x1","M11","S05",172,"hard","one_chain_standard",1,"mean_width",50,0.134654871346142
"joint_ess1_x1","M11","S05",172,"hard","one_chain_standard",1,"mean_midpoint",1,0.690299538946065
"joint_ess1_x1","M11","S05",172,"hard","one_chain_standard",1,"mean_midpoint",5,0.46518511051204
"joint_ess1_x1","M11","S05",172,"hard","one_chain_standard",1,"mean_midpoint",10,0.332786004727135
"joint_ess1_x1","M11","S05",172,"hard","one_chain_standard",1,"mean_midpoint",25,0.176870256911191
"joint_ess1_x1","M11","S05",172,"hard","one_chain_standard",1,"mean_midpoint",50,0.0960235869197747
"joint_ess1_x1","M11","S05",172,"hard","one_chain_standard",1,"mean_upper",1,0.789408079845917
"joint_ess1_x1","M11","S05",172,"hard","one_chain_standard",1,"mean_upper",5,0.573191905256449
"joint_ess1_x1","M11","S05",172,"hard","one_chain_standard",1,"mean_upper",10,0.424898200309365
"joint_ess1_x1","M11","S05",172,"hard","one_chain_standard",1,"mean_upper",25,0.230098729657694
"joint_ess1_x1","M11","S05",172,"hard","one_chain_standard",1,"mean_upper",50,0.123802356883784
"joint_ess1_x1","M11","S05",172,"hard","one_chain_standard",1,"observed_loss",1,0.810631357933819
"joint_ess1_x1","M11","S05",172,"hard","one_chain_standard",1,"observed_loss",5,0.471071636276013
"joint_ess1_x1","M11","S05",172,"hard","one_chain_standard",1,"observed_loss",10,0.303876258705099
"joint_ess1_x1","M11","S05",172,"hard","one_chain_standard",1,"observed_loss",25,0.1308435428294
"joint_ess1_x1","M11","S05",172,"hard","one_chain_standard",1,"observed_loss",50,0.0792510654883501
"joint_ess1_x2","M11","S05",190,"guard","one_chain_standard",1,"log_q_1",1,0.602658773843041
"joint_ess1_x2","M11","S05",190,"guard","one_chain_standard",1,"log_q_1",5,0.376308689026255
"joint_ess1_x2","M11","S05",190,"guard","one_chain_standard",1,"log_q_1",10,0.259968211440315
"joint_ess1_x2","M11","S05",190,"guard","one_chain_standard",1,"log_q_1",25,0.18169160766597
"joint_ess1_x2","M11","S05",190,"guard","one_chain_standard",1,"log_q_1",50,0.107675016403335
"joint_ess1_x2","M11","S05",190,"guard","one_chain_standard",1,"log_lambda",1,0.452507798933086
"joint_ess1_x2","M11","S05",190,"guard","one_chain_standard",1,"log_lambda",5,0.166903670751619
"joint_ess1_x2","M11","S05",190,"guard","one_chain_standard",1,"log_lambda",10,0.106863944558483
"joint_ess1_x2","M11","S05",190,"guard","one_chain_standard",1,"log_lambda",25,0.0606531090124152
"joint_ess1_x2","M11","S05",190,"guard","one_chain_standard",1,"log_lambda",50,0.0409779874705435
"joint_ess1_x2","M11","S05",190,"guard","one_chain_standard",1,"mean_width",1,0.646878808746342
"joint_ess1_x2","M11","S05",190,"guard","one_chain_standard",1,"mean_width",5,0.363007758876844
"joint_ess1_x2","M11","S05",190,"guard","one_chain_standard",1,"mean_width",10,0.277876940608266
"joint_ess1_x2","M11","S05",190,"guard","one_chain_standard",1,"mean_width",25,0.187271101246586
"joint_ess1_x2","M11","S05",190,"guard","one_chain_standard",1,"mean_width",50,0.125477089770511
"joint_ess1_x2","M11","S05",190,"guard","one_chain_standard",1,"mean_midpoint",1,0.464247384705987
"joint_ess1_x2","M11","S05",190,"guard","one_chain_standard",1,"mean_midpoint",5,0.255362195374176
"joint_ess1_x2","M11","S05",190,"guard","one_chain_standard",1,"mean_midpoint",10,0.188491313816255
"joint_ess1_x2","M11","S05",190,"guard","one_chain_standard",1,"mean_midpoint",25,0.139666547373552
"joint_ess1_x2","M11","S05",190,"guard","one_chain_standard",1,"mean_midpoint",50,0.0884482164338078
"joint_ess1_x2","M11","S05",190,"guard","one_chain_standard",1,"mean_upper",1,0.617289557771401
"joint_ess1_x2","M11","S05",190,"guard","one_chain_standard",1,"mean_upper",5,0.352745987341158
"joint_ess1_x2","M11","S05",190,"guard","one_chain_standard",1,"mean_upper",10,0.26532621859396
"joint_ess1_x2","M11","S05",190,"guard","one_chain_standard",1,"mean_upper",25,0.186820497545616
"joint_ess1_x2","M11","S05",190,"guard","one_chain_standard",1,"mean_upper",50,0.121576068085378
"joint_ess1_x2","M11","S05",190,"guard","one_chain_standard",1,"observed_loss",1,0.61929499530584
"joint_ess1_x2","M11","S05",190,"guard","one_chain_standard",1,"observed_loss",5,0.255197403447207
"joint_ess1_x2","M11","S05",190,"guard","one_chain_standard",1,"observed_loss",10,0.15749635216224
"joint_ess1_x2","M11","S05",190,"guard","one_chain_standard",1,"observed_loss",25,0.105779545398494
"joint_ess1_x2","M11","S05",190,"guard","one_chain_standard",1,"observed_loss",50,0.0709692289165237
"joint_ess1_x2","M11","S05",74,"hard","four_chain_sentinel",1,"log_q_1",1,0.538054556941956
"joint_ess1_x2","M11","S05",74,"hard","four_chain_sentinel",1,"log_q_1",5,0.249010753800984
"joint_ess1_x2","M11","S05",74,"hard","four_chain_sentinel",1,"log_q_1",10,0.138337614346154
"joint_ess1_x2","M11","S05",74,"hard","four_chain_sentinel",1,"log_q_1",25,0.0830897753551558
"joint_ess1_x2","M11","S05",74,"hard","four_chain_sentinel",1,"log_q_1",50,0.0924852202413305
"joint_ess1_x2","M11","S05",74,"hard","four_chain_sentinel",1,"log_lambda",1,0.396662628560463
"joint_ess1_x2","M11","S05",74,"hard","four_chain_sentinel",1,"log_lambda",5,0.108162655554943
"joint_ess1_x2","M11","S05",74,"hard","four_chain_sentinel",1,"log_lambda",10,0.0406683525484359
"joint_ess1_x2","M11","S05",74,"hard","four_chain_sentinel",1,"log_lambda",25,0.000904001409327862
"joint_ess1_x2","M11","S05",74,"hard","four_chain_sentinel",1,"log_lambda",50,0.0097332496270664
"joint_ess1_x2","M11","S05",74,"hard","four_chain_sentinel",1,"mean_width",1,0.648091350843381
"joint_ess1_x2","M11","S05",74,"hard","four_chain_sentinel",1,"mean_width",5,0.27294549560609
"joint_ess1_x2","M11","S05",74,"hard","four_chain_sentinel",1,"mean_width",10,0.138493139932071
"joint_ess1_x2","M11","S05",74,"hard","four_chain_sentinel",1,"mean_width",25,0.082414423872162
"joint_ess1_x2","M11","S05",74,"hard","four_chain_sentinel",1,"mean_width",50,0.0904832524177265
"joint_ess1_x2","M11","S05",74,"hard","four_chain_sentinel",1,"mean_midpoint",1,0.487759276845096
"joint_ess1_x2","M11","S05",74,"hard","four_chain_sentinel",1,"mean_midpoint",5,0.19495578266601
"joint_ess1_x2","M11","S05",74,"hard","four_chain_sentinel",1,"mean_midpoint",10,0.109261383664394
"joint_ess1_x2","M11","S05",74,"hard","four_chain_sentinel",1,"mean_midpoint",25,0.0531769706808125
"joint_ess1_x2","M11","S05",74,"hard","four_chain_sentinel",1,"mean_midpoint",50,0.055285515302642
"joint_ess1_x2","M11","S05",74,"hard","four_chain_sentinel",1,"mean_upper",1,0.613917552727073
"joint_ess1_x2","M11","S05",74,"hard","four_chain_sentinel",1,"mean_upper",5,0.26049810980917
"joint_ess1_x2","M11","S05",74,"hard","four_chain_sentinel",1,"mean_upper",10,0.137900213100395
"joint_ess1_x2","M11","S05",74,"hard","four_chain_sentinel",1,"mean_upper",25,0.0760651290773239
"joint_ess1_x2","M11","S05",74,"hard","four_chain_sentinel",1,"mean_upper",50,0.0799093132842606
"joint_ess1_x2","M11","S05",74,"hard","four_chain_sentinel",1,"observed_loss",1,0.576025311512733
"joint_ess1_x2","M11","S05",74,"hard","four_chain_sentinel",1,"observed_loss",5,0.172381495705822
"joint_ess1_x2","M11","S05",74,"hard","four_chain_sentinel",1,"observed_loss",10,0.0577875416194359
"joint_ess1_x2","M11","S05",74,"hard","four_chain_sentinel",1,"observed_loss",25,0.016360232791652
"joint_ess1_x2","M11","S05",74,"hard","four_chain_sentinel",1,"observed_loss",50,0.0268842219499328
"joint_ess1_x2","M11","S05",74,"hard","four_chain_sentinel",2,"log_q_1",1,0.501341295417035
"joint_ess1_x2","M11","S05",74,"hard","four_chain_sentinel",2,"log_q_1",5,0.158244733611126
"joint_ess1_x2","M11","S05",74,"hard","four_chain_sentinel",2,"log_q_1",10,0.0350709859993684
"joint_ess1_x2","M11","S05",74,"hard","four_chain_sentinel",2,"log_q_1",25,0.018726668996613
"joint_ess1_x2","M11","S05",74,"hard","four_chain_sentinel",2,"log_q_1",50,0.00613480580479904
"joint_ess1_x2","M11","S05",74,"hard","four_chain_sentinel",2,"log_lambda",1,0.403725882084631
"joint_ess1_x2","M11","S05",74,"hard","four_chain_sentinel",2,"log_lambda",5,0.0706970764653473
"joint_ess1_x2","M11","S05",74,"hard","four_chain_sentinel",2,"log_lambda",10,-0.00125922373597715
"joint_ess1_x2","M11","S05",74,"hard","four_chain_sentinel",2,"log_lambda",25,0.0144815040715758
"joint_ess1_x2","M11","S05",74,"hard","four_chain_sentinel",2,"log_lambda",50,-0.00472136596179771
"joint_ess1_x2","M11","S05",74,"hard","four_chain_sentinel",2,"mean_width",1,0.613498716524631
"joint_ess1_x2","M11","S05",74,"hard","four_chain_sentinel",2,"mean_width",5,0.17005146989465
"joint_ess1_x2","M11","S05",74,"hard","four_chain_sentinel",2,"mean_width",10,0.0301229386103694
"joint_ess1_x2","M11","S05",74,"hard","four_chain_sentinel",2,"mean_width",25,0.000819493876887497
"joint_ess1_x2","M11","S05",74,"hard","four_chain_sentinel",2,"mean_width",50,0.00750508371739083
"joint_ess1_x2","M11","S05",74,"hard","four_chain_sentinel",2,"mean_midpoint",1,0.452352325191436
"joint_ess1_x2","M11","S05",74,"hard","four_chain_sentinel",2,"mean_midpoint",5,0.12406817366956
"joint_ess1_x2","M11","S05",74,"hard","four_chain_sentinel",2,"mean_midpoint",10,0.0403033180672178
"joint_ess1_x2","M11","S05",74,"hard","four_chain_sentinel",2,"mean_midpoint",25,-0.00194906836076929
"joint_ess1_x2","M11","S05",74,"hard","four_chain_sentinel",2,"mean_midpoint",50,0.0165475833189911
"joint_ess1_x2","M11","S05",74,"hard","four_chain_sentinel",2,"mean_upper",1,0.574342676471007
"joint_ess1_x2","M11","S05",74,"hard","four_chain_sentinel",2,"mean_upper",5,0.162029371793686
"joint_ess1_x2","M11","S05",74,"hard","four_chain_sentinel",2,"mean_upper",10,0.0387772327993909
"joint_ess1_x2","M11","S05",74,"hard","four_chain_sentinel",2,"mean_upper",25,0.00106326230603045
"joint_ess1_x2","M11","S05",74,"hard","four_chain_sentinel",2,"mean_upper",50,0.0146827475034769
"joint_ess1_x2","M11","S05",74,"hard","four_chain_sentinel",2,"observed_loss",1,0.566831137011998
"joint_ess1_x2","M11","S05",74,"hard","four_chain_sentinel",2,"observed_loss",5,0.12169042377452
"joint_ess1_x2","M11","S05",74,"hard","four_chain_sentinel",2,"observed_loss",10,0.0141645302195996
"joint_ess1_x2","M11","S05",74,"hard","four_chain_sentinel",2,"observed_loss",25,0.00784366604848729
"joint_ess1_x2","M11","S05",74,"hard","four_chain_sentinel",2,"observed_loss",50,0.00651172084502423
"joint_ess1_x2","M11","S05",74,"hard","four_chain_sentinel",3,"log_q_1",1,0.499484995193484
"joint_ess1_x2","M11","S05",74,"hard","four_chain_sentinel",3,"log_q_1",5,0.13542447095277
"joint_ess1_x2","M11","S05",74,"hard","four_chain_sentinel",3,"log_q_1",10,0.0348694475450552
"joint_ess1_x2","M11","S05",74,"hard","four_chain_sentinel",3,"log_q_1",25,0.0192586534994668
"joint_ess1_x2","M11","S05",74,"hard","four_chain_sentinel",3,"log_q_1",50,-0.0198529556131838
"joint_ess1_x2","M11","S05",74,"hard","four_chain_sentinel",3,"log_lambda",1,0.423706715246424
"joint_ess1_x2","M11","S05",74,"hard","four_chain_sentinel",3,"log_lambda",5,0.0934256077487289
"joint_ess1_x2","M11","S05",74,"hard","four_chain_sentinel",3,"log_lambda",10,0.0217900294744481
"joint_ess1_x2","M11","S05",74,"hard","four_chain_sentinel",3,"log_lambda",25,0.011156269182139
"joint_ess1_x2","M11","S05",74,"hard","four_chain_sentinel",3,"log_lambda",50,-0.0184166936337371
"joint_ess1_x2","M11","S05",74,"hard","four_chain_sentinel",3,"mean_width",1,0.626628411929017
"joint_ess1_x2","M11","S05",74,"hard","four_chain_sentinel",3,"mean_width",5,0.177603683356936
"joint_ess1_x2","M11","S05",74,"hard","four_chain_sentinel",3,"mean_width",10,0.066446896466991
"joint_ess1_x2","M11","S05",74,"hard","four_chain_sentinel",3,"mean_width",25,0.0247458259725322
"joint_ess1_x2","M11","S05",74,"hard","four_chain_sentinel",3,"mean_width",50,-0.0190803062798595
"joint_ess1_x2","M11","S05",74,"hard","four_chain_sentinel",3,"mean_midpoint",1,0.459751634428507
"joint_ess1_x2","M11","S05",74,"hard","four_chain_sentinel",3,"mean_midpoint",5,0.11281093323325
"joint_ess1_x2","M11","S05",74,"hard","four_chain_sentinel",3,"mean_midpoint",10,0.0362359206965091
"joint_ess1_x2","M11","S05",74,"hard","four_chain_sentinel",3,"mean_midpoint",25,0.00246554715677454
"joint_ess1_x2","M11","S05",74,"hard","four_chain_sentinel",3,"mean_midpoint",50,-0.00383890318602607
"joint_ess1_x2","M11","S05",74,"hard","four_chain_sentinel",3,"mean_upper",1,0.585292321335108
"joint_ess1_x2","M11","S05",74,"hard","four_chain_sentinel",3,"mean_upper",5,0.159557129601751
"joint_ess1_x2","M11","S05",74,"hard","four_chain_sentinel",3,"mean_upper",10,0.0554406154401096
"joint_ess1_x2","M11","S05",74,"hard","four_chain_sentinel",3,"mean_upper",25,0.0141564557120721
"joint_ess1_x2","M11","S05",74,"hard","four_chain_sentinel",3,"mean_upper",50,-0.012258699866087
"joint_ess1_x2","M11","S05",74,"hard","four_chain_sentinel",3,"observed_loss",1,0.59225741719003
"joint_ess1_x2","M11","S05",74,"hard","four_chain_sentinel",3,"observed_loss",5,0.154737690030123
"joint_ess1_x2","M11","S05",74,"hard","four_chain_sentinel",3,"observed_loss",10,0.0360371575413643
"joint_ess1_x2","M11","S05",74,"hard","four_chain_sentinel",3,"observed_loss",25,0.0222325988157286
"joint_ess1_x2","M11","S05",74,"hard","four_chain_sentinel",3,"observed_loss",50,-0.0275019804837352
"joint_ess1_x2","M11","S05",74,"hard","four_chain_sentinel",4,"log_q_1",1,0.489400906610775
"joint_ess1_x2","M11","S05",74,"hard","four_chain_sentinel",4,"log_q_1",5,0.139566304208845
"joint_ess1_x2","M11","S05",74,"hard","four_chain_sentinel",4,"log_q_1",10,0.0394692644253785
"joint_ess1_x2","M11","S05",74,"hard","four_chain_sentinel",4,"log_q_1",25,0.000349876783760625
"joint_ess1_x2","M11","S05",74,"hard","four_chain_sentinel",4,"log_q_1",50,-0.0241171340166686
"joint_ess1_x2","M11","S05",74,"hard","four_chain_sentinel",4,"log_lambda",1,0.411858167032942
"joint_ess1_x2","M11","S05",74,"hard","four_chain_sentinel",4,"log_lambda",5,0.089854029559807
"joint_ess1_x2","M11","S05",74,"hard","four_chain_sentinel",4,"log_lambda",10,0.0150092054733586
"joint_ess1_x2","M11","S05",74,"hard","four_chain_sentinel",4,"log_lambda",25,0.0173300127152464
"joint_ess1_x2","M11","S05",74,"hard","four_chain_sentinel",4,"log_lambda",50,0.00138160933481597
"joint_ess1_x2","M11","S05",74,"hard","four_chain_sentinel",4,"mean_width",1,0.608451648195162
"joint_ess1_x2","M11","S05",74,"hard","four_chain_sentinel",4,"mean_width",5,0.183642449235814
"joint_ess1_x2","M11","S05",74,"hard","four_chain_sentinel",4,"mean_width",10,0.0401846599309672
"joint_ess1_x2","M11","S05",74,"hard","four_chain_sentinel",4,"mean_width",25,0.00851132516319202
"joint_ess1_x2","M11","S05",74,"hard","four_chain_sentinel",4,"mean_width",50,0.00228030927128435
"joint_ess1_x2","M11","S05",74,"hard","four_chain_sentinel",4,"mean_midpoint",1,0.452586567172139
"joint_ess1_x2","M11","S05",74,"hard","four_chain_sentinel",4,"mean_midpoint",5,0.130114395155984
"joint_ess1_x2","M11","S05",74,"hard","four_chain_sentinel",4,"mean_midpoint",10,0.0307428950208131
"joint_ess1_x2","M11","S05",74,"hard","four_chain_sentinel",4,"mean_midpoint",25,0.00313714421883047
"joint_ess1_x2","M11","S05",74,"hard","four_chain_sentinel",4,"mean_midpoint",50,0.00667512543398473
"joint_ess1_x2","M11","S05",74,"hard","four_chain_sentinel",4,"mean_upper",1,0.571756754111702
"joint_ess1_x2","M11","S05",74,"hard","four_chain_sentinel",4,"mean_upper",5,0.173906183931038
"joint_ess1_x2","M11","S05",74,"hard","four_chain_sentinel",4,"mean_upper",10,0.0383469176368086
"joint_ess1_x2","M11","S05",74,"hard","four_chain_sentinel",4,"mean_upper",25,0.00835567692667613
"joint_ess1_x2","M11","S05",74,"hard","four_chain_sentinel",4,"mean_upper",50,0.00339625941493043
"joint_ess1_x2","M11","S05",74,"hard","four_chain_sentinel",4,"observed_loss",1,0.575898534261562
"joint_ess1_x2","M11","S05",74,"hard","four_chain_sentinel",4,"observed_loss",5,0.144161727923732
"joint_ess1_x2","M11","S05",74,"hard","four_chain_sentinel",4,"observed_loss",10,0.0461958516005552
"joint_ess1_x2","M11","S05",74,"hard","four_chain_sentinel",4,"observed_loss",25,0.00823158574237697
"joint_ess1_x2","M11","S05",74,"hard","four_chain_sentinel",4,"observed_loss",50,-0.015378237609187
"joint_ess1_x2","M11","S05",172,"hard","one_chain_standard",1,"log_q_1",1,0.647909637772352
"joint_ess1_x2","M11","S05",172,"hard","one_chain_standard",1,"log_q_1",5,0.391205867809614
"joint_ess1_x2","M11","S05",172,"hard","one_chain_standard",1,"log_q_1",10,0.24597782174836
"joint_ess1_x2","M11","S05",172,"hard","one_chain_standard",1,"log_q_1",25,0.11652921820398
"joint_ess1_x2","M11","S05",172,"hard","one_chain_standard",1,"log_q_1",50,0.0586786401861217
"joint_ess1_x2","M11","S05",172,"hard","one_chain_standard",1,"log_lambda",1,0.533914399838246
"joint_ess1_x2","M11","S05",172,"hard","one_chain_standard",1,"log_lambda",5,0.192102859855607
"joint_ess1_x2","M11","S05",172,"hard","one_chain_standard",1,"log_lambda",10,0.113294572042139
"joint_ess1_x2","M11","S05",172,"hard","one_chain_standard",1,"log_lambda",25,0.0320126905937765
"joint_ess1_x2","M11","S05",172,"hard","one_chain_standard",1,"log_lambda",50,0.0470882296769627
"joint_ess1_x2","M11","S05",172,"hard","one_chain_standard",1,"mean_width",1,0.712034078989474
"joint_ess1_x2","M11","S05",172,"hard","one_chain_standard",1,"mean_width",5,0.413769824505878
"joint_ess1_x2","M11","S05",172,"hard","one_chain_standard",1,"mean_width",10,0.25853100282296
"joint_ess1_x2","M11","S05",172,"hard","one_chain_standard",1,"mean_width",25,0.118092254245996
"joint_ess1_x2","M11","S05",172,"hard","one_chain_standard",1,"mean_width",50,0.046318153329229
"joint_ess1_x2","M11","S05",172,"hard","one_chain_standard",1,"mean_midpoint",1,0.584863325803532
"joint_ess1_x2","M11","S05",172,"hard","one_chain_standard",1,"mean_midpoint",5,0.299697551006858
"joint_ess1_x2","M11","S05",172,"hard","one_chain_standard",1,"mean_midpoint",10,0.178806382163216
"joint_ess1_x2","M11","S05",172,"hard","one_chain_standard",1,"mean_midpoint",25,0.085371849206631
"joint_ess1_x2","M11","S05",172,"hard","one_chain_standard",1,"mean_midpoint",50,0.0188849428189654
"joint_ess1_x2","M11","S05",172,"hard","one_chain_standard",1,"mean_upper",1,0.697923611151957
"joint_ess1_x2","M11","S05",172,"hard","one_chain_standard",1,"mean_upper",5,0.390539880580638
"joint_ess1_x2","M11","S05",172,"hard","one_chain_standard",1,"mean_upper",10,0.240786861513825
"joint_ess1_x2","M11","S05",172,"hard","one_chain_standard",1,"mean_upper",25,0.11031685698159
"joint_ess1_x2","M11","S05",172,"hard","one_chain_standard",1,"mean_upper",50,0.0364245187914412
"joint_ess1_x2","M11","S05",172,"hard","one_chain_standard",1,"observed_loss",1,0.673447122306583
"joint_ess1_x2","M11","S05",172,"hard","one_chain_standard",1,"observed_loss",5,0.270020842743869
"joint_ess1_x2","M11","S05",172,"hard","one_chain_standard",1,"observed_loss",10,0.133974677437077
"joint_ess1_x2","M11","S05",172,"hard","one_chain_standard",1,"observed_loss",25,0.0552174213341603
"joint_ess1_x2","M11","S05",172,"hard","one_chain_standard",1,"observed_loss",50,0.0489603868849337
"joint_ess2_x2","M11","S05",190,"guard","one_chain_standard",1,"log_q_1",1,0.5911964804625
"joint_ess2_x2","M11","S05",190,"guard","one_chain_standard",1,"log_q_1",5,0.313646439936042
"joint_ess2_x2","M11","S05",190,"guard","one_chain_standard",1,"log_q_1",10,0.210226624119033
"joint_ess2_x2","M11","S05",190,"guard","one_chain_standard",1,"log_q_1",25,0.107929647129219
"joint_ess2_x2","M11","S05",190,"guard","one_chain_standard",1,"log_q_1",50,0.0538166061323504
"joint_ess2_x2","M11","S05",190,"guard","one_chain_standard",1,"log_lambda",1,0.44304499494962
"joint_ess2_x2","M11","S05",190,"guard","one_chain_standard",1,"log_lambda",5,0.146281293519096
"joint_ess2_x2","M11","S05",190,"guard","one_chain_standard",1,"log_lambda",10,0.0794432411077622
"joint_ess2_x2","M11","S05",190,"guard","one_chain_standard",1,"log_lambda",25,0.0235289747988402
"joint_ess2_x2","M11","S05",190,"guard","one_chain_standard",1,"log_lambda",50,0.00338433196748068
"joint_ess2_x2","M11","S05",190,"guard","one_chain_standard",1,"mean_width",1,0.631683770689517
"joint_ess2_x2","M11","S05",190,"guard","one_chain_standard",1,"mean_width",5,0.333666632425927
"joint_ess2_x2","M11","S05",190,"guard","one_chain_standard",1,"mean_width",10,0.228165739776332
"joint_ess2_x2","M11","S05",190,"guard","one_chain_standard",1,"mean_width",25,0.125422108022584
"joint_ess2_x2","M11","S05",190,"guard","one_chain_standard",1,"mean_width",50,0.063712819514684
"joint_ess2_x2","M11","S05",190,"guard","one_chain_standard",1,"mean_midpoint",1,0.475382007863144
"joint_ess2_x2","M11","S05",190,"guard","one_chain_standard",1,"mean_midpoint",5,0.228198607319035
"joint_ess2_x2","M11","S05",190,"guard","one_chain_standard",1,"mean_midpoint",10,0.154091921687444
"joint_ess2_x2","M11","S05",190,"guard","one_chain_standard",1,"mean_midpoint",25,0.0803531823756731
"joint_ess2_x2","M11","S05",190,"guard","one_chain_standard",1,"mean_midpoint",50,0.0534707371938392
"joint_ess2_x2","M11","S05",190,"guard","one_chain_standard",1,"mean_upper",1,0.612392961860782
"joint_ess2_x2","M11","S05",190,"guard","one_chain_standard",1,"mean_upper",5,0.317605285043139
"joint_ess2_x2","M11","S05",190,"guard","one_chain_standard",1,"mean_upper",10,0.221905216732666
"joint_ess2_x2","M11","S05",190,"guard","one_chain_standard",1,"mean_upper",25,0.120000182377177
"joint_ess2_x2","M11","S05",190,"guard","one_chain_standard",1,"mean_upper",50,0.0665082311585325
"joint_ess2_x2","M11","S05",190,"guard","one_chain_standard",1,"observed_loss",1,0.61376130798272
"joint_ess2_x2","M11","S05",190,"guard","one_chain_standard",1,"observed_loss",5,0.21928503724514
"joint_ess2_x2","M11","S05",190,"guard","one_chain_standard",1,"observed_loss",10,0.132638037203975
"joint_ess2_x2","M11","S05",190,"guard","one_chain_standard",1,"observed_loss",25,0.0618238284736652
"joint_ess2_x2","M11","S05",190,"guard","one_chain_standard",1,"observed_loss",50,0.0156426087826763
"joint_ess2_x2","M11","S05",74,"hard","four_chain_sentinel",1,"log_q_1",1,0.515955565513737
"joint_ess2_x2","M11","S05",74,"hard","four_chain_sentinel",1,"log_q_1",5,0.17526248562385
"joint_ess2_x2","M11","S05",74,"hard","four_chain_sentinel",1,"log_q_1",10,0.0708533218635157
"joint_ess2_x2","M11","S05",74,"hard","four_chain_sentinel",1,"log_q_1",25,0.0466013330061791
"joint_ess2_x2","M11","S05",74,"hard","four_chain_sentinel",1,"log_q_1",50,0.0261046502776437
"joint_ess2_x2","M11","S05",74,"hard","four_chain_sentinel",1,"log_lambda",1,0.415721606241371
"joint_ess2_x2","M11","S05",74,"hard","four_chain_sentinel",1,"log_lambda",5,0.0852260960208334
"joint_ess2_x2","M11","S05",74,"hard","four_chain_sentinel",1,"log_lambda",10,0.0139178048060538
"joint_ess2_x2","M11","S05",74,"hard","four_chain_sentinel",1,"log_lambda",25,0.0291086283864908
"joint_ess2_x2","M11","S05",74,"hard","four_chain_sentinel",1,"log_lambda",50,0.0139085418667681
"joint_ess2_x2","M11","S05",74,"hard","four_chain_sentinel",1,"mean_width",1,0.614877291819903
"joint_ess2_x2","M11","S05",74,"hard","four_chain_sentinel",1,"mean_width",5,0.204455546768302
"joint_ess2_x2","M11","S05",74,"hard","four_chain_sentinel",1,"mean_width",10,0.0671067079675685
"joint_ess2_x2","M11","S05",74,"hard","four_chain_sentinel",1,"mean_width",25,0.0434743594526995
"joint_ess2_x2","M11","S05",74,"hard","four_chain_sentinel",1,"mean_width",50,0.0381725776365087
"joint_ess2_x2","M11","S05",74,"hard","four_chain_sentinel",1,"mean_midpoint",1,0.468748380170228
"joint_ess2_x2","M11","S05",74,"hard","four_chain_sentinel",1,"mean_midpoint",5,0.135891189013637
"joint_ess2_x2","M11","S05",74,"hard","four_chain_sentinel",1,"mean_midpoint",10,0.0407832628702164
"joint_ess2_x2","M11","S05",74,"hard","four_chain_sentinel",1,"mean_midpoint",25,0.0251153996884859
"joint_ess2_x2","M11","S05",74,"hard","four_chain_sentinel",1,"mean_midpoint",50,0.0361023652053643
"joint_ess2_x2","M11","S05",74,"hard","four_chain_sentinel",1,"mean_upper",1,0.58209099787142
"joint_ess2_x2","M11","S05",74,"hard","four_chain_sentinel",1,"mean_upper",5,0.188096124633712
"joint_ess2_x2","M11","S05",74,"hard","four_chain_sentinel",1,"mean_upper",10,0.0581784402427886
"joint_ess2_x2","M11","S05",74,"hard","four_chain_sentinel",1,"mean_upper",25,0.0379607318460787
"joint_ess2_x2","M11","S05",74,"hard","four_chain_sentinel",1,"mean_upper",50,0.0403308403936782
"joint_ess2_x2","M11","S05",74,"hard","four_chain_sentinel",1,"observed_loss",1,0.5806465197301
"joint_ess2_x2","M11","S05",74,"hard","four_chain_sentinel",1,"observed_loss",5,0.12837675465256
"joint_ess2_x2","M11","S05",74,"hard","four_chain_sentinel",1,"observed_loss",10,0.0366272137148299
"joint_ess2_x2","M11","S05",74,"hard","four_chain_sentinel",1,"observed_loss",25,0.0260086365077539
"joint_ess2_x2","M11","S05",74,"hard","four_chain_sentinel",1,"observed_loss",50,0.0174355594114802
"joint_ess2_x2","M11","S05",74,"hard","four_chain_sentinel",2,"log_q_1",1,0.545423279498339
"joint_ess2_x2","M11","S05",74,"hard","four_chain_sentinel",2,"log_q_1",5,0.246688419355127
"joint_ess2_x2","M11","S05",74,"hard","four_chain_sentinel",2,"log_q_1",10,0.14021590060625
"joint_ess2_x2","M11","S05",74,"hard","four_chain_sentinel",2,"log_q_1",25,0.106821864573312
"joint_ess2_x2","M11","S05",74,"hard","four_chain_sentinel",2,"log_q_1",50,0.104215543295173
"joint_ess2_x2","M11","S05",74,"hard","four_chain_sentinel",2,"log_lambda",1,0.41848061380591
"joint_ess2_x2","M11","S05",74,"hard","four_chain_sentinel",2,"log_lambda",5,0.110586430103316
"joint_ess2_x2","M11","S05",74,"hard","four_chain_sentinel",2,"log_lambda",10,0.020113545855298
"joint_ess2_x2","M11","S05",74,"hard","four_chain_sentinel",2,"log_lambda",25,0.0197001798913034
"joint_ess2_x2","M11","S05",74,"hard","four_chain_sentinel",2,"log_lambda",50,0.0309751684193613
"joint_ess2_x2","M11","S05",74,"hard","four_chain_sentinel",2,"mean_width",1,0.636397678490194
"joint_ess2_x2","M11","S05",74,"hard","four_chain_sentinel",2,"mean_width",5,0.266930049944392
"joint_ess2_x2","M11","S05",74,"hard","four_chain_sentinel",2,"mean_width",10,0.139380821712088
"joint_ess2_x2","M11","S05",74,"hard","four_chain_sentinel",2,"mean_width",25,0.0875530821204168
"joint_ess2_x2","M11","S05",74,"hard","four_chain_sentinel",2,"mean_width",50,0.105976814535366
"joint_ess2_x2","M11","S05",74,"hard","four_chain_sentinel",2,"mean_midpoint",1,0.480619557812526
"joint_ess2_x2","M11","S05",74,"hard","four_chain_sentinel",2,"mean_midpoint",5,0.183592456893286
"joint_ess2_x2","M11","S05",74,"hard","four_chain_sentinel",2,"mean_midpoint",10,0.111948964610217
"joint_ess2_x2","M11","S05",74,"hard","four_chain_sentinel",2,"mean_midpoint",25,0.0651727512185423
"joint_ess2_x2","M11","S05",74,"hard","four_chain_sentinel",2,"mean_midpoint",50,0.0803203855723081
"joint_ess2_x2","M11","S05",74,"hard","four_chain_sentinel",2,"mean_upper",1,0.601852686772388
"joint_ess2_x2","M11","S05",74,"hard","four_chain_sentinel",2,"mean_upper",5,0.249887943600392
"joint_ess2_x2","M11","S05",74,"hard","four_chain_sentinel",2,"mean_upper",10,0.138555672432935
"joint_ess2_x2","M11","S05",74,"hard","four_chain_sentinel",2,"mean_upper",25,0.0863828841751281
"joint_ess2_x2","M11","S05",74,"hard","four_chain_sentinel",2,"mean_upper",50,0.101761494593087
"joint_ess2_x2","M11","S05",74,"hard","four_chain_sentinel",2,"observed_loss",1,0.588260251631516
"joint_ess2_x2","M11","S05",74,"hard","four_chain_sentinel",2,"observed_loss",5,0.18496527360254
"joint_ess2_x2","M11","S05",74,"hard","four_chain_sentinel",2,"observed_loss",10,0.0452075685015046
"joint_ess2_x2","M11","S05",74,"hard","four_chain_sentinel",2,"observed_loss",25,0.0304892680223414
"joint_ess2_x2","M11","S05",74,"hard","four_chain_sentinel",2,"observed_loss",50,0.0480360822133165
"joint_ess2_x2","M11","S05",74,"hard","four_chain_sentinel",3,"log_q_1",1,0.512371411662517
"joint_ess2_x2","M11","S05",74,"hard","four_chain_sentinel",3,"log_q_1",5,0.138427154984492
"joint_ess2_x2","M11","S05",74,"hard","four_chain_sentinel",3,"log_q_1",10,0.0404884407394611
"joint_ess2_x2","M11","S05",74,"hard","four_chain_sentinel",3,"log_q_1",25,0.0027943972666212
"joint_ess2_x2","M11","S05",74,"hard","four_chain_sentinel",3,"log_q_1",50,-0.0130708483811235
"joint_ess2_x2","M11","S05",74,"hard","four_chain_sentinel",3,"log_lambda",1,0.428987410234678
"joint_ess2_x2","M11","S05",74,"hard","four_chain_sentinel",3,"log_lambda",5,0.0892751179688433
"joint_ess2_x2","M11","S05",74,"hard","four_chain_sentinel",3,"log_lambda",10,0.0105939135679824
"joint_ess2_x2","M11","S05",74,"hard","four_chain_sentinel",3,"log_lambda",25,-0.00661622944982258
"joint_ess2_x2","M11","S05",74,"hard","four_chain_sentinel",3,"log_lambda",50,0.00149798765195754
"joint_ess2_x2","M11","S05",74,"hard","four_chain_sentinel",3,"mean_width",1,0.626244173293803
"joint_ess2_x2","M11","S05",74,"hard","four_chain_sentinel",3,"mean_width",5,0.179785890811803
"joint_ess2_x2","M11","S05",74,"hard","four_chain_sentinel",3,"mean_width",10,0.0450399611897798
"joint_ess2_x2","M11","S05",74,"hard","four_chain_sentinel",3,"mean_width",25,-0.001463348641287
"joint_ess2_x2","M11","S05",74,"hard","four_chain_sentinel",3,"mean_width",50,-0.00918127078042382
"joint_ess2_x2","M11","S05",74,"hard","four_chain_sentinel",3,"mean_midpoint",1,0.468204901012722
"joint_ess2_x2","M11","S05",74,"hard","four_chain_sentinel",3,"mean_midpoint",5,0.12229511628409
"joint_ess2_x2","M11","S05",74,"hard","four_chain_sentinel",3,"mean_midpoint",10,0.0466004421032285
"joint_ess2_x2","M11","S05",74,"hard","four_chain_sentinel",3,"mean_midpoint",25,0.00465903383138621
"joint_ess2_x2","M11","S05",74,"hard","four_chain_sentinel",3,"mean_midpoint",50,0.00309785120011074
"joint_ess2_x2","M11","S05",74,"hard","four_chain_sentinel",3,"mean_upper",1,0.587919984321253
"joint_ess2_x2","M11","S05",74,"hard","four_chain_sentinel",3,"mean_upper",5,0.167404269163667
"joint_ess2_x2","M11","S05",74,"hard","four_chain_sentinel",3,"mean_upper",10,0.0496992256222074
"joint_ess2_x2","M11","S05",74,"hard","four_chain_sentinel",3,"mean_upper",25,0.00328623664892164
"joint_ess2_x2","M11","S05",74,"hard","four_chain_sentinel",3,"mean_upper",50,-0.00337909971830584
"joint_ess2_x2","M11","S05",74,"hard","four_chain_sentinel",3,"observed_loss",1,0.589398443008494
"joint_ess2_x2","M11","S05",74,"hard","four_chain_sentinel",3,"observed_loss",5,0.141936847774872
"joint_ess2_x2","M11","S05",74,"hard","four_chain_sentinel",3,"observed_loss",10,0.0225834261458943
"joint_ess2_x2","M11","S05",74,"hard","four_chain_sentinel",3,"observed_loss",25,-0.00379423040240461
"joint_ess2_x2","M11","S05",74,"hard","four_chain_sentinel",3,"observed_loss",50,-0.0124640010359531
"joint_ess2_x2","M11","S05",74,"hard","four_chain_sentinel",4,"log_q_1",1,0.4921419136238
"joint_ess2_x2","M11","S05",74,"hard","four_chain_sentinel",4,"log_q_1",5,0.122437313384802
"joint_ess2_x2","M11","S05",74,"hard","four_chain_sentinel",4,"log_q_1",10,0.0412412428615162
"joint_ess2_x2","M11","S05",74,"hard","four_chain_sentinel",4,"log_q_1",25,-0.0387661252334968
"joint_ess2_x2","M11","S05",74,"hard","four_chain_sentinel",4,"log_q_1",50,-0.016474977935866
"joint_ess2_x2","M11","S05",74,"hard","four_chain_sentinel",4,"log_lambda",1,0.398318296970344
"joint_ess2_x2","M11","S05",74,"hard","four_chain_sentinel",4,"log_lambda",5,0.0900334625000703
"joint_ess2_x2","M11","S05",74,"hard","four_chain_sentinel",4,"log_lambda",10,0.0249022978976867
"joint_ess2_x2","M11","S05",74,"hard","four_chain_sentinel",4,"log_lambda",25,-0.00770742587969473
"joint_ess2_x2","M11","S05",74,"hard","four_chain_sentinel",4,"log_lambda",50,0.004228811428715
"joint_ess2_x2","M11","S05",74,"hard","four_chain_sentinel",4,"mean_width",1,0.60546991717566
"joint_ess2_x2","M11","S05",74,"hard","four_chain_sentinel",4,"mean_width",5,0.153837961293647
"joint_ess2_x2","M11","S05",74,"hard","four_chain_sentinel",4,"mean_width",10,0.029474948979726
"joint_ess2_x2","M11","S05",74,"hard","four_chain_sentinel",4,"mean_width",25,-0.0272615780011439
"joint_ess2_x2","M11","S05",74,"hard","four_chain_sentinel",4,"mean_width",50,-0.030641048338332
"joint_ess2_x2","M11","S05",74,"hard","four_chain_sentinel",4,"mean_midpoint",1,0.454650564309161
"joint_ess2_x2","M11","S05",74,"hard","four_chain_sentinel",4,"mean_midpoint",5,0.101178971667143
"joint_ess2_x2","M11","S05",74,"hard","four_chain_sentinel",4,"mean_midpoint",10,0.0254977455423907
"joint_ess2_x2","M11","S05",74,"hard","four_chain_sentinel",4,"mean_midpoint",25,-0.0222662102047184
"joint_ess2_x2","M11","S05",74,"hard","four_chain_sentinel",4,"mean_midpoint",50,-0.0215640447029744
"joint_ess2_x2","M11","S05",74,"hard","four_chain_sentinel",4,"mean_upper",1,0.568961064903876
"joint_ess2_x2","M11","S05",74,"hard","four_chain_sentinel",4,"mean_upper",5,0.136808965010911
"joint_ess2_x2","M11","S05",74,"hard","four_chain_sentinel",4,"mean_upper",10,0.0277611964493699
"joint_ess2_x2","M11","S05",74,"hard","four_chain_sentinel",4,"mean_upper",25,-0.0283141103536827
"joint_ess2_x2","M11","S05",74,"hard","four_chain_sentinel",4,"mean_upper",50,-0.0283301634322602
"joint_ess2_x2","M11","S05",74,"hard","four_chain_sentinel",4,"observed_loss",1,0.563633458658592
"joint_ess2_x2","M11","S05",74,"hard","four_chain_sentinel",4,"observed_loss",5,0.145562902522939
"joint_ess2_x2","M11","S05",74,"hard","four_chain_sentinel",4,"observed_loss",10,0.0308655100518862
"joint_ess2_x2","M11","S05",74,"hard","four_chain_sentinel",4,"observed_loss",25,-0.0149835748343225
"joint_ess2_x2","M11","S05",74,"hard","four_chain_sentinel",4,"observed_loss",50,-0.0171571031488793
"joint_ess2_x2","M11","S05",172,"hard","one_chain_standard",1,"log_q_1",1,0.606140024640179
"joint_ess2_x2","M11","S05",172,"hard","one_chain_standard",1,"log_q_1",5,0.33277928335592
"joint_ess2_x2","M11","S05",172,"hard","one_chain_standard",1,"log_q_1",10,0.247485415353214
"joint_ess2_x2","M11","S05",172,"hard","one_chain_standard",1,"log_q_1",25,0.155271280177371
"joint_ess2_x2","M11","S05",172,"hard","one_chain_standard",1,"log_q_1",50,0.129366651276392
"joint_ess2_x2","M11","S05",172,"hard","one_chain_standard",1,"log_lambda",1,0.513290421839112
"joint_ess2_x2","M11","S05",172,"hard","one_chain_standard",1,"log_lambda",5,0.151005250470028
"joint_ess2_x2","M11","S05",172,"hard","one_chain_standard",1,"log_lambda",10,0.0700566443701619
"joint_ess2_x2","M11","S05",172,"hard","one_chain_standard",1,"log_lambda",25,0.0676679671593784
"joint_ess2_x2","M11","S05",172,"hard","one_chain_standard",1,"log_lambda",50,0.0172083481614313
"joint_ess2_x2","M11","S05",172,"hard","one_chain_standard",1,"mean_width",1,0.672106690879055
"joint_ess2_x2","M11","S05",172,"hard","one_chain_standard",1,"mean_width",5,0.365844755606593
"joint_ess2_x2","M11","S05",172,"hard","one_chain_standard",1,"mean_width",10,0.247036362801661
"joint_ess2_x2","M11","S05",172,"hard","one_chain_standard",1,"mean_width",25,0.137860320504002
"joint_ess2_x2","M11","S05",172,"hard","one_chain_standard",1,"mean_width",50,0.129564854883546
"joint_ess2_x2","M11","S05",172,"hard","one_chain_standard",1,"mean_midpoint",1,0.530013202224442
"joint_ess2_x2","M11","S05",172,"hard","one_chain_standard",1,"mean_midpoint",5,0.26385612393297
"joint_ess2_x2","M11","S05",172,"hard","one_chain_standard",1,"mean_midpoint",10,0.191671298532333
"joint_ess2_x2","M11","S05",172,"hard","one_chain_standard",1,"mean_midpoint",25,0.113563799064432
"joint_ess2_x2","M11","S05",172,"hard","one_chain_standard",1,"mean_midpoint",50,0.105167876464781
"joint_ess2_x2","M11","S05",172,"hard","one_chain_standard",1,"mean_upper",1,0.650703930669126
"joint_ess2_x2","M11","S05",172,"hard","one_chain_standard",1,"mean_upper",5,0.349018898582181
"joint_ess2_x2","M11","S05",172,"hard","one_chain_standard",1,"mean_upper",10,0.243226586964685
"joint_ess2_x2","M11","S05",172,"hard","one_chain_standard",1,"mean_upper",25,0.140385755426988
"joint_ess2_x2","M11","S05",172,"hard","one_chain_standard",1,"mean_upper",50,0.131080875080029
"joint_ess2_x2","M11","S05",172,"hard","one_chain_standard",1,"observed_loss",1,0.655676530883317
"joint_ess2_x2","M11","S05",172,"hard","one_chain_standard",1,"observed_loss",5,0.220913612639204
"joint_ess2_x2","M11","S05",172,"hard","one_chain_standard",1,"observed_loss",10,0.115605664215839
"joint_ess2_x2","M11","S05",172,"hard","one_chain_standard",1,"observed_loss",25,0.0806187609419288
"joint_ess2_x2","M11","S05",172,"hard","one_chain_standard",1,"observed_loss",50,0.0427920734470314
"joint_ess1_reverse_x2","M11","S05",190,"guard","one_chain_standard",1,"log_q_1",1,0.595971393536189
"joint_ess1_reverse_x2","M11","S05",190,"guard","one_chain_standard",1,"log_q_1",5,0.344628930183366
"joint_ess1_reverse_x2","M11","S05",190,"guard","one_chain_standard",1,"log_q_1",10,0.255190776014719
"joint_ess1_reverse_x2","M11","S05",190,"guard","one_chain_standard",1,"log_q_1",25,0.13944691012013
"joint_ess1_reverse_x2","M11","S05",190,"guard","one_chain_standard",1,"log_q_1",50,0.133024508231346
"joint_ess1_reverse_x2","M11","S05",190,"guard","one_chain_standard",1,"log_lambda",1,0.436767134200407
"joint_ess1_reverse_x2","M11","S05",190,"guard","one_chain_standard",1,"log_lambda",5,0.137860689310923
"joint_ess1_reverse_x2","M11","S05",190,"guard","one_chain_standard",1,"log_lambda",10,0.0886037036865156
"joint_ess1_reverse_x2","M11","S05",190,"guard","one_chain_standard",1,"log_lambda",25,0.0302299122659854
"joint_ess1_reverse_x2","M11","S05",190,"guard","one_chain_standard",1,"log_lambda",50,0.0263118835270267
"joint_ess1_reverse_x2","M11","S05",190,"guard","one_chain_standard",1,"mean_width",1,0.627931305601217
"joint_ess1_reverse_x2","M11","S05",190,"guard","one_chain_standard",1,"mean_width",5,0.335505924823394
"joint_ess1_reverse_x2","M11","S05",190,"guard","one_chain_standard",1,"mean_width",10,0.239228044422496
"joint_ess1_reverse_x2","M11","S05",190,"guard","one_chain_standard",1,"mean_width",25,0.120253935911604
"joint_ess1_reverse_x2","M11","S05",190,"guard","one_chain_standard",1,"mean_width",50,0.114310824598698
"joint_ess1_reverse_x2","M11","S05",190,"guard","one_chain_standard",1,"mean_midpoint",1,0.454138264710336
"joint_ess1_reverse_x2","M11","S05",190,"guard","one_chain_standard",1,"mean_midpoint",5,0.228568243849422
"joint_ess1_reverse_x2","M11","S05",190,"guard","one_chain_standard",1,"mean_midpoint",10,0.157177550827884
"joint_ess1_reverse_x2","M11","S05",190,"guard","one_chain_standard",1,"mean_midpoint",25,0.0813205680710276
"joint_ess1_reverse_x2","M11","S05",190,"guard","one_chain_standard",1,"mean_midpoint",50,0.0764255805134169
"joint_ess1_reverse_x2","M11","S05",190,"guard","one_chain_standard",1,"mean_upper",1,0.60328453545931
"joint_ess1_reverse_x2","M11","S05",190,"guard","one_chain_standard",1,"mean_upper",5,0.323446585939827
"joint_ess1_reverse_x2","M11","S05",190,"guard","one_chain_standard",1,"mean_upper",10,0.227247433915161
"joint_ess1_reverse_x2","M11","S05",190,"guard","one_chain_standard",1,"mean_upper",25,0.11201943249775
"joint_ess1_reverse_x2","M11","S05",190,"guard","one_chain_standard",1,"mean_upper",50,0.113502293799478
"joint_ess1_reverse_x2","M11","S05",190,"guard","one_chain_standard",1,"observed_loss",1,0.604517452484779
"joint_ess1_reverse_x2","M11","S05",190,"guard","one_chain_standard",1,"observed_loss",5,0.235169227724834
"joint_ess1_reverse_x2","M11","S05",190,"guard","one_chain_standard",1,"observed_loss",10,0.134721534675937
"joint_ess1_reverse_x2","M11","S05",190,"guard","one_chain_standard",1,"observed_loss",25,0.0652238910544186
"joint_ess1_reverse_x2","M11","S05",190,"guard","one_chain_standard",1,"observed_loss",50,0.0558458947730306
"joint_ess1_reverse_x2","M11","S05",74,"hard","four_chain_sentinel",1,"log_q_1",1,0.533576595979722
"joint_ess1_reverse_x2","M11","S05",74,"hard","four_chain_sentinel",1,"log_q_1",5,0.199292432314729
"joint_ess1_reverse_x2","M11","S05",74,"hard","four_chain_sentinel",1,"log_q_1",10,0.113117388116586
"joint_ess1_reverse_x2","M11","S05",74,"hard","four_chain_sentinel",1,"log_q_1",25,0.0935928772916473
"joint_ess1_reverse_x2","M11","S05",74,"hard","four_chain_sentinel",1,"log_q_1",50,0.0863692875830958
"joint_ess1_reverse_x2","M11","S05",74,"hard","four_chain_sentinel",1,"log_lambda",1,0.421322435604952
"joint_ess1_reverse_x2","M11","S05",74,"hard","four_chain_sentinel",1,"log_lambda",5,0.0974348363749748
"joint_ess1_reverse_x2","M11","S05",74,"hard","four_chain_sentinel",1,"log_lambda",10,0.0368454587722276
"joint_ess1_reverse_x2","M11","S05",74,"hard","four_chain_sentinel",1,"log_lambda",25,0.0362083469650498
"joint_ess1_reverse_x2","M11","S05",74,"hard","four_chain_sentinel",1,"log_lambda",50,0.0324161509815765
"joint_ess1_reverse_x2","M11","S05",74,"hard","four_chain_sentinel",1,"mean_width",1,0.631193611888769
"joint_ess1_reverse_x2","M11","S05",74,"hard","four_chain_sentinel",1,"mean_width",5,0.218255567314689
"joint_ess1_reverse_x2","M11","S05",74,"hard","four_chain_sentinel",1,"mean_width",10,0.111098437391604
"joint_ess1_reverse_x2","M11","S05",74,"hard","four_chain_sentinel",1,"mean_width",25,0.092524966886692
"joint_ess1_reverse_x2","M11","S05",74,"hard","four_chain_sentinel",1,"mean_width",50,0.0841580245500691
"joint_ess1_reverse_x2","M11","S05",74,"hard","four_chain_sentinel",1,"mean_midpoint",1,0.482151172682284
"joint_ess1_reverse_x2","M11","S05",74,"hard","four_chain_sentinel",1,"mean_midpoint",5,0.16775242714648
"joint_ess1_reverse_x2","M11","S05",74,"hard","four_chain_sentinel",1,"mean_midpoint",10,0.0894468733808538
"joint_ess1_reverse_x2","M11","S05",74,"hard","four_chain_sentinel",1,"mean_midpoint",25,0.0810734801535271
"joint_ess1_reverse_x2","M11","S05",74,"hard","four_chain_sentinel",1,"mean_midpoint",50,0.0568941770325016
"joint_ess1_reverse_x2","M11","S05",74,"hard","four_chain_sentinel",1,"mean_upper",1,0.597876137079929
"joint_ess1_reverse_x2","M11","S05",74,"hard","four_chain_sentinel",1,"mean_upper",5,0.211960844123777
"joint_ess1_reverse_x2","M11","S05",74,"hard","four_chain_sentinel",1,"mean_upper",10,0.111968417548165
"joint_ess1_reverse_x2","M11","S05",74,"hard","four_chain_sentinel",1,"mean_upper",25,0.0967623290976
"joint_ess1_reverse_x2","M11","S05",74,"hard","four_chain_sentinel",1,"mean_upper",50,0.0789134784966684
"joint_ess1_reverse_x2","M11","S05",74,"hard","four_chain_sentinel",1,"observed_loss",1,0.588908617271454
"joint_ess1_reverse_x2","M11","S05",74,"hard","four_chain_sentinel",1,"observed_loss",5,0.144336788287637
"joint_ess1_reverse_x2","M11","S05",74,"hard","four_chain_sentinel",1,"observed_loss",10,0.0547375610034836
"joint_ess1_reverse_x2","M11","S05",74,"hard","four_chain_sentinel",1,"observed_loss",25,0.0521140591086814
"joint_ess1_reverse_x2","M11","S05",74,"hard","four_chain_sentinel",1,"observed_loss",50,0.0449350827346541
"joint_ess1_reverse_x2","M11","S05",74,"hard","four_chain_sentinel",2,"log_q_1",1,0.490221873195463
"joint_ess1_reverse_x2","M11","S05",74,"hard","four_chain_sentinel",2,"log_q_1",5,0.157529130815772
"joint_ess1_reverse_x2","M11","S05",74,"hard","four_chain_sentinel",2,"log_q_1",10,0.0548527997180227
"joint_ess1_reverse_x2","M11","S05",74,"hard","four_chain_sentinel",2,"log_q_1",25,0.00709950936985923
"joint_ess1_reverse_x2","M11","S05",74,"hard","four_chain_sentinel",2,"log_q_1",50,0.0201472658472794
"joint_ess1_reverse_x2","M11","S05",74,"hard","four_chain_sentinel",2,"log_lambda",1,0.401969176261854
"joint_ess1_reverse_x2","M11","S05",74,"hard","four_chain_sentinel",2,"log_lambda",5,0.101979798295556
"joint_ess1_reverse_x2","M11","S05",74,"hard","four_chain_sentinel",2,"log_lambda",10,-0.0030322607190858
"joint_ess1_reverse_x2","M11","S05",74,"hard","four_chain_sentinel",2,"log_lambda",25,-0.0158742016446312
"joint_ess1_reverse_x2","M11","S05",74,"hard","four_chain_sentinel",2,"log_lambda",50,0.0101262289889225
"joint_ess1_reverse_x2","M11","S05",74,"hard","four_chain_sentinel",2,"mean_width",1,0.608978945307677
"joint_ess1_reverse_x2","M11","S05",74,"hard","four_chain_sentinel",2,"mean_width",5,0.179772868002027
"joint_ess1_reverse_x2","M11","S05",74,"hard","four_chain_sentinel",2,"mean_width",10,0.0497805278047975
"joint_ess1_reverse_x2","M11","S05",74,"hard","four_chain_sentinel",2,"mean_width",25,-0.0025520260395185
"joint_ess1_reverse_x2","M11","S05",74,"hard","four_chain_sentinel",2,"mean_width",50,0.00798853534282382
"joint_ess1_reverse_x2","M11","S05",74,"hard","four_chain_sentinel",2,"mean_midpoint",1,0.460086655361009
"joint_ess1_reverse_x2","M11","S05",74,"hard","four_chain_sentinel",2,"mean_midpoint",5,0.114104111999001
"joint_ess1_reverse_x2","M11","S05",74,"hard","four_chain_sentinel",2,"mean_midpoint",10,0.0294002428775128
"joint_ess1_reverse_x2","M11","S05",74,"hard","four_chain_sentinel",2,"mean_midpoint",25,-0.00205094843210109
"joint_ess1_reverse_x2","M11","S05",74,"hard","four_chain_sentinel",2,"mean_midpoint",50,0.0108878662003665
"joint_ess1_reverse_x2","M11","S05",74,"hard","four_chain_sentinel",2,"mean_upper",1,0.57457684812082
"joint_ess1_reverse_x2","M11","S05",74,"hard","four_chain_sentinel",2,"mean_upper",5,0.163213220638679
"joint_ess1_reverse_x2","M11","S05",74,"hard","four_chain_sentinel",2,"mean_upper",10,0.0451259944713712
"joint_ess1_reverse_x2","M11","S05",74,"hard","four_chain_sentinel",2,"mean_upper",25,-0.000865862841590935
"joint_ess1_reverse_x2","M11","S05",74,"hard","four_chain_sentinel",2,"mean_upper",50,0.00984835135696795
"joint_ess1_reverse_x2","M11","S05",74,"hard","four_chain_sentinel",2,"observed_loss",1,0.568759466127664
"joint_ess1_reverse_x2","M11","S05",74,"hard","four_chain_sentinel",2,"observed_loss",5,0.150340222368503
"joint_ess1_reverse_x2","M11","S05",74,"hard","four_chain_sentinel",2,"observed_loss",10,0.00812116834691331
"joint_ess1_reverse_x2","M11","S05",74,"hard","four_chain_sentinel",2,"observed_loss",25,0.000425958728335624
"joint_ess1_reverse_x2","M11","S05",74,"hard","four_chain_sentinel",2,"observed_loss",50,0.0118386603228597
"joint_ess1_reverse_x2","M11","S05",74,"hard","four_chain_sentinel",3,"log_q_1",1,0.488508519516382
"joint_ess1_reverse_x2","M11","S05",74,"hard","four_chain_sentinel",3,"log_q_1",5,0.129774500258902
"joint_ess1_reverse_x2","M11","S05",74,"hard","four_chain_sentinel",3,"log_q_1",10,0.0249327343223318
"joint_ess1_reverse_x2","M11","S05",74,"hard","four_chain_sentinel",3,"log_q_1",25,0.00784812856924753
"joint_ess1_reverse_x2","M11","S05",74,"hard","four_chain_sentinel",3,"log_q_1",50,-0.0129286564476839
"joint_ess1_reverse_x2","M11","S05",74,"hard","four_chain_sentinel",3,"log_lambda",1,0.413624751636492
"joint_ess1_reverse_x2","M11","S05",74,"hard","four_chain_sentinel",3,"log_lambda",5,0.0933443682018971
"joint_ess1_reverse_x2","M11","S05",74,"hard","four_chain_sentinel",3,"log_lambda",10,0.0322873563801756
"joint_ess1_reverse_x2","M11","S05",74,"hard","four_chain_sentinel",3,"log_lambda",25,-0.0121950353072508
"joint_ess1_reverse_x2","M11","S05",74,"hard","four_chain_sentinel",3,"log_lambda",50,-0.0062370055166773
"joint_ess1_reverse_x2","M11","S05",74,"hard","four_chain_sentinel",3,"mean_width",1,0.6044431194994
"joint_ess1_reverse_x2","M11","S05",74,"hard","four_chain_sentinel",3,"mean_width",5,0.171488562659171
"joint_ess1_reverse_x2","M11","S05",74,"hard","four_chain_sentinel",3,"mean_width",10,0.0310766787063603
"joint_ess1_reverse_x2","M11","S05",74,"hard","four_chain_sentinel",3,"mean_width",25,-0.0127852246906195
"joint_ess1_reverse_x2","M11","S05",74,"hard","four_chain_sentinel",3,"mean_width",50,-0.0030600840897708
"joint_ess1_reverse_x2","M11","S05",74,"hard","four_chain_sentinel",3,"mean_midpoint",1,0.458201786207785
"joint_ess1_reverse_x2","M11","S05",74,"hard","four_chain_sentinel",3,"mean_midpoint",5,0.118686863035151
"joint_ess1_reverse_x2","M11","S05",74,"hard","four_chain_sentinel",3,"mean_midpoint",10,0.0033127520267989
"joint_ess1_reverse_x2","M11","S05",74,"hard","four_chain_sentinel",3,"mean_midpoint",25,0.00523842358957443
"joint_ess1_reverse_x2","M11","S05",74,"hard","four_chain_sentinel",3,"mean_midpoint",50,0.0113810972979218
"joint_ess1_reverse_x2","M11","S05",74,"hard","four_chain_sentinel",3,"mean_upper",1,0.572013062108544
"joint_ess1_reverse_x2","M11","S05",74,"hard","four_chain_sentinel",3,"mean_upper",5,0.162217792805381
"joint_ess1_reverse_x2","M11","S05",74,"hard","four_chain_sentinel",3,"mean_upper",10,0.0178672147407567
"joint_ess1_reverse_x2","M11","S05",74,"hard","four_chain_sentinel",3,"mean_upper",25,-0.00175418837571424
"joint_ess1_reverse_x2","M11","S05",74,"hard","four_chain_sentinel",3,"mean_upper",50,0.00521475359865285
"joint_ess1_reverse_x2","M11","S05",74,"hard","four_chain_sentinel",3,"observed_loss",1,0.58014548549277
"joint_ess1_reverse_x2","M11","S05",74,"hard","four_chain_sentinel",3,"observed_loss",5,0.137907572145311
"joint_ess1_reverse_x2","M11","S05",74,"hard","four_chain_sentinel",3,"observed_loss",10,0.0338551413978022
"joint_ess1_reverse_x2","M11","S05",74,"hard","four_chain_sentinel",3,"observed_loss",25,-0.0186519150527039
"joint_ess1_reverse_x2","M11","S05",74,"hard","four_chain_sentinel",3,"observed_loss",50,-0.0065869159183865
"joint_ess1_reverse_x2","M11","S05",74,"hard","four_chain_sentinel",4,"log_q_1",1,0.506889401160398
"joint_ess1_reverse_x2","M11","S05",74,"hard","four_chain_sentinel",4,"log_q_1",5,0.140583197159708
"joint_ess1_reverse_x2","M11","S05",74,"hard","four_chain_sentinel",4,"log_q_1",10,0.0543407096072715
"joint_ess1_reverse_x2","M11","S05",74,"hard","four_chain_sentinel",4,"log_q_1",25,-0.0127281059230076
"joint_ess1_reverse_x2","M11","S05",74,"hard","four_chain_sentinel",4,"log_q_1",50,0.0116008495211392
"joint_ess1_reverse_x2","M11","S05",74,"hard","four_chain_sentinel",4,"log_lambda",1,0.422030796550722
"joint_ess1_reverse_x2","M11","S05",74,"hard","four_chain_sentinel",4,"log_lambda",5,0.0947532282585863
"joint_ess1_reverse_x2","M11","S05",74,"hard","four_chain_sentinel",4,"log_lambda",10,0.0197089932135253
"joint_ess1_reverse_x2","M11","S05",74,"hard","four_chain_sentinel",4,"log_lambda",25,0.0102351077904574
"joint_ess1_reverse_x2","M11","S05",74,"hard","four_chain_sentinel",4,"log_lambda",50,-0.0083183098555166
"joint_ess1_reverse_x2","M11","S05",74,"hard","four_chain_sentinel",4,"mean_width",1,0.622617966708078
"joint_ess1_reverse_x2","M11","S05",74,"hard","four_chain_sentinel",4,"mean_width",5,0.180241530315995
"joint_ess1_reverse_x2","M11","S05",74,"hard","four_chain_sentinel",4,"mean_width",10,0.0695271666489434
"joint_ess1_reverse_x2","M11","S05",74,"hard","four_chain_sentinel",4,"mean_width",25,0.00611846739459076
"joint_ess1_reverse_x2","M11","S05",74,"hard","four_chain_sentinel",4,"mean_width",50,0.0180179454482779
"joint_ess1_reverse_x2","M11","S05",74,"hard","four_chain_sentinel",4,"mean_midpoint",1,0.466006113551641
"joint_ess1_reverse_x2","M11","S05",74,"hard","four_chain_sentinel",4,"mean_midpoint",5,0.122032003676979
"joint_ess1_reverse_x2","M11","S05",74,"hard","four_chain_sentinel",4,"mean_midpoint",10,0.0382970752586093
"joint_ess1_reverse_x2","M11","S05",74,"hard","four_chain_sentinel",4,"mean_midpoint",25,0.00432032268695637
"joint_ess1_reverse_x2","M11","S05",74,"hard","four_chain_sentinel",4,"mean_midpoint",50,0.0114074809428505
"joint_ess1_reverse_x2","M11","S05",74,"hard","four_chain_sentinel",4,"mean_upper",1,0.582666546579355
"joint_ess1_reverse_x2","M11","S05",74,"hard","four_chain_sentinel",4,"mean_upper",5,0.165158626506703
"joint_ess1_reverse_x2","M11","S05",74,"hard","four_chain_sentinel",4,"mean_upper",10,0.0581006314850285
"joint_ess1_reverse_x2","M11","S05",74,"hard","four_chain_sentinel",4,"mean_upper",25,0.00599254749722007
"joint_ess1_reverse_x2","M11","S05",74,"hard","four_chain_sentinel",4,"mean_upper",50,0.0167679881358528
"joint_ess1_reverse_x2","M11","S05",74,"hard","four_chain_sentinel",4,"observed_loss",1,0.589639303671351
"joint_ess1_reverse_x2","M11","S05",74,"hard","four_chain_sentinel",4,"observed_loss",5,0.141808460967516
"joint_ess1_reverse_x2","M11","S05",74,"hard","four_chain_sentinel",4,"observed_loss",10,0.0342952657855543
"joint_ess1_reverse_x2","M11","S05",74,"hard","four_chain_sentinel",4,"observed_loss",25,0.00803642741976959
"joint_ess1_reverse_x2","M11","S05",74,"hard","four_chain_sentinel",4,"observed_loss",50,-0.0142399944324333
"joint_ess1_reverse_x2","M11","S05",172,"hard","one_chain_standard",1,"log_q_1",1,0.621415000821435
"joint_ess1_reverse_x2","M11","S05",172,"hard","one_chain_standard",1,"log_q_1",5,0.414483566990738
"joint_ess1_reverse_x2","M11","S05",172,"hard","one_chain_standard",1,"log_q_1",10,0.334706921470247
"joint_ess1_reverse_x2","M11","S05",172,"hard","one_chain_standard",1,"log_q_1",25,0.275648367709723
"joint_ess1_reverse_x2","M11","S05",172,"hard","one_chain_standard",1,"log_q_1",50,0.29607148242838
"joint_ess1_reverse_x2","M11","S05",172,"hard","one_chain_standard",1,"log_lambda",1,0.50559092922053
"joint_ess1_reverse_x2","M11","S05",172,"hard","one_chain_standard",1,"log_lambda",5,0.160128047937156
"joint_ess1_reverse_x2","M11","S05",172,"hard","one_chain_standard",1,"log_lambda",10,0.113376054647938
"joint_ess1_reverse_x2","M11","S05",172,"hard","one_chain_standard",1,"log_lambda",25,0.0804762790015026
"joint_ess1_reverse_x2","M11","S05",172,"hard","one_chain_standard",1,"log_lambda",50,0.0732545722298335
"joint_ess1_reverse_x2","M11","S05",172,"hard","one_chain_standard",1,"mean_width",1,0.695277602286123
"joint_ess1_reverse_x2","M11","S05",172,"hard","one_chain_standard",1,"mean_width",5,0.437689610209529
"joint_ess1_reverse_x2","M11","S05",172,"hard","one_chain_standard",1,"mean_width",10,0.339963737476971
"joint_ess1_reverse_x2","M11","S05",172,"hard","one_chain_standard",1,"mean_width",25,0.286037053417649
"joint_ess1_reverse_x2","M11","S05",172,"hard","one_chain_standard",1,"mean_width",50,0.293055782300308
"joint_ess1_reverse_x2","M11","S05",172,"hard","one_chain_standard",1,"mean_midpoint",1,0.551504250803357
"joint_ess1_reverse_x2","M11","S05",172,"hard","one_chain_standard",1,"mean_midpoint",5,0.331777586074509
"joint_ess1_reverse_x2","M11","S05",172,"hard","one_chain_standard",1,"mean_midpoint",10,0.269012606987888
"joint_ess1_reverse_x2","M11","S05",172,"hard","one_chain_standard",1,"mean_midpoint",25,0.230171330627506
"joint_ess1_reverse_x2","M11","S05",172,"hard","one_chain_standard",1,"mean_midpoint",50,0.24298528041098
"joint_ess1_reverse_x2","M11","S05",172,"hard","one_chain_standard",1,"mean_upper",1,0.681986348367344
"joint_ess1_reverse_x2","M11","S05",172,"hard","one_chain_standard",1,"mean_upper",5,0.43420398201815
"joint_ess1_reverse_x2","M11","S05",172,"hard","one_chain_standard",1,"mean_upper",10,0.343359772983387
"joint_ess1_reverse_x2","M11","S05",172,"hard","one_chain_standard",1,"mean_upper",25,0.289953151134424
"joint_ess1_reverse_x2","M11","S05",172,"hard","one_chain_standard",1,"mean_upper",50,0.302564830926019
"joint_ess1_reverse_x2","M11","S05",172,"hard","one_chain_standard",1,"observed_loss",1,0.643896458914434
"joint_ess1_reverse_x2","M11","S05",172,"hard","one_chain_standard",1,"observed_loss",5,0.234778241205718
"joint_ess1_reverse_x2","M11","S05",172,"hard","one_chain_standard",1,"observed_loss",10,0.160380393203843
"joint_ess1_reverse_x2","M11","S05",172,"hard","one_chain_standard",1,"observed_loss",25,0.125776911315434
"joint_ess1_reverse_x2","M11","S05",172,"hard","one_chain_standard",1,"observed_loss",50,0.10182256901863
