"estimand","chains","rhat","ess_bulk","ess_tail","mcse_mean","mcse_over_sd","pass","candidate_id","candidate_order","transition_multiplier","method","DGP","replication","case_role","diagnostic_role","elapsed_seconds_group","bulk_effective_draws_per_second","tail_effective_draws_per_second"
"future_h01_lower",4,1.00004199062355,13966.1845436355,17956.3292895343,0.00359046115141031,0.00854186476299053,TRUE,"joint_ess1_x1",1,1,"M10","S05",129,"guard","four_chain_sentinel",13489.371,1.03534735189917,1.33114652191969
"future_h01_midpoint",4,1.00002783508987,14604.5690860441,19044.2079028029,0.00323107173296018,0.00828499032696177,TRUE,"joint_ess1_x1",1,1,"M10","S05",129,"guard","four_chain_sentinel",13489.371,1.08267235633478,1.41179361905035
"future_h01_upper",4,1.00003755883207,10666.7319959512,16234.1756916445,0.00639419920234853,0.00968883892780432,TRUE,"joint_ess1_x1",1,1,"M10","S05",129,"guard","four_chain_sentinel",13489.371,0.790750880522984,1.20347907190369
"future_h01_width",4,1.00008783374025,9519.07886161139,15837.6983609408,0.00806327869968611,0.0102729352762354,TRUE,"joint_ess1_x1",1,1,"M10","S05",129,"guard","four_chain_sentinel",13489.371,0.705672552234748,1.17408723957113
"future_h05_lower",4,1.00004199062355,13966.1845436355,17956.3292895343,0.00359046115141031,0.00854186476299053,TRUE,"joint_ess1_x1",1,1,"M10","S05",129,"guard","four_chain_sentinel",13489.371,1.03534735189917,1.33114652191969
"future_h05_midpoint",4,1.00002783508987,14604.5690860441,19044.2079028029,0.00323107173296018,0.00828499032696177,TRUE,"joint_ess1_x1",1,1,"M10","S05",129,"guard","four_chain_sentinel",13489.371,1.08267235633478,1.41179361905035
"future_h05_upper",4,1.00003755883207,10666.7319959512,16234.1756916445,0.00639419920234853,0.00968883892780432,TRUE,"joint_ess1_x1",1,1,"M10","S05",129,"guard","four_chain_sentinel",13489.371,0.790750880522984,1.20347907190369
"future_h05_width",4,1.00008783374025,9519.07886161139,15837.6983609408,0.00806327869968611,0.0102729352762354,TRUE,"joint_ess1_x1",1,1,"M10","S05",129,"guard","four_chain_sentinel",13489.371,0.705672552234748,1.17408723957113
"future_h10_lower",4,1.00004199062355,13966.1845436355,17956.3292895343,0.00359046115141031,0.00854186476299053,TRUE,"joint_ess1_x1",1,1,"M10","S05",129,"guard","four_chain_sentinel",13489.371,1.03534735189917,1.33114652191969
"future_h10_midpoint",4,1.00002783508987,14604.5690860441,19044.2079028029,0.00323107173296018,0.00828499032696177,TRUE,"joint_ess1_x1",1,1,"M10","S05",129,"guard","four_chain_sentinel",13489.371,1.08267235633478,1.41179361905035
"future_h10_upper",4,1.00003755883207,10666.7319959512,16234.1756916445,0.00639419920234853,0.00968883892780432,TRUE,"joint_ess1_x1",1,1,"M10","S05",129,"guard","four_chain_sentinel",13489.371,0.790750880522984,1.20347907190369
"future_h10_width",4,1.00008783374025,9519.07886161139,15837.6983609408,0.00806327869968611,0.0102729352762354,TRUE,"joint_ess1_x1",1,1,"M10","S05",129,"guard","four_chain_sentinel",13489.371,0.705672552234748,1.17408723957113
"future_h20_lower",4,1.00004199062355,13966.1845436355,17956.3292895343,0.00359046115141031,0.00854186476299053,TRUE,"joint_ess1_x1",1,1,"M10","S05",129,"guard","four_chain_sentinel",13489.371,1.03534735189917,1.33114652191969
"future_h20_midpoint",4,1.00002783508987,14604.5690860441,19044.2079028029,0.00323107173296018,0.00828499032696177,TRUE,"joint_ess1_x1",1,1,"M10","S05",129,"guard","four_chain_sentinel",13489.371,1.08267235633478,1.41179361905035
"future_h20_upper",4,1.00003755883207,10666.7319959512,16234.1756916445,0.00639419920234853,0.00968883892780432,TRUE,"joint_ess1_x1",1,1,"M10","S05",129,"guard","four_chain_sentinel",13489.371,0.790750880522984,1.20347907190369
"future_h20_width",4,1.00008783374025,9519.07886161139,15837.6983609408,0.00806327869968611,0.0102729352762354,TRUE,"joint_ess1_x1",1,1,"M10","S05",129,"guard","four_chain_sentinel",13489.371,0.705672552234748,1.17408723957113
"log_q_1",4,1.00102756622008,2015.9014599929,3696.43578327817,0.00701150412294223,0.0223310036396384,TRUE,"joint_ess1_x1",1,1,"M10","S05",129,"guard","four_chain_sentinel",13489.371,0.149443696076926,0.27402580767318
"mean_lower",4,1.00024704987279,7920.79125248168,13246.0982203039,0.000645827391835297,0.0112013857026297,TRUE,"joint_ess1_x1",1,1,"M10","S05",129,"guard","four_chain_sentinel",13489.371,0.587187590324388,0.981965595008389
"mean_midpoint",4,1.00108179106177,4442.1352509032,8390.78948638388,0.00115648256793472,0.0150460362998576,TRUE,"joint_ess1_x1",1,1,"M10","S05",129,"guard","four_chain_sentinel",13489.371,0.329306329472531,0.622029706676752
"mean_upper",4,1.00180728664782,3100.59422698986,5684.92081159381,0.0025672808596952,0.0180571951603121,TRUE,"joint_ess1_x1",1,1,"M10","S05",129,"guard","four_chain_sentinel",13489.371,0.229854618646775,0.421437056745923
"mean_width",4,1.0021100805641,2849.4514484203,4920.74113502096,0.00289652179225512,0.0189172879485608,TRUE,"joint_ess1_x1",1,1,"M10","S05",129,"guard","four_chain_sentinel",13489.371,0.211236791427881,0.364786551946785
"observed_loss",4,1.00016723698195,5247.67369477457,11193.0127145744,0.058165671431988,0.0137547305559609,TRUE,"joint_ess1_x1",1,1,"M10","S05",129,"guard","four_chain_sentinel",13489.371,0.389022860648919,0.829765354854159
"terminal_lower",4,1.00004199062355,13966.1845436355,17956.3292895343,0.00359046115141031,0.00854186476299053,TRUE,"joint_ess1_x1",1,1,"M10","S05",129,"guard","four_chain_sentinel",13489.371,1.03534735189917,1.33114652191969
"terminal_midpoint",4,1.00002783508987,14604.5690860441,19044.2079028029,0.00323107173296018,0.00828499032696177,TRUE,"joint_ess1_x1",1,1,"M10","S05",129,"guard","four_chain_sentinel",13489.371,1.08267235633478,1.41179361905035
"terminal_upper",4,1.00003755883207,10666.7319959512,16234.1756916445,0.00639419920234853,0.00968883892780432,TRUE,"joint_ess1_x1",1,1,"M10","S05",129,"guard","four_chain_sentinel",13489.371,0.790750880522984,1.20347907190369
"terminal_width",4,1.00008783374025,9519.07886161139,15837.6983609408,0.00806327869968611,0.0102729352762354,TRUE,"joint_ess1_x1",1,1,"M10","S05",129,"guard","four_chain_sentinel",13489.371,0.705672552234748,1.17408723957113
"training_t0001_lower",4,0.999966235985947,15188.9672973839,18212.6210326255,0.00304228870550736,0.00819264118727681,TRUE,"joint_ess1_x1",1,1,"M10","S05",129,"guard","four_chain_sentinel",13489.371,1.12599522226677,1.35014605444728
"training_t0001_midpoint",4,1.00001462053163,16447.1520345759,16569.1736654821,0.00243059261663097,0.00799447598621336,TRUE,"joint_ess1_x1",1,1,"M10","S05",129,"guard","four_chain_sentinel",13489.371,1.21926752808384,1.22831328943967
"training_t0001_upper",4,1.00001907343961,13231.1771834684,11710.0375277135,0.00485694099705428,0.00907161187621916,TRUE,"joint_ess1_x1",1,1,"M10","S05",129,"guard","four_chain_sentinel",13489.371,0.980859462125284,0.868093666317985
"training_t0001_width",4,1.0000132368467,12072.3420188777,13062.9137486835,0.00643669734293627,0.00929684569435338,TRUE,"joint_ess1_x1",1,1,"M10","S05",129,"guard","four_chain_sentinel",13489.371,0.894952182639035,0.968385682970948
"training_t0050_lower",4,1.00012236040374,12777.1220855147,19223.4852284508,0.00332597454738972,0.00881983676902799,TRUE,"joint_ess1_x1",1,1,"M10","S05",129,"guard","four_chain_sentinel",13489.371,0.947199249358232,1.42508388481945
"training_t0050_midpoint",4,1.00000653483468,18225.4717214398,21418.9937374807,0.0019377273864444,0.00740799760222447,TRUE,"joint_ess1_x1",1,1,"M10","S05",129,"guard","four_chain_sentinel",13489.371,1.35109870737782,1.58784228986516
"training_t0050_upper",4,1.00007910543174,14019.8406611457,15967.5245660963,0.00321718668177933,0.00844147297068672,TRUE,"joint_ess1_x1",1,1,"M10","S05",129,"guard","four_chain_sentinel",13489.371,1.03932501086564,1.18371157306714
"training_t0050_width",4,1.00022635146093,10832.8781750153,14416.2014721147,0.005293071238664,0.0096440191117314,TRUE,"joint_ess1_x1",1,1,"M10","S05",129,"guard","four_chain_sentinel",13489.371,0.803067702342481,1.06870820530584
"training_t0100_lower",4,1.00011010778665,11206.1393367628,17025.8355037812,0.00202657831354205,0.00946161275201981,TRUE,"joint_ess1_x1",1,1,"M10","S05",129,"guard","four_chain_sentinel",13489.371,0.830738463399279,1.26216674623162
"training_t0100_midpoint",4,1.00014802693537,15737.6949301668,20014.6659792893,0.00177127473927839,0.00796670054309564,TRUE,"joint_ess1_x1",1,1,"M10","S05",129,"guard","four_chain_sentinel",13489.371,1.16667374113788,1.48373604516395
"training_t0100_upper",4,1.00007825379523,15718.5945486162,19957.6201382706,0.00307944525193718,0.0079778391509323,TRUE,"joint_ess1_x1",1,1,"M10","S05",129,"guard","four_chain_sentinel",13489.371,1.1652577832292,1.47950709771943
"training_t0100_width",4,0.999985837719273,13198.8307823372,18408.5650701144,0.00381398700543557,0.00870385174079863,TRUE,"joint_ess1_x1",1,1,"M10","S05",129,"guard","four_chain_sentinel",13489.371,0.978461544451346,1.36467186424885
"training_t0150_lower",4,1.00005212140195,12942.6010043841,18424.7623467396,0.00325966869438295,0.00877980504854245,TRUE,"joint_ess1_x1",1,1,"M10","S05",129,"guard","four_chain_sentinel",13489.371,0.959466605550704,1.36587260790289
"training_t0150_midpoint",4,1.00000223300663,11752.042130861,18273.7007496267,0.00224337849022872,0.00921947038461608,TRUE,"joint_ess1_x1",1,1,"M10","S05",129,"guard","four_chain_sentinel",13489.371,0.871207570083216,1.35467404296514
"training_t0150_upper",4,0.999978617372669,9344.18336849547,15230.8796788676,0.00348291230633737,0.0105290248816142,TRUE,"joint_ess1_x1",1,1,"M10","S05",129,"guard","four_chain_sentinel",13489.371,0.692707122407373,1.12910228941495
"training_t0150_width",4,1.00013036555106,9979.58337162176,15419.0655537523,0.0050874782892741,0.0100220182824262,TRUE,"joint_ess1_x1",1,1,"M10","S05",129,"guard","four_chain_sentinel",13489.371,0.739810875660678,1.14305296768488
"training_t0200_lower",4,1.00004199062355,13966.1845436355,17956.3292895343,0.00359046115141031,0.00854186476299053,TRUE,"joint_ess1_x1",1,1,"M10","S05",129,"guard","four_chain_sentinel",13489.371,1.03534735189917,1.33114652191969
"training_t0200_midpoint",4,1.00002783508987,14604.5690860441,19044.2079028029,0.00323107173296018,0.00828499032696177,TRUE,"joint_ess1_x1",1,1,"M10","S05",129,"guard","four_chain_sentinel",13489.371,1.08267235633478,1.41179361905035
"training_t0200_upper",4,1.00003755883207,10666.7319959512,16234.1756916445,0.00639419920234853,0.00968883892780432,TRUE,"joint_ess1_x1",1,1,"M10","S05",129,"guard","four_chain_sentinel",13489.371,0.790750880522984,1.20347907190369
"training_t0200_width",4,1.00008783374025,9519.07886161139,15837.6983609408,0.00806327869968611,0.0102729352762354,TRUE,"joint_ess1_x1",1,1,"M10","S05",129,"guard","four_chain_sentinel",13489.371,0.705672552234748,1.17408723957113
"future_h01_lower",1,,3947.05717758015,3592.51770756083,0.00372494214961259,0.0167745788348231,TRUE,"joint_ess1_x1",1,1,"M10","S05",104,"hard","one_chain_standard",3503.297,1.12666929968545,1.02546764021458
"future_h01_midpoint",1,,4091.37114087648,4703.88162210239,0.00610488452371782,0.0157364804777411,TRUE,"joint_ess1_x1",1,1,"M10","S05",104,"hard","one_chain_standard",3503.297,1.16786305610871,1.34270135306895
"future_h01_upper",1,,3991.66865616632,4503.16248758931,0.0117262480704717,0.0159434677718359,TRUE,"joint_ess1_x1",1,1,"M10","S05",104,"hard","one_chain_standard",3503.297,1.13940344086337,1.28540700020275
"future_h01_width",1,,3816.71585069077,4685.78248130725,0.0124013329589776,0.0163047829665035,TRUE,"joint_ess1_x1",1,1,"M10","S05",104,"hard","one_chain_standard",3503.297,1.08946396799665,1.33753503665469
"future_h05_lower",1,,3947.05717758015,3592.51770756083,0.00372494214961259,0.0167745788348231,TRUE,"joint_ess1_x1",1,1,"M10","S05",104,"hard","one_chain_standard",3503.297,1.12666929968545,1.02546764021458
"future_h05_midpoint",1,,4091.37114087648,4703.88162210239,0.00610488452371782,0.0157364804777411,TRUE,"joint_ess1_x1",1,1,"M10","S05",104,"hard","one_chain_standard",3503.297,1.16786305610871,1.34270135306895
"future_h05_upper",1,,3991.66865616632,4503.16248758931,0.0117262480704717,0.0159434677718359,TRUE,"joint_ess1_x1",1,1,"M10","S05",104,"hard","one_chain_standard",3503.297,1.13940344086337,1.28540700020275
"future_h05_width",1,,3816.71585069077,4685.78248130725,0.0124013329589776,0.0163047829665035,TRUE,"joint_ess1_x1",1,1,"M10","S05",104,"hard","one_chain_standard",3503.297,1.08946396799665,1.33753503665469
"future_h10_lower",1,,3947.05717758015,3592.51770756083,0.00372494214961259,0.0167745788348231,TRUE,"joint_ess1_x1",1,1,"M10","S05",104,"hard","one_chain_standard",3503.297,1.12666929968545,1.02546764021458
"future_h10_midpoint",1,,4091.37114087648,4703.88162210239,0.00610488452371782,0.0157364804777411,TRUE,"joint_ess1_x1",1,1,"M10","S05",104,"hard","one_chain_standard",3503.297,1.16786305610871,1.34270135306895
"future_h10_upper",1,,3991.66865616632,4503.16248758931,0.0117262480704717,0.0159434677718359,TRUE,"joint_ess1_x1",1,1,"M10","S05",104,"hard","one_chain_standard",3503.297,1.13940344086337,1.28540700020275
"future_h10_width",1,,3816.71585069077,4685.78248130725,0.0124013329589776,0.0163047829665035,TRUE,"joint_ess1_x1",1,1,"M10","S05",104,"hard","one_chain_standard",3503.297,1.08946396799665,1.33753503665469
"future_h20_lower",1,,3947.05717758015,3592.51770756083,0.00372494214961259,0.0167745788348231,TRUE,"joint_ess1_x1",1,1,"M10","S05",104,"hard","one_chain_standard",3503.297,1.12666929968545,1.02546764021458
"future_h20_midpoint",1,,4091.37114087648,4703.88162210239,0.00610488452371782,0.0157364804777411,TRUE,"joint_ess1_x1",1,1,"M10","S05",104,"hard","one_chain_standard",3503.297,1.16786305610871,1.34270135306895
"future_h20_upper",1,,3991.66865616632,4503.16248758931,0.0117262480704717,0.0159434677718359,TRUE,"joint_ess1_x1",1,1,"M10","S05",104,"hard","one_chain_standard",3503.297,1.13940344086337,1.28540700020275
"future_h20_width",1,,3816.71585069077,4685.78248130725,0.0124013329589776,0.0163047829665035,TRUE,"joint_ess1_x1",1,1,"M10","S05",104,"hard","one_chain_standard",3503.297,1.08946396799665,1.33753503665469
"log_q_1",1,,654.08875472556,1254.33346179979,0.0100336237979026,0.0394320124666123,TRUE,"joint_ess1_x1",1,1,"M10","S05",104,"hard","one_chain_standard",3503.297,0.186706623710625,0.358043711909036
"mean_lower",1,,2027.07953257373,3912.4670358764,0.00128787518298009,0.0217364394812465,TRUE,"joint_ess1_x1",1,1,"M10","S05",104,"hard","one_chain_standard",3503.297,0.578620520205318,1.1167957029839
"mean_midpoint",1,,1514.0824169468,3416.2160981159,0.00184700260267938,0.0257118457571438,TRUE,"joint_ess1_x1",1,1,"M10","S05",104,"hard","one_chain_standard",3503.297,0.432187855310812,0.975143157464497
"mean_upper",1,,838.744812105472,2196.63835655796,0.00449113108929002,0.0346380224795775,TRUE,"joint_ess1_x1",1,1,"M10","S05",104,"hard","one_chain_standard",3503.297,0.239415845161136,0.627020305888413
"mean_width",1,,583.710410844987,1656.54639461533,0.00597504517863483,0.0422467355594106,TRUE,"joint_ess1_x1",1,1,"M10","S05",104,"hard","one_chain_standard",3503.297,0.166617449461175,0.472853541853668
"observed_loss",1,,1703.23374629359,3167.14520329347,0.106059703313409,0.0242346752024679,TRUE,"joint_ess1_x1",1,1,"M10","S05",104,"hard","one_chain_standard",3503.297,0.486180231448715,0.904047017222197
"terminal_lower",1,,3947.05717758015,3592.51770756083,0.00372494214961259,0.0167745788348231,TRUE,"joint_ess1_x1",1,1,"M10","S05",104,"hard","one_chain_standard",3503.297,1.12666929968545,1.02546764021458
"terminal_midpoint",1,,4091.37114087648,4703.88162210239,0.00610488452371782,0.0157364804777411,TRUE,"joint_ess1_x1",1,1,"M10","S05",104,"hard","one_chain_standard",3503.297,1.16786305610871,1.34270135306895
"terminal_upper",1,,3991.66865616632,4503.16248758931,0.0117262480704717,0.0159434677718359,TRUE,"joint_ess1_x1",1,1,"M10","S05",104,"hard","one_chain_standard",3503.297,1.13940344086337,1.28540700020275
"terminal_width",1,,3816.71585069077,4685.78248130725,0.0124013329589776,0.0163047829665035,TRUE,"joint_ess1_x1",1,1,"M10","S05",104,"hard","one_chain_standard",3503.297,1.08946396799665,1.33753503665469
"training_t0001_lower",1,,4603.02130222899,4761.6453127492,0.00690030308806099,0.0147521476783925,TRUE,"joint_ess1_x1",1,1,"M10","S05",104,"hard","one_chain_standard",3503.297,1.31391123910676,1.35918973262878
"training_t0001_midpoint",1,,3469.38811072201,5083.69047841147,0.00689359087378469,0.0169700532772368,TRUE,"joint_ess1_x1",1,1,"M10","S05",104,"hard","one_chain_standard",3503.297,0.990320863667,1.4511160425198
"training_t0001_upper",1,,2357.20817714372,3763.51367041042,0.013931318599667,0.0207277138186594,TRUE,"joint_ess1_x1",1,1,"M10","S05",104,"hard","one_chain_standard",3503.297,0.672854221935428,1.07427765057043
"training_t0001_width",1,,2411.35204076835,3781.17727904759,0.0168577904263541,0.0204283255894146,TRUE,"joint_ess1_x1",1,1,"M10","S05",104,"hard","one_chain_standard",3503.297,0.688309338536912,1.07931964633532
"training_t0050_lower",1,,3637.19703251614,4877.77313257245,0.00447700050279826,0.0166569339804305,TRUE,"joint_ess1_x1",1,1,"M10","S05",104,"hard","one_chain_standard",3503.297,1.03822114782622,1.39233788416239
"training_t0050_midpoint",1,,2302.05115149487,3273.7207180402,0.00773654826105822,0.0209733843216711,TRUE,"joint_ess1_x1",1,1,"M10","S05",104,"hard","one_chain_standard",3503.297,0.657109902898575,0.934468507249086
"training_t0050_upper",1,,2031.24765359619,2865.83662209259,0.0149791013617825,0.0223060642943029,TRUE,"joint_ess1_x1",1,1,"M10","S05",104,"hard","one_chain_standard",3503.297,0.57981029116178,0.818039869897582
"training_t0050_width",1,,2024.65781636218,3546.43503304487,0.0158110754190494,0.0223133711408219,TRUE,"joint_ess1_x1",1,1,"M10","S05",104,"hard","one_chain_standard",3503.297,0.577929252461947,1.01231355293167
"training_t0100_lower",1,,3867.65424973847,4511.66198553744,0.00674862760499828,0.0161158867231974,TRUE,"joint_ess1_x1",1,1,"M10","S05",104,"hard","one_chain_standard",3503.297,1.10400409949213,1.28783314276164
"training_t0100_midpoint",1,,3653.59764734559,4838.85267251478,0.00594471558037164,0.016542841716742,TRUE,"joint_ess1_x1",1,1,"M10","S05",104,"hard","one_chain_standard",3503.297,1.04290262782333,1.38122821802285
"training_t0100_upper",1,,2765.65241822404,4455.00825793063,0.0102726306387262,0.0189053669076158,TRUE,"joint_ess1_x1",1,1,"M10","S05",104,"hard","one_chain_standard",3503.297,0.78944275013624,1.27166159704148
"training_t0100_width",1,,2591.23416716784,4106.63136615487,0.0127939522673863,0.0196324119848249,TRUE,"joint_ess1_x1",1,1,"M10","S05",104,"hard","one_chain_standard",3503.297,0.739655863367519,1.17221901715866
"training_t0150_lower",1,,3043.24837458694,4344.69892519116,0.00653498613834904,0.0181057141223807,TRUE,"joint_ess1_x1",1,1,"M10","S05",104,"hard","one_chain_standard",3503.297,0.868681237870195,1.2401743058585
"training_t0150_midpoint",1,,3756.4707782725,4289.94605816722,0.00603242302332676,0.0163862107526448,TRUE,"joint_ess1_x1",1,1,"M10","S05",104,"hard","one_chain_standard",3503.297,1.07226728943407,1.22454535204044
"training_t0150_upper",1,,3102.45977362552,3081.01983775483,0.0110988686392357,0.018197297255345,TRUE,"joint_ess1_x1",1,1,"M10","S05",104,"hard","one_chain_standard",3503.297,0.885582859125424,0.87946292813736
"training_t0150_width",1,,2499.87809821614,3127.02523317951,0.013598322561245,0.0199966569944775,TRUE,"joint_ess1_x1",1,1,"M10","S05",104,"hard","one_chain_standard",3503.297,0.713578694074793,0.892594956459447
"training_t0200_lower",1,,3947.05717758015,3592.51770756083,0.00372494214961259,0.0167745788348231,TRUE,"joint_ess1_x1",1,1,"M10","S05",104,"hard","one_chain_standard",3503.297,1.12666929968545,1.02546764021458
"training_t0200_midpoint",1,,4091.37114087648,4703.88162210239,0.00610488452371782,0.0157364804777411,TRUE,"joint_ess1_x1",1,1,"M10","S05",104,"hard","one_chain_standard",3503.297,1.16786305610871,1.34270135306895
"training_t0200_upper",1,,3991.66865616632,4503.16248758931,0.0117262480704717,0.0159434677718359,TRUE,"joint_ess1_x1",1,1,"M10","S05",104,"hard","one_chain_standard",3503.297,1.13940344086337,1.28540700020275
"training_t0200_width",1,,3816.71585069077,4685.78248130725,0.0124013329589776,0.0163047829665035,TRUE,"joint_ess1_x1",1,1,"M10","S05",104,"hard","one_chain_standard",3503.297,1.08946396799665,1.33753503665469
"future_h01_lower",4,0.999960101288569,20811.0833365704,22510.9991019343,0.0029514859777214,0.00696523042660693,TRUE,"joint_ess1_x2",2,2,"M10","S05",129,"guard","four_chain_sentinel",25253.021,0.824102721673197,0.891418064473724
"future_h01_midpoint",4,0.999975991018925,19552.4136831207,21473.3016647525,0.00281433635892341,0.00715497089508679,TRUE,"joint_ess1_x2",2,2,"M10","S05",129,"guard","four_chain_sentinel",25253.021,0.774260381881467,0.850326052663264
"future_h01_upper",4,0.999964412767372,16643.3217777532,20465.1657736683,0.00513915019765071,0.00774595247375562,TRUE,"joint_ess1_x2",2,2,"M10","S05",129,"guard","four_chain_sentinel",25253.021,0.659062603945611,0.810404655097238
"future_h01_width",4,1.00000644386232,16163.5226602925,19752.000225698,0.00620974337313273,0.00788243764208683,TRUE,"joint_ess1_x2",2,2,"M10","S05",129,"guard","four_chain_sentinel",25253.021,0.640062931888129,0.782163853809728
"future_h05_lower",4,0.999960101288569,20811.0833365704,22510.9991019343,0.0029514859777214,0.00696523042660693,TRUE,"joint_ess1_x2",2,2,"M10","S05",129,"guard","four_chain_sentinel",25253.021,0.824102721673197,0.891418064473724
"future_h05_midpoint",4,0.999975991018925,19552.4136831207,21473.3016647525,0.00281433635892341,0.00715497089508679,TRUE,"joint_ess1_x2",2,2,"M10","S05",129,"guard","four_chain_sentinel",25253.021,0.774260381881467,0.850326052663264
"future_h05_upper",4,0.999964412767372,16643.3217777532,20465.1657736683,0.00513915019765071,0.00774595247375562,TRUE,"joint_ess1_x2",2,2,"M10","S05",129,"guard","four_chain_sentinel",25253.021,0.659062603945611,0.810404655097238
"future_h05_width",4,1.00000644386232,16163.5226602925,19752.000225698,0.00620974337313273,0.00788243764208683,TRUE,"joint_ess1_x2",2,2,"M10","S05",129,"guard","four_chain_sentinel",25253.021,0.640062931888129,0.782163853809728
"future_h10_lower",4,0.999960101288569,20811.0833365704,22510.9991019343,0.0029514859777214,0.00696523042660693,TRUE,"joint_ess1_x2",2,2,"M10","S05",129,"guard","four_chain_sentinel",25253.021,0.824102721673197,0.891418064473724
"future_h10_midpoint",4,0.999975991018925,19552.4136831207,21473.3016647525,0.00281433635892341,0.00715497089508679,TRUE,"joint_ess1_x2",2,2,"M10","S05",129,"guard","four_chain_sentinel",25253.021,0.774260381881467,0.850326052663264
"future_h10_upper",4,0.999964412767372,16643.3217777532,20465.1657736683,0.00513915019765071,0.00774595247375562,TRUE,"joint_ess1_x2",2,2,"M10","S05",129,"guard","four_chain_sentinel",25253.021,0.659062603945611,0.810404655097238
"future_h10_width",4,1.00000644386232,16163.5226602925,19752.000225698,0.00620974337313273,0.00788243764208683,TRUE,"joint_ess1_x2",2,2,"M10","S05",129,"guard","four_chain_sentinel",25253.021,0.640062931888129,0.782163853809728
"future_h20_lower",4,0.999960101288569,20811.0833365704,22510.9991019343,0.0029514859777214,0.00696523042660693,TRUE,"joint_ess1_x2",2,2,"M10","S05",129,"guard","four_chain_sentinel",25253.021,0.824102721673197,0.891418064473724
"future_h20_midpoint",4,0.999975991018925,19552.4136831207,21473.3016647525,0.00281433635892341,0.00715497089508679,TRUE,"joint_ess1_x2",2,2,"M10","S05",129,"guard","four_chain_sentinel",25253.021,0.774260381881467,0.850326052663264
"future_h20_upper",4,0.999964412767372,16643.3217777532,20465.1657736683,0.00513915019765071,0.00774595247375562,TRUE,"joint_ess1_x2",2,2,"M10","S05",129,"guard","four_chain_sentinel",25253.021,0.659062603945611,0.810404655097238
"future_h20_width",4,1.00000644386232,16163.5226602925,19752.000225698,0.00620974337313273,0.00788243764208683,TRUE,"joint_ess1_x2",2,2,"M10","S05",129,"guard","four_chain_sentinel",25253.021,0.640062931888129,0.782163853809728
"log_q_1",4,1.00099996901216,573.018237076617,3195.96446062308,0.0135599850257499,0.0419394857673407,TRUE,"joint_ess1_x2",2,2,"M10","S05",129,"guard","four_chain_sentinel",25253.021,0.0226910767260922,0.126557708110371
"mean_lower",4,1.00002317610091,11087.3397237314,16262.9252786265,0.000543894929625622,0.00940480040420074,TRUE,"joint_ess1_x2",2,2,"M10","S05",129,"guard","four_chain_sentinel",25253.021,0.43905003380512,0.643999198298948
"mean_midpoint",4,1.00033624221804,1568.18820052806,11385.3406194637,0.00197704351563763,0.025310754231078,TRUE,"joint_ess1_x2",2,2,"M10","S05",129,"guard","four_chain_sentinel",25253.021,0.0620990336375224,0.450850637611385
"mean_upper",4,1.00051531470678,759.494693661532,2360.55356408014,0.00534541160371403,0.0366694214093573,TRUE,"joint_ess1_x2",2,2,"M10","S05",129,"guard","four_chain_sentinel",25253.021,0.030075399440785,0.0934760860524426
"mean_width",4,1.00055698141726,682.062725441344,2827.10610200403,0.00617162680927361,0.0392030428115594,TRUE,"joint_ess1_x2",2,2,"M10","S05",129,"guard","four_chain_sentinel",25253.021,0.0270091536945756,0.111951203858106
"observed_loss",4,1.00029091650791,3798.38369363326,12723.5312864505,0.0674481529904343,0.015888431035666,TRUE,"joint_ess1_x2",2,2,"M10","S05",129,"guard","four_chain_sentinel",25253.021,0.150413041419213,0.503841947719859
"terminal_lower",4,0.999960101288569,20811.0833365704,22510.9991019343,0.0029514859777214,0.00696523042660693,TRUE,"joint_ess1_x2",2,2,"M10","S05",129,"guard","four_chain_sentinel",25253.021,0.824102721673197,0.891418064473724
"terminal_midpoint",4,0.999975991018925,19552.4136831207,21473.3016647525,0.00281433635892341,0.00715497089508679,TRUE,"joint_ess1_x2",2,2,"M10","S05",129,"guard","four_chain_sentinel",25253.021,0.774260381881467,0.850326052663264
"terminal_upper",4,0.999964412767372,16643.3217777532,20465.1657736683,0.00513915019765071,0.00774595247375562,TRUE,"joint_ess1_x2",2,2,"M10","S05",129,"guard","four_chain_sentinel",25253.021,0.659062603945611,0.810404655097238
"terminal_width",4,1.00000644386232,16163.5226602925,19752.000225698,0.00620974337313273,0.00788243764208683,TRUE,"joint_ess1_x2",2,2,"M10","S05",129,"guard","four_chain_sentinel",25253.021,0.640062931888129,0.782163853809728
"training_t0001_lower",4,0.999983602175004,20989.6200339073,21611.325909529,0.00258603856539631,0.00690893886537188,TRUE,"joint_ess1_x2",2,2,"M10","S05",129,"guard","four_chain_sentinel",25253.021,0.831172636094006,0.855791705456904
"training_t0001_midpoint",4,0.999961447090724,20855.269385324,20259.3748021963,0.00214590681488298,0.00700449365721436,TRUE,"joint_ess1_x2",2,2,"M10","S05",129,"guard","four_chain_sentinel",25253.021,0.825852454853778,0.802255492608045
"training_t0001_upper",4,1.00017047877483,17350.5249154388,17166.10374599,0.00420162736233207,0.00773359416855332,TRUE,"joint_ess1_x2",2,2,"M10","S05",129,"guard","four_chain_sentinel",25253.021,0.687067298421001,0.679764363479126
"training_t0001_width",4,1.00006909136641,17038.6996114315,18108.1320723904,0.00546991083848471,0.00777367649699942,TRUE,"joint_ess1_x2",2,2,"M10","S05",129,"guard","four_chain_sentinel",25253.021,0.674719258794086,0.717067952875436
"training_t0050_lower",4,1.00006114247612,17410.8563127908,19857.6494780635,0.00284638678007668,0.00744564144279778,TRUE,"joint_ess1_x2",2,2,"M10","S05",129,"guard","four_chain_sentinel",25253.021,0.689456374854747,0.786347482072085
"training_t0050_midpoint",4,1.00006433090716,22376.0306439533,23535.3110180081,0.00175955260801043,0.00668489126957096,TRUE,"joint_ess1_x2",2,2,"M10","S05",129,"guard","four_chain_sentinel",25253.021,0.886073418461629,0.931980020054159
"training_t0050_upper",4,1.00010401995605,16774.2388169269,15384.2199333116,0.00301623485803332,0.00782714137605199,TRUE,"joint_ess1_x2",2,2,"M10","S05",129,"guard","four_chain_sentinel",25253.021,0.664246816922494,0.609203149726585
"training_t0050_width",4,1.00004539493426,13424.0995096941,12742.2712579218,0.00493277275530009,0.00882877426593164,TRUE,"joint_ess1_x2",2,2,"M10","S05",129,"guard","four_chain_sentinel",25253.021,0.531583904741302,0.504584036021742
"training_t0100_lower",4,1.00000556026142,18288.9900924293,21750.5342986199,0.001592038754345,0.00739812059870414,TRUE,"joint_ess1_x2",2,2,"M10","S05",129,"guard","four_chain_sentinel",25253.021,0.724229789870657,0.861304249444845
"training_t0100_midpoint",4,0.999960486880262,20219.7391656088,22014.4481483263,0.00156923872407342,0.00702994109193499,TRUE,"joint_ess1_x2",2,2,"M10","S05",129,"guard","four_chain_sentinel",25253.021,0.800685952211769,0.871755032727621
"training_t0100_upper",4,1.00001983070979,19892.0534374598,20181.1958346369,0.00274978116213552,0.00708694696248258,TRUE,"joint_ess1_x2",2,2,"M10","S05",129,"guard","four_chain_sentinel",25253.021,0.787709852118675,0.799159666268717
"training_t0100_width",4,1.000024253656,18795.5414526421,21444.9379387613,0.00321585557619853,0.00729364737033129,TRUE,"joint_ess1_x2",2,2,"M10","S05",129,"guard","four_chain_sentinel",25253.021,0.744288829944033,0.849202871163862
"training_t0150_lower",4,1.00000083393857,18819.2267808527,22227.5189878448,0.00273146590345953,0.00727914477667174,TRUE,"joint_ess1_x2",2,2,"M10","S05",129,"guard","four_chain_sentinel",25253.021,0.745226750528291,0.880192472332114
"training_t0150_midpoint",4,1.00000776857056,17516.1044708446,21922.4693386975,0.00182925875005555,0.00755702662296058,TRUE,"joint_ess1_x2",2,2,"M10","S05",129,"guard","four_chain_sentinel",25253.021,0.69362412009417,0.868112743370288
"training_t0150_upper",4,1.00004653346028,14793.8244055657,20742.4021407359,0.00273143642324785,0.00829043688533764,TRUE,"joint_ess1_x2",2,2,"M10","S05",129,"guard","four_chain_sentinel",25253.021,0.585823945799027,0.821382999710644
"training_t0150_width",4,0.999979789483319,16076.8918564431,21452.1173274888,0.00405334874343428,0.0078836902411003,TRUE,"joint_ess1_x2",2,2,"M10","S05",129,"guard","four_chain_sentinel",25253.021,0.636632419402142,0.849487169376242
"training_t0200_lower",4,0.999960101288569,20811.0833365704,22510.9991019343,0.0029514859777214,0.00696523042660693,TRUE,"joint_ess1_x2",2,2,"M10","S05",129,"guard","four_chain_sentinel",25253.021,0.824102721673197,0.891418064473724
"training_t0200_midpoint",4,0.999975991018925,19552.4136831207,21473.3016647525,0.00281433635892341,0.00715497089508679,TRUE,"joint_ess1_x2",2,2,"M10","S05",129,"guard","four_chain_sentinel",25253.021,0.774260381881467,0.850326052663264
"training_t0200_upper",4,0.999964412767372,16643.3217777532,20465.1657736683,0.00513915019765071,0.00774595247375562,TRUE,"joint_ess1_x2",2,2,"M10","S05",129,"guard","four_chain_sentinel",25253.021,0.659062603945611,0.810404655097238
"training_t0200_width",4,1.00000644386232,16163.5226602925,19752.000225698,0.00620974337313273,0.00788243764208683,TRUE,"joint_ess1_x2",2,2,"M10","S05",129,"guard","four_chain_sentinel",25253.021,0.640062931888129,0.782163853809728
"future_h01_lower",1,,5205.0194509874,4876.5687468316,0.00320442686906204,0.0140957661990364,TRUE,"joint_ess1_x2",2,2,"M10","S05",104,"hard","one_chain_standard",6347.908,0.819958236790357,0.768216670252877
"future_h01_midpoint",1,,5150.44089551698,5166.74949730106,0.0056150245768184,0.0140042578532511,TRUE,"joint_ess1_x2",2,2,"M10","S05",104,"hard","one_chain_standard",6347.908,0.811360356123148,0.813929486265563
"future_h01_upper",1,,5034.20850031532,4739.83821211627,0.0107863990053959,0.0141532856070377,TRUE,"joint_ess1_x2",2,2,"M10","S05",104,"hard","one_chain_standard",6347.908,0.793050009596125,0.746677206430255
"future_h01_width",1,,4940.44352575109,4787.50570045558,0.0112621295458758,0.0142805457469842,TRUE,"joint_ess1_x2",2,2,"M10","S05",104,"hard","one_chain_standard",6347.908,0.778279005579648,0.75418637139284
"future_h05_lower",1,,5205.0194509874,4876.5687468316,0.00320442686906204,0.0140957661990364,TRUE,"joint_ess1_x2",2,2,"M10","S05",104,"hard","one_chain_standard",6347.908,0.819958236790357,0.768216670252877
"future_h05_midpoint",1,,5150.44089551698,5166.74949730106,0.0056150245768184,0.0140042578532511,TRUE,"joint_ess1_x2",2,2,"M10","S05",104,"hard","one_chain_standard",6347.908,0.811360356123148,0.813929486265563
"future_h05_upper",1,,5034.20850031532,4739.83821211627,0.0107863990053959,0.0141532856070377,TRUE,"joint_ess1_x2",2,2,"M10","S05",104,"hard","one_chain_standard",6347.908,0.793050009596125,0.746677206430255
"future_h05_width",1,,4940.44352575109,4787.50570045558,0.0112621295458758,0.0142805457469842,TRUE,"joint_ess1_x2",2,2,"M10","S05",104,"hard","one_chain_standard",6347.908,0.778279005579648,0.75418637139284
"future_h10_lower",1,,5205.0194509874,4876.5687468316,0.00320442686906204,0.0140957661990364,TRUE,"joint_ess1_x2",2,2,"M10","S05",104,"hard","one_chain_standard",6347.908,0.819958236790357,0.768216670252877
"future_h10_midpoint",1,,5150.44089551698,5166.74949730106,0.0056150245768184,0.0140042578532511,TRUE,"joint_ess1_x2",2,2,"M10","S05",104,"hard","one_chain_standard",6347.908,0.811360356123148,0.813929486265563
"future_h10_upper",1,,5034.20850031532,4739.83821211627,0.0107863990053959,0.0141532856070377,TRUE,"joint_ess1_x2",2,2,"M10","S05",104,"hard","one_chain_standard",6347.908,0.793050009596125,0.746677206430255
"future_h10_width",1,,4940.44352575109,4787.50570045558,0.0112621295458758,0.0142805457469842,TRUE,"joint_ess1_x2",2,2,"M10","S05",104,"hard","one_chain_standard",6347.908,0.778279005579648,0.75418637139284
"future_h20_lower",1,,5205.0194509874,4876.5687468316,0.00320442686906204,0.0140957661990364,TRUE,"joint_ess1_x2",2,2,"M10","S05",104,"hard","one_chain_standard",6347.908,0.819958236790357,0.768216670252877
"future_h20_midpoint",1,,5150.44089551698,5166.74949730106,0.0056150245768184,0.0140042578532511,TRUE,"joint_ess1_x2",2,2,"M10","S05",104,"hard","one_chain_standard",6347.908,0.811360356123148,0.813929486265563
"future_h20_upper",1,,5034.20850031532,4739.83821211627,0.0107863990053959,0.0141532856070377,TRUE,"joint_ess1_x2",2,2,"M10","S05",104,"hard","one_chain_standard",6347.908,0.793050009596125,0.746677206430255
"future_h20_width",1,,4940.44352575109,4787.50570045558,0.0112621295458758,0.0142805457469842,TRUE,"joint_ess1_x2",2,2,"M10","S05",104,"hard","one_chain_standard",6347.908,0.778279005579648,0.75418637139284
"log_q_1",1,,40.2467943307682,316.56176114992,0.0434371467241226,0.158554049513671,FALSE,"joint_ess1_x2",2,2,"M10","S05",104,"hard","one_chain_standard",6347.908,0.00634016660776561,0.0498686750264686
"mean_lower",1,,276.52752400635,1916.99833199195,0.0036534349214215,0.0594923449546299,TRUE,"joint_ess1_x2",2,2,"M10","S05",104,"hard","one_chain_standard",6347.908,0.0435619930229534,0.301988991017505
"mean_midpoint",1,,154.39444290158,1160.46803703682,0.00588809665761057,0.0802478980811547,FALSE,"joint_ess1_x2",2,2,"M10","S05",104,"hard","one_chain_standard",6347.908,0.0243220983828972,0.182811098874908
"mean_upper",1,,47.1811025644968,227.917265176024,0.0197609228633821,0.145588064000672,FALSE,"joint_ess1_x2",2,2,"M10","S05",104,"hard","one_chain_standard",6347.908,0.00743254353473566,0.0359043113378492
"mean_width",1,,34.6401786522518,346.331655868007,0.0259701513579369,0.171789152279215,FALSE,"joint_ess1_x2",2,2,"M10","S05",104,"hard","one_chain_standard",6347.908,0.00545694402821399,0.0545583924448821
"observed_loss",1,,803.949686387459,2697.96759334352,0.150240823852485,0.0346541516155456,TRUE,"joint_ess1_x2",2,2,"M10","S05",104,"hard","one_chain_standard",6347.908,0.126647973850197,0.425016807638598
"terminal_lower",1,,5205.0194509874,4876.5687468316,0.00320442686906204,0.0140957661990364,TRUE,"joint_ess1_x2",2,2,"M10","S05",104,"hard","one_chain_standard",6347.908,0.819958236790357,0.768216670252877
"terminal_midpoint",1,,5150.44089551698,5166.74949730106,0.0056150245768184,0.0140042578532511,TRUE,"joint_ess1_x2",2,2,"M10","S05",104,"hard","one_chain_standard",6347.908,0.811360356123148,0.813929486265563
"terminal_upper",1,,5034.20850031532,4739.83821211627,0.0107863990053959,0.0141532856070377,TRUE,"joint_ess1_x2",2,2,"M10","S05",104,"hard","one_chain_standard",6347.908,0.793050009596125,0.746677206430255
"terminal_width",1,,4940.44352575109,4787.50570045558,0.0112621295458758,0.0142805457469842,TRUE,"joint_ess1_x2",2,2,"M10","S05",104,"hard","one_chain_standard",6347.908,0.778279005579648,0.75418637139284
"training_t0001_lower",1,,5517.84557324731,5719.30790343164,0.00642064421314148,0.0134772290133443,TRUE,"joint_ess1_x2",2,2,"M10","S05",104,"hard","one_chain_standard",6347.908,0.869238428352665,0.900975235216333
"training_t0001_midpoint",1,,5067.90510574405,4883.37074983843,0.00586715430709335,0.0140838293401288,TRUE,"joint_ess1_x2",2,2,"M10","S05",104,"hard","one_chain_standard",6347.908,0.798358310445591,0.769288204844561
"training_t0001_upper",1,,4212.86550058017,5220.1451035229,0.0105373464992785,0.0154597487055005,TRUE,"joint_ess1_x2",2,2,"M10","S05",104,"hard","one_chain_standard",6347.908,0.663662028589603,0.822341014318875
"training_t0001_width",1,,4161.44502601374,4592.90980222934,0.0128774378373597,0.015515000772048,TRUE,"joint_ess1_x2",2,2,"M10","S05",104,"hard","one_chain_standard",6347.908,0.655561647398441,0.723531248756179
"training_t0050_lower",1,,4929.57034331334,5229.10176957205,0.00387319708976475,0.0141778747114018,TRUE,"joint_ess1_x2",2,2,"M10","S05",104,"hard","one_chain_standard",6347.908,0.776566129079587,0.823751977749528
"training_t0050_midpoint",1,,3185.30842841303,4586.89198912944,0.00662504113060334,0.0178097390424478,TRUE,"joint_ess1_x2",2,2,"M10","S05",104,"hard","one_chain_standard",6347.908,0.501788688243911,0.722583249336544
"training_t0050_upper",1,,2915.53156380148,4466.64025011203,0.01259528065314,0.0185905088119002,TRUE,"joint_ess1_x2",2,2,"M10","S05",104,"hard","one_chain_standard",6347.908,0.459290141539777,0.703639726680354
"training_t0050_width",1,,3055.06846734078,4766.92009988546,0.0129364150480765,0.0180475140390719,TRUE,"joint_ess1_x2",2,2,"M10","S05",104,"hard","one_chain_standard",6347.908,0.481271698855872,0.750943476163401
"training_t0100_lower",1,,5186.88116174611,5772.30555791592,0.00616960293848972,0.0138801277929642,TRUE,"joint_ess1_x2",2,2,"M10","S05",104,"hard","one_chain_standard",6347.908,0.817100871932314,0.909324073051456
"training_t0100_midpoint",1,,4353.74051791583,5719.30790343164,0.00550391233666506,0.0151339713482448,TRUE,"joint_ess1_x2",2,2,"M10","S05",104,"hard","one_chain_standard",6347.908,0.685854381934305,0.900975235216333
"training_t0100_upper",1,,940.344193548869,4689.36542061636,0.0167384398840097,0.0306699127455419,TRUE,"joint_ess1_x2",2,2,"M10","S05",104,"hard","one_chain_standard",6347.908,0.148134502508365,0.738726115850507
"training_t0100_width",1,,647.086267017483,580.542324009661,0.0297285084140694,0.0437465350102657,TRUE,"joint_ess1_x2",2,2,"M10","S05",104,"hard","one_chain_standard",6347.908,0.101936932138507,0.0914541174840059
"training_t0150_lower",1,,5064.62036044864,5398.0394290004,0.00521311876877119,0.0140726779376474,TRUE,"joint_ess1_x2",2,2,"M10","S05",104,"hard","one_chain_standard",6347.908,0.797840857247559,0.850365101227113
"training_t0150_midpoint",1,,4016.38779294827,3537.35625852752,0.00612643307357408,0.0159420545644901,TRUE,"joint_ess1_x2",2,2,"M10","S05",104,"hard","one_chain_standard",6347.908,0.63271046035139,0.557247562272093
"training_t0150_upper",1,,3220.23523026056,2938.43285262508,0.0118028203157432,0.0185026898916686,TRUE,"joint_ess1_x2",2,2,"M10","S05",104,"hard","one_chain_standard",6347.908,0.507290784658593,0.46289783226617
"training_t0150_width",1,,3262.08209187686,3301.87420097085,0.0125829139465069,0.0178385973854562,TRUE,"joint_ess1_x2",2,2,"M10","S05",104,"hard","one_chain_standard",6347.908,0.513883013408017,0.520151552443868
"training_t0200_lower",1,,5205.0194509874,4876.5687468316,0.00320442686906204,0.0140957661990364,TRUE,"joint_ess1_x2",2,2,"M10","S05",104,"hard","one_chain_standard",6347.908,0.819958236790357,0.768216670252877
"training_t0200_midpoint",1,,5150.44089551698,5166.74949730106,0.0056150245768184,0.0140042578532511,TRUE,"joint_ess1_x2",2,2,"M10","S05",104,"hard","one_chain_standard",6347.908,0.811360356123148,0.813929486265563
"training_t0200_upper",1,,5034.20850031532,4739.83821211627,0.0107863990053959,0.0141532856070377,TRUE,"joint_ess1_x2",2,2,"M10","S05",104,"hard","one_chain_standard",6347.908,0.793050009596125,0.746677206430255
"training_t0200_width",1,,4940.44352575109,4787.50570045558,0.0112621295458758,0.0142805457469842,TRUE,"joint_ess1_x2",2,2,"M10","S05",104,"hard","one_chain_standard",6347.908,0.778279005579648,0.75418637139284
"future_h01_lower",4,1.00002595332283,19756.202184,22040.0961845024,0.00303994313237405,0.00714386474304554,TRUE,"joint_ess2_x2",3,2,"M10","S05",129,"guard","four_chain_sentinel",28422.735,0.695084487259935,0.775438964072331
"future_h01_midpoint",4,0.99998247409508,20564.4614682639,22152.9242274755,0.00272468237491483,0.00697470080031134,TRUE,"joint_ess2_x2",3,2,"M10","S05",129,"guard","four_chain_sentinel",28422.735,0.723521556537888,0.779408604677752
"future_h01_upper",4,0.999997760343179,17439.3372109999,19347.5060697845,0.00499217589938817,0.00757328105323767,TRUE,"joint_ess2_x2",3,2,"M10","S05",129,"guard","four_chain_sentinel",28422.735,0.613569989341276,0.680705289965392
"future_h01_width",4,1.00000140033773,16034.7517547796,19468.4926565527,0.00622794241023485,0.00790463856191593,TRUE,"joint_ess2_x2",3,2,"M10","S05",129,"guard","four_chain_sentinel",28422.735,0.564152315207513,0.68496197345374
"future_h05_lower",4,1.00002595332283,19756.202184,22040.0961845024,0.00303994313237405,0.00714386474304554,TRUE,"joint_ess2_x2",3,2,"M10","S05",129,"guard","four_chain_sentinel",28422.735,0.695084487259935,0.775438964072331
"future_h05_midpoint",4,0.99998247409508,20564.4614682639,22152.9242274755,0.00272468237491483,0.00697470080031134,TRUE,"joint_ess2_x2",3,2,"M10","S05",129,"guard","four_chain_sentinel",28422.735,0.723521556537888,0.779408604677752
"future_h05_upper",4,0.999997760343179,17439.3372109999,19347.5060697845,0.00499217589938817,0.00757328105323767,TRUE,"joint_ess2_x2",3,2,"M10","S05",129,"guard","four_chain_sentinel",28422.735,0.613569989341276,0.680705289965392
"future_h05_width",4,1.00000140033773,16034.7517547796,19468.4926565527,0.00622794241023485,0.00790463856191593,TRUE,"joint_ess2_x2",3,2,"M10","S05",129,"guard","four_chain_sentinel",28422.735,0.564152315207513,0.68496197345374
"future_h10_lower",4,1.00002595332283,19756.202184,22040.0961845024,0.00303994313237405,0.00714386474304554,TRUE,"joint_ess2_x2",3,2,"M10","S05",129,"guard","four_chain_sentinel",28422.735,0.695084487259935,0.775438964072331
"future_h10_midpoint",4,0.99998247409508,20564.4614682639,22152.9242274755,0.00272468237491483,0.00697470080031134,TRUE,"joint_ess2_x2",3,2,"M10","S05",129,"guard","four_chain_sentinel",28422.735,0.723521556537888,0.779408604677752
"future_h10_upper",4,0.999997760343179,17439.3372109999,19347.5060697845,0.00499217589938817,0.00757328105323767,TRUE,"joint_ess2_x2",3,2,"M10","S05",129,"guard","four_chain_sentinel",28422.735,0.613569989341276,0.680705289965392
"future_h10_width",4,1.00000140033773,16034.7517547796,19468.4926565527,0.00622794241023485,0.00790463856191593,TRUE,"joint_ess2_x2",3,2,"M10","S05",129,"guard","four_chain_sentinel",28422.735,0.564152315207513,0.68496197345374
"future_h20_lower",4,1.00002595332283,19756.202184,22040.0961845024,0.00303994313237405,0.00714386474304554,TRUE,"joint_ess2_x2",3,2,"M10","S05",129,"guard","four_chain_sentinel",28422.735,0.695084487259935,0.775438964072331
"future_h20_midpoint",4,0.99998247409508,20564.4614682639,22152.9242274755,0.00272468237491483,0.00697470080031134,TRUE,"joint_ess2_x2",3,2,"M10","S05",129,"guard","four_chain_sentinel",28422.735,0.723521556537888,0.779408604677752
"future_h20_upper",4,0.999997760343179,17439.3372109999,19347.5060697845,0.00499217589938817,0.00757328105323767,TRUE,"joint_ess2_x2",3,2,"M10","S05",129,"guard","four_chain_sentinel",28422.735,0.613569989341276,0.680705289965392
"future_h20_width",4,1.00000140033773,16034.7517547796,19468.4926565527,0.00622794241023485,0.00790463856191593,TRUE,"joint_ess2_x2",3,2,"M10","S05",129,"guard","four_chain_sentinel",28422.735,0.564152315207513,0.68496197345374
"log_q_1",4,1.0024009483606,558.270028830261,6592.11033103964,0.0134554861560928,0.0421658882844134,TRUE,"joint_ess2_x2",3,2,"M10","S05",129,"guard","four_chain_sentinel",28422.735,0.0196416716698889,0.231930893738398
"mean_lower",4,1.00125477050054,11368.3800732512,16526.5702963181,0.000533362234489882,0.00929182505505897,TRUE,"joint_ess2_x2",3,2,"M10","S05",129,"guard","four_chain_sentinel",28422.735,0.39997488184199,0.581456017386015
"mean_midpoint",4,1.00111176875945,1766.79682277463,11610.7812054711,0.00184427311808122,0.023709798218675,TRUE,"joint_ess2_x2",3,2,"M10","S05",129,"guard","four_chain_sentinel",28422.735,0.0621613937847512,0.408503305732932
"mean_upper",4,1.00253232462864,601.030249016386,6365.15088285877,0.00590910147467619,0.0408248155481662,TRUE,"joint_ess2_x2",3,2,"M10","S05",129,"guard","four_chain_sentinel",28422.735,0.0211461088813721,0.223945756200407
"mean_width",4,1.00356712984313,434.421434866114,5321.26327072814,0.0075865448482754,0.0486791147334365,TRUE,"joint_ess2_x2",3,2,"M10","S05",129,"guard","four_chain_sentinel",28422.735,0.0152842938888926,0.18721855130156
"observed_loss",4,1.00132576921507,5332.13037083362,15387.8853574215,0.0581867602703265,0.0137127727876153,TRUE,"joint_ess2_x2",3,2,"M10","S05",129,"guard","four_chain_sentinel",28422.735,0.187600889598894,0.541393548418951
"terminal_lower",4,1.00002595332283,19756.202184,22040.0961845024,0.00303994313237405,0.00714386474304554,TRUE,"joint_ess2_x2",3,2,"M10","S05",129,"guard","four_chain_sentinel",28422.735,0.695084487259935,0.775438964072331
"terminal_midpoint",4,0.99998247409508,20564.4614682639,22152.9242274755,0.00272468237491483,0.00697470080031134,TRUE,"joint_ess2_x2",3,2,"M10","S05",129,"guard","four_chain_sentinel",28422.735,0.723521556537888,0.779408604677752
"terminal_upper",4,0.999997760343179,17439.3372109999,19347.5060697845,0.00499217589938817,0.00757328105323767,TRUE,"joint_ess2_x2",3,2,"M10","S05",129,"guard","four_chain_sentinel",28422.735,0.613569989341276,0.680705289965392
"terminal_width",4,1.00000140033773,16034.7517547796,19468.4926565527,0.00622794241023485,0.00790463856191593,TRUE,"joint_ess2_x2",3,2,"M10","S05",129,"guard","four_chain_sentinel",28422.735,0.564152315207513,0.68496197345374
"training_t0001_lower",4,0.999962368945107,20509.961476037,21715.4702983091,0.00266320576297429,0.0070162580622174,TRUE,"joint_ess2_x2",3,2,"M10","S05",129,"guard","four_chain_sentinel",28422.735,0.721604077722886,0.764017618230937
"training_t0001_midpoint",4,0.999988059325727,20553.2298804853,21486.3557867516,0.00220006514651929,0.00704872617441126,TRUE,"joint_ess2_x2",3,2,"M10","S05",129,"guard","four_chain_sentinel",28422.735,0.723126394433375,0.755956658877184
"training_t0001_upper",4,0.99999154886085,17306.3748782222,17482.7659783236,0.00427966961892269,0.00785304944722529,TRUE,"joint_ess2_x2",3,2,"M10","S05",129,"guard","four_chain_sentinel",28422.735,0.60889196195307,0.615097948115254
"training_t0001_width",4,0.999994550980607,17968.5345685907,17884.7356713979,0.00530707287062254,0.00756259075295436,TRUE,"joint_ess2_x2",3,2,"M10","S05",129,"guard","four_chain_sentinel",28422.735,0.632188794237806,0.629240489045051
"training_t0050_lower",4,1.00023045114684,16828.5670662074,16274.1042222307,0.00289986335267317,0.00754751199788305,TRUE,"joint_ess2_x2",3,2,"M10","S05",129,"guard","four_chain_sentinel",28422.735,0.592081200708074,0.57257347761328
"training_t0050_midpoint",4,0.999961271720773,21191.5152758324,21916.0300392173,0.00182388343799591,0.0068727831499916,TRUE,"joint_ess2_x2",3,2,"M10","S05",129,"guard","four_chain_sentinel",28422.735,0.74558325494828,0.771073932160902
"training_t0050_upper",4,1.00022423771221,5573.29663196063,15635.7024687215,0.00516911481159464,0.0132229881502838,TRUE,"joint_ess2_x2",3,2,"M10","S05",129,"guard","four_chain_sentinel",28422.735,0.196085866893549,0.550112523257227
"training_t0050_width",4,1.00042043318696,7361.10159388572,10059.329795171,0.00689961929599756,0.0122126673033114,TRUE,"joint_ess2_x2",3,2,"M10","S05",129,"guard","four_chain_sentinel",28422.735,0.258986392192226,0.353918431677001
"training_t0100_lower",4,0.999993060431577,17541.9145593214,21932.3286404417,0.00163834116842965,0.00755816979820885,TRUE,"joint_ess2_x2",3,2,"M10","S05",129,"guard","four_chain_sentinel",28422.735,0.617178978705652,0.771647367519055
"training_t0100_midpoint",4,1.00009462617762,19532.8895402276,20406.1560884356,0.00160900563038633,0.00715377518717491,TRUE,"joint_ess2_x2",3,2,"M10","S05",129,"guard","four_chain_sentinel",28422.735,0.687227655615394,0.7179518821266
"training_t0100_upper",4,1.00029780269886,19677.4516773396,22721.6603780003,0.00278907725859028,0.0071245721155071,TRUE,"joint_ess2_x2",3,2,"M10","S05",129,"guard","four_chain_sentinel",28422.735,0.692313800108948,0.799418506980426
"training_t0100_width",4,1.00019896366744,18716.6654840434,22615.9469141695,0.00325231827005442,0.00730673539922819,TRUE,"joint_ess2_x2",3,2,"M10","S05",129,"guard","four_chain_sentinel",28422.735,0.658510360950253,0.795699179342505
"training_t0150_lower",4,1.00019411251992,18062.1225344992,20611.3884996734,0.00280172138837847,0.00742581395400463,TRUE,"joint_ess2_x2",3,2,"M10","S05",129,"guard","four_chain_sentinel",28422.735,0.635481509238967,0.725172595095912
"training_t0150_midpoint",4,1.00026908348887,17280.3280808779,21443.7403709927,0.00186908780567871,0.00759982500203423,TRUE,"joint_ess2_x2",3,2,"M10","S05",129,"guard","four_chain_sentinel",28422.735,0.607975554811242,0.754457316334712
"training_t0150_upper",4,1.00013626482234,15488.5110162447,20428.7982153478,0.00271880685064548,0.0081304420781244,TRUE,"joint_ess2_x2",3,2,"M10","S05",129,"guard","four_chain_sentinel",28422.735,0.54493387129158,0.718748502399498
"training_t0150_width",4,1.00016326203048,16081.4735480828,20194.1710648666,0.00407674942607299,0.00789846939636586,TRUE,"joint_ess2_x2",3,2,"M10","S05",129,"guard","four_chain_sentinel",28422.735,0.565796132852197,0.710493591305221
"training_t0200_lower",4,1.00002595332283,19756.202184,22040.0961845024,0.00303994313237405,0.00714386474304554,TRUE,"joint_ess2_x2",3,2,"M10","S05",129,"guard","four_chain_sentinel",28422.735,0.695084487259935,0.775438964072331
"training_t0200_midpoint",4,0.99998247409508,20564.4614682639,22152.9242274755,0.00272468237491483,0.00697470080031134,TRUE,"joint_ess2_x2",3,2,"M10","S05",129,"guard","four_chain_sentinel",28422.735,0.723521556537888,0.779408604677752
"training_t0200_upper",4,0.999997760343179,17439.3372109999,19347.5060697845,0.00499217589938817,0.00757328105323767,TRUE,"joint_ess2_x2",3,2,"M10","S05",129,"guard","four_chain_sentinel",28422.735,0.613569989341276,0.680705289965392
"training_t0200_width",4,1.00000140033773,16034.7517547796,19468.4926565527,0.00622794241023485,0.00790463856191593,TRUE,"joint_ess2_x2",3,2,"M10","S05",129,"guard","four_chain_sentinel",28422.735,0.564152315207513,0.68496197345374
"future_h01_lower",1,,5062.70326386981,5137.75071497775,0.00326116559583586,0.0141522753087119,TRUE,"joint_ess2_x2",3,2,"M10","S05",104,"hard","one_chain_standard",7063.566,0.716734757468085,0.72735934158154
"future_h01_midpoint",1,,5356.02373757393,5223.87074121623,0.00536353762232505,0.0136892955964972,TRUE,"joint_ess2_x2",3,2,"M10","S05",104,"hard","one_chain_standard",7063.566,0.75826059211083,0.739551487338864
"future_h01_upper",1,,5306.71129004874,5056.77012956936,0.0101627792448941,0.013755329938988,TRUE,"joint_ess2_x2",3,2,"M10","S05",104,"hard","one_chain_standard",7063.566,0.751279352390668,0.715894794438016
"future_h01_width",1,,5166.68286580489,5070.68550327659,0.0106569727305289,0.0139467363372074,TRUE,"joint_ess2_x2",3,2,"M10","S05",104,"hard","one_chain_standard",7063.566,0.731455311071616,0.717864815487898
"future_h05_lower",1,,5062.70326386981,5137.75071497775,0.00326116559583586,0.0141522753087119,TRUE,"joint_ess2_x2",3,2,"M10","S05",104,"hard","one_chain_standard",7063.566,0.716734757468085,0.72735934158154
"future_h05_midpoint",1,,5356.02373757393,5223.87074121623,0.00536353762232505,0.0136892955964972,TRUE,"joint_ess2_x2",3,2,"M10","S05",104,"hard","one_chain_standard",7063.566,0.75826059211083,0.739551487338864
"future_h05_upper",1,,5306.71129004874,5056.77012956936,0.0101627792448941,0.013755329938988,TRUE,"joint_ess2_x2",3,2,"M10","S05",104,"hard","one_chain_standard",7063.566,0.751279352390668,0.715894794438016
"future_h05_width",1,,5166.68286580489,5070.68550327659,0.0106569727305289,0.0139467363372074,TRUE,"joint_ess2_x2",3,2,"M10","S05",104,"hard","one_chain_standard",7063.566,0.731455311071616,0.717864815487898
"future_h10_lower",1,,5062.70326386981,5137.75071497775,0.00326116559583586,0.0141522753087119,TRUE,"joint_ess2_x2",3,2,"M10","S05",104,"hard","one_chain_standard",7063.566,0.716734757468085,0.72735934158154
"future_h10_midpoint",1,,5356.02373757393,5223.87074121623,0.00536353762232505,0.0136892955964972,TRUE,"joint_ess2_x2",3,2,"M10","S05",104,"hard","one_chain_standard",7063.566,0.75826059211083,0.739551487338864
"future_h10_upper",1,,5306.71129004874,5056.77012956936,0.0101627792448941,0.013755329938988,TRUE,"joint_ess2_x2",3,2,"M10","S05",104,"hard","one_chain_standard",7063.566,0.751279352390668,0.715894794438016
"future_h10_width",1,,5166.68286580489,5070.68550327659,0.0106569727305289,0.0139467363372074,TRUE,"joint_ess2_x2",3,2,"M10","S05",104,"hard","one_chain_standard",7063.566,0.731455311071616,0.717864815487898
"future_h20_lower",1,,5062.70326386981,5137.75071497775,0.00326116559583586,0.0141522753087119,TRUE,"joint_ess2_x2",3,2,"M10","S05",104,"hard","one_chain_standard",7063.566,0.716734757468085,0.72735934158154
"future_h20_midpoint",1,,5356.02373757393,5223.87074121623,0.00536353762232505,0.0136892955964972,TRUE,"joint_ess2_x2",3,2,"M10","S05",104,"hard","one_chain_standard",7063.566,0.75826059211083,0.739551487338864
"future_h20_upper",1,,5306.71129004874,5056.77012956936,0.0101627792448941,0.013755329938988,TRUE,"joint_ess2_x2",3,2,"M10","S05",104,"hard","one_chain_standard",7063.566,0.751279352390668,0.715894794438016
"future_h20_width",1,,5166.68286580489,5070.68550327659,0.0106569727305289,0.0139467363372074,TRUE,"joint_ess2_x2",3,2,"M10","S05",104,"hard","one_chain_standard",7063.566,0.731455311071616,0.717864815487898
"log_q_1",1,,841.27708885026,1516.72571931484,0.00884130445045821,0.03477376389829,TRUE,"joint_ess2_x2",3,2,"M10","S05",104,"hard","one_chain_standard",7063.566,0.119100902978787,0.214725213768066
"mean_lower",1,,4283.29830933062,4986.4970028117,0.000926212242093606,0.0152696129569521,TRUE,"joint_ess2_x2",3,2,"M10","S05",104,"hard","one_chain_standard",7063.566,0.606393188558105,0.705946118831721
"mean_midpoint",1,,2244.76766536086,4130.45784735965,0.00154355141491498,0.0211548874614152,TRUE,"joint_ess2_x2",3,2,"M10","S05",104,"hard","one_chain_standard",7063.566,0.317795241859545,0.584755327176054
"mean_upper",1,,1422.96876460987,2212.9797097674,0.00343124451267764,0.0265086007288062,TRUE,"joint_ess2_x2",3,2,"M10","S05",104,"hard","one_chain_standard",7063.566,0.201451896196605,0.313294971657007
"mean_width",1,,1011.59538546439,1775.9812232495,0.00446916765854852,0.0319452001939222,TRUE,"joint_ess2_x2",3,2,"M10","S05",104,"hard","one_chain_standard",7063.566,0.143213128533717,0.251428417777862
"observed_loss",1,,3559.29653942479,4929.80108497105,0.0723619292497523,0.0167740903791841,TRUE,"joint_ess2_x2",3,2,"M10","S05",104,"hard","one_chain_standard",7063.566,0.503895134472417,0.697919589761184
"terminal_lower",1,,5062.70326386981,5137.75071497775,0.00326116559583586,0.0141522753087119,TRUE,"joint_ess2_x2",3,2,"M10","S05",104,"hard","one_chain_standard",7063.566,0.716734757468085,0.72735934158154
"terminal_midpoint",1,,5356.02373757393,5223.87074121623,0.00536353762232505,0.0136892955964972,TRUE,"joint_ess2_x2",3,2,"M10","S05",104,"hard","one_chain_standard",7063.566,0.75826059211083,0.739551487338864
"terminal_upper",1,,5306.71129004874,5056.77012956936,0.0101627792448941,0.013755329938988,TRUE,"joint_ess2_x2",3,2,"M10","S05",104,"hard","one_chain_standard",7063.566,0.751279352390668,0.715894794438016
"terminal_width",1,,5166.68286580489,5070.68550327659,0.0106569727305289,0.0139467363372074,TRUE,"joint_ess2_x2",3,2,"M10","S05",104,"hard","one_chain_standard",7063.566,0.731455311071616,0.717864815487898
"training_t0001_lower",1,,5439.54328389654,5130.62271443312,0.00645390300199086,0.013555732314713,TRUE,"joint_ess2_x2",3,2,"M10","S05",104,"hard","one_chain_standard",7063.566,0.770084583890989,0.726350219483066
"training_t0001_midpoint",1,,5204.43397938969,5682.70865262925,0.005729445517737,0.0139641823410123,TRUE,"joint_ess2_x2",3,2,"M10","S05",104,"hard","one_chain_standard",7063.566,0.736799794804733,0.804509882491259
"training_t0001_upper",1,,4196.37480781049,5262.91560257946,0.0103584429073627,0.0154714981178018,TRUE,"joint_ess2_x2",3,2,"M10","S05",104,"hard","one_chain_standard",7063.566,0.594087293558309,0.745079128952637
"training_t0001_width",1,,4163.75957268358,4978.00533096136,0.0127589963585136,0.0155127293709221,TRUE,"joint_ess2_x2",3,2,"M10","S05",104,"hard","one_chain_standard",7063.566,0.589469904108432,0.704743939670325
"training_t0050_lower",1,,4978.55790928917,5513.68511053835,0.00381069889590689,0.0141816072725297,TRUE,"joint_ess2_x2",3,2,"M10","S05",104,"hard","one_chain_standard",7063.566,0.704822169041695,0.780580957343408
"training_t0050_midpoint",1,,3878.88259010891,4857.24201146227,0.00590188334859265,0.0160982029839919,TRUE,"joint_ess2_x2",3,2,"M10","S05",104,"hard","one_chain_standard",7063.566,0.549139427607657,0.687647289125956
"training_t0050_upper",1,,3486.74190986095,4453.12867350943,0.0113881537368772,0.0169711018946049,TRUE,"joint_ess2_x2",3,2,"M10","S05",104,"hard","one_chain_standard",7063.566,0.493623462973369,0.630436336760983
"training_t0050_width",1,,3421.0609489492,4356.09506002063,0.0121934500178721,0.0171189219792627,TRUE,"joint_ess2_x2",3,2,"M10","S05",104,"hard","one_chain_standard",7063.566,0.484324907412092,0.616699137520713
"training_t0100_lower",1,,5534.86002846361,5622.44933811326,0.00558105961770385,0.0134277422909189,TRUE,"joint_ess2_x2",3,2,"M10","S05",104,"hard","one_chain_standard",7063.566,0.78357872333374,0.795978877823646
"training_t0100_midpoint",1,,5302.56509951277,5646.69096160504,0.00482738897069379,0.0137453404520263,TRUE,"joint_ess2_x2",3,2,"M10","S05",104,"hard","one_chain_standard",7063.566,0.750692369762351,0.799410802080003
"training_t0100_upper",1,,3800.90454675659,4731.25715861268,0.00859193609470364,0.0160974416704834,TRUE,"joint_ess2_x2",3,2,"M10","S05",104,"hard","one_chain_standard",7063.566,0.538099955002415,0.669811418002278
"training_t0100_width",1,,3584.20656267265,4901.86058176755,0.0108361317346893,0.0166827267145111,TRUE,"joint_ess2_x2",3,2,"M10","S05",104,"hard","one_chain_standard",7063.566,0.507421685119478,0.693964009364045
"training_t0150_lower",1,,4767.10764452899,5237.88976600067,0.00522866511808598,0.0145280574753279,TRUE,"joint_ess2_x2",3,2,"M10","S05",104,"hard","one_chain_standard",7063.566,0.674886826926936,0.741536182432594
"training_t0150_midpoint",1,,4773.17233458489,4744.90446267112,0.00539847992158054,0.0145708695175851,TRUE,"joint_ess2_x2",3,2,"M10","S05",104,"hard","one_chain_standard",7063.566,0.675745414509455,0.671743488015985
"training_t0150_upper",1,,4110.07286291078,4190.05756078772,0.00964298718972923,0.0157040965733814,TRUE,"joint_ess2_x2",3,2,"M10","S05",104,"hard","one_chain_standard",7063.566,0.581869393293809,0.593192951094068
"training_t0150_width",1,,3882.86726858731,4262.35195043543,0.0109517766590671,0.0160763871525172,TRUE,"joint_ess2_x2",3,2,"M10","S05",104,"hard","one_chain_standard",7063.566,0.549703544723346,0.603427780024343
"training_t0200_lower",1,,5062.70326386981,5137.75071497775,0.00326116559583586,0.0141522753087119,TRUE,"joint_ess2_x2",3,2,"M10","S05",104,"hard","one_chain_standard",7063.566,0.716734757468085,0.72735934158154
"training_t0200_midpoint",1,,5356.02373757393,5223.87074121623,0.00536353762232505,0.0136892955964972,TRUE,"joint_ess2_x2",3,2,"M10","S05",104,"hard","one_chain_standard",7063.566,0.75826059211083,0.739551487338864
"training_t0200_upper",1,,5306.71129004874,5056.77012956936,0.0101627792448941,0.013755329938988,TRUE,"joint_ess2_x2",3,2,"M10","S05",104,"hard","one_chain_standard",7063.566,0.751279352390668,0.715894794438016
"training_t0200_width",1,,5166.68286580489,5070.68550327659,0.0106569727305289,0.0139467363372074,TRUE,"joint_ess2_x2",3,2,"M10","S05",104,"hard","one_chain_standard",7063.566,0.731455311071616,0.717864815487898
"future_h01_lower",4,0.999961343368237,20557.1111844086,21478.6060093395,0.00299238562437184,0.00702497539860238,TRUE,"joint_ess1_reverse_x2",4,2,"M10","S05",129,"guard","four_chain_sentinel",26454.271,0.777080993250905,0.811914492345659
"future_h01_midpoint",4,1.00002589653433,19003.0665644835,20982.2848004271,0.00285210478758211,0.00726481437796654,TRUE,"joint_ess1_reverse_x2",4,2,"M10","S05",129,"guard","four_chain_sentinel",26454.271,0.718336429096213,0.793153014892268
"future_h01_upper",4,1.00015815698683,16542.7239621714,20885.2472757973,0.0051534710826578,0.00777713650747368,TRUE,"joint_ess1_reverse_x2",4,2,"M10","S05",129,"guard","four_chain_sentinel",26454.271,0.625332822899236,0.789484891713603
"future_h01_width",4,0.999990615059911,16762.0560050784,20633.6925730084,0.00610905251566808,0.00773005883356497,TRUE,"joint_ess1_reverse_x2",4,2,"M10","S05",129,"guard","four_chain_sentinel",26454.271,0.633623810880232,0.779975852406154
"future_h05_lower",4,0.999961343368237,20557.1111844086,21478.6060093395,0.00299238562437184,0.00702497539860238,TRUE,"joint_ess1_reverse_x2",4,2,"M10","S05",129,"guard","four_chain_sentinel",26454.271,0.777080993250905,0.811914492345659
"future_h05_midpoint",4,1.00002589653433,19003.0665644835,20982.2848004271,0.00285210478758211,0.00726481437796654,TRUE,"joint_ess1_reverse_x2",4,2,"M10","S05",129,"guard","four_chain_sentinel",26454.271,0.718336429096213,0.793153014892268
"future_h05_upper",4,1.00015815698683,16542.7239621714,20885.2472757973,0.0051534710826578,0.00777713650747368,TRUE,"joint_ess1_reverse_x2",4,2,"M10","S05",129,"guard","four_chain_sentinel",26454.271,0.625332822899236,0.789484891713603
"future_h05_width",4,0.999990615059911,16762.0560050784,20633.6925730084,0.00610905251566808,0.00773005883356497,TRUE,"joint_ess1_reverse_x2",4,2,"M10","S05",129,"guard","four_chain_sentinel",26454.271,0.633623810880232,0.779975852406154
"future_h10_lower",4,0.999961343368237,20557.1111844086,21478.6060093395,0.00299238562437184,0.00702497539860238,TRUE,"joint_ess1_reverse_x2",4,2,"M10","S05",129,"guard","four_chain_sentinel",26454.271,0.777080993250905,0.811914492345659
"future_h10_midpoint",4,1.00002589653433,19003.0665644835,20982.2848004271,0.00285210478758211,0.00726481437796654,TRUE,"joint_ess1_reverse_x2",4,2,"M10","S05",129,"guard","four_chain_sentinel",26454.271,0.718336429096213,0.793153014892268
"future_h10_upper",4,1.00015815698683,16542.7239621714,20885.2472757973,0.0051534710826578,0.00777713650747368,TRUE,"joint_ess1_reverse_x2",4,2,"M10","S05",129,"guard","four_chain_sentinel",26454.271,0.625332822899236,0.789484891713603
"future_h10_width",4,0.999990615059911,16762.0560050784,20633.6925730084,0.00610905251566808,0.00773005883356497,TRUE,"joint_ess1_reverse_x2",4,2,"M10","S05",129,"guard","four_chain_sentinel",26454.271,0.633623810880232,0.779975852406154
"future_h20_lower",4,0.999961343368237,20557.1111844086,21478.6060093395,0.00299238562437184,0.00702497539860238,TRUE,"joint_ess1_reverse_x2",4,2,"M10","S05",129,"guard","four_chain_sentinel",26454.271,0.777080993250905,0.811914492345659
"future_h20_midpoint",4,1.00002589653433,19003.0665644835,20982.2848004271,0.00285210478758211,0.00726481437796654,TRUE,"joint_ess1_reverse_x2",4,2,"M10","S05",129,"guard","four_chain_sentinel",26454.271,0.718336429096213,0.793153014892268
"future_h20_upper",4,1.00015815698683,16542.7239621714,20885.2472757973,0.0051534710826578,0.00777713650747368,TRUE,"joint_ess1_reverse_x2",4,2,"M10","S05",129,"guard","four_chain_sentinel",26454.271,0.625332822899236,0.789484891713603
"future_h20_width",4,0.999990615059911,16762.0560050784,20633.6925730084,0.00610905251566808,0.00773005883356497,TRUE,"joint_ess1_reverse_x2",4,2,"M10","S05",129,"guard","four_chain_sentinel",26454.271,0.633623810880232,0.779975852406154
"log_q_1",4,1.00235259285625,167.803831014734,5694.90110097274,0.0246627150710311,0.0768513150759516,FALSE,"joint_ess1_reverse_x2",4,2,"M10","S05",129,"guard","four_chain_sentinel",26454.271,0.00634316594907242,0.215273409007292
"mean_lower",4,1.0001766341038,8884.21645289358,16046.0459457059,0.000607921625332361,0.0105262675927807,TRUE,"joint_ess1_reverse_x2",4,2,"M10","S05",129,"guard","four_chain_sentinel",26454.271,0.335832972032893,0.60655785773518
"mean_midpoint",4,1.00107335700135,526.164695570351,10131.6681565131,0.00342944385485704,0.0436763777225113,TRUE,"joint_ess1_reverse_x2",4,2,"M10","S05",129,"guard","four_chain_sentinel",26454.271,0.0198895934637681,0.382987992997921
"mean_upper",4,1.00167821630558,250.424173011852,5512.97648803373,0.00930905411631113,0.0633183514424486,FALSE,"joint_ess1_reverse_x2",4,2,"M10","S05",129,"guard","four_chain_sentinel",26454.271,0.00946630406152005,0.208396462258731
"mean_width",4,1.00185389415688,209.453349299874,5451.21122523799,0.011014505180102,0.0693308923835513,FALSE,"joint_ess1_reverse_x2",4,2,"M10","S05",129,"guard","four_chain_sentinel",26454.271,0.00791756269903918,0.206061668652218
"observed_loss",4,1.00038651631376,2578.79829142109,13946.7197791706,0.0830131925690642,0.0195367570617584,TRUE,"joint_ess1_reverse_x2",4,2,"M10","S05",129,"guard","four_chain_sentinel",26454.271,0.0974813591129043,0.52720106251163
"terminal_lower",4,0.999961343368237,20557.1111844086,21478.6060093395,0.00299238562437184,0.00702497539860238,TRUE,"joint_ess1_reverse_x2",4,2,"M10","S05",129,"guard","four_chain_sentinel",26454.271,0.777080993250905,0.811914492345659
"terminal_midpoint",4,1.00002589653433,19003.0665644835,20982.2848004271,0.00285210478758211,0.00726481437796654,TRUE,"joint_ess1_reverse_x2",4,2,"M10","S05",129,"guard","four_chain_sentinel",26454.271,0.718336429096213,0.793153014892268
"terminal_upper",4,1.00015815698683,16542.7239621714,20885.2472757973,0.0051534710826578,0.00777713650747368,TRUE,"joint_ess1_reverse_x2",4,2,"M10","S05",129,"guard","four_chain_sentinel",26454.271,0.625332822899236,0.789484891713603
"terminal_width",4,0.999990615059911,16762.0560050784,20633.6925730084,0.00610905251566808,0.00773005883356497,TRUE,"joint_ess1_reverse_x2",4,2,"M10","S05",129,"guard","four_chain_sentinel",26454.271,0.633623810880232,0.779975852406154
"training_t0001_lower",4,1.00006289778134,21411.4954728565,22340.1765275077,0.00258469327685376,0.00687619879579338,TRUE,"joint_ess1_reverse_x2",4,2,"M10","S05",129,"guard","four_chain_sentinel",26454.271,0.809377641623785,0.844482787959181
"training_t0001_midpoint",4,0.99996514466653,19620.2700057287,22538.9244228487,0.00222799435353308,0.00718675624486455,TRUE,"joint_ess1_reverse_x2",4,2,"M10","S05",129,"guard","four_chain_sentinel",26454.271,0.741667385418736,0.851995672942517
"training_t0001_upper",4,0.999961035605626,17273.8596554197,16861.7101618278,0.00418807477071741,0.00774449104666544,TRUE,"joint_ess1_reverse_x2",4,2,"M10","S05",129,"guard","four_chain_sentinel",26454.271,0.652970541332237,0.637390845577555
"training_t0001_width",4,0.999972220327396,17808.861641673,18288.395130566,0.00529835083665627,0.00762340510073657,TRUE,"joint_ess1_reverse_x2",4,2,"M10","S05",129,"guard","four_chain_sentinel",26454.271,0.67319419392328,0.691321077438346
"training_t0050_lower",4,1.00019503052337,15373.7709088611,17905.285660809,0.00307708623948028,0.00793811199796928,TRUE,"joint_ess1_reverse_x2",4,2,"M10","S05",129,"guard","four_chain_sentinel",26454.271,0.581145135651672,0.676839125932028
"training_t0050_midpoint",4,0.999967088169309,22924.9368745338,22567.0903485157,0.0017383953454707,0.00660588563037372,TRUE,"joint_ess1_reverse_x2",4,2,"M10","S05",129,"guard","four_chain_sentinel",26454.271,0.866587360299356,0.853060375336584
"training_t0050_upper",4,1.0000000561142,5366.86433316171,11398.1925662118,0.00538461575380298,0.0137954010378328,TRUE,"joint_ess1_reverse_x2",4,2,"M10","S05",129,"guard","four_chain_sentinel",26454.271,0.202873265083045,0.430863982840873
"training_t0050_width",4,1.00006563325161,4528.54881431345,4677.81771811183,0.0095962761442219,0.016750459738713,TRUE,"joint_ess1_reverse_x2",4,2,"M10","S05",129,"guard","four_chain_sentinel",26454.271,0.171184033546547,0.176826559239218
"training_t0100_lower",4,1.00005800835272,18022.9908720525,21960.5312152546,0.00161261317183126,0.00744407827249404,TRUE,"joint_ess1_reverse_x2",4,2,"M10","S05",129,"guard","four_chain_sentinel",26454.271,0.681288509974533,0.830131785345912
"training_t0100_midpoint",4,1.00002727231621,19532.7685097303,22500.4335362985,0.00161576416412638,0.00715140975667689,TRUE,"joint_ess1_reverse_x2",4,2,"M10","S05",129,"guard","four_chain_sentinel",26454.271,0.738359734416053,0.850540675881732
"training_t0100_upper",4,1.00008128364909,19509.7307312393,21945.4451004564,0.00279972447175118,0.0071557869168418,TRUE,"joint_ess1_reverse_x2",4,2,"M10","S05",129,"guard","four_chain_sentinel",26454.271,0.737488881520844,0.829561513921756
"training_t0100_width",4,0.99997619575917,18916.5654590541,22367.6279974241,0.00321672169312049,0.00726905356187568,TRUE,"joint_ess1_reverse_x2",4,2,"M10","S05",129,"guard","four_chain_sentinel",26454.271,0.715066593936915,0.845520483154652
"training_t0150_lower",4,1.00024876421894,17502.2913482776,20114.5333747379,0.00285419442722699,0.00753639882037311,TRUE,"joint_ess1_reverse_x2",4,2,"M10","S05",129,"guard","four_chain_sentinel",26454.271,0.661605505904041,0.760351074302441
"training_t0150_midpoint",4,1.00021117170003,16614.901278309,20290.6899715492,0.00189992395480988,0.0077413809851673,TRUE,"joint_ess1_reverse_x2",4,2,"M10","S05",129,"guard","four_chain_sentinel",26454.271,0.628061203361416,0.76700998381506
"training_t0150_upper",4,0.999987645304005,15130.4564445602,21075.2150389292,0.00272414776523878,0.00819033506272388,TRUE,"joint_ess1_reverse_x2",4,2,"M10","S05",129,"guard","four_chain_sentinel",26454.271,0.571947586254038,0.796665878221675
"training_t0150_width",4,1.00005127550048,15984.9609040809,20077.6750246755,0.0040833309034882,0.00789974552233371,TRUE,"joint_ess1_reverse_x2",4,2,"M10","S05",129,"guard","four_chain_sentinel",26454.271,0.60424877722319,0.758957788883145
"training_t0200_lower",4,0.999961343368237,20557.1111844086,21478.6060093395,0.00299238562437184,0.00702497539860238,TRUE,"joint_ess1_reverse_x2",4,2,"M10","S05",129,"guard","four_chain_sentinel",26454.271,0.777080993250905,0.811914492345659
"training_t0200_midpoint",4,1.00002589653433,19003.0665644835,20982.2848004271,0.00285210478758211,0.00726481437796654,TRUE,"joint_ess1_reverse_x2",4,2,"M10","S05",129,"guard","four_chain_sentinel",26454.271,0.718336429096213,0.793153014892268
"training_t0200_upper",4,1.00015815698683,16542.7239621714,20885.2472757973,0.0051534710826578,0.00777713650747368,TRUE,"joint_ess1_reverse_x2",4,2,"M10","S05",129,"guard","four_chain_sentinel",26454.271,0.625332822899236,0.789484891713603
"training_t0200_width",4,0.999990615059911,16762.0560050784,20633.6925730084,0.00610905251566808,0.00773005883356497,TRUE,"joint_ess1_reverse_x2",4,2,"M10","S05",129,"guard","four_chain_sentinel",26454.271,0.633623810880232,0.779975852406154
"future_h01_lower",1,,4989.11264847524,5136.31797137281,0.00320490192938075,0.0142190845595884,TRUE,"joint_ess1_reverse_x2",4,2,"M10","S05",104,"hard","one_chain_standard",6475.781,0.770426400842654,0.793158071802121
"future_h01_midpoint",1,,5375.72014769142,5492.1299649206,0.00531270961587722,0.0136600918021204,TRUE,"joint_ess1_reverse_x2",4,2,"M10","S05",104,"hard","one_chain_standard",6475.781,0.830126921786178,0.848103103690597
"future_h01_upper",1,,5237.46768329927,5223.69538688682,0.0101092860784108,0.0138306585742774,TRUE,"joint_ess1_reverse_x2",4,2,"M10","S05",104,"hard","one_chain_standard",6475.781,0.808777764921215,0.806651025858784
"future_h01_width",1,,5062.59694960241,5499.95356861182,0.0105820949342639,0.0140770823984966,TRUE,"joint_ess1_reverse_x2",4,2,"M10","S05",104,"hard","one_chain_standard",6475.781,0.781773958940614,0.84931123653067
"future_h05_lower",1,,4989.11264847524,5136.31797137281,0.00320490192938075,0.0142190845595884,TRUE,"joint_ess1_reverse_x2",4,2,"M10","S05",104,"hard","one_chain_standard",6475.781,0.770426400842654,0.793158071802121
"future_h05_midpoint",1,,5375.72014769142,5492.1299649206,0.00531270961587722,0.0136600918021204,TRUE,"joint_ess1_reverse_x2",4,2,"M10","S05",104,"hard","one_chain_standard",6475.781,0.830126921786178,0.848103103690597
"future_h05_upper",1,,5237.46768329927,5223.69538688682,0.0101092860784108,0.0138306585742774,TRUE,"joint_ess1_reverse_x2",4,2,"M10","S05",104,"hard","one_chain_standard",6475.781,0.808777764921215,0.806651025858784
"future_h05_width",1,,5062.59694960241,5499.95356861182,0.0105820949342639,0.0140770823984966,TRUE,"joint_ess1_reverse_x2",4,2,"M10","S05",104,"hard","one_chain_standard",6475.781,0.781773958940614,0.84931123653067
"future_h10_lower",1,,4989.11264847524,5136.31797137281,0.00320490192938075,0.0142190845595884,TRUE,"joint_ess1_reverse_x2",4,2,"M10","S05",104,"hard","one_chain_standard",6475.781,0.770426400842654,0.793158071802121
"future_h10_midpoint",1,,5375.72014769142,5492.1299649206,0.00531270961587722,0.0136600918021204,TRUE,"joint_ess1_reverse_x2",4,2,"M10","S05",104,"hard","one_chain_standard",6475.781,0.830126921786178,0.848103103690597
"future_h10_upper",1,,5237.46768329927,5223.69538688682,0.0101092860784108,0.0138306585742774,TRUE,"joint_ess1_reverse_x2",4,2,"M10","S05",104,"hard","one_chain_standard",6475.781,0.808777764921215,0.806651025858784
"future_h10_width",1,,5062.59694960241,5499.95356861182,0.0105820949342639,0.0140770823984966,TRUE,"joint_ess1_reverse_x2",4,2,"M10","S05",104,"hard","one_chain_standard",6475.781,0.781773958940614,0.84931123653067
"future_h20_lower",1,,4989.11264847524,5136.31797137281,0.00320490192938075,0.0142190845595884,TRUE,"joint_ess1_reverse_x2",4,2,"M10","S05",104,"hard","one_chain_standard",6475.781,0.770426400842654,0.793158071802121
"future_h20_midpoint",1,,5375.72014769142,5492.1299649206,0.00531270961587722,0.0136600918021204,TRUE,"joint_ess1_reverse_x2",4,2,"M10","S05",104,"hard","one_chain_standard",6475.781,0.830126921786178,0.848103103690597
"future_h20_upper",1,,5237.46768329927,5223.69538688682,0.0101092860784108,0.0138306585742774,TRUE,"joint_ess1_reverse_x2",4,2,"M10","S05",104,"hard","one_chain_standard",6475.781,0.808777764921215,0.806651025858784
"future_h20_width",1,,5062.59694960241,5499.95356861182,0.0105820949342639,0.0140770823984966,TRUE,"joint_ess1_reverse_x2",4,2,"M10","S05",104,"hard","one_chain_standard",6475.781,0.781773958940614,0.84931123653067
"log_q_1",1,,283.197478616235,596.261518659499,0.0162247846107933,0.0607283953818484,TRUE,"joint_ess1_reverse_x2",4,2,"M10","S05",104,"hard","one_chain_standard",6475.781,0.0437317875042771,0.0920756150739963
"mean_lower",1,,2314.64678950704,3579.63982419819,0.00121932098550001,0.0204401427868946,TRUE,"joint_ess1_reverse_x2",4,2,"M10","S05",104,"hard","one_chain_standard",6475.781,0.357431295083487,0.552773452993267
"mean_midpoint",1,,888.051601336009,2245.3413459991,0.002471149733847,0.0338160095673991,TRUE,"joint_ess1_reverse_x2",4,2,"M10","S05",104,"hard","one_chain_standard",6475.781,0.137134285630723,0.34672904256631
"mean_upper",1,,380.822525102603,1846.43685160939,0.00680769861056708,0.0512809364476013,TRUE,"joint_ess1_reverse_x2",4,2,"M10","S05",104,"hard","one_chain_standard",6475.781,0.0588071963987978,0.285129600832608
"mean_width",1,,302.363550823018,1078.99054353947,0.00838189083703455,0.0578362097872009,TRUE,"joint_ess1_reverse_x2",4,2,"M10","S05",104,"hard","one_chain_standard",6475.781,0.0466914416690462,0.166619368928546
"observed_loss",1,,2615.63502587364,4903.14077382157,0.0828596449771137,0.0194252411856005,TRUE,"joint_ess1_reverse_x2",4,2,"M10","S05",104,"hard","one_chain_standard",6475.781,0.403910358592059,0.757150492553959
"terminal_lower",1,,4989.11264847524,5136.31797137281,0.00320490192938075,0.0142190845595884,TRUE,"joint_ess1_reverse_x2",4,2,"M10","S05",104,"hard","one_chain_standard",6475.781,0.770426400842654,0.793158071802121
"terminal_midpoint",1,,5375.72014769142,5492.1299649206,0.00531270961587722,0.0136600918021204,TRUE,"joint_ess1_reverse_x2",4,2,"M10","S05",104,"hard","one_chain_standard",6475.781,0.830126921786178,0.848103103690597
"terminal_upper",1,,5237.46768329927,5223.69538688682,0.0101092860784108,0.0138306585742774,TRUE,"joint_ess1_reverse_x2",4,2,"M10","S05",104,"hard","one_chain_standard",6475.781,0.808777764921215,0.806651025858784
"terminal_width",1,,5062.59694960241,5499.95356861182,0.0105820949342639,0.0140770823984966,TRUE,"joint_ess1_reverse_x2",4,2,"M10","S05",104,"hard","one_chain_standard",6475.781,0.781773958940614,0.84931123653067
"training_t0001_lower",1,,5642.85717221858,5642.38145470831,0.00630375194703505,0.0133082956353319,TRUE,"joint_ess1_reverse_x2",4,2,"M10","S05",104,"hard","one_chain_standard",6475.781,0.87137862942224,0.871305168397188
"training_t0001_midpoint",1,,5311.68423731267,5323.88025059468,0.00552048795234028,0.0137295856427744,TRUE,"joint_ess1_reverse_x2",4,2,"M10","S05",104,"hard","one_chain_standard",6475.781,0.820238398629087,0.822121725641228
"training_t0001_upper",1,,4524.81565575437,4735.47550807901,0.00960297424248437,0.0148758689799323,TRUE,"joint_ess1_reverse_x2",4,2,"M10","S05",104,"hard","one_chain_standard",6475.781,0.698728949566758,0.73125936594814
"training_t0001_width",1,,4308.44176455433,5192.88582912087,0.012139336049731,0.0152280736805521,TRUE,"joint_ess1_reverse_x2",4,2,"M10","S05",104,"hard","one_chain_standard",6475.781,0.66531616256855,0.801893366857352
"training_t0050_lower",1,,4995.68245444543,5081.92514779727,0.00388913553926097,0.0141193432575927,TRUE,"joint_ess1_reverse_x2",4,2,"M10","S05",104,"hard","one_chain_standard",6475.781,0.771440920322264,0.784758648848266
"training_t0050_midpoint",1,,3359.99501799718,4972.2859370381,0.00640210961968297,0.017241338642535,TRUE,"joint_ess1_reverse_x2",4,2,"M10","S05",104,"hard","one_chain_standard",6475.781,0.518855566301143,0.767827994343555
"training_t0050_upper",1,,2880.21668752121,4899.5531895428,0.0124932755090353,0.0186117985038256,TRUE,"joint_ess1_reverse_x2",4,2,"M10","S05",104,"hard","one_chain_standard",6475.781,0.444767463186481,0.756596492306148
"training_t0050_width",1,,2873.82101300024,4823.41848128907,0.0131958316198022,0.0186358924547352,TRUE,"joint_ess1_reverse_x2",4,2,"M10","S05",104,"hard","one_chain_standard",6475.781,0.443779833351412,0.74483965428866
"training_t0100_lower",1,,5594.40029239973,5499.63829612386,0.00572587527311655,0.0133533969773888,TRUE,"joint_ess1_reverse_x2",4,2,"M10","S05",104,"hard","one_chain_standard",6475.781,0.863895843976152,0.849262551671198
"training_t0100_midpoint",1,,3775.7198329528,5245.34043454761,0.00586807584688388,0.016277204902086,TRUE,"joint_ess1_reverse_x2",4,2,"M10","S05",104,"hard","one_chain_standard",6475.781,0.583052427645839,0.809993487202178
"training_t0100_upper",1,,1781.20039630314,2244.13841103217,0.0123033448960583,0.0223989061413504,TRUE,"joint_ess1_reverse_x2",4,2,"M10","S05",104,"hard","one_chain_standard",6475.781,0.275055687692827,0.346543283510077
"training_t0100_width",1,,1837.39019282672,1334.9849397575,0.0161380213786917,0.024022764633775,TRUE,"joint_ess1_reverse_x2",4,2,"M10","S05",104,"hard","one_chain_standard",6475.781,0.283732601955922,0.206150414870037
"training_t0150_lower",1,,4561.45308098805,5071.42363745174,0.00544965201306487,0.0148612638437449,TRUE,"joint_ess1_reverse_x2",4,2,"M10","S05",104,"hard","one_chain_standard",6475.781,0.704386556770226,0.783136989569558
"training_t0150_midpoint",1,,4574.09024913054,5087.2384470629,0.00558214926477358,0.0148545011536202,TRUE,"joint_ess1_reverse_x2",4,2,"M10","S05",104,"hard","one_chain_standard",6475.781,0.70633800759021,0.785579136642036
"training_t0150_upper",1,,3876.88024331725,3582.80682802727,0.0100430984151908,0.0162245690383499,TRUE,"joint_ess1_reverse_x2",4,2,"M10","S05",104,"hard","one_chain_standard",6475.781,0.59867377283408,0.553262506565196
"training_t0150_width",1,,3592.31955645225,3729.68083439297,0.0114621736445978,0.0167120381179926,TRUE,"joint_ess1_reverse_x2",4,2,"M10","S05",104,"hard","one_chain_standard",6475.781,0.554731476628417,0.575943015119407
"training_t0200_lower",1,,4989.11264847524,5136.31797137281,0.00320490192938075,0.0142190845595884,TRUE,"joint_ess1_reverse_x2",4,2,"M10","S05",104,"hard","one_chain_standard",6475.781,0.770426400842654,0.793158071802121
"training_t0200_midpoint",1,,5375.72014769142,5492.1299649206,0.00531270961587722,0.0136600918021204,TRUE,"joint_ess1_reverse_x2",4,2,"M10","S05",104,"hard","one_chain_standard",6475.781,0.830126921786178,0.848103103690597
"training_t0200_upper",1,,5237.46768329927,5223.69538688682,0.0101092860784108,0.0138306585742774,TRUE,"joint_ess1_reverse_x2",4,2,"M10","S05",104,"hard","one_chain_standard",6475.781,0.808777764921215,0.806651025858784
"training_t0200_width",1,,5062.59694960241,5499.95356861182,0.0105820949342639,0.0140770823984966,TRUE,"joint_ess1_reverse_x2",4,2,"M10","S05",104,"hard","one_chain_standard",6475.781,0.781773958940614,0.84931123653067
"future_h01_lower",1,,6202.98487892855,6974.20421333197,0.00927810196017205,0.012657184307963,TRUE,"joint_ess1_x1",1,1,"M11","S05",190,"guard","one_chain_standard",5034.854,1.23200888822765,1.38518499510253
"future_h01_midpoint",1,,6540.0608818875,7284.69548650584,0.00496170627152216,0.0123552066827952,TRUE,"joint_ess1_x1",1,1,"M11","S05",190,"guard","one_chain_standard",5034.854,1.29895740410496,1.44685337181691
"future_h01_upper",1,,5739.82429492344,6124.2341952962,0.0043773976601518,0.0138276408535064,TRUE,"joint_ess1_x1",1,1,"M11","S05",190,"guard","one_chain_standard",5034.854,1.14001802136138,1.21636778252084
"future_h01_width",1,,5371.42908794013,6724.18153842851,0.0109177955779252,0.0137550617480684,TRUE,"joint_ess1_x1",1,1,"M11","S05",190,"guard","one_chain_standard",5034.854,1.06684902639483,1.33552661873185
"future_h05_lower",1,,6202.98487892855,6974.20421333197,0.00927810196017205,0.012657184307963,TRUE,"joint_ess1_x1",1,1,"M11","S05",190,"guard","one_chain_standard",5034.854,1.23200888822765,1.38518499510253
"future_h05_midpoint",1,,6540.0608818875,7284.69548650584,0.00496170627152216,0.0123552066827952,TRUE,"joint_ess1_x1",1,1,"M11","S05",190,"guard","one_chain_standard",5034.854,1.29895740410496,1.44685337181691
"future_h05_upper",1,,5739.82429492344,6124.2341952962,0.0043773976601518,0.0138276408535064,TRUE,"joint_ess1_x1",1,1,"M11","S05",190,"guard","one_chain_standard",5034.854,1.14001802136138,1.21636778252084
"future_h05_width",1,,5371.42908794013,6724.18153842851,0.0109177955779252,0.0137550617480684,TRUE,"joint_ess1_x1",1,1,"M11","S05",190,"guard","one_chain_standard",5034.854,1.06684902639483,1.33552661873185
"future_h10_lower",1,,6202.98487892855,6974.20421333197,0.00927810196017205,0.012657184307963,TRUE,"joint_ess1_x1",1,1,"M11","S05",190,"guard","one_chain_standard",5034.854,1.23200888822765,1.38518499510253
"future_h10_midpoint",1,,6540.0608818875,7284.69548650584,0.00496170627152216,0.0123552066827952,TRUE,"joint_ess1_x1",1,1,"M11","S05",190,"guard","one_chain_standard",5034.854,1.29895740410496,1.44685337181691
"future_h10_upper",1,,5739.82429492344,6124.2341952962,0.0043773976601518,0.0138276408535064,TRUE,"joint_ess1_x1",1,1,"M11","S05",190,"guard","one_chain_standard",5034.854,1.14001802136138,1.21636778252084
"future_h10_width",1,,5371.42908794013,6724.18153842851,0.0109177955779252,0.0137550617480684,TRUE,"joint_ess1_x1",1,1,"M11","S05",190,"guard","one_chain_standard",5034.854,1.06684902639483,1.33552661873185
"future_h20_lower",1,,6202.98487892855,6974.20421333197,0.00927810196017205,0.012657184307963,TRUE,"joint_ess1_x1",1,1,"M11","S05",190,"guard","one_chain_standard",5034.854,1.23200888822765,1.38518499510253
"future_h20_midpoint",1,,6540.0608818875,7284.69548650584,0.00496170627152216,0.0123552066827952,TRUE,"joint_ess1_x1",1,1,"M11","S05",190,"guard","one_chain_standard",5034.854,1.29895740410496,1.44685337181691
"future_h20_upper",1,,5739.82429492344,6124.2341952962,0.0043773976601518,0.0138276408535064,TRUE,"joint_ess1_x1",1,1,"M11","S05",190,"guard","one_chain_standard",5034.854,1.14001802136138,1.21636778252084
"future_h20_width",1,,5371.42908794013,6724.18153842851,0.0109177955779252,0.0137550617480684,TRUE,"joint_ess1_x1",1,1,"M11","S05",190,"guard","one_chain_standard",5034.854,1.06684902639483,1.33552661873185
"log_lambda",1,,464.716845011683,1283.69760671905,0.00512633986201901,0.0465500009082487,TRUE,"joint_ess1_x1",1,1,"M11","S05",190,"guard","one_chain_standard",5034.854,0.0922999644104244,0.254962230626558
"log_q_1",1,,111.582827269197,292.204895832523,0.0203416970670433,0.0958145802967633,FALSE,"joint_ess1_x1",1,1,"M11","S05",190,"guard","one_chain_standard",5034.854,0.0221620780402365,0.0580364188976528
"mean_lower",1,,3245.09596716751,5954.26627610648,0.000756066069015314,0.0175732852243309,TRUE,"joint_ess1_x1",1,1,"M11","S05",190,"guard","one_chain_standard",5034.854,0.644526329297237,1.18260952077389
"mean_midpoint",1,,170.44152920774,547.059726533427,0.00459832455094024,0.0776349906000085,FALSE,"joint_ess1_x1",1,1,"M11","S05",190,"guard","one_chain_standard",5034.854,0.0338523280332935,0.108654536265287
"mean_upper",1,,121.820589408099,350.227932618896,0.00993206553039065,0.0921393456294789,FALSE,"joint_ess1_x1",1,1,"M11","S05",190,"guard","one_chain_standard",5034.854,0.0241954561955717,0.0695606928460877
"mean_width",1,,123.7009355091,322.990620039848,0.0104348495099861,0.0918440317973607,FALSE,"joint_ess1_x1",1,1,"M11","S05",190,"guard","one_chain_standard",5034.854,0.0245689220599247,0.0641509406310189
"observed_loss",1,,274.184645879845,775.758296087039,0.137697156860823,0.0605338045391867,TRUE,"joint_ess1_x1",1,1,"M11","S05",190,"guard","one_chain_standard",5034.854,0.054457318102937,0.154077614978913
"terminal_lower",1,,6202.98487892855,6974.20421333197,0.00927810196017205,0.012657184307963,TRUE,"joint_ess1_x1",1,1,"M11","S05",190,"guard","one_chain_standard",5034.854,1.23200888822765,1.38518499510253
"terminal_midpoint",1,,6540.0608818875,7284.69548650584,0.00496170627152216,0.0123552066827952,TRUE,"joint_ess1_x1",1,1,"M11","S05",190,"guard","one_chain_standard",5034.854,1.29895740410496,1.44685337181691
"terminal_upper",1,,5739.82429492344,6124.2341952962,0.0043773976601518,0.0138276408535064,TRUE,"joint_ess1_x1",1,1,"M11","S05",190,"guard","one_chain_standard",5034.854,1.14001802136138,1.21636778252084
"terminal_width",1,,5371.42908794013,6724.18153842851,0.0109177955779252,0.0137550617480684,TRUE,"joint_ess1_x1",1,1,"M11","S05",190,"guard","one_chain_standard",5034.854,1.06684902639483,1.33552661873185
"training_t0001_lower",1,,7640.91495898823,8015.09667082218,0.00507842463847869,0.0116806579512267,TRUE,"joint_ess1_x1",1,1,"M11","S05",190,"guard","one_chain_standard",5034.854,1.51760407729563,1.59192236176504
"training_t0001_midpoint",1,,7898.90951948673,7197.73609032434,0.00460349298376661,0.0113082722085073,TRUE,"joint_ess1_x1",1,1,"M11","S05",190,"guard","one_chain_standard",5034.854,1.56884579363905,1.42958188863557
"training_t0001_upper",1,,6585.15979729822,7817.19318488505,0.00750797198188845,0.0126081471925884,TRUE,"joint_ess1_x1",1,1,"M11","S05",190,"guard","one_chain_standard",5034.854,1.30791474733889,1.55261566370843
"training_t0001_width",1,,5804.87710394032,6757.14759982535,0.00874947690029976,0.0134310643399085,TRUE,"joint_ess1_x1",1,1,"M11","S05",190,"guard","one_chain_standard",5034.854,1.15293851697394,1.34207418920695
"training_t0050_lower",1,,6080.06086200488,5869.74258018799,0.00235591423622567,0.0132575760163036,TRUE,"joint_ess1_x1",1,1,"M11","S05",190,"guard","one_chain_standard",5034.854,1.20759427423414,1.16582180539654
"training_t0050_midpoint",1,,4664.67339892525,6053.36423560668,0.00443755122786418,0.0147696518367521,TRUE,"joint_ess1_x1",1,1,"M11","S05",190,"guard","one_chain_standard",5034.854,0.926476398109111,1.20229191067043
"training_t0050_upper",1,,4677.80202726873,5136.58089747861,0.00838557271046315,0.0146833386649276,TRUE,"joint_ess1_x1",1,1,"M11","S05",190,"guard","one_chain_standard",5034.854,0.929083947075472,1.02020453770429
"training_t0050_width",1,,4865.62650940924,5048.38182039893,0.00859665995570856,0.0144410880196115,TRUE,"joint_ess1_x1",1,1,"M11","S05",190,"guard","one_chain_standard",5034.854,0.966388798842874,1.00268683469251
"training_t0100_lower",1,,5951.27329588885,6441.5395390314,0.00457397507110296,0.013389420598014,TRUE,"joint_ess1_x1",1,1,"M11","S05",190,"guard","one_chain_standard",5034.854,1.18201506853801,1.27938953920638
"training_t0100_midpoint",1,,6115.14975675344,7161.89370661261,0.00415222698350984,0.0128163422467546,TRUE,"joint_ess1_x1",1,1,"M11","S05",190,"guard","one_chain_standard",5034.854,1.21456347229799,1.42246303599123
"training_t0100_upper",1,,4769.67033682199,6634.61753205948,0.00763001782869558,0.0144713862293321,TRUE,"joint_ess1_x1",1,1,"M11","S05",190,"guard","one_chain_standard",5034.854,0.94733041649708,1.3177378196189
"training_t0100_width",1,,4179.41926787777,6337.71199029424,0.00948040129377093,0.0155956210099489,TRUE,"joint_ess1_x1",1,1,"M11","S05",190,"guard","one_chain_standard",5034.854,0.830097410546119,1.25876777962067
"training_t0150_lower",1,,5460.69364677762,6922.07184877028,0.00615588564614374,0.0136782726593328,TRUE,"joint_ess1_x1",1,1,"M11","S05",190,"guard","one_chain_standard",5034.854,1.08457835058924,1.37483069991112
"training_t0150_midpoint",1,,3245.98168144516,7004.60986796052,0.00681520372269496,0.0174560687329546,TRUE,"joint_ess1_x1",1,1,"M11","S05",190,"guard","one_chain_standard",5034.854,0.644702245873497,1.39122402912985
"training_t0150_upper",1,,1205.29263361771,4709.76478582074,0.0161608482928507,0.0289659708948942,TRUE,"joint_ess1_x1",1,1,"M11","S05",190,"guard","one_chain_standard",5034.854,0.239389788386656,0.93543224606329
"training_t0150_width",1,,1247.62166530112,5125.95752318199,0.0184156146600425,0.0284859742278601,TRUE,"joint_ess1_x1",1,1,"M11","S05",190,"guard","one_chain_standard",5034.854,0.2477969898037,1.01809457100087
"training_t0200_lower",1,,6202.98487892855,6974.20421333197,0.00927810196017205,0.012657184307963,TRUE,"joint_ess1_x1",1,1,"M11","S05",190,"guard","one_chain_standard",5034.854,1.23200888822765,1.38518499510253
"training_t0200_midpoint",1,,6540.0608818875,7284.69548650584,0.00496170627152216,0.0123552066827952,TRUE,"joint_ess1_x1",1,1,"M11","S05",190,"guard","one_chain_standard",5034.854,1.29895740410496,1.44685337181691
"training_t0200_upper",1,,5739.82429492344,6124.2341952962,0.0043773976601518,0.0138276408535064,TRUE,"joint_ess1_x1",1,1,"M11","S05",190,"guard","one_chain_standard",5034.854,1.14001802136138,1.21636778252084
"training_t0200_width",1,,5371.42908794013,6724.18153842851,0.0109177955779252,0.0137550617480684,TRUE,"joint_ess1_x1",1,1,"M11","S05",190,"guard","one_chain_standard",5034.854,1.06684902639483,1.33552661873185
"future_h01_lower",4,1.00004066890739,28210.242100343,31482.2713199379,0.00235761449359113,0.00604629849766607,TRUE,"joint_ess1_x1",1,1,"M11","S05",74,"hard","four_chain_sentinel",20177.915,1.39807517775464,1.56023411338277
"future_h01_midpoint",4,1.00000401244627,23487.8393267555,25905.9978994942,0.0023680606323769,0.00656862813441579,TRUE,"joint_ess1_x1",1,1,"M11","S05",74,"hard","four_chain_sentinel",20177.915,1.16403698433438,1.28387882987386
"future_h01_upper",4,0.999974137735606,19982.5943359422,24849.8050518214,0.00389693458771331,0.00730212124105296,TRUE,"joint_ess1_x1",1,1,"M11","S05",74,"hard","four_chain_sentinel",20177.915,0.990320076972383,1.23153482665684
"future_h01_width",4,1.00000228902645,19598.2360043758,24015.290981422,0.00438138987138204,0.00736576251112868,TRUE,"joint_ess1_x1",1,1,"M11","S05",74,"hard","four_chain_sentinel",20177.915,0.97127161078713,1.19017703174099
"future_h05_lower",4,1.00004066890739,28210.242100343,31482.2713199379,0.00235761449359113,0.00604629849766607,TRUE,"joint_ess1_x1",1,1,"M11","S05",74,"hard","four_chain_sentinel",20177.915,1.39807517775464,1.56023411338277
"future_h05_midpoint",4,1.00000401244627,23487.8393267555,25905.9978994942,0.0023680606323769,0.00656862813441579,TRUE,"joint_ess1_x1",1,1,"M11","S05",74,"hard","four_chain_sentinel",20177.915,1.16403698433438,1.28387882987386
"future_h05_upper",4,0.999974137735606,19982.5943359422,24849.8050518214,0.00389693458771331,0.00730212124105296,TRUE,"joint_ess1_x1",1,1,"M11","S05",74,"hard","four_chain_sentinel",20177.915,0.990320076972383,1.23153482665684
"future_h05_width",4,1.00000228902645,19598.2360043758,24015.290981422,0.00438138987138204,0.00736576251112868,TRUE,"joint_ess1_x1",1,1,"M11","S05",74,"hard","four_chain_sentinel",20177.915,0.97127161078713,1.19017703174099
"future_h10_lower",4,1.00004066890739,28210.242100343,31482.2713199379,0.00235761449359113,0.00604629849766607,TRUE,"joint_ess1_x1",1,1,"M11","S05",74,"hard","four_chain_sentinel",20177.915,1.39807517775464,1.56023411338277
"future_h10_midpoint",4,1.00000401244627,23487.8393267555,25905.9978994942,0.0023680606323769,0.00656862813441579,TRUE,"joint_ess1_x1",1,1,"M11","S05",74,"hard","four_chain_sentinel",20177.915,1.16403698433438,1.28387882987386
"future_h10_upper",4,0.999974137735606,19982.5943359422,24849.8050518214,0.00389693458771331,0.00730212124105296,TRUE,"joint_ess1_x1",1,1,"M11","S05",74,"hard","four_chain_sentinel",20177.915,0.990320076972383,1.23153482665684
"future_h10_width",4,1.00000228902645,19598.2360043758,24015.290981422,0.00438138987138204,0.00736576251112868,TRUE,"joint_ess1_x1",1,1,"M11","S05",74,"hard","four_chain_sentinel",20177.915,0.97127161078713,1.19017703174099
"future_h20_lower",4,1.00004066890739,28210.242100343,31482.2713199379,0.00235761449359113,0.00604629849766607,TRUE,"joint_ess1_x1",1,1,"M11","S05",74,"hard","four_chain_sentinel",20177.915,1.39807517775464,1.56023411338277
"future_h20_midpoint",4,1.00000401244627,23487.8393267555,25905.9978994942,0.0023680606323769,0.00656862813441579,TRUE,"joint_ess1_x1",1,1,"M11","S05",74,"hard","four_chain_sentinel",20177.915,1.16403698433438,1.28387882987386
"future_h20_upper",4,0.999974137735606,19982.5943359422,24849.8050518214,0.00389693458771331,0.00730212124105296,TRUE,"joint_ess1_x1",1,1,"M11","S05",74,"hard","four_chain_sentinel",20177.915,0.990320076972383,1.23153482665684
"future_h20_width",4,1.00000228902645,19598.2360043758,24015.290981422,0.00438138987138204,0.00736576251112868,TRUE,"joint_ess1_x1",1,1,"M11","S05",74,"hard","four_chain_sentinel",20177.915,0.97127161078713,1.19017703174099
"log_lambda",4,1.00001799774494,5477.63067130842,11233.9834897468,0.00142442438186122,0.0135302105227069,TRUE,"joint_ess1_x1",1,1,"M11","S05",74,"hard","four_chain_sentinel",20177.915,0.271466634253758,0.556746496838093
"log_q_1",4,1.00006718997845,3952.12243673508,8840.18468189517,0.00344365263029726,0.0159118135038339,TRUE,"joint_ess1_x1",1,1,"M11","S05",74,"hard","four_chain_sentinel",20177.915,0.195863766733832,0.43811190015892
"mean_lower",4,1.00008686134161,12325.5193562928,23495.9650500321,0.000313295028500904,0.00900949889606101,TRUE,"joint_ess1_x1",1,1,"M11","S05",74,"hard","four_chain_sentinel",20177.915,0.610842069475107,1.16443968814578
"mean_midpoint",4,1.00016467907486,4754.74828497597,10581.3003489888,0.000775085335892598,0.0145259294860978,TRUE,"joint_ess1_x1",1,1,"M11","S05",74,"hard","four_chain_sentinel",20177.915,0.235641208964156,0.524400085389833
"mean_upper",4,1.00009159750623,3465.11534777877,8170.95755920357,0.00169785557115776,0.0170005911025107,TRUE,"joint_ess1_x1",1,1,"M11","S05",74,"hard","four_chain_sentinel",20177.915,0.171728116992205,0.404945583287647
"mean_width",4,1.00002059679283,3180.82197370924,7854.07817414053,0.00185801543775369,0.0177332177618936,TRUE,"joint_ess1_x1",1,1,"M11","S05",74,"hard","four_chain_sentinel",20177.915,0.157638783477343,0.389241315276654
"observed_loss",4,1.0000974136036,3734.50206329767,7590.87732792641,0.0388917145959799,0.0163951039652633,TRUE,"joint_ess1_x1",1,1,"M11","S05",74,"hard","four_chain_sentinel",20177.915,0.185078689413533,0.376197309183154
"terminal_lower",4,1.00004066890739,28210.242100343,31482.2713199379,0.00235761449359113,0.00604629849766607,TRUE,"joint_ess1_x1",1,1,"M11","S05",74,"hard","four_chain_sentinel",20177.915,1.39807517775464,1.56023411338277
"terminal_midpoint",4,1.00000401244627,23487.8393267555,25905.9978994942,0.0023680606323769,0.00656862813441579,TRUE,"joint_ess1_x1",1,1,"M11","S05",74,"hard","four_chain_sentinel",20177.915,1.16403698433438,1.28387882987386
"terminal_upper",4,0.999974137735606,19982.5943359422,24849.8050518214,0.00389693458771331,0.00730212124105296,TRUE,"joint_ess1_x1",1,1,"M11","S05",74,"hard","four_chain_sentinel",20177.915,0.990320076972383,1.23153482665684
"terminal_width",4,1.00000228902645,19598.2360043758,24015.290981422,0.00438138987138204,0.00736576251112868,TRUE,"joint_ess1_x1",1,1,"M11","S05",74,"hard","four_chain_sentinel",20177.915,0.97127161078713,1.19017703174099
"training_t0001_lower",4,1.00012394838242,22881.4519577889,25738.1516664796,0.00131880108537564,0.00684367267796921,TRUE,"joint_ess1_x1",1,1,"M11","S05",74,"hard","four_chain_sentinel",20177.915,1.13398495125928,1.27556051586497
"training_t0001_midpoint",4,1.0000629634252,13921.1742906874,23859.4637458331,0.00299457495065345,0.00849588808474323,TRUE,"joint_ess1_x1",1,1,"M11","S05",74,"hard","four_chain_sentinel",20177.915,0.689921346714336,1.18245436884005
"training_t0001_upper",4,1.00015734791249,13577.0922086618,21753.6375132458,0.00572195365796118,0.00858864277583954,TRUE,"joint_ess1_x1",1,1,"M11","S05",74,"hard","four_chain_sentinel",20177.915,0.672868936590416,1.07809144370198
"training_t0001_width",4,1.00024494437944,14324.472273513,22988.6546088232,0.00570781466114274,0.00837010971976045,TRUE,"joint_ess1_x1",1,1,"M11","S05",74,"hard","four_chain_sentinel",20177.915,0.709908445620521,1.1392978218425
"training_t0050_lower",4,1.00005222614039,27501.8513413789,31704.3882738726,0.00165637264900196,0.00603544231208793,TRUE,"joint_ess1_x1",1,1,"M11","S05",74,"hard","four_chain_sentinel",20177.915,1.36296794497246,1.57124203733996
"training_t0050_midpoint",4,0.999979839439134,13804.2764610942,22679.4638250351,0.00176825227686116,0.00858687968383997,TRUE,"joint_ess1_x1",1,1,"M11","S05",74,"hard","four_chain_sentinel",20177.915,0.68412799147455,1.12397459425491
"training_t0050_upper",4,0.999975901508603,9056.85313659603,16046.0943054623,0.00307847734783379,0.0108383570037458,TRUE,"joint_ess1_x1",1,1,"M11","S05",74,"hard","four_chain_sentinel",20177.915,0.448849801210682,0.795230543168722
"training_t0050_width",4,0.99999118389009,12191.4200120578,18378.1319482664,0.00344581858534823,0.0091324369772404,TRUE,"joint_ess1_x1",1,1,"M11","S05",74,"hard","four_chain_sentinel",20177.915,0.604196222060495,0.910804309972879
"training_t0100_lower",4,1.00006732513158,22653.3234881748,27477.4149198693,0.00232441678978611,0.00664079458803587,TRUE,"joint_ess1_x1",1,1,"M11","S05",74,"hard","four_chain_sentinel",20177.915,1.122679101789,1.3617568970763
"training_t0100_midpoint",4,0.999999523547,26724.5842238876,32011.8616395471,0.00138283489488137,0.00612547778799333,TRUE,"joint_ess1_x1",1,1,"M11","S05",74,"hard","four_chain_sentinel",20177.915,1.32444725948581,1.58648015117256
"training_t0100_upper",4,1.00021824963793,19463.3991930507,26599.2908221415,0.00210046850603597,0.00722899081501999,TRUE,"joint_ess1_x1",1,1,"M11","S05",74,"hard","four_chain_sentinel",20177.915,0.964589215141936,1.31823782695791
"training_t0100_width",4,1.00017542861536,16171.4916523894,24210.2635025156,0.00362361387114961,0.00790686823824205,TRUE,"joint_ess1_x1",1,1,"M11","S05",74,"hard","four_chain_sentinel",20177.915,0.801445127129805,1.19983970110468
"training_t0150_lower",4,1.00017997002414,20561.7817555267,28573.4462789612,0.002044966538592,0.00700121284693746,TRUE,"joint_ess1_x1",1,1,"M11","S05",74,"hard","four_chain_sentinel",20177.915,1.01902410410227,1.41607526243228
"training_t0150_midpoint",4,1.0001742849988,16685.8089819199,27760.4651361856,0.00241894011711943,0.00774419419653086,TRUE,"joint_ess1_x1",1,1,"M11","S05",74,"hard","four_chain_sentinel",20177.915,0.826934248752654,1.37578462076907
"training_t0150_upper",4,1.00005786974151,13217.5201385369,22324.2783027384,0.00433316726787546,0.00865358607173839,TRUE,"joint_ess1_x1",1,1,"M11","S05",74,"hard","four_chain_sentinel",20177.915,0.6550488560655,1.10637190724306
"training_t0150_width",4,1.00000727592623,12423.6798107759,22237.5514024933,0.00476886731281099,0.0089828274381655,TRUE,"joint_ess1_x1",1,1,"M11","S05",74,"hard","four_chain_sentinel",20177.915,0.615706816624805,1.10207379714372
"training_t0200_lower",4,1.00004066890739,28210.242100343,31482.2713199379,0.00235761449359113,0.00604629849766607,TRUE,"joint_ess1_x1",1,1,"M11","S05",74,"hard","four_chain_sentinel",20177.915,1.39807517775464,1.56023411338277
"training_t0200_midpoint",4,1.00000401244627,23487.8393267555,25905.9978994942,0.0023680606323769,0.00656862813441579,TRUE,"joint_ess1_x1",1,1,"M11","S05",74,"hard","four_chain_sentinel",20177.915,1.16403698433438,1.28387882987386
"training_t0200_upper",4,0.999974137735606,19982.5943359422,24849.8050518214,0.00389693458771331,0.00730212124105296,TRUE,"joint_ess1_x1",1,1,"M11","S05",74,"hard","four_chain_sentinel",20177.915,0.990320076972383,1.23153482665684
"training_t0200_width",4,1.00000228902645,19598.2360043758,24015.290981422,0.00438138987138204,0.00736576251112868,TRUE,"joint_ess1_x1",1,1,"M11","S05",74,"hard","four_chain_sentinel",20177.915,0.97127161078713,1.19017703174099
"future_h01_lower",1,,5768.32903938579,6343.20410199642,0.011158847115246,0.0131129864518173,TRUE,"joint_ess1_x1",1,1,"M11","S05",172,"hard","one_chain_standard",4899.888,1.17723691631029,1.29456103935364
"future_h01_midpoint",1,,5826.94575591652,6587.04146923223,0.00579082309292157,0.0130968462319378,TRUE,"joint_ess1_x1",1,1,"M11","S05",172,"hard","one_chain_standard",4899.888,1.18919978495764,1.34432490482073
"future_h01_upper",1,,5257.72043358277,5661.16127606584,0.00266013454609704,0.0144392357641209,TRUE,"joint_ess1_x1",1,1,"M11","S05",172,"hard","one_chain_standard",4899.888,1.07302869648914,1.15536544428482
"future_h01_width",1,,5744.95801895748,6995.39182238602,0.0113093776260506,0.0131986802928074,TRUE,"joint_ess1_x1",1,1,"M11","S05",172,"hard","one_chain_standard",4899.888,1.17246721128268,1.42766361647165
"future_h05_lower",1,,5768.32903938579,6343.20410199642,0.011158847115246,0.0131129864518173,TRUE,"joint_ess1_x1",1,1,"M11","S05",172,"hard","one_chain_standard",4899.888,1.17723691631029,1.29456103935364
"future_h05_midpoint",1,,5826.94575591652,6587.04146923223,0.00579082309292157,0.0130968462319378,TRUE,"joint_ess1_x1",1,1,"M11","S05",172,"hard","one_chain_standard",4899.888,1.18919978495764,1.34432490482073
"future_h05_upper",1,,5257.72043358277,5661.16127606584,0.00266013454609704,0.0144392357641209,TRUE,"joint_ess1_x1",1,1,"M11","S05",172,"hard","one_chain_standard",4899.888,1.07302869648914,1.15536544428482
"future_h05_width",1,,5744.95801895748,6995.39182238602,0.0113093776260506,0.0131986802928074,TRUE,"joint_ess1_x1",1,1,"M11","S05",172,"hard","one_chain_standard",4899.888,1.17246721128268,1.42766361647165
"future_h10_lower",1,,5768.32903938579,6343.20410199642,0.011158847115246,0.0131129864518173,TRUE,"joint_ess1_x1",1,1,"M11","S05",172,"hard","one_chain_standard",4899.888,1.17723691631029,1.29456103935364
"future_h10_midpoint",1,,5826.94575591652,6587.04146923223,0.00579082309292157,0.0130968462319378,TRUE,"joint_ess1_x1",1,1,"M11","S05",172,"hard","one_chain_standard",4899.888,1.18919978495764,1.34432490482073
"future_h10_upper",1,,5257.72043358277,5661.16127606584,0.00266013454609704,0.0144392357641209,TRUE,"joint_ess1_x1",1,1,"M11","S05",172,"hard","one_chain_standard",4899.888,1.07302869648914,1.15536544428482
"future_h10_width",1,,5744.95801895748,6995.39182238602,0.0113093776260506,0.0131986802928074,TRUE,"joint_ess1_x1",1,1,"M11","S05",172,"hard","one_chain_standard",4899.888,1.17246721128268,1.42766361647165
"future_h20_lower",1,,5768.32903938579,6343.20410199642,0.011158847115246,0.0131129864518173,TRUE,"joint_ess1_x1",1,1,"M11","S05",172,"hard","one_chain_standard",4899.888,1.17723691631029,1.29456103935364
"future_h20_midpoint",1,,5826.94575591652,6587.04146923223,0.00579082309292157,0.0130968462319378,TRUE,"joint_ess1_x1",1,1,"M11","S05",172,"hard","one_chain_standard",4899.888,1.18919978495764,1.34432490482073
"future_h20_upper",1,,5257.72043358277,5661.16127606584,0.00266013454609704,0.0144392357641209,TRUE,"joint_ess1_x1",1,1,"M11","S05",172,"hard","one_chain_standard",4899.888,1.07302869648914,1.15536544428482
"future_h20_width",1,,5744.95801895748,6995.39182238602,0.0113093776260506,0.0131986802928074,TRUE,"joint_ess1_x1",1,1,"M11","S05",172,"hard","one_chain_standard",4899.888,1.17246721128268,1.42766361647165
"log_lambda",1,,342.831053767707,1443.44650238035,0.00670145691624659,0.0544776856259315,TRUE,"joint_ess1_x1",1,1,"M11","S05",172,"hard","one_chain_standard",4899.888,0.0699671204255499,0.294587652285185
"log_q_1",1,,101.936030305873,381.522864173376,0.0221858280335645,0.103370299920769,FALSE,"joint_ess1_x1",1,1,"M11","S05",172,"hard","one_chain_standard",4899.888,0.0208037470052118,0.0778635887541462
"mean_lower",1,,3063.71498704776,6238.18211986375,0.000706318268534411,0.0180032148262798,TRUE,"joint_ess1_x1",1,1,"M11","S05",172,"hard","one_chain_standard",4899.888,0.625262248248891,1.27312749186589
"mean_midpoint",1,,175.201252102933,591.332570596715,0.0051419506534062,0.0781194042865515,FALSE,"joint_ess1_x1",1,1,"M11","S05",172,"hard","one_chain_standard",4899.888,0.0357561748560239,0.120682874914021
"mean_upper",1,,122.128862444309,451.947874465802,0.0116262183290936,0.0953671977308988,FALSE,"joint_ess1_x1",1,1,"M11","S05",172,"hard","one_chain_standard",4899.888,0.0249248273520352,0.0922363683549097
"mean_width",1,,109.971607418185,431.649405032138,0.0126971399066881,0.102076218281697,FALSE,"joint_ess1_x1",1,1,"M11","S05",172,"hard","one_chain_standard",4899.888,0.0224436981862004,0.0880937288836271
"observed_loss",1,,217.978352988203,950.372816493573,0.122340092566676,0.0700096182843714,TRUE,"joint_ess1_x1",1,1,"M11","S05",172,"hard","one_chain_standard",4899.888,0.0444863949927433,0.193958069346396
"terminal_lower",1,,5768.32903938579,6343.20410199642,0.011158847115246,0.0131129864518173,TRUE,"joint_ess1_x1",1,1,"M11","S05",172,"hard","one_chain_standard",4899.888,1.17723691631029,1.29456103935364
"terminal_midpoint",1,,5826.94575591652,6587.04146923223,0.00579082309292157,0.0130968462319378,TRUE,"joint_ess1_x1",1,1,"M11","S05",172,"hard","one_chain_standard",4899.888,1.18919978495764,1.34432490482073
"terminal_upper",1,,5257.72043358277,5661.16127606584,0.00266013454609704,0.0144392357641209,TRUE,"joint_ess1_x1",1,1,"M11","S05",172,"hard","one_chain_standard",4899.888,1.07302869648914,1.15536544428482
"terminal_width",1,,5744.95801895748,6995.39182238602,0.0113093776260506,0.0131986802928074,TRUE,"joint_ess1_x1",1,1,"M11","S05",172,"hard","one_chain_standard",4899.888,1.17246721128268,1.42766361647165
"training_t0001_lower",1,,7346.63216363632,8506.26330372919,0.00609529460482823,0.0118182761136971,TRUE,"joint_ess1_x1",1,1,"M11","S05",172,"hard","one_chain_standard",4899.888,1.49934695724399,1.7360117830712
"training_t0001_midpoint",1,,8009.50927359306,8111.94081100329,0.00428388259559395,0.0111905787827368,TRUE,"joint_ess1_x1",1,1,"M11","S05",172,"hard","one_chain_standard",4899.888,1.6346310923011,1.65553596551662
"training_t0001_upper",1,,7514.7040468659,8180.71406246854,0.00517331775355709,0.0117881123859377,TRUE,"joint_ess1_x1",1,1,"M11","S05",172,"hard","one_chain_standard",4899.888,1.53364812560326,1.66957164377401
"training_t0001_width",1,,6345.87071056519,7065.82558960698,0.00734507812858488,0.0127665226505767,TRUE,"joint_ess1_x1",1,1,"M11","S05",172,"hard","one_chain_standard",4899.888,1.29510525762327,1.44203818324153
"training_t0050_lower",1,,6828.16715311517,8111.2511226236,0.00510498358137698,0.0123825579926187,TRUE,"joint_ess1_x1",1,1,"M11","S05",172,"hard","one_chain_standard",4899.888,1.39353535287239,1.65539520956879
"training_t0050_midpoint",1,,7763.85506159971,8359.44317949661,0.00356292731447331,0.0113230075050628,TRUE,"joint_ess1_x1",1,1,"M11","S05",172,"hard","one_chain_standard",4899.888,1.58449643371434,1.70604780752062
"training_t0050_upper",1,,6546.63832043911,7261.2167512004,0.00498608698564342,0.0127273099686299,TRUE,"joint_ess1_x1",1,1,"M11","S05",172,"hard","one_chain_standard",4899.888,1.3360791757769,1.48191484197198
"training_t0050_width",1,,4965.39132464323,6330.43478303138,0.00730857168235148,0.0145925734715345,TRUE,"joint_ess1_x1",1,1,"M11","S05",172,"hard","one_chain_standard",4899.888,1.01336833099925,1.29195499632469
"training_t0100_lower",1,,6495.72690180225,7294.48215468028,0.00425443447547956,0.012741145164256,TRUE,"joint_ess1_x1",1,1,"M11","S05",172,"hard","one_chain_standard",4899.888,1.32568885284771,1.48870385500246
"training_t0100_midpoint",1,,537.269908482655,2081.96330280205,0.0229877615985176,0.0512861706427904,TRUE,"joint_ess1_x1",1,1,"M11","S05",172,"hard","one_chain_standard",4899.888,0.109649426371104,0.424900181963761
"training_t0100_upper",1,,292.843482707266,2256.46624822961,0.0521373328537278,0.0693350389855365,TRUE,"joint_ess1_x1",1,1,"M11","S05",172,"hard","one_chain_standard",4899.888,0.0597653421276703,0.460513841995901
"training_t0100_width",1,,249.949025588313,2695.20849517171,0.0519076756085312,0.0699753457555648,TRUE,"joint_ess1_x1",1,1,"M11","S05",172,"hard","one_chain_standard",4899.888,0.0510111711917319,0.550055122723562
"training_t0150_lower",1,,7129.9429990785,7523.4681044989,0.00352901690913184,0.012099238561811,TRUE,"joint_ess1_x1",1,1,"M11","S05",172,"hard","one_chain_standard",4899.888,1.45512366794476,1.5354367496765
"training_t0150_midpoint",1,,7024.17902454288,8286.42595919908,0.00366680238260048,0.0119266681014388,TRUE,"joint_ess1_x1",1,1,"M11","S05",172,"hard","one_chain_standard",4899.888,1.43353868997473,1.69114599337762
"training_t0150_upper",1,,6721.30961252689,7983.84441862036,0.00618728597033913,0.0122782781820586,TRUE,"joint_ess1_x1",1,1,"M11","S05",172,"hard","one_chain_standard",4899.888,1.37172719305561,1.62939324707429
"training_t0150_width",1,,6152.6568760276,6443.57688728399,0.00710970746816235,0.0129820509646064,TRUE,"joint_ess1_x1",1,1,"M11","S05",172,"hard","one_chain_standard",4899.888,1.25567296151006,1.31504574947101
"training_t0200_lower",1,,5768.32903938579,6343.20410199642,0.011158847115246,0.0131129864518173,TRUE,"joint_ess1_x1",1,1,"M11","S05",172,"hard","one_chain_standard",4899.888,1.17723691631029,1.29456103935364
"training_t0200_midpoint",1,,5826.94575591652,6587.04146923223,0.00579082309292157,0.0130968462319378,TRUE,"joint_ess1_x1",1,1,"M11","S05",172,"hard","one_chain_standard",4899.888,1.18919978495764,1.34432490482073
"training_t0200_upper",1,,5257.72043358277,5661.16127606584,0.00266013454609704,0.0144392357641209,TRUE,"joint_ess1_x1",1,1,"M11","S05",172,"hard","one_chain_standard",4899.888,1.07302869648914,1.15536544428482
"training_t0200_width",1,,5744.95801895748,6995.39182238602,0.0113093776260506,0.0131986802928074,TRUE,"joint_ess1_x1",1,1,"M11","S05",172,"hard","one_chain_standard",4899.888,1.17246721128268,1.42766361647165
"future_h01_lower",1,,7138.39999042397,8676.23253211193,0.00859160044930106,0.0118292416907005,TRUE,"joint_ess1_x2",2,2,"M11","S05",190,"guard","one_chain_standard",8959.192,0.796768278927829,0.968416854121659
"future_h01_midpoint",1,,7335.91487614818,8251.30287397029,0.00465386722565834,0.01167692496899,TRUE,"joint_ess1_x2",2,2,"M11","S05",190,"guard","one_chain_standard",8959.192,0.818814339077473,0.920987391940065
"future_h01_upper",1,,7810.61524814625,7867.96355243308,0.00363729211659566,0.011466616897364,TRUE,"joint_ess1_x2",2,2,"M11","S05",190,"guard","one_chain_standard",8959.192,0.871799069396688,0.878200127024075
"future_h01_width",1,,7344.44403104559,8424.44465132251,0.00921779253496406,0.0116981844590978,TRUE,"joint_ess1_x2",2,2,"M11","S05",190,"guard","one_chain_standard",8959.192,0.8197663395366,0.940312993774719
"future_h05_lower",1,,7138.39999042397,8676.23253211193,0.00859160044930106,0.0118292416907005,TRUE,"joint_ess1_x2",2,2,"M11","S05",190,"guard","one_chain_standard",8959.192,0.796768278927829,0.968416854121659
"future_h05_midpoint",1,,7335.91487614818,8251.30287397029,0.00465386722565834,0.01167692496899,TRUE,"joint_ess1_x2",2,2,"M11","S05",190,"guard","one_chain_standard",8959.192,0.818814339077473,0.920987391940065
"future_h05_upper",1,,7810.61524814625,7867.96355243308,0.00363729211659566,0.011466616897364,TRUE,"joint_ess1_x2",2,2,"M11","S05",190,"guard","one_chain_standard",8959.192,0.871799069396688,0.878200127024075
"future_h05_width",1,,7344.44403104559,8424.44465132251,0.00921779253496406,0.0116981844590978,TRUE,"joint_ess1_x2",2,2,"M11","S05",190,"guard","one_chain_standard",8959.192,0.8197663395366,0.940312993774719
"future_h10_lower",1,,7138.39999042397,8676.23253211193,0.00859160044930106,0.0118292416907005,TRUE,"joint_ess1_x2",2,2,"M11","S05",190,"guard","one_chain_standard",8959.192,0.796768278927829,0.968416854121659
"future_h10_midpoint",1,,7335.91487614818,8251.30287397029,0.00465386722565834,0.01167692496899,TRUE,"joint_ess1_x2",2,2,"M11","S05",190,"guard","one_chain_standard",8959.192,0.818814339077473,0.920987391940065
"future_h10_upper",1,,7810.61524814625,7867.96355243308,0.00363729211659566,0.011466616897364,TRUE,"joint_ess1_x2",2,2,"M11","S05",190,"guard","one_chain_standard",8959.192,0.871799069396688,0.878200127024075
"future_h10_width",1,,7344.44403104559,8424.44465132251,0.00921779253496406,0.0116981844590978,TRUE,"joint_ess1_x2",2,2,"M11","S05",190,"guard","one_chain_standard",8959.192,0.8197663395366,0.940312993774719
"future_h20_lower",1,,7138.39999042397,8676.23253211193,0.00859160044930106,0.0118292416907005,TRUE,"joint_ess1_x2",2,2,"M11","S05",190,"guard","one_chain_standard",8959.192,0.796768278927829,0.968416854121659
"future_h20_midpoint",1,,7335.91487614818,8251.30287397029,0.00465386722565834,0.01167692496899,TRUE,"joint_ess1_x2",2,2,"M11","S05",190,"guard","one_chain_standard",8959.192,0.818814339077473,0.920987391940065
"future_h20_upper",1,,7810.61524814625,7867.96355243308,0.00363729211659566,0.011466616897364,TRUE,"joint_ess1_x2",2,2,"M11","S05",190,"guard","one_chain_standard",8959.192,0.871799069396688,0.878200127024075
"future_h20_width",1,,7344.44403104559,8424.44465132251,0.00921779253496406,0.0116981844590978,TRUE,"joint_ess1_x2",2,2,"M11","S05",190,"guard","one_chain_standard",8959.192,0.8197663395366,0.940312993774719
"log_lambda",1,,880.045274113144,2009.89528995019,0.00370517165362648,0.0340651348907983,TRUE,"joint_ess1_x2",2,2,"M11","S05",190,"guard","one_chain_standard",8959.192,0.0982281967071522,0.224338901315006
"log_q_1",1,,263.52784866446,717.033334781243,0.0133630386643621,0.0629820264314292,TRUE,"joint_ess1_x2",2,2,"M11","S05",190,"guard","one_chain_standard",8959.192,0.0294142427871241,0.0800332591132373
"mean_lower",1,,5098.12999480785,7239.5436898636,0.000597636922086896,0.0139914219902295,TRUE,"joint_ess1_x2",2,2,"M11","S05",190,"guard","one_chain_standard",8959.192,0.569039037762317,0.808057656300211
"mean_midpoint",1,,383.290276824335,1091.27453262192,0.00306158429000005,0.0521421276097927,TRUE,"joint_ess1_x2",2,2,"M11","S05",190,"guard","one_chain_standard",8959.192,0.0427817906820543,0.12180501686111
"mean_upper",1,,280.399671322807,689.420778159389,0.00657815000223837,0.0615768257485408,TRUE,"joint_ess1_x2",2,2,"M11","S05",190,"guard","one_chain_standard",8959.192,0.0312974285318148,0.0769512226280438
"mean_width",1,,276.55879453999,632.611519234283,0.00696096489553538,0.0618092021268054,TRUE,"joint_ess1_x2",2,2,"M11","S05",190,"guard","one_chain_standard",8959.192,0.0308687205877483,0.0706103317390991
"observed_loss",1,,598.364977644037,1227.50972360452,0.0965389659519852,0.0422763275104325,TRUE,"joint_ess1_x2",2,2,"M11","S05",190,"guard","one_chain_standard",8959.192,0.0667878283715805,0.137011208555919
"terminal_lower",1,,7138.39999042397,8676.23253211193,0.00859160044930106,0.0118292416907005,TRUE,"joint_ess1_x2",2,2,"M11","S05",190,"guard","one_chain_standard",8959.192,0.796768278927829,0.968416854121659
"terminal_midpoint",1,,7335.91487614818,8251.30287397029,0.00465386722565834,0.01167692496899,TRUE,"joint_ess1_x2",2,2,"M11","S05",190,"guard","one_chain_standard",8959.192,0.818814339077473,0.920987391940065
"terminal_upper",1,,7810.61524814625,7867.96355243308,0.00363729211659566,0.011466616897364,TRUE,"joint_ess1_x2",2,2,"M11","S05",190,"guard","one_chain_standard",8959.192,0.871799069396688,0.878200127024075
"terminal_width",1,,7344.44403104559,8424.44465132251,0.00921779253496406,0.0116981844590978,TRUE,"joint_ess1_x2",2,2,"M11","S05",190,"guard","one_chain_standard",8959.192,0.8197663395366,0.940312993774719
"training_t0001_lower",1,,8678.01540540825,8155.00831799887,0.00478699569133267,0.010919683050208,TRUE,"joint_ess1_x2",2,2,"M11","S05",190,"guard","one_chain_standard",8959.192,0.968615853461813,0.910239262424432
"training_t0001_midpoint",1,,8704.33840832189,8720.30976801725,0.00439242730900979,0.0107259796187477,TRUE,"joint_ess1_x2",2,2,"M11","S05",190,"guard","one_chain_standard",8959.192,0.971553953562095,0.973336632144646
"training_t0001_upper",1,,8315.31410464328,8339.27647820227,0.00658389053564758,0.011007621670151,TRUE,"joint_ess1_x2",2,2,"M11","S05",190,"guard","one_chain_standard",8959.192,0.928132146810034,0.930806760051829
"training_t0001_width",1,,8084.63836532555,8475.32557358357,0.00736674777303081,0.0112465844734191,TRUE,"joint_ess1_x2",2,2,"M11","S05",190,"guard","one_chain_standard",8959.192,0.902384764756191,0.945992180275138
"training_t0050_lower",1,,7818.10061100488,7484.70942294751,0.00207517494789251,0.0115965545302295,TRUE,"joint_ess1_x2",2,2,"M11","S05",190,"guard","one_chain_standard",8959.192,0.872634564702362,0.835422371007063
"training_t0050_midpoint",1,,7024.40454011267,8000.43283810518,0.00355112785797088,0.0119187946581588,TRUE,"joint_ess1_x2",2,2,"M11","S05",190,"guard","one_chain_standard",8959.192,0.784044425000901,0.892985978881263
"training_t0050_upper",1,,6924.35846360754,7862.36731766683,0.00677105912714878,0.0120119138459746,TRUE,"joint_ess1_x2",2,2,"M11","S05",190,"guard","one_chain_standard",8959.192,0.772877561236274,0.877575490922265
"training_t0050_width",1,,6887.70381926986,7807.30312901007,0.00708244556325971,0.0120672676823133,TRUE,"joint_ess1_x2",2,2,"M11","S05",190,"guard","one_chain_standard",8959.192,0.768786272162697,0.871429379905026
"training_t0100_lower",1,,8079.438265356,8188.39161317382,0.00379791355890954,0.0112105657667054,TRUE,"joint_ess1_x2",2,2,"M11","S05",190,"guard","one_chain_standard",8959.192,0.901804344114514,0.913965412636968
"training_t0100_midpoint",1,,7952.78359658557,8222.70248544005,0.00365188278488852,0.0112120352569466,TRUE,"joint_ess1_x2",2,2,"M11","S05",190,"guard","one_chain_standard",8959.192,0.887667503563443,0.91779509641495
"training_t0100_upper",1,,6512.16167946383,7545.59797829878,0.00650055079038653,0.0123053891280199,TRUE,"joint_ess1_x2",2,2,"M11","S05",190,"guard","one_chain_standard",8959.192,0.726869306904443,0.842218581575077
"training_t0100_width",1,,6317.53015168288,7976.52016127947,0.00760371095649865,0.0126146697450613,TRUE,"joint_ess1_x2",2,2,"M11","S05",190,"guard","one_chain_standard",8959.192,0.705145079119064,0.8903169126501
"training_t0150_lower",1,,7150.7931819107,8007.95704886994,0.00527896545022128,0.0118074617388514,TRUE,"joint_ess1_x2",2,2,"M11","S05",190,"guard","one_chain_standard",8959.192,0.79815157236397,0.893825810281769
"training_t0150_midpoint",1,,4856.11151278077,7444.6426415499,0.00557343200082384,0.014303848300898,TRUE,"joint_ess1_x2",2,2,"M11","S05",190,"guard","one_chain_standard",8959.192,0.542025610432366,0.830950228720391
"training_t0150_upper",1,,2514.33768052891,6403.13452641384,0.0112807755597037,0.0201061250423373,TRUE,"joint_ess1_x2",2,2,"M11","S05",190,"guard","one_chain_standard",8959.192,0.280643352718516,0.714700000448014
"training_t0150_width",1,,2383.48798013865,6557.12136166278,0.0133259693417656,0.0205121881091664,TRUE,"joint_ess1_x2",2,2,"M11","S05",190,"guard","one_chain_standard",8959.192,0.266038274449152,0.731887581119233
"training_t0200_lower",1,,7138.39999042397,8676.23253211193,0.00859160044930106,0.0118292416907005,TRUE,"joint_ess1_x2",2,2,"M11","S05",190,"guard","one_chain_standard",8959.192,0.796768278927829,0.968416854121659
"training_t0200_midpoint",1,,7335.91487614818,8251.30287397029,0.00465386722565834,0.01167692496899,TRUE,"joint_ess1_x2",2,2,"M11","S05",190,"guard","one_chain_standard",8959.192,0.818814339077473,0.920987391940065
"training_t0200_upper",1,,7810.61524814625,7867.96355243308,0.00363729211659566,0.011466616897364,TRUE,"joint_ess1_x2",2,2,"M11","S05",190,"guard","one_chain_standard",8959.192,0.871799069396688,0.878200127024075
"training_t0200_width",1,,7344.44403104559,8424.44465132251,0.00921779253496406,0.0116981844590978,TRUE,"joint_ess1_x2",2,2,"M11","S05",190,"guard","one_chain_standard",8959.192,0.8197663395366,0.940312993774719
"future_h01_lower",4,0.999988785801161,34556.34680683,33264.8276938797,0.00213287363023464,0.00540652240291783,TRUE,"joint_ess1_x2",2,2,"M11","S05",74,"hard","four_chain_sentinel",36435.85,0.948416101362532,0.91296971784327
"future_h01_midpoint",4,0.999997641534847,30912.1108685478,32322.4733241286,0.00205069068399933,0.00570482714805386,TRUE,"joint_ess1_x2",2,2,"M11","S05",74,"hard","four_chain_sentinel",36435.85,0.848398236038072,0.887106334122261
"future_h01_upper",4,1.00001951851032,28458.7846379766,31180.2560348162,0.00317036891401435,0.00601575766078429,TRUE,"joint_ess1_x2",2,2,"M11","S05",74,"hard","four_chain_sentinel",36435.85,0.781065479135977,0.855757613307119
"future_h01_width",4,1.000058160157,28522.2972398126,30540.5999092933,0.00355051432050533,0.00600250701482664,TRUE,"joint_ess1_x2",2,2,"M11","S05",74,"hard","four_chain_sentinel",36435.85,0.782808614038443,0.83820193324139
"future_h05_lower",4,0.999988785801161,34556.34680683,33264.8276938797,0.00213287363023464,0.00540652240291783,TRUE,"joint_ess1_x2",2,2,"M11","S05",74,"hard","four_chain_sentinel",36435.85,0.948416101362532,0.91296971784327
"future_h05_midpoint",4,0.999997641534847,30912.1108685478,32322.4733241286,0.00205069068399933,0.00570482714805386,TRUE,"joint_ess1_x2",2,2,"M11","S05",74,"hard","four_chain_sentinel",36435.85,0.848398236038072,0.887106334122261
"future_h05_upper",4,1.00001951851032,28458.7846379766,31180.2560348162,0.00317036891401435,0.00601575766078429,TRUE,"joint_ess1_x2",2,2,"M11","S05",74,"hard","four_chain_sentinel",36435.85,0.781065479135977,0.855757613307119
"future_h05_width",4,1.000058160157,28522.2972398126,30540.5999092933,0.00355051432050533,0.00600250701482664,TRUE,"joint_ess1_x2",2,2,"M11","S05",74,"hard","four_chain_sentinel",36435.85,0.782808614038443,0.83820193324139
"future_h10_lower",4,0.999988785801161,34556.34680683,33264.8276938797,0.00213287363023464,0.00540652240291783,TRUE,"joint_ess1_x2",2,2,"M11","S05",74,"hard","four_chain_sentinel",36435.85,0.948416101362532,0.91296971784327
"future_h10_midpoint",4,0.999997641534847,30912.1108685478,32322.4733241286,0.00205069068399933,0.00570482714805386,TRUE,"joint_ess1_x2",2,2,"M11","S05",74,"hard","four_chain_sentinel",36435.85,0.848398236038072,0.887106334122261
"future_h10_upper",4,1.00001951851032,28458.7846379766,31180.2560348162,0.00317036891401435,0.00601575766078429,TRUE,"joint_ess1_x2",2,2,"M11","S05",74,"hard","four_chain_sentinel",36435.85,0.781065479135977,0.855757613307119
"future_h10_width",4,1.000058160157,28522.2972398126,30540.5999092933,0.00355051432050533,0.00600250701482664,TRUE,"joint_ess1_x2",2,2,"M11","S05",74,"hard","four_chain_sentinel",36435.85,0.782808614038443,0.83820193324139
"future_h20_lower",4,0.999988785801161,34556.34680683,33264.8276938797,0.00213287363023464,0.00540652240291783,TRUE,"joint_ess1_x2",2,2,"M11","S05",74,"hard","four_chain_sentinel",36435.85,0.948416101362532,0.91296971784327
"future_h20_midpoint",4,0.999997641534847,30912.1108685478,32322.4733241286,0.00205069068399933,0.00570482714805386,TRUE,"joint_ess1_x2",2,2,"M11","S05",74,"hard","four_chain_sentinel",36435.85,0.848398236038072,0.887106334122261
"future_h20_upper",4,1.00001951851032,28458.7846379766,31180.2560348162,0.00317036891401435,0.00601575766078429,TRUE,"joint_ess1_x2",2,2,"M11","S05",74,"hard","four_chain_sentinel",36435.85,0.781065479135977,0.855757613307119
"future_h20_width",4,1.000058160157,28522.2972398126,30540.5999092933,0.00355051432050533,0.00600250701482664,TRUE,"joint_ess1_x2",2,2,"M11","S05",74,"hard","four_chain_sentinel",36435.85,0.782808614038443,0.83820193324139
"log_lambda",4,1.00022564365166,8761.60704505546,19362.2318178988,0.00112530619052379,0.0106834450710701,TRUE,"joint_ess1_x2",2,2,"M11","S05",74,"hard","four_chain_sentinel",36435.85,0.240466657016522,0.531406068965011
"log_q_1",4,1.00255513039901,1801.59746031461,5110.21604531875,0.0051757430468849,0.0234760316968369,TRUE,"joint_ess1_x2",2,2,"M11","S05",74,"hard","four_chain_sentinel",36435.85,0.0494457371054774,0.140252417476709
"mean_lower",4,1.00003183430745,21322.665988056,29255.4576324713,0.000238399526706326,0.00684502374349536,TRUE,"joint_ess1_x2",2,2,"M11","S05",74,"hard","four_chain_sentinel",36435.85,0.585211158462229,0.80293056515688
"mean_midpoint",4,1.00239688056307,2347.90804766576,7713.70790836065,0.00109757306670227,0.0203710437437236,TRUE,"joint_ess1_x2",2,2,"M11","S05",74,"hard","four_chain_sentinel",36435.85,0.0644395025137539,0.211706544745372
"mean_upper",4,1.00244420959731,1830.53863906581,5579.54235228111,0.0023261207719019,0.0229532956586996,TRUE,"joint_ess1_x2",2,2,"M11","S05",74,"hard","four_chain_sentinel",36435.85,0.0502400421306436,0.153133311073602
"mean_width",4,1.00194688227209,2152.48099552988,4934.12646444554,0.00227185172323204,0.0213205548757844,TRUE,"joint_ess1_x2",2,2,"M11","S05",74,"hard","four_chain_sentinel",36435.85,0.0590759100042919,0.135419551470476
"observed_loss",4,1.00050645391934,5889.83723944364,14144.8023248988,0.0309282137349805,0.0129981839646792,TRUE,"joint_ess1_x2",2,2,"M11","S05",74,"hard","four_chain_sentinel",36435.85,0.161649508367271,0.388211125166527
"terminal_lower",4,0.999988785801161,34556.34680683,33264.8276938797,0.00213287363023464,0.00540652240291783,TRUE,"joint_ess1_x2",2,2,"M11","S05",74,"hard","four_chain_sentinel",36435.85,0.948416101362532,0.91296971784327
"terminal_midpoint",4,0.999997641534847,30912.1108685478,32322.4733241286,0.00205069068399933,0.00570482714805386,TRUE,"joint_ess1_x2",2,2,"M11","S05",74,"hard","four_chain_sentinel",36435.85,0.848398236038072,0.887106334122261
"terminal_upper",4,1.00001951851032,28458.7846379766,31180.2560348162,0.00317036891401435,0.00601575766078429,TRUE,"joint_ess1_x2",2,2,"M11","S05",74,"hard","four_chain_sentinel",36435.85,0.781065479135977,0.855757613307119
"terminal_width",4,1.000058160157,28522.2972398126,30540.5999092933,0.00355051432050533,0.00600250701482664,TRUE,"joint_ess1_x2",2,2,"M11","S05",74,"hard","four_chain_sentinel",36435.85,0.782808614038443,0.83820193324139
"training_t0001_lower",4,0.9999956686191,30845.9892088303,31612.3875166658,0.00111991719646866,0.00577260908599875,TRUE,"joint_ess1_x2",2,2,"M11","S05",74,"hard","four_chain_sentinel",36435.85,0.846583494246197,0.867617676455079
"training_t0001_midpoint",4,1.00006338576272,19955.2509216364,29566.5661856514,0.00253034053568688,0.00708712978012298,TRUE,"joint_ess1_x2",2,2,"M11","S05",74,"hard","four_chain_sentinel",36435.85,0.547681772804433,0.811469093918528
"training_t0001_upper",4,1.00005373302582,19490.4187634484,29269.6973784865,0.00483406749572397,0.0071660766224268,TRUE,"joint_ess1_x2",2,2,"M11","S05",74,"hard","four_chain_sentinel",36435.85,0.53492422335278,0.803321382058783
"training_t0001_width",4,1.00003211082152,20153.0034111357,28546.2137197113,0.00486291734965409,0.0070522068585593,TRUE,"joint_ess1_x2",2,2,"M11","S05",74,"hard","four_chain_sentinel",36435.85,0.553109188097319,0.783465013707964
"training_t0050_lower",4,1.00010451080245,33006.1613008104,34634.1672932537,0.00151449571290992,0.00550417429089762,TRUE,"joint_ess1_x2",2,2,"M11","S05",74,"hard","four_chain_sentinel",36435.85,0.905870490212535,0.950551923263865
"training_t0050_midpoint",4,1.00001047836105,22411.056325801,30879.1542505073,0.00137873762673878,0.00670888246555068,TRUE,"joint_ess1_x2",2,2,"M11","S05",74,"hard","four_chain_sentinel",36435.85,0.615082571857141,0.847493725287246
"training_t0050_upper",4,0.999972881420514,17426.8669736732,26387.3396324013,0.00218171050619562,0.00774305720331276,TRUE,"joint_ess1_x2",2,2,"M11","S05",74,"hard","four_chain_sentinel",36435.85,0.478289019569276,0.724213642124482
"training_t0050_width",4,0.999998096246221,21733.6226165621,26506.0974773223,0.00256506817571934,0.00682468168484134,TRUE,"joint_ess1_x2",2,2,"M11","S05",74,"hard","four_chain_sentinel",36435.85,0.596490067243171,0.727473010162307
"training_t0100_lower",4,1.00009585699384,30584.2954149631,31834.7368598645,0.00199871257955086,0.00571624986590126,TRUE,"joint_ess1_x2",2,2,"M11","S05",74,"hard","four_chain_sentinel",36435.85,0.839401178096932,0.87372016461437
"training_t0100_midpoint",4,0.999997856546135,32373.0956174241,34786.8538065251,0.00124408577319539,0.00556156614699758,TRUE,"joint_ess1_x2",2,2,"M11","S05",74,"hard","four_chain_sentinel",36435.85,0.888495688104548,0.954742480456065
"training_t0100_upper",4,0.999985288280583,27626.5276310015,31894.167870757,0.00175076448943241,0.00602918740252802,TRUE,"joint_ess1_x2",2,2,"M11","S05",74,"hard","four_chain_sentinel",36435.85,0.758223772218886,0.87535127822617
"training_t0100_width",4,1.00012635180745,26436.6197161573,30486.4676450981,0.00284681305189097,0.00616828822573037,TRUE,"joint_ess1_x2",2,2,"M11","S05",74,"hard","four_chain_sentinel",36435.85,0.725566158499316,0.836716246364449
"training_t0150_lower",4,0.999981803516153,29302.9840995576,33905.5141342179,0.0017200574428685,0.00584394530358996,TRUE,"joint_ess1_x2",2,2,"M11","S05",74,"hard","four_chain_sentinel",36435.85,0.804234952651238,0.930553675410836
"training_t0150_midpoint",4,1.0001763261285,25486.1495059681,32050.641762269,0.00195608258486703,0.00626645630199096,TRUE,"joint_ess1_x2",2,2,"M11","S05",74,"hard","four_chain_sentinel",36435.85,0.699480031506555,0.879645781895276
"training_t0150_upper",4,1.00027402994866,20715.8295114884,27685.9686723859,0.00345653722496624,0.0069180801726307,TRUE,"joint_ess1_x2",2,2,"M11","S05",74,"hard","four_chain_sentinel",36435.85,0.568556229962754,0.759855161122518
"training_t0150_width",4,1.00015766756516,19769.3274994581,27682.8307108244,0.0037828535015366,0.00711363071898468,TRUE,"joint_ess1_x2",2,2,"M11","S05",74,"hard","four_chain_sentinel",36435.85,0.542579012139366,0.759769038208918
"training_t0200_lower",4,0.999988785801161,34556.34680683,33264.8276938797,0.00213287363023464,0.00540652240291783,TRUE,"joint_ess1_x2",2,2,"M11","S05",74,"hard","four_chain_sentinel",36435.85,0.948416101362532,0.91296971784327
"training_t0200_midpoint",4,0.999997641534847,30912.1108685478,32322.4733241286,0.00205069068399933,0.00570482714805386,TRUE,"joint_ess1_x2",2,2,"M11","S05",74,"hard","four_chain_sentinel",36435.85,0.848398236038072,0.887106334122261
"training_t0200_upper",4,1.00001951851032,28458.7846379766,31180.2560348162,0.00317036891401435,0.00601575766078429,TRUE,"joint_ess1_x2",2,2,"M11","S05",74,"hard","four_chain_sentinel",36435.85,0.781065479135977,0.855757613307119
"training_t0200_width",4,1.000058160157,28522.2972398126,30540.5999092933,0.00355051432050533,0.00600250701482664,TRUE,"joint_ess1_x2",2,2,"M11","S05",74,"hard","four_chain_sentinel",36435.85,0.782808614038443,0.83820193324139
"future_h01_lower",1,,8151.71343633699,7864.44742161553,0.00934881862424078,0.0110624082319393,TRUE,"joint_ess1_x2",2,2,"M11","S05",172,"hard","one_chain_standard",9028.085,0.902928299449661,0.871109146803063
"future_h01_midpoint",1,,8102.03970978901,7714.33681392713,0.00491595644922388,0.0111215306319894,TRUE,"joint_ess1_x2",2,2,"M11","S05",172,"hard","one_chain_standard",9028.085,0.897426166212326,0.854482076091123
"future_h01_upper",1,,7191.3870176968,7192.45172398935,0.00226048374268855,0.0119797863449812,TRUE,"joint_ess1_x2",2,2,"M11","S05",172,"hard","one_chain_standard",9028.085,0.796557300656429,0.79667523334011
"future_h01_width",1,,8229.38348998045,8393.5876269276,0.00934472590984996,0.0110277488158257,TRUE,"joint_ess1_x2",2,2,"M11","S05",172,"hard","one_chain_standard",9028.085,0.911531458773422,0.929719605755551
"future_h05_lower",1,,8151.71343633699,7864.44742161553,0.00934881862424078,0.0110624082319393,TRUE,"joint_ess1_x2",2,2,"M11","S05",172,"hard","one_chain_standard",9028.085,0.902928299449661,0.871109146803063
"future_h05_midpoint",1,,8102.03970978901,7714.33681392713,0.00491595644922388,0.0111215306319894,TRUE,"joint_ess1_x2",2,2,"M11","S05",172,"hard","one_chain_standard",9028.085,0.897426166212326,0.854482076091123
"future_h05_upper",1,,7191.3870176968,7192.45172398935,0.00226048374268855,0.0119797863449812,TRUE,"joint_ess1_x2",2,2,"M11","S05",172,"hard","one_chain_standard",9028.085,0.796557300656429,0.79667523334011
"future_h05_width",1,,8229.38348998045,8393.5876269276,0.00934472590984996,0.0110277488158257,TRUE,"joint_ess1_x2",2,2,"M11","S05",172,"hard","one_chain_standard",9028.085,0.911531458773422,0.929719605755551
"future_h10_lower",1,,8151.71343633699,7864.44742161553,0.00934881862424078,0.0110624082319393,TRUE,"joint_ess1_x2",2,2,"M11","S05",172,"hard","one_chain_standard",9028.085,0.902928299449661,0.871109146803063
"future_h10_midpoint",1,,8102.03970978901,7714.33681392713,0.00491595644922388,0.0111215306319894,TRUE,"joint_ess1_x2",2,2,"M11","S05",172,"hard","one_chain_standard",9028.085,0.897426166212326,0.854482076091123
"future_h10_upper",1,,7191.3870176968,7192.45172398935,0.00226048374268855,0.0119797863449812,TRUE,"joint_ess1_x2",2,2,"M11","S05",172,"hard","one_chain_standard",9028.085,0.796557300656429,0.79667523334011
"future_h10_width",1,,8229.38348998045,8393.5876269276,0.00934472590984996,0.0110277488158257,TRUE,"joint_ess1_x2",2,2,"M11","S05",172,"hard","one_chain_standard",9028.085,0.911531458773422,0.929719605755551
"future_h20_lower",1,,8151.71343633699,7864.44742161553,0.00934881862424078,0.0110624082319393,TRUE,"joint_ess1_x2",2,2,"M11","S05",172,"hard","one_chain_standard",9028.085,0.902928299449661,0.871109146803063
"future_h20_midpoint",1,,8102.03970978901,7714.33681392713,0.00491595644922388,0.0111215306319894,TRUE,"joint_ess1_x2",2,2,"M11","S05",172,"hard","one_chain_standard",9028.085,0.897426166212326,0.854482076091123
"future_h20_upper",1,,7191.3870176968,7192.45172398935,0.00226048374268855,0.0119797863449812,TRUE,"joint_ess1_x2",2,2,"M11","S05",172,"hard","one_chain_standard",9028.085,0.796557300656429,0.79667523334011
"future_h20_width",1,,8229.38348998045,8393.5876269276,0.00934472590984996,0.0110277488158257,TRUE,"joint_ess1_x2",2,2,"M11","S05",172,"hard","one_chain_standard",9028.085,0.911531458773422,0.929719605755551
"log_lambda",1,,1030.92887436075,3002.09488212355,0.00379423086032269,0.0312050773905482,TRUE,"joint_ess1_x2",2,2,"M11","S05",172,"hard","one_chain_standard",9028.085,0.11419131237253,0.33252842459099
"log_q_1",1,,282.578185093745,865.649568635252,0.012502142420636,0.0592215968119058,TRUE,"joint_ess1_x2",2,2,"M11","S05",172,"hard","one_chain_standard",9028.085,0.0312999030352223,0.0958840738246541
"mean_lower",1,,5635.377962344,7432.03996741783,0.000520891092399987,0.0132798346407584,TRUE,"joint_ess1_x2",2,2,"M11","S05",172,"hard","one_chain_standard",9028.085,0.624205239798252,0.823213335653999
"mean_midpoint",1,,527.161996804757,1097.24667098539,0.00283605554782558,0.0440275733948793,TRUE,"joint_ess1_x2",2,2,"M11","S05",172,"hard","one_chain_standard",9028.085,0.0583913417745576,0.121537033710404
"mean_upper",1,,343.879715915921,887.997367432225,0.00644250061074171,0.054202418810264,TRUE,"joint_ess1_x2",2,2,"M11","S05",172,"hard","one_chain_standard",9028.085,0.0380899953773055,0.098359438068231
"mean_width",1,,308.303408136574,845.647573058371,0.00685965576686037,0.05651007856032,TRUE,"joint_ess1_x2",2,2,"M11","S05",172,"hard","one_chain_standard",9028.085,0.0341493692335167,0.0936685435569527
"observed_loss",1,,625.338235055508,1831.63931345571,0.0692339834470771,0.0402060877752457,TRUE,"joint_ess1_x2",2,2,"M11","S05",172,"hard","one_chain_standard",9028.085,0.069265878096574,0.202882373554936
"terminal_lower",1,,8151.71343633699,7864.44742161553,0.00934881862424078,0.0110624082319393,TRUE,"joint_ess1_x2",2,2,"M11","S05",172,"hard","one_chain_standard",9028.085,0.902928299449661,0.871109146803063
"terminal_midpoint",1,,8102.03970978901,7714.33681392713,0.00491595644922388,0.0111215306319894,TRUE,"joint_ess1_x2",2,2,"M11","S05",172,"hard","one_chain_standard",9028.085,0.897426166212326,0.854482076091123
"terminal_upper",1,,7191.3870176968,7192.45172398935,0.00226048374268855,0.0119797863449812,TRUE,"joint_ess1_x2",2,2,"M11","S05",172,"hard","one_chain_standard",9028.085,0.796557300656429,0.79667523334011
"terminal_width",1,,8229.38348998045,8393.5876269276,0.00934472590984996,0.0110277488158257,TRUE,"joint_ess1_x2",2,2,"M11","S05",172,"hard","one_chain_standard",9028.085,0.911531458773422,0.929719605755551
"training_t0001_lower",1,,8509.12956603886,8989.47578528014,0.00543686237933296,0.010798001049655,TRUE,"joint_ess1_x2",2,2,"M11","S05",172,"hard","one_chain_standard",9028.085,0.942517661944794,0.995723432519758
"training_t0001_midpoint",1,,8667.70068810326,8856.45230548734,0.00402500144717052,0.0107291696528202,TRUE,"joint_ess1_x2",2,2,"M11","S05",172,"hard","one_chain_standard",9028.085,0.960081865434725,0.980989025412072
"training_t0001_upper",1,,8307.9505008849,8938.52277583284,0.00475866045706902,0.0109587574126912,TRUE,"joint_ess1_x2",2,2,"M11","S05",172,"hard","one_chain_standard",9028.085,0.920233969981995,0.990079598921902
"training_t0001_width",1,,8238.92212397578,8620.46384775186,0.00628092908143447,0.0110821503324164,TRUE,"joint_ess1_x2",2,2,"M11","S05",172,"hard","one_chain_standard",9028.085,0.912588009968424,0.954849655021177
"training_t0050_lower",1,,7800.16700970398,8898.94179283175,0.00462681530030857,0.0113237884942947,TRUE,"joint_ess1_x2",2,2,"M11","S05",172,"hard","one_chain_standard",9028.085,0.863989097322852,0.985695393079679
"training_t0050_midpoint",1,,8317.95626109555,8883.04738764831,0.00343889531641873,0.0109160301402961,TRUE,"joint_ess1_x2",2,2,"M11","S05",172,"hard","one_chain_standard",9028.085,0.921342262627739,0.983934841956884
"training_t0050_upper",1,,7652.82465577739,8738.29153942543,0.00452825267013376,0.0114569146876148,TRUE,"joint_ess1_x2",2,2,"M11","S05",172,"hard","one_chain_standard",9028.085,0.847668653515933,0.967900893647482
"training_t0050_width",1,,7167.03779387328,7654.24733643371,0.0060233319382102,0.0120623993860235,TRUE,"joint_ess1_x2",2,2,"M11","S05",172,"hard","one_chain_standard",9028.085,0.793860247646459,0.847826237395163
"training_t0100_lower",1,,7475.56163544395,8698.84776705024,0.00387541171573289,0.0114588875920966,TRUE,"joint_ess1_x2",2,2,"M11","S05",172,"hard","one_chain_standard",9028.085,0.828034033290997,0.963531886003537
"training_t0100_midpoint",1,,1983.8653856921,5960.20729786549,0.0111152239551822,0.0238342022740405,TRUE,"joint_ess1_x2",2,2,"M11","S05",172,"hard","one_chain_standard",9028.085,0.219743764673472,0.660185111002554
"training_t0100_upper",1,,1523.53604760516,6099.08853832789,0.0214462262699143,0.027392372561295,TRUE,"joint_ess1_x2",2,2,"M11","S05",172,"hard","one_chain_standard",9028.085,0.168755173174063,0.675568355673201
"training_t0100_width",1,,1511.10671883876,6112.17689307722,0.0213573462583456,0.0279292516122145,TRUE,"joint_ess1_x2",2,2,"M11","S05",172,"hard","one_chain_standard",9028.085,0.167378432839164,0.677018093325132
"training_t0150_lower",1,,8128.01545648735,7909.093746587,0.00322978660048765,0.0111635903073295,TRUE,"joint_ess1_x2",2,2,"M11","S05",172,"hard","one_chain_standard",9028.085,0.900303381778899,0.876054417585457
"training_t0150_midpoint",1,,8627.67513791621,8294.30498039355,0.00328339953460248,0.0107645578568921,TRUE,"joint_ess1_x2",2,2,"M11","S05",172,"hard","one_chain_standard",9028.085,0.955648416903054,0.918722517609609
"training_t0150_upper",1,,8412.83612576661,8163.89434041292,0.00544271301216823,0.0108589512745946,TRUE,"joint_ess1_x2",2,2,"M11","S05",172,"hard","one_chain_standard",9028.085,0.931851674609467,0.904277522909113
"training_t0150_width",1,,8088.99261723559,8500.35738223585,0.0060769027072011,0.0111376484266459,TRUE,"joint_ess1_x2",2,2,"M11","S05",172,"hard","one_chain_standard",9028.085,0.895980998986561,0.941546006958934
"training_t0200_lower",1,,8151.71343633699,7864.44742161553,0.00934881862424078,0.0110624082319393,TRUE,"joint_ess1_x2",2,2,"M11","S05",172,"hard","one_chain_standard",9028.085,0.902928299449661,0.871109146803063
"training_t0200_midpoint",1,,8102.03970978901,7714.33681392713,0.00491595644922388,0.0111215306319894,TRUE,"joint_ess1_x2",2,2,"M11","S05",172,"hard","one_chain_standard",9028.085,0.897426166212326,0.854482076091123
"training_t0200_upper",1,,7191.3870176968,7192.45172398935,0.00226048374268855,0.0119797863449812,TRUE,"joint_ess1_x2",2,2,"M11","S05",172,"hard","one_chain_standard",9028.085,0.796557300656429,0.79667523334011
"training_t0200_width",1,,8229.38348998045,8393.5876269276,0.00934472590984996,0.0110277488158257,TRUE,"joint_ess1_x2",2,2,"M11","S05",172,"hard","one_chain_standard",9028.085,0.911531458773422,0.929719605755551
"future_h01_lower",1,,8389.31764940761,8941.4370848507,0.00800377992048615,0.0108836650263477,TRUE,"joint_ess2_x2",3,2,"M11","S05",190,"guard","one_chain_standard",10092.595,0.831234944967831,0.885940343870997
"future_h01_midpoint",1,,8653.76295203203,8651.76835237368,0.00438929558314582,0.0107468447123577,TRUE,"joint_ess2_x2",3,2,"M11","S05",190,"guard","one_chain_standard",10092.595,0.857436858610895,0.857239228600145
"future_h01_upper",1,,7572.55863034134,8468.92962909446,0.00373022125521198,0.011618458768249,TRUE,"joint_ess2_x2",3,2,"M11","S05",190,"guard","one_chain_standard",10092.595,0.750308382565766,0.839123102541463
"future_h01_width",1,,7778.27544665336,8381.52073262483,0.0089541413639562,0.0113670197601553,TRUE,"joint_ess2_x2",3,2,"M11","S05",190,"guard","one_chain_standard",10092.595,0.770691328310842,0.830462406608492
"future_h05_lower",1,,8389.31764940761,8941.4370848507,0.00800377992048615,0.0108836650263477,TRUE,"joint_ess2_x2",3,2,"M11","S05",190,"guard","one_chain_standard",10092.595,0.831234944967831,0.885940343870997
"future_h05_midpoint",1,,8653.76295203203,8651.76835237368,0.00438929558314582,0.0107468447123577,TRUE,"joint_ess2_x2",3,2,"M11","S05",190,"guard","one_chain_standard",10092.595,0.857436858610895,0.857239228600145
"future_h05_upper",1,,7572.55863034134,8468.92962909446,0.00373022125521198,0.011618458768249,TRUE,"joint_ess2_x2",3,2,"M11","S05",190,"guard","one_chain_standard",10092.595,0.750308382565766,0.839123102541463
"future_h05_width",1,,7778.27544665336,8381.52073262483,0.0089541413639562,0.0113670197601553,TRUE,"joint_ess2_x2",3,2,"M11","S05",190,"guard","one_chain_standard",10092.595,0.770691328310842,0.830462406608492
"future_h10_lower",1,,8389.31764940761,8941.4370848507,0.00800377992048615,0.0108836650263477,TRUE,"joint_ess2_x2",3,2,"M11","S05",190,"guard","one_chain_standard",10092.595,0.831234944967831,0.885940343870997
"future_h10_midpoint",1,,8653.76295203203,8651.76835237368,0.00438929558314582,0.0107468447123577,TRUE,"joint_ess2_x2",3,2,"M11","S05",190,"guard","one_chain_standard",10092.595,0.857436858610895,0.857239228600145
"future_h10_upper",1,,7572.55863034134,8468.92962909446,0.00373022125521198,0.011618458768249,TRUE,"joint_ess2_x2",3,2,"M11","S05",190,"guard","one_chain_standard",10092.595,0.750308382565766,0.839123102541463
"future_h10_width",1,,7778.27544665336,8381.52073262483,0.0089541413639562,0.0113670197601553,TRUE,"joint_ess2_x2",3,2,"M11","S05",190,"guard","one_chain_standard",10092.595,0.770691328310842,0.830462406608492
"future_h20_lower",1,,8389.31764940761,8941.4370848507,0.00800377992048615,0.0108836650263477,TRUE,"joint_ess2_x2",3,2,"M11","S05",190,"guard","one_chain_standard",10092.595,0.831234944967831,0.885940343870997
"future_h20_midpoint",1,,8653.76295203203,8651.76835237368,0.00438929558314582,0.0107468447123577,TRUE,"joint_ess2_x2",3,2,"M11","S05",190,"guard","one_chain_standard",10092.595,0.857436858610895,0.857239228600145
"future_h20_upper",1,,7572.55863034134,8468.92962909446,0.00373022125521198,0.011618458768249,TRUE,"joint_ess2_x2",3,2,"M11","S05",190,"guard","one_chain_standard",10092.595,0.750308382565766,0.839123102541463
"future_h20_width",1,,7778.27544665336,8381.52073262483,0.0089541413639562,0.0113670197601553,TRUE,"joint_ess2_x2",3,2,"M11","S05",190,"guard","one_chain_standard",10092.595,0.770691328310842,0.830462406608492
"log_lambda",1,,1258.48654018939,3671.79143192869,0.0031113595436102,0.028242537134808,TRUE,"joint_ess2_x2",3,2,"M11","S05",190,"guard","one_chain_standard",10092.595,0.124694049467891,0.363810440419802
"log_q_1",1,,351.07830380643,1686.62346315119,0.0109872074610421,0.052939947726562,TRUE,"joint_ess2_x2",3,2,"M11","S05",190,"guard","one_chain_standard",10092.595,0.0347857318961506,0.16711494547747
"mean_lower",1,,5007.67733539975,6445.51161833294,0.000598711850992683,0.0140918419595759,TRUE,"joint_ess2_x2",3,2,"M11","S05",190,"guard","one_chain_standard",10092.595,0.496173415796408,0.638637696086382
"mean_midpoint",1,,567.117470459112,1899.12474596796,0.0024995851951054,0.0426946541811392,TRUE,"joint_ess2_x2",3,2,"M11","S05",190,"guard","one_chain_standard",10092.595,0.056191442385146,0.188170113431477
"mean_upper",1,,368.817178422918,1381.45235026423,0.00567687681843903,0.0532612395663718,TRUE,"joint_ess2_x2",3,2,"M11","S05",190,"guard","one_chain_standard",10092.595,0.0365433447416564,0.136877814899362
"mean_width",1,,341.709852980584,1499.78337512941,0.00612403401045157,0.054512307896557,TRUE,"joint_ess2_x2",3,2,"M11","S05",190,"guard","one_chain_standard",10092.595,0.033857481943998,0.14860235401593
"observed_loss",1,,722.874486314057,2080.91740000954,0.084089430927879,0.0371680793829425,TRUE,"joint_ess2_x2",3,2,"M11","S05",190,"guard","one_chain_standard",10092.595,0.0716242439446007,0.206182592287666
"terminal_lower",1,,8389.31764940761,8941.4370848507,0.00800377992048615,0.0108836650263477,TRUE,"joint_ess2_x2",3,2,"M11","S05",190,"guard","one_chain_standard",10092.595,0.831234944967831,0.885940343870997
"terminal_midpoint",1,,8653.76295203203,8651.76835237368,0.00438929558314582,0.0107468447123577,TRUE,"joint_ess2_x2",3,2,"M11","S05",190,"guard","one_chain_standard",10092.595,0.857436858610895,0.857239228600145
"terminal_upper",1,,7572.55863034134,8468.92962909446,0.00373022125521198,0.011618458768249,TRUE,"joint_ess2_x2",3,2,"M11","S05",190,"guard","one_chain_standard",10092.595,0.750308382565766,0.839123102541463
"terminal_width",1,,7778.27544665336,8381.52073262483,0.0089541413639562,0.0113670197601553,TRUE,"joint_ess2_x2",3,2,"M11","S05",190,"guard","one_chain_standard",10092.595,0.770691328310842,0.830462406608492
"training_t0001_lower",1,,8449.47575325382,8542.40755053197,0.00479576852136853,0.010922559350084,TRUE,"joint_ess2_x2",3,2,"M11","S05",190,"guard","one_chain_standard",10092.595,0.837195563009694,0.846403482011511
"training_t0001_midpoint",1,,8553.50221702353,8817.60322931837,0.00445715365742832,0.0108132763240124,TRUE,"joint_ess2_x2",3,2,"M11","S05",190,"guard","one_chain_standard",10092.595,0.84750276980534,0.873670570286271
"training_t0001_upper",1,,8175.36540052113,8240.61097310809,0.0066242870493288,0.0110604659970727,TRUE,"joint_ess2_x2",3,2,"M11","S05",190,"guard","one_chain_standard",10092.595,0.810036011602678,0.816500708995862
"training_t0001_width",1,,7859.76231930995,8544.28818222164,0.0073685868131205,0.0113248507200811,TRUE,"joint_ess2_x2",3,2,"M11","S05",190,"guard","one_chain_standard",10092.595,0.778765255051842,0.846589819785857
"training_t0050_lower",1,,7792.46603082851,7947.08967130915,0.00204026616800845,0.0115614170583202,TRUE,"joint_ess2_x2",3,2,"M11","S05",190,"guard","one_chain_standard",10092.595,0.772097367508407,0.787417871351139
"training_t0050_midpoint",1,,7536.41010296016,7741.2341768751,0.00350273804930055,0.0115298859436082,TRUE,"joint_ess2_x2",3,2,"M11","S05",190,"guard","one_chain_standard",10092.595,0.746726694468584,0.767021185024773
"training_t0050_upper",1,,7332.4128848193,8248.50647024702,0.00670119714525398,0.0116852795736714,TRUE,"joint_ess2_x2",3,2,"M11","S05",190,"guard","one_chain_standard",10092.595,0.726514130886982,0.817283014947793
"training_t0050_width",1,,7189.09182810199,8093.46726284064,0.0069951893223788,0.0118095419942585,TRUE,"joint_ess2_x2",3,2,"M11","S05",190,"guard","one_chain_standard",10092.595,0.712313515810551,0.801921335676369
"training_t0100_lower",1,,8037.7782682817,8403.90269191369,0.00381967205005331,0.0112136297064546,TRUE,"joint_ess2_x2",3,2,"M11","S05",190,"guard","one_chain_standard",10092.595,0.796403528357345,0.83268006810079
"training_t0100_midpoint",1,,7338.79907961147,8232.3278639915,0.00381048090389751,0.0116826829027483,TRUE,"joint_ess2_x2",3,2,"M11","S05",190,"guard","one_chain_standard",10092.595,0.727146891320961,0.815679997462645
"training_t0100_upper",1,,6545.86359478528,8286.05056444588,0.00639243344204301,0.0120962340422986,TRUE,"joint_ess2_x2",3,2,"M11","S05",190,"guard","one_chain_standard",10092.595,0.648580825326418,0.82100297935723
"training_t0100_width",1,,6480.57863201514,8303.1118643575,0.00760598237840029,0.0125883003937613,TRUE,"joint_ess2_x2",3,2,"M11","S05",190,"guard","one_chain_standard",10092.595,0.64211222505363,0.822693456376432
"training_t0150_lower",1,,7452.2430761163,8588.83899654285,0.00502949746002382,0.0115341192829001,TRUE,"joint_ess2_x2",3,2,"M11","S05",190,"guard","one_chain_standard",10092.595,0.738387211229253,0.851004027858331
"training_t0150_midpoint",1,,3758.58135233406,7165.44978331825,0.00623472023335622,0.0161935540314257,TRUE,"joint_ess2_x2",3,2,"M11","S05",190,"guard","one_chain_standard",10092.595,0.372409806628925,0.709971001840285
"training_t0150_upper",1,,2456.30236789181,6726.56855243668,0.0115788795629654,0.020737572013265,TRUE,"joint_ess2_x2",3,2,"M11","S05",190,"guard","one_chain_standard",10092.595,0.243376690325116,0.666485532455893
"training_t0150_width",1,,3022.38413576732,6674.36168480237,0.0117165199188601,0.0182789011622328,TRUE,"joint_ess2_x2",3,2,"M11","S05",190,"guard","one_chain_standard",10092.595,0.299465512662236,0.661312743135177
"training_t0200_lower",1,,8389.31764940761,8941.4370848507,0.00800377992048615,0.0108836650263477,TRUE,"joint_ess2_x2",3,2,"M11","S05",190,"guard","one_chain_standard",10092.595,0.831234944967831,0.885940343870997
"training_t0200_midpoint",1,,8653.76295203203,8651.76835237368,0.00438929558314582,0.0107468447123577,TRUE,"joint_ess2_x2",3,2,"M11","S05",190,"guard","one_chain_standard",10092.595,0.857436858610895,0.857239228600145
"training_t0200_upper",1,,7572.55863034134,8468.92962909446,0.00373022125521198,0.011618458768249,TRUE,"joint_ess2_x2",3,2,"M11","S05",190,"guard","one_chain_standard",10092.595,0.750308382565766,0.839123102541463
"training_t0200_width",1,,7778.27544665336,8381.52073262483,0.0089541413639562,0.0113670197601553,TRUE,"joint_ess2_x2",3,2,"M11","S05",190,"guard","one_chain_standard",10092.595,0.770691328310842,0.830462406608492
"future_h01_lower",4,0.999984661555778,33306.3706441245,34043.9739656882,0.00217332674278645,0.00554592632576512,TRUE,"joint_ess2_x2",3,2,"M11","S05",74,"hard","four_chain_sentinel",41144.406,0.80949936776641,0.827426551392872
"future_h01_midpoint",4,1.00006530958873,32090.5281177855,32713.7696605334,0.00200376746431082,0.00559504765360969,TRUE,"joint_ess2_x2",3,2,"M11","S05",74,"hard","four_chain_sentinel",41144.406,0.779948752153221,0.795096413848663
"future_h01_upper",4,1.00001192786457,28306.5496226736,31478.7136099325,0.0031679900582852,0.00603709655514504,TRUE,"joint_ess2_x2",3,2,"M11","S05",74,"hard","four_chain_sentinel",41144.406,0.687980514840185,0.765078820433876
"future_h01_width",4,1.00001691438755,26795.4346984583,30815.2414523535,0.00362360072406278,0.00617070268741507,TRUE,"joint_ess2_x2",3,2,"M11","S05",74,"hard","four_chain_sentinel",41144.406,0.651253409721319,0.748953368104366
"future_h05_lower",4,0.999984661555778,33306.3706441245,34043.9739656882,0.00217332674278645,0.00554592632576512,TRUE,"joint_ess2_x2",3,2,"M11","S05",74,"hard","four_chain_sentinel",41144.406,0.80949936776641,0.827426551392872
"future_h05_midpoint",4,1.00006530958873,32090.5281177855,32713.7696605334,0.00200376746431082,0.00559504765360969,TRUE,"joint_ess2_x2",3,2,"M11","S05",74,"hard","four_chain_sentinel",41144.406,0.779948752153221,0.795096413848663
"future_h05_upper",4,1.00001192786457,28306.5496226736,31478.7136099325,0.0031679900582852,0.00603709655514504,TRUE,"joint_ess2_x2",3,2,"M11","S05",74,"hard","four_chain_sentinel",41144.406,0.687980514840185,0.765078820433876
"future_h05_width",4,1.00001691438755,26795.4346984583,30815.2414523535,0.00362360072406278,0.00617070268741507,TRUE,"joint_ess2_x2",3,2,"M11","S05",74,"hard","four_chain_sentinel",41144.406,0.651253409721319,0.748953368104366
"future_h10_lower",4,0.999984661555778,33306.3706441245,34043.9739656882,0.00217332674278645,0.00554592632576512,TRUE,"joint_ess2_x2",3,2,"M11","S05",74,"hard","four_chain_sentinel",41144.406,0.80949936776641,0.827426551392872
"future_h10_midpoint",4,1.00006530958873,32090.5281177855,32713.7696605334,0.00200376746431082,0.00559504765360969,TRUE,"joint_ess2_x2",3,2,"M11","S05",74,"hard","four_chain_sentinel",41144.406,0.779948752153221,0.795096413848663
"future_h10_upper",4,1.00001192786457,28306.5496226736,31478.7136099325,0.0031679900582852,0.00603709655514504,TRUE,"joint_ess2_x2",3,2,"M11","S05",74,"hard","four_chain_sentinel",41144.406,0.687980514840185,0.765078820433876
"future_h10_width",4,1.00001691438755,26795.4346984583,30815.2414523535,0.00362360072406278,0.00617070268741507,TRUE,"joint_ess2_x2",3,2,"M11","S05",74,"hard","four_chain_sentinel",41144.406,0.651253409721319,0.748953368104366
"future_h20_lower",4,0.999984661555778,33306.3706441245,34043.9739656882,0.00217332674278645,0.00554592632576512,TRUE,"joint_ess2_x2",3,2,"M11","S05",74,"hard","four_chain_sentinel",41144.406,0.80949936776641,0.827426551392872
"future_h20_midpoint",4,1.00006530958873,32090.5281177855,32713.7696605334,0.00200376746431082,0.00559504765360969,TRUE,"joint_ess2_x2",3,2,"M11","S05",74,"hard","four_chain_sentinel",41144.406,0.779948752153221,0.795096413848663
"future_h20_upper",4,1.00001192786457,28306.5496226736,31478.7136099325,0.0031679900582852,0.00603709655514504,TRUE,"joint_ess2_x2",3,2,"M11","S05",74,"hard","four_chain_sentinel",41144.406,0.687980514840185,0.765078820433876
"future_h20_width",4,1.00001691438755,26795.4346984583,30815.2414523535,0.00362360072406278,0.00617070268741507,TRUE,"joint_ess2_x2",3,2,"M11","S05",74,"hard","four_chain_sentinel",41144.406,0.651253409721319,0.748953368104366
"log_lambda",4,1.00154356761295,9353.82027670825,16873.1940585594,0.00109566906989168,0.0103404190167754,TRUE,"joint_ess2_x2",3,2,"M11","S05",74,"hard","four_chain_sentinel",41144.406,0.227341239941786,0.410096917149792
"log_q_1",4,1.00477789147724,687.220109003498,3019.93660185212,0.00831044684616415,0.037642107721472,TRUE,"joint_ess2_x2",3,2,"M11","S05",74,"hard","four_chain_sentinel",41144.406,0.0167026377535624,0.0733984737038644
"mean_lower",4,1.00004921555382,19780.3786303071,29581.9175092228,0.000246026730649423,0.00711039529046948,TRUE,"joint_ess2_x2",3,2,"M11","S05",74,"hard","four_chain_sentinel",41144.406,0.480754993286502,0.718977872939101
"mean_midpoint",4,1.00348546610068,1024.18154122094,15788.1679677739,0.00167320852055983,0.0310204880491408,TRUE,"joint_ess2_x2",3,2,"M11","S05",74,"hard","four_chain_sentinel",41144.406,0.024892364255324,0.383725747985617
"mean_upper",4,1.00433350309218,758.407137829404,6582.00939419953,0.00362158219078923,0.035660444938761,TRUE,"joint_ess2_x2",3,2,"M11","S05",74,"hard","four_chain_sentinel",41144.406,0.01843281290364,0.15997337266698
"mean_width",4,1.00429154345382,842.767713624174,5465.74628881783,0.00361039449608696,0.0338371798386926,TRUE,"joint_ess2_x2",3,2,"M11","S05",74,"hard","four_chain_sentinel",41144.406,0.0204831663780533,0.13284299909003
"observed_loss",4,1.00181984344901,6935.94045933441,12655.0764508273,0.0286173477829979,0.0120411591251116,TRUE,"joint_ess2_x2",3,2,"M11","S05",74,"hard","four_chain_sentinel",41144.406,0.168575539997695,0.307577084739717
"terminal_lower",4,0.999984661555778,33306.3706441245,34043.9739656882,0.00217332674278645,0.00554592632576512,TRUE,"joint_ess2_x2",3,2,"M11","S05",74,"hard","four_chain_sentinel",41144.406,0.80949936776641,0.827426551392872
"terminal_midpoint",4,1.00006530958873,32090.5281177855,32713.7696605334,0.00200376746431082,0.00559504765360969,TRUE,"joint_ess2_x2",3,2,"M11","S05",74,"hard","four_chain_sentinel",41144.406,0.779948752153221,0.795096413848663
"terminal_upper",4,1.00001192786457,28306.5496226736,31478.7136099325,0.0031679900582852,0.00603709655514504,TRUE,"joint_ess2_x2",3,2,"M11","S05",74,"hard","four_chain_sentinel",41144.406,0.687980514840185,0.765078820433876
"terminal_width",4,1.00001691438755,26795.4346984583,30815.2414523535,0.00362360072406278,0.00617070268741507,TRUE,"joint_ess2_x2",3,2,"M11","S05",74,"hard","four_chain_sentinel",41144.406,0.651253409721319,0.748953368104366
"training_t0001_lower",4,1.00007274356369,29714.794259703,31310.0582444737,0.00114360972915184,0.0058803206082131,TRUE,"joint_ess2_x2",3,2,"M11","S05",74,"hard","four_chain_sentinel",41144.406,0.722207394601905,0.760979712393313
"training_t0001_midpoint",4,1.00035542484798,20210.4484370117,28870.3793351386,0.00250379709347273,0.00704664453742164,TRUE,"joint_ess2_x2",3,2,"M11","S05",74,"hard","four_chain_sentinel",41144.406,0.491207685365823,0.701684193353979
"training_t0001_upper",4,1.00030687518163,18331.2356498179,28325.9594374226,0.00494821064263526,0.00739784198977859,TRUE,"joint_ess2_x2",3,2,"M11","S05",74,"hard","four_chain_sentinel",41144.406,0.445534093986383,0.688452263411522
"training_t0001_width",4,1.00019963946353,18841.2556360301,29764.2375763829,0.00497980953256241,0.00729942716060975,TRUE,"joint_ess2_x2",3,2,"M11","S05",74,"hard","four_chain_sentinel",41144.406,0.457929946443512,0.723409096643245
"training_t0050_lower",4,1.00008330532904,33307.3736035812,34202.8898096908,0.0015266049319889,0.00548724926516703,TRUE,"joint_ess2_x2",3,2,"M11","S05",74,"hard","four_chain_sentinel",41144.406,0.809523744335529,0.831288943864952
"training_t0050_midpoint",4,1.00017593179962,22484.2111899145,31126.8556839217,0.00138162105821674,0.00669640610980025,TRUE,"joint_ess2_x2",3,2,"M11","S05",74,"hard","four_chain_sentinel",41144.406,0.546470671855476,0.756527040004459
"training_t0050_upper",4,1.0003776358602,16203.1367945458,25867.3824605236,0.0022451268515265,0.00796529629352244,TRUE,"joint_ess2_x2",3,2,"M11","S05",74,"hard","four_chain_sentinel",41144.406,0.393811416175161,0.628697433632256
"training_t0050_width",4,1.00020681105168,20819.724447931,27801.2000077879,0.00263600444683741,0.00696054100494987,TRUE,"joint_ess2_x2",3,2,"M11","S05",74,"hard","four_chain_sentinel",41144.406,0.506015919829563,0.675698174079555
"training_t0100_lower",4,1.0000382034545,30336.8767164153,32468.5258183338,0.00201736317677461,0.00574169333771172,TRUE,"joint_ess2_x2",3,2,"M11","S05",74,"hard","four_chain_sentinel",41144.406,0.737326885127842,0.7891358504078
"training_t0100_midpoint",4,0.999976227823702,33674.9718654579,34297.8352731948,0.00122449514546119,0.00545318704060653,TRUE,"joint_ess2_x2",3,2,"M11","S05",74,"hard","four_chain_sentinel",41144.406,0.818458087970887,0.833596559230793
"training_t0100_upper",4,1.00004983276463,28552.1082977591,32924.084774739,0.00172887578200418,0.00594269930910048,TRUE,"joint_ess2_x2",3,2,"M11","S05",74,"hard","four_chain_sentinel",41144.406,0.693948730181184,0.800208047109466
"training_t0100_width",4,1.00007490817133,25421.7048651737,31353.8713729746,0.00290530986688796,0.00627323519562716,TRUE,"joint_ess2_x2",3,2,"M11","S05",74,"hard","four_chain_sentinel",41144.406,0.617865399859551,0.762044574734524
"training_t0150_lower",4,1.00001325645757,29763.213648618,33592.5662795932,0.0016988007282922,0.00579521427503533,TRUE,"joint_ess2_x2",3,2,"M11","S05",74,"hard","four_chain_sentinel",41144.406,0.723384210446932,0.816455249824076
"training_t0150_midpoint",4,1.00006163286949,25338.9141697381,31522.3345488069,0.00196762513115355,0.0062824001330848,TRUE,"joint_ess2_x2",3,2,"M11","S05",74,"hard","four_chain_sentinel",41144.406,0.615853201763032,0.766139011675291
"training_t0150_upper",4,1.00019534350813,21410.0040964846,28992.496971704,0.00339913953457393,0.00680946428143129,TRUE,"joint_ess2_x2",3,2,"M11","S05",74,"hard","four_chain_sentinel",41144.406,0.520362454533542,0.704652218620048
"training_t0150_width",4,1.000275847319,20840.535056023,27912.4936130751,0.00364518520714155,0.00691533848457448,TRUE,"joint_ess2_x2",3,2,"M11","S05",74,"hard","four_chain_sentinel",41144.406,0.506521714179638,0.678403125155704
"training_t0200_lower",4,0.999984661555778,33306.3706441245,34043.9739656882,0.00217332674278645,0.00554592632576512,TRUE,"joint_ess2_x2",3,2,"M11","S05",74,"hard","four_chain_sentinel",41144.406,0.80949936776641,0.827426551392872
"training_t0200_midpoint",4,1.00006530958873,32090.5281177855,32713.7696605334,0.00200376746431082,0.00559504765360969,TRUE,"joint_ess2_x2",3,2,"M11","S05",74,"hard","four_chain_sentinel",41144.406,0.779948752153221,0.795096413848663
"training_t0200_upper",4,1.00001192786457,28306.5496226736,31478.7136099325,0.0031679900582852,0.00603709655514504,TRUE,"joint_ess2_x2",3,2,"M11","S05",74,"hard","four_chain_sentinel",41144.406,0.687980514840185,0.765078820433876
"training_t0200_width",4,1.00001691438755,26795.4346984583,30815.2414523535,0.00362360072406278,0.00617070268741507,TRUE,"joint_ess2_x2",3,2,"M11","S05",74,"hard","four_chain_sentinel",41144.406,0.651253409721319,0.748953368104366
"future_h01_lower",1,,7902.51050697986,7990.48854474186,0.00950697246605896,0.011238581962242,TRUE,"joint_ess2_x2",3,2,"M11","S05",172,"hard","one_chain_standard",10230.02,0.772482410296349,0.781082397174381
"future_h01_midpoint",1,,8007.89349529695,7985.77670181072,0.00494101458081615,0.0111814008187876,TRUE,"joint_ess2_x2",3,2,"M11","S05",172,"hard","one_chain_standard",10230.02,0.782783757538788,0.780621807367993
"future_h01_upper",1,,6967.61967726723,7581.73586974788,0.00233339400968085,0.0122715370800714,TRUE,"joint_ess2_x2",3,2,"M11","S05",172,"hard","one_chain_standard",10230.02,0.681095411081037,0.741126202074667
"future_h01_width",1,,7790.28048423759,8429.66876954068,0.00963064157180135,0.0113309932728864,TRUE,"joint_ess2_x2",3,2,"M11","S05",172,"hard","one_chain_standard",10230.02,0.761511755034456,0.824012931503622
"future_h05_lower",1,,7902.51050697986,7990.48854474186,0.00950697246605896,0.011238581962242,TRUE,"joint_ess2_x2",3,2,"M11","S05",172,"hard","one_chain_standard",10230.02,0.772482410296349,0.781082397174381
"future_h05_midpoint",1,,8007.89349529695,7985.77670181072,0.00494101458081615,0.0111814008187876,TRUE,"joint_ess2_x2",3,2,"M11","S05",172,"hard","one_chain_standard",10230.02,0.782783757538788,0.780621807367993
"future_h05_upper",1,,6967.61967726723,7581.73586974788,0.00233339400968085,0.0122715370800714,TRUE,"joint_ess2_x2",3,2,"M11","S05",172,"hard","one_chain_standard",10230.02,0.681095411081037,0.741126202074667
"future_h05_width",1,,7790.28048423759,8429.66876954068,0.00963064157180135,0.0113309932728864,TRUE,"joint_ess2_x2",3,2,"M11","S05",172,"hard","one_chain_standard",10230.02,0.761511755034456,0.824012931503622
"future_h10_lower",1,,7902.51050697986,7990.48854474186,0.00950697246605896,0.011238581962242,TRUE,"joint_ess2_x2",3,2,"M11","S05",172,"hard","one_chain_standard",10230.02,0.772482410296349,0.781082397174381
"future_h10_midpoint",1,,8007.89349529695,7985.77670181072,0.00494101458081615,0.0111814008187876,TRUE,"joint_ess2_x2",3,2,"M11","S05",172,"hard","one_chain_standard",10230.02,0.782783757538788,0.780621807367993
"future_h10_upper",1,,6967.61967726723,7581.73586974788,0.00233339400968085,0.0122715370800714,TRUE,"joint_ess2_x2",3,2,"M11","S05",172,"hard","one_chain_standard",10230.02,0.681095411081037,0.741126202074667
"future_h10_width",1,,7790.28048423759,8429.66876954068,0.00963064157180135,0.0113309932728864,TRUE,"joint_ess2_x2",3,2,"M11","S05",172,"hard","one_chain_standard",10230.02,0.761511755034456,0.824012931503622
"future_h20_lower",1,,7902.51050697986,7990.48854474186,0.00950697246605896,0.011238581962242,TRUE,"joint_ess2_x2",3,2,"M11","S05",172,"hard","one_chain_standard",10230.02,0.772482410296349,0.781082397174381
"future_h20_midpoint",1,,8007.89349529695,7985.77670181072,0.00494101458081615,0.0111814008187876,TRUE,"joint_ess2_x2",3,2,"M11","S05",172,"hard","one_chain_standard",10230.02,0.782783757538788,0.780621807367993
"future_h20_upper",1,,6967.61967726723,7581.73586974788,0.00233339400968085,0.0122715370800714,TRUE,"joint_ess2_x2",3,2,"M11","S05",172,"hard","one_chain_standard",10230.02,0.681095411081037,0.741126202074667
"future_h20_width",1,,7790.28048423759,8429.66876954068,0.00963064157180135,0.0113309932728864,TRUE,"joint_ess2_x2",3,2,"M11","S05",172,"hard","one_chain_standard",10230.02,0.761511755034456,0.824012931503622
"log_lambda",1,,995.718096606203,1939.89933601866,0.00382862629349688,0.0320467380963215,TRUE,"joint_ess2_x2",3,2,"M11","S05",172,"hard","one_chain_standard",10230.02,0.0973329569840727,0.189628107864761
"log_q_1",1,,245.107142076911,440.411141330646,0.0128341798848096,0.0654343986622612,TRUE,"joint_ess2_x2",3,2,"M11","S05",172,"hard","one_chain_standard",10230.02,0.0239595955899315,0.0430508582906628
"mean_lower",1,,5635.87867880242,7633.92328773505,0.000522606954149264,0.0133281095845084,TRUE,"joint_ess2_x2",3,2,"M11","S05",172,"hard","one_chain_standard",10230.02,0.550915704837568,0.746227601484166
"mean_midpoint",1,,328.807210399577,772.107415175695,0.00347851430174336,0.0570807500768643,TRUE,"joint_ess2_x2",3,2,"M11","S05",172,"hard","one_chain_standard",10230.02,0.0321414044546909,0.0754746730872173
"mean_upper",1,,261.020687750426,441.071108771666,0.0072296906810619,0.0647446049931805,TRUE,"joint_ess2_x2",3,2,"M11","S05",172,"hard","one_chain_standard",10230.02,0.0255151688609041,0.0431153711108743
"mean_width",1,,263.155544277147,440.665806769947,0.00742829273187528,0.0647576660101949,TRUE,"joint_ess2_x2",3,2,"M11","S05",172,"hard","one_chain_standard",10230.02,0.0257238543304067,0.0430757522243306
"observed_loss",1,,611.597852727324,1695.42237354504,0.0703946076380853,0.042420152961298,TRUE,"joint_ess2_x2",3,2,"M11","S05",172,"hard","one_chain_standard",10230.02,0.0597846194560054,0.165730113288639
"terminal_lower",1,,7902.51050697986,7990.48854474186,0.00950697246605896,0.011238581962242,TRUE,"joint_ess2_x2",3,2,"M11","S05",172,"hard","one_chain_standard",10230.02,0.772482410296349,0.781082397174381
"terminal_midpoint",1,,8007.89349529695,7985.77670181072,0.00494101458081615,0.0111814008187876,TRUE,"joint_ess2_x2",3,2,"M11","S05",172,"hard","one_chain_standard",10230.02,0.782783757538788,0.780621807367993
"terminal_upper",1,,6967.61967726723,7581.73586974788,0.00233339400968085,0.0122715370800714,TRUE,"joint_ess2_x2",3,2,"M11","S05",172,"hard","one_chain_standard",10230.02,0.681095411081037,0.741126202074667
"terminal_width",1,,7790.28048423759,8429.66876954068,0.00963064157180135,0.0113309932728864,TRUE,"joint_ess2_x2",3,2,"M11","S05",172,"hard","one_chain_standard",10230.02,0.761511755034456,0.824012931503622
"training_t0001_lower",1,,8545.64257184597,8446.55408423747,0.00572260013486352,0.0108864511166588,TRUE,"joint_ess2_x2",3,2,"M11","S05",172,"hard","one_chain_standard",10230.02,0.83534954690665,0.825663496673268
"training_t0001_midpoint",1,,8842.16993581798,8524.74236562051,0.0041376803508495,0.0106249742758135,TRUE,"joint_ess2_x2",3,2,"M11","S05",172,"hard","one_chain_standard",10230.02,0.864335547322291,0.833306519989258
"training_t0001_upper",1,,8494.57901387437,8690.15555048362,0.00479291840532734,0.0108976397051741,TRUE,"joint_ess2_x2",3,2,"M11","S05",172,"hard","one_chain_standard",10230.02,0.830358006521431,0.849475910162797
"training_t0001_width",1,,7266.64951669903,7564.5285513923,0.00689346733101631,0.0119477741185542,TRUE,"joint_ess2_x2",3,2,"M11","S05",172,"hard","one_chain_standard",10230.02,0.710326032275502,0.739444160558073
"training_t0050_lower",1,,8062.19670723188,8424.56481674618,0.00463533924142019,0.0112102531057983,TRUE,"joint_ess2_x2",3,2,"M11","S05",172,"hard","one_chain_standard",10230.02,0.78809197902173,0.823514012362261
"training_t0050_midpoint",1,,8346.56257147981,8582.52316105483,0.00347030272797441,0.010974535439225,TRUE,"joint_ess2_x2",3,2,"M11","S05",172,"hard","one_chain_standard",10230.02,0.815889174359367,0.838954680543619
"training_t0050_upper",1,,8754.42632368094,8400.78810168252,0.00436454800930293,0.0111401192426346,TRUE,"joint_ess2_x2",3,2,"M11","S05",172,"hard","one_chain_standard",10230.02,0.85575847590532,0.821189802334944
"training_t0050_width",1,,7827.38448323222,8085.19348635581,0.0056472314558486,0.0113176297770241,TRUE,"joint_ess2_x2",3,2,"M11","S05",172,"hard","one_chain_standard",10230.02,0.765138727317466,0.79033994912579
"training_t0100_lower",1,,7602.35304726679,8547.26510905243,0.00391828414244202,0.0115528304649308,TRUE,"joint_ess2_x2",3,2,"M11","S05",172,"hard","one_chain_standard",10230.02,0.743141562505918,0.835508152384104
"training_t0100_midpoint",1,,1835.15335029662,6718.89174508894,0.011335312912755,0.0249092807191687,TRUE,"joint_ess2_x2",3,2,"M11","S05",172,"hard","one_chain_standard",10230.02,0.179389028593944,0.656781877756734
"training_t0100_upper",1,,1168.51594824489,6585.52259664693,0.0235402766051627,0.0309759653202759,TRUE,"joint_ess2_x2",3,2,"M11","S05",172,"hard","one_chain_standard",10230.02,0.114224209556276,0.643744840835788
"training_t0100_width",1,,1132.00954363466,6376.26725815179,0.0223074337127673,0.0298954561092317,TRUE,"joint_ess2_x2",3,2,"M11","S05",172,"hard","one_chain_standard",10230.02,0.110655653032414,0.623289813524489
"training_t0150_lower",1,,8310.23016004337,8773.73853755338,0.00312910423803707,0.0109463329482882,TRUE,"joint_ess2_x2",3,2,"M11","S05",172,"hard","one_chain_standard",10230.02,0.812337625932634,0.857646274157175
"training_t0150_midpoint",1,,8729.71067158451,8818.4743809726,0.00332888989329512,0.0106788292002834,TRUE,"joint_ess2_x2",3,2,"M11","S05",172,"hard","one_chain_standard",10230.02,0.853342483356289,0.862019270829637
"training_t0150_upper",1,,8597.61853597138,8858.20317323612,0.00559533055947018,0.0108410791771372,TRUE,"joint_ess2_x2",3,2,"M11","S05",172,"hard","one_chain_standard",10230.02,0.840430276379849,0.865902820643177
"training_t0150_width",1,,8203.88247999952,8725.07951950514,0.00612709181974489,0.0110492437563915,TRUE,"joint_ess2_x2",3,2,"M11","S05",172,"hard","one_chain_standard",10230.02,0.801941978608011,0.852889781203276
"training_t0200_lower",1,,7902.51050697986,7990.48854474186,0.00950697246605896,0.011238581962242,TRUE,"joint_ess2_x2",3,2,"M11","S05",172,"hard","one_chain_standard",10230.02,0.772482410296349,0.781082397174381
"training_t0200_midpoint",1,,8007.89349529695,7985.77670181072,0.00494101458081615,0.0111814008187876,TRUE,"joint_ess2_x2",3,2,"M11","S05",172,"hard","one_chain_standard",10230.02,0.782783757538788,0.780621807367993
"training_t0200_upper",1,,6967.61967726723,7581.73586974788,0.00233339400968085,0.0122715370800714,TRUE,"joint_ess2_x2",3,2,"M11","S05",172,"hard","one_chain_standard",10230.02,0.681095411081037,0.741126202074667
"training_t0200_width",1,,7790.28048423759,8429.66876954068,0.00963064157180135,0.0113309932728864,TRUE,"joint_ess2_x2",3,2,"M11","S05",172,"hard","one_chain_standard",10230.02,0.761511755034456,0.824012931503622
"future_h01_lower",1,,8176.68778187956,8361.11258050591,0.00811751450094146,0.011088525459761,TRUE,"joint_ess1_reverse_x2",4,2,"M11","S05",190,"guard","one_chain_standard",9747.359,0.83886186831526,0.857782357303749
"future_h01_midpoint",1,,8063.81636235317,8501.12002002528,0.00450538188468462,0.0111236781149461,TRUE,"joint_ess1_reverse_x2",4,2,"M11","S05",190,"guard","one_chain_standard",9747.359,0.827282175854318,0.872145985392072
"future_h01_upper",1,,7693.0901603665,8111.0356331687,0.00359947047989279,0.0114060477164776,TRUE,"joint_ess1_reverse_x2",4,2,"M11","S05",190,"guard","one_chain_standard",9747.359,0.789248673447495,0.83212649017736
"future_h01_width",1,,7919.10461274924,8418.61656165168,0.00882854278381577,0.0112593274278715,TRUE,"joint_ess1_reverse_x2",4,2,"M11","S05",190,"guard","one_chain_standard",9747.359,0.81243592369474,0.863681799516328
"future_h05_lower",1,,8176.68778187956,8361.11258050591,0.00811751450094146,0.011088525459761,TRUE,"joint_ess1_reverse_x2",4,2,"M11","S05",190,"guard","one_chain_standard",9747.359,0.83886186831526,0.857782357303749
"future_h05_midpoint",1,,8063.81636235317,8501.12002002528,0.00450538188468462,0.0111236781149461,TRUE,"joint_ess1_reverse_x2",4,2,"M11","S05",190,"guard","one_chain_standard",9747.359,0.827282175854318,0.872145985392072
"future_h05_upper",1,,7693.0901603665,8111.0356331687,0.00359947047989279,0.0114060477164776,TRUE,"joint_ess1_reverse_x2",4,2,"M11","S05",190,"guard","one_chain_standard",9747.359,0.789248673447495,0.83212649017736
"future_h05_width",1,,7919.10461274924,8418.61656165168,0.00882854278381577,0.0112593274278715,TRUE,"joint_ess1_reverse_x2",4,2,"M11","S05",190,"guard","one_chain_standard",9747.359,0.81243592369474,0.863681799516328
"future_h10_lower",1,,8176.68778187956,8361.11258050591,0.00811751450094146,0.011088525459761,TRUE,"joint_ess1_reverse_x2",4,2,"M11","S05",190,"guard","one_chain_standard",9747.359,0.83886186831526,0.857782357303749
"future_h10_midpoint",1,,8063.81636235317,8501.12002002528,0.00450538188468462,0.0111236781149461,TRUE,"joint_ess1_reverse_x2",4,2,"M11","S05",190,"guard","one_chain_standard",9747.359,0.827282175854318,0.872145985392072
"future_h10_upper",1,,7693.0901603665,8111.0356331687,0.00359947047989279,0.0114060477164776,TRUE,"joint_ess1_reverse_x2",4,2,"M11","S05",190,"guard","one_chain_standard",9747.359,0.789248673447495,0.83212649017736
"future_h10_width",1,,7919.10461274924,8418.61656165168,0.00882854278381577,0.0112593274278715,TRUE,"joint_ess1_reverse_x2",4,2,"M11","S05",190,"guard","one_chain_standard",9747.359,0.81243592369474,0.863681799516328
"future_h20_lower",1,,8176.68778187956,8361.11258050591,0.00811751450094146,0.011088525459761,TRUE,"joint_ess1_reverse_x2",4,2,"M11","S05",190,"guard","one_chain_standard",9747.359,0.83886186831526,0.857782357303749
"future_h20_midpoint",1,,8063.81636235317,8501.12002002528,0.00450538188468462,0.0111236781149461,TRUE,"joint_ess1_reverse_x2",4,2,"M11","S05",190,"guard","one_chain_standard",9747.359,0.827282175854318,0.872145985392072
"future_h20_upper",1,,7693.0901603665,8111.0356331687,0.00359947047989279,0.0114060477164776,TRUE,"joint_ess1_reverse_x2",4,2,"M11","S05",190,"guard","one_chain_standard",9747.359,0.789248673447495,0.83212649017736
"future_h20_width",1,,7919.10461274924,8418.61656165168,0.00882854278381577,0.0112593274278715,TRUE,"joint_ess1_reverse_x2",4,2,"M11","S05",190,"guard","one_chain_standard",9747.359,0.81243592369474,0.863681799516328
"log_lambda",1,,983.765417645172,3402.62660744628,0.00350262973540527,0.03191070449371,TRUE,"joint_ess1_reverse_x2",4,2,"M11","S05",190,"guard","one_chain_standard",9747.359,0.100926355297386,0.34908190079449
"log_q_1",1,,198.185999373091,993.332082009851,0.0146015396802714,0.069930543057787,FALSE,"joint_ess1_reverse_x2",4,2,"M11","S05",190,"guard","one_chain_standard",9747.359,0.0203322766067292,0.101907817492908
"mean_lower",1,,5079.80425677662,7636.68063206909,0.000593461289616181,0.0139293748941621,TRUE,"joint_ess1_reverse_x2",4,2,"M11","S05",190,"guard","one_chain_standard",9747.359,0.521146728747409,0.78346151322313
"mean_midpoint",1,,336.850263541663,1717.56330027334,0.00309735502564127,0.0538557065176981,TRUE,"joint_ess1_reverse_x2",4,2,"M11","S05",190,"guard","one_chain_standard",9747.359,0.0345581057947761,0.176208068285301
"mean_upper",1,,214.075688772489,1318.75872537802,0.00698865603510124,0.0670139631087893,TRUE,"joint_ess1_reverse_x2",4,2,"M11","S05",190,"guard","one_chain_standard",9747.359,0.0219624299025499,0.135293952482721
"mean_width",1,,209.42806757772,1265.82197247411,0.00755553379005508,0.0685418604139641,TRUE,"joint_ess1_reverse_x2",4,2,"M11","S05",190,"guard","one_chain_standard",9747.359,0.0214856216517438,0.129863070855819
"observed_loss",1,,598.777065271022,2041.57273670623,0.0910863083898338,0.0409137167237182,TRUE,"joint_ess1_reverse_x2",4,2,"M11","S05",190,"guard","one_chain_standard",9747.359,0.0614296719009756,0.209448809334532
"terminal_lower",1,,8176.68778187956,8361.11258050591,0.00811751450094146,0.011088525459761,TRUE,"joint_ess1_reverse_x2",4,2,"M11","S05",190,"guard","one_chain_standard",9747.359,0.83886186831526,0.857782357303749
"terminal_midpoint",1,,8063.81636235317,8501.12002002528,0.00450538188468462,0.0111236781149461,TRUE,"joint_ess1_reverse_x2",4,2,"M11","S05",190,"guard","one_chain_standard",9747.359,0.827282175854318,0.872145985392072
"terminal_upper",1,,7693.0901603665,8111.0356331687,0.00359947047989279,0.0114060477164776,TRUE,"joint_ess1_reverse_x2",4,2,"M11","S05",190,"guard","one_chain_standard",9747.359,0.789248673447495,0.83212649017736
"terminal_width",1,,7919.10461274924,8418.61656165168,0.00882854278381577,0.0112593274278715,TRUE,"joint_ess1_reverse_x2",4,2,"M11","S05",190,"guard","one_chain_standard",9747.359,0.81243592369474,0.863681799516328
"training_t0001_lower",1,,8431.90048868966,8616.93598132698,0.00487630624316274,0.0109988967618143,TRUE,"joint_ess1_reverse_x2",4,2,"M11","S05",190,"guard","one_chain_standard",9747.359,0.865044622721874,0.884027763964268
"training_t0001_midpoint",1,,8634.7431845968,8216.05584783111,0.00436807092055134,0.0107428654270178,TRUE,"joint_ess1_reverse_x2",4,2,"M11","S05",190,"guard","one_chain_standard",9747.359,0.885854638635635,0.842900712678286
"training_t0001_upper",1,,8589.11245646149,8161.90030589758,0.00628125406886515,0.0108210670533566,TRUE,"joint_ess1_reverse_x2",4,2,"M11","S05",190,"guard","one_chain_standard",9747.359,0.881173295911384,0.837344793179114
"training_t0001_width",1,,8015.05269354003,8471.14100195778,0.00715353410703308,0.0112311486223086,TRUE,"joint_ess1_reverse_x2",4,2,"M11","S05",190,"guard","one_chain_standard",9747.359,0.822279418818988,0.869070381213802
"training_t0050_lower",1,,7637.40673540712,7950.91481490775,0.00206090629445654,0.0115711139584158,TRUE,"joint_ess1_reverse_x2",4,2,"M11","S05",190,"guard","one_chain_standard",9747.359,0.78353600553823,0.815699392513167
"training_t0050_midpoint",1,,6837.86118957264,8294.78078730577,0.00363846177231247,0.0120995934312394,TRUE,"joint_ess1_reverse_x2",4,2,"M11","S05",190,"guard","one_chain_standard",9747.359,0.701509115399632,0.850977253151933
"training_t0050_upper",1,,6861.09725803398,7656.4316472841,0.00685750103362964,0.0120740061658388,TRUE,"joint_ess1_reverse_x2",4,2,"M11","S05",190,"guard","one_chain_standard",9747.359,0.7038929476214,0.785487807239284
"training_t0050_width",1,,6769.86622164837,7489.22594969423,0.00718937197003413,0.0122066517810366,TRUE,"joint_ess1_reverse_x2",4,2,"M11","S05",190,"guard","one_chain_standard",9747.359,0.69453338300645,0.768333858401463
"training_t0100_lower",1,,7474.83587900338,7872.97230532657,0.00398309237195656,0.0116418060752024,TRUE,"joint_ess1_reverse_x2",4,2,"M11","S05",190,"guard","one_chain_standard",9747.359,0.766857553825952,0.807703123002505
"training_t0100_midpoint",1,,7900.28115598193,8434.10583109671,0.00361816558446406,0.0112571459471927,TRUE,"joint_ess1_reverse_x2",4,2,"M11","S05",190,"guard","one_chain_standard",9747.359,0.810504789654503,0.86527087297151
"training_t0100_upper",1,,6925.84402121721,8044.41555770607,0.00630281570203528,0.0120542679581019,TRUE,"joint_ess1_reverse_x2",4,2,"M11","S05",190,"guard","one_chain_standard",9747.359,0.710535440545199,0.825291810602859
"training_t0100_width",1,,6343.75135843749,8102.10925877326,0.00764669622458873,0.0126106447163654,TRUE,"joint_ess1_reverse_x2",4,2,"M11","S05",190,"guard","one_chain_standard",9747.359,0.650817453059592,0.831210716541092
"training_t0150_lower",1,,6753.08516491767,8295.48023378977,0.00549596110841188,0.0121350490110647,TRUE,"joint_ess1_reverse_x2",4,2,"M11","S05",190,"guard","one_chain_standard",9747.359,0.69281178264981,0.851049010689949
"training_t0150_midpoint",1,,3649.15715871303,6122.5606965836,0.0063491177203193,0.0161590317638153,TRUE,"joint_ess1_reverse_x2",4,2,"M11","S05",190,"guard","one_chain_standard",9747.359,0.374373936438889,0.628125084608415
"training_t0150_upper",1,,2053.12796608132,6375.55986570615,0.0125237751411784,0.022571654747006,TRUE,"joint_ess1_reverse_x2",4,2,"M11","S05",190,"guard","one_chain_standard",9747.359,0.210634282176466,0.654080747996062
"training_t0150_width",1,,3138.60918706154,6337.20369630897,0.0114184999168514,0.0178672546058078,TRUE,"joint_ess1_reverse_x2",4,2,"M11","S05",190,"guard","one_chain_standard",9747.359,0.321995854165373,0.650145716014868
"training_t0200_lower",1,,8176.68778187956,8361.11258050591,0.00811751450094146,0.011088525459761,TRUE,"joint_ess1_reverse_x2",4,2,"M11","S05",190,"guard","one_chain_standard",9747.359,0.83886186831526,0.857782357303749
"training_t0200_midpoint",1,,8063.81636235317,8501.12002002528,0.00450538188468462,0.0111236781149461,TRUE,"joint_ess1_reverse_x2",4,2,"M11","S05",190,"guard","one_chain_standard",9747.359,0.827282175854318,0.872145985392072
"training_t0200_upper",1,,7693.0901603665,8111.0356331687,0.00359947047989279,0.0114060477164776,TRUE,"joint_ess1_reverse_x2",4,2,"M11","S05",190,"guard","one_chain_standard",9747.359,0.789248673447495,0.83212649017736
"training_t0200_width",1,,7919.10461274924,8418.61656165168,0.00882854278381577,0.0112593274278715,TRUE,"joint_ess1_reverse_x2",4,2,"M11","S05",190,"guard","one_chain_standard",9747.359,0.81243592369474,0.863681799516328
"future_h01_lower",4,1.00001971246898,34018.635524577,34963.2305139137,0.0021065664862051,0.00543987363657205,TRUE,"joint_ess1_reverse_x2",4,2,"M11","S05",74,"hard","four_chain_sentinel",38190.777,0.890755260742063,0.915488849936562
"future_h01_midpoint",4,1.00004284728806,31949.6500835838,32339.895773394,0.00199820288865499,0.00560746383040299,TRUE,"joint_ess1_reverse_x2",4,2,"M11","S05",74,"hard","four_chain_sentinel",38190.777,0.836580258201707,0.846798581065633
"future_h01_upper",4,1.00001852603515,29269.897873031,31828.1458120487,0.00309244097455286,0.00589573523300945,TRUE,"joint_ess1_reverse_x2",4,2,"M11","S05",74,"hard","four_chain_sentinel",38190.777,0.766412735541647,0.833398749966483
"future_h01_width",4,1.00000870044427,28925.0082107488,32160.4138438029,0.00347516236284122,0.00594039297546389,TRUE,"joint_ess1_reverse_x2",4,2,"M11","S05",74,"hard","four_chain_sentinel",38190.777,0.757382029979353,0.842098966559463
"future_h05_lower",4,1.00001971246898,34018.635524577,34963.2305139137,0.0021065664862051,0.00543987363657205,TRUE,"joint_ess1_reverse_x2",4,2,"M11","S05",74,"hard","four_chain_sentinel",38190.777,0.890755260742063,0.915488849936562
"future_h05_midpoint",4,1.00004284728806,31949.6500835838,32339.895773394,0.00199820288865499,0.00560746383040299,TRUE,"joint_ess1_reverse_x2",4,2,"M11","S05",74,"hard","four_chain_sentinel",38190.777,0.836580258201707,0.846798581065633
"future_h05_upper",4,1.00001852603515,29269.897873031,31828.1458120487,0.00309244097455286,0.00589573523300945,TRUE,"joint_ess1_reverse_x2",4,2,"M11","S05",74,"hard","four_chain_sentinel",38190.777,0.766412735541647,0.833398749966483
"future_h05_width",4,1.00000870044427,28925.0082107488,32160.4138438029,0.00347516236284122,0.00594039297546389,TRUE,"joint_ess1_reverse_x2",4,2,"M11","S05",74,"hard","four_chain_sentinel",38190.777,0.757382029979353,0.842098966559463
"future_h10_lower",4,1.00001971246898,34018.635524577,34963.2305139137,0.0021065664862051,0.00543987363657205,TRUE,"joint_ess1_reverse_x2",4,2,"M11","S05",74,"hard","four_chain_sentinel",38190.777,0.890755260742063,0.915488849936562
"future_h10_midpoint",4,1.00004284728806,31949.6500835838,32339.895773394,0.00199820288865499,0.00560746383040299,TRUE,"joint_ess1_reverse_x2",4,2,"M11","S05",74,"hard","four_chain_sentinel",38190.777,0.836580258201707,0.846798581065633
"future_h10_upper",4,1.00001852603515,29269.897873031,31828.1458120487,0.00309244097455286,0.00589573523300945,TRUE,"joint_ess1_reverse_x2",4,2,"M11","S05",74,"hard","four_chain_sentinel",38190.777,0.766412735541647,0.833398749966483
"future_h10_width",4,1.00000870044427,28925.0082107488,32160.4138438029,0.00347516236284122,0.00594039297546389,TRUE,"joint_ess1_reverse_x2",4,2,"M11","S05",74,"hard","four_chain_sentinel",38190.777,0.757382029979353,0.842098966559463
"future_h20_lower",4,1.00001971246898,34018.635524577,34963.2305139137,0.0021065664862051,0.00543987363657205,TRUE,"joint_ess1_reverse_x2",4,2,"M11","S05",74,"hard","four_chain_sentinel",38190.777,0.890755260742063,0.915488849936562
"future_h20_midpoint",4,1.00004284728806,31949.6500835838,32339.895773394,0.00199820288865499,0.00560746383040299,TRUE,"joint_ess1_reverse_x2",4,2,"M11","S05",74,"hard","four_chain_sentinel",38190.777,0.836580258201707,0.846798581065633
"future_h20_upper",4,1.00001852603515,29269.897873031,31828.1458120487,0.00309244097455286,0.00589573523300945,TRUE,"joint_ess1_reverse_x2",4,2,"M11","S05",74,"hard","four_chain_sentinel",38190.777,0.766412735541647,0.833398749966483
"future_h20_width",4,1.00000870044427,28925.0082107488,32160.4138438029,0.00347516236284122,0.00594039297546389,TRUE,"joint_ess1_reverse_x2",4,2,"M11","S05",74,"hard","four_chain_sentinel",38190.777,0.757382029979353,0.842098966559463
"log_lambda",4,1.00005775550469,8796.66710853334,18869.7649946415,0.00112355094521889,0.0106433327496422,TRUE,"joint_ess1_reverse_x2",4,2,"M11","S05",74,"hard","four_chain_sentinel",38190.777,0.230334855678201,0.494092199135972
"log_q_1",4,1.00088944329532,2561.84487407094,11801.4060118689,0.00425534546718328,0.019378262371262,TRUE,"joint_ess1_reverse_x2",4,2,"M11","S05",74,"hard","four_chain_sentinel",38190.777,0.0670801977679307,0.309011937931216
"mean_lower",4,1.00003294262235,20637.1061843858,29175.5437400623,0.000240449129535148,0.00694942331373916,TRUE,"joint_ess1_reverse_x2",4,2,"M11","S05",74,"hard","four_chain_sentinel",38190.777,0.540368848331779,0.763942135559648
"mean_midpoint",4,1.00104894097581,4064.93439885479,16427.6866048513,0.000836253672645407,0.0155559465814855,TRUE,"joint_ess1_reverse_x2",4,2,"M11","S05",74,"hard","four_chain_sentinel",38190.777,0.10643759352827,0.430148006804138
"mean_upper",4,1.00112795408379,3230.31817117064,11389.4256714409,0.0017322171541317,0.0171674144374905,TRUE,"joint_ess1_reverse_x2",4,2,"M11","S05",74,"hard","four_chain_sentinel",38190.777,0.0845837247870249,0.298224507750678
"mean_width",4,1.00094473959123,3643.65443304645,9264.12734687089,0.00171953194483295,0.0162502984390905,TRUE,"joint_ess1_reverse_x2",4,2,"M11","S05",74,"hard","four_chain_sentinel",38190.777,0.0954066588654755,0.242574989947727
"observed_loss",4,1.00010228337074,6250.14008350301,14188.9061249882,0.0299421525173159,0.0125725709768127,TRUE,"joint_ess1_reverse_x2",4,2,"M11","S05",74,"hard","four_chain_sentinel",38190.777,0.16365574556137,0.371527034524283
"terminal_lower",4,1.00001971246898,34018.635524577,34963.2305139137,0.0021065664862051,0.00543987363657205,TRUE,"joint_ess1_reverse_x2",4,2,"M11","S05",74,"hard","four_chain_sentinel",38190.777,0.890755260742063,0.915488849936562
"terminal_midpoint",4,1.00004284728806,31949.6500835838,32339.895773394,0.00199820288865499,0.00560746383040299,TRUE,"joint_ess1_reverse_x2",4,2,"M11","S05",74,"hard","four_chain_sentinel",38190.777,0.836580258201707,0.846798581065633
"terminal_upper",4,1.00001852603515,29269.897873031,31828.1458120487,0.00309244097455286,0.00589573523300945,TRUE,"joint_ess1_reverse_x2",4,2,"M11","S05",74,"hard","four_chain_sentinel",38190.777,0.766412735541647,0.833398749966483
"terminal_width",4,1.00000870044427,28925.0082107488,32160.4138438029,0.00347516236284122,0.00594039297546389,TRUE,"joint_ess1_reverse_x2",4,2,"M11","S05",74,"hard","four_chain_sentinel",38190.777,0.757382029979353,0.842098966559463
"training_t0001_lower",4,1.00002253340322,31217.4871060119,31362.7819314997,0.00112818107310872,0.00578407349903628,TRUE,"joint_ess1_reverse_x2",4,2,"M11","S05",74,"hard","four_chain_sentinel",38190.777,0.817409059417982,0.821213507426144
"training_t0001_midpoint",4,1.00010302061542,20065.2448248734,27779.7234226023,0.00252082173389641,0.0070847570547446,TRUE,"joint_ess1_reverse_x2",4,2,"M11","S05",74,"hard","four_chain_sentinel",38190.777,0.525395040401336,0.727393512381335
"training_t0001_upper",4,1.00008259047271,19696.9133421152,27817.9125080734,0.00478352291561798,0.00713085593544629,TRUE,"joint_ess1_reverse_x2",4,2,"M11","S05",74,"hard","four_chain_sentinel",38190.777,0.515750526419381,0.72839346808978
"training_t0001_width",4,1.000046802606,21006.8693762755,29428.9647498587,0.00473158811174423,0.00690402489992832,TRUE,"joint_ess1_reverse_x2",4,2,"M11","S05",74,"hard","four_chain_sentinel",38190.777,0.550050850661548,0.770577795520073
"training_t0050_lower",4,0.999972586462166,32969.437337786,33997.694893046,0.00153001197208796,0.00551207759573045,TRUE,"joint_ess1_reverse_x2",4,2,"M11","S05",74,"hard","four_chain_sentinel",38190.777,0.863282706654175,0.890206944285161
"training_t0050_midpoint",4,1.00000316042198,23128.848120536,30415.382288185,0.00136067219810728,0.0065949884505094,TRUE,"joint_ess1_reverse_x2",4,2,"M11","S05",74,"hard","four_chain_sentinel",38190.777,0.60561344747021,0.796406480239588
"training_t0050_upper",4,1.0000140165563,16694.3403679895,25102.1433517874,0.00224107847818998,0.00789612148239393,TRUE,"joint_ess1_reverse_x2",4,2,"M11","S05",74,"hard","four_chain_sentinel",38190.777,0.437130157576776,0.657282865750215
"training_t0050_width",4,1.00000187256893,20296.6507137323,28958.9907983418,0.00267744565299252,0.0070329510378506,TRUE,"joint_ess1_reverse_x2",4,2,"M11","S05",74,"hard","four_chain_sentinel",38190.777,0.531454249117066,0.758271841349072
"training_t0100_lower",4,1.00002843173742,30320.7602733076,29919.4716096659,0.0020023805504583,0.00573552933928648,TRUE,"joint_ess1_reverse_x2",4,2,"M11","S05",74,"hard","four_chain_sentinel",38190.777,0.793928865948645,0.78342139018711
"training_t0100_midpoint",4,1.00001064146963,33165.1696807853,34169.1476001213,0.0012352839887748,0.00548695901587631,TRUE,"joint_ess1_reverse_x2",4,2,"M11","S05",74,"hard","four_chain_sentinel",38190.777,0.86840782738684,0.894696318959976
"training_t0100_upper",4,1.00004434892883,28586.0005047017,32248.773116161,0.00172874994143831,0.00593305141720407,TRUE,"joint_ess1_reverse_x2",4,2,"M11","S05",74,"hard","four_chain_sentinel",38190.777,0.748505339514347,0.844412595118476
"training_t0100_width",4,1.00007914877186,25720.6808857565,28501.5755930078,0.0028862900492607,0.00628595794964336,TRUE,"joint_ess1_reverse_x2",4,2,"M11","S05",74,"hard","four_chain_sentinel",38190.777,0.673478858148304,0.746294729562789
"training_t0150_lower",4,0.999977549864926,29508.1933034223,34127.6950090651,0.00170678674602344,0.0058221603524171,TRUE,"joint_ess1_reverse_x2",4,2,"M11","S05",74,"hard","four_chain_sentinel",38190.777,0.77265234230302,0.893610910536465
"training_t0150_midpoint",4,0.999979162987089,26234.2800875707,32644.3816188755,0.00192719793521316,0.0061768491917274,TRUE,"joint_ess1_reverse_x2",4,2,"M11","S05",74,"hard","four_chain_sentinel",38190.777,0.686927110374599,0.854771339658146
"training_t0150_upper",4,0.999982767417172,22166.0748181306,29728.3392852392,0.00334073611505663,0.00669281604424957,TRUE,"joint_ess1_reverse_x2",4,2,"M11","S05",74,"hard","four_chain_sentinel",38190.777,0.58040387128365,0.778416717869846
"training_t0150_width",4,0.999987706828377,20666.5654038764,29026.1822958298,0.00369296004242885,0.00696908982630622,TRUE,"joint_ess1_reverse_x2",4,2,"M11","S05",74,"hard","four_chain_sentinel",38190.777,0.541140218327488,0.760031205854487
"training_t0200_lower",4,1.00001971246898,34018.635524577,34963.2305139137,0.0021065664862051,0.00543987363657205,TRUE,"joint_ess1_reverse_x2",4,2,"M11","S05",74,"hard","four_chain_sentinel",38190.777,0.890755260742063,0.915488849936562
"training_t0200_midpoint",4,1.00004284728806,31949.6500835838,32339.895773394,0.00199820288865499,0.00560746383040299,TRUE,"joint_ess1_reverse_x2",4,2,"M11","S05",74,"hard","four_chain_sentinel",38190.777,0.836580258201707,0.846798581065633
"training_t0200_upper",4,1.00001852603515,29269.897873031,31828.1458120487,0.00309244097455286,0.00589573523300945,TRUE,"joint_ess1_reverse_x2",4,2,"M11","S05",74,"hard","four_chain_sentinel",38190.777,0.766412735541647,0.833398749966483
"training_t0200_width",4,1.00000870044427,28925.0082107488,32160.4138438029,0.00347516236284122,0.00594039297546389,TRUE,"joint_ess1_reverse_x2",4,2,"M11","S05",74,"hard","four_chain_sentinel",38190.777,0.757382029979353,0.842098966559463
"future_h01_lower",1,,7585.02753957861,7854.55102061719,0.0101560419139206,0.0113825744654019,TRUE,"joint_ess1_reverse_x2",4,2,"M11","S05",172,"hard","one_chain_standard",9318.702,0.813957516784914,0.842880373319931
"future_h01_midpoint",1,,7789.5803122395,7933.02462626214,0.00525533213271381,0.0113080642009794,TRUE,"joint_ess1_reverse_x2",4,2,"M11","S05",172,"hard","one_chain_standard",9318.702,0.835908296266959,0.851301460896822
"future_h01_upper",1,,6818.22540529982,6865.94083386738,0.00235329778673835,0.0125473055792592,TRUE,"joint_ess1_reverse_x2",4,2,"M11","S05",172,"hard","one_chain_standard",9318.702,0.731671149619316,0.736791543915384
"future_h01_width",1,,7536.81340794894,8168.55848621139,0.0102245674311435,0.0114413301961081,TRUE,"joint_ess1_reverse_x2",4,2,"M11","S05",172,"hard","one_chain_standard",9318.702,0.808783606123357,0.876576854395751
"future_h05_lower",1,,7585.02753957861,7854.55102061719,0.0101560419139206,0.0113825744654019,TRUE,"joint_ess1_reverse_x2",4,2,"M11","S05",172,"hard","one_chain_standard",9318.702,0.813957516784914,0.842880373319931
"future_h05_midpoint",1,,7789.5803122395,7933.02462626214,0.00525533213271381,0.0113080642009794,TRUE,"joint_ess1_reverse_x2",4,2,"M11","S05",172,"hard","one_chain_standard",9318.702,0.835908296266959,0.851301460896822
"future_h05_upper",1,,6818.22540529982,6865.94083386738,0.00235329778673835,0.0125473055792592,TRUE,"joint_ess1_reverse_x2",4,2,"M11","S05",172,"hard","one_chain_standard",9318.702,0.731671149619316,0.736791543915384
"future_h05_width",1,,7536.81340794894,8168.55848621139,0.0102245674311435,0.0114413301961081,TRUE,"joint_ess1_reverse_x2",4,2,"M11","S05",172,"hard","one_chain_standard",9318.702,0.808783606123357,0.876576854395751
"future_h10_lower",1,,7585.02753957861,7854.55102061719,0.0101560419139206,0.0113825744654019,TRUE,"joint_ess1_reverse_x2",4,2,"M11","S05",172,"hard","one_chain_standard",9318.702,0.813957516784914,0.842880373319931
"future_h10_midpoint",1,,7789.5803122395,7933.02462626214,0.00525533213271381,0.0113080642009794,TRUE,"joint_ess1_reverse_x2",4,2,"M11","S05",172,"hard","one_chain_standard",9318.702,0.835908296266959,0.851301460896822
"future_h10_upper",1,,6818.22540529982,6865.94083386738,0.00235329778673835,0.0125473055792592,TRUE,"joint_ess1_reverse_x2",4,2,"M11","S05",172,"hard","one_chain_standard",9318.702,0.731671149619316,0.736791543915384
"future_h10_width",1,,7536.81340794894,8168.55848621139,0.0102245674311435,0.0114413301961081,TRUE,"joint_ess1_reverse_x2",4,2,"M11","S05",172,"hard","one_chain_standard",9318.702,0.808783606123357,0.876576854395751
"future_h20_lower",1,,7585.02753957861,7854.55102061719,0.0101560419139206,0.0113825744654019,TRUE,"joint_ess1_reverse_x2",4,2,"M11","S05",172,"hard","one_chain_standard",9318.702,0.813957516784914,0.842880373319931
"future_h20_midpoint",1,,7789.5803122395,7933.02462626214,0.00525533213271381,0.0113080642009794,TRUE,"joint_ess1_reverse_x2",4,2,"M11","S05",172,"hard","one_chain_standard",9318.702,0.835908296266959,0.851301460896822
"future_h20_upper",1,,6818.22540529982,6865.94083386738,0.00235329778673835,0.0125473055792592,TRUE,"joint_ess1_reverse_x2",4,2,"M11","S05",172,"hard","one_chain_standard",9318.702,0.731671149619316,0.736791543915384
"future_h20_width",1,,7536.81340794894,8168.55848621139,0.0102245674311435,0.0114413301961081,TRUE,"joint_ess1_reverse_x2",4,2,"M11","S05",172,"hard","one_chain_standard",9318.702,0.808783606123357,0.876576854395751
"log_lambda",1,,63.1025280868732,699.87213255922,0.0152817247557359,0.128571561582824,FALSE,"joint_ess1_reverse_x2",4,2,"M11","S05",172,"hard","one_chain_standard",9318.702,0.00677160060348246,0.0751040362229869
"log_q_1",1,,7.34635847379629,19.4897567172517,0.0732554426458664,0.379498510974527,FALSE,"joint_ess1_reverse_x2",4,2,"M11","S05",172,"hard","one_chain_standard",9318.702,0.000788345680953881,0.00209146689284105
"mean_lower",1,,6084.0155591768,7985.07228997815,0.000513655635045587,0.0128303886658442,TRUE,"joint_ess1_reverse_x2",4,2,"M11","S05",172,"hard","one_chain_standard",9318.702,0.652882296179962,0.856886752036727
"mean_midpoint",1,,7.85642254536784,20.5253408520627,0.0219443431251176,0.367090626821116,FALSE,"joint_ess1_reverse_x2",4,2,"M11","S05",172,"hard","one_chain_standard",9318.702,0.000843081208667027,0.00220259654746581
"mean_upper",1,,6.4658099291999,19.9465310966925,0.0440114337670431,0.407416330567953,FALSE,"joint_ess1_reverse_x2",4,2,"M11","S05",172,"hard","one_chain_standard",9318.702,0.000693853063355809,0.00214048384600049
"mean_width",1,,6.79715355089755,23.3541828033562,0.0438645762233639,0.396312862946782,FALSE,"joint_ess1_reverse_x2",4,2,"M11","S05",172,"hard","one_chain_standard",9318.702,0.000729409906111125,0.00250616263974921
"observed_loss",1,,32.1088169490602,405.989075538221,0.285814243378592,0.179728373094616,FALSE,"joint_ess1_reverse_x2",4,2,"M11","S05",172,"hard","one_chain_standard",9318.702,0.00344563190764767,0.0435671272177414
"terminal_lower",1,,7585.02753957861,7854.55102061719,0.0101560419139206,0.0113825744654019,TRUE,"joint_ess1_reverse_x2",4,2,"M11","S05",172,"hard","one_chain_standard",9318.702,0.813957516784914,0.842880373319931
"terminal_midpoint",1,,7789.5803122395,7933.02462626214,0.00525533213271381,0.0113080642009794,TRUE,"joint_ess1_reverse_x2",4,2,"M11","S05",172,"hard","one_chain_standard",9318.702,0.835908296266959,0.851301460896822
"terminal_upper",1,,6818.22540529982,6865.94083386738,0.00235329778673835,0.0125473055792592,TRUE,"joint_ess1_reverse_x2",4,2,"M11","S05",172,"hard","one_chain_standard",9318.702,0.731671149619316,0.736791543915384
"terminal_width",1,,7536.81340794894,8168.55848621139,0.0102245674311435,0.0114413301961081,TRUE,"joint_ess1_reverse_x2",4,2,"M11","S05",172,"hard","one_chain_standard",9318.702,0.808783606123357,0.876576854395751
"training_t0001_lower",1,,8160.84722713516,8667.79593305465,0.00594988046930103,0.0111097953243931,TRUE,"joint_ess1_reverse_x2",4,2,"M11","S05",172,"hard","one_chain_standard",9318.702,0.87574935083611,0.930150565288454
"training_t0001_midpoint",1,,8876.16833777695,8696.7531688682,0.00419463771712508,0.0106173126832951,TRUE,"joint_ess1_reverse_x2",4,2,"M11","S05",172,"hard","one_chain_standard",9318.702,0.952511233622124,0.933257997612564
"training_t0001_upper",1,,8210.03469435647,8409.22722734613,0.00478189273227066,0.0108858231182765,TRUE,"joint_ess1_reverse_x2",4,2,"M11","S05",172,"hard","one_chain_standard",9318.702,0.881027711193734,0.90240327755369
"training_t0001_width",1,,7107.97137088869,7796.06549456064,0.00697878079155285,0.0120534649204484,TRUE,"joint_ess1_reverse_x2",4,2,"M11","S05",172,"hard","one_chain_standard",9318.702,0.762764102864186,0.836604228202666
"training_t0050_lower",1,,8558.53445037955,8469.60234383543,0.00458277800538351,0.0108602699887245,TRUE,"joint_ess1_reverse_x2",4,2,"M11","S05",172,"hard","one_chain_standard",9318.702,0.918425597296657,0.908882196665955
"training_t0050_midpoint",1,,8825.03424171079,8167.97644674567,0.00344534322113226,0.0106500305480491,TRUE,"joint_ess1_reverse_x2",4,2,"M11","S05",172,"hard","one_chain_standard",9318.702,0.947023978415748,0.876514395110571
"training_t0050_upper",1,,8222.54622794205,8538.63321881864,0.00438290057561022,0.0109892893968542,TRUE,"joint_ess1_reverse_x2",4,2,"M11","S05",172,"hard","one_chain_standard",9318.702,0.882370337407726,0.916289974592882
"training_t0050_width",1,,7920.41678914813,7842.01133329661,0.00573948398160928,0.0113515929902078,TRUE,"joint_ess1_reverse_x2",4,2,"M11","S05",172,"hard","one_chain_standard",9318.702,0.849948500246937,0.841534725898157
"training_t0100_lower",1,,7182.34429992133,8219.96831816683,0.00426802993685329,0.0120358733407468,TRUE,"joint_ess1_reverse_x2",4,2,"M11","S05",172,"hard","one_chain_standard",9318.702,0.770745142394438,0.882093699118915
"training_t0100_midpoint",1,,573.736290027738,2495.67632290229,0.019569031044503,0.0469610591467059,TRUE,"joint_ess1_reverse_x2",4,2,"M11","S05",172,"hard","one_chain_standard",9318.702,0.0615682624069037,0.267813728017302
"training_t0100_upper",1,,677.842834724613,2328.96139070411,0.0350560339851383,0.052105118546202,TRUE,"joint_ess1_reverse_x2",4,2,"M11","S05",172,"hard","one_chain_standard",9318.702,0.0727400484235479,0.249923368158367
"training_t0100_width",1,,1130.5236431557,3384.2368037298,0.0264904827546944,0.0389642208625015,TRUE,"joint_ess1_reverse_x2",4,2,"M11","S05",172,"hard","one_chain_standard",9318.702,0.121317716046258,0.363166115166018
"training_t0150_lower",1,,8574.54456986061,8330.798807,0.00322650199161215,0.0107994606178521,TRUE,"joint_ess1_reverse_x2",4,2,"M11","S05",172,"hard","one_chain_standard",9318.702,0.920143660550644,0.893987038860133
"training_t0150_midpoint",1,,8843.50380829429,8850.7918330497,0.00339246188724547,0.0106226216085907,TRUE,"joint_ess1_reverse_x2",4,2,"M11","S05",172,"hard","one_chain_standard",9318.702,0.949005967600884,0.949788053427366
"training_t0150_upper",1,,8397.01797688247,8130.77013707405,0.00561559596359405,0.0108862011242505,TRUE,"joint_ess1_reverse_x2",4,2,"M11","S05",172,"hard","one_chain_standard",9318.702,0.901093089668762,0.872521745740346
"training_t0150_width",1,,8014.81955064768,8163.44909178363,0.00619765860194326,0.011263898919112,TRUE,"joint_ess1_reverse_x2",4,2,"M11","S05",172,"hard","one_chain_standard",9318.702,0.860078962783409,0.876028559748303
"training_t0200_lower",1,,7585.02753957861,7854.55102061719,0.0101560419139206,0.0113825744654019,TRUE,"joint_ess1_reverse_x2",4,2,"M11","S05",172,"hard","one_chain_standard",9318.702,0.813957516784914,0.842880373319931
"training_t0200_midpoint",1,,7789.5803122395,7933.02462626214,0.00525533213271381,0.0113080642009794,TRUE,"joint_ess1_reverse_x2",4,2,"M11","S05",172,"hard","one_chain_standard",9318.702,0.835908296266959,0.851301460896822
"training_t0200_upper",1,,6818.22540529982,6865.94083386738,0.00235329778673835,0.0125473055792592,TRUE,"joint_ess1_reverse_x2",4,2,"M11","S05",172,"hard","one_chain_standard",9318.702,0.731671149619316,0.736791543915384
"training_t0200_width",1,,7536.81340794894,8168.55848621139,0.0102245674311435,0.0114413301961081,TRUE,"joint_ess1_reverse_x2",4,2,"M11","S05",172,"hard","one_chain_standard",9318.702,0.808783606123357,0.876576854395751
