"provider","family","target","estimand","n_chains","n_draws_per_chain","rhat","ess_bulk","ess_tail","mcse_mean","sd","mcse_over_sd","pass"
"posterior","fixed_design","RQR","mean_lower_observed",4,6000,1.00129706342698,4003.79628389709,8006.7836423381,0.00127257244575002,0.0805007863436041,0.0158081989450172,TRUE
"posterior","fixed_design","RQR","mean_upper_observed",4,6000,1.00030680221518,4989.70515126488,10115.9937785856,0.000344122511526565,0.0242917712263214,0.0141662173713249,TRUE
"posterior","fixed_design","RQR","mean_width_observed",4,6000,1.00089969216893,3676.00399340312,7897.23550617735,0.00138927176463202,0.0842060525361513,0.0164984787053826,TRUE
"posterior","fixed_design","RQR","mean_midpoint_observed",4,6000,1.00152819181778,4567.13317394523,9080.37319467687,0.000621469412290526,0.0419829555259631,0.0148028980929224,TRUE
"posterior","fixed_design","RQR","observed_mean_tilted_loss",4,6000,1.00071672654361,7673.06820536976,12246.8284079724,0.0335607634638698,2.91654250131529,0.0115070373391558,TRUE
"posterior","fixed_design","RQR","lower_0001",4,6000,1.00141977246639,4072.01452258102,9123.57104365955,0.011304759335131,0.719674886053035,0.015708147601385,TRUE
"posterior","fixed_design","RQR","upper_0001",4,6000,1.00040952360864,5467.30524665916,7980.75156511382,0.00273327202033323,0.197241234459653,0.0138575081819027,TRUE
"posterior","fixed_design","RQR","width_0001",4,6000,1.0013491378259,3719.40676912105,8209.99156679625,0.0120731578871431,0.735040926795739,0.0164251505555937,TRUE
"posterior","fixed_design","RQR","midpoint_0001",4,6000,1.00132542087037,4666.48852312011,9895.88609769463,0.00556734608876154,0.378611584710669,0.0147046374532255,TRUE
"posterior","fixed_design","RQR","lower_0121",4,6000,1.00147909702774,3721.92955260599,6893.32386392661,0.00473521414019524,0.283666823794899,0.016692872563832,TRUE
"posterior","fixed_design","RQR","upper_0121",4,6000,1.00047905609429,4982.26688933095,8343.60268126048,0.00113363621066928,0.0797796650715209,0.0142095884916663,TRUE
"posterior","fixed_design","RQR","width_0121",4,6000,1.00139855117728,3500.99912512254,7261.61985869128,0.00501535884568266,0.291552528432982,0.0172022478166761,TRUE
"posterior","fixed_design","RQR","midpoint_0121",4,6000,1.00140972666363,4160.39894367039,7667.74808380752,0.00234438265780096,0.148879520859952,0.0157468444569101,TRUE
"posterior","fixed_design","RQR","lower_0241",4,6000,1.00096142152755,4380.45601801256,7902.81334321567,0.00378547751395366,0.249079913014641,0.0151978434075137,TRUE
"posterior","fixed_design","RQR","upper_0241",4,6000,1.00115276623615,4688.80233533362,9164.71962348508,0.00120087504913677,0.0821678265854084,0.0146149058462504,TRUE
"posterior","fixed_design","RQR","width_0241",4,6000,1.0008903561086,4038.78179635107,7817.65180026721,0.00414412423056023,0.262687061908871,0.0157758977562354,TRUE
"posterior","fixed_design","RQR","midpoint_0241",4,6000,1.00092069820516,4844.09726494422,8267.31536036194,0.00189292325086958,0.130939124302085,0.0144565137498742,TRUE
"posterior","fixed_design","RQR","lower_0361",4,6000,1.00023794000752,4857.37314587677,8381.00048381483,0.00264914978350303,0.184966298990844,0.0143223376255918,TRUE
"posterior","fixed_design","RQR","upper_0361",4,6000,1.00107822405415,4594.37956984655,8497.68853935685,0.00100126644264066,0.0678284945666847,0.0147617376596245,TRUE
"posterior","fixed_design","RQR","width_0361",4,6000,1.0004847282083,4338.81437876076,8170.10896880872,0.00298586891619297,0.196971023237973,0.0151589247347594,TRUE
"posterior","fixed_design","RQR","midpoint_0361",4,6000,1.00022337455986,5448.27706427946,9695.72912557442,0.0013353363767797,0.0985252364621527,0.0135532420395931,TRUE
"posterior","fixed_design","RQR","lower_0481",4,6000,1.00028396999035,4808.69343097081,8040.37548069109,0.00281454697672264,0.194514199815018,0.0144696221633139,TRUE
"posterior","fixed_design","RQR","upper_0481",4,6000,1.00110962487419,4707.4916337208,8265.86975755373,0.000960777630549978,0.0655815920670844,0.0146501114149102,TRUE
"posterior","fixed_design","RQR","width_0481",4,6000,1.00050313812643,4228.81865717958,7289.30723070818,0.00317125464379634,0.205659873715731,0.0154198997913406,TRUE
"posterior","fixed_design","RQR","midpoint_0481",4,6000,1.00021577104965,5418.11475209557,9340.09759306911,0.00139481176975002,0.102442001443121,0.0136156239638139,TRUE
"posterior","fixed_design","RQR","lower_0601",4,6000,1.00030971310449,4289.96278558149,7256.4570383112,0.00324166398694814,0.211613198478181,0.0153188175891703,TRUE
"posterior","fixed_design","RQR","upper_0601",4,6000,1.0006051093304,4855.36289718319,8356.33394606208,0.000918715725852932,0.0639480568895653,0.0143665933030538,TRUE
"posterior","fixed_design","RQR","width_0601",4,6000,1.00040020190946,3820.80794984999,6658.59848224466,0.0035997689422567,0.221755799219332,0.0162330318076429,TRUE
"posterior","fixed_design","RQR","midpoint_0601",4,6000,1.00026273382125,4880.45175895901,8369.28205971732,0.00158078338326756,0.110185485673964,0.0143465663703209,TRUE
"posterior","fixed_design","RQR","lower_0721",4,6000,1.0005281909362,4003.96425909842,7275.2009795242,0.00298620306224656,0.188558140888282,0.015837041286994,TRUE
"posterior","fixed_design","RQR","upper_0721",4,6000,1.00039614582183,5070.46662853323,8607.47720421223,0.00074220447433179,0.0529470888693198,0.0140178523537648,TRUE
"posterior","fixed_design","RQR","width_0721",4,6000,1.00083699131378,3639.10561206486,6643.88633493388,0.00325771133255739,0.196015746468388,0.0166196409791127,TRUE
"posterior","fixed_design","RQR","midpoint_0721",4,6000,1.0003883004061,4553.51189634594,8005.76798250284,0.00145180936149172,0.0978429360843216,0.0148381622587505,TRUE
"posterior","fixed_design","RQR","lower_0841",4,6000,1.00059203358777,4246.78176230753,8384.36026330322,0.00279503116599389,0.182313796170039,0.015330881286609,TRUE
"posterior","fixed_design","RQR","upper_0841",4,6000,1.00036806642696,5278.06333232766,9736.52063475074,0.000709370384588713,0.0515913068625686,0.0137498045257579,TRUE
"posterior","fixed_design","RQR","width_0841",4,6000,1.0006690835153,3927.51603053233,8074.49692175222,0.00300709023223316,0.188563003936527,0.0159474030931613,TRUE
"posterior","fixed_design","RQR","midpoint_0841",4,6000,1.00051882011939,4763.18905008153,9218.56692220518,0.00137856655175696,0.0951892325605549,0.0144823790955556,TRUE
"posterior","fixed_design","RQR","lower_0848",4,6000,1.00054871586108,4277.89322801762,8481.47072461094,0.00279526428773679,0.183009088528807,0.015273909674146,TRUE
"posterior","fixed_design","RQR","upper_0848",4,6000,1.00038760217149,5287.26295704011,9627.62355172582,0.000714035994880711,0.0519618968637328,0.013741530582558,TRUE
"posterior","fixed_design","RQR","width_0848",4,6000,1.00061884636422,3957.2571199125,8210.37478399181,0.00300718764279798,0.189283158235218,0.0158872435922746,TRUE
"posterior","fixed_design","RQR","midpoint_0848",4,6000,1.0004918478851,4790.02672677453,9219.18075630648,0.00138072365979397,0.0955989231478911,0.0144428787932893,TRUE
"posterior","fixed_design","RQR","lower_0961",4,6000,1.00043027023749,4664.69114256097,8219.10221138973,0.00285188434206619,0.194400236322217,0.0146701691110047,TRUE
"posterior","fixed_design","RQR","upper_0961",4,6000,1.00062898707011,5037.99651255379,9396.32778460666,0.000819283063208007,0.0578270682613293,0.0141678125459437,TRUE
"posterior","fixed_design","RQR","width_0961",4,6000,1.00068796280087,4323.39191123772,8207.84592563299,0.00306823485356852,0.201549677724358,0.015223218852102,TRUE
"posterior","fixed_design","RQR","midpoint_0961",4,6000,1.00019830876878,5094.48293964678,9389.15125384101,0.00143252031265322,0.102039907414791,0.0140388241125117,TRUE
"posterior","fixed_design","RQR","lower_1081",4,6000,1.00077056577309,4078.64302292527,7839.40252412575,0.00287414457080525,0.182947557921701,0.0157102100922022,TRUE
"posterior","fixed_design","RQR","upper_1081",4,6000,1.00065533011241,4792.73774547234,9345.22488529035,0.000770641784404347,0.0529593173562777,0.0145515807769942,TRUE
"posterior","fixed_design","RQR","width_1081",4,6000,1.00108545075372,3845.3650569329,7485.60040102734,0.00306699089474843,0.189888700047191,0.0161515187264236,TRUE
"posterior","fixed_design","RQR","midpoint_1081",4,6000,1.00043213292618,4455.94377270971,8232.17040679482,0.00143729770502542,0.0955134520409327,0.0150481180850783,TRUE
"posterior","fixed_design","RQR","lower_1200",4,6000,1.00145734588537,3246.73648343168,7045.72545245851,0.00327044069220169,0.186146089556682,0.0175692151255524,TRUE
"posterior","fixed_design","RQR","upper_1200",4,6000,1.0003525229525,4978.84645367834,10040.0208781213,0.000655137001588797,0.0461583707000142,0.0141932436447241,TRUE
"posterior","fixed_design","RQR","width_1200",4,6000,1.00155634129469,3146.04822198633,6286.37860806819,0.00343143937969493,0.192488339868177,0.0178267389185491,TRUE
"posterior","fixed_design","RQR","midpoint_1200",4,6000,1.00120606842086,3507.47200958867,7703.5110260691,0.00161754980057116,0.0955381634487521,0.0169309283555449,TRUE
"posterior","fixed_design","RQR","lower_1320",4,6000,1.00194193699634,3218.51936289167,7213.77492287147,0.00392767564273934,0.222542409576312,0.0176491107929363,TRUE
"posterior","fixed_design","RQR","upper_1320",4,6000,1.00035699609314,5067.96315654095,8862.17363307018,0.000718780716933006,0.0512095440545068,0.014036069451584,TRUE
"posterior","fixed_design","RQR","width_1320",4,6000,1.00180734345931,3096.48796004534,6362.66604683157,0.00412410943781709,0.229453954584554,0.0179735818686766,TRUE
"posterior","fixed_design","RQR","midpoint_1320",4,6000,1.00188245199675,3476.79241072258,8273.52271929226,0.0019307845818605,0.113628743777832,0.0169920437177022,TRUE
"posterior","fixed_design","RQR","lower_1440",4,6000,1.00223947958033,3484.01439512297,7687.39867696089,0.00404380695887557,0.238426099530018,0.0169604207209138,TRUE
"posterior","fixed_design","RQR","upper_1440",4,6000,1.00032495160358,4972.27138713364,8925.47080786472,0.000814096601159216,0.0574711126304711,0.0141653182598658,TRUE
"posterior","fixed_design","RQR","width_1440",4,6000,1.00201449974734,3309.34637112475,6860.12734374235,0.00427145165422882,0.245595542524812,0.0173922197867141,TRUE
"posterior","fixed_design","RQR","midpoint_1440",4,6000,1.0022176077159,3813.31903560562,8658.13327270669,0.00198728126002232,0.122456826004217,0.016228423721793,TRUE
"posterior","fixed_design","RQR","lower_1560",4,6000,1.00254293547521,3700.38656163,7794.81370288797,0.0033690267427056,0.20482208410235,0.0164485522031018,TRUE
"posterior","fixed_design","RQR","upper_1560",4,6000,1.00044235883949,4776.21061729155,9024.26202191414,0.000781880025745557,0.0540560947820608,0.0144642344012804,TRUE
"posterior","fixed_design","RQR","width_1560",4,6000,1.00230267198425,3478.67603251029,7293.42568427078,0.00357193321198575,0.210677315297238,0.0169545221655508,TRUE
"posterior","fixed_design","RQR","midpoint_1560",4,6000,1.00248373554742,4182.50940462758,8453.15505846335,0.00164771902138862,0.106493384603672,0.0154725012029695,TRUE
"posterior","fixed_design","RQR","lower_1680",4,6000,1.00186200070553,3774.63825448196,8481.32574173912,0.00308481571424105,0.190106113771399,0.0162268096119755,TRUE
"posterior","fixed_design","RQR","upper_1680",4,6000,1.00069390499376,4853.37644410301,9413.49650023872,0.00077552097806922,0.0540229737414167,0.0143553922407397,TRUE
"posterior","fixed_design","RQR","width_1680",4,6000,1.00165046967964,3447.80382365191,7619.3811757136,0.00333222708834842,0.196012521666981,0.0170000725464354,TRUE
"posterior","fixed_design","RQR","midpoint_1680",4,6000,1.00190224204773,4382.6888315235,9085.2996458363,0.00149996273409521,0.099620183346563,0.0150568156342082,TRUE
"posterior","fixed_design","RQR","lower_1800",4,6000,1.00084555058499,3675.44537441408,7771.76970342742,0.00351316976260884,0.212844936040422,0.0165057709521529,TRUE
"posterior","fixed_design","RQR","upper_1800",4,6000,1.00054288709586,5303.02101490584,9441.05190389347,0.000812625378080629,0.0590349213099048,0.0137651640766105,TRUE
"posterior","fixed_design","RQR","width_1800",4,6000,1.00077596837692,3442.99176790128,7163.16739090193,0.00377004018561697,0.221092395566945,0.0170518763250518,TRUE
"posterior","fixed_design","RQR","midpoint_1800",4,6000,1.00093111697821,4143.01192627999,8768.00822693865,0.00171530986911949,0.110333959059196,0.0155465269600195,TRUE
"posterior","fixed_design","RQR","lower_1920",4,6000,1.00078362287661,4122.75827024723,7245.7016780274,0.00309944081291427,0.1984501664979,0.015618232363373,TRUE
"posterior","fixed_design","RQR","upper_1920",4,6000,1.00020838083417,5656.20867440152,9762.84929974855,0.000731425073148753,0.0547768496824241,0.0133528137778876,TRUE
"posterior","fixed_design","RQR","width_1920",4,6000,1.00097990509045,3930.14960875854,7143.8746496335,0.00332439289911354,0.208091763769418,0.0159756101774274,TRUE
"posterior","fixed_design","RQR","midpoint_1920",4,6000,1.00052463102826,4471.4565952802,7916.1107529568,0.00152648160994587,0.101813262323337,0.0149929545042776,TRUE
"posterior","fixed_design","RQR","lower_2040",4,6000,1.00037332317849,4797.0635060755,8529.9340876314,0.00280267605642131,0.193457692130348,0.0144872815630041,TRUE
"posterior","fixed_design","RQR","upper_2040",4,6000,1.00071031093161,4627.08738790021,8340.202267248,0.000852742718246307,0.0579372543432144,0.014718383325429,TRUE
"posterior","fixed_design","RQR","width_2040",4,6000,1.00041035811981,4330.00878924201,8339.29877054707,0.00307525070941007,0.201987623742985,0.0152249462240474,TRUE
"posterior","fixed_design","RQR","midpoint_2040",4,6000,1.0007101568422,5334.91443832488,9265.19022837384,0.00138611152132922,0.100953216918933,0.0137302362780802,TRUE
"posterior","fixed_design","RQR","lower_2160",4,6000,1.00086969548937,4268.60762279722,7812.67839711203,0.0038936423247933,0.254626391915194,0.0152915897504062,TRUE
"posterior","fixed_design","RQR","upper_2160",4,6000,1.00100592289598,4357.91221213676,7352.19289331404,0.00118309579997914,0.0783204605839108,0.0151058330244573,TRUE
"posterior","fixed_design","RQR","width_2160",4,6000,1.00040442884485,3777.86970698301,7738.67599595124,0.0042932040269822,0.26388243760899,0.0162693814180377,TRUE
"posterior","fixed_design","RQR","midpoint_2160",4,6000,1.00134954546574,4869.24472424467,8891.66288007724,0.00192660870726897,0.134446501565854,0.0143299281485973,TRUE
"posterior","fixed_design","RQR","lower_2280",4,6000,1.00021371187256,5823.35220105983,10024.462362997,0.00264857360192845,0.202386935718847,0.0130866826582513,TRUE
"posterior","fixed_design","RQR","upper_2280",4,6000,1.00034968727581,4539.28810495357,9058.74001006448,0.00115450980909416,0.0782936400533635,0.0147458951749755,TRUE
"posterior","fixed_design","RQR","width_2280",4,6000,1.00035348494308,4628.12353275249,8513.2447002406,0.00316335848863727,0.21597941665203,0.0146465739081694,TRUE
"posterior","fixed_design","RQR","midpoint_2280",4,6000,1.00023005555322,6647.51271815254,11398.9746885817,0.00133878025535625,0.109011035252847,0.0122811443103077,TRUE
"posterior","fixed_design","RQR","lower_2400",4,6000,1.00106908866752,4260.21000954023,8904.37610093726,0.0100615381804277,0.653507148517088,0.0153962174755991,TRUE
"posterior","fixed_design","RQR","upper_2400",4,6000,1.00097016558116,5104.53626280513,8997.43279558118,0.00274556468427973,0.19498116334694,0.0140811791105913,TRUE
"posterior","fixed_design","RQR","width_2400",4,6000,1.00078833255966,3889.32973541862,8203.08357301161,0.0107804289132166,0.670419497943035,0.0160801243792772,TRUE
"posterior","fixed_design","RQR","midpoint_2400",4,6000,1.00153350709724,4738.43229399594,10037.9445408598,0.0050508538211403,0.346668498433277,0.0145696936524864,TRUE
"posterior","fixed_design","ET","mean_lower_observed",4,6000,1.00046213841061,4528.26930449665,8483.73513018486,0.000967040240765761,0.0650606947366233,0.0148636629946929,TRUE
"posterior","fixed_design","ET","mean_upper_observed",4,6000,1.00122064138587,3419.63946778999,6024.6041919863,0.000576490386424575,0.0336316204190401,0.0171413205561217,TRUE
"posterior","fixed_design","ET","mean_width_observed",4,6000,1.00092473062729,3656.69944998303,7123.03586754692,0.00119968866146706,0.0724726939486609,0.0165536645059297,TRUE
"posterior","fixed_design","ET","mean_midpoint_observed",4,6000,1.00029740671053,4942.87132561282,10004.1444129205,0.000526429337912808,0.0369988797636789,0.014228250727461,TRUE
"posterior","fixed_design","ET","observed_mean_tilted_loss",4,6000,1.00051981590363,6405.47533425447,11295.4027019522,0.0369310172525836,2.928809500032,0.0126095661913758,TRUE
"posterior","fixed_design","ET","lower_0001",4,6000,1.00038050077404,6061.7441513332,9921.09191895622,0.00643249732290242,0.499270272199087,0.0128837979769351,TRUE
"posterior","fixed_design","ET","upper_0001",4,6000,1.00096521821618,3884.30121072591,4758.73216774378,0.00493296806414919,0.289252819171437,0.0170541745393516,TRUE
"posterior","fixed_design","ET","width_0001",4,6000,1.00065170867478,4393.43720186145,7699.74671800624,0.00869824319658097,0.574177810292856,0.0151490410124775,TRUE
"posterior","fixed_design","ET","midpoint_0001",4,6000,1.00024347226559,6052.89249472463,8912.72259355595,0.00373107835180633,0.289911985940582,0.0128696933302062,TRUE
"posterior","fixed_design","ET","lower_0121",4,6000,1.0003879334072,6245.03790618517,9804.27239624477,0.00239197681384958,0.18787857946352,0.0127315036162173,TRUE
"posterior","fixed_design","ET","upper_0121",4,6000,1.00107588578529,3798.27009994655,5731.34623529801,0.0019256281648761,0.115367175941441,0.0166913001827619,TRUE
"posterior","fixed_design","ET","width_0121",4,6000,1.00042299313615,4504.54062183575,7808.34605151128,0.00322345183904934,0.215231482487006,0.0149766744242165,TRUE
"posterior","fixed_design","ET","midpoint_0121",4,6000,1.00056192049188,6043.5370702998,11032.1456894342,0.00145110753537436,0.112795501637158,0.0128649415474236,TRUE
"posterior","fixed_design","ET","lower_0241",4,6000,1.00022001359284,6156.18583932937,8761.77629126604,0.00228073193088295,0.174396670446266,0.0130778410221178,TRUE
"posterior","fixed_design","ET","upper_0241",4,6000,1.00029469497595,3985.21095588173,7373.2924231499,0.00172415369676214,0.108556564448075,0.0158825374175031,TRUE
"posterior","fixed_design","ET","width_0241",4,6000,1.00041560547386,4362.95249264775,7331.3367657094,0.00310664296921515,0.203103268002334,0.0152958787899929,TRUE
"posterior","fixed_design","ET","midpoint_0241",4,6000,1.0002233677117,6229.05764855866,10520.0593840068,0.00131703685688987,0.103858696340024,0.0126810455291872,TRUE
"posterior","fixed_design","ET","lower_0361",4,6000,1.00011939791305,6157.64032731917,10439.9181172035,0.0017552815558718,0.136874207647588,0.0128240490742503,TRUE
"posterior","fixed_design","ET","upper_0361",4,6000,1.00046279270276,3499.64886388761,7627.01519617853,0.00152769399724559,0.0904088725936888,0.0168976114115622,TRUE
"posterior","fixed_design","ET","width_0361",4,6000,1.0003515445873,3997.82966106111,7740.30969574797,0.00261104137992884,0.164158110745304,0.0159056495477092,TRUE
"posterior","fixed_design","ET","midpoint_0361",4,6000,1.00025380111404,6524.41254210926,11176.6159615739,0.00101551262499858,0.0819584355056976,0.0123905808930185,TRUE
"posterior","fixed_design","ET","lower_0481",4,6000,1.00042601820345,4827.37366394059,8607.91230245926,0.0022090733220435,0.15222265903007,0.0145121188666605,TRUE
"posterior","fixed_design","ET","upper_0481",4,6000,1.00037850219847,3200.14004938063,6347.1749180983,0.00168527115935395,0.0943648075509813,0.0178591066213267,TRUE
"posterior","fixed_design","ET","width_0481",4,6000,1.00049217817758,3589.67104513109,6606.25112001553,0.00300543424204736,0.179412084054853,0.0167515708759533,TRUE
"posterior","fixed_design","ET","midpoint_0481",4,6000,1.00026111354544,4997.29413939897,9149.42431808365,0.00126386840164911,0.0893926923016247,0.0141383861377016,TRUE
"posterior","fixed_design","ET","lower_0601",4,6000,1.00056494476872,4580.80530697545,8639.16463347311,0.00234424229202931,0.157685081225921,0.0148666080126543,TRUE
"posterior","fixed_design","ET","upper_0601",4,6000,1.00039046596934,3148.24807460705,5363.0454178186,0.00173633018693313,0.0960816764804531,0.0180713976955468,TRUE
"posterior","fixed_design","ET","width_0601",4,6000,1.00074702490446,3539.97801061498,6381.23365664155,0.00310795660089924,0.184206278384175,0.0168721534801186,TRUE
"posterior","fixed_design","ET","midpoint_0601",4,6000,1.0002500096009,4627.32003957461,9562.57095677894,0.00136068489917455,0.09254808722617,0.0147024637672877,TRUE
"posterior","fixed_design","ET","lower_0721",4,6000,1.00069139654567,4730.00817878623,8060.84049226285,0.00196164982966975,0.133488457960003,0.0146952767276518,TRUE
"posterior","fixed_design","ET","upper_0721",4,6000,1.00077951499403,3026.35968932333,5106.6223262291,0.00155579501714541,0.084182380487312,0.0184812428460596,TRUE
"posterior","fixed_design","ET","width_0721",4,6000,1.00112065273416,3501.23957085058,6080.62274600676,0.00266450243577943,0.156733423004474,0.0170002184901135,TRUE
"posterior","fixed_design","ET","midpoint_0721",4,6000,1.00031291155962,4608.92003127645,8783.44093944079,0.00117062619276831,0.0794454487359104,0.0147349686029173,TRUE
"posterior","fixed_design","ET","lower_0841",4,6000,1.00091598768726,4819.75086147958,7472.05651490888,0.00199406892781624,0.136531314764207,0.0146052129598257,TRUE
"posterior","fixed_design","ET","upper_0841",4,6000,1.00137043245208,3109.0884099883,5169.82888655402,0.00153723480933878,0.0839806381279917,0.0183046335870411,TRUE
"posterior","fixed_design","ET","width_0841",4,6000,1.00135448586797,3563.26208202982,5990.7930476581,0.00268571927095367,0.159105022303619,0.0168801665218873,TRUE
"posterior","fixed_design","ET","midpoint_0841",4,6000,1.00076216891656,4757.58989376913,8454.81058419459,0.00117174233088822,0.080735195022091,0.0145134018759427,TRUE
"posterior","fixed_design","ET","lower_0848",4,6000,1.00092436602492,4809.3411971198,7590.7637606461,0.00201396539170004,0.137849446536358,0.0146098910246176,TRUE
"posterior","fixed_design","ET","upper_0848",4,6000,1.00138820072244,3126.94877176394,5193.26059305205,0.00154257292748446,0.0844735754916876,0.01826101142879,TRUE
"posterior","fixed_design","ET","width_0848",4,6000,1.00135561529847,3568.16024062991,6027.25374117126,0.00270704068314843,0.16050252685556,0.0168660315583976,TRUE
"posterior","fixed_design","ET","midpoint_0848",4,6000,1.00078714446136,4769.91490548428,8613.28488208043,0.00118016474591619,0.0814178245325314,0.0144951643290917,TRUE
"posterior","fixed_design","ET","lower_0961",4,6000,1.00108068613357,4619.03020620011,7935.35092407201,0.00232058690870711,0.156917259623893,0.0147886020586213,TRUE
"posterior","fixed_design","ET","upper_0961",4,6000,1.00144017593141,3418.25892787862,5638.96672043304,0.00159398697099946,0.0910688936707365,0.0175030892190542,TRUE
"posterior","fixed_design","ET","width_0961",4,6000,1.00130642872109,3590.62651357022,6432.86202513003,0.00302659503616271,0.180716076726136,0.0167477907388911,TRUE
"posterior","fixed_design","ET","midpoint_0961",4,6000,1.00108811581431,4942.72100841695,8844.93233298141,0.0012969199719388,0.0910698072048054,0.0142409434229083,TRUE
"posterior","fixed_design","ET","lower_1081",4,6000,1.00134618338139,4385.51786301954,7697.91526334809,0.00222983518023087,0.147620789075872,0.0151051568968705,TRUE
"posterior","fixed_design","ET","upper_1081",4,6000,1.00115160112994,3677.55838207391,6213.44290992296,0.00135084013625877,0.0802071801413869,0.0168418854007528,TRUE
"posterior","fixed_design","ET","width_1081",4,6000,1.00127535711218,3506.18521519842,6927.85028009948,0.00284215852514595,0.168183993197368,0.0168991024122647,TRUE
"posterior","fixed_design","ET","midpoint_1081",4,6000,1.00139997638266,5104.00063621063,9775.17107736961,0.00117511847983746,0.083911147440938,0.0140043190407399,TRUE
"posterior","fixed_design","ET","lower_1200",4,6000,1.00135318532747,4271.50663484997,7276.31965221016,0.00211536772894965,0.138304293071817,0.0152950257867353,TRUE
"posterior","fixed_design","ET","upper_1200",4,6000,1.00049320312491,4340.1952526394,7621.32132471891,0.000957839099609481,0.062491214357625,0.0153275801959609,TRUE
"posterior","fixed_design","ET","width_1200",4,6000,1.00098507101299,3568.92740993949,6618.99298127504,0.00256201254657254,0.152976936955359,0.0167477045727499,TRUE
"posterior","fixed_design","ET","midpoint_1200",4,6000,1.00144959833467,5427.44414166552,8943.07688914187,0.00102150480991344,0.0752736930602709,0.0135705419567435,TRUE
"posterior","fixed_design","ET","lower_1320",4,6000,1.00086020298067,4679.28519035295,7590.69230986168,0.0022929406937877,0.156759075757398,0.0146271638991817,TRUE
"posterior","fixed_design","ET","upper_1320",4,6000,1.00029956514246,5047.11064789914,9157.15034875977,0.000879635921590995,0.0624102248960594,0.0140944199937747,TRUE
"posterior","fixed_design","ET","width_1320",4,6000,1.00063865383355,4084.59047656117,7128.51949850611,0.00266068838717483,0.169856068028949,0.0156643705347127,TRUE
"posterior","fixed_design","ET","midpoint_1320",4,6000,1.00090854443072,5580.6301023046,9372.68130817625,0.00112208260717992,0.0837940990785234,0.0133909501924285,TRUE
"posterior","fixed_design","ET","lower_1440",4,6000,1.00050233294683,4810.18623837503,8781.08009377221,0.00242645146443369,0.168246802177882,0.0144219767212471,TRUE
"posterior","fixed_design","ET","upper_1440",4,6000,1.00089715614622,4529.74000585341,8836.86633934756,0.00105324264309006,0.0707696078122891,0.0148826971866751,TRUE
"posterior","fixed_design","ET","width_1440",4,6000,1.00052480403019,4203.63664215319,7602.42027523254,0.00281340478627904,0.182421211089606,0.0154225748720476,TRUE
"posterior","fixed_design","ET","midpoint_1440",4,6000,1.00057518105871,5493.89755592737,10293.2629007991,0.0012321497399188,0.0913142231672849,0.01349351390376,TRUE
"posterior","fixed_design","ET","lower_1560",4,6000,1.00024293148943,4663.74136131025,9020.97548051495,0.00223593512738304,0.152703074903394,0.0146423713392646,TRUE
"posterior","fixed_design","ET","upper_1560",4,6000,1.00135330339367,4040.44811918216,8226.43810543443,0.00107274451486674,0.0679161642306603,0.0157951281115262,TRUE
"posterior","fixed_design","ET","width_1560",4,6000,1.00036172419898,4081.39496496003,8018.86967828074,0.00258507880668346,0.165092300667196,0.0156583850139361,TRUE
"posterior","fixed_design","ET","midpoint_1560",4,6000,1.00047871308615,5094.16956917129,9991.0286967238,0.00118431339145624,0.084566839183464,0.0140044656143163,TRUE
"posterior","fixed_design","ET","lower_1680",4,6000,1.00011480852082,4220.21474399762,8550.97270979274,0.00253634176841756,0.16449158382181,0.0154192798773531,TRUE
"posterior","fixed_design","ET","upper_1680",4,6000,1.00114098219931,4144.69836838823,7329.82519023924,0.00107719993589502,0.0689761392010996,0.0156169937658362,TRUE
"posterior","fixed_design","ET","width_1680",4,6000,1.00009939692213,3774.01961925644,7675.87888771628,0.00286391635869278,0.175820144930147,0.0162888977246072,TRUE
"posterior","fixed_design","ET","midpoint_1680",4,6000,1.00040887498302,4681.12984653443,9244.67399613771,0.00132336537130351,0.0904401106967142,0.0146325049926282,TRUE
"posterior","fixed_design","ET","lower_1800",4,6000,1.00029002836243,4078.81999982739,7733.88409941986,0.00310739129770364,0.198265655571957,0.0156728672383496,TRUE
"posterior","fixed_design","ET","upper_1800",4,6000,1.00059844759894,4731.62810350184,7328.10137386048,0.00112501363446838,0.0763525298702359,0.0147344644163119,TRUE
"posterior","fixed_design","ET","width_1800",4,6000,1.00022060181874,3695.14553881192,7324.26349237358,0.00348766310491214,0.2118038880269,0.0164664734788494,TRUE
"posterior","fixed_design","ET","midpoint_1800",4,6000,1.00041979728139,4689.44861075233,8764.11348074736,0.00155899416835526,0.106556406436468,0.0146306939253323,TRUE
"posterior","fixed_design","ET","lower_1920",4,6000,1.00078375575846,4112.08931942762,8010.21791537512,0.00302925792725279,0.194159626333056,0.0156018940933502,TRUE
"posterior","fixed_design","ET","upper_1920",4,6000,1.00052580264882,4863.26512761354,7838.54280853993,0.00104730696698817,0.0721587961167433,0.0145139196237942,TRUE
"posterior","fixed_design","ET","width_1920",4,6000,1.00093068709695,3686.44778309671,7401.39266240629,0.00343590912926265,0.208529195090394,0.0164768733115439,TRUE
"posterior","fixed_design","ET","midpoint_1920",4,6000,1.00059351840661,4823.06039421177,9493.54018288508,0.00148256388175619,0.102865542705724,0.0144126385061467,TRUE
"posterior","fixed_design","ET","lower_2040",4,6000,1.0015265476704,4484.76249843038,8726.86020273077,0.00273514150123374,0.183054207204244,0.0149417024771356,TRUE
"posterior","fixed_design","ET","upper_2040",4,6000,1.00113217696773,3936.82526938976,7265.57561922115,0.00123810916616727,0.0774241955628226,0.015991243527518,TRUE
"posterior","fixed_design","ET","width_2040",4,6000,1.00223387226637,3915.27032376324,7579.56819889425,0.00315845377787817,0.197341383457348,0.0160050250106857,TRUE
"posterior","fixed_design","ET","midpoint_2040",4,6000,1.00079331691607,4951.98044206551,10154.0138858719,0.00142270615870052,0.100078813995007,0.0142158575017835,TRUE
"posterior","fixed_design","ET","lower_2160",4,6000,1.0012287327084,4719.02439916384,8912.99921375859,0.00321237293913758,0.220481313666341,0.0145698194813866,TRUE
"posterior","fixed_design","ET","upper_2160",4,6000,1.00080804940086,3881.21270063415,6952.03098420132,0.00163160926450074,0.101356076635766,0.0160977942187334,TRUE
"posterior","fixed_design","ET","width_2160",4,6000,1.0018143816269,4067.31127074885,7885.00011061529,0.00375080378493277,0.239107023847708,0.0156867151979681,TRUE
"posterior","fixed_design","ET","midpoint_2160",4,6000,1.00058064389928,5103.63076658288,9821.46392410312,0.00172449693500616,0.123083263525909,0.0140108158136639,TRUE
"posterior","fixed_design","ET","lower_2280",4,6000,1.00112185540746,5041.54524192936,8744.4186479117,0.00283224433657596,0.200530528106181,0.014123756434114,TRUE
"posterior","fixed_design","ET","upper_2280",4,6000,1.00029759124845,4049.30190896129,7813.21680189462,0.00153600190125599,0.09808978706337,0.0156591419682017,TRUE
"posterior","fixed_design","ET","width_2280",4,6000,1.00156098657138,3968.54963118498,7263.2541218535,0.00356152875606536,0.223805810799748,0.0159134775962187,TRUE
"posterior","fixed_design","ET","midpoint_2280",4,6000,1.00039218016247,6075.55680295759,10661.1993970124,0.00143164542154524,0.111331887963006,0.0128592575562983,TRUE
"posterior","fixed_design","ET","lower_2400",4,6000,1.0005326107823,4704.62240723092,9427.2488566326,0.00791595309705245,0.541237297444799,0.0146256607488507,TRUE
"posterior","fixed_design","ET","upper_2400",4,6000,1.00101334427885,4139.9034702212,6413.51121485343,0.00421769925841425,0.263535131289337,0.0160043150140146,TRUE
"posterior","fixed_design","ET","width_2400",4,6000,1.00085274804754,4238.36511447488,8565.05458226589,0.00884930049626759,0.575576906742895,0.0153746621738952,TRUE
"posterior","fixed_design","ET","midpoint_2400",4,6000,1.00059067753893,4750.85107023634,9191.60676614761,0.00454622429546598,0.313643260553434,0.0144948891535052,TRUE
"posterior","fixed_design","SH","mean_lower_observed",4,6000,1.00043859032531,4640.55995512735,7983.44203833307,0.000799024447951258,0.0543764347160231,0.0146943147730097,TRUE
"posterior","fixed_design","SH","mean_upper_observed",4,6000,1.00026395976395,2192.04787109703,3746.28153716129,0.00131141470804748,0.0611109183699434,0.0214595810867815,TRUE
"posterior","fixed_design","SH","mean_width_observed",4,6000,1.00088085430785,2427.86953680458,4645.60081116496,0.00166206428451952,0.0816840360616307,0.0203474799318864,TRUE
"posterior","fixed_design","SH","mean_midpoint_observed",4,6000,1.00047418543086,3381.36716291126,6388.83930421348,0.000706241444004112,0.0409585163475493,0.0172428473241407,TRUE
"posterior","fixed_design","SH","observed_mean_tilted_loss",4,6000,1.00049896050542,4741.44496314197,8683.76764376985,0.0416828877959104,2.83124680494149,0.0147224493898446,TRUE
"posterior","fixed_design","SH","lower_0001",4,6000,1.00025153851713,6361.73641800218,10577.1832950338,0.00495013431478874,0.397052507335352,0.0124672032623832,TRUE
"posterior","fixed_design","SH","upper_0001",4,6000,1.00121653078968,2410.50311216401,2959.93558262886,0.0109769633767144,0.492163482445992,0.0223034901373834,TRUE
"posterior","fixed_design","SH","width_0001",4,6000,1.00069232556959,2575.61852766378,3017.94313854505,0.0128992674842031,0.631327069571064,0.0204319885934356,TRUE
"posterior","fixed_design","SH","midpoint_0001",4,6000,1.00099782538117,3525.31259055522,4115.44841593321,0.00557011733072239,0.316692794872304,0.0175883929818118,TRUE
"posterior","fixed_design","SH","lower_0121",4,6000,1.00008688229485,5959.89790542242,6842.09491021307,0.00197398643768436,0.150486639131613,0.0131173534678912,TRUE
"posterior","fixed_design","SH","upper_0121",4,6000,1.00087238097822,1992.63283612098,3760.12219079519,0.00438187042808903,0.192321005436574,0.0227841489188456,TRUE
"posterior","fixed_design","SH","width_0121",4,6000,1.00050988793284,2253.66653737452,3935.62518149512,0.00521439898289005,0.244530917611781,0.021324088723899,TRUE
"posterior","fixed_design","SH","midpoint_0121",4,6000,1.00080738459357,3203.45095889225,4951.49607680345,0.00219014367186855,0.121934229925877,0.0179616804337873,TRUE
"posterior","fixed_design","SH","lower_0241",4,6000,1.00004801730378,7766.70884482279,11609.1408498161,0.00142964389276673,0.124754638888754,0.0114596451522863,TRUE
"posterior","fixed_design","SH","upper_0241",4,6000,1.00166054902877,2488.61209385371,4306.16029075275,0.00345202665991962,0.168800180691587,0.0204503730136805,TRUE
"posterior","fixed_design","SH","width_0241",4,6000,1.00079187758106,2864.2906200485,4505.97853203894,0.00398481410562415,0.20988636174243,0.0189855790178223,TRUE
"posterior","fixed_design","SH","midpoint_0241",4,6000,1.00066490201775,3956.3082563728,5819.37236480828,0.00169987198934668,0.104954939147804,0.0161962076596777,TRUE
"posterior","fixed_design","SH","lower_0361",4,6000,1.00027246707064,6338.72225341627,11466.8492577473,0.00132221267056826,0.104774290085639,0.0126196290090586,TRUE
"posterior","fixed_design","SH","upper_0361",4,6000,1.00121135692145,1708.06064177307,3208.07958305425,0.00368437550923069,0.151387511925405,0.024337380688614,TRUE
"posterior","fixed_design","SH","width_0361",4,6000,1.00116745078952,2103.58937317875,3572.67900939509,0.00412754869378256,0.187053820959031,0.022066102005404,TRUE
"posterior","fixed_design","SH","midpoint_0361",4,6000,1.00056085091657,2884.71000368773,5100.96856453319,0.00170758462899421,0.0905573427785616,0.0188563906205789,TRUE
"posterior","fixed_design","SH","lower_0481",4,6000,1.00021186320411,5885.41309900551,8705.66225470273,0.00159086928740821,0.12158792335962,0.0130841060810201,TRUE
"posterior","fixed_design","SH","upper_0481",4,6000,1.00093235233103,1623.60120860438,3090.27346949295,0.0043695524472232,0.171267773627279,0.0255129867965262,TRUE
"posterior","fixed_design","SH","width_0481",4,6000,1.00082693514598,2001.94712167395,3100.15894794056,0.0048434288278466,0.21167431588425,0.0228815140259866,TRUE
"posterior","fixed_design","SH","midpoint_0481",4,6000,1.0010824707842,2752.78446672509,4572.80199133813,0.00201573827927202,0.104195166364897,0.0193457945276733,TRUE
"posterior","fixed_design","SH","lower_0601",4,6000,1.00010914838027,5566.72933123454,8542.95996145263,0.00167160040508976,0.124536542089453,0.0134225696092402,TRUE
"posterior","fixed_design","SH","upper_0601",4,6000,1.00095940738278,1959.34677458353,3394.35715731465,0.00394555529836345,0.17123936176727,0.0230411703106312,TRUE
"posterior","fixed_design","SH","width_0601",4,6000,1.00098489640109,2216.32262676754,3276.57012936367,0.00453700102999089,0.211816413842287,0.021419496948754,TRUE
"posterior","fixed_design","SH","midpoint_0601",4,6000,1.00049545074923,2906.8933259972,5053.2825575001,0.00197811797347717,0.105828098224329,0.0186918030907449,TRUE
"posterior","fixed_design","SH","lower_0721",4,6000,1.0003687008997,4626.95221487464,10414.8284500444,0.00162103648158623,0.109897483176805,0.0147504422733529,TRUE
"posterior","fixed_design","SH","upper_0721",4,6000,1.00140454218061,1949.58732641786,3562.62329610582,0.00340065521338016,0.149970783461977,0.0226754514104565,TRUE
"posterior","fixed_design","SH","width_0721",4,6000,1.00111890351741,2121.00145627486,3750.98794209737,0.00405248756282435,0.186197209806345,0.0217644913532225,TRUE
"posterior","fixed_design","SH","midpoint_0721",4,6000,1.00077972649308,2860.97117678634,5388.73744849166,0.00174040696797466,0.0928277766376027,0.0187487736000525,TRUE
"posterior","fixed_design","SH","lower_0841",4,6000,1.00117627847077,3707.52930467735,9769.80229732289,0.00196775819078307,0.119343671335458,0.0164881653862648,TRUE
"posterior","fixed_design","SH","upper_0841",4,6000,1.00151381019517,1747.31642398229,3389.62988949152,0.00381941713379519,0.159939398268591,0.0238804020469123,TRUE
"posterior","fixed_design","SH","width_0841",4,6000,1.00094550295476,1815.09727394228,3675.27286615526,0.00474527490830912,0.202163151416037,0.0234725016654676,TRUE
"posterior","fixed_design","SH","midpoint_0841",4,6000,1.00138491492903,2694.66952041927,5248.56629383631,0.00190332999215393,0.0984595173437112,0.0193310920417131,TRUE
"posterior","fixed_design","SH","lower_0848",4,6000,1.00120783661177,3694.23472978611,9707.96133497297,0.00199141678517488,0.120576961280071,0.0165157320605326,TRUE
"posterior","fixed_design","SH","upper_0848",4,6000,1.00152725277601,1738.05910468291,3375.68667659562,0.00386682747545881,0.161508546225172,0.0239419372276917,TRUE
"posterior","fixed_design","SH","width_0848",4,6000,1.00092013088523,1804.30489109622,3726.76858069314,0.00480926475484569,0.204293212836031,0.023540991343191,TRUE
"posterior","fixed_design","SH","midpoint_0848",4,6000,1.00141288282249,2690.02666051638,5181.96977202029,0.00192284040990799,0.0993880166063051,0.0193468033226252,TRUE
"posterior","fixed_design","SH","lower_0961",4,6000,1.00129480894945,3766.89323086997,9170.37428330863,0.00219756208331547,0.134580479967802,0.0163289808733127,TRUE
"posterior","fixed_design","SH","upper_0961",4,6000,1.00156871505016,1653.4799973294,3514.21865084209,0.00444692792517501,0.181354342361988,0.0245206586578381,TRUE
"posterior","fixed_design","SH","width_0961",4,6000,1.00118511889736,1707.00173945719,3763.66711371054,0.00556276487585744,0.22993696277662,0.0241925648172607,TRUE
"posterior","fixed_design","SH","midpoint_0961",4,6000,1.00156774291576,2675.69369715996,5480.2421893737,0.00214960371123799,0.110828244722284,0.0193958112088171,TRUE
"posterior","fixed_design","SH","lower_1081",4,6000,1.00078323164454,4236.96918436782,8910.94572889264,0.00185544677288963,0.120549622747823,0.0153915601774302,TRUE
"posterior","fixed_design","SH","upper_1081",4,6000,1.00154303254075,1666.55613229704,3691.77976187157,0.00394410054075058,0.161578281511458,0.0244098433518176,TRUE
"posterior","fixed_design","SH","width_1081",4,6000,1.00139696062389,1744.75309215731,3724.01505195791,0.00491443009100821,0.205296639283232,0.0239381906502042,TRUE
"posterior","fixed_design","SH","midpoint_1081",4,6000,1.00122253598775,2763.48827646583,5615.07328455851,0.0018864945984241,0.0989100539640527,0.0190728295336864,TRUE
"posterior","fixed_design","SH","lower_1200",4,6000,1.00031047448033,5022.22183459939,8538.30888740876,0.00155843119427238,0.109849193758264,0.0141870062123706,TRUE
"posterior","fixed_design","SH","upper_1200",4,6000,1.00143939133769,1998.65397653463,4121.96900705816,0.00260891788658029,0.117366269597375,0.0222288558333684,TRUE
"posterior","fixed_design","SH","width_1200",4,6000,1.00148714739393,2242.73368351914,4327.77376806819,0.00344360074639672,0.162733101719644,0.0211610342948501,TRUE
"posterior","fixed_design","SH","midpoint_1200",4,6000,1.00035345061957,3567.05704340543,6545.4358710345,0.00133030225745468,0.0793746036553764,0.0167597971667424,TRUE
"posterior","fixed_design","SH","lower_1320",4,6000,1.00085013096296,4777.42557226528,9304.63092436407,0.00189399012092736,0.130776640530689,0.0144826332381807,TRUE
"posterior","fixed_design","SH","upper_1320",4,6000,1.00069684654987,3207.64252757598,5932.91106876544,0.00170011955945795,0.0956343827523246,0.0177772837606005,TRUE
"posterior","fixed_design","SH","width_1320",4,6000,1.00132636436622,3325.6730994274,6521.47464978564,0.00282537921085586,0.162614263644898,0.0173747317580066,TRUE
"posterior","fixed_design","SH","midpoint_1320",4,6000,1.00042288716663,5095.62895894227,9286.88311682843,0.00113091381163328,0.0807055311069973,0.0140128414511509,TRUE
"posterior","fixed_design","SH","lower_1440",4,6000,1.00137884620176,4469.18400559111,8678.20326740136,0.00219050430824748,0.1465065211017,0.0149515823034724,TRUE
"posterior","fixed_design","SH","upper_1440",4,6000,1.0005063258117,3227.39213406313,6603.65864928911,0.0017999428094621,0.102089707483825,0.0176309919366483,TRUE
"posterior","fixed_design","SH","width_1440",4,6000,1.00130518518517,3245.67645529683,7336.74124582782,0.00314358629581614,0.179198915698876,0.0175424403856249,TRUE
"posterior","fixed_design","SH","midpoint_1440",4,6000,1.00087096786496,5053.52893625176,8713.74926487055,0.00125225350468908,0.0889672507320233,0.0140754434287395,TRUE
"posterior","fixed_design","SH","lower_1560",4,6000,1.00156454063575,4412.01528476589,8447.01870913304,0.00199780145384056,0.133100165749151,0.0150097593237092,TRUE
"posterior","fixed_design","SH","upper_1560",4,6000,1.00106913977556,2751.49181434623,5912.62868957912,0.00192156039518071,0.101137138615431,0.0189995527012816,TRUE
"posterior","fixed_design","SH","width_1560",4,6000,1.00141306372156,3008.98563207878,6267.75663839603,0.00304978905645265,0.167370807765974,0.0182217502392473,TRUE
"posterior","fixed_design","SH","midpoint_1560",4,6000,1.0010495894123,4606.35788537463,8871.23227637369,0.00123074818245418,0.0834801811319636,0.0147429984670091,TRUE
"posterior","fixed_design","SH","lower_1680",4,6000,1.00091474263642,4340.67245102328,9164.82602947808,0.00201133611165371,0.132570565508457,0.0151718151306023,TRUE
"posterior","fixed_design","SH","upper_1680",4,6000,1.00209282771357,2557.45526966081,4906.72279734728,0.0023327016248898,0.117851879720839,0.019793503764347,TRUE
"posterior","fixed_design","SH","width_1680",4,6000,1.00127505329754,2799.06094530812,5647.88224279031,0.00334517789876712,0.176806418646275,0.0189200025902883,TRUE
"posterior","fixed_design","SH","midpoint_1680",4,6000,1.00052033266125,4049.72983516588,7560.31927703089,0.00140003998523912,0.088976866531999,0.0157348762639963,TRUE
"posterior","fixed_design","SH","lower_1800",4,6000,1.00069398829153,4298.86089354692,8287.6398481688,0.00231830142343221,0.151805538969794,0.0152715206517827,TRUE
"posterior","fixed_design","SH","upper_1800",4,6000,1.00093201933488,2545.20632901515,4528.01309678063,0.00288726907685126,0.143993527253365,0.0200513810025012,TRUE
"posterior","fixed_design","SH","width_1800",4,6000,1.00102815557367,2693.74714394722,5312.43903096908,0.00406682983509378,0.210008594123762,0.0193650638539921,TRUE
"posterior","fixed_design","SH","midpoint_1800",4,6000,1.00031428417389,3959.48721444529,6694.57095806981,0.00166172662074242,0.104228721449166,0.0159430778545325,TRUE
"posterior","fixed_design","SH","lower_1920",4,6000,1.00095090831976,4418.0538786806,8176.20950628483,0.00223629031991789,0.147854547027489,0.0151249343687896,TRUE
"posterior","fixed_design","SH","upper_1920",4,6000,1.00150559453001,2457.5172121087,4219.21672976311,0.0028835700784721,0.140957376160364,0.0204570357154743,TRUE
"posterior","fixed_design","SH","width_1920",4,6000,1.00150581434479,2617.89434610266,4700.15544609331,0.00409210358988221,0.207688526136232,0.0197030797319926,TRUE
"posterior","fixed_design","SH","midpoint_1920",4,6000,1.00051285755417,4092.89162966388,6631.59494418965,0.00157355302470778,0.100405893817042,0.015671918897262,TRUE
"posterior","fixed_design","SH","lower_2040",4,6000,1.000996744159,4029.25413556424,8817.5404218224,0.00242203874053641,0.15364910975991,0.0157634414174027,TRUE
"posterior","fixed_design","SH","upper_2040",4,6000,1.00202883080547,2263.93378428134,4121.70745434737,0.00291802396487408,0.137767765023328,0.021180745469595,TRUE
"posterior","fixed_design","SH","width_2040",4,6000,1.00259177839822,2523.91967834396,5041.73191371405,0.00408560365870352,0.20471987783423,0.0199570442397968,TRUE
"posterior","fixed_design","SH","midpoint_2040",4,6000,1.0005283960136,3702.66069166262,6513.25290565733,0.00171411432667202,0.104002143774311,0.0164815287884038,TRUE
"posterior","fixed_design","SH","lower_2160",4,6000,1.0009052377079,3705.59262031061,9300.26552259146,0.00334145709092238,0.202675131036089,0.0164867641818739,TRUE
"posterior","fixed_design","SH","upper_2160",4,6000,1.00129680056981,2439.61513726372,3880.88243256326,0.00343344674436877,0.16619226477891,0.0206594858607671,TRUE
"posterior","fixed_design","SH","width_2160",4,6000,1.00213621743324,2554.98743185092,4711.27916411575,0.00505448653504525,0.254776723501734,0.0198388866360111,TRUE
"posterior","fixed_design","SH","midpoint_2160",4,6000,1.00011250306874,3625.40014040095,5478.99553984278,0.00225017216586395,0.134613313222912,0.0167158218751944,TRUE
"posterior","fixed_design","SH","lower_2280",4,6000,1.00068761186761,3633.59456399427,7881.8580232293,0.00319247906469398,0.192321288432474,0.0165997175388875,TRUE
"posterior","fixed_design","SH","upper_2280",4,6000,1.00035528204771,2036.08377735098,2408.00956547361,0.00463910069995601,0.191973549264673,0.02416531192826,TRUE
"posterior","fixed_design","SH","width_2280",4,6000,1.00103037009411,2185.445947674,2880.14922084724,0.00591130423868238,0.267484992087895,0.022099573484631,TRUE
"posterior","fixed_design","SH","midpoint_2280",4,6000,1.00019346502647,2861.65319124918,3056.80410544918,0.00268007280938799,0.137962333818822,0.0194261196893608,TRUE
"posterior","fixed_design","SH","lower_2400",4,6000,1.00025252254862,5344.0991185786,7312.30816246729,0.00579597509325888,0.414267655600421,0.0139908945699814,TRUE
"posterior","fixed_design","SH","upper_2400",4,6000,1.0006591636868,1884.75969772073,2266.2740118473,0.0140514308734262,0.564828442311354,0.024877342960857,TRUE
"posterior","fixed_design","SH","width_2400",4,6000,1.00185142549094,2126.76441706711,2667.29301866436,0.0149009303286544,0.661349008458794,0.0225311146430529,TRUE
"posterior","fixed_design","SH","midpoint_2400",4,6000,1.00036683662495,2561.46841425656,2806.20083114989,0.00761245805835449,0.368753036750767,0.0206437840497015,TRUE
"posterior","dlm","RQR","mean_lower_observed",5,6000,1.00163745412259,2072.04340402819,4519.84569141057,0.00277847864169556,0.126182434274775,0.0220195359018446,TRUE
"posterior","dlm","RQR","mean_upper_observed",5,6000,1.0006906984963,3082.80581859207,5884.43362403884,0.000715285268404798,0.0396516533015487,0.0180392293598729,TRUE
"posterior","dlm","RQR","mean_width_observed",5,6000,1.00163251523879,1956.89980191189,4387.46891404829,0.00296283520510315,0.130872290909158,0.022639133039703,TRUE
"posterior","dlm","RQR","mean_midpoint_observed",5,6000,1.0014217290647,2329.33440382451,5159.39821702615,0.00138747734958857,0.0668224590431559,0.0207636379962087,TRUE
"posterior","dlm","RQR","observed_mean_tilted_loss",5,6000,1.00096580663639,6698.73527631346,11090.9309777023,0.0283064232771745,2.26370331008768,0.0125044758078646,TRUE
"posterior","dlm","RQR","lower_0001",5,6000,1.00141166263218,2802.97985283735,5022.40334725311,0.00504812310486168,0.265967718702673,0.0189802098145039,TRUE
"posterior","dlm","RQR","upper_0001",5,6000,1.00132373755927,3856.36305307312,8328.5832627581,0.0020428118223025,0.126793608649096,0.0161113154209217,TRUE
"posterior","dlm","RQR","width_0001",5,6000,1.00147057013323,2580.54628685115,4833.83314302359,0.0057780972086057,0.292895566926035,0.0197274996997986,TRUE
"posterior","dlm","RQR","midpoint_0001",5,6000,1.00127849936705,3406.8680816305,6179.18042113946,0.00254924254049684,0.148191666472346,0.0172023339853091,TRUE
"posterior","dlm","RQR","lower_0024",5,6000,1.00152638403793,2893.21660269475,5291.7825054664,0.00465276976816336,0.249132251051045,0.0186759030536357,TRUE
"posterior","dlm","RQR","upper_0024",5,6000,1.0019832797056,3635.77145283412,8498.59755407909,0.00194183394597389,0.117127316096019,0.0165788307176954,TRUE
"posterior","dlm","RQR","width_0024",5,6000,1.00200837712087,2616.32488673635,4985.29406164479,0.00536713822864028,0.273885132437659,0.0195963109821667,TRUE
"posterior","dlm","RQR","midpoint_0024",5,6000,1.001172203286,3486.63427460804,6200.48569717341,0.00235114629119088,0.138345859721968,0.01699469934204,TRUE
"posterior","dlm","RQR","lower_0061",5,6000,1.0010781794148,3156.32656817624,6599.15969754225,0.00404064935523029,0.227098470928697,0.0177924991687811,TRUE
"posterior","dlm","RQR","upper_0061",5,6000,1.00289288513261,3151.79275613327,7673.49373601335,0.00194633104954215,0.109270616286511,0.0178120259195647,TRUE
"posterior","dlm","RQR","width_0061",5,6000,1.00217497175159,2780.46273836837,6062.66121533442,0.00472301043338575,0.248953370462716,0.0189714661207734,TRUE
"posterior","dlm","RQR","midpoint_0061",5,6000,1.000663514269,3704.88328516638,7726.09552453145,0.0020960354428287,0.127524297193541,0.0164363614539085,TRUE
"posterior","dlm","RQR","lower_0063",5,6000,1.00105245373998,3153.70131664526,6716.89899626048,0.00403475089143582,0.226723383000018,0.0177959187007875,TRUE
"posterior","dlm","RQR","upper_0063",5,6000,1.00293043505536,3120.28241226168,7967.59427523377,0.00195583732089561,0.109260463567795,0.0179006866439116,TRUE
"posterior","dlm","RQR","width_0063",5,6000,1.00216687133146,2774.42857808875,6083.7997865904,0.00471762637677015,0.248417930408526,0.0189906838407838,TRUE
"posterior","dlm","RQR","midpoint_0063",5,6000,1.00064537794969,3701.50080188672,7957.03457723054,0.00209563746000076,0.127447258157629,0.0164431741435256,TRUE
"posterior","dlm","RQR","lower_0121",5,6000,1.00084022885148,2559.92442604482,5650.73321922947,0.00478958007951797,0.240998500219162,0.0198738999419597,TRUE
"posterior","dlm","RQR","upper_0121",5,6000,1.00230164831655,2674.09371305125,7329.61558501028,0.00213439045316166,0.110535941782021,0.0193094700126653,TRUE
"posterior","dlm","RQR","width_0121",5,6000,1.00125413681967,2319.36660491648,5204.60962844107,0.00538607201713883,0.258404586146444,0.0208435620182315,TRUE
"posterior","dlm","RQR","midpoint_0121",5,6000,1.00126546555664,2862.52516206258,6091.99974909109,0.00255229973222172,0.135852873474885,0.0187872340638681,TRUE
"posterior","dlm","RQR","lower_0174",5,6000,1.00079504577939,2980.67399777448,6561.62528614389,0.00429163577703228,0.233624062696658,0.018369836255286,TRUE
"posterior","dlm","RQR","upper_0174",5,6000,1.00081241841235,3262.40475035811,6955.83247505432,0.00179982666862752,0.102432116992503,0.0175709213230382,TRUE
"posterior","dlm","RQR","width_0174",5,6000,1.00059990812906,2862.96004981842,6333.44351055435,0.00470237824171458,0.251038584800994,0.0187316951513342,TRUE
"posterior","dlm","RQR","midpoint_0174",5,6000,1.00096716498224,3233.95229405401,6635.93352517603,0.00228264836485258,0.129542185663618,0.0176208881543802,TRUE
"posterior","dlm","RQR","lower_0181",5,6000,1.00066187985813,3155.90089187179,6693.75883952736,0.00411718986715204,0.230844137202948,0.0178353668281919,TRUE
"posterior","dlm","RQR","upper_0181",5,6000,1.00062382783165,3374.66866969685,6633.33498018655,0.00174976406385888,0.101156136840259,0.0172976560643279,TRUE
"posterior","dlm","RQR","width_0181",5,6000,1.00047904383057,3043.5838125275,6566.79205163527,0.00450667904374537,0.248329789782055,0.0181479598065968,TRUE
"posterior","dlm","RQR","midpoint_0181",5,6000,1.00081232894179,3426.04870644798,7380.34164521415,0.00218657225939128,0.127843141104282,0.0171035555017198,TRUE
"posterior","dlm","RQR","lower_0213",5,6000,1.00042364860672,3696.34480406798,6733.60829282887,0.00369299655330984,0.225454667702798,0.0163802177658973,TRUE
"posterior","dlm","RQR","upper_0213",5,6000,1.00043382857799,3692.76900462147,6170.18497723348,0.00162992986084179,0.0980179207895187,0.0166288965090563,TRUE
"posterior","dlm","RQR","width_0213",5,6000,1.00074509697289,3267.35225172231,6446.96882285436,0.00424954067510998,0.243222718574995,0.0174718081436118,TRUE
"posterior","dlm","RQR","midpoint_0213",5,6000,1.00035326162695,4258.63193574491,8199.66166588995,0.00190059379321856,0.124214883507118,0.0153008539681933,TRUE
"posterior","dlm","RQR","lower_0241",5,6000,1.00056893547814,2781.01507321726,5581.36536368675,0.00449011382632802,0.236124261088099,0.0190158936046506,TRUE
"posterior","dlm","RQR","upper_0241",5,6000,1.0002430201067,3524.87369816139,6328.06266289789,0.00163208424947755,0.0961120393273537,0.0169810594062908,TRUE
"posterior","dlm","RQR","width_0241",5,6000,1.00054153450342,2503.93669955476,4791.59286418767,0.00505738336487958,0.252803346429607,0.020005207353091,TRUE
"posterior","dlm","RQR","midpoint_0241",5,6000,1.00061698290699,3344.93868636183,6279.0335112801,0.00223121900924628,0.128525143055862,0.0173601752637343,TRUE
"posterior","dlm","RQR","lower_0301",5,6000,1.00194396899276,2041.82537073251,3981.8870115425,0.00552540379915923,0.248761576675856,0.02221164487295,TRUE
"posterior","dlm","RQR","upper_0301",5,6000,1.00060976857057,3582.20329129568,6244.52228549406,0.00139430808727934,0.0830979843141882,0.0167790843398505,TRUE
"posterior","dlm","RQR","width_0301",5,6000,1.00170233066755,1924.00537977909,3718.42777681159,0.00599607831683326,0.262336299769187,0.0228564568536982,TRUE
"posterior","dlm","RQR","midpoint_0301",5,6000,1.00185988190685,2439.80888103836,4721.63436772055,0.00266540627411811,0.131105739651329,0.0203302027905617,TRUE
"posterior","dlm","RQR","lower_0361",5,6000,1.00116639869055,2879.76630185218,6408.89798683826,0.00380841436575084,0.204038384591808,0.0186651858343704,TRUE
"posterior","dlm","RQR","upper_0361",5,6000,1.00131084070768,3811.49911402889,9206.74283264795,0.00129830176108184,0.0801015846113103,0.0162081907290823,TRUE
"posterior","dlm","RQR","width_0361",5,6000,1.00168702703478,2672.05074694446,5859.88646004709,0.00423195327474753,0.218248989766689,0.0193904827659067,TRUE
"posterior","dlm","RQR","midpoint_0361",5,6000,1.0006968664795,3311.73097730603,6959.88371612856,0.00191442243387476,0.110071829904357,0.0173924830316552,TRUE
"posterior","dlm","RQR","lower_0413",5,6000,1.0013359256603,2884.92921350933,5650.05307178139,0.00371019907720636,0.197424154779973,0.0187930351346386,TRUE
"posterior","dlm","RQR","upper_0413",5,6000,1.00171039659118,3113.97035516985,8327.11009534599,0.00163384617470145,0.0914162186395242,0.0178726072792848,TRUE
"posterior","dlm","RQR","width_0413",5,6000,1.0014791420918,2645.36476411308,5997.26363797177,0.00418579560957255,0.21444823189906,0.0195189094006743,TRUE
"posterior","dlm","RQR","midpoint_0413",5,6000,1.0013048630267,3328.65733235384,6211.8429609531,0.00192749151992864,0.110315909638228,0.017472470890642,TRUE
"posterior","dlm","RQR","lower_0414",5,6000,1.00137852047487,2879.39989710197,5758.29524559058,0.00371730822477979,0.197609973003698,0.018811339166117,TRUE
"posterior","dlm","RQR","upper_0414",5,6000,1.00169824846158,3119.31483145568,8060.65094420114,0.00163493217474923,0.0915378513797523,0.0178607226421187,TRUE
"posterior","dlm","RQR","width_0414",5,6000,1.00145084438262,2640.67644373158,6081.70268584187,0.00419330440798597,0.214649376073108,0.0195356002644879,TRUE
"posterior","dlm","RQR","midpoint_0414",5,6000,1.00133435397801,3323.98076252098,6379.77617949547,0.0019310172121756,0.110434827707242,0.0174855817885155,TRUE
"posterior","dlm","RQR","lower_0421",5,6000,1.00141487653423,2855.22023096063,5665.19005454841,0.00375073225958379,0.198274423901656,0.0189168738245542,TRUE
"posterior","dlm","RQR","upper_0421",5,6000,1.00173131911349,3112.37801167094,8186.19862321592,0.00165082158224015,0.0922431787658879,0.0178964082149632,TRUE
"posterior","dlm","RQR","width_0421",5,6000,1.00133167728654,2608.28732014436,5641.20390111651,0.00423620597698971,0.215542164814162,0.0196537228836043,TRUE
"posterior","dlm","RQR","midpoint_0421",5,6000,1.00137673656365,3286.68961433362,6431.24755120561,0.00195330583796196,0.110888094031734,0.0176151087726601,TRUE
"posterior","dlm","RQR","lower_0424",5,6000,1.00157340407057,2855.8530583664,5586.87043237018,0.00375655715727879,0.198561202171316,0.0189188880617155,TRUE
"posterior","dlm","RQR","upper_0424",5,6000,1.00171586571127,3112.63790206394,8092.75669436222,0.00165226905252936,0.0924365810834946,0.0178746231541918,TRUE
"posterior","dlm","RQR","width_0424",5,6000,1.0012925033598,2601.29556120114,5537.70811277768,0.00424794905091947,0.215908838033099,0.0196747344370787,TRUE
"posterior","dlm","RQR","midpoint_0424",5,6000,1.00131958360419,3284.40083751806,6402.69529786621,0.00196405585383727,0.111046745471721,0.0176867484543924,TRUE
"posterior","dlm","RQR","lower_0425",5,6000,1.00153700274715,2854.09312358361,5624.52141206491,0.00375785522055912,0.198569884187387,0.0189245979365778,TRUE
"posterior","dlm","RQR","upper_0425",5,6000,1.00169423372865,3126.34178109824,8116.31291078472,0.00164679631047984,0.0924355758263097,0.0178156115300697,TRUE
"posterior","dlm","RQR","width_0425",5,6000,1.00127604977763,2602.5107153492,5542.0452286665,0.00424727330856885,0.215913007160658,0.0196712248345858,TRUE
"posterior","dlm","RQR","midpoint_0425",5,6000,1.00134196193649,3282.23633179385,6480.43238194286,0.00196303774002889,0.11105206268673,0.0176767337097239,TRUE
"posterior","dlm","RQR","lower_0481",5,6000,1.0004206728674,3564.1147554762,7266.82506509525,0.00325496595683623,0.194351133879158,0.0167478619335459,TRUE
"posterior","dlm","RQR","upper_0481",5,6000,1.00079145339622,4137.53291143262,8399.8484935583,0.00136612143882538,0.0874660101714478,0.0156188836800439,TRUE
"posterior","dlm","RQR","width_0481",5,6000,1.00031521364747,3233.53983676238,6258.68459177125,0.00371781938230164,0.211329638941125,0.0175925128199239,TRUE
"posterior","dlm","RQR","midpoint_0481",5,6000,1.00061346881987,4218.4041790186,9112.76579266209,0.00165518905241301,0.107453613312752,0.0154037542469182,TRUE
"posterior","dlm","RQR","lower_0541",5,6000,1.00106507602831,2241.54846860033,4176.25619381466,0.00500684393524634,0.235751709888857,0.0212377841823788,TRUE
"posterior","dlm","RQR","upper_0541",5,6000,1.00038831117887,3780.38081053334,6857.61341664124,0.00140996059516178,0.0862668646330372,0.0163441734107236,TRUE
"posterior","dlm","RQR","width_0541",5,6000,1.00079675249552,2078.68349708518,3793.56141479802,0.00549032267718878,0.24916660758201,0.0220347450666386,TRUE
"posterior","dlm","RQR","midpoint_0541",5,6000,1.00112749238502,2689.3064141634,5226.64628145914,0.00244956490884614,0.126449281299205,0.0193719164211773,TRUE
"posterior","dlm","RQR","lower_0600",5,6000,1.00219791734392,1773.40821197852,3550.35443738568,0.00640140462005938,0.268637374577056,0.0238291661022141,TRUE
"posterior","dlm","RQR","upper_0600",5,6000,1.00088794896432,4175.35888350898,7510.44389948098,0.00117364651772002,0.0755145763371916,0.01554198639054,TRUE
"posterior","dlm","RQR","width_0600",5,6000,1.00177442822426,1727.17640577753,3268.47828911542,0.00674857467893056,0.279477498537035,0.0241471127881741,TRUE
"posterior","dlm","RQR","midpoint_0600",5,6000,1.00236374980411,2000.06566378093,4169.56528290695,0.00312308469030943,0.139310182981683,0.0224182082276072,TRUE
"posterior","dlm","RQR","lower_0660",5,6000,1.00141530637696,2354.54749703358,6349.72534769949,0.0044307844552436,0.21504808273099,0.0206036919696057,TRUE
"posterior","dlm","RQR","upper_0660",5,6000,1.00111703501341,4810.65415371077,9509.08793425981,0.00104821416327892,0.0725523543962879,0.0144476932830253,TRUE
"posterior","dlm","RQR","width_0660",5,6000,1.00169125372298,2369.75339665024,5839.3051142014,0.00471789472651863,0.228982519433189,0.0206037331504477,TRUE
"posterior","dlm","RQR","midpoint_0660",5,6000,1.00107368105482,2684.66584137315,6987.1816899529,0.00216808665245753,0.112456713698503,0.0192792993957674,TRUE
"posterior","dlm","RQR","lower_0720",5,6000,1.00133311782486,3268.52190970592,6383.70979212641,0.0032473073520994,0.18470157966284,0.0175813729261392,TRUE
"posterior","dlm","RQR","upper_0720",5,6000,1.00140358889388,3823.95152108164,8210.72411445057,0.00141642346990447,0.087341727360757,0.0162170306531042,TRUE
"posterior","dlm","RQR","width_0720",5,6000,1.00074846807207,2881.68362183949,5640.71563950847,0.00381796575021056,0.204413695279053,0.0186776416570255,TRUE
"posterior","dlm","RQR","midpoint_0720",5,6000,1.00096069532058,4008.44913019988,8094.3358247125,0.00161961738348255,0.102104778192527,0.0158623074468525,TRUE
"posterior","dlm","RQR","lower_0780",5,6000,1.00089778990849,3649.4545818982,7451.11891259513,0.00312265640799893,0.188829204372572,0.0165369356841526,TRUE
"posterior","dlm","RQR","upper_0780",5,6000,1.00064201177932,4636.2221410652,8712.74404069698,0.00118447979027412,0.0801308299926508,0.014781823555088,TRUE
"posterior","dlm","RQR","width_0780",5,6000,1.00109748812905,3236.60560353712,6731.43934427363,0.00361068685069381,0.205670090332928,0.017555721616347,TRUE
"posterior","dlm","RQR","midpoint_0780",5,6000,1.0005328881958,4461.03641148632,9506.90000110882,0.0015317420941814,0.102292045904148,0.0149742052829475,TRUE
"posterior","dlm","RQR","lower_0833",5,6000,1.00130949376343,2141.3093520381,4158.08248844049,0.00540711204964851,0.248651765074345,0.0217457215637775,TRUE
"posterior","dlm","RQR","upper_0833",5,6000,1.00084810211447,3971.79766045751,6677.24884607368,0.0013226982389514,0.0823573340492004,0.0160604790602039,TRUE
"posterior","dlm","RQR","width_0833",5,6000,1.00125354730373,2051.3260639606,4142.0527044525,0.00573554018909538,0.258549792743757,0.0221835033330688,TRUE
"posterior","dlm","RQR","midpoint_0833",5,6000,1.00131187659372,2457.16608620792,4775.09931894632,0.00269284024052666,0.13263942302792,0.0203019598476377,TRUE
"posterior","dlm","RQR","lower_0834",5,6000,1.00132229472365,2123.25733079621,4098.56345340862,0.0054626403792988,0.250156523913471,0.0218368895355627,TRUE
"posterior","dlm","RQR","upper_0834",5,6000,1.00083647023641,3953.56853773953,6672.87913338648,0.00132663233475933,0.0824273952146925,0.0160945560793709,TRUE
"posterior","dlm","RQR","width_0834",5,6000,1.00125785522802,2036.0471198637,4107.34282946493,0.00578731907636232,0.259916410016307,0.0222660780671725,TRUE
"posterior","dlm","RQR","midpoint_0834",5,6000,1.00132990870719,2432.34723946159,4696.03027336759,0.00272146876778705,0.133405944096332,0.0203999063626572,TRUE
"posterior","dlm","RQR","lower_0840",5,6000,1.00143792131678,2021.95763060493,4054.18870394891,0.00579732653084614,0.259207463833064,0.0223655848682651,TRUE
"posterior","dlm","RQR","upper_0840",5,6000,1.00094342577861,3844.77144527637,6505.25803226372,0.00135746028792821,0.0831306156481858,0.0163292461789658,TRUE
"posterior","dlm","RQR","width_0840",5,6000,1.00127411065607,1945.77838096152,3881.75198350657,0.00611258114801841,0.268279500349258,0.022784376518,TRUE
"posterior","dlm","RQR","midpoint_0840",5,6000,1.00154073318616,2302.44727371179,4488.91105351784,0.00289207501858384,0.138043948456627,0.0209503933415272,TRUE
"posterior","dlm","RQR","lower_0844",5,6000,1.00149286327646,1967.91201129028,3880.801745866,0.00600700259483332,0.265096693772899,0.0226596662121308,TRUE
"posterior","dlm","RQR","upper_0844",5,6000,1.00105498730856,3766.72435004015,6532.35338123477,0.0013758424892791,0.0834580287614636,0.0164854419604311,TRUE
"posterior","dlm","RQR","width_0844",5,6000,1.00130462112569,1895.12198647079,3803.15774493559,0.00631869128180248,0.273746473281706,0.0230822746538183,TRUE
"posterior","dlm","RQR","midpoint_0844",5,6000,1.00163154606537,2233.53159427921,4470.30594504575,0.00299779883817477,0.141019384832344,0.0212580620865622,TRUE
"posterior","dlm","RQR","lower_0845",5,6000,1.00150312766888,1954.78618887112,3900.04515541368,0.00605976630664991,0.266532187932931,0.0227355890995604,TRUE
"posterior","dlm","RQR","upper_0845",5,6000,1.00104237306039,3759.2830748269,6631.79954110003,0.00137790333107448,0.0835039594202358,0.0165010538499156,TRUE
"posterior","dlm","RQR","width_0845",5,6000,1.00129844329779,1883.92309080186,3763.15990232579,0.00636932812036179,0.275113842365501,0.0231516090415394,TRUE
"posterior","dlm","RQR","midpoint_0845",5,6000,1.00165270128251,2216.08922740572,4470.26724016503,0.00302429006126512,0.141718921306607,0.0213400584296158,TRUE
"posterior","dlm","RQR","lower_0900",5,6000,1.00213751311685,1728.07861952966,3672.99817687642,0.00737474580699729,0.30591287074027,0.024107340724669,TRUE
"posterior","dlm","RQR","upper_0900",5,6000,1.00091960364003,3800.6515485876,7397.20388371238,0.00139213653200312,0.0854002915576285,0.0163013088903063,TRUE
"posterior","dlm","RQR","width_0900",5,6000,1.0016213821961,1688.33831198887,3511.67259639549,0.00760657983833672,0.311783810748147,0.0243969685920644,TRUE
"posterior","dlm","RQR","midpoint_0900",5,6000,1.00246685192209,1921.94104504806,4288.20047797743,0.00369817700917519,0.161665274503158,0.0228755186946653,TRUE
"posterior","dlm","RQR","lower_0960",5,6000,1.00149420237218,2371.89729191276,5722.47598594313,0.00515183741888676,0.250650702396365,0.0205538519127703,TRUE
"posterior","dlm","RQR","upper_0960",5,6000,1.00088424158968,4049.27672073105,8671.66515249557,0.00141785103458993,0.0899166783837494,0.0157684987932804,TRUE
"posterior","dlm","RQR","width_0960",5,6000,1.00126585282985,2321.25640965842,5418.35393397336,0.0054676526526518,0.263205557274336,0.0207733176657548,TRUE
"posterior","dlm","RQR","midpoint_0960",5,6000,1.00158288355366,2697.98876782584,6360.66994950508,0.00259677441230732,0.134670340040617,0.0192824523315536,TRUE
"posterior","dlm","RQR","lower_1020",5,6000,1.0010302732559,3714.86881382076,7571.18253101363,0.00344620297915983,0.209649212532281,0.0164379485977282,TRUE
"posterior","dlm","RQR","upper_1020",5,6000,1.00134351920079,3665.67314411851,6644.85776009705,0.00158357780552547,0.0951326884862307,0.0166459902555437,TRUE
"posterior","dlm","RQR","width_1020",5,6000,1.00085188473501,3129.03881964367,6514.55466150219,0.00413512608074536,0.231136375841522,0.0178904167104385,TRUE
"posterior","dlm","RQR","midpoint_1020",5,6000,1.00080087778691,4546.37175301974,9221.37662268434,0.00170423334451781,0.114653845586284,0.0148641620854773,TRUE
"posterior","dlm","RQR","lower_1080",5,6000,1.00147704585065,3535.80794817407,7413.62198504287,0.00375332961849173,0.222360386489705,0.0168794886433852,TRUE
"posterior","dlm","RQR","upper_1080",5,6000,1.00139722309763,3993.384213609,8426.60235365005,0.00140931660562005,0.0887609916110043,0.0158776572911262,TRUE
"posterior","dlm","RQR","width_1080",5,6000,1.00186829921459,3168.6920585401,6792.41842992644,0.00427178342307212,0.240205720315794,0.017783853846012,TRUE
"posterior","dlm","RQR","midpoint_1080",5,6000,1.00103986889641,4153.99546961179,8367.75793762821,0.00185985922019521,0.119317352207055,0.0155874999385482,TRUE
"posterior","dlm","RQR","lower_1140",5,6000,1.00168580015123,2011.88895373248,4155.25314245105,0.00689010420100466,0.307340787505543,0.0224184504013493,TRUE
"posterior","dlm","RQR","upper_1140",5,6000,1.00165353417664,3519.08324667836,6514.34100373383,0.00167805141670018,0.0989499452573817,0.0169585886312049,TRUE
"posterior","dlm","RQR","width_1140",5,6000,1.00154323909703,1922.39730795666,4183.21287443467,0.00725737590783981,0.316767769376086,0.022910714439585,TRUE
"posterior","dlm","RQR","midpoint_1140",5,6000,1.00189029623124,2284.80411581285,4552.94731601571,0.00345997605480228,0.164436220877907,0.0210414471722218,TRUE
"posterior","dlm","RQR","lower_1200",5,6000,1.00198416748452,1842.66423452084,4386.24501320904,0.00846639532602524,0.362773620937785,0.0233379574406189,TRUE
"posterior","dlm","RQR","upper_1200",5,6000,1.00119978623327,3984.75660281025,7881.39628630374,0.00180893824003092,0.113863404743435,0.0158869150637725,TRUE
"posterior","dlm","RQR","width_1200",5,6000,1.00147912960082,1808.98773418268,4329.3628059317,0.0088197677249226,0.374542954292341,0.0235480807310516,TRUE
"posterior","dlm","RQR","midpoint_1200",5,6000,1.0023666276786,2076.46062865675,4921.2566927001,0.00424588824530934,0.192909775132135,0.0220097101995017,TRUE
"posterior","dlm","ET","mean_lower_observed",5,6000,1.0003531267071,3079.16843748288,7087.36309157408,0.00156218323428796,0.0866748712261288,0.0180234849177027,TRUE
"posterior","dlm","ET","mean_upper_observed",5,6000,1.00350574548486,2129.08242172089,5129.58788648335,0.00120338092445262,0.0553184078118008,0.0217537158434974,TRUE
"posterior","dlm","ET","mean_width_observed",5,6000,1.00173932360046,2337.23856236371,5437.53137898676,0.0020850169388059,0.101017798581936,0.0206400947959159,TRUE
"posterior","dlm","ET","mean_midpoint_observed",5,6000,1.00070609498541,3615.53201098603,6953.49554021519,0.000870095719510056,0.0522989566326539,0.0166369613379016,TRUE
"posterior","dlm","ET","observed_mean_tilted_loss",5,6000,1.00057382783367,6323.38257482263,10853.1659126879,0.0288768921970858,2.27524802717373,0.0126917557348489,TRUE
"posterior","dlm","ET","lower_0001",5,6000,1.00120422227241,3362.9036201953,7914.17456600769,0.00370050764453468,0.214498830286082,0.0172518779687481,TRUE
"posterior","dlm","ET","upper_0001",5,6000,1.00086121091174,2906.02760238696,5774.65839427864,0.00283746218465463,0.15224593490758,0.0186373592593923,TRUE
"posterior","dlm","ET","width_0001",5,6000,1.00182310726976,2635.39136959723,6086.08897391008,0.00514542855913076,0.264174544493014,0.0194773821565795,TRUE
"posterior","dlm","ET","midpoint_0001",5,6000,1.00023228774834,4044.07665874339,9215.90761548219,0.00205878022355562,0.130947466395755,0.0157221844776553,TRUE
"posterior","dlm","ET","lower_0024",5,6000,1.00104812312052,3392.49776011803,7835.27673977072,0.00340865611600944,0.1983999430877,0.0171807313195785,TRUE
"posterior","dlm","ET","upper_0024",5,6000,1.00104148158883,3123.36781075417,6632.93592685564,0.00249064037777296,0.139016580952126,0.0179161389290007,TRUE
"posterior","dlm","ET","width_0024",5,6000,1.00174811224543,2720.2304952559,5735.32230259982,0.00466114619253333,0.243138222298628,0.0191707669344082,TRUE
"posterior","dlm","ET","midpoint_0024",5,6000,1.00018686746501,4108.46854477784,9332.11841806442,0.00188298143166499,0.120685644601074,0.0156023646216514,TRUE
"posterior","dlm","ET","lower_0061",5,6000,1.00050861983831,3718.59561390176,8460.81362097372,0.0028463525044431,0.173144371388353,0.0164391858748841,TRUE
"posterior","dlm","ET","upper_0061",5,6000,1.00160555306683,3044.4956182537,6571.74554479237,0.00234931504479907,0.129600398629912,0.0181273751441753,TRUE
"posterior","dlm","ET","width_0061",5,6000,1.00162230323824,2891.55257369377,6455.18884687564,0.00400223071291921,0.215026615442343,0.0186127224515253,TRUE
"posterior","dlm","ET","midpoint_0061",5,6000,1.00022030875539,4177.8376602217,8835.5557854556,0.00168293120719441,0.108758939849111,0.0154739574468936,TRUE
"posterior","dlm","ET","lower_0063",5,6000,1.00047425412207,3748.13103432452,8504.90148981136,0.00281844468755471,0.172093636391642,0.0163773905104814,TRUE
"posterior","dlm","ET","upper_0063",5,6000,1.00159556872784,3022.61681977936,6467.01306308268,0.00235538821991823,0.129491889267573,0.0181894652494506,TRUE
"posterior","dlm","ET","width_0063",5,6000,1.0015735823025,2894.67391543326,6525.80449312488,0.0039803365641014,0.213961176609569,0.0186030784985101,TRUE
"posterior","dlm","ET","midpoint_0063",5,6000,1.00022898398805,4181.03562278433,9051.67339493967,0.00167672330770003,0.108385138567307,0.0154700481068149,TRUE
"posterior","dlm","ET","lower_0121",5,6000,1.00045444757724,4255.52506458122,8787.35760985441,0.00258316224982209,0.168089079391996,0.0153678172262337,TRUE
"posterior","dlm","ET","upper_0121",5,6000,1.0023543248704,2584.34872563356,5591.42222612839,0.00263590726597076,0.134149413509053,0.0196490405512872,TRUE
"posterior","dlm","ET","width_0121",5,6000,1.00150569894245,2882.51728463386,6822.93372931124,0.00389147186207059,0.208916420454615,0.0186269315432579,TRUE
"posterior","dlm","ET","midpoint_0121",5,6000,1.00088664458439,4089.01562413138,8624.34397787264,0.00172750908971849,0.110514633392793,0.0156314963610162,TRUE
"posterior","dlm","ET","lower_0174",5,6000,1.00072215536673,3664.53464139268,7411.32619579962,0.00315327627086664,0.191198729385336,0.0164921403034621,TRUE
"posterior","dlm","ET","upper_0174",5,6000,1.00172802461195,2837.085997054,5885.636158826,0.00244010963702902,0.128877893402583,0.0189335003281495,TRUE
"posterior","dlm","ET","width_0174",5,6000,1.00142476212884,2950.26910394763,6722.13688729659,0.00410556222094122,0.223009656023236,0.0184097957646886,TRUE
"posterior","dlm","ET","midpoint_0174",5,6000,1.00069893050228,3856.51943786161,7956.11227944386,0.00191700420060167,0.118953377813859,0.0161155928131897,TRUE
"posterior","dlm","ET","lower_0181",5,6000,1.00079200418258,3607.06144899785,7200.51622246055,0.00321504519411759,0.193389997600132,0.0166246715653064,TRUE
"posterior","dlm","ET","upper_0181",5,6000,1.00161616705023,2844.70713468426,6040.81189877197,0.00243248642783717,0.128453594585156,0.0189366941088177,TRUE
"posterior","dlm","ET","width_0181",5,6000,1.00138976131872,2920.37191909552,6715.28594116406,0.00416136205766049,0.224868965015891,0.0185057197971558,TRUE
"posterior","dlm","ET","midpoint_0181",5,6000,1.00064072911253,3813.68819930545,7782.09728087305,0.00193827071905441,0.119618124504541,0.0162038213446561,TRUE
"posterior","dlm","ET","lower_0213",5,6000,1.00089493640252,3397.93113090562,7446.14577684471,0.00338376603942245,0.197710147178805,0.0171147818546827,TRUE
"posterior","dlm","ET","upper_0213",5,6000,1.0012319239165,2718.21981116671,5253.21450704054,0.00254724413836241,0.129947038278307,0.0196021715624406,TRUE
"posterior","dlm","ET","width_0213",5,6000,1.00157749302868,2708.87747042051,6388.23381991531,0.00444610487435362,0.231451279327399,0.0192096794075802,TRUE
"posterior","dlm","ET","midpoint_0213",5,6000,1.00039342934319,3669.1469100476,7662.38398932977,0.0019954692645908,0.120811190921255,0.016517255143122,TRUE
"posterior","dlm","ET","lower_0241",5,6000,1.00097034290673,3241.37008592191,7621.78775344511,0.00340395511257915,0.194096692172671,0.0175374194916776,TRUE
"posterior","dlm","ET","upper_0241",5,6000,1.00111795130191,2509.51255653995,4016.94641356488,0.00265573213728057,0.130356835262834,0.02037278775544,TRUE
"posterior","dlm","ET","width_0241",5,6000,1.00180626001438,2406.84274111661,5751.88031541462,0.00472911854944795,0.232257720355994,0.020361512815158,TRUE
"posterior","dlm","ET","midpoint_0241",5,6000,1.00028416397488,3618.3659923624,7238.73839397354,0.00195653326006843,0.117674564115685,0.016626645484278,TRUE
"posterior","dlm","ET","lower_0301",5,6000,1.00124818792485,3154.59371570738,6954.64172617919,0.00314549966556966,0.17661831189498,0.0178095896842227,TRUE
"posterior","dlm","ET","upper_0301",5,6000,1.00130839851358,2672.91558103369,4415.53347910117,0.00218352965720917,0.110638364930147,0.0197357368629567,TRUE
"posterior","dlm","ET","width_0301",5,6000,1.00228200708928,2401.73415209564,5890.02995923325,0.00430321753703149,0.210868004749825,0.0204071620165271,TRUE
"posterior","dlm","ET","midpoint_0301",5,6000,1.00021825430569,3733.01297976388,8042.04112635512,0.00168451468072432,0.102961687480011,0.016360597052679,TRUE
"posterior","dlm","ET","lower_0361",5,6000,1.00039665212706,3826.11709761688,7694.41369835214,0.0024565996392656,0.151636573415751,0.016200574728962,TRUE
"posterior","dlm","ET","upper_0361",5,6000,1.00196440585658,3176.71087401426,6092.22841224691,0.0017962063287203,0.100644408909455,0.0178470552729488,TRUE
"posterior","dlm","ET","width_0361",5,6000,1.00151591217174,3066.83706205732,6550.64222379171,0.00328961501953436,0.182033348716303,0.0180714964743147,TRUE
"posterior","dlm","ET","midpoint_0361",5,6000,1.00024385301821,4407.40301442807,9450.70542658806,0.00137230841468944,0.090980430367108,0.015083555981788,TRUE
"posterior","dlm","ET","lower_0413",5,6000,1.00002145620485,4518.95178459069,8993.71427114676,0.00215278907589324,0.144485854429327,0.014899652871875,TRUE
"posterior","dlm","ET","upper_0413",5,6000,1.0023378563042,2662.9409252021,5960.14190272836,0.00218044419530351,0.112624143128025,0.0193603621279045,TRUE
"posterior","dlm","ET","width_0413",5,6000,1.00107211959367,2945.08245052855,6366.06506701824,0.00333836853048991,0.181154119405057,0.0184283335176352,TRUE
"posterior","dlm","ET","midpoint_0413",5,6000,1.00067249625712,4506.27706438083,9118.59046333029,0.00137958507278031,0.0926065663351786,0.0148972705432902,TRUE
"posterior","dlm","ET","lower_0414",5,6000,1.00001994173796,4524.98719939257,9023.31447795498,0.00215452600543927,0.144684582448699,0.0148911927516755,TRUE
"posterior","dlm","ET","upper_0414",5,6000,1.00237660075409,2662.28738232713,5907.1721294559,0.00218251575576244,0.112724194139768,0.0193615556306955,TRUE
"posterior","dlm","ET","width_0414",5,6000,1.00108538671318,2945.26497745315,6347.18311917621,0.00334141537448031,0.181326565973884,0.018427610739408,TRUE
"posterior","dlm","ET","midpoint_0414",5,6000,1.00068487396691,4508.65169318228,9342.54042519196,0.00138128427939077,0.0927381005274366,0.0148944637806347,TRUE
"posterior","dlm","ET","lower_0421",5,6000,1.00005159077857,4465.86994567512,8953.99096837623,0.00219160944804737,0.146337058445146,0.0149764486954539,TRUE
"posterior","dlm","ET","upper_0421",5,6000,1.00231887808005,2666.13170757437,6049.93652203014,0.00218975168666941,0.113170957395889,0.0193490603689896,TRUE
"posterior","dlm","ET","width_0421",5,6000,1.0009929674208,2941.13769193999,6539.82908325279,0.00336412812183396,0.182486384745855,0.0184349540735278,TRUE
"posterior","dlm","ET","midpoint_0421",5,6000,1.00075654864484,4453.74605508869,9290.87822497289,0.00140479856782182,0.0937324916010293,0.0149873170319778,TRUE
"posterior","dlm","ET","lower_0424",5,6000,1.00006974308756,4416.09019768282,8862.4479137222,0.00221626150324204,0.147191756703176,0.0150569675427634,TRUE
"posterior","dlm","ET","upper_0424",5,6000,1.00228549486922,2668.49453682937,6182.41037887202,0.00219181579532712,0.113293285859442,0.0193463873759158,TRUE
"posterior","dlm","ET","width_0424",5,6000,1.00095322951057,2926.87701381914,6442.17352288136,0.0033850915621624,0.183126367256832,0.0184850036227435,TRUE
"posterior","dlm","ET","midpoint_0424",5,6000,1.00077915352453,4432.09151435144,9168.48454315781,0.0014145406016327,0.0941624890013373,0.0150223365656,TRUE
"posterior","dlm","ET","lower_0425",5,6000,1.00008032826785,4398.61094491387,8942.85671558775,0.00222573206562364,0.147545478441,0.0150850577675524,TRUE
"posterior","dlm","ET","upper_0425",5,6000,1.00230277209881,2666.54205697337,6184.62134841453,0.00219282134211886,0.113315860055813,0.0193514071290533,TRUE
"posterior","dlm","ET","width_0425",5,6000,1.00096118637682,2925.2631879195,6521.14831440143,0.00339165398541334,0.18342092777917,0.0184910960078488,TRUE
"posterior","dlm","ET","midpoint_0425",5,6000,1.00078713408818,4411.35392654355,9111.05893765916,0.00142010166972665,0.094309421520033,0.0150578982124813,TRUE
"posterior","dlm","ET","lower_0481",5,6000,1.00025029222212,3671.5343113909,7319.93789494731,0.00277084270846836,0.168307542740138,0.016462974049514,TRUE
"posterior","dlm","ET","upper_0481",5,6000,1.00157961995439,3129.00991254597,6341.01839792335,0.00196022308025582,0.10864546751116,0.0180423824864527,TRUE
"posterior","dlm","ET","width_0481",5,6000,1.00064590312231,3029.74358681791,7576.7456046189,0.00353324448977057,0.194526363085199,0.0181633195302329,TRUE
"posterior","dlm","ET","midpoint_0481",5,6000,1.00061639106385,3958.34419100508,8359.44774406715,0.00163674430274306,0.102983041289245,0.0158933381870709,TRUE
"posterior","dlm","ET","lower_0541",5,6000,1.0005621873321,3311.6506193007,8261.77276293281,0.00300590520243023,0.173019590294627,0.0173732072611639,TRUE
"posterior","dlm","ET","upper_0541",5,6000,1.00148992511019,2445.44012059566,4493.59335850612,0.00235231431358193,0.11462379011957,0.0205220426852759,TRUE
"posterior","dlm","ET","width_0541",5,6000,1.0012387281701,2466.90295443021,5883.69295763191,0.00412636699916165,0.205184559073448,0.0201105142501711,TRUE
"posterior","dlm","ET","midpoint_0541",5,6000,1.00049942351375,3625.81650610581,6794.59421034881,0.00174258641768716,0.104938172859101,0.016605839135649,TRUE
"posterior","dlm","ET","lower_0600",5,6000,1.00118265687277,3344.25659329352,7440.58273093146,0.00290850133992345,0.168105070266128,0.0173016871848005,TRUE
"posterior","dlm","ET","upper_0600",5,6000,1.00124857990039,2768.50976271539,5899.08703561983,0.00195874804834473,0.101275613742493,0.0193407670016705,TRUE
"posterior","dlm","ET","width_0600",5,6000,1.00172249130369,2610.54404883355,6155.55522735261,0.00385265181801245,0.19689676127,0.0195668623148625,TRUE
"posterior","dlm","ET","midpoint_0600",5,6000,1.0006785141887,3847.36755562568,8204.93178480278,0.0015763440216803,0.0978056677519012,0.0161171030055122,TRUE
"posterior","dlm","ET","lower_0660",5,6000,1.00056658272245,4181.35375162447,7662.18151935041,0.00244032927802305,0.157510723491674,0.0154930992882656,TRUE
"posterior","dlm","ET","upper_0660",5,6000,1.0007459841412,3426.37979969256,6007.8297209784,0.0016764442694391,0.0965556283218855,0.0173624707184378,TRUE
"posterior","dlm","ET","width_0660",5,6000,1.00075492655539,3360.89610708345,7141.77591155701,0.00318223934624634,0.184473970997705,0.0172503433901031,TRUE
"posterior","dlm","ET","midpoint_0660",5,6000,1.00046767404199,4540.73302327429,8639.23863315252,0.00137581225089349,0.0925129568970572,0.0148715628279443,TRUE
"posterior","dlm","ET","lower_0720",5,6000,1.00025507832205,4255.45806367187,8476.16505361783,0.00235402779281942,0.15352177273893,0.0153335110116435,TRUE
"posterior","dlm","ET","upper_0720",5,6000,1.00121797296296,2590.05828597692,5223.67378742031,0.00217475065285255,0.110843878431253,0.0196199436868439,TRUE
"posterior","dlm","ET","width_0720",5,6000,1.00060497404378,2698.6417153862,6061.1575369847,0.00366487728481705,0.190415622693831,0.0192467258356726,TRUE
"posterior","dlm","ET","midpoint_0720",5,6000,1.00052543145108,4609.58225536395,8835.39180597003,0.00138761376596149,0.0941441591593614,0.0147392443498552,TRUE
"posterior","dlm","ET","lower_0780",5,6000,1.0001474093823,3681.87012076629,7977.92633915833,0.00271605812768529,0.164968553540015,0.0164640961528857,TRUE
"posterior","dlm","ET","upper_0780",5,6000,1.00089597123007,3274.04470063678,5874.09992490804,0.00182699178610518,0.102961468940384,0.0177444223058145,TRUE
"posterior","dlm","ET","width_0780",5,6000,1.00040676648079,3007.15467067225,6678.08420533681,0.00352154431586144,0.192991893826074,0.0182471100005634,TRUE
"posterior","dlm","ET","midpoint_0780",5,6000,1.00047083066965,4252.66110154664,9464.20417066725,0.0015018927951753,0.0979610948340188,0.0153315231696833,TRUE
"posterior","dlm","ET","lower_0833",5,6000,1.00035700167043,3467.21331389521,8425.03928763307,0.00280703267856507,0.165408760012557,0.016970278226812,TRUE
"posterior","dlm","ET","upper_0833",5,6000,1.00122481842958,2752.08073538177,5047.23512088145,0.00214260978248403,0.111011715025521,0.0193007538167612,TRUE
"posterior","dlm","ET","width_0833",5,6000,1.00067048817575,2798.1951482569,6283.12979995328,0.00370671594941496,0.196061732094917,0.0189058614845883,TRUE
"posterior","dlm","ET","midpoint_0833",5,6000,1.00057364671325,3723.57572508654,6599.49776832353,0.00165883604757193,0.101152254956995,0.016399397603911,TRUE
"posterior","dlm","ET","lower_0834",5,6000,1.00036224276209,3466.53369693182,8454.09784135535,0.00280748472476404,0.165398269843304,0.0169740876214958,TRUE
"posterior","dlm","ET","upper_0834",5,6000,1.00122628027519,2746.98726348768,4918.44896549778,0.00214705122468948,0.111111091922587,0.0193234643593043,TRUE
"posterior","dlm","ET","width_0834",5,6000,1.00067414502759,2793.95571011933,6295.58526021729,0.0037108663843558,0.196141451919698,0.0189193377944151,TRUE
"posterior","dlm","ET","midpoint_0834",5,6000,1.00058075160596,3720.28219131615,6600.31119348598,0.00165962970416789,0.10115959626947,0.0164060530624001,TRUE
"posterior","dlm","ET","lower_0840",5,6000,1.00041602487036,3471.90525997053,8569.84851902306,0.00280690334151381,0.165528498063654,0.0169572211090469,TRUE
"posterior","dlm","ET","upper_0840",5,6000,1.00134274780131,2684.75606327844,4801.42300361692,0.00219179648489195,0.112162969760711,0.0195411773561981,TRUE
"posterior","dlm","ET","width_0840",5,6000,1.00073032018775,2768.50758567188,6504.14305795508,0.00373633865629549,0.196599727535651,0.0190048007854841,TRUE
"posterior","dlm","ET","midpoint_0840",5,6000,1.00068452042795,3701.84503617277,6398.30191855612,0.00167107788813751,0.101623051083908,0.0164438862080389,TRUE
"posterior","dlm","ET","lower_0844",5,6000,1.00048364472899,3476.24267502654,8273.2537923212,0.00280640380865907,0.16558801908983,0.0169481090726536,TRUE
"posterior","dlm","ET","upper_0844",5,6000,1.00134291475411,2640.47218592379,4833.56113131377,0.00222157024606265,0.112811782410896,0.0196927147021841,TRUE
"posterior","dlm","ET","width_0844",5,6000,1.00081050376605,2753.4196197068,6405.23008470998,0.00375078524952792,0.196817527726626,0.0190571708366221,TRUE
"posterior","dlm","ET","midpoint_0844",5,6000,1.00071123124487,3683.21216674005,6172.87832561715,0.00168005749868214,0.101924777916379,0.0164833079161623,TRUE
"posterior","dlm","ET","lower_0845",5,6000,1.00049900439023,3471.73290411616,8134.34634359275,0.00280918203065104,0.165622293814735,0.0169613761888444,TRUE
"posterior","dlm","ET","upper_0845",5,6000,1.00137147118015,2633.45801121142,4798.57239413907,0.00223132786533753,0.112972430586751,0.0197510831071666,TRUE
"posterior","dlm","ET","width_0845",5,6000,1.00083357355811,2745.33854097899,6411.21733365515,0.00375908610974172,0.196963071728744,0.0190852329665061,TRUE
"posterior","dlm","ET","midpoint_0845",5,6000,1.00072913823253,3679.71958647452,6289.21983362887,0.00168168391993644,0.101971291226309,0.0164917389954807,TRUE
"posterior","dlm","ET","lower_0900",5,6000,1.00110174840737,3606.35846841527,7328.61829090291,0.00289131142485307,0.173581870939862,0.0166567591949436,TRUE
"posterior","dlm","ET","upper_0900",5,6000,1.00137816913713,2840.10159255983,5193.99464670346,0.00213590023108268,0.11297578408549,0.0189058234768826,TRUE
"posterior","dlm","ET","width_0900",5,6000,1.00114573230583,2923.07420977188,6378.20900583062,0.00373844474436686,0.202043757440669,0.0185031440303949,TRUE
"posterior","dlm","ET","midpoint_0900",5,6000,1.00126291000042,3752.12173611233,7820.6975188107,0.00172965602637656,0.106026774326918,0.0163133891166341,TRUE
"posterior","dlm","ET","lower_0960",5,6000,1.0006091336529,4142.52001039383,7556.8958824188,0.00278991935990383,0.179062045663889,0.0155807410194603,TRUE
"posterior","dlm","ET","upper_0960",5,6000,1.00131208418573,2953.60491300218,5733.88366898887,0.00217530460481775,0.117604943702988,0.0184967105661093,TRUE
"posterior","dlm","ET","width_0960",5,6000,1.00082797335104,3249.51702199576,6567.07975769516,0.00369421174999467,0.210583074218448,0.0175427762354845,TRUE
"posterior","dlm","ET","midpoint_0960",5,6000,1.00081142129215,4234.26890310238,7901.79930092681,0.00167641664291301,0.108907124209285,0.0153930852098478,TRUE
"posterior","dlm","ET","lower_1020",5,6000,1.00060204249412,4388.59600709424,7705.95046154612,0.00271055608256543,0.179309475453796,0.0151166360601165,TRUE
"posterior","dlm","ET","upper_1020",5,6000,1.00193242080184,2589.55631565359,4881.22913831805,0.0024751583417771,0.125405508178263,0.0197372378433225,TRUE
"posterior","dlm","ET","width_1020",5,6000,1.00122086250886,2684.54745432626,5699.51059587537,0.00426461336487778,0.22077176593118,0.0193168422007693,TRUE
"posterior","dlm","ET","midpoint_1020",5,6000,1.00055491557572,4560.25214256715,8192.15036925314,0.00160813302845632,0.108416657282859,0.0148328962426936,TRUE
"posterior","dlm","ET","lower_1080",5,6000,1.0004389330431,4036.41345401375,7781.04078977329,0.00278100637211451,0.176508688203214,0.015755634470031,TRUE
"posterior","dlm","ET","upper_1080",5,6000,1.00151810575823,3129.37846452692,5026.10543223494,0.00208199741532537,0.114894147364064,0.0181210049692798,TRUE
"posterior","dlm","ET","width_1080",5,6000,1.00104465011542,2982.01791115011,6277.90479643202,0.00388960368010473,0.212242328476347,0.0183262392003874,TRUE
"posterior","dlm","ET","midpoint_1080",5,6000,1.00046100296652,4613.02778428174,9083.10804089327,0.00153955652727502,0.104481048786859,0.014735270607933,TRUE
"posterior","dlm","ET","lower_1140",5,6000,1.00020622352275,4294.99613762581,8620.08810414883,0.00261437444848974,0.171451159837389,0.0152485083855328,TRUE
"posterior","dlm","ET","upper_1140",5,6000,1.00141200853698,2823.43564276066,5221.46780611793,0.00248378430452688,0.130804217713586,0.0189885643440449,TRUE
"posterior","dlm","ET","width_1140",5,6000,1.00037753570199,3090.29557828386,6618.30588302715,0.00384568555774302,0.213749231378067,0.0179915760770199,TRUE
"posterior","dlm","ET","midpoint_1140",5,6000,1.00096781233617,4202.0894868186,7850.62152960413,0.00167630913712167,0.108767818365296,0.0154118117133857,TRUE
"posterior","dlm","ET","lower_1200",5,6000,1.00074210503588,4556.48723230553,9101.07933365241,0.00303563146310641,0.204752949907722,0.0148258252907931,TRUE
"posterior","dlm","ET","upper_1200",5,6000,1.00146480113667,3173.84425843561,6261.92842431455,0.00257903448396102,0.14504636037554,0.0177807597328443,TRUE
"posterior","dlm","ET","width_1200",5,6000,1.00051165999569,3625.34806568235,7991.58195147315,0.00407563805490313,0.24539026717654,0.0166088007556184,TRUE
"posterior","dlm","ET","midpoint_1200",5,6000,1.0014136314341,4390.26872306553,9065.0273836508,0.00193460070473128,0.128167908506027,0.0150942675688611,TRUE
"posterior","dlm","SH","mean_lower_observed",5,6000,1.00061209275199,3703.91400008074,8167.1717435689,0.00113965009315545,0.0693389710801569,0.0164359244938607,TRUE
"posterior","dlm","SH","mean_upper_observed",5,6000,1.00459736860389,998.78657833094,1925.06484267314,0.0033039677379372,0.102397697346799,0.032266035502218,FALSE
"posterior","dlm","SH","mean_width_observed",5,6000,1.00460358743961,1156.50467732235,2152.54093926738,0.00366223959594141,0.122853072492414,0.0298099145722836,TRUE
"posterior","dlm","SH","mean_midpoint_observed",5,6000,1.00206423392136,1591.57357097116,2832.90347794674,0.00160618576002059,0.0622364146700645,0.0258078131353726,TRUE
"posterior","dlm","SH","observed_mean_tilted_loss",5,6000,1.00198859980528,3821.34618248753,5343.27394817504,0.0357283208604169,2.12969071156474,0.0167762955749412,TRUE
"posterior","dlm","SH","lower_0001",5,6000,1.00023108052912,3576.16375494383,8363.89578588858,0.00289709533244543,0.172520969748753,0.016792714164919,TRUE
"posterior","dlm","SH","upper_0001",5,6000,1.0026537334972,1789.00943433839,4465.54152950357,0.00474349399366215,0.201159501431014,0.0235807603415089,TRUE
"posterior","dlm","SH","width_0001",5,6000,1.00221934776412,1835.35409433092,5123.83404413126,0.00629695341777243,0.269673549167185,0.0233502819880515,TRUE
"posterior","dlm","SH","midpoint_0001",5,6000,1.00092090484232,2971.05140446111,6724.80195553763,0.00238476148624558,0.130128241475114,0.0183262407853383,TRUE
"posterior","dlm","SH","lower_0024",5,6000,1.00046238006703,3504.30029077713,8192.80378322671,0.00265236565853821,0.156188422782634,0.0169818326562493,TRUE
"posterior","dlm","SH","upper_0024",5,6000,1.00237551843144,1721.05234308302,3761.50427924347,0.00469776805984023,0.19448323616752,0.0241551310663803,TRUE
"posterior","dlm","SH","width_0024",5,6000,1.00210940588004,1732.52272059965,4013.54144906987,0.00605804504004995,0.251742894450587,0.0240644132310914,TRUE
"posterior","dlm","SH","midpoint_0024",5,6000,1.0010605885078,2719.60083584973,5151.04621842975,0.00237511619712,0.123554259554939,0.0192232643834015,TRUE
"posterior","dlm","SH","lower_0061",5,6000,1.00083930273869,4356.24342176369,8778.30032038314,0.00204269358470288,0.135081166274909,0.0151219717821041,TRUE
"posterior","dlm","SH","upper_0061",5,6000,1.00238594451195,1446.94764869559,2597.78639191024,0.0053541020826262,0.200721621030201,0.0266742668534976,TRUE
"posterior","dlm","SH","width_0061",5,6000,1.00233602198245,1506.44739848048,2755.33711347701,0.00629247274514897,0.242536057805919,0.0259444834804082,TRUE
"posterior","dlm","SH","midpoint_0061",5,6000,1.00139969175318,2192.46607260488,3699.0220266368,0.00261436938098003,0.120673569938001,0.0216648051625821,TRUE
"posterior","dlm","SH","lower_0063",5,6000,1.00086029702699,4426.62758583946,8718.54168168981,0.00201370130319169,0.134282359874419,0.0149960225980159,TRUE
"posterior","dlm","SH","upper_0063",5,6000,1.00237160018776,1436.97549336827,2565.29792750633,0.0053873323052156,0.201239429384974,0.0267707591980375,TRUE
"posterior","dlm","SH","width_0063",5,6000,1.0023530394584,1498.0489463048,2729.42393222115,0.00631572170917634,0.242671579808233,0.0260257987942685,TRUE
"posterior","dlm","SH","midpoint_0063",5,6000,1.00139088011655,2177.71515628969,3666.56633888025,0.00262233368089289,0.120590862608493,0.0217457079597024,TRUE
"posterior","dlm","SH","lower_0121",5,6000,1.00117301514072,4902.76375716943,9024.99612060322,0.00197132414445878,0.138124065361157,0.0142721265791324,TRUE
"posterior","dlm","SH","upper_0121",5,6000,1.00207668266397,1351.94044416902,1936.78174234043,0.0059056573144899,0.211874965393984,0.0278733134115599,TRUE
"posterior","dlm","SH","width_0121",5,6000,1.00160103946426,1495.08846340501,2501.10594110801,0.00662191341458934,0.25241146270794,0.0262345986333094,TRUE
"posterior","dlm","SH","midpoint_0121",5,6000,1.00152246863558,2023.35755032013,2867.791648314,0.0028864653032539,0.126715202599005,0.0227791554924015,TRUE
"posterior","dlm","SH","lower_0174",5,6000,1.002209450944,3814.13398079877,8399.03773686181,0.00266179433729326,0.164247447997181,0.0162060011875432,TRUE
"posterior","dlm","SH","upper_0174",5,6000,1.00208397867305,1340.68273624448,2011.09044898342,0.00610309653576903,0.217110716138822,0.0281105264830257,TRUE
"posterior","dlm","SH","width_0174",5,6000,1.00179741554497,1548.20757017838,2473.39825639305,0.00678170347899525,0.264011897093704,0.0256871131704655,TRUE
"posterior","dlm","SH","midpoint_0174",5,6000,1.00242428799353,1924.00653747155,2749.23680993672,0.00329158744448677,0.140112715933263,0.0234924248135663,TRUE
"posterior","dlm","SH","lower_0181",5,6000,1.00226216150766,3705.14513766943,8263.17766083545,0.00273241487241206,0.166290739848519,0.0164315515999335,TRUE
"posterior","dlm","SH","upper_0181",5,6000,1.00246125922343,1327.48576825863,2066.07272960769,0.00614183327531085,0.217549382757006,0.0282319039359033,TRUE
"posterior","dlm","SH","width_0181",5,6000,1.00223345870882,1531.49740477038,2427.38506905039,0.00684787854305836,0.265339073522043,0.0258080291461087,TRUE
"posterior","dlm","SH","midpoint_0181",5,6000,1.00252048939969,1906.19665739284,2743.75944779658,0.0033198911897631,0.141028245625751,0.0235406118471696,TRUE
"posterior","dlm","SH","lower_0213",5,6000,1.00203123144615,3459.85982925297,7526.54612430184,0.0028478878631682,0.167570136825965,0.0169951992467844,TRUE
"posterior","dlm","SH","upper_0213",5,6000,1.00402866096523,1254.3677213439,2254.08839947416,0.00612133077894356,0.213226653147651,0.0287080938924872,TRUE
"posterior","dlm","SH","width_0213",5,6000,1.00395520321606,1435.1792558854,2759.42574438512,0.00706273326121733,0.266239381655508,0.02652775565095,TRUE
"posterior","dlm","SH","midpoint_0213",5,6000,1.00262658449688,1891.311025588,2890.13523119717,0.00322355852565246,0.138028352515466,0.0233543215354342,TRUE
"posterior","dlm","SH","lower_0241",5,6000,1.00142597555746,3386.98195757522,6873.57056142583,0.0027483821416346,0.159802449947277,0.0171986233161091,TRUE
"posterior","dlm","SH","upper_0241",5,6000,1.0048998681634,1246.89000778927,2698.23289099897,0.0056157492244304,0.197735125436198,0.0284003624143268,TRUE
"posterior","dlm","SH","width_0241",5,6000,1.00473122881318,1419.13539784541,3693.68416642278,0.00680342473194655,0.256304984761377,0.0265442544485844,TRUE
"posterior","dlm","SH","midpoint_0241",5,6000,1.00227242614288,2013.88725731677,3581.98121288567,0.00282748455100789,0.126075136790837,0.022426979839005,TRUE
"posterior","dlm","SH","lower_0301",5,6000,1.00102391541986,3122.92398173247,7266.34384579697,0.0025541944607644,0.142231655345225,0.0179579887090877,TRUE
"posterior","dlm","SH","upper_0301",5,6000,1.0032944480718,1556.48653686373,3947.53777960144,0.00402771866717296,0.159244472916477,0.0252926747999943,TRUE
"posterior","dlm","SH","width_0301",5,6000,1.00307786954216,1530.40759759548,3618.64447961443,0.00558201835659822,0.218299907807168,0.0255704109665911,TRUE
"posterior","dlm","SH","midpoint_0301",5,6000,1.00136515706151,2592.22453910833,5628.34908919129,0.00204921162614164,0.104310165042484,0.019645368457686,TRUE
"posterior","dlm","SH","lower_0361",5,6000,1.00172395068587,3692.36639479234,9256.71739438875,0.00217439288351795,0.132109155482523,0.016459062777111,TRUE
"posterior","dlm","SH","upper_0361",5,6000,1.0034426668322,1327.56429228689,2250.88970935771,0.00501867475061518,0.178741865666945,0.0280777798300854,TRUE
"posterior","dlm","SH","width_0361",5,6000,1.00345637299792,1420.63307463808,2512.35327878204,0.00594159628217103,0.221934102082108,0.0267718941182497,TRUE
"posterior","dlm","SH","midpoint_0361",5,6000,1.00193512900095,2048.46692102691,3215.09291573049,0.00250490629585552,0.111297148819971,0.0225064731883413,TRUE
"posterior","dlm","SH","lower_0413",5,6000,1.00073154757018,4736.52504777273,9673.15156725902,0.00183297484431813,0.126094431975455,0.0145365248536504,TRUE
"posterior","dlm","SH","upper_0413",5,6000,1.00213614757437,1263.37001700498,1664.96645271297,0.00560957209145625,0.190303512335205,0.0294769761347096,TRUE
"posterior","dlm","SH","width_0413",5,6000,1.00213962350502,1386.94272200265,1911.93053226341,0.00638192865091211,0.231258251827198,0.0275965445578169,TRUE
"posterior","dlm","SH","midpoint_0413",5,6000,1.00159527656501,1924.44299370938,2457.88716201251,0.00266938485662769,0.112638898838817,0.0236986057582781,TRUE
"posterior","dlm","SH","lower_0414",5,6000,1.00072164621326,4766.47471822132,9844.97763408942,0.0018281068227174,0.126173220027339,0.0144888655637171,TRUE
"posterior","dlm","SH","upper_0414",5,6000,1.00218322779308,1262.99438854955,1671.09648557367,0.00561319688931769,0.190325042682975,0.0294926868802421,TRUE
"posterior","dlm","SH","width_0414",5,6000,1.00210870964982,1388.90826830143,1902.83523170514,0.00637600072492646,0.231133686511839,0.027585770041356,TRUE
"posterior","dlm","SH","midpoint_0414",5,6000,1.00161044461263,1923.17404181807,2462.51503669146,0.00267437755101204,0.112765049558955,0.0237163692249685,TRUE
"posterior","dlm","SH","lower_0421",5,6000,1.00068749251088,4776.57833361303,10026.7976180481,0.00183961127577879,0.127090394215974,0.014474825474635,TRUE
"posterior","dlm","SH","upper_0421",5,6000,1.0023897231713,1263.94402034887,1585.78211554802,0.00563007284189824,0.190440532666805,0.0295634167950403,TRUE
"posterior","dlm","SH","width_0421",5,6000,1.00227830134904,1398.69961386792,1803.39958783978,0.00636157097182813,0.231227416586572,0.027512182879258,TRUE
"posterior","dlm","SH","midpoint_0421",5,6000,1.00167743624681,1912.13126764765,2456.94310431915,0.00270546694657582,0.113328076163275,0.0238728745617985,TRUE
"posterior","dlm","SH","lower_0424",5,6000,1.00071581230823,4741.72653125464,9873.05405269406,0.00185281490600471,0.127556005159676,0.0145255011999265,TRUE
"posterior","dlm","SH","upper_0424",5,6000,1.00263325354492,1265.84194396666,1566.77839296203,0.00563193906946605,0.190476192672529,0.0295676797737585,TRUE
"posterior","dlm","SH","width_0424",5,6000,1.00213712973825,1404.42392974319,1745.90936525365,0.00635090790164379,0.231208922665888,0.0274682647556006,TRUE
"posterior","dlm","SH","midpoint_0424",5,6000,1.00175037364288,1912.42621587983,2501.44593418721,0.00271790401949167,0.113628630782821,0.0239191830506733,TRUE
"posterior","dlm","SH","lower_0425",5,6000,1.00072814046055,4728.7022745415,10063.419994747,0.00185789143156612,0.127733489110537,0.0145450613187146,TRUE
"posterior","dlm","SH","upper_0425",5,6000,1.0026080243241,1264.63213544491,1537.11783265943,0.00563627641928946,0.190443687972929,0.0295955013226306,TRUE
"posterior","dlm","SH","width_0425",5,6000,1.00214251777764,1405.13584183739,1727.26852917489,0.0063500797790536,0.231185753352565,0.0274674355446529,TRUE
"posterior","dlm","SH","midpoint_0425",5,6000,1.00174916505107,1908.41916918494,2434.46553091586,0.00272414655568376,0.113712831845147,0.0239563689645289,TRUE
"posterior","dlm","SH","lower_0481",5,6000,1.00174108990825,4128.81596351455,8739.56218588051,0.00218608387744524,0.140880908043851,0.0155172472111324,TRUE
"posterior","dlm","SH","upper_0481",5,6000,1.00297333004928,1263.37101814183,1639.14183987171,0.00570194119690604,0.192053373218257,0.0296893571894004,TRUE
"posterior","dlm","SH","width_0481",5,6000,1.00266626803366,1498.23221134618,2073.39038933673,0.00610303821765165,0.231522431563222,0.0263604618198089,TRUE
"posterior","dlm","SH","midpoint_0481",5,6000,1.00249959375272,1800.01605938681,2395.36006161778,0.00303443158903371,0.122332763921399,0.0248047333499584,TRUE
"posterior","dlm","SH","lower_0541",5,6000,1.00099147909966,3954.03623428763,7991.87220589976,0.00221371073637251,0.139050397854411,0.0159202042606906,TRUE
"posterior","dlm","SH","upper_0541",5,6000,1.00564115543748,1206.20469987298,2561.56890239259,0.00519086487587917,0.180009593681578,0.0288366012594938,TRUE
"posterior","dlm","SH","width_0541",5,6000,1.00523671344633,1386.10212907651,3225.56240606167,0.00613697946280551,0.228429876646347,0.0268659229383848,TRUE
"posterior","dlm","SH","midpoint_0541",5,6000,1.00251780093126,1971.01426211159,3770.02948933,0.00257307535551723,0.113243902018043,0.0227215356382481,TRUE
"posterior","dlm","SH","lower_0600",5,6000,1.00136002714754,3472.78650473282,7766.25831159155,0.00243366105503881,0.142937931866141,0.0170259987902854,TRUE
"posterior","dlm","SH","upper_0600",5,6000,1.00376283717219,1570.42359804135,3287.40839112198,0.00398632488036842,0.15808550821645,0.0252162574883863,TRUE
"posterior","dlm","SH","width_0600",5,6000,1.00316874703634,1574.73821185414,3554.43939396238,0.00537161613966381,0.212930966697501,0.0252270311968994,TRUE
"posterior","dlm","SH","midpoint_0600",5,6000,1.00215371688571,2668.12701406975,5195.66858519997,0.00206900224476722,0.106659462742076,0.0193982061373259,TRUE
"posterior","dlm","SH","lower_0660",5,6000,1.00225489529637,3419.44012473709,7894.42321752039,0.00250698793575226,0.146081411805192,0.0171615806882772,TRUE
"posterior","dlm","SH","upper_0660",5,6000,1.00425093748542,1300.07996463079,2172.11680423139,0.00515372456348856,0.181793831877302,0.0283492817675297,TRUE
"posterior","dlm","SH","width_0660",5,6000,1.00430830290438,1362.84507642401,2535.45253092264,0.00632001097917675,0.230527121431677,0.0274154769292509,TRUE
"posterior","dlm","SH","midpoint_0660",5,6000,1.00219280966409,2165.08551707811,3385.12841665038,0.00257522417938045,0.117935150243351,0.0218359341898209,TRUE
"posterior","dlm","SH","lower_0720",5,6000,1.00060035291069,4113.89139338612,8223.91678612145,0.00213457493938669,0.137004821952211,0.0155802905983211,TRUE
"posterior","dlm","SH","upper_0720",5,6000,1.0022773733493,1224.96884510596,1504.64043155309,0.00569086579837217,0.187579201520504,0.0303384690426358,TRUE
"posterior","dlm","SH","width_0720",5,6000,1.00248234782082,1350.79505686538,1835.67983146216,0.00666110642223179,0.236462142237285,0.0281698641448808,TRUE
"posterior","dlm","SH","midpoint_0720",5,6000,1.0011387183514,1986.18896373616,2462.88861847052,0.00268519659680978,0.114015581666508,0.0235511371126791,TRUE
"posterior","dlm","SH","lower_0780",5,6000,1.00111497096259,4501.57585038406,9400.64929821546,0.00202437823330444,0.135893685353569,0.0148967792582665,TRUE
"posterior","dlm","SH","upper_0780",5,6000,1.00307933580912,1210.28601324631,1583.41426981002,0.00574635568477488,0.185187512559205,0.0310299307192095,TRUE
"posterior","dlm","SH","width_0780",5,6000,1.00297868711532,1447.6491067197,1918.64758612148,0.00617034231716237,0.224882221050381,0.0274381064378585,TRUE
"posterior","dlm","SH","midpoint_0780",5,6000,1.00207958090397,1744.28158982658,2282.55500118374,0.002962570140703,0.117208152136624,0.0252761440795489,TRUE
"posterior","dlm","SH","lower_0833",5,6000,1.00075860874833,5110.29926439591,9585.68194793192,0.00180978080999671,0.128760606239789,0.0140553921175735,TRUE
"posterior","dlm","SH","upper_0833",5,6000,1.00569802540787,1202.30001854683,2536.49189981943,0.00530507213322533,0.182434764167018,0.0290792829834152,TRUE
"posterior","dlm","SH","width_0833",5,6000,1.00500581419152,1412.90072994991,2867.56986641324,0.00588932209448934,0.220083519212748,0.0267594871054216,TRUE
"posterior","dlm","SH","midpoint_0833",5,6000,1.00310303386771,1842.32764224725,3506.76727197852,0.00266571285451389,0.113232855614833,0.0235418672437393,TRUE
"posterior","dlm","SH","lower_0834",5,6000,1.00073023369939,5102.57917264837,9298.80991396435,0.00181016501657996,0.128685073778297,0.0140666276471083,TRUE
"posterior","dlm","SH","upper_0834",5,6000,1.00573468959109,1205.67395181187,2519.44303798995,0.00528754455004702,0.18221821371114,0.0290176511028094,TRUE
"posterior","dlm","SH","width_0834",5,6000,1.005004332617,1413.2010769809,2930.7042882234,0.00588352976783326,0.219973536570791,0.0267465344220614,TRUE
"posterior","dlm","SH","midpoint_0834",5,6000,1.00312419892505,1858.71359094502,3471.9148126327,0.0026472090797797,0.113068888792793,0.0234123560251035,TRUE
"posterior","dlm","SH","lower_0840",5,6000,1.00069067357625,5037.0421845964,9321.00366007373,0.00181669386256729,0.128388768526954,0.014149943826168,TRUE
"posterior","dlm","SH","upper_0840",5,6000,1.00574965554089,1218.49775611998,2692.81900965175,0.00520058347690746,0.18082451974658,0.0287603887138532,TRUE
"posterior","dlm","SH","width_0840",5,6000,1.00500597690799,1414.44457047819,3104.43546739643,0.00584870569934866,0.219246464070161,0.0266763969223103,TRUE
"posterior","dlm","SH","midpoint_0840",5,6000,1.00307062285891,1922.76746349204,3713.00413556762,0.002574042687536,0.112130898555695,0.0229556948235592,TRUE
"posterior","dlm","SH","lower_0844",5,6000,1.00063268237231,4960.27562011913,9161.20151746871,0.00182837099798908,0.128278155652689,0.014253174975008,TRUE
"posterior","dlm","SH","upper_0844",5,6000,1.00577616181032,1234.57295591831,2795.91561991941,0.00512839171833304,0.179825374257223,0.0285187323508492,TRUE
"posterior","dlm","SH","width_0844",5,6000,1.00493601728854,1423.72408989587,3176.80012301673,0.00580965641344046,0.218772213053786,0.0265557327063841,TRUE
"posterior","dlm","SH","midpoint_0844",5,6000,1.0031057647111,1959.55314539884,4171.07936923871,0.00253155986908117,0.111493968092853,0.0227058011512593,TRUE
"posterior","dlm","SH","lower_0845",5,6000,1.00063333627785,4939.74910593589,9198.38341780408,0.00183189582060451,0.12828409092159,0.0142799922222952,TRUE
"posterior","dlm","SH","upper_0845",5,6000,1.00574274221663,1238.32238967975,2841.21597408053,0.00510967176968703,0.179502538125901,0.0284657354878356,TRUE
"posterior","dlm","SH","width_0845",5,6000,1.00491730451098,1424.97401114798,3215.33245044603,0.00580107852797115,0.218589155145732,0.0265387298107429,TRUE
"posterior","dlm","SH","midpoint_0845",5,6000,1.00307576653842,1972.76369938994,4130.85514925034,0.00251866458025102,0.111326905560958,0.0226240419381091,TRUE
"posterior","dlm","SH","lower_0900",5,6000,1.00159060040743,3482.44310091571,8151.07825183846,0.00249493365370288,0.146936219607534,0.0169797049384205,TRUE
"posterior","dlm","SH","upper_0900",5,6000,1.00353422226089,1607.30405381051,2949.41622869325,0.00444573381777545,0.177359456319708,0.0250662350349201,TRUE
"posterior","dlm","SH","width_0900",5,6000,1.00283653579666,1719.42015510493,3339.26222451215,0.00538748171557385,0.222483497863685,0.0242151969350768,TRUE
"posterior","dlm","SH","midpoint_0900",5,6000,1.00270969360664,2475.27446429085,4508.92699986036,0.00239996526317805,0.118947837239156,0.0201766195912641,TRUE
"posterior","dlm","SH","lower_0960",5,6000,1.00192212424316,3190.44576501786,7665.25271090522,0.00301028998539039,0.169702237978513,0.0177386581417479,TRUE
"posterior","dlm","SH","upper_0960",5,6000,1.0039205315729,1367.36774235406,2188.19549910825,0.00573928665481078,0.20816521423777,0.0275708248173264,TRUE
"posterior","dlm","SH","width_0960",5,6000,1.0040704147406,1397.79945233473,2298.7478866351,0.0070768536662955,0.262314866883935,0.0269784696169232,TRUE
"posterior","dlm","SH","midpoint_0960",5,6000,1.00220815727761,2277.36909130741,3744.17048959696,0.00290700945555848,0.137344569057907,0.0211658129294711,TRUE
"posterior","dlm","SH","lower_1020",5,6000,1.00045166859155,3665.44659824487,7468.90520953581,0.002747432344216,0.166188189943026,0.0165320552871892,TRUE
"posterior","dlm","SH","upper_1020",5,6000,1.00256802765487,1297.31569296947,1739.5685411529,0.00615247416819812,0.20783415500944,0.0296028059869114,TRUE
"posterior","dlm","SH","width_1020",5,6000,1.00244893090333,1380.785680995,2013.33448038157,0.00750631983701322,0.270820011013747,0.0277170058775022,TRUE
"posterior","dlm","SH","midpoint_1020",5,6000,1.00115927114455,2214.92153027618,2845.62834222607,0.00288077208067409,0.130655675885673,0.022048579682025,TRUE
"posterior","dlm","SH","lower_1080",5,6000,1.00042260060554,4389.24943668106,8938.31868120088,0.002266035470016,0.150063670115026,0.015100493465734,TRUE
"posterior","dlm","SH","upper_1080",5,6000,1.00272407783085,1238.0519965741,1654.7757081978,0.00611929893901995,0.198934548153894,0.0307603631234838,TRUE
"posterior","dlm","SH","width_1080",5,6000,1.00191571548706,1487.22310980204,1745.86932259999,0.00676857455632505,0.249484918696452,0.027130195250641,TRUE
"posterior","dlm","SH","midpoint_1080",5,6000,1.00206068312346,1741.14554338378,2417.79587166557,0.00310358370919506,0.124444158579456,0.0249395692383059,TRUE
"posterior","dlm","SH","lower_1140",5,6000,1.00042565068592,5237.77762651707,10432.3118560075,0.00190241957598544,0.137574963500376,0.0138282397289551,TRUE
"posterior","dlm","SH","upper_1140",5,6000,1.00403046691509,1351.9202006003,3126.89333973351,0.00559275045976161,0.20473605143271,0.0273168815195196,TRUE
"posterior","dlm","SH","width_1140",5,6000,1.00296201788805,1575.59508722781,2908.30937068586,0.00624630422422427,0.246445735966917,0.0253455560905415,TRUE
"posterior","dlm","SH","midpoint_1140",5,6000,1.00289993457397,2080.41284015145,4829.97508312486,0.00271970904790596,0.123442235378029,0.0220322407446457,TRUE
"posterior","dlm","SH","lower_1200",5,6000,1.00153936950013,3965.02925269245,8967.20993830844,0.00291829375292267,0.183450496701781,0.0159077996810588,TRUE
"posterior","dlm","SH","upper_1200",5,6000,1.00259243917469,1756.64560515591,3576.09115281014,0.00534402467850245,0.222273831673985,0.0240425273558099,TRUE
"posterior","dlm","SH","width_1200",5,6000,1.00189177162694,1922.70455071798,4138.80864827923,0.00637562059109846,0.278461812139002,0.022895852548413,TRUE
"posterior","dlm","SH","midpoint_1200",5,6000,1.00251598457689,2642.73031429572,5033.91106685801,0.00290816212920731,0.148810702869949,0.0195426946659129,TRUE
